row_index,sequence_id,record_id,window_start,y_true,y_true_label,y_prev,y_prev_label,y_pred,y_pred_label,y_pred_conf,proba_N,proba_LBBB,proba_RBBB,proba_APC,proba_AESC,proba_ABERR,proba_NPC,proba_NESC
0,102_00000,102,0,0,N,0,N,0,N,0.99904746,0.99904746,3.710886e-07,3.3602942e-07,0.00045822305,7.6142114e-06,6.581735e-05,0.00029735503,0.00012280456
1,102_00001,102,1,0,N,0,N,0,N,0.9993524,0.9993524,1.7332765e-07,1.2408706e-06,0.00051499583,7.8335097e-07,6.558383e-05,2.5407733e-05,3.939019e-05
2,102_00002,102,2,0,N,0,N,0,N,0.9996012,0.9996012,1.1668862e-07,2.5469498e-07,0.00019523776,3.550615e-06,9.081686e-05,5.338725e-05,5.5478024e-05
3,102_00003,102,3,0,N,0,N,0,N,0.999375,0.999375,1.4529209e-07,2.5438928e-07,0.000372398,6.1640408e-06,8.511216e-05,0.000110798515,5.0054667e-05
4,102_00004,102,4,0,N,0,N,0,N,0.99892884,0.99892884,1.7333913e-07,8.0606685e-07,0.00058288645,5.609559e-06,0.00026616312,0.0001039109,0.00011150138
5,102_00005,102,5,0,N,0,N,0,N,0.9993643,0.9993643,3.1791137e-07,1.6801367e-06,0.0002570782,1.1354045e-05,0.0001463736,0.00016343223,5.5529395e-05
6,102_00006,102,6,0,N,0,N,0,N,0.9985266,0.9985266,4.9380935e-07,5.590307e-07,0.00056509016,5.0403654e-05,0.00013828176,0.0005980624,0.00012058814
7,102_00007,102,7,0,N,0,N,0,N,0.9981383,0.9981383,2.4431693e-06,1.2459486e-06,0.0009900817,6.1553415e-05,0.0003084803,0.0003686892,0.00012928428
8,102_00008,102,8,0,N,0,N,0,N,0.99934334,0.99934334,2.3757246e-07,6.4440104e-07,0.0004200893,4.164923e-06,6.668746e-05,0.0001075344,5.729886e-05
9,102_00009,102,9,0,N,0,N,0,N,0.99951696,0.99951696,7.986269e-08,4.2108022e-07,0.00025834717,2.6566481e-06,4.6349985e-05,0.00011814332,5.7046098e-05
10,102_00010,102,10,0,N,0,N,0,N,0.99881274,0.99881274,3.1488287e-07,8.8148005e-07,0.0005830099,6.3480675e-06,0.0002683185,0.00016520741,0.0001631798
11,102_00011,102,11,0,N,0,N,0,N,0.9990696,0.9990696,2.1836493e-07,1.0944079e-06,0.00048058003,4.6880377e-06,0.00019920932,0.00011166981,0.00013308425
12,102_00012,102,12,0,N,0,N,0,N,0.9978889,0.9978889,1.820089e-06,1.8668082e-06,0.0009123056,4.0350893e-05,0.00020350933,0.00058409636,0.00036710332
13,102_00013,102,13,0,N,0,N,0,N,0.9978324,0.9978324,3.6602294e-06,1.1366633e-06,0.00073495775,8.182021e-05,0.00019011655,0.0008962485,0.0002596036
14,102_00014,102,14,0,N,0,N,0,N,0.9989666,0.9989666,8.132506e-07,7.27106e-07,0.0006817598,8.083904e-06,4.932709e-05,0.00021321388,7.9470046e-05
15,102_00015,102,15,0,N,0,N,0,N,0.99928045,0.99928045,2.2839453e-07,3.1396917e-07,0.0003817453,7.788369e-06,8.4072446e-05,0.0001610429,8.430271e-05
16,102_00016,102,16,0,N,0,N,0,N,0.99945605,0.99945605,2.5706805e-07,5.402876e-07,0.00030986118,5.3309577e-06,0.00013146386,6.0761293e-05,3.5543566e-05
17,102_00017,102,17,0,N,0,N,0,N,0.9994502,0.9994502,2.607353e-07,4.2225966e-07,0.0002410574,2.0275455e-05,0.00014888852,0.00010231319,3.6661902e-05
18,102_00018,102,18,0,N,0,N,0,N,0.99923795,0.99923795,7.846803e-07,4.0003275e-07,0.0004257036,2.361887e-05,0.0001577511,0.000107698026,4.6031902e-05
19,102_00019,102,19,0,N,0,N,0,N,0.99912924,0.99912924,7.1530695e-07,6.7502987e-07,0.0005105077,2.0400968e-05,0.00017460754,9.801799e-05,6.593231e-05
20,102_00020,102,20,0,N,0,N,0,N,0.9988878,0.9988878,2.334726e-06,7.786388e-07,0.0005122957,7.2624825e-05,0.0001592628,0.0002812492,8.362527e-05
21,102_00021,102,21,0,N,0,N,0,N,0.9980014,0.9980014,6.8384215e-06,1.3066624e-06,0.00090097956,0.0001377712,0.0001989599,0.0005745799,0.00017811413
22,102_00022,102,22,0,N,0,N,0,N,0.998375,0.998375,2.54969e-06,8.9756907e-07,0.0005178019,8.391252e-05,0.00015090719,0.0007447702,0.00012426836
23,102_00023,102,23,0,N,0,N,0,N,0.999186,0.999186,9.4527144e-07,6.715097e-07,0.0004072868,1.7975613e-05,0.00014359449,0.00018813497,5.5487195e-05
24,102_00024,102,24,0,N,0,N,0,N,0.9992782,0.9992782,2.9990008e-07,4.971828e-07,0.00039884896,1.2004981e-05,0.00013885832,0.00010402071,6.725273e-05
25,102_00025,102,25,0,N,0,N,0,N,0.99896955,0.99896955,1.3272239e-06,1.8920894e-06,0.00043280137,5.281019e-05,0.00029477218,0.0001929277,5.4038166e-05
26,102_00026,102,26,0,N,0,N,0,N,0.99838024,0.99838024,1.7689208e-06,6.425876e-07,0.00088611024,5.0726423e-05,0.00017273262,0.0003140154,0.00019391702
27,102_00027,102,27,0,N,0,N,0,N,0.99749863,0.99749863,8.107451e-06,2.9317189e-06,0.0008759669,0.00017384924,0.00019480054,0.0010937459,0.00015202147
28,102_00028,102,28,0,N,0,N,0,N,0.9980592,0.9980592,1.7812035e-06,7.3686857e-07,0.00077489525,4.552866e-05,0.00013065898,0.000787445,0.00019969608
29,102_00029,102,29,0,N,0,N,0,N,0.99897254,0.99897254,6.1676576e-07,6.30499e-07,0.00049494003,1.6231128e-05,0.00012826693,0.00029046356,9.642675e-05
30,102_00030,102,30,0,N,0,N,0,N,0.99829817,0.99829817,2.7416788e-06,2.1504134e-06,0.00090918964,3.8349765e-05,0.000294926,0.0002693868,0.00018514702
31,102_00031,102,31,0,N,0,N,0,N,0.9982466,0.9982466,5.546007e-06,2.1393876e-06,0.0006104659,0.00010946397,0.00019748851,0.00063017156,0.00019806775
32,102_00032,102,32,0,N,0,N,0,N,0.99477977,0.99477977,2.7458824e-05,2.546133e-06,0.0017838624,0.00031272936,0.00018441446,0.0024402468,0.00046886216
33,102_00033,102,33,0,N,0,N,0,N,0.9956025,0.9956025,2.3817445e-05,3.9278457e-06,0.0014802057,0.00027393026,0.00023802267,0.0020506482,0.00032702877
34,102_00034,102,34,0,N,0,N,0,N,0.99411076,0.99411076,2.2998514e-05,4.237958e-06,0.0015403014,0.00034779435,0.00020591165,0.0033090238,0.0004589093
35,102_00035,102,35,0,N,0,N,0,N,0.9968781,0.9968781,1.153355e-05,1.3160885e-06,0.0009075159,0.00028024043,0.00013228774,0.0016310037,0.00015813106
36,102_00036,102,36,0,N,0,N,0,N,0.9988076,0.9988076,1.7009611e-06,4.5607004e-07,0.00091591506,1.8586854e-05,8.151469e-05,0.00010759766,6.6610985e-05
37,102_00037,102,37,0,N,0,N,0,N,0.9990558,0.9990558,1.3400908e-06,5.2030003e-07,0.0005848859,2.8237822e-05,0.00011966017,0.00013521696,7.433973e-05
38,102_00038,102,38,0,N,0,N,0,N,0.99758995,0.99758995,5.698422e-06,2.4431713e-06,0.0011263825,0.00010161427,0.0003008395,0.0006100983,0.00026297107
39,102_00039,102,39,0,N,0,N,0,N,0.99834776,0.99834776,2.3866896e-06,1.5188398e-06,0.0008784132,4.6218694e-05,0.00014455698,0.000402431,0.00017669954
40,102_00040,102,40,0,N,0,N,0,N,0.9965285,0.9965285,6.3492494e-06,1.3651619e-06,0.0012880875,0.00015371047,0.0001771557,0.0014827444,0.0003621076
41,102_00041,102,41,0,N,0,N,0,N,0.99610037,0.99610037,2.6990612e-05,3.1245065e-06,0.0014179519,0.00037136895,0.0002565124,0.0015519906,0.00027173225
42,102_00042,102,42,0,N,0,N,0,N,0.99806875,0.99806875,3.5571945e-06,1.1338369e-06,0.0009947285,5.523572e-05,0.00012498187,0.00056662335,0.00018505151
43,102_00043,102,43,0,N,0,N,0,N,0.9974412,0.9974412,5.6506133e-06,1.551582e-06,0.0010977656,0.00011200946,0.00012644866,0.0010027837,0.00021255681
44,102_00044,102,44,0,N,0,N,0,N,0.9990676,0.9990676,3.6615134e-07,3.6960319e-07,0.00052755943,7.4965724e-06,6.7326146e-05,0.00022147236,0.00010787856
45,102_00045,102,45,0,N,0,N,0,N,0.99944866,0.99944866,1.2565427e-07,5.938191e-07,0.00039459692,1.1424057e-06,7.433719e-05,3.625944e-05,4.431217e-05
46,102_00046,102,46,0,N,0,N,0,N,0.9986489,0.9986489,1.1896708e-06,1.4957718e-06,0.0006104178,5.6784633e-05,0.00034895114,0.00017553278,0.00015674927
47,102_00047,102,47,0,N,0,N,0,N,0.99858606,0.99858606,2.5570648e-06,5.81765e-07,0.00048680214,0.00016501201,0.00015554413,0.00051833683,8.519369e-05
48,102_00048,102,48,0,N,0,N,0,N,0.9989893,0.9989893,7.220443e-07,3.7658387e-07,0.00081571133,6.948227e-06,7.835968e-05,6.5933134e-05,4.2661315e-05
49,102_00049,102,49,0,N,0,N,0,N,0.99906677,0.99906677,8.294773e-07,4.162454e-07,0.00060946424,1.8261699e-05,0.0001547668,7.100528e-05,7.858002e-05
50,102_00050,102,50,0,N,0,N,0,N,0.9986139,0.9986139,1.0140118e-06,8.662522e-07,0.00070087356,2.5532776e-05,0.00017660444,0.0003194455,0.00016182859
51,102_00051,102,51,0,N,0,N,0,N,0.9988118,0.9988118,8.0704535e-07,1.7102919e-06,0.0007040616,1.042534e-05,0.00012558696,0.00022687917,0.0001186056
52,102_00052,102,52,0,N,0,N,0,N,0.9993704,0.9993704,1.5269075e-07,2.3385944e-07,0.00032264562,7.901022e-06,6.830254e-05,0.00016434019,6.602386e-05
53,102_00053,102,53,0,N,0,N,0,N,0.9992935,0.9992935,1.6503341e-07,4.4312299e-07,0.0004121492,4.7780036e-06,0.000118038864,0.00010399989,6.695018e-05
54,102_00054,102,54,0,N,0,N,0,N,0.9986194,0.9986194,1.0466268e-06,2.3804048e-06,0.00079216604,1.5109411e-05,0.0003756435,7.286856e-05,0.00012144547
55,102_00055,102,55,0,N,0,N,0,N,0.998338,0.998338,3.418826e-06,1.073019e-06,0.0005363901,9.182213e-05,0.00014333517,0.0006950535,0.00019082498
56,102_00056,102,56,0,N,0,N,0,N,0.9979443,0.9979443,1.3074465e-06,4.7407832e-07,0.001489446,8.634424e-06,7.454666e-05,0.00027585437,0.00020532314
57,102_00057,102,57,0,N,0,N,0,N,0.9993616,0.9993616,2.7017995e-07,8.009581e-07,0.0004262946,5.6062813e-06,6.3544e-05,0.00010241129,3.9517014e-05
58,102_00058,102,58,0,N,0,N,0,N,0.9990507,0.9990507,4.157642e-07,3.6485474e-07,0.00049964344,1.3317054e-05,0.00012794306,0.00020174256,0.0001058553
59,102_00059,102,59,0,N,0,N,0,N,0.9995319,0.9995319,1.3907045e-07,3.9813224e-07,0.00027344722,4.085811e-06,7.3458694e-05,7.552075e-05,4.1021096e-05
60,102_00060,102,60,0,N,0,N,0,N,0.99950314,0.99950314,6.4522084e-08,3.933542e-07,0.00033443052,9.174553e-07,9.038821e-05,2.8404344e-05,4.2254876e-05
61,102_00061,102,61,0,N,0,N,0,N,0.9993041,0.9993041,1.5844599e-07,5.114562e-07,0.00030695193,6.0172706e-06,0.00020298793,8.150942e-05,9.773046e-05
62,102_00062,102,62,0,N,0,N,0,N,0.99775076,0.99775076,4.4664635e-06,4.47616e-06,0.0009613791,0.000113504306,0.00033783837,0.0006326341,0.00019501374
63,102_00063,102,63,0,N,0,N,0,N,0.9954646,0.9954646,1.5226219e-05,2.1347585e-06,0.0013761747,0.0002597903,0.00022033342,0.002078944,0.00058277824
64,102_00064,102,64,0,N,0,N,0,N,0.99639714,0.99639714,7.043752e-06,1.5918887e-06,0.0013867874,6.683563e-05,0.00013949616,0.0016136146,0.00038740083
65,102_00065,102,65,0,N,0,N,0,N,0.99879795,0.99879795,7.196473e-07,1.1057192e-06,0.0006764156,8.9288005e-06,5.1088482e-05,0.0003573004,0.00010650811
66,102_00066,102,66,0,N,0,N,0,N,0.99887544,0.99887544,4.816225e-07,4.6315105e-07,0.0005937262,1.5231356e-05,0.00014278921,0.0002430706,0.00012881933
67,102_00067,102,67,0,N,0,N,0,N,0.99892586,0.99892586,1.2519123e-06,8.1336174e-07,0.00047587822,2.8867753e-05,0.00019978506,0.00026605115,0.00010158533
68,102_00068,102,68,0,N,0,N,0,N,0.9990871,0.9990871,6.955309e-07,6.735886e-07,0.00044050562,2.058909e-05,0.00015571185,0.00021497437,7.98057e-05
69,102_00069,102,69,0,N,0,N,0,N,0.9986428,0.9986428,1.1840224e-06,7.909585e-07,0.00082630344,2.629351e-05,0.00016851365,0.00020646252,0.00012766501
70,102_00070,102,70,0,N,0,N,0,N,0.9977899,0.9977899,6.335449e-06,2.416327e-06,0.00076931866,0.00013349917,0.00021236687,0.0008878641,0.00019829876
71,102_00071,102,71,0,N,0,N,0,N,0.99527574,0.99527574,3.9865907e-05,3.871817e-06,0.0013698334,0.0004979424,0.00025984235,0.002177537,0.00037537425
72,102_00072,102,72,0,N,0,N,0,N,0.9981858,0.9981858,4.068814e-06,8.778121e-07,0.0009860881,4.0639996e-05,9.277064e-05,0.0005460629,0.00014355639
73,102_00073,102,73,0,N,0,N,0,N,0.99841535,0.99841535,1.6070749e-06,1.096737e-06,0.00081176974,2.7985803e-05,8.1817045e-05,0.00047762503,0.0001827598
74,102_00074,102,74,0,N,0,N,0,N,0.998281,0.998281,1.6321957e-06,1.4623821e-06,0.00093214767,2.1720498e-05,0.00018542621,0.00037155318,0.00020497797
75,102_00075,102,75,0,N,0,N,0,N,0.9989427,0.9989427,9.1794783e-07,9.09178e-07,0.00062695076,1.2456494e-05,0.000106126565,0.00020898606,0.0001009866
76,102_00076,102,76,0,N,0,N,0,N,0.9981154,0.9981154,3.513275e-06,1.3340918e-06,0.00089400884,0.000121304096,0.00017172394,0.0005117361,0.00018104033
77,102_00077,102,77,0,N,0,N,0,N,0.9964303,0.9964303,1.1750736e-05,1.7243273e-06,0.0012249214,0.00026457885,0.00028166795,0.0014907626,0.00029430483
78,102_00078,102,78,0,N,0,N,0,N,0.9987988,0.9987988,7.960603e-07,7.946601e-07,0.0007341136,1.02463155e-05,6.64391e-05,0.00031141323,7.743532e-05
79,102_00079,102,79,0,N,0,N,0,N,0.99801135,0.99801135,1.1542813e-06,1.4981965e-06,0.0011662248,3.4582965e-05,0.00019495997,0.00036312747,0.00022710807
80,102_00080,102,80,0,N,0,N,0,N,0.99694055,0.99694055,2.7388958e-06,1.644246e-06,0.00088240765,8.9759684e-05,0.00016901694,0.0015613665,0.00035250522
81,102_00081,102,81,0,N,0,N,0,N,0.99921846,0.99921846,1.3930875e-07,3.3672825e-07,0.00057764427,1.2617734e-06,4.0781597e-05,9.3371826e-05,6.783668e-05
82,102_00082,102,82,0,N,0,N,0,N,0.99901783,0.99901783,2.3433007e-07,4.2007878e-07,0.000610358,8.062775e-06,0.00015260596,0.00010662456,0.000103839506
83,102_00083,102,83,0,N,0,N,0,N,0.9983688,0.9983688,1.1234974e-06,8.617193e-07,0.0007448849,4.5626162e-05,0.00032732938,0.00031685334,0.00019457335
84,102_00084,102,84,0,N,0,N,0,N,0.99794483,0.99794483,3.1695145e-06,2.0362088e-06,0.0010396115,3.4645225e-05,0.00013838029,0.00058422075,0.00025320813
85,102_00085,102,85,0,N,0,N,0,N,0.9947539,0.9947539,1.9825868e-05,3.1569884e-06,0.001280583,0.00034123825,0.00018019776,0.0029193615,0.000501705
86,102_00086,102,86,0,N,0,N,0,N,0.995502,0.995502,1.1251854e-05,1.4769612e-06,0.0016986374,0.00017472269,0.00019253435,0.0020238983,0.00039557152
87,102_00087,102,87,0,N,0,N,0,N,0.99736106,0.99736106,7.849782e-06,3.0887566e-06,0.0010289054,0.00012397807,0.00015343215,0.0011585186,0.00016309996
88,102_00088,102,88,0,N,0,N,0,N,0.99910635,0.99910635,4.67173e-07,2.4636938e-07,0.0003989955,2.678485e-05,5.886166e-05,0.00034644757,6.186187e-05
89,102_00089,102,89,0,N,0,N,0,N,0.99904424,0.99904424,3.6953287e-07,7.7877934e-07,0.0005989482,6.758875e-06,0.00015022751,0.00012028681,7.826615e-05
90,102_00090,102,90,0,N,0,N,0,N,0.99913347,0.99913347,3.7583197e-07,7.8654307e-07,0.00048006952,7.2462685e-06,0.00019868642,8.703716e-05,9.2353635e-05
91,102_00091,102,91,0,N,0,N,0,N,0.9986277,0.9986277,7.144619e-07,7.361487e-07,0.00070899935,1.7017834e-05,0.00014428317,0.00030918184,0.00019126304
92,102_00092,102,92,0,N,0,N,0,N,0.9965347,0.9965347,3.3395506e-06,2.4946044e-06,0.001394049,7.671976e-05,0.00022717185,0.0012525388,0.0005090492
93,102_00093,102,93,0,N,0,N,0,N,0.99636686,0.99636686,4.018668e-06,2.9556527e-06,0.0010445574,6.980901e-05,0.000114590366,0.0020512363,0.00034584178
94,102_00094,102,94,0,N,0,N,0,N,0.9971061,0.9971061,1.6361247e-06,1.0444629e-06,0.0011233909,3.4241642e-05,9.8710625e-05,0.0013667897,0.00026813935
95,102_00095,102,95,0,N,0,N,0,N,0.9983027,0.9983027,1.7270321e-06,9.233458e-07,0.00068786676,4.3995853e-05,0.00014421598,0.0006623129,0.00015621107
96,104_00000,104,0,0,N,0,N,0,N,0.9704136,0.9704136,0.00041992648,0.0016849347,0.013756272,0.0031241872,0.004715978,0.0031822429,0.0027026862
97,104_00001,104,1,0,N,0,N,0,N,0.9886187,0.9886187,0.000105254156,0.00015769088,0.0035184473,0.004543776,0.0007428236,0.0018885948,0.00042463405
98,104_00002,104,2,0,N,0,N,0,N,0.98515064,0.98515064,0.00028818654,0.00035626354,0.0058155046,0.0044947695,0.0023788488,0.0010076455,0.0005081776
99,104_00003,104,3,0,N,0,N,0,N,0.9926008,0.9926008,0.0001128446,0.00013094909,0.0034688695,0.0019512931,0.0007323534,0.0005932714,0.00040961616
100,104_00004,104,4,0,N,0,N,0,N,0.9589858,0.9589858,0.00045153731,0.0013011611,0.015936574,0.0134457415,0.0027558892,0.005943013,0.0011801199
101,104_00005,104,5,0,N,0,N,0,N,0.858557,0.858557,0.0013125027,0.010521431,0.012616757,0.03662424,0.0021222967,0.07255268,0.005693148
102,104_00006,104,6,0,N,0,N,0,N,0.93345827,0.93345827,0.0032017047,0.010599986,0.0032765747,0.018112479,0.0003699247,0.028563092,0.002418067
103,104_00007,104,7,0,N,0,N,0,N,0.9762429,0.9762429,0.002414286,0.00021656496,0.016646726,0.00016149384,0.0005585497,0.00048523056,0.0032741793
104,104_00008,104,8,0,N,0,N,0,N,0.97349423,0.97349423,0.01003544,0.0013234022,0.0010726174,7.440017e-05,0.0004468436,0.0007405858,0.012812483
105,104_00009,104,9,0,N,0,N,0,N,0.8905578,0.8905578,0.0017625294,0.06694143,0.005674913,0.000333003,0.0056381444,0.010287731,0.018804299
106,104_00010,104,10,0,N,0,N,0,N,0.95722383,0.95722383,0.0001739913,0.013482036,0.011009701,0.00028764608,0.0063835857,0.002391678,0.009047489
107,104_00011,104,11,0,N,0,N,0,N,0.9778684,0.9778684,0.00039557615,0.0035275514,0.0029291627,0.0045639244,0.0021507195,0.006749618,0.0018151682
108,104_00012,104,12,0,N,0,N,0,N,0.98349756,0.98349756,0.0010681777,0.0015432835,0.0025088526,0.0018915973,0.00076902384,0.0071573625,0.0015641944
109,104_00013,104,13,0,N,0,N,0,N,0.9917758,0.9917758,0.00014303582,0.001426295,0.0030861567,0.00039507227,0.0013505693,0.00089021615,0.0009328469
110,104_00014,104,14,0,N,0,N,0,N,0.98045933,0.98045933,0.00021420346,0.00013635104,0.013862341,0.0020790487,0.0021362796,0.0004984323,0.0006140416
111,104_00015,104,15,0,N,0,N,0,N,0.9799724,0.9799724,0.0004312345,0.00013818969,0.0016185597,0.01346089,0.00078698137,0.0029197745,0.0006719622
112,104_00016,104,16,0,N,0,N,0,N,0.97981274,0.97981274,0.00019789475,0.00011692918,0.013388122,0.0022174981,0.0009554332,0.0025205943,0.00079083384
113,104_00017,104,17,0,N,0,N,0,N,0.9831305,0.9831305,0.000521259,0.0002091241,0.0074226717,0.004055301,0.0006058332,0.0029600598,0.0010953323
114,104_00018,104,18,0,N,0,N,0,N,0.9783678,0.9783678,0.00012667225,0.00043018366,0.006474329,0.0043762573,0.0037732443,0.005165242,0.0012862682
115,104_00019,104,19,0,N,0,N,0,N,0.95859504,0.95859504,0.00018411544,0.00061815477,0.011622419,0.009994149,0.0024956272,0.0149251325,0.0015653834
116,104_00020,104,20,0,N,0,N,0,N,0.9752566,0.9752566,7.5550524e-05,0.00027650205,0.0044432417,0.0077456785,0.0017454906,0.009950942,0.00050595816
117,104_00021,104,21,0,N,0,N,0,N,0.98723257,0.98723257,3.531946e-05,7.389081e-05,0.0058718226,0.0021075716,0.0034742963,0.0005729309,0.0006315179
118,104_00022,104,22,0,N,0,N,0,N,0.9914565,0.9914565,3.216302e-05,0.00010379915,0.0039250557,0.0021637676,0.0014628127,0.0006152278,0.00024068588
119,104_00023,104,23,0,N,0,N,0,N,0.98277557,0.98277557,7.97193e-05,0.00017281903,0.0081487,0.005385504,0.0014000171,0.0015934163,0.00044428295
120,104_00024,104,24,0,N,0,N,0,N,0.9698706,0.9698706,0.00018818975,0.0007262561,0.0052958135,0.016707897,0.002330238,0.0041851583,0.0006958842
121,104_00025,104,25,0,N,0,N,0,N,0.9772393,0.9772393,0.00038064967,0.00028217334,0.008879554,0.0063731875,0.00094841333,0.005163833,0.00073285535
122,104_00026,104,26,0,N,0,N,0,N,0.96735907,0.96735907,0.00030508192,0.00078740815,0.009567365,0.0081941355,0.0034478894,0.008179765,0.0021593426
123,104_00027,104,27,0,N,0,N,0,N,0.9884873,0.9884873,5.291778e-05,0.00013742842,0.004650503,0.0024939182,0.0010797187,0.002549855,0.0005483743
124,104_00028,104,28,0,N,0,N,0,N,0.9768481,0.9768481,9.474484e-05,0.00088112906,0.00812248,0.00343499,0.0009703171,0.00846427,0.0011838905
125,104_00029,104,29,0,N,0,N,0,N,0.97026634,0.97026634,0.00030606712,0.0030892186,0.0024852687,0.0024190044,0.00076398364,0.01852547,0.0021447744
126,104_00030,104,30,0,N,0,N,0,N,0.96238506,0.96238506,0.00036877775,0.0110188555,0.004536368,0.002001074,0.0023343975,0.0118016815,0.0055538304
127,104_00031,104,31,0,N,0,N,0,N,0.96978605,0.96978605,0.0010796352,0.0035013543,0.0070151747,0.003102389,0.0023730716,0.009546844,0.0035954155
128,104_00032,104,32,0,N,0,N,0,N,0.9877672,0.9877672,0.0005995552,0.0016637119,0.0023165846,0.0018787129,0.001294149,0.002623898,0.0018562145
129,104_00033,104,33,0,N,0,N,0,N,0.9868242,0.9868242,0.00024072223,0.00045345665,0.0070408275,0.0012418049,0.0014649107,0.0016860367,0.0010480523
130,104_00034,104,34,0,N,0,N,0,N,0.98884857,0.98884857,0.00014576052,0.0003554052,0.0042997864,0.0029629124,0.0013860773,0.0012744701,0.00072698324
131,104_00035,104,35,0,N,0,N,0,N,0.98216283,0.98216283,0.0001670567,0.00028619618,0.005134559,0.006208238,0.0011799763,0.004167114,0.0006939734
132,104_00036,104,36,0,N,0,N,0,N,0.97420126,0.97420126,0.00033365595,0.0007204773,0.006186571,0.007943544,0.0010213198,0.00853908,0.001054221
133,104_00037,104,37,0,N,0,N,0,N,0.9828087,0.9828087,0.00029134797,0.0009873814,0.0046830736,0.0027163778,0.0012866035,0.0056771403,0.0015495021
134,104_00038,104,38,0,N,0,N,0,N,0.97511697,0.97511697,0.0004788846,0.0012172553,0.010856586,0.0070559843,0.0016007007,0.0029903268,0.0006833434
135,104_00039,104,39,0,N,0,N,0,N,0.98764706,0.98764706,0.00020923227,4.995304e-05,0.0042376043,0.0045591006,0.0007109485,0.0019852333,0.0006007923
136,104_00040,104,40,0,N,0,N,0,N,0.9921418,0.9921418,8.7993656e-05,7.208079e-05,0.0037417996,0.0010475942,0.0011861733,0.0013228746,0.000399799
137,104_00041,104,41,0,N,0,N,0,N,0.9870664,0.9870664,4.8067108e-05,7.7487915e-05,0.008575245,0.0017119858,0.0013225392,0.0006199302,0.0005784489
138,104_00042,104,42,0,N,0,N,0,N,0.99054307,0.99054307,1.4392502e-05,7.926218e-05,0.0032712931,0.0031950292,0.0020096658,0.00067224883,0.00021507448
139,104_00043,104,43,0,N,0,N,0,N,0.9695045,0.9695045,0.00042527702,0.00071138394,0.010505841,0.01426509,0.0006725267,0.0035961939,0.00031920912
140,104_00044,104,44,0,N,0,N,0,N,0.9956469,0.9956469,0.00010706534,3.9977836e-05,0.0017237253,0.0006443106,0.00035629328,0.0010861099,0.0003957078
141,104_00045,104,45,0,N,0,N,0,N,0.97626346,0.97626346,7.928552e-05,0.0005950425,0.011906027,0.0013569343,0.008064446,0.00048092564,0.0012538029
142,104_00046,104,46,0,N,0,N,0,N,0.9528514,0.9528514,0.00012598117,0.00032656253,0.0117662335,0.02911121,0.0032040814,0.0022493459,0.00036525933
143,104_00047,104,47,0,N,0,N,0,N,0.9958006,0.9958006,1.8311164e-05,1.7092543e-05,0.0018721882,0.0006614299,0.00039716918,0.0011158432,0.00011734752
144,104_00048,104,48,0,N,0,N,0,N,0.98958534,0.98958534,2.9102466e-05,0.00017212829,0.005128229,0.0015738055,0.0020430577,0.00096540584,0.0005029431
145,104_00049,104,49,0,N,0,N,0,N,0.9881527,0.9881527,5.3928972e-05,0.00012310842,0.005564803,0.0029483645,0.0010508277,0.001796033,0.00031032652
146,104_00050,104,50,0,N,0,N,0,N,0.9874703,0.9874703,4.3838372e-05,0.00016522416,0.0048436485,0.001277575,0.0005781786,0.0048472784,0.0007739711
147,104_00051,104,51,0,N,0,N,0,N,0.9890846,0.9890846,1.6582928e-05,0.00035415142,0.0023279805,0.0012027931,0.00057110854,0.005666547,0.0007762958
148,104_00052,104,52,0,N,0,N,0,N,0.97247356,0.97247356,7.711975e-05,0.0008712492,0.0064071766,0.005216206,0.0014096474,0.012866518,0.0006785121
149,104_00053,104,53,0,N,0,N,0,N,0.989951,0.989951,0.001491568,0.00019937384,0.0015850994,0.0040398394,0.00015713113,0.0018277646,0.0007481494
150,104_00054,104,54,0,N,0,N,0,N,0.9584624,0.9584624,0.0042838077,0.0060589598,0.0050300937,0.020985145,0.0015250923,0.001119412,0.0025351522
151,104_00055,104,55,0,N,0,N,0,N,0.988899,0.988899,0.0017411993,0.00013246211,0.008099862,2.1327129e-05,4.689148e-05,8.153302e-05,0.000977851
152,104_00056,104,56,0,N,0,N,0,N,0.8755613,0.8755613,0.004969109,0.011236041,0.022575736,0.0065881214,0.025227739,0.0006124569,0.053229384
153,104_00057,104,57,0,N,0,N,0,N,0.8223906,0.8223906,0.043833073,0.00174932,0.0036422259,0.118448645,0.0013725195,0.0071051084,0.0014585572
154,104_00058,104,58,0,N,0,N,0,N,0.89240205,0.89240205,0.023919018,0.0060882014,0.02621521,0.011059595,0.002039936,0.025837455,0.012438463
155,104_00059,104,59,0,N,0,N,0,N,0.97288305,0.97288305,0.0002964208,0.00066120434,0.006937045,0.0006585116,0.0016388485,0.011920671,0.0050041866
156,104_00060,104,60,0,N,0,N,0,N,0.9968287,0.9968287,2.3623414e-05,0.00016518126,0.00146206,0.00011611561,0.0005892821,0.0004284758,0.00038661488
157,104_00061,104,61,0,N,0,N,0,N,0.99569714,0.99569714,8.911528e-06,5.5335182e-05,0.002377244,0.0003042048,0.00079560635,0.00013771394,0.0006238759
158,104_00062,104,62,0,N,0,N,0,N,0.9890448,0.9890448,0.00058507686,0.00010045979,0.005107516,0.0034164747,0.00033146405,0.0012007809,0.00021338483
159,104_00063,104,63,0,N,0,N,0,N,0.995532,0.995532,2.0626905e-05,8.5337306e-05,0.0014939418,0.0004890754,0.0005342526,0.0011256745,0.0007191013
160,104_00064,104,64,0,N,0,N,0,N,0.9768415,0.9768415,9.914828e-05,0.0007084248,0.011021762,0.0016733301,0.0036512674,0.005087282,0.0009171751
161,104_00065,104,65,0,N,0,N,0,N,0.99076855,0.99076855,1.3941813e-05,0.00020288982,0.0023092532,0.0012236242,0.0014890775,0.0027687314,0.0012239766
162,104_00066,104,66,0,N,0,N,0,N,0.91024154,0.91024154,0.00023671008,0.001982747,0.0177719,0.03628539,0.007194844,0.024348903,0.001937869
163,104_00067,104,67,0,N,0,N,0,N,0.97226197,0.97226197,0.00010471213,0.0002133682,0.012429124,0.0045223674,0.001523514,0.0079475865,0.0009974107
164,104_00068,104,68,0,N,0,N,0,N,0.966598,0.966598,5.3599448e-05,0.0005796037,0.013659356,0.005128278,0.0035973438,0.009263371,0.0011204208
165,104_00069,104,69,0,N,0,N,0,N,0.97395796,0.97395796,2.2859891e-05,0.00013766966,0.013037236,0.0049467697,0.0027760551,0.0043255775,0.0007958451
166,104_00070,104,70,0,N,0,N,0,N,0.9865822,0.9865822,2.2973563e-05,0.0001936544,0.0035816964,0.0027876503,0.0016519881,0.0048533515,0.00032633168
167,104_00071,104,71,0,N,0,N,0,N,0.97284377,0.97284377,5.070406e-05,0.0002683944,0.008639537,0.0069741635,0.0026009558,0.0077286377,0.00089371926
168,104_00072,104,72,0,N,0,N,0,N,0.97076863,0.97076863,0.000102574864,0.00027712306,0.007471795,0.011129073,0.0027716183,0.006782401,0.0006968252
169,104_00073,104,73,0,N,0,N,0,N,0.9836803,0.9836803,9.756334e-05,0.00015368349,0.005362068,0.0046880674,0.0011301534,0.004350109,0.00053799857
170,104_00074,104,74,0,N,0,N,0,N,0.98142505,0.98142505,0.00011573279,0.00030619482,0.0061217304,0.00447268,0.002302471,0.004027987,0.0012281081
171,104_00075,104,75,0,N,0,N,0,N,0.95941395,0.95941395,0.00013054935,0.000612619,0.012444698,0.008717213,0.0020666192,0.015204778,0.0014095755
172,104_00076,104,76,0,N,0,N,0,N,0.9703823,0.9703823,4.7527494e-05,0.00022087786,0.008666273,0.0034832794,0.0017695677,0.013922969,0.0015072204
173,104_00077,104,77,0,N,0,N,0,N,0.960734,0.960734,4.308461e-05,0.0006783405,0.012281713,0.008823609,0.005907756,0.0100178635,0.0015135446
174,104_00078,104,78,0,N,0,N,0,N,0.95615584,0.95615584,0.00016930744,0.00054071174,0.0089550065,0.015433022,0.0019397816,0.016035931,0.00077029783
175,104_00079,104,79,0,N,0,N,0,N,0.9591707,0.9591707,0.00036073916,0.0012559852,0.008371958,0.0075121215,0.0023487003,0.01917386,0.0018059221
176,104_00080,104,80,0,N,0,N,0,N,0.91840494,0.91840494,0.0005913976,0.0011950724,0.012717277,0.0242823,0.0052814023,0.03487952,0.0026481142
177,104_00081,104,81,0,N,0,N,0,N,0.9716122,0.9716122,0.00025335132,0.0007254335,0.00435179,0.008022489,0.0033238467,0.009410778,0.0023001789
178,104_00082,104,82,0,N,0,N,0,N,0.9816684,0.9816684,6.90125e-05,0.00016220668,0.010236065,0.000897202,0.00073553825,0.0051404773,0.0010910704
179,104_00083,104,83,0,N,0,N,0,N,0.9840898,0.9840898,4.963741e-05,0.00038037405,0.0070225433,0.002214372,0.0011065135,0.0034639975,0.0016727762
180,104_00084,104,84,0,N,0,N,0,N,0.99171174,0.99171174,5.3660347e-05,6.287971e-05,0.0047017233,0.0009955025,0.0010363758,0.0011399036,0.00029825282
181,104_00085,104,85,0,N,0,N,0,N,0.73310196,0.73310196,0.0005879218,0.0015683164,0.033799656,0.19091006,0.009181616,0.027824003,0.003026524
182,104_00086,104,86,0,N,0,N,0,N,0.96006525,0.96006525,0.00053180417,0.00018983077,0.0078396285,0.013712336,0.0014649071,0.015430851,0.0007653971
183,104_00087,104,87,0,N,0,N,0,N,0.9790997,0.9790997,0.00033313344,0.0027531178,0.006734383,0.0017087081,0.004075878,0.0037828088,0.0015122702
184,104_00088,104,88,0,N,0,N,0,N,0.98233366,0.98233366,0.0008732258,0.0006292801,0.0030850407,0.0042669913,0.0012791163,0.0050708954,0.0024617335
185,104_00089,104,89,0,N,0,N,0,N,0.9503705,0.9503705,0.00038906775,0.0011621455,0.024945531,0.0062788823,0.004316182,0.010332587,0.0022050967
186,104_00090,104,90,0,N,0,N,0,N,0.9763599,0.9763599,0.00013539729,0.00023386769,0.0037146492,0.008971307,0.0010053709,0.008426514,0.0011529559
187,104_00091,104,91,0,N,0,N,0,N,0.9825082,0.9825082,0.00015320654,0.00035923164,0.0073931133,0.0021554145,0.0018071986,0.0047958344,0.0008276929
188,104_00092,104,92,0,N,0,N,0,N,0.95647544,0.95647544,0.0008573148,0.0031156044,0.005348395,0.011672715,0.0020599694,0.016653825,0.0038166523
189,104_00093,104,93,0,N,0,N,0,N,0.98696154,0.98696154,0.0003093686,0.00048662387,0.0021951708,0.0019192076,0.00067077443,0.0064237514,0.0010334378
190,104_00094,104,94,0,N,0,N,0,N,0.9584104,0.9584104,0.001045193,0.0017206677,0.021928703,0.003498969,0.006526233,0.003731543,0.0031383645
191,104_00095,104,95,0,N,0,N,0,N,0.95420337,0.95420337,0.0007196199,0.00082654855,0.005115799,0.023229495,0.0021630863,0.011236355,0.0025057555
192,104_00096,104,96,0,N,0,N,0,N,0.97846127,0.97846127,0.00024103232,0.00024799502,0.005087972,0.0028829805,0.00065958104,0.01145543,0.0009636279
193,104_00097,104,97,0,N,0,N,0,N,0.94568706,0.94568706,0.0005516377,0.002065648,0.025990836,0.0038111096,0.004130323,0.013319101,0.004444263
194,104_00098,104,98,0,N,0,N,0,N,0.98177207,0.98177207,0.00010155968,0.00052031665,0.0039245384,0.0034835448,0.0011767598,0.0072556795,0.0017655059
195,104_00099,104,99,0,N,0,N,0,N,0.9434408,0.9434408,0.0006519228,0.0036752757,0.0075827483,0.010687827,0.002283205,0.02950262,0.002175476
196,104_00100,104,100,0,N,0,N,0,N,0.94522274,0.94522274,0.0027562508,0.0056780116,0.004053848,0.007388423,0.002253476,0.025836036,0.006811259
197,104_00101,104,101,0,N,0,N,0,N,0.81810135,0.81810135,0.007449071,0.04171089,0.015445399,0.02291146,0.009982461,0.0712552,0.013144267
198,104_00102,104,102,0,N,0,N,0,N,0.9204846,0.9204846,0.0013864686,0.005178222,0.0058403746,0.0047900407,0.0027988052,0.050616574,0.008904973
199,104_00103,104,103,0,N,0,N,0,N,0.806986,0.806986,0.001952393,0.029103342,0.017031815,0.023290085,0.014017804,0.09542546,0.012193121
200,104_00104,104,104,0,N,0,N,0,N,0.966045,0.966045,0.000722584,0.0019006016,0.004555925,0.004881244,0.0026454139,0.015509646,0.0037395863
201,104_00105,104,105,0,N,0,N,0,N,0.97847384,0.97847384,0.0004370498,0.0021874383,0.006587921,0.002427729,0.002608507,0.0045759487,0.002701613
202,104_00106,104,106,0,N,0,N,0,N,0.93923134,0.93923134,0.0009950366,0.0016102953,0.024801021,0.01357749,0.0034809755,0.013594178,0.0027096437
203,104_00107,104,107,0,N,0,N,0,N,0.8903314,0.8903314,0.0012222849,0.004301169,0.0069102976,0.05220775,0.0046085566,0.036627743,0.00379074
204,104_00108,104,108,0,N,0,N,0,N,0.9705264,0.9705264,0.0005280952,0.0010814357,0.005781538,0.0037293523,0.0017518089,0.014805267,0.0017961152
205,104_00109,104,109,0,N,0,N,0,N,0.942389,0.942389,0.0009433312,0.008477235,0.009013725,0.00925627,0.006943825,0.016010333,0.006966211
206,104_00110,104,110,0,N,0,N,0,N,0.97998726,0.97998726,0.00029572286,0.0004607816,0.004980014,0.0042400863,0.000824767,0.008109369,0.0011019486
207,104_00111,104,111,0,N,0,N,0,N,0.9680733,0.9680733,0.00031834966,0.00055627676,0.015974017,0.0035108803,0.0024617324,0.0070862575,0.0020191402
208,104_00112,104,112,0,N,0,N,0,N,0.8739458,0.8739458,0.0007404554,0.0030695999,0.008492752,0.053659864,0.0047878525,0.050877944,0.0044256714
209,104_00113,104,113,0,N,0,N,0,N,0.976762,0.976762,0.00024218888,0.00043834545,0.0024934404,0.003462101,0.0006711189,0.014662864,0.0012678921
210,104_00114,104,114,0,N,0,N,0,N,0.95189035,0.95189035,0.0011908403,0.00616331,0.011670831,0.0051876097,0.005621718,0.012923454,0.0053519635
211,104_00115,104,115,0,N,0,N,0,N,0.9883996,0.9883996,0.00051610195,0.00044260954,0.0035448226,0.00094539457,0.00083025504,0.002996124,0.0023249565
212,104_00116,104,116,0,N,0,N,0,N,0.9819173,0.9819173,0.0002467292,0.0014534732,0.004277925,0.0020389142,0.0011414569,0.006672209,0.0022519766
213,104_00117,104,117,0,N,0,N,0,N,0.9812432,0.9812432,0.00034546858,0.0006028366,0.004741702,0.0030062585,0.0015195335,0.0068813283,0.0016596762
214,104_00118,104,118,0,N,0,N,0,N,0.9805822,0.9805822,0.00020188722,0.00041824923,0.005238554,0.0028199777,0.0013051206,0.0076122917,0.0018217018
215,104_00119,104,119,0,N,0,N,0,N,0.9824749,0.9824749,0.00017562813,0.0005031144,0.005072838,0.00271794,0.0010931285,0.006372988,0.0015894311
216,104_00120,104,120,0,N,0,N,0,N,0.98473084,0.98473084,0.00013212072,0.0003363143,0.005383405,0.0020248506,0.0010970929,0.004911355,0.0013841004
217,104_00121,104,121,0,N,0,N,0,N,0.9567806,0.9567806,0.0007000907,0.0011614324,0.0061842185,0.010970024,0.0013179417,0.019621212,0.0032645962
218,104_00122,104,122,0,N,0,N,0,N,0.97549504,0.97549504,0.00036461613,0.0004790703,0.0046154833,0.002495028,0.0007865883,0.013883738,0.0018804412
219,104_00123,104,123,0,N,0,N,0,N,0.9816467,0.9816467,0.0002746773,0.0014832299,0.0055114827,0.0008347104,0.0010025045,0.0062632994,0.0029834046
220,104_00124,104,124,0,N,0,N,0,N,0.9816111,0.9816111,0.00031001482,0.001011895,0.0055410215,0.0022330808,0.0017343616,0.005239584,0.0023189052
221,104_00125,104,125,0,N,0,N,0,N,0.96898305,0.96898305,0.0004899039,0.0009485462,0.006562691,0.008983285,0.0023960432,0.009618532,0.002018089
222,104_00126,104,126,0,N,0,N,0,N,0.96998656,0.96998656,0.0005768601,0.0006406598,0.0061960276,0.009741061,0.0018585009,0.009452032,0.0015484833
223,104_00127,104,127,0,N,0,N,0,N,0.9876309,0.9876309,0.00023564918,0.00037302403,0.003691364,0.0024136032,0.0010313068,0.0033794597,0.001244725
224,104_00128,104,128,0,N,0,N,0,N,0.9800415,0.9800415,0.0007264892,0.0015046131,0.0056893188,0.003916868,0.0014201908,0.004872615,0.0018285312
225,104_00129,104,129,0,N,0,N,0,N,0.9942255,0.9942255,0.00017520435,0.00012198699,0.0024230792,0.0005545899,0.00035106915,0.0013927412,0.00075590424
226,104_00130,104,130,0,N,0,N,0,N,0.9726446,0.9726446,0.00011915067,0.00040036373,0.0135709075,0.0069897994,0.0028352025,0.0028592001,0.0005807012
227,104_00131,104,131,0,N,0,N,0,N,0.98880875,0.98880875,3.5467834e-05,1.4665854e-05,0.008825204,0.00093275955,0.0009085903,0.00029003946,0.00018453955
228,104_00132,104,132,0,N,0,N,0,N,0.99424344,0.99424344,1.1463458e-05,0.0002343382,0.0003884356,0.0014565238,0.0017690749,0.0016124978,0.00028417405
229,104_00133,104,133,0,N,0,N,0,N,0.8966867,0.8966867,0.0039490145,0.003971469,0.00898082,0.037718907,0.0022059183,0.043472253,0.0030149072
230,104_00134,104,134,0,N,0,N,0,N,0.9797258,0.9797258,0.001279854,0.001162349,0.0040755835,0.001507235,0.0015085515,0.0061829668,0.004557754
231,104_00135,104,135,0,N,0,N,0,N,0.9728284,0.9728284,0.0009120144,0.0038934252,0.0075545227,0.0019311416,0.0024340535,0.005868492,0.004577976
232,104_00136,104,136,0,N,0,N,0,N,0.9767511,0.9767511,0.0008615421,0.0013433248,0.0063079214,0.0041581355,0.0019356066,0.006015374,0.0026269462
233,104_00137,104,137,0,N,0,N,0,N,0.99054366,0.99054366,0.00023698494,0.00016190649,0.0041042734,0.0010662177,0.0006262739,0.002153396,0.0011073198
234,104_00138,104,138,0,N,0,N,0,N,0.9708355,0.9708355,0.00042349467,0.00064404804,0.009011603,0.009228717,0.0032151141,0.0048201354,0.0018213046
235,104_00139,104,139,0,N,0,N,0,N,0.98549116,0.98549116,0.00024716454,0.00015341616,0.005014971,0.004330002,0.0010797861,0.002838853,0.0008447801
236,104_00140,104,140,0,N,0,N,0,N,0.97859275,0.97859275,0.00033478785,0.00045422543,0.0056695263,0.0059326948,0.00097099255,0.0069197863,0.0011252206
237,104_00141,104,141,0,N,0,N,0,N,0.9788986,0.9788986,0.00039525735,0.0007318708,0.0052259825,0.0027452619,0.0010805983,0.008403,0.0025194413
238,104_00142,104,142,0,N,0,N,0,N,0.97012067,0.97012067,0.00036220072,0.00074757606,0.009847111,0.003135761,0.0016644057,0.011864704,0.0022575597
239,104_00143,104,143,0,N,0,N,0,N,0.96577424,0.96577424,0.00023836645,0.002118418,0.0058809626,0.006997213,0.0037434222,0.011476096,0.0037712606
240,104_00144,104,144,0,N,0,N,0,N,0.95394784,0.95394784,0.00064509705,0.00086594006,0.0067709954,0.01050126,0.0007782677,0.024713196,0.0017774471
241,104_00145,104,145,0,N,0,N,0,N,0.96018016,0.96018016,0.0021042752,0.0016167262,0.006178734,0.0039230827,0.0015736128,0.019465337,0.0049580587
242,104_00146,104,146,0,N,0,N,0,N,0.9608694,0.9608694,0.00057274086,0.00100097,0.016906422,0.0013732986,0.0027553847,0.011127915,0.0053938916
243,104_00147,104,147,0,N,0,N,0,N,0.97479063,0.97479063,6.0487517e-05,0.00040613755,0.008238035,0.0027418693,0.0023577383,0.009187699,0.0022174327
244,104_00148,104,148,0,N,0,N,0,N,0.96084493,0.96084493,0.00016883788,0.0006162939,0.0076009664,0.0123925265,0.001677071,0.015336637,0.0013627425
245,104_00149,104,149,0,N,0,N,0,N,0.9734271,0.9734271,0.00081183616,0.0007161455,0.003337812,0.0069239335,0.0008300064,0.012449182,0.0015038915
246,104_00150,104,150,0,N,0,N,0,N,0.9682582,0.9682582,0.0019838861,0.0028052717,0.005873987,0.0038748225,0.002604044,0.009880854,0.0047189947
247,104_00151,104,151,0,N,0,N,0,N,0.93883264,0.93883264,0.0044073723,0.0074257897,0.00891976,0.012144664,0.0044525466,0.018047057,0.005770305
248,104_00152,104,152,0,N,0,N,0,N,0.97608733,0.97608733,0.0014771003,0.0015140949,0.0061554215,0.0033648782,0.0021734384,0.005964159,0.003263637
249,104_00153,104,153,0,N,0,N,0,N,0.9870354,0.9870354,0.00020375823,0.0005084613,0.0055631245,0.0015443821,0.0014953085,0.0020628348,0.0015868911
250,104_00154,104,154,0,N,0,N,0,N,0.9767663,0.9767663,0.00019323286,0.00033634555,0.0082951635,0.007557271,0.002100825,0.0039488287,0.00080190547
251,104_00155,104,155,0,N,0,N,0,N,0.98545265,0.98545265,0.00012284581,0.00011389294,0.0049042683,0.0033436501,0.00067027385,0.004551056,0.00084145134
252,104_00156,104,156,0,N,0,N,0,N,0.9585356,0.9585356,0.00017276082,0.0003941165,0.010821607,0.006405943,0.0019724374,0.019177807,0.002519678
253,104_00157,104,157,0,N,0,N,0,N,0.94281083,0.94281083,0.0002039511,0.00070378935,0.008322776,0.011513242,0.0016075006,0.032496005,0.002342019
254,104_00158,104,158,0,N,0,N,0,N,0.97686577,0.97686577,6.608959e-05,0.00030628635,0.0046081115,0.0018278977,0.0008423764,0.013847795,0.0016356801
255,104_00159,104,159,0,N,0,N,0,N,0.92238253,0.92238253,0.00060787,0.0014109686,0.023267461,0.009972619,0.0033599064,0.035321016,0.0036776473
256,114_00000,114,0,0,N,0,N,0,N,0.9998081,0.9998081,2.4434634e-05,0.0001562671,5.245363e-06,1.3913062e-11,9.401157e-10,1.2944218e-13,5.9424597e-06
257,114_00001,114,1,0,N,0,N,0,N,0.9997537,0.9997537,2.0035253e-05,0.00021768532,5.0803737e-06,5.349327e-12,3.38855e-10,1.4515351e-14,3.5743767e-06
258,114_00002,114,2,0,N,0,N,0,N,0.99976957,0.99976957,5.436575e-05,0.0001603195,7.88474e-06,1.04294655e-11,2.9522348e-10,2.9159536e-14,7.867584e-06
259,114_00003,114,3,0,N,0,N,0,N,0.99981654,0.99981654,4.291529e-05,0.00013542785,2.5766049e-06,9.39653e-12,1.8148985e-10,2.7872863e-14,2.5352024e-06
260,114_00004,114,4,0,N,0,N,0,N,0.9997523,0.9997523,0.00010558984,0.00010635732,2.3234019e-05,9.0941255e-11,4.7801945e-09,9.307165e-13,1.2598527e-05
261,114_00005,114,5,0,N,0,N,0,N,0.99677515,0.99677515,0.00036754052,0.0027239544,7.163969e-05,4.9022336e-10,4.4370722e-08,2.6526823e-12,6.168516e-05
262,114_00006,114,6,0,N,0,N,0,N,0.99491674,0.99491674,0.0030456109,0.0013599625,0.00030479132,6.2640226e-10,7.6910815e-09,7.1071057e-13,0.00037280284
263,114_00007,114,7,0,N,0,N,0,N,0.9920608,0.9920608,0.0039752102,0.00084771204,0.0028412258,3.4640302e-09,5.1622294e-08,9.994013e-12,0.0002749542
264,114_00008,114,8,0,N,0,N,0,N,0.99697435,0.99697435,0.0008001247,0.0020943305,8.227662e-05,4.665428e-10,2.1528788e-08,1.3234717e-12,4.889325e-05
265,114_00009,114,9,0,N,0,N,0,N,0.99830896,0.99830896,0.0011903178,0.00023586708,0.00012306373,2.2666827e-10,3.0455813e-09,5.013581e-13,0.00014184392
266,114_00010,114,10,0,N,0,N,0,N,0.99190533,0.99190533,0.005047955,0.0011140751,0.0013332309,5.5082245e-09,3.3295223e-08,1.4377437e-11,0.0005994266
267,114_00011,114,11,0,N,0,N,0,N,0.9566568,0.9566568,0.0065783327,0.034455445,0.00089852745,5.632611e-09,2.5828018e-07,3.732737e-11,0.0014106537
268,114_00012,114,12,0,N,0,N,0,N,0.9906246,0.9906246,0.0044464297,0.0019368695,0.0010205758,1.0084105e-09,2.896629e-08,7.497579e-12,0.0019714436
269,114_00013,114,13,0,N,0,N,0,N,0.8265987,0.8265987,0.14099932,0.023867363,0.0065811877,1.6190226e-07,2.1500175e-07,8.2510276e-11,0.0019529982
270,114_00014,114,14,0,N,0,N,0,N,0.934486,0.934486,0.051815007,0.006980941,0.0058117616,3.0255116e-08,2.89541e-07,2.4865315e-11,0.0009061206
271,114_00015,114,15,0,N,0,N,0,N,0.9960499,0.9960499,0.0021687595,0.0002867971,0.00080336485,9.652825e-10,3.438707e-08,3.594857e-12,0.0006913102
272,114_00016,114,16,0,N,0,N,0,N,0.9935219,0.9935219,0.0011969672,0.0026880482,0.0021667187,1.2009324e-09,4.3750198e-08,3.1909451e-12,0.00042616343
273,114_00017,114,17,0,N,0,N,0,N,0.9966842,0.9966842,0.0013059021,0.0012072513,0.0005607268,4.501805e-10,1.2690625e-08,6.977976e-13,0.00024195587
274,114_00018,114,18,0,N,0,N,0,N,0.99429077,0.99429077,0.0041849324,0.00026555106,0.0008133418,2.726131e-09,3.564435e-08,6.5304524e-12,0.00044538942
275,114_00019,114,19,0,N,0,N,0,N,0.98405725,0.98405725,0.010411022,0.0025217521,0.0023310198,1.2580856e-08,1.7310208e-07,2.1324041e-11,0.0006788308
276,114_00020,114,20,0,N,0,N,0,N,0.99295104,0.99295104,0.004159161,0.0017708467,0.0005648836,1.9994053e-09,2.1942938e-08,4.767268e-12,0.00055412523
277,114_00021,114,21,0,N,0,N,0,N,0.98768574,0.98768574,0.00833123,0.0019133352,0.0016050575,8.5795895e-09,4.04011e-08,1.4610504e-11,0.00046464102
278,114_00022,114,22,0,N,0,N,0,N,0.99053955,0.99053955,0.0041235927,0.0028958009,0.0016311747,4.6673265e-09,1.4712485e-07,2.4459065e-11,0.0008097491
279,114_00023,114,23,0,N,0,N,0,N,0.9968084,0.9968084,0.0013409014,0.0012916258,0.00033679567,9.999955e-10,1.718327e-08,2.9379687e-12,0.00022237061
280,114_00024,114,24,0,N,0,N,0,N,0.98991406,0.98991406,0.0069731893,0.0015618429,0.0012229607,4.978397e-09,2.6188028e-08,7.1031948e-12,0.00032789996
281,114_00025,114,25,0,N,0,N,0,N,0.9988278,0.9988278,0.00059016154,0.0003647471,0.00016217862,6.494733e-10,7.6946325e-09,2.5900547e-12,5.51238e-05
282,114_00026,114,26,0,N,0,N,0,N,0.9992333,0.9992333,0.0004445325,0.0001416631,0.00011705394,5.8427746e-10,7.55793e-09,3.7526184e-12,6.3372216e-05
283,114_00027,114,27,0,N,0,N,0,N,0.99951494,0.99951494,0.000102772705,0.00022897765,0.00012797846,3.0804165e-10,1.1184857e-08,2.50725e-12,2.5331849e-05
284,114_00028,114,28,0,N,0,N,0,N,0.9987215,0.9987215,0.00045975653,0.0005697366,0.00014314253,4.0996798e-10,1.2832569e-08,2.121058e-12,0.000105845145
285,114_00029,114,29,0,N,0,N,0,N,0.99919987,0.99919987,0.00022999562,0.00035085285,0.00014455237,1.5775528e-10,5.2212483e-09,1.2889604e-12,7.4647425e-05
286,114_00030,114,30,0,N,0,N,0,N,0.9996215,0.9996215,8.383767e-05,0.00019681433,6.253282e-05,4.2502217e-11,7.7546736e-10,2.664059e-13,3.5238503e-05
287,114_00031,114,31,0,N,0,N,0,N,0.9996939,0.9996939,3.3049066e-05,0.00015653201,8.805674e-05,3.718688e-11,2.2457474e-09,5.216133e-13,2.8567016e-05
288,114_00032,114,32,0,N,0,N,0,N,0.99957323,0.99957323,1.3804406e-05,0.00033100919,5.6071134e-05,1.39871595e-11,3.6515242e-09,2.8962393e-13,2.5884397e-05
289,114_00033,114,33,0,N,0,N,0,N,0.99960285,0.99960285,4.8421512e-05,0.0003080653,2.5238412e-05,1.3764835e-11,5.351465e-10,3.736287e-14,1.543993e-05
290,114_00034,114,34,0,N,0,N,0,N,0.99791056,0.99791056,0.0015057878,0.00029121875,0.00016578245,8.025086e-10,5.2419744e-09,2.8688182e-12,0.0001266465
291,114_00035,114,35,0,N,0,N,0,N,0.9994047,0.9994047,0.00020216715,0.00031195572,6.2065454e-05,2.5045385e-10,5.5727396e-09,1.2060614e-12,1.9068006e-05
292,114_00036,114,36,0,N,0,N,0,N,0.9996232,0.9996232,0.00013399967,0.00012226703,4.3793163e-05,4.695905e-11,1.586788e-09,2.542673e-13,7.6734446e-05
293,114_00037,114,37,0,N,0,N,0,N,0.99846745,0.99846745,0.0003218147,0.0007590613,0.00035232198,3.9139914e-10,6.1843766e-09,1.5047631e-12,9.931568e-05
294,114_00038,114,38,0,N,0,N,0,N,0.97616875,0.97616875,0.0113352025,0.011141522,0.00050208956,4.203681e-09,1.5958159e-07,1.4047584e-11,0.00085230765
295,114_00039,114,39,0,N,0,N,0,N,0.9915081,0.9915081,0.0044979514,0.0024673846,0.0007316948,1.7787e-09,4.5612058e-08,7.854898e-12,0.00079473935
296,114_00040,114,40,0,N,0,N,0,N,0.89649636,0.89649636,0.08203417,0.013354437,0.0068301624,8.96907e-08,1.4839713e-07,5.3613305e-11,0.0012846291
297,114_00041,114,41,0,N,0,N,0,N,0.8904646,0.8904646,0.08732302,0.01743278,0.0029337842,2.3692287e-08,4.4746852e-07,2.5101494e-11,0.0018453327
298,114_00042,114,42,0,N,0,N,0,N,0.9661175,0.9661175,0.031504266,0.0010837424,0.0004902242,9.685306e-09,2.5831817e-08,1.8183075e-11,0.000804164
299,114_00043,114,43,0,N,0,N,0,N,0.949108,0.949108,0.030840086,0.009388846,0.009636783,3.221439e-08,1.4799879e-07,4.128679e-11,0.0010261491
300,114_00044,114,44,0,N,0,N,0,N,0.94445574,0.94445574,0.021260045,0.0330279,0.00036748778,6.050617e-09,7.888486e-08,1.204979e-11,0.0008887927
301,114_00045,114,45,0,N,0,N,0,N,0.8948535,0.8948535,0.09628245,0.005145564,0.0020405995,2.98942e-08,7.08055e-08,3.776071e-11,0.0016778326
302,114_00046,114,46,0,N,0,N,0,N,0.82658225,0.82658225,0.15427582,0.009893294,0.007969347,1.3280089e-07,2.5595725e-07,7.425526e-11,0.0012788975
303,114_00047,114,47,0,N,0,N,0,N,0.9384092,0.9384092,0.04655319,0.011866581,0.00193776,1.6243506e-08,1.9233438e-07,1.7433523e-11,0.0012330369
304,114_00048,114,48,0,N,0,N,0,N,0.9478251,0.9478251,0.040441748,0.008101272,0.001556704,1.5566897e-08,1.3372447e-07,3.3571486e-11,0.002075053
305,114_00049,114,49,0,N,0,N,0,N,0.9782655,0.9782655,0.008668353,0.006582904,0.0054623997,6.4588264e-09,7.126863e-08,1.28829464e-11,0.0010207715
306,114_00050,114,50,0,N,0,N,0,N,0.9739952,0.9739952,0.012928517,0.010911506,0.001642668,5.600623e-09,6.092957e-08,4.3365615e-12,0.00052202883
307,114_00051,114,51,0,N,0,N,0,N,0.9788,0.9788,0.018964075,0.0008995753,0.00046845,5.50942e-09,2.3074046e-08,8.771297e-12,0.00086780114
308,114_00052,114,52,0,N,0,N,0,N,0.9443925,0.9443925,0.042062536,0.0076371,0.004899016,5.4219914e-08,2.7036631e-07,8.895643e-11,0.0010085015
309,114_00053,114,53,0,N,0,N,0,N,0.9940468,0.9940468,0.0023985582,0.0025949157,0.00056547404,1.075663e-09,2.9708238e-08,2.9190081e-12,0.00039419343
310,114_00054,114,54,0,N,0,N,0,N,0.9860203,0.9860203,0.0088081965,0.0035195763,0.0010589254,3.2573406e-09,3.5450967e-08,5.126571e-12,0.00059306674
311,114_00055,114,55,0,N,0,N,0,N,0.90660006,0.90660006,0.05275737,0.037532434,0.0010781892,9.833373e-09,1.15068936e-07,2.0883436e-11,0.0020317696
312,114_00056,114,56,0,N,0,N,0,N,0.92662185,0.92662185,0.06377716,0.00857995,0.00038309768,1.709651e-08,1.5763238e-08,2.4266582e-11,0.000637889
313,114_00057,114,57,0,N,0,N,0,N,0.7129397,0.7129397,0.27604616,0.0045359856,0.005382747,2.4550621e-07,1.2698902e-07,1.939592e-10,0.0010949682
314,114_00058,114,58,0,N,0,N,0,N,0.9899833,0.9899833,0.008785173,0.00081024313,0.00036633978,1.1225298e-08,2.0384471e-08,6.1829166e-12,5.4960634e-05
315,114_00059,114,59,0,N,0,N,0,N,0.9831282,0.9831282,0.015135226,0.00024879535,0.00049052254,1.3381829e-08,4.8871733e-08,6.028608e-11,0.0009972202
316,114_00060,114,60,0,N,0,N,0,N,0.9781806,0.9781806,0.009480376,0.011077009,0.0007774108,1.5581447e-08,2.0947273e-07,4.953797e-11,0.00048439496
317,114_00061,114,61,0,N,0,N,0,N,0.99612147,0.99612147,0.0017355833,0.0011855034,0.00082529755,7.454312e-10,1.1871453e-08,1.0035911e-12,0.00013216061
318,114_00062,114,62,0,N,0,N,0,N,0.9932418,0.9932418,0.0037492558,0.0018945056,0.00062133523,1.4531674e-09,3.0404816e-08,2.0918714e-12,0.00049314374
319,114_00063,114,63,0,N,0,N,0,N,0.9553472,0.9553472,0.02298999,0.019948348,0.0008337328,1.0944294e-08,1.20308e-07,1.8003085e-11,0.00088067167
320,114_00064,114,64,0,N,0,N,0,N,0.983942,0.983942,0.010890288,0.0021617727,0.0009966992,2.9176719e-09,4.02122e-08,1.0932476e-11,0.0020091604
321,114_00065,114,65,0,N,0,N,0,N,0.90868723,0.90868723,0.022573521,0.058677174,0.008745975,2.712921e-08,3.9743847e-07,5.7966094e-11,0.0013157171
322,114_00066,114,66,0,N,0,N,0,N,0.98799175,0.98799175,0.004819695,0.0060795657,0.0005349308,7.1703904e-10,1.560097e-08,1.0957615e-12,0.00057406694
323,114_00067,114,67,0,N,0,N,0,N,0.90985566,0.90985566,0.07597167,0.008201881,0.0030717205,2.3503498e-08,7.141337e-08,4.329244e-11,0.0028989313
324,114_00068,114,68,0,N,0,N,0,N,0.97332644,0.97332644,0.016937371,0.0057957517,0.0029104792,2.6045422e-08,8.937099e-08,7.750056e-11,0.0010299481
325,114_00069,114,69,0,N,0,N,0,N,0.9833507,0.9833507,0.010935453,0.0025570362,0.0025618619,6.317363e-09,4.388056e-08,9.440178e-12,0.00059486047
326,114_00070,114,70,0,N,0,N,0,N,0.9972955,0.9972955,0.0019140878,0.00025590532,0.0002818222,1.047501e-09,7.955424e-09,3.6206634e-12,0.0002527766
327,114_00071,114,71,0,N,0,N,0,N,0.9947352,0.9947352,0.0024828885,0.0011600377,0.0012126105,3.241051e-09,3.4580147e-08,1.3821389e-11,0.00040916828
328,114_00072,114,72,0,N,0,N,0,N,0.99335814,0.99335814,0.001579539,0.004421308,0.00035372216,9.71739e-10,2.8265658e-08,2.9666992e-12,0.00028727707
329,114_00073,114,73,0,N,0,N,0,N,0.99426615,0.99426615,0.0042329496,0.00078429485,0.0003756947,1.061951e-09,7.1803856e-09,1.8941515e-12,0.00034087372
330,114_00074,114,74,0,N,0,N,0,N,0.9928905,0.9928905,0.0051391316,0.0007712566,0.0010583925,5.8513687e-09,2.1527432e-08,5.2456355e-12,0.00014071353
331,114_00075,114,75,0,N,0,N,0,N,0.99900806,0.99900806,0.00061516726,0.0002319748,6.786471e-05,1.5455341e-10,2.498308e-09,2.2253109e-13,7.68376e-05
332,114_00076,114,76,0,N,0,N,0,N,0.99975634,0.99975634,2.9539946e-05,2.412291e-05,5.1381438e-05,1.6971305e-11,3.6310153e-09,5.461341e-13,0.00013871031
333,114_00077,114,77,0,N,0,N,0,N,0.9992652,0.9992652,2.0915024e-06,0.000713569,1.0198638e-05,2.9260445e-11,5.054437e-09,2.253068e-12,8.953301e-06
334,114_00078,114,78,0,N,0,N,0,N,0.9995902,0.9995902,2.3351351e-05,0.00030879525,2.1449709e-05,1.47173e-11,3.470757e-09,5.0951035e-13,5.6217938e-05
335,114_00079,114,79,0,N,0,N,0,N,0.98506624,0.98506624,0.0036233393,0.010286719,0.0006263931,3.7862393e-09,1.3912984e-07,1.918734e-11,0.0003971854
336,114_00080,114,80,0,N,0,N,0,N,0.9951785,0.9951785,0.0028062805,0.0003179309,0.0011547911,1.5138109e-09,6.0355006e-08,3.5895822e-12,0.00054251717
337,114_00081,114,81,0,N,0,N,0,N,0.9726033,0.9726033,0.014536115,0.006085534,0.005214646,2.4521293e-08,5.4667e-07,4.721118e-11,0.00155985
338,114_00082,114,82,0,N,0,N,0,N,0.9924925,0.9924925,0.001050939,0.0033169405,0.0024071932,4.817123e-10,8.219568e-08,1.4838919e-12,0.0007323448
339,114_00083,114,83,0,N,0,N,0,N,0.99389756,0.99389756,0.003256452,0.0014646993,0.00078156823,9.671214e-10,1.9450399e-08,2.302661e-12,0.0005996076
340,114_00084,114,84,0,N,0,N,0,N,0.97507226,0.97507226,0.011182462,0.01012743,0.002676316,7.5473725e-09,1.2683623e-07,1.2743687e-11,0.000941378
341,114_00085,114,85,0,N,0,N,0,N,0.9943609,0.9943609,0.004197371,0.000651645,0.0005729225,2.2120508e-09,1.4399038e-08,2.816201e-12,0.0002170422
342,114_00086,114,86,0,N,0,N,0,N,0.97591186,0.97591186,0.018841723,0.00085265405,0.0023648993,2.1135792e-08,2.7909428e-07,7.7053926e-11,0.002028603
343,114_00087,114,87,0,N,0,N,0,N,0.9785106,0.9785106,0.0067006596,0.012183005,0.0019157064,8.149729e-09,2.3852095e-07,3.4426045e-11,0.00068977434
344,114_00088,114,88,0,N,0,N,0,N,0.9934561,0.9934561,0.0042423974,0.0011405122,0.0006171495,1.1516923e-09,9.065728e-09,2.9872465e-12,0.00054389576
345,114_00089,114,89,0,N,0,N,0,N,0.9780907,0.9780907,0.016842242,0.0012614335,0.0030914778,2.0911527e-08,5.272069e-08,5.2301854e-11,0.0007140437
346,114_00090,114,90,0,N,0,N,0,N,0.9950154,0.9950154,0.0022448928,0.0016276991,0.00078292907,4.1174304e-09,6.1124375e-08,1.9779832e-11,0.00032904203
347,114_00091,114,91,0,N,0,N,0,N,0.9963137,0.9963137,0.002499237,0.00077400386,0.00021416755,1.5038238e-09,7.008938e-09,3.6188448e-12,0.00019898234
348,114_00092,114,92,0,N,0,N,0,N,0.9761373,0.9761373,0.017725917,0.0020126803,0.0027306553,1.8871388e-08,1.9283281e-07,7.2318686e-11,0.0013933427
349,114_00093,114,93,0,N,0,N,0,N,0.99661255,0.99661255,0.0003768312,0.0027162617,0.00017491294,3.909523e-10,2.2171411e-08,2.3100835e-12,0.0001194411
350,114_00094,114,94,0,N,0,N,0,N,0.99462974,0.99462974,0.0024177306,0.0015679202,0.0009393787,6.942345e-10,1.1833188e-08,1.4986593e-12,0.00044516072
351,114_00095,114,95,0,N,0,N,0,N,0.996627,0.996627,0.0018218737,0.0007555077,0.00053348264,1.0670602e-09,1.6292628e-08,3.0735698e-12,0.0002621371
352,114_00096,114,96,0,N,0,N,0,N,0.9971553,0.9971553,0.0012734545,0.000871802,0.0005548433,1.0776363e-09,1.893759e-08,3.7134614e-12,0.00014456756
353,114_00097,114,97,0,N,0,N,0,N,0.9981268,0.9981268,0.0009986619,0.0003642468,0.00022945565,5.876843e-10,1.2024787e-08,2.4047474e-12,0.00028084204
354,114_00098,114,98,0,N,0,N,0,N,0.99168366,0.99168366,0.005601148,0.0017369735,0.0007834205,7.040691e-09,3.224344e-08,8.363248e-12,0.00019478686
355,114_00099,114,99,0,N,0,N,0,N,0.99200696,0.99200696,0.0049118698,0.0019542791,0.00069483195,2.8542722e-09,5.4302795e-08,8.566933e-12,0.00043204118
356,114_00100,114,100,0,N,0,N,0,N,0.99723876,0.99723876,0.0018280043,0.00065203966,0.00015071027,8.9518093e-10,9.113585e-09,2.4351428e-12,0.0001304142
357,114_00101,114,101,0,N,0,N,0,N,0.97828436,0.97828436,0.014970754,0.004104681,0.0019034413,2.5218911e-08,1.923303e-07,6.421234e-11,0.0007366495
358,114_00102,114,102,0,N,0,N,0,N,0.99827236,0.99827236,0.00074113416,0.00075126515,0.00016527211,5.088258e-10,9.626988e-09,9.870257e-13,7.0017195e-05
359,114_00103,114,103,0,N,0,N,0,N,0.99919343,0.99919343,0.00027923775,0.00010566869,0.00023301168,1.3604015e-10,4.4608086e-09,5.966533e-13,0.00018862198
360,114_00104,114,104,0,N,0,N,0,N,0.9972395,0.9972395,0.000117281845,0.0023748192,0.00012853208,1.557246e-10,1.3212886e-08,1.6306464e-12,0.00013988663
361,114_00105,114,105,0,N,0,N,0,N,0.99775183,0.99775183,0.00065554987,0.0011599355,0.00015806076,1.1179436e-10,8.26008e-09,4.723402e-13,0.00027445803
362,114_00106,114,106,0,N,0,N,0,N,0.9915864,0.9915864,0.0056422506,0.0018506377,0.00078416814,2.5595863e-09,3.267063e-08,3.2520854e-12,0.00013643326
363,114_00107,114,107,0,N,0,N,0,N,0.97314465,0.97314465,0.023664933,0.0023505571,0.00030123346,4.5277524e-09,3.1242593e-08,7.873675e-12,0.00053864083
364,114_00108,114,108,0,N,0,N,0,N,0.5414762,0.5414762,0.427437,0.02668991,0.0009422753,8.1569056e-08,1.0773134e-07,1.9117828e-10,0.003454387
365,114_00109,114,109,0,N,0,N,1,LBBB,0.4834569,0.47827536,0.4834569,0.031026132,0.002781045,1.231052e-07,8.399482e-08,2.5066857e-10,0.00446041
366,114_00110,114,110,0,N,0,N,1,LBBB,0.8987074,0.046611253,0.8987074,0.052986935,0.000871256,1.3709119e-07,3.9051315e-08,1.0816755e-10,0.0008230765
367,114_00111,114,111,0,N,0,N,1,LBBB,0.8609049,0.124893226,0.8609049,0.012149096,0.0006879023,8.94633e-08,1.5069602e-08,7.9659924e-11,0.0013648449
368,114_00112,114,112,0,N,0,N,1,LBBB,0.99045265,0.004373025,0.99045265,0.0048542917,0.00010807173,2.2374888e-07,8.055947e-09,2.1352475e-10,0.0002117389
369,114_00113,114,113,0,N,0,N,0,N,0.7333664,0.7333664,0.22490233,0.028034842,0.00907396,1.8531514e-07,1.7026129e-07,7.8668017e-10,0.004622188
370,114_00114,114,114,0,N,0,N,1,LBBB,0.6486872,0.13916539,0.6486872,0.20715104,0.0035758677,2.0268263e-07,2.4533628e-07,1.7041524e-10,0.0014202131
371,114_00115,114,115,0,N,0,N,1,LBBB,0.62540007,0.34809187,0.62540007,0.02277584,0.0010532421,7.838877e-08,7.957714e-08,1.1075993e-10,0.0026788453
372,114_00116,114,116,0,N,0,N,1,LBBB,0.84195954,0.13174413,0.84195954,0.022011783,0.0019549523,3.6446534e-07,7.1869536e-08,8.879468e-10,0.0023291185
373,114_00117,114,117,0,N,0,N,1,LBBB,0.5581975,0.36963737,0.5581975,0.065671265,0.004827471,4.3088556e-07,1.5431156e-07,7.632357e-10,0.0016657611
374,114_00118,114,118,0,N,0,N,1,LBBB,0.7783098,0.20512725,0.7783098,0.012318091,0.0007653234,4.4730427e-07,8.827755e-08,1.9463366e-09,0.00347893
375,114_00119,114,119,0,N,0,N,1,LBBB,0.7580576,0.21188477,0.7580576,0.021293405,0.0034599197,5.8807746e-07,2.9180572e-07,3.192057e-09,0.005303556
376,114_00120,114,120,0,N,0,N,0,N,0.8931701,0.8931701,0.0908241,0.011833681,0.0037490265,7.5313984e-08,2.0977257e-08,6.911228e-11,0.00042289402
377,114_00121,114,121,0,N,0,N,0,N,0.92627215,0.92627215,0.06670081,0.0033776015,0.0012984396,4.2380268e-08,3.292549e-08,1.8602937e-10,0.002351011
378,114_00122,114,122,0,N,0,N,0,N,0.9609934,0.9609934,0.021687178,0.015191984,0.0015255786,3.4788826e-08,1.4236645e-07,1.0366296e-10,0.0006015837
379,114_00123,114,123,0,N,0,N,0,N,0.95011437,0.95011437,0.033526316,0.0125717465,0.0021423504,1.746238e-08,1.2952353e-07,4.2730226e-11,0.0016450433
380,114_00124,114,124,0,N,0,N,0,N,0.81736374,0.81736374,0.13443848,0.04520742,0.0013426769,6.9091485e-08,1.6665098e-07,1.0694797e-10,0.0016473484
381,114_00125,114,125,0,N,0,N,1,LBBB,0.573345,0.40590814,0.573345,0.01650359,0.0018384968,1.761832e-07,1.4820374e-07,1.9618632e-10,0.0024044847
382,114_00126,114,126,0,N,0,N,0,N,0.5526335,0.5526335,0.38785776,0.052989002,0.0027030653,1.4773836e-07,2.9134597e-07,3.507715e-10,0.0038162216
383,114_00127,114,127,0,N,0,N,0,N,0.85419226,0.85419226,0.1164395,0.024912806,0.0031008094,3.6714823e-08,5.2740326e-08,4.762422e-11,0.0013546472
384,114_00128,114,128,0,N,0,N,0,N,0.70564765,0.70564765,0.28428638,0.00802114,0.0011314522,9.471725e-08,3.485297e-08,5.783947e-11,0.0009132477
385,114_00129,114,129,0,N,0,N,0,N,0.6120381,0.6120381,0.3717463,0.010959982,0.0017060103,2.424232e-07,2.951772e-07,5.771822e-10,0.0035492142
386,114_00130,114,130,0,N,0,N,0,N,0.51337504,0.51337504,0.4436582,0.038055677,0.0021196117,1.7783724e-07,1.8201877e-07,2.9368774e-10,0.00279119
387,114_00131,114,131,0,N,0,N,0,N,0.6282202,0.6282202,0.3520506,0.016901352,0.0017220014,8.50021e-08,2.8354807e-08,7.167105e-11,0.0011057144
388,114_00132,114,132,0,N,0,N,0,N,0.71625596,0.71625596,0.26180384,0.015108338,0.0020844077,8.6780474e-08,1.0821181e-07,3.604885e-10,0.0047472855
389,114_00133,114,133,0,N,0,N,0,N,0.38269866,0.38269866,0.33624595,0.2765327,0.0025004935,1.5757603e-07,3.6508405e-07,2.9942696e-10,0.002021654
390,114_00134,114,134,0,N,0,N,1,LBBB,0.4907473,0.46483052,0.4907473,0.03752686,0.0014851394,6.6704295e-08,4.0318998e-08,1.3629578e-10,0.005410007
391,114_00135,114,135,0,N,0,N,1,LBBB,0.7735249,0.11567551,0.7735249,0.10164147,0.006770046,4.066944e-07,2.4695177e-07,6.0390537e-10,0.0023873653
392,114_00136,114,136,0,N,0,N,0,N,0.49128038,0.49128038,0.41527715,0.086646,0.0030666862,7.927531e-08,1.01280236e-07,1.1589338e-10,0.0037296305
393,114_00137,114,137,0,N,0,N,1,LBBB,0.69782394,0.23510547,0.69782394,0.060196128,0.0015860487,1.1058427e-07,6.076242e-08,2.4098934e-10,0.005288196
394,114_00138,114,138,0,N,0,N,1,LBBB,0.5495605,0.10832123,0.5495605,0.33801433,0.0030724206,7.086468e-08,8.99239e-08,7.151661e-11,0.0010314671
395,114_00139,114,139,0,N,0,N,0,N,0.8003577,0.8003577,0.19707657,0.0013928752,0.00068505434,4.6210236e-08,2.2188065e-09,2.7063985e-11,0.0004877457
396,114_00140,114,140,0,N,0,N,1,LBBB,0.74093413,0.24533348,0.74093413,0.005295202,0.0037886363,3.5930084e-06,1.6869217e-06,1.7547652e-08,0.004643289
397,114_00141,114,141,0,N,0,N,0,N,0.96740717,0.96740717,0.0058795237,0.020517034,0.0033709004,4.9119024e-09,2.347132e-07,5.2723402e-11,0.0028250848
398,114_00142,114,142,0,N,0,N,0,N,0.8506382,0.8506382,0.10684305,0.036212366,0.0033045523,3.939647e-08,5.8140316e-08,1.11730576e-10,0.0030017958
399,114_00143,114,143,0,N,0,N,0,N,0.6570066,0.6570066,0.2774115,0.052695487,0.006067325,1.8414407e-07,3.706017e-07,8.182595e-10,0.00681847
400,114_00144,114,144,0,N,0,N,0,N,0.66634893,0.66634893,0.19195259,0.13585527,0.0033963074,8.160816e-08,1.09038325e-07,1.4072164e-10,0.0024467455
401,114_00145,114,145,0,N,0,N,1,LBBB,0.8330145,0.14648505,0.8330145,0.01821887,0.0006767998,1.3751627e-07,1.6309006e-08,1.286481e-10,0.0016047566
402,114_00146,114,146,0,N,0,N,1,LBBB,0.86901355,0.015437052,0.86901355,0.11437405,0.00049781584,1.7735117e-07,1.3876316e-07,2.2401003e-10,0.000677282
403,114_00147,114,147,0,N,0,N,1,LBBB,0.8329843,0.11887727,0.8329843,0.045500465,0.0010195591,1.05017804e-07,3.1070368e-08,1.4568373e-10,0.0016182716
404,114_00148,114,148,0,N,0,N,1,LBBB,0.74800825,0.2316742,0.74800825,0.015511734,0.003128349,4.4433253e-07,1.0665872e-07,5.065938e-10,0.0016769598
405,114_00149,114,149,0,N,0,N,0,N,0.5065727,0.5065727,0.36697423,0.12004512,0.0045277877,1.6458998e-07,2.635046e-07,1.625759e-10,0.0018796517
406,114_00150,114,150,0,N,0,N,0,N,0.7495223,0.7495223,0.22895028,0.019179309,0.00064507115,4.041898e-08,2.9294341e-08,5.6720982e-11,0.0017028919
407,114_00151,114,151,0,N,0,N,0,N,0.55433416,0.55433416,0.42235878,0.015174668,0.004498353,2.998395e-07,2.357567e-07,9.519202e-10,0.0036334018
408,114_00152,114,152,0,N,0,N,0,N,0.834172,0.834172,0.10255536,0.05851592,0.002340186,7.782283e-08,2.6493106e-07,3.3020808e-10,0.0024161807
409,114_00153,114,153,0,N,0,N,0,N,0.941953,0.941953,0.0495049,0.006474528,0.0010698204,1.8104537e-08,1.3997788e-08,3.4394872e-11,0.0009976916
410,114_00154,114,154,0,N,0,N,0,N,0.86037344,0.86037344,0.12745677,0.004132298,0.005877746,2.451879e-07,2.0153531e-07,1.0245633e-09,0.0021591976
411,114_00155,114,155,0,N,0,N,0,N,0.9840378,0.9840378,0.0047158552,0.008414164,0.0016680466,1.273738e-08,1.7791493e-07,1.0275839e-10,0.0011638142
412,114_00156,114,156,0,N,0,N,0,N,0.9855486,0.9855486,0.006930422,0.0052184663,0.00076543854,3.4650085e-09,2.0337252e-08,1.3832799e-11,0.0015371115
413,114_00157,114,157,0,N,0,N,0,N,0.61329293,0.61329293,0.27510336,0.10427629,0.0033166949,1.4017267e-07,3.718738e-07,2.7593633e-10,0.0040101903
414,114_00158,114,158,0,N,0,N,0,N,0.94224447,0.94224447,0.04663254,0.008948538,0.0007692465,9.322371e-09,2.2073133e-08,2.766544e-11,0.0014052682
415,114_00159,114,159,0,N,0,N,0,N,0.8289595,0.8289595,0.14952731,0.0144251315,0.0056027574,1.4250845e-07,1.4052631e-07,2.2892381e-10,0.0014851572
416,114_00160,114,160,0,N,0,N,0,N,0.9186518,0.9186518,0.052795835,0.025317216,0.0012015679,2.1680508e-08,1.4041878e-07,7.341941e-11,0.002033404
417,114_00161,114,161,0,N,0,N,0,N,0.803766,0.803766,0.16749981,0.025206968,0.0010070688,5.3515524e-08,6.050609e-08,1.3446315e-10,0.0025200548
418,114_00162,114,162,0,N,0,N,1,LBBB,0.821031,0.1590362,0.821031,0.017253868,0.0013951582,4.3974745e-07,9.626099e-08,4.0128317e-10,0.0012833375
419,114_00163,114,163,0,N,0,N,0,N,0.7797073,0.7797073,0.19754684,0.014061962,0.005878679,1.619556e-07,2.9500424e-07,3.3939643e-10,0.0028047573
420,114_00164,114,164,0,N,0,N,0,N,0.9250415,0.9250415,0.055241175,0.016043935,0.0026938783,7.3001175e-08,1.3111533e-07,1.1921558e-10,0.0009791947
421,114_00165,114,165,0,N,0,N,0,N,0.7399582,0.7399582,0.22998098,0.021464383,0.00320169,7.476747e-08,3.0459037e-07,2.2184023e-10,0.0053942464
422,114_00166,114,166,0,N,0,N,0,N,0.8704857,0.8704857,0.093201436,0.032063074,0.0018918,6.821845e-08,1.5066432e-07,2.1261719e-10,0.0023576163
423,114_00167,114,167,0,N,0,N,1,LBBB,0.60595304,0.3147792,0.60595304,0.0743425,0.0028959655,1.9908576e-07,9.831099e-08,1.3170746e-10,0.0020289877
424,114_00168,114,168,0,N,0,N,1,LBBB,0.7040712,0.23473327,0.7040712,0.05690682,0.0019413377,2.0358766e-07,2.4795324e-07,2.6307495e-10,0.0023468782
425,114_00169,114,169,0,N,0,N,1,LBBB,0.57977325,0.38205507,0.57977325,0.032719754,0.0021816883,2.0802699e-07,1.3664318e-07,3.095261e-10,0.0032698556
426,114_00170,114,170,0,N,0,N,1,LBBB,0.9004364,0.051615726,0.9004364,0.045129076,0.0020954958,3.2332963e-07,1.5765734e-07,2.3420152e-10,0.0007229219
427,114_00171,114,171,0,N,0,N,1,LBBB,0.58481365,0.39274517,0.58481365,0.016878545,0.0020823735,2.8215646e-07,1.5989865e-07,6.5459754e-10,0.003479806
428,114_00172,114,172,0,N,0,N,1,LBBB,0.7232505,0.21451584,0.7232505,0.056766525,0.0032100168,7.948618e-07,3.9180904e-07,9.344406e-10,0.0022558812
429,114_00173,114,173,0,N,0,N,0,N,0.88706017,0.88706017,0.074479826,0.02626139,0.0073896446,2.4315678e-08,2.2711541e-07,4.1134377e-11,0.0048087533
430,114_00174,114,174,0,N,0,N,0,N,0.8173944,0.8173944,0.09632945,0.08195624,0.0035894301,3.8849294e-08,9.796601e-08,1.6814062e-11,0.00073032343
431,114_00175,114,175,0,N,0,N,0,N,0.9228332,0.9228332,0.07235189,0.0032485616,0.0006378087,9.066493e-09,2.0057657e-08,8.017026e-12,0.0009285104
432,114_00176,114,176,0,N,0,N,0,N,0.75370485,0.75370485,0.22212961,0.018421322,0.002317252,1.530654e-07,2.500115e-07,6.0748334e-10,0.003426447
433,114_00177,114,177,0,N,0,N,0,N,0.93513966,0.93513966,0.049106132,0.0135219125,0.0012509464,2.5110499e-08,4.140961e-08,7.028259e-11,0.0009811906
434,114_00178,114,178,0,N,0,N,0,N,0.9386569,0.9386569,0.04903867,0.008942968,0.0018857456,3.9363503e-08,4.8476238e-08,1.3786337e-10,0.001475677
435,114_00179,114,179,0,N,0,N,0,N,0.86261356,0.86261356,0.08523045,0.0450044,0.0027857975,4.305267e-08,1.7611944e-07,1.7607063e-10,0.004365605
436,114_00180,114,180,0,N,0,N,0,N,0.92373204,0.92373204,0.043477643,0.028590774,0.0029145698,1.6785012e-08,7.634267e-08,3.4118288e-11,0.0012849392
437,114_00181,114,181,0,N,0,N,0,N,0.9343794,0.9343794,0.055578332,0.0076247635,0.0013885138,2.0199284e-08,1.6460536e-08,2.6370734e-11,0.001028852
438,114_00182,114,182,0,N,0,N,0,N,0.53169733,0.53169733,0.42565572,0.038506217,0.0019735424,2.2386837e-07,2.1181084e-07,3.1659697e-10,0.0021666978
439,114_00183,114,183,0,N,0,N,0,N,0.70118576,0.70118576,0.24365252,0.04812226,0.0018868189,1.02849974e-07,2.689736e-07,3.8769465e-10,0.005152261
440,114_00184,114,184,0,N,0,N,1,LBBB,0.5556532,0.3967395,0.5556532,0.038181327,0.005823201,3.80705e-07,2.4018044e-07,7.1651074e-10,0.0036021336
441,114_00185,114,185,0,N,0,N,0,N,0.6658352,0.6658352,0.24184425,0.08157294,0.0073092966,1.4766583e-07,5.21955e-07,3.973652e-10,0.0034376227
442,114_00186,114,186,0,N,0,N,0,N,0.8495405,0.8495405,0.11160563,0.03543082,0.0012137057,2.575914e-08,2.4836098e-08,5.0818665e-11,0.002209431
443,114_00187,114,187,0,N,0,N,1,LBBB,0.5611427,0.39853108,0.5611427,0.03272297,0.004492996,2.59552e-07,1.1434111e-07,4.6839427e-10,0.0031098574
444,114_00188,114,188,0,N,0,N,0,N,0.86943156,0.86943156,0.10812323,0.017927982,0.0031796643,7.688296e-08,1.3981833e-07,1.8651065e-10,0.0013372309
445,114_00189,114,189,0,N,0,N,0,N,0.97259754,0.97259754,0.020156369,0.0048878067,0.0013632429,1.7550969e-08,3.6054722e-08,4.9851335e-11,0.0009950681
446,114_00190,114,190,0,N,0,N,0,N,0.91264886,0.91264886,0.059182886,0.021704823,0.003977664,4.7778617e-08,2.1836763e-07,1.3434552e-10,0.0024856227
447,114_00191,114,191,0,N,0,N,0,N,0.97792655,0.97792655,0.009476815,0.009361014,0.002242697,7.3732482e-09,1.1878888e-07,3.163784e-11,0.0009927589
448,114_00192,114,192,0,N,0,N,0,N,0.98711884,0.98711884,0.0062018377,0.005143512,0.00085529906,2.9002614e-09,1.519924e-08,8.510227e-12,0.00068051723
449,114_00193,114,193,0,N,0,N,0,N,0.87280893,0.87280893,0.09436932,0.027616814,0.0029125721,4.3228535e-08,1.3614306e-07,1.0233646e-10,0.0022922691
450,114_00194,114,194,0,N,0,N,0,N,0.9359148,0.9359148,0.048308395,0.012445177,0.0014258303,2.2328006e-08,1.0670275e-07,7.2720864e-11,0.0019057341
451,114_00195,114,195,0,N,0,N,0,N,0.78709507,0.78709507,0.16220395,0.042420845,0.0053698053,7.232249e-08,1.9702367e-07,9.669205e-11,0.0029100585
452,114_00196,114,196,0,N,0,N,0,N,0.7484258,0.7484258,0.19707422,0.050040867,0.0030326322,6.13367e-08,1.3357834e-07,5.92011e-11,0.0014262503
453,114_00197,114,197,0,N,0,N,0,N,0.801213,0.801213,0.17532049,0.0178325,0.0020154337,2.4683613e-08,5.8560353e-08,4.1873647e-11,0.0036184553
454,114_00198,114,198,0,N,0,N,0,N,0.6235232,0.6235232,0.3241577,0.049315736,0.001655147,1.0493803e-07,5.271264e-08,1.02723455e-10,0.00134803
455,114_00199,114,199,0,N,0,N,0,N,0.79060614,0.79060614,0.18439426,0.021146813,0.0026246114,3.8559527e-08,3.938745e-08,3.5241705e-11,0.0012281548
456,114_00200,114,200,0,N,0,N,0,N,0.49511266,0.49511266,0.46535623,0.03488729,0.0011944232,1.9570403e-07,1.3388102e-07,3.2169184e-10,0.0034489785
457,114_00201,114,201,0,N,0,N,0,N,0.57060105,0.57060105,0.3689536,0.047649775,0.008242345,1.9593003e-07,5.358219e-07,3.6531186e-10,0.0045524226
458,114_00202,114,202,0,N,0,N,0,N,0.7230215,0.7230215,0.21447532,0.053388555,0.006432971,8.2747775e-08,1.5263892e-07,1.2132359e-10,0.002681339
459,114_00203,114,203,0,N,0,N,0,N,0.9914009,0.9914009,0.004542785,0.0020338634,0.0009771528,1.3288939e-09,7.717164e-09,4.3198158e-12,0.0010452851
460,114_00204,114,204,0,N,0,N,0,N,0.9960142,0.9960142,0.0004313825,0.0021538641,0.001286737,9.425445e-10,1.3562916e-08,2.0379072e-12,0.00011384735
461,114_00205,114,205,0,N,0,N,0,N,0.9777087,0.9777087,0.0071839904,0.014250385,0.000110055335,2.2718347e-09,5.0394327e-08,7.617498e-12,0.0007468889
462,114_00206,114,206,0,N,0,N,0,N,0.9108033,0.9108033,0.07198344,0.012500725,0.0009905215,2.510557e-08,4.0098524e-07,2.1041745e-10,0.003721608
463,114_00207,114,207,0,N,0,N,1,LBBB,0.7153153,0.25573525,0.7153153,0.022755088,0.0028736035,1.3205495e-06,8.9024877e-07,5.417762e-09,0.0033186509
464,114_00208,114,208,0,N,0,N,0,N,0.7817946,0.7817946,0.19324872,0.0097191855,0.010827443,1.6780251e-07,1.2965032e-07,7.4030354e-10,0.004409727
465,114_00209,114,209,0,N,0,N,1,LBBB,0.4391006,0.36665806,0.4391006,0.18576817,0.0058562853,8.740764e-07,6.6209947e-07,2.7413816e-09,0.0026153738
466,114_00210,114,210,0,N,0,N,0,N,0.5720139,0.5720139,0.38960746,0.018928673,0.0015904473,2.608854e-07,1.9635412e-07,3.8570556e-09,0.017858984
467,114_00211,114,211,0,N,0,N,0,N,0.6023402,0.6023402,0.21532589,0.13563238,0.042348072,1.1061743e-06,1.8397853e-06,6.7584587e-09,0.004350538
468,114_00212,114,212,0,N,0,N,0,N,0.6152871,0.6152871,0.2532129,0.12760387,0.0018676376,1.157925e-07,8.884353e-08,1.3701068e-10,0.0020281977
469,114_00213,114,213,0,N,0,N,1,LBBB,0.83548313,0.15248762,0.83548313,0.007642708,0.0010567183,4.995891e-07,1.179664e-07,1.6809779e-09,0.003329181
470,114_00214,114,214,0,N,0,N,1,LBBB,0.72993267,0.21413195,0.72993267,0.042280488,0.009030518,2.367168e-06,8.978503e-07,1.535542e-08,0.004621084
471,114_00215,114,215,0,N,0,N,0,N,0.64588165,0.64588165,0.2388557,0.10207468,0.008562018,2.7093677e-07,3.1636839e-07,1.2531401e-09,0.004625298
472,114_00216,114,216,0,N,0,N,0,N,0.69593215,0.69593215,0.21458995,0.08342915,0.0013273866,4.7127326e-08,3.427628e-08,1.5006692e-10,0.0047212667
473,114_00217,114,217,0,N,0,N,0,N,0.69548756,0.69548756,0.2503674,0.04427866,0.007628368,1.889771e-07,7.332264e-08,6.6474815e-10,0.0022377113
474,114_00218,114,218,0,N,0,N,0,N,0.9080142,0.9080142,0.07387061,0.014120506,0.0023586506,8.350356e-08,7.7802405e-08,2.5348004e-10,0.0016358749
475,114_00219,114,219,6,NPC,0,N,0,N,0.8666361,0.8666361,0.100703545,0.027989311,0.002939254,1.0268228e-07,1.5797777e-07,2.3134304e-10,0.0017314984
476,114_00220,114,220,0,N,6,NPC,1,LBBB,0.79483134,0.1440144,0.79483134,0.056149047,0.00020100478,7.384774e-08,7.335878e-08,2.9464914e-10,0.0048040403
477,114_00221,114,221,0,N,0,N,1,LBBB,0.9101995,0.0308153,0.9101995,0.058051594,0.0003396653,1.04096976e-07,1.3698051e-08,1.4567195e-10,0.00059385103
478,114_00222,114,222,0,N,0,N,1,LBBB,0.9559196,0.030727707,0.9559196,0.012109901,0.0006472447,2.6571266e-07,1.1939435e-08,3.2012126e-10,0.0005952823
479,114_00223,114,223,0,N,0,N,1,LBBB,0.3898888,0.38455972,0.3898888,0.21297693,0.0103294235,2.1207366e-07,5.6164436e-07,5.143614e-10,0.0022443002
480,114_00224,114,224,0,N,0,N,0,N,0.57904506,0.57904506,0.37133813,0.045380875,0.00095207756,6.1892095e-08,4.022229e-08,1.4210359e-10,0.0032836904
481,114_00225,114,225,0,N,0,N,1,LBBB,0.6486394,0.3214745,0.6486394,0.022106454,0.004530792,4.8713565e-07,1.0226238e-07,1.3005462e-09,0.0032482282
482,114_00226,114,226,0,N,0,N,1,LBBB,0.4863847,0.4709978,0.4863847,0.0348384,0.0042254166,7.1909386e-07,2.1189217e-07,2.103172e-09,0.0035526443
483,114_00227,114,227,0,N,0,N,0,N,0.6853697,0.6853697,0.2853397,0.019371122,0.005247432,3.3494337e-07,2.4660977e-07,1.3064448e-09,0.00467152
484,114_00228,114,228,0,N,0,N,0,N,0.6907698,0.6907698,0.2536279,0.043211438,0.0056401165,2.7251318e-07,4.831625e-07,1.690887e-09,0.0067500556
485,114_00229,114,229,0,N,0,N,0,N,0.8834005,0.8834005,0.0860346,0.022261783,0.004781339,8.077756e-08,1.1922346e-07,4.6260165e-10,0.0035214908
486,114_00230,114,230,0,N,0,N,0,N,0.9202862,0.9202862,0.06168818,0.010494088,0.00586455,1.1752887e-07,1.0226785e-07,3.2505007e-10,0.0016668758
487,114_00231,114,231,0,N,0,N,0,N,0.96539265,0.96539265,0.029006474,0.0027195646,0.0014515006,2.7369602e-08,5.8352132e-08,1.09109784e-10,0.001429697
488,114_00232,114,232,0,N,0,N,0,N,0.9950437,0.9950437,0.003146329,0.00078157306,0.0008440997,3.79657e-09,1.2318919e-08,1.3582049e-11,0.00018434238
489,114_00233,114,233,0,N,0,N,0,N,0.99418616,0.99418616,0.004288497,0.00096063456,0.00024215893,2.4050446e-09,1.42717e-08,9.6520986e-12,0.00032253744
490,114_00234,114,234,0,N,0,N,0,N,0.9327355,0.9327355,0.03254359,0.03191163,0.0012790442,1.0442613e-08,1.3201286e-07,2.8926302e-11,0.0015301105
491,114_00235,114,235,0,N,0,N,0,N,0.8146303,0.8146303,0.14500372,0.035385523,0.00083161966,2.0178025e-08,3.5258182e-08,5.3158384e-11,0.004148806
492,114_00236,114,236,0,N,0,N,0,N,0.6257284,0.6257284,0.30895525,0.054703366,0.009307765,2.0593576e-07,1.4573232e-07,1.8129737e-10,0.0013047607
493,114_00237,114,237,0,N,0,N,0,N,0.8721788,0.8721788,0.11357833,0.010690459,0.0011710381,3.3703834e-08,4.5881162e-08,6.169409e-11,0.0023812726
494,114_00238,114,238,0,N,0,N,1,LBBB,0.542108,0.37288433,0.542108,0.079914846,0.0019622338,2.207259e-07,2.0797881e-07,4.4685186e-10,0.003130246
495,114_00239,114,239,0,N,0,N,0,N,0.5101065,0.5101065,0.44851544,0.03595934,0.0015372308,1.0122126e-07,7.762902e-08,2.753265e-10,0.0038811872
496,114_00240,114,240,0,N,0,N,1,LBBB,0.57182896,0.36305845,0.57182896,0.06061318,0.0030049286,2.3616865e-07,7.403364e-08,1.7941978e-10,0.0014942143
497,114_00241,114,241,0,N,0,N,1,LBBB,0.59050775,0.3910283,0.59050775,0.014688845,0.0019377538,1.6204679e-07,9.224901e-08,1.8658096e-10,0.0018370664
498,114_00242,114,242,0,N,0,N,1,LBBB,0.6887317,0.28207946,0.6887317,0.025449764,0.0011814743,1.793967e-07,1.07124094e-07,2.0112267e-10,0.0025573517
499,114_00243,114,243,0,N,0,N,1,LBBB,0.63417673,0.3513038,0.63417673,0.010857817,0.0023844829,3.114184e-07,5.0185516e-08,3.8106046e-10,0.0012767776
500,114_00244,114,244,0,N,0,N,0,N,0.6478511,0.6478511,0.33249563,0.010672278,0.0046151443,4.2326187e-07,2.1756634e-07,1.4519839e-09,0.0043652738
501,114_00245,114,245,0,N,0,N,0,N,0.6913264,0.6913264,0.21537432,0.084540665,0.0044658994,1.827057e-07,4.19361e-07,3.6408573e-10,0.0042921784
502,114_00246,114,246,0,N,0,N,1,LBBB,0.6796081,0.25208122,0.6796081,0.06506926,0.0017071435,1.6291112e-07,1.04946665e-07,1.2131587e-10,0.0015340104
503,114_00247,114,247,0,N,0,N,1,LBBB,0.7651895,0.21770933,0.7651895,0.012260675,0.001319376,2.532587e-07,7.659169e-08,5.3684573e-10,0.0035207595
504,114_00248,114,248,0,N,0,N,1,LBBB,0.75209206,0.14567086,0.75209206,0.089566894,0.009255209,7.971693e-07,6.0604447e-07,1.871812e-09,0.0034134968
505,114_00249,114,249,0,N,0,N,0,N,0.4895621,0.4895621,0.44687715,0.0556742,0.0032273142,1.9104978e-07,1.7793249e-07,4.2407974e-10,0.0046589477
506,114_00250,114,250,0,N,0,N,1,LBBB,0.6351795,0.32526618,0.6351795,0.029717831,0.005775989,2.9018767e-07,1.0476548e-07,4.705445e-10,0.0040601543
507,114_00251,114,251,0,N,0,N,0,N,0.87132454,0.87132454,0.110349976,0.01088665,0.0060427915,8.465457e-08,5.908602e-08,1.7414017e-10,0.0013959564
508,114_00252,114,252,0,N,0,N,0,N,0.63656396,0.63656396,0.3107861,0.044331957,0.0012254613,1.3180232e-07,1.3531671e-07,7.8260126e-10,0.007092169
509,114_00253,114,253,0,N,0,N,0,N,0.8470866,0.8470866,0.11714553,0.025356712,0.0053653545,1.1033344e-07,1.0041443e-07,1.0446558e-09,0.0050455215
510,114_00254,114,254,0,N,0,N,0,N,0.6755037,0.6755037,0.2551456,0.04898384,0.014077087,6.536842e-07,4.202469e-07,3.4262118e-09,0.0062887827
511,114_00255,114,255,0,N,0,N,0,N,0.8193879,0.8193879,0.0644296,0.09948345,0.009948691,7.640276e-08,4.343845e-07,5.08709e-10,0.0067498037
512,114_00256,114,256,0,N,0,N,0,N,0.889882,0.889882,0.0481583,0.050849266,0.0064048683,4.4243087e-08,1.4079507e-07,1.5826186e-10,0.004705449
513,114_00257,114,257,0,N,0,N,0,N,0.92535514,0.92535514,0.034185044,0.026842667,0.01138647,5.2644967e-08,1.8485385e-07,7.5037e-11,0.0022304384
514,114_00258,114,258,0,N,0,N,0,N,0.9754873,0.9754873,0.019715535,0.0034451543,0.00094448647,3.9606993e-09,2.0108681e-08,2.027656e-12,0.0004075534
515,114_00259,114,259,0,N,0,N,0,N,0.98417753,0.98417753,0.013510546,0.0015026821,0.00053855823,6.643583e-09,1.8976522e-08,2.0707668e-11,0.0002705986
516,114_00260,114,260,0,N,0,N,0,N,0.99078435,0.99078435,0.004725424,0.0035144899,0.00031070225,2.7489264e-09,3.7277513e-08,1.7245098e-11,0.0006650102
517,114_00261,114,261,0,N,0,N,0,N,0.64296305,0.64296305,0.1611867,0.19234829,0.0018754185,1.1060611e-07,5.158003e-07,1.5119249e-10,0.0016258877
518,114_00262,114,262,0,N,0,N,1,LBBB,0.5047313,0.40540057,0.5047313,0.08069407,0.004206832,9.0925774e-08,4.4453847e-07,1.3726494e-10,0.004966726
519,114_00263,114,263,0,N,0,N,0,N,0.596628,0.596628,0.33132255,0.05307481,0.013422312,9.63877e-08,1.8788829e-07,1.6163444e-10,0.0055521354
520,114_00264,114,264,0,N,0,N,0,N,0.96713585,0.96713585,0.0094126975,0.019626122,0.0031465387,7.899781e-09,2.4890038e-08,8.360323e-12,0.0006786873
521,114_00265,114,265,0,N,0,N,0,N,0.9078463,0.9078463,0.06317708,0.023457065,0.0041437047,2.7526417e-08,9.679287e-08,2.629407e-11,0.0013758407
522,114_00266,114,266,0,N,0,N,0,N,0.9770627,0.9770627,0.017705932,0.0022039402,0.0012237843,1.1696539e-08,1.5550445e-07,6.447644e-11,0.0018034707
523,114_00267,114,267,0,N,0,N,0,N,0.9718656,0.9718656,0.011344535,0.008086751,0.006115886,2.8512998e-08,2.6070066e-07,3.576778e-10,0.002586984
524,114_00268,114,268,0,N,0,N,0,N,0.9755222,0.9755222,0.0047392794,0.017635852,0.0012795633,7.544233e-09,5.457894e-08,5.160321e-11,0.00082303915
525,114_00269,114,269,0,N,0,N,0,N,0.996645,0.996645,0.0006919363,0.0014291379,0.00070016045,7.6211004e-10,1.075361e-08,6.1304048e-12,0.0005337666
526,114_00270,114,270,0,N,0,N,0,N,0.94058764,0.94058764,0.016389854,0.03096202,0.010950118,4.0600508e-08,4.935021e-07,1.3675537e-10,0.0011099325
527,114_00271,114,271,0,N,0,N,0,N,0.9940964,0.9940964,0.0035025193,0.001425531,0.0004036253,2.5226325e-09,4.9849785e-08,1.34351e-11,0.0005719375
528,114_00272,114,272,0,N,0,N,0,N,0.65981895,0.65981895,0.28139308,0.036352392,0.0122488355,7.926749e-07,1.3983786e-06,4.8040985e-09,0.010184527
529,114_00273,114,273,0,N,0,N,0,N,0.7101075,0.7101075,0.14989935,0.12625729,0.0037318198,7.976223e-08,2.736452e-07,3.13563e-10,0.01000365
530,114_00274,114,274,0,N,0,N,0,N,0.50618964,0.50618964,0.31227103,0.16730277,0.011883189,5.0923532e-08,7.5619255e-08,4.498722e-11,0.0023532338
531,114_00275,114,275,0,N,0,N,1,LBBB,0.73026305,0.19825096,0.73026305,0.07031701,0.00025350574,3.4111e-08,7.947017e-09,1.707809e-11,0.0009153555
532,114_00276,114,276,0,N,0,N,1,LBBB,0.9715521,0.020822372,0.9715521,0.0071542,0.00010686899,9.2116224e-08,2.530334e-09,7.122254e-11,0.00036441124
533,114_00277,114,277,0,N,0,N,1,LBBB,0.9759428,0.018804874,0.9759428,0.0046975836,0.00022722509,4.908134e-07,1.7333766e-08,8.612609e-10,0.00032703503
534,114_00278,114,278,0,N,0,N,1,LBBB,0.44356456,0.41726795,0.44356456,0.12685579,0.007998722,3.2167162e-07,2.5732405e-07,1.6712186e-09,0.004312418
535,114_00279,114,279,0,N,0,N,0,N,0.8111732,0.8111732,0.11822197,0.064957075,0.0025274402,3.3048185e-08,4.0501135e-08,1.0395691e-10,0.0031203814
536,114_00280,114,280,0,N,0,N,0,N,0.91899985,0.91899985,0.047646925,0.026961545,0.0048151826,1.9005702e-08,2.2444649e-08,3.08078e-11,0.0015765993
537,114_00281,114,281,0,N,0,N,0,N,0.74505574,0.74505574,0.12701795,0.12212214,0.002136978,3.5326504e-08,9.110161e-08,9.806197e-11,0.0036671245
538,114_00282,114,282,0,N,0,N,1,LBBB,0.68571514,0.24275115,0.68571514,0.06952295,0.00069013366,8.2907654e-08,9.6094794e-08,1.0846498e-10,0.0013204685
539,114_00283,114,283,0,N,0,N,1,LBBB,0.97613984,0.012773725,0.97613984,0.010575187,0.00017142393,9.6648606e-08,7.0676562e-09,5.1922088e-11,0.0003397029
540,114_00284,114,284,0,N,0,N,1,LBBB,0.97559184,0.013150916,0.97559184,0.010310766,0.00040980044,2.674447e-07,1.0656467e-08,3.169287e-10,0.0005364486
541,114_00285,114,285,0,N,0,N,1,LBBB,0.9356006,0.021972215,0.9356006,0.04115477,0.0005986076,2.015374e-07,2.9997516e-08,2.4595753e-10,0.0006736696
542,114_00286,114,286,0,N,0,N,1,LBBB,0.77188224,0.20330521,0.77188224,0.020925721,0.00199132,2.39884e-07,2.811594e-08,3.8350664e-10,0.0018952062
543,114_00287,114,287,0,N,0,N,1,LBBB,0.79147565,0.17788072,0.79147565,0.024372214,0.004003467,1.066253e-06,1.4852944e-07,2.4441258e-09,0.0022668005
544,114_00288,114,288,0,N,0,N,1,LBBB,0.5087987,0.41211674,0.5087987,0.07222855,0.0030926727,3.6810164e-07,3.1439043e-07,9.243704e-10,0.0037627434
545,114_00289,114,289,0,N,0,N,1,LBBB,0.7129761,0.23548405,0.7129761,0.043777976,0.004005466,3.654812e-07,1.763898e-07,8.8960017e-10,0.0037558947
546,114_00290,114,290,0,N,0,N,1,LBBB,0.7439654,0.1931105,0.7439654,0.054595042,0.0033999197,5.3934184e-07,1.7571055e-07,1.315759e-09,0.004928414
547,114_00291,114,291,0,N,0,N,0,N,0.66418135,0.66418135,0.3122181,0.015474131,0.005848966,3.3095102e-07,9.0526775e-08,5.9027966e-10,0.0022769482
548,114_00292,114,292,0,N,0,N,0,N,0.82716554,0.82716554,0.14993131,0.008901195,0.008932834,1.9564557e-07,4.65293e-07,1.3946625e-09,0.005068426
549,114_00293,114,293,0,N,0,N,0,N,0.98214865,0.98214865,0.005202584,0.010705671,0.0014136817,5.6505667e-09,4.413849e-08,2.714848e-11,0.0005294238
550,114_00294,114,294,0,N,0,N,0,N,0.9737433,0.9737433,0.022925224,0.0022363907,0.00066228525,1.1623565e-08,1.0128648e-08,1.2769502e-11,0.00043284698
551,114_00295,114,295,0,N,0,N,0,N,0.8615387,0.8615387,0.12222143,0.009515946,0.003999104,6.3478424e-08,2.8015685e-07,1.5731756e-10,0.0027244694
552,114_00296,114,296,0,N,0,N,0,N,0.97913736,0.97913736,0.00910638,0.010669851,0.00045462258,4.819195e-09,1.9020119e-08,1.6854658e-11,0.0006316666
553,114_00297,114,297,0,N,0,N,0,N,0.4761311,0.4761311,0.36544383,0.15198413,0.0023755333,7.0533254e-08,1.14629664e-07,1.2409485e-10,0.004065125
554,114_00298,114,298,0,N,0,N,0,N,0.6094044,0.6094044,0.35384268,0.030726045,0.002685552,9.392596e-08,1.2781692e-07,1.8677314e-10,0.0033411589
555,114_00299,114,299,0,N,0,N,1,LBBB,0.74861664,0.14295067,0.74861664,0.103187636,0.0033547706,4.2876627e-07,2.625624e-07,5.562266e-10,0.0018896447
556,114_00300,114,300,0,N,0,N,1,LBBB,0.6435955,0.28450924,0.6435955,0.06222692,0.002585933,2.4990854e-07,2.3412073e-07,1.0892931e-09,0.0070818462
557,114_00301,114,301,0,N,0,N,1,LBBB,0.51449883,0.25564763,0.51449883,0.21842346,0.009429335,4.6447764e-07,7.406218e-07,1.0962294e-09,0.0019995777
558,114_00302,114,302,0,N,0,N,0,N,0.6751362,0.6751362,0.3009386,0.01976688,0.001889477,1.2468698e-07,3.381912e-08,1.888069e-10,0.0022686117
559,114_00303,114,303,0,N,0,N,1,LBBB,0.50687146,0.44661045,0.50687146,0.039304867,0.004692077,4.4709617e-07,3.526045e-07,6.868058e-10,0.0025202322
560,114_00304,114,304,0,N,0,N,0,N,0.77677155,0.77677155,0.18750373,0.0321045,0.001992873,1.08630225e-07,1.5745213e-07,1.5826274e-10,0.0016271824
561,114_00305,114,305,0,N,0,N,0,N,0.54938924,0.54938924,0.4074581,0.03576122,0.003783674,1.3338791e-07,1.752873e-07,1.3310765e-10,0.0036073644
562,114_00306,114,306,0,N,0,N,0,N,0.49298006,0.49298006,0.42990857,0.06891134,0.004177524,2.0792288e-07,5.618085e-07,3.0857533e-10,0.0040216562
563,114_00307,114,307,0,N,0,N,0,N,0.8584285,0.8584285,0.1266519,0.00962619,0.0037250968,5.6624504e-08,7.561806e-08,4.8178583e-11,0.0015680626
564,114_00308,114,308,0,N,0,N,0,N,0.8140003,0.8140003,0.16514048,0.010715783,0.0074029667,1.2341113e-07,2.3700053e-07,1.3377083e-10,0.0027400556
565,114_00309,114,309,0,N,0,N,0,N,0.79083794,0.79083794,0.14645462,0.057031035,0.0027642613,6.7852014e-08,4.7347905e-07,8.853136e-11,0.0029117006
566,114_00310,114,310,0,N,0,N,0,N,0.6734713,0.6734713,0.3048166,0.017523978,0.001988982,8.565704e-08,1.4356446e-07,6.568602e-11,0.0021990307
567,114_00311,114,311,0,N,0,N,1,LBBB,0.88303816,0.09157169,0.88303816,0.022116803,0.0018076617,3.17062e-07,1.7922135e-07,1.7316913e-10,0.0014650951
568,114_00312,114,312,0,N,0,N,1,LBBB,0.5054205,0.40111676,0.5054205,0.0877654,0.003412013,1.6002421e-07,2.97309e-07,1.3160076e-10,0.0022849168
569,114_00313,114,313,0,N,0,N,0,N,0.655695,0.655695,0.32412517,0.015779186,0.0030903562,1.0096227e-07,5.6474892e-08,3.0103812e-11,0.0013101336
570,114_00314,114,314,0,N,0,N,1,LBBB,0.70167524,0.22185464,0.70167524,0.0711811,0.0040051993,3.0981698e-07,7.629501e-07,1.304418e-10,0.0012826957
571,114_00315,114,315,0,N,0,N,0,N,0.9400902,0.9400902,0.05650065,0.0021083595,0.0005573638,1.07743e-08,2.169766e-08,9.619215e-12,0.0007434477
572,114_00316,114,316,0,N,0,N,0,N,0.5719527,0.5719527,0.41079336,0.009112284,0.0060645468,3.9133926e-07,3.230953e-07,6.3469907e-10,0.0020763525
573,114_00317,114,317,0,N,0,N,0,N,0.92195576,0.92195576,0.039781358,0.035234414,0.0011007118,2.306537e-08,2.2062878e-07,6.282557e-11,0.0019275506
574,114_00318,114,318,0,N,0,N,0,N,0.8475207,0.8475207,0.11425991,0.03340739,0.0039770007,3.3186613e-08,6.873285e-08,9.605299e-12,0.0008348387
575,114_00319,114,319,0,N,0,N,0,N,0.7904807,0.7904807,0.19607799,0.0082343975,0.0035314907,6.731963e-08,1.9892995e-07,2.9834083e-11,0.0016751464
576,114_00320,114,320,0,N,0,N,0,N,0.7181574,0.7181574,0.20934641,0.06687987,0.002821142,5.2021207e-08,3.9484664e-07,3.931422e-11,0.002794764
577,114_00321,114,321,0,N,0,N,0,N,0.58932877,0.58932877,0.3860908,0.017746545,0.0021253512,7.877358e-08,1.168613e-07,1.2045771e-10,0.0047083665
578,114_00322,114,322,0,N,0,N,1,LBBB,0.74127984,0.14631696,0.74127984,0.1040435,0.0063053835,6.4733484e-07,1.0994623e-06,5.911234e-10,0.002052661
579,114_00323,114,323,0,N,0,N,0,N,0.57428634,0.57428634,0.40830097,0.013240764,0.0026721354,1.2325933e-07,7.0788836e-08,4.571266e-11,0.0014996233
580,114_00324,114,324,0,N,0,N,0,N,0.7106321,0.7106321,0.2739749,0.006268821,0.0071497653,4.204613e-07,5.245186e-07,3.6405334e-10,0.0019734867
581,114_00325,114,325,0,N,0,N,0,N,0.74870837,0.74870837,0.19701707,0.04681791,0.0045849686,1.4054655e-07,7.992602e-07,1.284869e-10,0.0028707124
582,114_00326,114,326,0,N,0,N,0,N,0.7013392,0.7013392,0.27131534,0.02147454,0.003519798,8.494239e-08,3.3309203e-07,1.1448647e-10,0.0023507585
583,114_00327,114,327,0,N,0,N,0,N,0.59063524,0.59063524,0.3856433,0.02023878,0.001948783,1.9946174e-07,1.3428902e-07,1.6810792e-10,0.0015335925
584,114_00328,114,328,0,N,0,N,0,N,0.54806995,0.54806995,0.44330588,0.005647131,0.0018844756,2.656244e-07,5.9321913e-08,2.2734654e-10,0.001092199
585,114_00329,114,329,0,N,0,N,0,N,0.808136,0.808136,0.18750066,0.0020990307,0.0015263545,3.428863e-07,1.5224282e-07,7.523403e-10,0.0007373862
586,114_00330,114,330,0,N,0,N,0,N,0.98593795,0.98593795,0.0106845815,0.0012884416,0.0013643311,2.4465526e-08,1.3084411e-07,1.4824227e-10,0.0007245338
587,114_00331,114,331,0,N,0,N,0,N,0.9831975,0.9831975,0.011139764,0.0032937843,0.001659118,2.1542736e-08,1.1712498e-07,8.1048473e-11,0.000709686
588,114_00332,114,332,0,N,0,N,0,N,0.97376716,0.97376716,0.012243987,0.010533106,0.0020147408,8.9570324e-09,1.5933115e-07,3.2640727e-11,0.0014408077
589,114_00333,114,333,0,N,0,N,0,N,0.90925765,0.90925765,0.06131297,0.02749466,0.0009630887,3.3767424e-08,6.930119e-08,3.9050433e-11,0.0009716161
590,114_00334,114,334,0,N,0,N,1,LBBB,0.795093,0.19286795,0.795093,0.008962878,0.0012299869,3.1341486e-07,1.4023026e-07,2.4746183e-10,0.0018458305
591,114_00335,114,335,0,N,0,N,1,LBBB,0.55291677,0.38713506,0.55291677,0.052092332,0.005343732,5.733036e-07,1.1752785e-06,6.257314e-10,0.002510315
592,114_00336,114,336,0,N,0,N,0,N,0.5963553,0.5963553,0.3570767,0.038160242,0.0051928717,1.3318252e-07,2.2949021e-07,1.08935194e-10,0.0032144596
593,114_00337,114,337,0,N,0,N,0,N,0.43006015,0.43006015,0.4152546,0.14413965,0.0073355637,1.5606702e-07,8.6337747e-07,1.555961e-10,0.0032089734
594,114_00338,114,338,0,N,0,N,0,N,0.9190151,0.9190151,0.054745488,0.019625567,0.0022744278,1.16489e-08,7.7367595e-08,3.60713e-11,0.0043393727
595,114_00339,114,339,0,N,0,N,1,LBBB,0.4872275,0.39193574,0.4872275,0.10875974,0.010429281,2.7848597e-07,3.349767e-07,2.2286427e-10,0.0016471095
596,114_00340,114,340,0,N,0,N,0,N,0.75052893,0.75052893,0.21866773,0.026108526,0.00069193845,3.0835867e-08,7.503545e-08,5.23987e-11,0.0040028035
597,114_00341,114,341,0,N,0,N,1,LBBB,0.63670063,0.2669501,0.63670063,0.08893721,0.0042497236,2.4841697e-07,2.577313e-07,3.176506e-10,0.0031618753
598,114_00342,114,342,0,N,0,N,1,LBBB,0.58579516,0.3862955,0.58579516,0.025612725,0.0016051544,1.512537e-07,4.5732694e-08,4.594035e-11,0.00069127185
599,114_00343,114,343,0,N,0,N,1,LBBB,0.8066985,0.1855879,0.8066985,0.0039300723,0.0018743112,3.4025982e-07,1.0705996e-07,4.9331556e-10,0.0019087269
600,114_00344,114,344,0,N,0,N,0,N,0.75035393,0.75035393,0.22434193,0.017252585,0.004012333,2.6417504e-07,2.0977677e-07,8.285007e-10,0.004038713
601,114_00345,114,345,0,N,0,N,1,LBBB,0.77571297,0.10575856,0.77571297,0.11472108,0.001763073,3.3557802e-07,2.1370221e-07,5.1230986e-10,0.0020437888
602,114_00346,114,346,0,N,0,N,1,LBBB,0.70734787,0.25774655,0.70734787,0.025605483,0.0013288897,2.6218785e-07,1.5042488e-07,1.4680653e-09,0.0079708
603,114_00347,114,347,0,N,0,N,1,LBBB,0.7676161,0.08323097,0.7676161,0.1270256,0.01977584,1.4543012e-06,1.7326314e-06,4.302257e-09,0.002348251
604,114_00348,114,348,0,N,0,N,0,N,0.5923277,0.5923277,0.34399095,0.053058,0.004395576,1.3394425e-07,2.5582452e-07,2.7774003e-10,0.0062273717
605,114_00349,114,349,0,N,0,N,1,LBBB,0.7178362,0.23804033,0.7178362,0.033970453,0.007361842,5.0233854e-07,1.9709755e-07,7.671609e-10,0.0027905544
606,114_00350,114,350,0,N,0,N,1,LBBB,0.53574306,0.43983036,0.53574306,0.018329216,0.0039394787,7.3161e-07,1.3876866e-07,9.720976e-10,0.0021570686
607,114_00351,114,351,0,N,0,N,1,LBBB,0.82892203,0.15702957,0.82892203,0.00674263,0.0020158112,1.1673808e-06,3.631705e-07,4.204499e-09,0.0052884007
608,114_00352,114,352,0,N,0,N,0,N,0.9641637,0.9641637,0.010087861,0.013399607,0.01077904,2.3500345e-08,2.1248304e-07,1.1059471e-10,0.0015695627
609,114_00353,114,353,0,N,0,N,0,N,0.9343883,0.9343883,0.02877114,0.034003783,0.0020244792,1.2529133e-08,4.0076177e-08,1.4330273e-11,0.0008123051
610,114_00354,114,354,0,N,0,N,0,N,0.89245003,0.89245003,0.094217606,0.008857536,0.001919459,2.4729564e-08,1.697742e-07,5.1602927e-11,0.0025553117
611,114_00355,114,355,0,N,0,N,1,LBBB,0.4860933,0.4674375,0.4860933,0.039762966,0.002288508,1.80354e-07,1.6717888e-07,3.7771994e-10,0.004417477
612,114_00356,114,356,0,N,0,N,0,N,0.9772447,0.9772447,0.008410243,0.006924569,0.006011931,7.693396e-09,4.558301e-08,3.9005448e-11,0.0014085143
613,114_00357,114,357,0,N,0,N,0,N,0.8924309,0.8924309,0.021539697,0.079440445,0.0051393034,2.0558142e-08,1.5647441e-07,4.568826e-11,0.0014494101
614,114_00358,114,358,0,N,0,N,0,N,0.9803819,0.9803819,0.013336194,0.003955476,0.00071375055,2.308476e-09,3.3834542e-08,7.838906e-12,0.0016126372
615,114_00359,114,359,0,N,0,N,0,N,0.72137326,0.72137326,0.23403084,0.031510044,0.009785978,2.8661967e-07,3.735357e-07,5.565009e-10,0.0032991976
616,114_00360,114,360,0,N,0,N,0,N,0.82514226,0.82514226,0.124105476,0.04219906,0.0033293911,7.58691e-08,4.004861e-07,2.6348224e-10,0.005223389
617,114_00361,114,361,0,N,0,N,0,N,0.83761364,0.83761364,0.12704678,0.029166302,0.004020835,8.0664314e-08,1.0487142e-07,1.1154028e-10,0.0021522767
618,114_00362,114,362,0,N,0,N,0,N,0.9329153,0.9329153,0.053646233,0.007565219,0.004147128,5.9261502e-08,9.016535e-08,1.5876911e-10,0.0017260142
619,114_00363,114,363,0,N,0,N,0,N,0.9997572,0.9997572,2.6124682e-05,7.6178156e-05,0.00010959552,2.8903897e-11,1.2957393e-09,1.1603614e-13,3.101584e-05
620,114_00364,114,364,0,N,0,N,0,N,0.9997585,0.9997585,2.0002757e-05,7.3084507e-06,0.00020800064,2.6165342e-10,3.626054e-09,7.903716e-13,6.175157e-06
621,114_00365,114,365,0,N,0,N,0,N,0.9999022,0.9999022,5.237936e-07,2.4766367e-08,9.621211e-05,1.9671968e-09,7.616744e-08,9.881985e-12,1.0311634e-06
622,114_00366,114,366,0,N,0,N,0,N,0.9999925,0.9999925,9.232788e-08,1.0908975e-06,5.7378115e-06,1.1046354e-09,2.7537476e-07,5.8443896e-11,3.0858368e-07
623,114_00367,114,367,0,N,0,N,0,N,0.9999054,0.9999054,1.7632586e-07,3.976575e-05,5.445087e-05,3.5417086e-11,8.440391e-08,8.0657855e-13,1.3282296e-07
624,114_00368,114,368,0,N,0,N,0,N,0.9999837,0.9999837,4.6287787e-06,9.458608e-06,1.5620259e-06,1.132387e-11,2.9677978e-09,4.0920324e-14,6.735415e-07
625,114_00369,114,369,0,N,0,N,0,N,0.9999142,0.9999142,4.0741863e-05,1.058509e-05,1.1921244e-05,1.4381153e-10,1.14511325e-08,7.693016e-13,2.2579738e-05
626,114_00370,114,370,0,N,0,N,0,N,0.99983,0.99983,2.3336537e-05,6.9768364e-05,4.3120668e-05,4.0124282e-11,1.7329898e-08,6.4915375e-13,3.3669858e-05
627,114_00371,114,371,0,N,0,N,0,N,0.9996933,0.9996933,1.4380337e-06,0.00029423667,4.977673e-06,3.359698e-12,4.3117727e-09,1.4524174e-13,6.1410456e-06
628,114_00372,114,372,0,N,0,N,0,N,0.9998779,0.9998779,4.006067e-07,0.0001009407,5.587523e-06,5.2208336e-14,1.887776e-10,9.203685e-16,1.5196647e-05
629,114_00373,114,373,0,N,0,N,0,N,0.9989017,0.9989017,4.576394e-05,0.0007082642,0.00022981387,8.001323e-11,1.4929137e-08,1.2155671e-12,0.00011446283
630,114_00374,114,374,0,N,0,N,0,N,0.9978286,0.9978286,0.0006148003,0.0015024913,2.6298845e-05,1.7358642e-10,1.607436e-08,2.811998e-13,2.7768323e-05
631,114_00375,114,375,0,N,0,N,0,N,0.99005294,0.99005294,0.008231782,0.0001897555,0.0005984935,2.241901e-09,2.7167921e-08,9.758962e-12,0.00092694676
632,114_00376,114,376,0,N,0,N,0,N,0.9414986,0.9414986,0.032625318,0.022997066,0.002120035,6.040794e-08,2.726607e-07,1.00487556e-10,0.0007586195
633,114_00377,114,377,0,N,0,N,0,N,0.956414,0.956414,0.04004228,0.0020375215,0.00096764445,1.5137232e-08,2.6876341e-08,1.4322001e-11,0.00053864485
634,114_00378,114,378,0,N,0,N,0,N,0.94134915,0.94134915,0.05706841,0.0005262638,0.0007394387,3.6576896e-08,3.9343956e-08,4.7633182e-11,0.00031669857
635,114_00379,114,379,0,N,0,N,0,N,0.9781645,0.9781645,0.018111737,0.0017103506,0.0006609323,7.4025515e-09,1.32506e-08,2.7183446e-11,0.0013523807
636,114_00380,114,380,0,N,0,N,0,N,0.97791594,0.97791594,0.010261033,0.008102064,0.000723029,3.542796e-09,9.763037e-09,3.4463644e-11,0.0029978766
637,114_00381,114,381,0,N,0,N,0,N,0.8690532,0.8690532,0.061325192,0.064073786,0.0036134329,3.2181394e-08,1.679979e-07,7.144865e-11,0.0019342639
638,114_00382,114,382,0,N,0,N,0,N,0.9807298,0.9807298,0.014357908,0.0028237032,0.0006358884,3.6521863e-09,1.28984565e-08,1.25355715e-11,0.00145255
639,114_00383,114,383,0,N,0,N,1,LBBB,0.6687937,0.12893136,0.6687937,0.19286641,0.0075903377,2.2984104e-07,1.0027485e-06,3.2268022e-10,0.0018169599
640,114_00384,114,384,0,N,0,N,0,N,0.8795515,0.8795515,0.11049025,0.0072955284,0.00057006074,2.3550541e-08,3.3941966e-08,5.0542057e-11,0.0020926332
641,114_00385,114,385,0,N,0,N,1,LBBB,0.7689818,0.2101285,0.7689818,0.011063541,0.008784128,6.222422e-07,1.6729864e-07,4.6883675e-10,0.0010412189
642,114_00386,114,386,0,N,0,N,0,N,0.98331815,0.98331815,0.011549703,0.0022471163,0.0012222236,1.4079416e-08,1.0520169e-07,6.964281e-11,0.0016628107
643,114_00387,114,387,0,N,0,N,0,N,0.9786511,0.9786511,0.0055654696,0.0071497425,0.008219209,1.0067897e-08,1.1215607e-07,1.5625503e-11,0.00041435432
644,114_00388,114,388,0,N,0,N,0,N,0.99841464,0.99841464,0.0009042886,0.00030104571,0.00021488336,3.733854e-10,1.0287193e-08,6.636667e-13,0.00016506723
645,114_00389,114,389,0,N,0,N,0,N,0.9947858,0.9947858,0.0036025797,0.0004925364,0.00092399906,4.7997823e-09,2.3698695e-08,8.846847e-12,0.0001950577
646,114_00390,114,390,0,N,0,N,0,N,0.99904937,0.99904937,0.00035197366,0.00011344618,0.00027112206,6.23424e-10,1.857077e-08,4.49628e-12,0.00021404203
647,114_00391,114,391,0,N,0,N,0,N,0.9973354,0.9973354,0.0005226997,0.0014995468,0.00048059894,5.885885e-10,2.0429903e-08,2.0975383e-12,0.00016167923
648,114_00392,114,392,0,N,0,N,0,N,0.9980408,0.9980408,0.0012828492,0.00032647687,0.00014571723,5.1242194e-10,8.593135e-09,1.6374224e-12,0.00020403648
649,114_00393,114,393,0,N,0,N,0,N,0.9982644,0.9982644,0.00089043804,0.0003902815,0.00036966862,9.533787e-10,1.8047153e-08,3.060972e-12,8.523945e-05
650,114_00394,114,394,0,N,0,N,0,N,0.9970648,0.9970648,0.0016888655,0.00077659736,0.00037332706,1.6163834e-09,2.8529856e-08,6.429792e-12,9.6473996e-05
651,114_00395,114,395,0,N,0,N,0,N,0.99666506,0.99666506,0.001566006,0.0010840091,0.00023929507,1.2176733e-09,3.3099177e-08,8.557593e-12,0.0004455564
652,114_00396,114,396,0,N,0,N,0,N,0.9900433,0.9900433,0.004366014,0.0018968564,0.0029424299,2.862036e-09,4.6637805e-08,7.0534503e-12,0.00075133535
653,114_00397,114,397,0,N,0,N,0,N,0.9536359,0.9536359,0.021912152,0.02086268,0.002639372,1.25172885e-08,2.2553427e-07,2.268224e-11,0.00094980013
654,114_00398,114,398,0,N,0,N,0,N,0.9471616,0.9471616,0.040762853,0.0072857635,0.00065866724,5.3444285e-09,3.7817326e-08,2.2347008e-11,0.00413097
655,114_00399,114,399,0,N,0,N,0,N,0.97558475,0.97558475,0.011471553,0.012235314,0.00051264267,1.59838e-09,4.6731534e-09,5.5669033e-13,0.00019578992
656,114_00400,114,400,0,N,0,N,0,N,0.9740441,0.9740441,0.020774016,0.002201334,0.0025259394,1.2463933e-09,9.867067e-09,1.9089081e-12,0.00045454488
657,114_00401,114,401,0,N,0,N,0,N,0.99647427,0.99647427,0.0027948609,0.0005891419,7.0808e-05,8.374743e-10,6.5085777e-09,2.1378934e-12,7.099915e-05
658,114_00402,114,402,0,N,0,N,0,N,0.999159,0.999159,0.00024693503,0.00024054125,0.0002893203,8.1715634e-11,9.1226515e-10,1.481207e-13,6.426861e-05
659,114_00403,114,403,0,N,0,N,0,N,0.99481165,0.99481165,0.0037959462,0.00094127154,0.00020654377,3.0752407e-09,9.128972e-09,1.2365647e-11,0.0002445898
660,114_00404,114,404,0,N,0,N,0,N,0.99967057,0.99967057,0.00013506129,0.00010488513,3.7207763e-05,1.35022e-10,4.9995603e-09,1.7053977e-12,5.2322095e-05
661,114_00405,114,405,0,N,0,N,0,N,0.9823062,0.9823062,0.005498102,0.0066249287,0.0042214207,6.8582806e-09,2.522691e-07,4.2242848e-11,0.0013491648
662,114_00406,114,406,0,N,0,N,0,N,0.98458755,0.98458755,0.007220711,0.006290831,0.0007271662,2.471326e-09,7.441818e-08,8.602694e-12,0.0011736836
663,114_00407,114,407,0,N,0,N,0,N,0.9129014,0.9129014,0.06855244,0.0077979625,0.008083208,2.6998192e-08,1.5780553e-07,5.4406542e-11,0.0026647532
664,114_00408,114,408,0,N,0,N,0,N,0.93061614,0.93061614,0.047382478,0.017730428,0.0028001142,2.6355494e-08,7.7076244e-08,4.207142e-11,0.0014708465
665,114_00409,114,409,0,N,0,N,0,N,0.7763747,0.7763747,0.20895661,0.011942305,0.0015420864,6.5975726e-08,5.686595e-08,5.630862e-11,0.00118408
666,114_00410,114,410,0,N,0,N,0,N,0.88985324,0.88985324,0.09952999,0.0034550077,0.00461149,8.3535824e-08,2.0014373e-07,3.3230246e-10,0.0025500194
667,114_00411,114,411,0,N,0,N,0,N,0.741382,0.741382,0.15989609,0.093658306,0.0020841577,1.4698658e-07,5.655637e-07,5.2848087e-10,0.002978762
668,114_00412,114,412,0,N,0,N,0,N,0.8839251,0.8839251,0.08060846,0.028241355,0.0059790057,2.415955e-08,5.7845092e-08,3.5899523e-11,0.0012460937
669,114_00413,114,413,0,N,0,N,0,N,0.99059916,0.99059916,0.0072749625,0.00053961633,0.001109012,4.087959e-09,6.016818e-09,1.0291628e-11,0.0004772079
670,114_00414,114,414,0,N,0,N,0,N,0.9774965,0.9774965,0.0057641584,0.013904358,0.0024211986,1.2587213e-08,9.293634e-08,3.0331623e-11,0.00041369084
671,114_00415,114,415,0,N,0,N,0,N,0.99748015,0.99748015,0.0008894064,0.00059904647,0.00015649702,1.1804868e-10,6.6161436e-09,7.9163716e-13,0.00087481237
672,114_00416,114,416,0,N,0,N,0,N,0.9880971,0.9880971,0.0030757769,0.00587253,0.0025642328,7.040119e-09,1.3873172e-07,4.1182186e-11,0.00039038627
673,114_00417,114,417,0,N,0,N,0,N,0.9990916,0.9990916,0.00018116798,0.00046381674,0.00018541155,6.870546e-11,5.1395577e-09,4.8096916e-13,7.800175e-05
674,114_00418,114,418,0,N,0,N,0,N,0.9976933,0.9976933,0.0015540211,0.0004193927,0.00018830001,1.1882065e-09,1.1861307e-08,3.0584042e-12,0.0001449907
675,114_00419,114,419,0,N,0,N,0,N,0.84822327,0.84822327,0.13307095,0.01812071,0.00038254043,9.4023825e-08,9.299473e-08,5.879623e-11,0.00020238203
676,114_00420,114,420,0,N,0,N,0,N,0.70398504,0.70398504,0.28942838,0.0010179783,0.0017656195,1.10362315e-07,2.2875368e-07,7.407291e-10,0.0038026087
677,114_00421,114,421,0,N,0,N,0,N,0.88747287,0.88747287,0.093837604,0.01642546,0.0017871887,2.6599056e-07,7.304378e-07,1.146883e-09,0.00047587583
678,114_00422,114,422,0,N,0,N,0,N,0.97173667,0.97173667,0.0212667,0.004660378,0.0017046427,1.3378424e-08,2.6717645e-08,2.020651e-11,0.00063165085
679,114_00423,114,423,0,N,0,N,0,N,0.86566246,0.86566246,0.119083375,0.011343769,0.0027332383,1.15917814e-07,1.257007e-07,1.3290251e-10,0.0011768361
680,114_00424,114,424,0,N,0,N,0,N,0.9902639,0.9902639,0.0047711786,0.0013113092,0.0022892384,4.2791344e-09,1.647546e-07,2.3844307e-11,0.0013643522
681,114_00425,114,425,0,N,0,N,0,N,0.9652468,0.9652468,0.00703022,0.023263989,0.0037498402,1.1903505e-08,3.3258797e-07,2.0010169e-11,0.00070889574
682,114_00426,114,426,0,N,0,N,0,N,0.99566364,0.99566364,0.0025082512,0.00039943832,0.0010158016,5.2647386e-10,1.06408935e-08,1.309936e-12,0.00041292235
683,114_00427,114,427,0,N,0,N,0,N,0.9955801,0.9955801,0.0017345656,0.00043321148,0.0018517786,4.3288084e-09,1.007804e-07,4.345622e-11,0.00040035378
684,114_00428,114,428,0,N,0,N,0,N,0.999459,0.999459,3.33129e-05,4.7187194e-05,0.00022603461,2.7325635e-11,9.4646895e-09,6.0204836e-13,0.00023433221
685,114_00429,114,429,0,N,0,N,0,N,0.9705381,0.9705381,0.003546076,0.023814801,0.0016353528,1.0198968e-08,1.6973463e-07,1.7025194e-11,0.00046551338
686,114_00430,114,430,0,N,0,N,0,N,0.99656117,0.99656117,0.0010368294,0.00034813947,0.0010834107,9.773779e-11,1.09861995e-08,4.149643e-13,0.0009704831
687,114_00431,114,431,0,N,0,N,0,N,0.9867092,0.9867092,0.0052100252,0.0044803154,0.0032285708,7.725883e-09,1.1152279e-07,1.638483e-11,0.00037170082
688,114_00432,114,432,0,N,0,N,0,N,0.994522,0.994522,0.0010253891,0.0023980027,0.00037701437,6.8842104e-10,6.3461165e-08,1.7583487e-11,0.0016774733
689,114_00433,114,433,0,N,0,N,0,N,0.9527097,0.9527097,0.009117522,0.034126595,0.0028691306,5.9392944e-09,1.1365684e-07,1.6207778e-11,0.001176868
690,114_00434,114,434,0,N,0,N,0,N,0.9080337,0.9080337,0.07445169,0.013658045,0.002716601,1.16100045e-08,6.903559e-08,7.319506e-12,0.0011399225
691,114_00435,114,435,0,N,0,N,0,N,0.9205718,0.9205718,0.06949036,0.0063901106,0.001690256,1.4491605e-08,4.017886e-08,2.0266658e-11,0.0018573205
692,114_00436,114,436,0,N,0,N,0,N,0.46520415,0.46520415,0.3628439,0.15763453,0.012600199,1.2297924e-07,8.2776796e-07,1.00949915e-10,0.0017163092
693,114_00437,114,437,0,N,0,N,0,N,0.97700053,0.97700053,0.020376794,0.0012738704,0.000443686,3.9230668e-09,1.0833545e-08,5.2978667e-12,0.0009052182
694,114_00438,114,438,0,N,0,N,0,N,0.9759718,0.9759718,0.017104793,0.0007372229,0.005938366,3.464822e-08,4.4970538e-08,2.5818753e-11,0.0002477945
695,114_00439,114,439,0,N,0,N,0,N,0.9815175,0.9815175,0.013514683,0.002228544,0.0011619687,1.4702373e-08,2.8379552e-07,7.517197e-11,0.0015769984
696,114_00440,114,440,0,N,0,N,0,N,0.9978803,0.9978803,0.0003602917,0.0011170704,0.00029688244,2.4775407e-10,3.1891442e-08,3.0424753e-12,0.0003454197
697,114_00441,114,441,0,N,0,N,0,N,0.8753826,0.8753826,0.095618896,0.024676105,0.0033574032,5.086195e-08,8.126059e-08,3.4368945e-11,0.00096485397
698,114_00442,114,442,0,N,0,N,0,N,0.76519436,0.76519436,0.22005884,0.0073219063,0.0011821586,2.0691989e-08,1.01428384e-07,5.6532994e-11,0.006242592
699,114_00443,114,443,0,N,0,N,0,N,0.99081326,0.99081326,0.0039983005,0.00070618466,0.0038007407,2.5101372e-09,1.4333251e-08,8.918192e-12,0.00068161887
700,114_00444,114,444,0,N,0,N,0,N,0.98369986,0.98369986,0.003256274,0.009505411,0.002972782,5.754363e-09,8.172024e-08,1.2838753e-11,0.0005655397
701,114_00445,114,445,0,N,0,N,0,N,0.9638666,0.9638666,0.02093786,0.0113243535,0.0017960491,3.027842e-09,1.2877513e-07,1.0151822e-11,0.0020750733
702,114_00446,114,446,0,N,0,N,0,N,0.822084,0.822084,0.15362395,0.016516233,0.0039249104,3.1909323e-08,1.8236369e-07,8.6852456e-11,0.0038508535
703,114_00447,114,447,0,N,0,N,0,N,0.55677503,0.55677503,0.4093232,0.02997105,0.0029418347,1.550297e-07,3.4725932e-08,9.6920076e-11,0.0009887075
704,114_00448,114,448,0,N,0,N,0,N,0.6314479,0.6314479,0.36207992,0.0022851182,0.0017648217,2.0796841e-07,5.5234416e-08,5.203327e-10,0.0024219055
705,114_00449,114,449,0,N,0,N,0,N,0.977687,0.977687,0.013999044,0.002358846,0.0047329143,3.4291915e-08,1.5055384e-07,2.7909214e-10,0.0012220609
706,114_00450,114,450,0,N,0,N,0,N,0.9438523,0.9438523,0.015101362,0.039126888,0.0010585347,1.0480841e-08,8.025069e-08,3.2464014e-11,0.00086083217
707,114_00451,114,451,0,N,0,N,0,N,0.8777758,0.8777758,0.11130236,0.005893338,0.00057758216,2.2881913e-08,1.872061e-08,1.7627608e-10,0.0044510374
708,114_00452,114,452,0,N,0,N,0,N,0.8206823,0.8206823,0.14010878,0.02495646,0.012752166,4.6672713e-07,3.675386e-07,2.0550244e-09,0.001499486
709,114_00453,114,453,0,N,0,N,0,N,0.97828734,0.97828734,0.018232247,0.0024420856,0.00042258948,6.0629675e-09,8.761752e-09,1.3371732e-11,0.00061573455
710,114_00454,114,454,0,N,0,N,0,N,0.9464119,0.9464119,0.040300794,0.009740719,0.0018747606,2.3038073e-08,8.0700566e-08,8.5511036e-11,0.0016717967
711,114_00455,114,455,0,N,0,N,0,N,0.6912651,0.6912651,0.1946234,0.11002033,0.0010081461,5.0613806e-08,8.3264744e-08,8.881004e-11,0.0030828211
712,114_00456,114,456,0,N,0,N,1,LBBB,0.59541607,0.35309783,0.59541607,0.042161167,0.0055662403,1.4068209e-07,2.0766971e-07,1.5718193e-10,0.003758348
713,114_00457,114,457,0,N,0,N,1,LBBB,0.54860127,0.3510643,0.54860127,0.09224109,0.004225093,2.1256884e-07,2.3543411e-07,2.503098e-10,0.0038677994
714,114_00458,114,458,0,N,0,N,0,N,0.6728902,0.6728902,0.2918608,0.028227173,0.005405414,1.0151769e-07,6.452242e-08,5.862757e-11,0.0016163292
715,114_00459,114,459,0,N,0,N,0,N,0.65750074,0.65750074,0.31983608,0.014003832,0.0047837547,1.3083938e-07,1.993786e-07,2.5691468e-10,0.003875246
716,114_00460,114,460,0,N,0,N,0,N,0.84575546,0.84575546,0.107191406,0.037682038,0.005022774,6.478082e-08,2.4999812e-07,1.7932235e-10,0.0043479907
717,114_00461,114,461,0,N,0,N,0,N,0.9390344,0.9390344,0.039918855,0.014055659,0.005007889,2.809096e-08,8.819395e-08,5.1685333e-11,0.0019831015
718,114_00462,114,462,0,N,0,N,0,N,0.9428321,0.9428321,0.042967726,0.0076356432,0.0056711584,3.587589e-08,1.1034333e-07,3.620241e-11,0.0008933721
719,114_00463,114,463,0,N,0,N,0,N,0.9869896,0.9869896,0.01001873,0.0014062145,0.0009412901,5.302022e-09,4.0417003e-08,1.471528e-11,0.0006442517
720,114_00464,114,464,0,N,0,N,0,N,0.9373033,0.9373033,0.043426357,0.01420092,0.0016202447,5.6362865e-08,3.7412957e-07,7.9867857e-10,0.0034487445
721,114_00465,114,465,0,N,0,N,0,N,0.90558505,0.90558505,0.07495848,0.016226292,0.0019424439,6.449843e-08,1.18765705e-07,1.8700912e-10,0.0012875505
722,114_00466,114,466,0,N,0,N,0,N,0.934955,0.934955,0.059130147,0.0017173246,0.0035657662,3.2466684e-08,1.815933e-08,3.2412493e-11,0.0006317422
723,114_00467,114,467,0,N,0,N,0,N,0.9960323,0.9960323,0.0026629288,0.0006901936,0.00034090248,4.5338453e-09,1.7692972e-08,4.4659262e-11,0.00027370141
724,114_00468,114,468,0,N,0,N,0,N,0.99254966,0.99254966,0.0044293655,0.0025060738,0.00028560098,2.2853404e-09,1.1798828e-08,7.2579794e-12,0.00022924405
725,114_00469,114,469,0,N,0,N,0,N,0.97591233,0.97591233,0.01532302,0.006508437,0.0011764774,8.82437e-09,9.059141e-08,5.622666e-11,0.00107964
726,114_00470,114,470,0,N,0,N,0,N,0.99350977,0.99350977,0.0022098026,0.0033406792,0.00066155544,1.8842345e-09,1.7593281e-08,1.0208719e-11,0.00027823838
727,114_00471,114,471,0,N,0,N,0,N,0.98613834,0.98613834,0.0070556356,0.0036806762,0.0025007578,6.69995e-09,5.1803653e-08,2.232021e-11,0.0006245041
728,114_00472,114,472,0,N,0,N,0,N,0.9844966,0.9844966,0.007103381,0.006448542,0.0008629123,3.925793e-09,6.0717916e-08,1.575275e-11,0.0010885376
729,114_00473,114,473,0,N,0,N,0,N,0.909775,0.909775,0.068922184,0.017982187,0.0022052804,3.264361e-08,9.3607646e-08,4.5242587e-11,0.0011152495
730,114_00474,114,474,0,N,0,N,0,N,0.923883,0.923883,0.074648455,0.0009176707,0.00018907015,1.0887827e-08,2.62168e-09,6.7105497e-12,0.00036177898
731,114_00475,114,475,0,N,0,N,1,LBBB,0.8200397,0.16679338,0.8200397,0.007977581,0.00409365,4.0847365e-07,2.6679442e-07,9.616458e-10,0.0010949821
732,114_00476,114,476,0,N,0,N,0,N,0.98255527,0.98255527,0.012696045,0.0039575286,0.00018476645,9.299735e-09,5.758194e-08,1.3013252e-10,0.00060630153
733,114_00477,114,477,0,N,0,N,0,N,0.7894743,0.7894743,0.11613206,0.0686177,0.021864636,1.4916469e-07,5.1384905e-07,2.918405e-10,0.0039104964
734,114_00478,114,478,0,N,0,N,0,N,0.9580693,0.9580693,0.028752757,0.008881907,0.0029936025,1.4414864e-08,7.238154e-08,1.5235478e-11,0.001302338
735,114_00479,114,479,0,N,0,N,1,LBBB,0.48485094,0.4369928,0.48485094,0.06719594,0.0062904973,1.6807259e-07,1.0429084e-06,2.2803165e-10,0.0046686167
736,114_00480,114,480,0,N,0,N,0,N,0.84752226,0.84752226,0.12951276,0.016154664,0.0029835755,1.9851697e-08,1.0819415e-07,5.408711e-11,0.0038266524
737,114_00481,114,481,0,N,0,N,0,N,0.53617084,0.53617084,0.4015426,0.035994902,0.0226786,3.567718e-07,3.4728893e-07,6.908189e-10,0.0036123532
738,114_00482,114,482,0,N,0,N,0,N,0.9267527,0.9267527,0.035759002,0.031891428,0.0038475099,1.2027659e-08,8.650505e-08,1.841796e-11,0.0017493903
739,114_00483,114,483,0,N,0,N,0,N,0.7541057,0.7541057,0.2256891,0.014999991,0.0024974488,5.180191e-08,4.7566484e-08,7.783201e-11,0.0027075447
740,114_00484,114,484,0,N,0,N,0,N,0.9952881,0.9952881,0.0008136186,0.00052222866,0.0029224628,7.812755e-10,1.42587435e-08,3.7784008e-12,0.00045355404
741,114_00485,114,485,0,N,0,N,0,N,0.8802596,0.8802596,0.007989213,0.10858063,0.0010726763,9.840027e-09,1.3178548e-07,6.5508904e-11,0.0020977259
742,114_00486,114,486,0,N,0,N,0,N,0.9995233,0.9995233,3.7799302e-05,0.00024114815,0.00011483888,2.041735e-12,7.7817064e-10,1.8481795e-14,8.301216e-05
743,114_00487,114,487,0,N,0,N,0,N,0.98465073,0.98465073,0.013122222,0.0015917681,0.00028669796,2.7208392e-08,2.0918055e-08,3.8044255e-11,0.00034860856
744,114_00488,114,488,0,N,0,N,0,N,0.9998312,0.9998312,3.667084e-05,8.997518e-06,0.00011338715,3.1447564e-10,2.0316335e-08,3.446853e-12,9.700269e-06
745,114_00489,114,489,0,N,0,N,0,N,0.99999344,0.99999344,4.2614708e-08,1.8453218e-06,9.4281813e-07,6.580794e-13,1.1097787e-09,7.102663e-14,3.7542707e-06
746,114_00490,114,490,0,N,0,N,0,N,0.999916,0.999916,1.9867285e-07,2.328644e-06,8.099697e-05,5.6446577e-14,2.0655405e-10,5.9270866e-16,5.181181e-07
747,114_00491,114,491,0,N,0,N,0,N,0.9999907,0.9999907,4.110106e-07,6.259342e-06,8.0462875e-08,1.140842e-13,3.031226e-11,3.853148e-15,2.6525645e-06
748,114_00492,114,492,0,N,0,N,0,N,0.99815476,0.99815476,7.7272225e-06,0.0015070543,0.00020759828,7.3272265e-12,4.8985244e-10,3.6690716e-13,0.00012285769
749,114_00493,114,493,0,N,0,N,0,N,0.997606,0.997606,0.0003724929,0.0018767337,6.611352e-05,1.2420578e-10,5.214193e-09,3.2729743e-13,7.878169e-05
750,114_00494,114,494,0,N,0,N,0,N,0.9949099,0.9949099,0.0033859126,0.0009907413,0.00037324795,2.1259918e-09,4.043107e-08,1.1529541e-11,0.0003401282
751,114_00495,114,495,0,N,0,N,0,N,0.99488497,0.99488497,0.0018028624,0.0022730222,0.0007711442,2.8868536e-09,9.3652105e-08,3.121668e-11,0.00026800146
752,114_00496,114,496,0,N,0,N,0,N,0.9951257,0.9951257,0.001872408,0.0024227756,0.00025652966,1.6315839e-09,1.3761298e-08,9.126929e-12,0.0003225345
753,114_00497,114,497,0,N,0,N,0,N,0.79899096,0.79899096,0.16343565,0.032308824,0.0027965957,9.024636e-08,2.63915e-07,1.6432089e-10,0.002467714
754,114_00498,114,498,0,N,0,N,0,N,0.9761302,0.9761302,0.012085338,0.007837882,0.0023865737,8.753278e-09,1.637468e-07,4.319105e-11,0.0015598723
755,114_00499,114,499,0,N,0,N,0,N,0.9945296,0.9945296,0.0013557667,0.0021487658,0.0017646675,1.2839144e-09,1.0542138e-08,1.1032039e-12,0.00020104882
756,114_00500,114,500,0,N,0,N,0,N,0.9857189,0.9857189,0.0069944113,0.005041759,0.0015259616,4.2445802e-09,8.835913e-08,3.863497e-12,0.0007188416
757,114_00501,114,501,0,N,0,N,0,N,0.9970045,0.9970045,0.0010115148,0.0016432386,7.975981e-05,2.1875382e-10,9.5532675e-09,7.4903674e-13,0.00026104396
758,114_00502,114,502,0,N,0,N,0,N,0.98895735,0.98895735,0.006483625,0.003164671,0.0010976903,8.7761585e-09,4.368763e-08,3.860978e-11,0.00029668026
759,114_00503,114,503,0,N,0,N,0,N,0.9999631,0.9999631,9.641164e-06,1.309896e-05,1.1738685e-05,3.5976146e-11,1.5382472e-09,1.8523295e-13,2.5089607e-06
760,114_00504,114,504,0,N,0,N,0,N,0.99995893,0.99995893,1.3843106e-07,2.647277e-06,3.5256417e-05,2.716345e-12,6.8427473e-09,9.9300735e-14,3.1132067e-06
761,114_00505,114,505,0,N,0,N,0,N,0.99999106,0.99999106,6.044997e-08,8.406152e-06,2.9515758e-07,3.0892414e-13,7.3742534e-10,2.0583631e-15,1.656033e-07
762,114_00506,114,506,0,N,0,N,0,N,0.99985534,0.99985534,1.0806142e-05,0.00012740308,2.8194695e-06,1.0549003e-11,2.8917297e-09,6.618587e-14,3.681046e-06
763,114_00507,114,507,0,N,0,N,0,N,0.99479765,0.99479765,0.001961626,0.003177603,2.673175e-05,2.3265734e-09,9.8943694e-08,8.937402e-12,3.630636e-05
764,114_00508,114,508,0,N,0,N,0,N,0.9946615,0.9946615,0.0017730091,0.003415551,8.505899e-05,1.8556431e-09,7.245316e-08,8.409571e-12,6.479117e-05
765,114_00509,114,509,0,N,0,N,0,N,0.54913217,0.54913217,0.3669158,0.08168187,0.00094361615,2.9597953e-07,6.301603e-07,4.9540044e-10,0.0013255329
766,114_00510,114,510,0,N,0,N,0,N,0.89560235,0.89560235,0.09946469,0.0028269142,0.0009064623,4.64605e-08,1.136412e-07,5.087047e-10,0.0011995591
767,114_00511,114,511,0,N,0,N,0,N,0.99784815,0.99784815,0.000814051,0.0005982582,0.0006724785,8.557556e-09,2.5787347e-08,1.174321e-10,6.705883e-05
768,114_00512,114,512,0,N,0,N,0,N,0.9737408,0.9737408,0.017498124,0.007932607,0.00010398674,2.1914387e-08,3.685943e-08,7.5070734e-11,0.0007243055
769,114_00513,114,513,0,N,0,N,0,N,0.9886237,0.9886237,0.009162993,0.0016318281,0.00020426876,4.8559925e-09,2.2434616e-08,5.1281427e-11,0.00037723794
770,114_00514,114,514,0,N,0,N,0,N,0.99977785,0.99977785,8.710188e-06,0.00018714895,1.9386123e-05,5.522025e-12,2.6271865e-10,4.4199707e-14,6.962843e-06
771,114_00515,114,515,0,N,0,N,0,N,0.9999675,0.9999675,6.2181766e-07,6.9216753e-06,2.4087703e-05,1.8855708e-13,5.1974328e-11,1.0372623e-15,9.641578e-07
772,114_00516,114,516,0,N,0,N,0,N,0.999971,0.999971,9.4306815e-06,7.835227e-07,1.3812902e-05,3.0652418e-11,1.5899165e-08,6.452147e-13,5.1125244e-06
773,114_00517,114,517,0,N,0,N,0,N,0.99994266,0.99994266,4.486368e-07,1.20058e-06,2.8886197e-05,3.8065287e-11,7.198611e-08,1.5810811e-11,2.6824966e-05
774,114_00518,114,518,0,N,0,N,0,N,0.9991037,0.9991037,7.1708164e-05,0.00072140293,9.397201e-05,4.4690003e-09,1.2256979e-07,9.80711e-11,9.095176e-06
775,114_00519,114,519,0,N,0,N,0,N,0.9876836,0.9876836,0.0042494005,0.006397562,0.00047029462,5.402557e-10,7.7878845e-08,1.1726932e-11,0.0011990895
776,114_00520,114,520,0,N,0,N,0,N,0.9990652,0.9990652,5.903559e-05,0.00035493175,0.00036750766,1.6987899e-11,1.876851e-09,2.4841335e-13,0.0001532542
777,114_00521,114,521,0,N,0,N,0,N,0.99359596,0.99359596,0.00041236953,0.005355577,0.00058029353,1.2061043e-09,2.0984323e-09,2.306243e-12,5.5666405e-05
778,114_00522,114,522,0,N,0,N,0,N,0.9323167,0.9323167,0.057935778,0.0066629094,0.0002463299,5.9637304e-09,1.2471712e-07,2.2757955e-11,0.0028380724
779,114_00523,114,523,0,N,0,N,0,N,0.9433223,0.9433223,0.054602828,0.0014895394,0.0003490925,3.243624e-08,3.2861184e-08,4.5785483e-11,0.00023607798
780,114_00524,114,524,0,N,0,N,1,LBBB,0.9784115,0.017511522,0.9784115,0.0029775903,0.0007946816,4.6471763e-07,1.2665092e-07,1.8447052e-10,0.0003040863
781,114_00525,114,525,0,N,0,N,0,N,0.9001799,0.9001799,0.09098234,0.0066298805,0.0008913974,4.6806317e-08,1.6810492e-07,5.894313e-11,0.0013163626
782,114_00526,114,526,0,N,0,N,0,N,0.96153855,0.96153855,0.033151776,0.0035146135,0.0013718051,1.4442801e-08,2.5945793e-08,8.158652e-12,0.00042336914
783,114_00527,114,527,0,N,0,N,0,N,0.5590456,0.5590456,0.3266686,0.10987002,0.002138122,2.726876e-07,1.6694903e-06,2.56537e-10,0.0022757412
784,114_00528,114,528,0,N,0,N,0,N,0.9994946,0.9994946,0.00017480737,0.00024617327,6.7131754e-05,6.388721e-11,4.0654875e-09,1.3897495e-13,1.7361423e-05
785,114_00529,114,529,0,N,0,N,0,N,0.97719455,0.97719455,0.018284572,0.0008408609,0.0021299673,5.1177107e-08,2.225981e-07,6.6644135e-11,0.0015498295
786,114_00530,114,530,0,N,0,N,0,N,0.99888515,0.99888515,3.666921e-05,0.0010270838,3.1890468e-05,3.250644e-10,5.131172e-08,2.0073268e-12,1.9163655e-05
787,114_00531,114,531,0,N,0,N,0,N,0.9977485,0.9977485,0.0006028813,0.00016733604,9.510037e-05,2.0049148e-10,1.6537546e-08,2.4046062e-12,0.0013862415
788,114_00532,114,532,0,N,0,N,0,N,0.99101985,0.99101985,0.0010737017,0.007554258,0.00013993077,2.9592404e-09,2.1922924e-07,5.5147026e-11,0.00021210802
789,114_00533,114,533,0,N,0,N,0,N,0.9995171,0.9995171,6.703851e-05,0.00029235848,0.00010279694,3.0953632e-11,6.067489e-09,1.0657892e-13,2.0738824e-05
790,114_00534,114,534,0,N,0,N,0,N,0.98213184,0.98213184,0.0153238,0.0012314111,0.0005438139,1.32757245e-08,7.587216e-08,8.607334e-12,0.0007689845
791,114_00535,114,535,0,N,0,N,0,N,0.6389836,0.6389836,0.33773118,0.01679112,0.0040106834,6.3900666e-07,3.0997523e-06,6.5409006e-10,0.0024797146
792,114_00536,114,536,0,N,0,N,1,LBBB,0.90552896,0.08486218,0.90552896,0.00793727,0.00044568165,2.2436956e-07,5.005581e-07,2.8167124e-10,0.001225278
793,114_00537,114,537,0,N,0,N,0,N,0.73530906,0.73530906,0.25900078,0.0016332885,0.0036683322,9.251166e-08,3.050382e-08,2.9591843e-11,0.00038856227
794,114_00538,114,538,0,N,0,N,0,N,0.90413886,0.90413886,0.087124035,0.00049968035,0.004685567,2.0329612e-07,3.5098927e-07,3.5443318e-10,0.0035513095
795,114_00539,114,539,0,N,0,N,0,N,0.9866249,0.9866249,0.00033828046,0.01210213,0.0007156721,1.6958801e-09,3.2871014e-07,6.216836e-12,0.00021872993
796,114_00540,114,540,0,N,0,N,0,N,0.9997892,0.9997892,1.5578018e-05,7.374099e-05,4.6732337e-05,1.3477773e-12,3.778295e-10,3.618499e-15,7.4757794e-05
797,114_00541,114,541,0,N,0,N,0,N,0.9998752,0.9998752,1.6776588e-05,3.0797717e-05,4.8717007e-05,3.661615e-11,2.620252e-09,3.4811086e-13,2.8421638e-05
798,114_00542,114,542,0,N,0,N,0,N,0.9999931,0.9999931,1.4399272e-07,3.4757857e-06,2.135268e-06,1.537367e-12,3.3049556e-09,1.4529084e-13,1.1917153e-06
799,114_00543,114,543,0,N,0,N,0,N,0.99999464,0.99999464,5.5911546e-08,3.4443246e-06,5.909315e-07,3.5070108e-13,3.3616243e-10,1.657504e-14,1.3577168e-06
800,114_00544,114,544,0,N,0,N,0,N,0.99998534,0.99998534,1.5799385e-07,1.0829269e-06,8.932793e-06,5.8190817e-13,8.745642e-10,3.5191783e-14,4.4979834e-06
801,114_00545,114,545,0,N,0,N,0,N,0.9999857,0.9999857,6.913291e-08,6.5524237e-06,2.709898e-06,5.775374e-13,1.8782973e-09,5.5111396e-14,4.9643263e-06
802,114_00546,114,546,0,N,0,N,0,N,0.9998826,0.9998826,1.657235e-06,5.0556795e-05,3.5442674e-05,2.0177497e-12,2.4412439e-09,7.664926e-14,2.9711538e-05
803,114_00547,114,547,0,N,0,N,0,N,0.9997654,0.9997654,5.8967285e-06,0.00021696514,2.406923e-06,9.880633e-12,3.683041e-09,1.4677e-13,9.254932e-06
804,114_00548,114,548,0,N,0,N,0,N,0.9990772,0.9990772,0.00021031329,0.00040634707,5.2197567e-05,8.066234e-11,7.1792736e-09,9.062823e-13,0.000253853
805,114_00549,114,549,0,N,0,N,0,N,0.9990208,0.9990208,0.00015079972,0.0007827944,1.9218201e-05,1.2780775e-10,5.629108e-09,8.1540314e-13,2.6435264e-05
806,114_00550,114,550,0,N,0,N,0,N,0.99998677,0.99998677,1.1448067e-06,5.4633488e-06,3.6868635e-06,8.57696e-13,1.3304555e-10,1.09914705e-14,2.8438487e-06
807,114_00551,114,551,0,N,0,N,0,N,0.99991316,0.99991316,1.8496098e-06,2.8002272e-05,4.6253925e-05,6.1610274e-12,4.778575e-09,9.957005e-14,1.076289e-05
808,114_00552,114,552,0,N,0,N,0,N,0.99999344,0.99999344,1.4336317e-07,4.8812717e-07,5.3620793e-06,8.0045576e-14,4.3397927e-10,3.4924757e-16,5.8391487e-07
809,114_00553,114,553,0,N,0,N,0,N,0.99993956,0.99993956,4.0013768e-07,1.7687708e-07,3.790777e-05,1.7227423e-11,3.6511627e-09,1.1116916e-12,2.1992606e-05
810,114_00554,114,554,0,N,0,N,0,N,0.99997133,0.99997133,2.1121767e-07,8.3550596e-08,2.6221393e-05,1.8318801e-11,6.0155796e-09,1.2261041e-12,2.2181944e-06
811,114_00555,114,555,0,N,0,N,0,N,0.9999932,0.9999932,1.597333e-07,1.2092822e-06,4.5181346e-06,1.26861e-11,1.5233915e-08,2.8313408e-13,9.259393e-07
812,114_00556,114,556,0,N,0,N,0,N,0.9999837,0.9999837,4.3174058e-08,2.3966922e-07,1.557472e-05,1.0838223e-13,7.6055107e-10,1.661188e-15,4.776174e-07
813,114_00557,114,557,0,N,0,N,0,N,0.9999963,0.9999963,3.1348158e-08,3.014539e-06,8.5583686e-08,1.6787482e-13,2.6448166e-10,3.8908492e-15,5.405405e-07
814,114_00558,114,558,0,N,0,N,0,N,0.9998961,0.9998961,3.103799e-07,3.6353213e-05,5.9696496e-05,3.2897613e-13,2.897877e-09,1.4663968e-14,7.5762946e-06
815,114_00559,114,559,0,N,0,N,0,N,0.99999547,0.99999547,1.1534604e-07,3.8479516e-06,4.2854046e-07,3.095376e-14,7.658073e-11,1.1406455e-16,1.5139182e-07
816,114_00560,114,560,0,N,0,N,0,N,0.99750686,0.99750686,0.0017283047,0.00038840342,6.82985e-05,5.19531e-09,3.2856736e-08,1.7578295e-11,0.0003080077
817,114_00561,114,561,0,N,0,N,0,N,0.9982859,0.9982859,0.00046581196,0.001143125,7.5040094e-05,4.7567603e-09,2.8620875e-07,3.1307207e-11,2.98762e-05
818,114_00562,114,562,0,N,0,N,0,N,0.99926674,0.99926674,0.00049062,0.00012368112,4.8371727e-05,1.0214325e-09,2.178556e-08,3.6757537e-12,7.060135e-05
819,114_00563,114,563,0,N,0,N,0,N,0.9911059,0.9911059,0.007421359,0.0008811136,0.00034911305,8.172966e-08,2.9792665e-07,2.6664757e-10,0.00024210816
820,114_00564,114,564,0,N,0,N,0,N,0.99980354,0.99980354,0.00014440512,8.914177e-06,2.6159201e-05,1.5351677e-09,9.0193225e-08,1.9411056e-11,1.6931353e-05
821,114_00565,114,565,0,N,0,N,0,N,0.99989575,0.99989575,8.51382e-06,1.1714209e-05,2.7955544e-05,3.6592762e-10,3.0769826e-08,8.643859e-12,5.608452e-05
822,114_00566,114,566,0,N,0,N,0,N,0.9998851,0.9998851,1.258799e-06,6.771692e-05,3.858541e-05,4.836506e-11,6.105558e-08,2.9074575e-12,7.281706e-06
823,114_00567,114,567,0,N,0,N,0,N,0.9999687,0.9999687,5.9641166e-06,7.068892e-06,5.368701e-06,2.4617313e-11,1.3091444e-08,2.8560582e-13,1.3012598e-05
824,114_00568,114,568,0,N,0,N,0,N,0.9999592,0.9999592,1.6979874e-06,9.964791e-06,1.7631299e-05,5.335591e-11,3.3940438e-08,3.5354718e-12,1.1496146e-05
825,114_00569,114,569,0,N,0,N,0,N,0.99996895,0.99996895,3.876901e-06,1.7447459e-05,4.9374817e-06,6.3805954e-11,8.16663e-09,1.3639069e-12,4.7789586e-06
826,114_00570,114,570,0,N,0,N,0,N,0.99998313,0.99998313,8.329608e-07,3.3333213e-06,3.1758912e-06,1.08922125e-11,7.059336e-09,9.980753e-13,9.563829e-06
827,114_00571,114,571,0,N,0,N,0,N,0.99998456,0.99998456,5.88361e-08,5.52459e-06,7.4242294e-06,3.0905666e-12,9.333973e-09,7.042077e-13,2.4290018e-06
828,114_00572,114,572,0,N,0,N,0,N,0.9999956,0.9999956,1.9640897e-08,4.4753367e-07,2.3162618e-06,2.0113982e-13,7.955231e-10,2.8333074e-14,1.6563478e-06
829,114_00573,114,573,0,N,0,N,0,N,0.9999931,0.9999931,1.5486746e-08,1.8792348e-06,3.89893e-06,1.9806362e-13,1.2342088e-09,1.5717532e-14,1.1018748e-06
830,114_00574,114,574,0,N,0,N,0,N,0.9999894,0.9999894,1.00726766e-07,6.445631e-07,7.995616e-06,2.5415353e-12,4.733671e-09,1.0979898e-13,1.8004921e-06
831,114_00575,114,575,0,N,0,N,0,N,0.99998987,0.99998987,1.6167746e-07,4.8678794e-07,3.552619e-06,5.248392e-12,9.613542e-09,9.420587e-13,6.0159873e-06
832,114_00576,114,576,0,N,0,N,0,N,0.9999755,0.9999755,1.4122188e-07,5.3093146e-07,2.2795197e-05,8.920555e-12,5.923742e-09,5.545175e-13,1.0982297e-06
833,114_00577,114,577,0,N,0,N,0,N,0.999992,0.999992,6.647956e-08,1.2056097e-06,2.2260285e-06,1.016652e-12,1.8891562e-09,1.2993923e-13,4.38373e-06
834,114_00578,114,578,0,N,0,N,0,N,0.9999631,0.9999631,2.7390413e-07,3.910707e-06,2.977029e-05,1.0888069e-11,1.0486979e-08,7.164713e-13,3.057279e-06
835,114_00579,114,579,0,N,0,N,0,N,0.99995315,0.99995315,6.3778197e-07,5.350418e-07,2.68242e-05,1.1209637e-10,6.888242e-08,1.3496119e-11,1.87541e-05
836,114_00580,114,580,0,N,0,N,0,N,0.9999711,0.9999711,5.888575e-07,1.5613614e-06,2.2107066e-05,1.247734e-10,1.15582175e-07,2.0333917e-11,4.5331753e-06
837,114_00581,114,581,0,N,0,N,0,N,0.99998206,0.99998206,2.7679684e-07,1.023792e-05,6.2966114e-06,1.6920538e-11,1.4273841e-08,6.701801e-13,1.2707446e-06
838,114_00582,114,582,0,N,0,N,0,N,0.99991184,0.99991184,8.957865e-06,3.785694e-05,1.8047405e-05,4.6765394e-11,2.519576e-08,7.7710413e-13,2.331849e-05
839,114_00583,114,583,0,N,0,N,0,N,0.999933,0.999933,7.0056826e-06,4.4751978e-05,6.3629195e-06,3.681702e-11,1.4085667e-08,4.3137027e-13,8.8807765e-06
840,114_00584,114,584,0,N,0,N,0,N,0.9999067,0.9999067,7.3477406e-07,3.201378e-05,2.9247927e-05,8.9597565e-12,8.33858e-09,1.2060137e-12,3.1405063e-05
841,114_00585,114,585,0,N,0,N,0,N,0.9999705,0.9999705,1.1851629e-07,7.849797e-06,6.2522113e-06,5.1943405e-13,4.3660644e-09,1.1161895e-13,1.5342122e-05
842,114_00586,114,586,0,N,0,N,0,N,0.9999242,0.9999242,3.841072e-07,1.1069538e-05,5.719902e-05,4.3853365e-11,3.7372857e-08,3.2222205e-12,7.052417e-06
843,114_00587,114,587,0,N,0,N,0,N,0.99999523,0.99999523,5.0149893e-08,4.9375006e-07,8.266873e-07,1.5706583e-12,1.4081943e-09,2.9331488e-13,3.4584439e-06
844,114_00588,114,588,0,N,0,N,0,N,0.9999895,0.9999895,1.0324494e-07,1.1670106e-06,8.877037e-06,6.796777e-13,2.1674754e-10,8.929723e-15,3.7571692e-07
845,114_00589,114,589,0,N,0,N,0,N,0.9999974,0.9999974,2.627766e-08,2.0525617e-06,2.5372515e-07,2.956835e-14,3.8210674e-11,1.136028e-15,3.7017583e-07
846,114_00590,114,590,0,N,0,N,0,N,0.99999046,0.99999046,2.6842816e-08,6.8235995e-06,1.3370072e-06,4.2186235e-14,1.091122e-10,1.5034099e-15,1.3221706e-06
847,114_00591,114,591,0,N,0,N,0,N,0.9999516,0.9999516,1.15173464e-07,4.5675624e-05,2.182633e-06,2.9481365e-13,7.6308687e-10,4.4005297e-15,4.3095935e-07
848,114_00592,114,592,0,N,0,N,0,N,0.99999106,0.99999106,2.4503424e-07,4.5888946e-06,2.6936307e-06,1.3368923e-13,2.9328392e-10,1.7693641e-15,1.4715563e-06
849,114_00593,114,593,0,N,0,N,0,N,0.99982285,0.99982285,2.8859595e-06,1.1850377e-05,5.1929317e-05,1.0322206e-10,4.724722e-08,1.4876562e-11,0.00011034759
850,114_00594,114,594,0,N,0,N,0,N,0.99981296,0.99981296,1.8744952e-06,1.8290428e-06,5.2276177e-05,3.6136005e-10,3.8842015e-07,1.8426076e-10,0.00013060168
851,114_00595,114,595,0,N,0,N,0,N,0.9998765,0.9998765,5.8445374e-07,8.294007e-06,5.057216e-05,4.544547e-11,9.108238e-08,2.1021058e-11,6.395078e-05
852,114_00596,114,596,0,N,0,N,0,N,0.999006,0.999006,6.251565e-07,0.00093156006,4.8644215e-05,1.7193096e-11,2.5513472e-08,2.6694523e-12,1.32682235e-05
853,114_00597,114,597,0,N,0,N,0,N,0.9999065,0.9999065,2.0631076e-06,6.7676796e-05,8.41623e-06,1.6049499e-12,1.8816873e-09,2.003889e-14,1.5500233e-05
854,114_00598,114,598,0,N,0,N,0,N,0.99961096,0.99961096,3.1516003e-05,0.00014846012,0.00015944074,2.5639035e-10,6.885045e-08,3.7941317e-12,4.9576058e-05
855,114_00599,114,599,0,N,0,N,0,N,0.999975,0.999975,6.660335e-07,1.7129267e-05,2.5664476e-06,1.4713584e-12,2.5154219e-09,2.06593e-14,4.5788543e-06
856,114_00600,114,600,0,N,0,N,0,N,0.9998005,0.9998005,1.6631484e-06,1.7663191e-06,0.00014703473,2.0629977e-11,2.5130756e-08,6.9419344e-12,4.9105925e-05
857,114_00601,114,601,0,N,0,N,0,N,0.9999725,0.9999725,7.8918055e-07,7.2492736e-07,8.465279e-06,1.8882393e-10,8.088487e-08,6.4516954e-11,1.7556398e-05
858,114_00602,114,602,0,N,0,N,0,N,0.99998444,0.99998444,1.873436e-07,1.8810367e-06,9.434875e-06,1.3648708e-11,3.8488612e-09,3.1085978e-12,4.093801e-06
859,114_00603,114,603,0,N,0,N,0,N,0.9997323,0.9997323,1.8503489e-07,1.1654633e-05,0.00025353854,6.1200953e-12,3.997262e-08,6.578285e-13,2.2474676e-06
860,114_00604,114,604,0,N,0,N,0,N,0.99999535,0.99999535,3.2948066e-08,4.6128952e-07,7.1619195e-07,3.8525308e-13,2.1365367e-09,1.05474115e-13,3.450317e-06
861,114_00605,114,605,0,N,0,N,0,N,0.99997693,0.99997693,2.8961622e-08,3.4901386e-06,1.8329238e-05,1.3124478e-12,2.5874853e-09,1.6783955e-13,1.2548632e-06
862,114_00606,114,606,0,N,0,N,0,N,0.9999957,0.9999957,3.470366e-08,6.0943574e-07,2.2635425e-06,1.8048226e-13,4.3295342e-10,1.22056524e-14,1.443347e-06
863,114_00607,114,607,0,N,0,N,0,N,0.9999806,0.9999806,2.945575e-07,2.4696917e-06,1.3985139e-05,2.9604978e-11,1.598013e-08,1.8402242e-12,2.6043233e-06
864,114_00608,114,608,0,N,0,N,0,N,0.99998784,0.99998784,5.4433883e-08,9.0567016e-07,2.238874e-06,1.6541404e-12,3.1572414e-09,1.0741875e-12,9.033959e-06
865,114_00609,114,609,0,N,0,N,0,N,0.9999448,0.9999448,3.3150947e-08,2.8717666e-05,2.5481633e-05,6.5952044e-12,5.3700617e-08,1.3846571e-12,8.6962075e-07
866,114_00610,114,610,0,N,0,N,0,N,0.99995977,0.99995977,5.5290946e-07,2.0167085e-05,4.311843e-06,5.1824127e-12,4.5056066e-09,8.893292e-14,1.5173518e-05
867,114_00611,114,611,0,N,0,N,0,N,0.99970496,0.99970496,3.7811344e-06,0.00020955002,8.069037e-06,2.1081126e-11,1.9268306e-08,2.639433e-12,7.369126e-05
868,114_00612,114,612,0,N,0,N,0,N,0.99713326,0.99713326,0.00025361532,0.0022620056,0.00020915354,3.1720537e-10,3.4181085e-08,4.7059674e-12,0.00014192083
869,114_00613,114,613,0,N,0,N,0,N,0.9985787,0.9985787,0.000109384324,0.001125278,6.7998044e-05,5.3287336e-11,2.8278556e-08,5.2015564e-13,0.00011857272
870,114_00614,114,614,0,N,0,N,0,N,0.9993482,0.9993482,3.3061657e-05,0.0002710811,0.00029077433,2.5876912e-11,5.8322036e-09,8.874572e-14,5.682158e-05
871,114_00615,114,615,0,N,0,N,0,N,0.97480667,0.97480667,0.00873071,0.013906044,0.00050222763,1.6584863e-08,2.6245647e-07,4.3259864e-11,0.0020541083
872,114_00616,114,616,0,N,0,N,0,N,0.9857638,0.9857638,0.0007139524,0.0130544035,0.0003091078,4.6884446e-10,2.0121402e-07,3.820598e-12,0.0001586632
873,114_00617,114,617,0,N,0,N,0,N,0.9921135,0.9921135,0.004822492,0.0019000968,0.00092200475,1.7106145e-09,2.234065e-08,7.7598887e-13,0.0002418671
874,114_00618,114,618,0,N,0,N,0,N,0.9290699,0.9290699,0.06451298,0.004158399,0.0015926701,7.348863e-08,2.6627967e-07,2.3045593e-11,0.0006656609
875,114_00619,114,619,0,N,0,N,0,N,0.928032,0.928032,0.05500644,0.01215261,0.0017307571,3.5470684e-08,8.234689e-07,5.926236e-11,0.0030774178
876,114_00620,114,620,3,APC,0,N,0,N,0.83316475,0.83316475,0.092373446,0.06864274,0.003985353,3.7342833e-08,8.2528425e-07,2.252598e-11,0.0018328435
877,114_00621,114,621,3,APC,3,APC,0,N,0.89249915,0.89249915,0.0909994,0.013475146,0.0026442953,1.7289354e-08,7.807864e-08,5.167794e-12,0.000381913
878,114_00622,114,622,3,APC,3,APC,0,N,0.95877624,0.95877624,0.037826493,5.4278364e-05,0.0019543082,3.382277e-08,8.358133e-08,1.3453934e-10,0.0013886087
879,114_00623,114,623,3,APC,3,APC,0,N,0.9941744,0.9941744,0.0003324097,9.173081e-05,0.005144116,1.039938e-08,2.0924156e-07,1.4677998e-10,0.00025706113
880,114_00624,114,624,3,APC,3,APC,0,N,0.9961951,0.9961951,0.00016365627,0.00013411074,0.002199048,8.8745933e-10,4.28607e-08,1.6282031e-11,0.0013081675
881,114_00625,114,625,6,NPC,3,APC,0,N,0.99945486,0.99945486,1.4213131e-05,0.00014548584,0.00012639268,4.4537485e-11,3.1420935e-09,3.649142e-13,0.000259093
882,114_00626,114,626,0,N,6,NPC,0,N,0.99370694,0.99370694,0.0005106691,0.003926663,0.00096955016,2.6126484e-10,8.830931e-09,1.6773286e-12,0.0008861075
883,114_00627,114,627,0,N,0,N,0,N,0.9948056,0.9948056,0.0004046371,0.0046430933,4.28881e-05,1.0065615e-10,1.3732621e-08,6.3684534e-13,0.000103900966
884,114_00628,114,628,0,N,0,N,0,N,0.99131,0.99131,0.0047751092,0.0032308868,0.00050192967,9.722951e-10,8.539091e-09,7.581161e-13,0.000181994
885,114_00629,114,629,0,N,0,N,0,N,0.86861295,0.86861295,0.11741326,0.011873952,0.0011723456,3.6017422e-08,1.3044055e-07,1.1310197e-11,0.00092732965
886,114_00630,114,630,0,N,0,N,0,N,0.988083,0.988083,0.0091389315,0.0017750748,0.00065722817,4.4217616e-09,2.7723678e-08,2.9367277e-12,0.00034565025
887,114_00631,114,631,0,N,0,N,0,N,0.80823934,0.80823934,0.18097712,0.004612582,0.0052172085,1.3836484e-07,4.6381544e-07,2.7438935e-11,0.0009531768
888,114_00632,114,632,0,N,0,N,0,N,0.8557996,0.8557996,0.124453224,0.016219087,0.0009153469,3.8783437e-08,3.7612736e-07,5.0950816e-11,0.0026124555
889,114_00633,114,633,0,N,0,N,0,N,0.95416033,0.95416033,0.040467996,0.0033375737,0.0013925435,1.152569e-08,3.8433736e-08,8.095584e-12,0.0006414298
890,114_00634,114,634,0,N,0,N,0,N,0.92533094,0.92533094,0.071182996,0.001647232,0.0015807713,8.0519854e-08,5.9408087e-08,1.8484901e-11,0.00025785711
891,114_00635,114,635,0,N,0,N,0,N,0.88652056,0.88652056,0.10840646,0.0031228133,0.0012309814,8.108651e-08,4.979577e-07,4.549471e-11,0.000718582
892,114_00636,114,636,0,N,0,N,0,N,0.6768029,0.6768029,0.294,0.02697588,0.0005800333,8.2278405e-08,4.0033478e-07,1.0718009e-10,0.0016407504
893,114_00637,114,637,0,N,0,N,0,N,0.9832623,0.9832623,0.010528155,0.0038838594,0.0019140438,2.2725657e-09,1.4895104e-08,1.7135853e-12,0.0004116797
894,114_00638,114,638,0,N,0,N,0,N,0.8747511,0.8747511,0.07816218,0.044415686,0.002023764,3.464369e-08,1.4724486e-07,1.4424216e-11,0.00064704363
895,114_00639,114,639,0,N,0,N,0,N,0.70332617,0.70332617,0.25523975,0.035656247,0.0012829297,2.963e-08,5.4866996e-07,3.5473915e-11,0.004494323
896,114_00640,114,640,0,N,0,N,1,LBBB,0.84570575,0.12393935,0.84570575,0.027218333,0.001483615,1.436853e-07,2.738063e-07,1.328021e-10,0.0016525175
897,114_00641,114,641,0,N,0,N,1,LBBB,0.5883463,0.35379827,0.5883463,0.052327853,0.0040223105,1.1700956e-07,3.573992e-08,6.4797556e-11,0.0015050743
898,114_00642,114,642,0,N,0,N,1,LBBB,0.71465796,0.2564132,0.71465796,0.027137026,0.0009172421,1.19136566e-07,1.11237375e-08,4.149076e-11,0.0008745006
899,114_00643,114,643,0,N,0,N,1,LBBB,0.8663832,0.1111802,0.8663832,0.020447433,0.0008143322,1.8377756e-07,6.5770074e-08,1.3258004e-10,0.0011745903
900,114_00644,114,644,0,N,0,N,1,LBBB,0.5197974,0.4004161,0.5197974,0.0745664,0.0030469254,1.2201032e-07,1.8455421e-07,9.639185e-11,0.002172838
901,114_00645,114,645,0,N,0,N,0,N,0.9907722,0.9907722,0.0041660923,0.0019816754,0.0027610566,2.4935893e-09,1.2746148e-08,2.9951692e-12,0.00031897044
902,114_00646,114,646,0,N,0,N,0,N,0.98736495,0.98736495,0.007782267,0.0033906654,0.0010121276,2.6938029e-08,7.863964e-08,1.37139345e-11,0.0004500091
903,114_00647,114,647,0,N,0,N,0,N,0.9959636,0.9959636,0.0018020746,0.0010816945,0.00083803496,1.5493475e-09,1.5933271e-07,2.2966507e-12,0.00031434794
904,114_00648,114,648,0,N,0,N,0,N,0.99503493,0.99503493,0.002359061,0.0019363835,0.000396504,1.8248706e-09,1.400516e-07,2.342904e-12,0.00027305522
905,114_00649,114,649,0,N,0,N,0,N,0.99538165,0.99538165,0.00219467,0.00061922404,0.00071497966,9.509846e-10,9.888157e-08,1.8565548e-12,0.0010894592
906,114_00650,114,650,0,N,0,N,0,N,0.99771035,0.99771035,0.00041960907,5.185267e-05,0.0017411074,1.5731092e-09,8.877987e-08,3.6200283e-12,7.700801e-05
907,114_00651,114,651,0,N,0,N,0,N,0.9999517,0.9999517,2.9210662e-07,8.2644004e-07,1.697058e-05,1.0995087e-11,9.331673e-09,2.4743606e-12,3.013176e-05
908,114_00652,114,652,0,N,0,N,0,N,0.99997085,0.99997085,1.3404389e-07,7.186268e-06,1.9880808e-05,9.486805e-12,1.0257305e-08,7.366643e-13,1.9875226e-06
909,114_00653,114,653,0,N,0,N,0,N,0.9992807,0.9992807,8.9706584e-05,0.00058516936,2.2400653e-05,5.1181526e-10,4.968662e-08,2.8460114e-12,2.2052922e-05
910,114_00654,114,654,0,N,0,N,0,N,0.9990501,0.9990501,0.00054687954,0.00022958666,0.00010065007,7.432593e-10,1.0987395e-07,5.645102e-12,7.269186e-05
911,114_00655,114,655,0,N,0,N,0,N,0.95278436,0.95278436,0.031653054,0.0123941265,0.001177621,1.2231384e-07,1.7875917e-06,4.863587e-10,0.0019889371
912,114_00656,114,656,0,N,0,N,0,N,0.70109487,0.70109487,0.023546394,0.2730463,0.0012698674,7.557484e-09,3.329671e-07,1.9289962e-11,0.001042162
913,114_00657,114,657,0,N,0,N,0,N,0.99675226,0.99675226,0.0019491271,0.00067075895,0.00042596486,1.4911068e-10,1.3581583e-09,2.2652393e-13,0.00020183413
914,114_00658,114,658,0,N,0,N,0,N,0.8574127,0.8574127,0.13458316,0.005784084,0.00074160256,3.5618785e-07,9.436005e-08,4.3770612e-10,0.0014779877
915,114_00659,114,659,0,N,0,N,0,N,0.8672349,0.8672349,0.023333076,0.106966734,0.0009048954,1.7380103e-08,1.3637105e-06,3.0284797e-10,0.001559021
916,114_00660,114,660,0,N,0,N,0,N,0.9995723,0.9995723,2.903195e-05,0.00028195427,7.073105e-05,8.435067e-12,1.481673e-09,9.4290136e-14,4.603172e-05
917,114_00661,114,661,0,N,0,N,0,N,0.99683666,0.99683666,0.0014522594,0.001373835,0.0002782133,1.2048265e-09,1.6484428e-09,7.213408e-13,5.9013262e-05
918,114_00662,114,662,0,N,0,N,0,N,0.999197,0.999197,0.00032212603,0.00031355923,6.683731e-05,1.0181382e-09,3.0396123e-08,5.4887097e-12,0.00010031058
919,114_00663,114,663,0,N,0,N,0,N,0.9999342,0.9999342,6.03702e-06,3.095832e-05,2.0734662e-05,1.688755e-11,9.548119e-09,1.9113687e-13,7.985802e-06
920,114_00664,114,664,0,N,0,N,0,N,0.9999756,0.9999756,3.9596685e-07,4.12058e-06,9.982294e-06,6.4282763e-12,2.9643172e-09,2.5738323e-13,9.984284e-06
921,114_00665,114,665,0,N,0,N,0,N,0.9999914,0.9999914,7.244012e-09,2.0409986e-07,7.642149e-06,1.1840825e-13,5.564534e-10,1.9513798e-14,7.4315943e-07
922,114_00666,114,666,0,N,0,N,0,N,0.9999988,0.9999988,5.567516e-10,6.743975e-07,4.7455353e-07,8.079573e-15,2.2972003e-10,6.180422e-16,5.658671e-08
923,114_00667,114,667,0,N,0,N,0,N,0.9999993,0.9999993,3.8577871e-10,3.473973e-07,3.146856e-07,6.593852e-16,1.7944816e-11,1.5613266e-17,2.056547e-08
924,114_00668,114,668,0,N,0,N,0,N,0.9999995,0.9999995,4.423617e-10,2.621048e-07,1.5379118e-07,6.6899287e-16,2.3374302e-11,1.1323386e-17,2.2561824e-08
925,114_00669,114,669,0,N,0,N,0,N,0.9999995,0.9999995,5.427543e-10,3.1563243e-07,1.1230268e-07,4.9131447e-16,2.285606e-11,1.1130922e-17,3.809504e-08
926,114_00670,114,670,0,N,0,N,0,N,0.99999976,0.99999976,1.8158856e-10,5.4604133e-08,2.0008518e-07,2.7110724e-16,1.3430008e-11,9.579876e-18,1.3087207e-08
927,114_00671,114,671,0,N,0,N,0,N,0.9999957,0.9999957,8.339386e-09,1.52649e-08,4.254951e-06,1.7204434e-13,1.1220838e-09,1.9294623e-15,4.1586766e-08
928,114_00672,114,672,0,N,0,N,0,N,0.99999154,0.99999154,2.436553e-07,7.069087e-08,6.749855e-06,2.4960976e-09,2.672778e-07,1.5167876e-11,1.1206702e-06
929,114_00673,114,673,0,N,0,N,0,N,0.99660134,0.99660134,1.7715747e-06,1.6879836e-08,0.0033901704,3.501914e-07,2.7885515e-06,9.6594635e-09,3.5698781e-06
930,114_00674,114,674,0,N,0,N,0,N,0.9977454,0.9977454,1.2384157e-06,1.6734276e-07,0.0022482083,7.2111015e-07,3.0819506e-06,2.5714744e-09,1.3041154e-06
931,114_00675,114,675,0,N,0,N,0,N,0.9991779,0.9991779,1.2653202e-06,8.820929e-08,0.0008199065,8.766769e-08,3.806379e-07,8.5566576e-10,2.7891494e-07
932,114_00676,114,676,0,N,0,N,0,N,0.9998327,0.9998327,1.0670124e-06,2.8085688e-08,0.00016467812,9.118941e-09,4.4676315e-07,7.1064143e-10,1.1108133e-06
933,114_00677,114,677,0,N,0,N,0,N,0.99996334,0.99996334,2.1981037e-08,3.785383e-07,3.5612717e-05,1.477677e-09,3.9934167e-07,7.482645e-11,2.3844916e-07
934,114_00678,114,678,0,N,0,N,0,N,0.99996704,0.99996704,4.8114748e-09,1.0730313e-07,3.2943477e-05,1.0447249e-12,5.246316e-10,4.1274574e-14,2.2611019e-08
935,114_00679,114,679,0,N,0,N,0,N,0.9999989,0.9999989,1.1412586e-09,8.3284044e-07,1.8214544e-07,1.875693e-14,2.3709762e-10,6.676718e-16,2.4058735e-08
936,114_00680,114,680,0,N,0,N,0,N,0.9999989,0.9999989,1.7219134e-09,5.573528e-07,4.6953775e-07,8.185298e-15,1.8575749e-10,2.304105e-16,3.1328995e-08
937,114_00681,114,681,0,N,0,N,0,N,0.99999654,0.99999654,2.9155068e-08,4.0298087e-08,3.207951e-06,3.7656754e-13,5.525473e-10,8.265289e-15,1.6656642e-07
938,114_00682,114,682,0,N,0,N,0,N,0.9999681,0.9999681,7.649951e-07,2.43808e-08,2.4899338e-05,5.993648e-10,2.2077079e-07,3.7657807e-11,6.024319e-06
939,114_00683,114,683,0,N,0,N,0,N,0.9999504,0.9999504,7.174145e-08,1.779578e-07,4.8253874e-05,1.7323084e-09,5.740742e-07,1.5638547e-10,6.195512e-07
940,114_00684,114,684,0,N,0,N,0,N,0.9999969,0.9999969,4.2324677e-09,6.719989e-07,2.398371e-06,1.0314073e-12,6.002263e-10,2.1184243e-14,1.914858e-08
941,114_00685,114,685,0,N,0,N,0,N,0.9999694,0.9999694,1.3185728e-08,6.213487e-09,3.0513604e-05,1.2362244e-13,8.933877e-10,3.8761227e-15,1.1099309e-07
942,114_00686,114,686,0,N,0,N,0,N,0.99998397,0.99998397,7.634694e-07,1.7324015e-07,8.96422e-06,4.6081443e-08,1.1405708e-06,3.663936e-10,5.0715366e-06
943,114_00687,114,687,0,N,0,N,0,N,0.9980962,0.9980962,4.9435616e-06,1.03446474e-07,0.0018804703,8.3560635e-06,6.3061048e-06,8.2966196e-08,3.459044e-06
944,114_00688,114,688,0,N,0,N,0,N,0.9941453,0.9941453,1.0140038e-05,9.754867e-07,0.0056955996,1.1783028e-05,0.00012855162,9.3274906e-08,7.646463e-06
945,114_00689,114,689,0,N,0,N,0,N,0.9957632,0.9957632,1.2266781e-05,8.1475594e-07,0.0041935327,7.620911e-06,2.0982316e-05,3.493772e-08,1.5792996e-06
946,114_00690,114,690,0,N,0,N,0,N,0.9997377,0.9997377,2.0640423e-06,6.2566926e-07,0.00025700484,6.6762587e-09,2.5010056e-07,3.1655178e-10,2.3921284e-06
947,114_00691,114,691,0,N,0,N,0,N,0.98536116,0.98536116,1.6939828e-05,3.061344e-06,0.014599027,2.2814001e-08,1.6748509e-05,3.4091943e-10,3.0787057e-06
948,114_00692,114,692,0,N,0,N,0,N,0.9999828,0.9999828,1.133893e-06,1.5293125e-07,1.1253003e-05,1.0727448e-08,5.293443e-07,3.5678657e-10,4.1865096e-06
949,114_00693,114,693,0,N,0,N,0,N,0.9999195,0.9999195,4.756683e-08,1.4356784e-06,7.8641686e-05,7.667897e-11,1.2161863e-08,6.1280633e-12,4.278517e-07
950,114_00694,114,694,0,N,0,N,0,N,0.99998856,0.99998856,3.1210575e-08,2.818869e-06,8.500315e-06,1.1669525e-12,8.820591e-09,6.284556e-14,1.7254777e-07
951,114_00695,114,695,0,N,0,N,0,N,0.9999975,0.9999975,4.3413877e-08,1.8084185e-07,1.298381e-06,3.1005437e-12,6.193074e-09,4.193737e-13,1.0073802e-06
952,114_00696,114,696,0,N,0,N,0,N,0.99998987,0.99998987,8.606358e-08,1.1533721e-06,7.907526e-06,6.061499e-12,1.5826126e-08,5.851686e-13,9.697291e-07
953,114_00697,114,697,0,N,0,N,0,N,0.9999811,0.9999811,1.2239555e-07,3.809341e-07,1.8039467e-05,1.074851e-11,1.1316904e-08,5.049131e-13,4.4980519e-07
954,114_00698,114,698,0,N,0,N,0,N,0.99992764,0.99992764,1.9806007e-06,9.4302365e-08,5.5359764e-05,1.0275263e-09,1.2117802e-07,3.5982557e-11,1.4769933e-05
955,114_00699,114,699,0,N,0,N,0,N,0.99927104,0.99927104,2.1279013e-05,3.420881e-07,0.0006055356,4.57658e-05,1.6277047e-05,1.3790851e-07,3.964989e-05
956,114_00700,114,700,0,N,0,N,0,N,0.99398625,0.99398625,0.00030548504,1.3657929e-06,0.0030369686,0.0021662826,0.00047932207,7.9023375e-06,1.6385224e-05
957,114_00701,114,701,0,N,0,N,0,N,0.98797965,0.98797965,5.4714397e-05,2.4648298e-06,0.008888391,0.0027457988,0.00030479225,5.683283e-06,1.8526198e-05
958,114_00702,114,702,0,N,0,N,0,N,0.9931153,0.9931153,1.9063938e-05,1.38984005e-05,0.006830807,7.267265e-06,1.0576653e-05,6.253737e-08,3.0198241e-06
959,114_00703,114,703,0,N,0,N,0,N,0.98271745,0.98271745,2.1507917e-06,4.1354315e-07,0.017274965,1.01376365e-07,3.4077543e-06,2.223377e-09,1.5219244e-06
960,114_00704,114,704,0,N,0,N,0,N,0.99991566,0.99991566,5.0720246e-07,2.42862e-07,8.069056e-05,2.4621444e-08,1.4146555e-06,4.813263e-10,1.6072719e-06
961,114_00705,114,705,0,N,0,N,0,N,0.9998728,0.9998728,4.7069705e-07,5.459447e-07,0.0001252467,2.2954845e-09,2.9660936e-07,1.5697489e-10,6.1968626e-07
962,114_00706,114,706,0,N,0,N,0,N,0.9997918,0.9997918,1.0338448e-06,3.4651399e-07,0.00020506843,3.2522867e-09,5.2045993e-07,1.5033703e-10,1.2490079e-06
963,114_00707,114,707,0,N,0,N,0,N,0.9993125,0.9993125,3.4862285e-05,2.0066586e-06,0.00055627275,4.458467e-06,6.352137e-05,2.8393467e-08,2.6414955e-05
964,114_00708,114,708,0,N,0,N,0,N,0.98497224,0.98497224,1.6228785e-05,2.95784e-07,0.014825776,7.54994e-05,9.33578e-05,3.150079e-07,1.6450414e-05
965,114_00709,114,709,0,N,0,N,0,N,0.9993455,0.9993455,1.2542957e-06,7.5922713e-07,0.0006471696,1.4016567e-07,3.7780305e-06,4.4520343e-09,1.4662413e-06
966,114_00710,114,710,0,N,0,N,0,N,0.99975526,0.99975526,2.4181306e-08,4.4496147e-07,0.00024423737,3.1849762e-11,2.7448031e-08,1.3593982e-12,9.1640594e-08
967,114_00711,114,711,0,N,0,N,0,N,0.99999774,0.99999774,1.4051559e-08,6.850542e-07,1.3436959e-06,3.2318796e-13,1.4959397e-09,1.6130467e-14,2.4433606e-07
968,114_00712,114,712,0,N,0,N,0,N,0.99999356,0.99999356,1.3798999e-08,2.422665e-07,6.0329644e-06,2.8676361e-13,1.3687691e-09,1.0970308e-14,1.7394639e-07
969,114_00713,114,713,0,N,0,N,0,N,0.9999964,0.9999964,2.5970401e-08,1.4474482e-07,3.1391335e-06,1.9592832e-12,5.1663065e-09,1.1316444e-13,2.788957e-07
970,114_00714,114,714,0,N,0,N,0,N,0.99998975,0.99998975,3.1623237e-08,4.2212193e-07,9.700771e-06,8.080945e-12,1.0991664e-08,2.2705388e-13,1.5670852e-07
971,114_00715,114,715,0,N,0,N,0,N,0.9999949,0.9999949,1.423072e-08,1.8627182e-07,4.7537765e-06,2.0759182e-13,1.0526766e-09,5.7643938e-15,2.046664e-07
972,114_00716,114,716,0,N,0,N,0,N,0.99999046,0.99999046,3.6881186e-08,1.9674326e-07,9.136856e-06,2.2580516e-12,9.4443795e-09,4.290299e-14,2.3115219e-07
973,114_00717,114,717,0,N,0,N,0,N,0.9999976,0.9999976,2.2948658e-08,9.1678366e-08,1.9725164e-06,2.0719455e-12,2.103265e-09,1.8188219e-13,3.5487676e-07
974,114_00718,114,718,0,N,0,N,0,N,0.9999787,0.9999787,9.97875e-09,3.4009807e-07,2.0975709e-05,4.502738e-12,9.144781e-09,1.12745994e-13,4.1173596e-08
975,114_00719,114,719,0,N,0,N,0,N,0.99999154,0.99999154,6.1709784e-08,3.440358e-08,5.8587634e-06,9.003316e-11,2.7119091e-08,7.511422e-12,2.4713584e-06
976,114_00720,114,720,0,N,0,N,0,N,0.9998941,0.9998941,2.4451353e-07,2.4224124e-07,0.000102148675,1.421461e-08,2.5375036e-06,7.8515616e-10,8.396127e-07
977,114_00721,114,721,0,N,0,N,0,N,0.99993205,0.99993205,2.2760383e-07,3.249212e-07,6.659725e-05,2.3237618e-09,2.3464071e-07,2.6172528e-10,5.631686e-07
978,114_00722,114,722,0,N,0,N,0,N,0.9999876,0.9999876,3.8231065e-08,3.027092e-07,1.1691066e-05,4.7545145e-11,5.6304437e-08,1.28977055e-11,3.2003456e-07
979,114_00723,114,723,0,N,0,N,0,N,0.9999896,0.9999896,3.658814e-08,1.7820476e-07,9.966282e-06,4.5902858e-11,8.0436244e-08,3.041623e-12,1.5290487e-07
980,114_00724,114,724,0,N,0,N,0,N,0.9999857,0.9999857,1.10392754e-07,1.0154816e-07,1.3647166e-05,2.2685374e-10,4.328868e-08,9.617247e-12,4.3992375e-07
981,114_00725,114,725,0,N,0,N,0,N,0.99993813,0.99993813,3.97024e-07,1.5525073e-07,6.0406866e-05,6.720693e-10,1.996202e-07,2.1936558e-11,6.571144e-07
982,114_00726,114,726,0,N,0,N,0,N,0.9999642,0.9999642,4.9559725e-07,2.2374283e-07,3.340184e-05,4.940088e-09,1.101906e-06,2.514741e-10,6.528808e-07
983,114_00727,114,727,0,N,0,N,0,N,0.99996394,0.99996394,3.3341934e-07,7.1710167e-07,3.413291e-05,2.5405525e-10,9.8958935e-08,1.3300108e-11,8.0710686e-07
984,114_00728,114,728,0,N,0,N,0,N,0.99977845,0.99977845,9.328072e-07,2.3250051e-07,0.00021927424,2.1297622e-10,3.268172e-07,2.8103882e-12,7.005712e-07
985,114_00729,114,729,0,N,0,N,0,N,0.99997956,0.99997956,9.3540655e-07,4.7847866e-08,1.8026401e-05,2.327026e-09,1.441136e-07,5.5374347e-11,1.3754229e-06
986,114_00730,114,730,0,N,0,N,0,N,0.9997088,0.9997088,2.453959e-06,3.9294804e-07,0.00028722567,4.283412e-09,2.579094e-07,6.5504414e-11,8.44156e-07
987,114_00731,114,731,0,N,0,N,0,N,0.99993944,0.99993944,8.165509e-07,2.998625e-07,5.7974023e-05,3.372081e-09,5.6830424e-07,1.13250805e-10,9.095516e-07
988,114_00732,114,732,0,N,0,N,0,N,0.99997586,0.99997586,4.6584103e-07,1.1643278e-06,2.1029487e-05,6.544614e-10,1.9944885e-07,7.335225e-11,1.3304766e-06
989,114_00733,114,733,0,N,0,N,0,N,0.9997923,0.9997923,3.521825e-07,3.979144e-07,0.00020609685,1.7199812e-10,2.1091577e-07,7.098967e-12,6.021148e-07
990,114_00734,114,734,0,N,0,N,0,N,0.99998134,0.99998134,5.513685e-07,1.8668312e-07,1.4025994e-05,3.5598596e-10,1.1791948e-07,2.5919248e-11,3.779108e-06
991,114_00735,114,735,0,N,0,N,0,N,0.9999657,0.9999657,3.2082576e-07,1.1559739e-06,3.119622e-05,1.8705221e-10,2.235461e-07,1.8862818e-11,1.3743943e-06
992,114_00736,114,736,0,N,0,N,0,N,0.9999279,0.9999279,1.7826862e-06,6.885168e-07,6.231483e-05,5.3310807e-11,3.8122618e-08,1.3580675e-12,7.3203905e-06
993,114_00737,114,737,0,N,0,N,0,N,0.999563,0.999563,1.8356332e-05,5.3757753e-07,0.00039311155,7.1580104e-07,2.4745648e-06,3.7075039e-09,2.1810058e-05
994,114_00738,114,738,0,N,0,N,0,N,0.99989116,0.99989116,5.0170747e-06,2.4502765e-06,9.225125e-05,1.4775972e-07,3.1798297e-06,1.6693521e-08,5.771694e-06
995,114_00739,114,739,0,N,0,N,0,N,0.9904966,0.9904966,3.6135855e-06,2.7606202e-06,0.00948672,1.8086725e-08,4.0153996e-06,1.5454757e-09,6.259366e-06
996,114_00740,114,740,0,N,0,N,0,N,0.9999517,0.9999517,9.980452e-07,9.123323e-07,3.830285e-05,1.6656261e-09,1.4228112e-06,1.8638541e-10,6.6588304e-06
997,114_00741,114,741,0,N,0,N,0,N,0.9827472,0.9827472,0.00021784678,2.399651e-06,0.016957853,1.3714191e-07,2.522154e-05,4.2645265e-09,4.9395698e-05
998,114_00742,114,742,0,N,0,N,0,N,0.9997549,0.9997549,8.8863535e-06,2.8745103e-06,0.00018264809,3.2480446e-07,2.9953183e-06,9.428639e-09,4.7335183e-05
999,114_00743,114,743,0,N,0,N,0,N,0.99562734,0.99562734,1.4423148e-05,1.4230643e-06,0.004350403,3.9155083e-08,7.4330603e-07,3.2951746e-09,5.653532e-06
1000,114_00744,114,744,0,N,0,N,0,N,0.99986744,0.99986744,6.692656e-07,4.927181e-07,0.0001273337,1.1940162e-09,4.9416036e-07,1.3744582e-10,3.4878265e-06
1001,114_00745,114,745,0,N,0,N,0,N,0.9996733,0.9996733,2.5819863e-06,1.483514e-07,0.00031839372,1.565069e-09,3.7404354e-07,9.925171e-11,5.1061647e-06
1002,114_00746,114,746,0,N,0,N,0,N,0.99968994,0.99968994,3.893553e-06,3.4706008e-07,0.0002663283,1.9620332e-08,2.6060106e-06,1.0883797e-09,3.689161e-05
1003,114_00747,114,747,0,N,0,N,0,N,0.9993874,0.9993874,2.5860145e-05,3.5131578e-07,0.0005727907,3.7319717e-06,2.030722e-06,5.255866e-08,7.850946e-06
1004,114_00748,114,748,0,N,0,N,0,N,0.9951478,0.9951478,1.4151828e-05,2.4908236e-06,0.0047213268,7.386629e-06,2.7689732e-05,1.0844344e-07,7.901834e-05
1005,114_00749,114,749,0,N,0,N,0,N,0.9937556,0.9937556,6.292092e-05,1.6309185e-07,0.0059760534,0.00016530503,3.587934e-05,7.2201334e-07,3.4387494e-06
1006,114_00750,114,750,0,N,0,N,0,N,0.9981123,0.9981123,2.9617584e-05,1.3447261e-07,0.001343484,0.00044058563,7.063192e-05,3.877521e-07,2.7352592e-06
1007,114_00751,114,751,0,N,0,N,0,N,0.9930748,0.9930748,2.195207e-05,2.7220315e-07,0.006230742,0.0005197732,0.0001429962,1.0149575e-06,8.395036e-06
1008,114_00752,114,752,0,N,0,N,0,N,0.9204345,0.9204345,0.00046587395,2.3656843e-05,0.05437832,0.023697566,0.0009681146,4.5641236e-06,2.7398772e-05
1009,114_00753,114,753,0,N,0,N,0,N,0.88836133,0.88836133,0.0007879081,8.14323e-06,0.104006656,0.0065813893,0.00017477588,1.3992548e-05,6.593083e-05
1010,114_00754,114,754,0,N,0,N,0,N,0.96098363,0.96098363,0.0001101711,2.1403387e-06,0.038688548,0.00011187649,8.57476e-05,2.8363697e-06,1.50503265e-05
1011,114_00755,114,755,0,N,0,N,0,N,0.99382216,0.99382216,1.0198461e-05,3.6439636e-07,0.0061032916,9.566206e-06,4.6488527e-05,1.0285782e-07,7.863478e-06
1012,114_00756,114,756,0,N,0,N,0,N,0.9959288,0.9959288,1.8118624e-05,1.7326876e-07,0.004034083,6.8911895e-06,8.812334e-06,6.612677e-08,2.9725143e-06
1013,114_00757,114,757,0,N,0,N,0,N,0.99787605,0.99787605,1.4314532e-05,3.1001028e-07,0.002042624,2.745816e-05,3.0938238e-05,7.8892e-08,8.2540955e-06
1014,114_00758,114,758,0,N,0,N,0,N,0.98854774,0.98854774,8.6007654e-05,6.099856e-07,0.010784074,0.0005137094,5.963869e-05,1.4649452e-06,6.7050473e-06
1015,114_00759,114,759,0,N,0,N,0,N,0.99747753,0.99747753,2.1790682e-05,1.078453e-06,0.002054531,0.00031602752,0.00012197025,2.3203504e-06,4.763838e-06
1016,114_00760,114,760,0,N,0,N,0,N,0.97575784,0.97575784,0.0002007285,3.512575e-06,0.022913883,0.00085037376,0.00024157262,3.3426952e-06,2.8727087e-05
1017,114_00761,114,761,0,N,0,N,0,N,0.98026466,0.98026466,4.7975813e-05,2.4170927e-06,0.018179243,0.0010303889,0.00045373553,1.1012028e-06,2.0430594e-05
1018,114_00762,114,762,0,N,0,N,0,N,0.98819906,0.98819906,5.0412855e-05,1.3315436e-06,0.011715379,1.1920165e-05,1.8334611e-05,6.657832e-08,3.4412444e-06
1019,114_00763,114,763,0,N,0,N,0,N,0.99759305,0.99759305,9.115333e-06,3.5123374e-08,0.002379846,6.918647e-06,9.217366e-06,1.8361942e-07,1.696503e-06
1020,114_00764,114,764,0,N,0,N,0,N,0.99871755,0.99871755,1.769381e-05,1.3147137e-06,0.0009895,9.706784e-05,0.00017232969,3.2755224e-07,4.28149e-06
1021,114_00765,114,765,0,N,0,N,0,N,0.9844732,0.9844732,2.6426e-05,7.553048e-07,0.015237709,0.00017877581,7.188856e-05,8.0085647e-07,1.0413683e-05
1022,114_00766,114,766,0,N,0,N,0,N,0.9954693,0.9954693,1.5314032e-05,4.1713807e-07,0.00427577,0.00018678617,4.8174115e-05,7.147347e-07,3.587202e-06
1023,114_00767,114,767,0,N,0,N,0,N,0.97696525,0.97696525,1.6436992e-05,1.1485495e-06,0.022852292,3.822331e-05,0.00011859446,7.800883e-08,8.092673e-06
1024,114_00768,114,768,0,N,0,N,0,N,0.9971992,0.9971992,7.118292e-05,1.4612174e-07,0.0024179583,0.00029536762,1.3014011e-05,5.419511e-07,2.5809366e-06
1025,114_00769,114,769,0,N,0,N,0,N,0.9907008,0.9907008,0.00016051027,1.9524737e-06,0.008302994,0.00046188862,0.00034723195,7.266455e-07,2.3918641e-05
1026,114_00770,114,770,0,N,0,N,0,N,0.9796056,0.9796056,8.95578e-05,5.7070747e-06,0.020237189,3.0461615e-05,2.5671123e-05,1.1272571e-07,5.5712617e-06
1027,114_00771,114,771,0,N,0,N,0,N,0.99967116,0.99967116,2.9077814e-06,1.2741479e-05,0.00030605108,5.0583036e-09,1.2210392e-06,5.5517707e-10,5.7837738e-06
1028,114_00772,114,772,0,N,0,N,0,N,0.99989223,0.99989223,2.0651184e-07,7.393302e-05,3.2812648e-05,2.1596984e-12,7.0272064e-09,7.3064784e-14,7.672926e-07
1029,114_00773,114,773,0,N,0,N,0,N,0.99999285,0.99999285,1.0961806e-07,1.6799785e-06,3.9528795e-06,3.6338142e-13,1.540371e-10,1.5735165e-14,1.3735903e-06
1030,114_00774,114,774,0,N,0,N,0,N,0.9999267,0.9999267,1.1417646e-06,3.1197012e-06,5.9452424e-05,6.888746e-11,5.061674e-08,2.92745e-12,9.549427e-06
1031,114_00775,114,775,0,N,0,N,0,N,0.99991316,0.99991316,5.4772718e-06,7.3094947e-07,7.298893e-05,1.2847734e-08,4.699768e-07,2.4983154e-10,7.247063e-06
1032,114_00776,114,776,0,N,0,N,0,N,0.99991363,0.99991363,1.8924259e-06,1.4232687e-06,7.650236e-05,5.340332e-09,1.1631655e-06,1.8193389e-09,5.411908e-06
1033,114_00777,114,777,0,N,0,N,0,N,0.99998486,0.99998486,1.3086163e-08,1.372973e-06,1.3618175e-05,8.819064e-12,1.8787624e-08,1.4627796e-12,1.4711212e-07
1034,114_00778,114,778,0,N,0,N,0,N,0.999998,0.999998,3.569664e-09,4.0384185e-07,1.3018869e-06,3.0255366e-14,2.7029076e-10,3.4074278e-15,3.5296213e-07
1035,114_00779,114,779,0,N,0,N,0,N,0.99999774,0.99999774,3.2521953e-08,3.1380972e-07,1.3937159e-06,6.9714324e-13,1.861823e-09,3.4821646e-14,5.472667e-07
1036,114_00780,114,780,0,N,0,N,0,N,0.9999744,0.9999744,4.3270464e-07,2.5888045e-07,2.1176775e-05,4.6810264e-11,3.1599e-08,3.1211262e-12,3.7499267e-06
1037,114_00781,114,781,0,N,0,N,0,N,0.9999883,0.9999883,4.1736382e-07,8.7669423e-07,7.1399277e-06,1.5857873e-10,6.197558e-08,2.3885612e-11,3.170258e-06
1038,114_00782,114,782,0,N,0,N,0,N,0.99994934,0.99994934,1.8267637e-07,9.425959e-07,4.872429e-05,6.754151e-11,8.251336e-08,7.231203e-12,7.691123e-07
1039,114_00783,114,783,0,N,0,N,0,N,0.9999588,0.9999588,2.0225957e-06,6.330263e-07,3.4497916e-05,4.8746707e-10,1.6432087e-07,2.151304e-11,3.9819615e-06
1040,114_00784,114,784,0,N,0,N,0,N,0.99980843,0.99980843,2.946404e-06,2.5804852e-07,0.00018011831,5.9588987e-09,6.703203e-07,3.7373554e-10,7.5807184e-06
1041,114_00785,114,785,0,N,0,N,0,N,0.99920034,0.99920034,6.2544486e-06,5.954224e-07,0.0007822181,5.6588892e-08,2.9278388e-06,1.9225723e-09,7.578478e-06
1042,114_00786,114,786,0,N,0,N,0,N,0.995892,0.995892,0.00011044164,1.2210589e-07,0.0039499747,1.63418e-05,2.365534e-05,1.3590726e-07,7.284943e-06
1043,114_00787,114,787,0,N,0,N,0,N,0.9941631,0.9941631,0.0003698106,1.8456271e-06,0.0028102214,0.002169359,0.00044050952,2.8497907e-06,4.2311807e-05
1044,114_00788,114,788,0,N,0,N,0,N,0.9773441,0.9773441,0.00012092275,2.9207529e-06,0.020658826,0.0016900129,0.0001461882,5.3004187e-06,3.1745843e-05
1045,114_00789,114,789,0,N,0,N,0,N,0.99897254,0.99897254,3.12559e-07,4.7965855e-06,0.0010197563,5.0508962e-08,1.4468083e-06,2.0213184e-09,1.137349e-06
1046,114_00790,114,790,0,N,0,N,0,N,0.9998779,0.9998779,3.642855e-09,3.203743e-06,0.00011875881,8.234642e-13,4.3654023e-09,3.034871e-14,3.650181e-08
1047,114_00791,114,791,0,N,0,N,0,N,0.9999975,0.9999975,2.8294924e-08,1.4601939e-07,2.1398396e-06,1.5104582e-13,8.195336e-10,9.051092e-16,2.1481071e-07
1048,114_00792,114,792,0,N,0,N,0,N,0.9999171,0.9999171,5.0039756e-07,1.4213278e-07,7.622871e-05,1.1482442e-08,4.418967e-07,4.0710282e-11,5.6239887e-06
1049,114_00793,114,793,0,N,0,N,0,N,0.99818677,0.99818677,1.917416e-05,3.9831736e-08,0.0017902441,2.8444381e-07,1.7048279e-06,1.2935881e-09,1.8886154e-06
1050,114_00794,114,794,0,N,0,N,0,N,0.9999943,0.9999943,2.419351e-07,9.735528e-07,3.907317e-06,4.0456524e-10,6.428863e-08,2.2143358e-11,4.6968066e-07
1051,114_00795,114,795,0,N,0,N,0,N,0.99999046,0.99999046,7.798853e-10,1.2471622e-06,8.270694e-06,1.8467524e-14,2.0817607e-10,3.9476058e-16,4.0468504e-09
1052,114_00796,114,796,0,N,0,N,0,N,0.9999982,0.9999982,1.0306615e-08,1.5242305e-06,1.1587094e-07,2.087971e-15,7.2016504e-11,2.4291e-17,1.5978132e-07
1053,114_00797,114,797,0,N,0,N,0,N,0.9999975,0.9999975,2.750584e-08,8.564245e-07,1.4590742e-06,3.780574e-14,1.0929147e-10,3.8296093e-16,2.3959709e-07
1054,114_00798,114,798,0,N,0,N,0,N,0.9999963,0.9999963,8.532384e-09,1.6841558e-07,2.5681645e-06,1.4157767e-13,2.85618e-10,1.0004737e-14,9.282162e-07
1055,114_00799,114,799,0,N,0,N,0,N,0.9999944,0.9999944,1.3957302e-08,4.908381e-08,5.4963557e-06,6.4596364e-13,1.4649261e-09,8.852639e-15,4.4849205e-08
1056,114_00800,114,800,0,N,0,N,0,N,0.99999297,0.99999297,1.3671011e-07,1.9437774e-08,5.332667e-06,8.142569e-11,5.2622617e-08,4.9788745e-12,1.4196196e-06
1057,114_00801,114,801,0,N,0,N,0,N,0.9997814,0.9997814,2.6822764e-07,1.2793478e-07,0.00021510571,1.552543e-08,2.377325e-06,5.368718e-10,7.756103e-07
1058,114_00802,114,802,0,N,0,N,0,N,0.99996895,0.99996895,2.2629173e-07,2.6272892e-07,3.0294297e-05,9.442064e-10,6.367294e-08,5.6051393e-11,3.2732865e-07
1059,114_00803,114,803,0,N,0,N,0,N,0.9999803,0.9999803,4.153135e-08,3.631112e-07,1.9123472e-05,4.350779e-12,1.1568486e-08,2.581957e-13,2.646254e-07
1060,114_00804,114,804,0,N,0,N,0,N,0.99999714,0.99999714,2.0310136e-08,1.5315749e-07,2.5959453e-06,3.420284e-12,6.946516e-09,1.1138479e-13,7.2438226e-08
1061,114_00805,114,805,0,N,0,N,0,N,0.99995977,0.99995977,1.541398e-07,2.2320977e-08,3.943071e-05,4.3521114e-11,1.007589e-08,7.001149e-13,7.2611715e-07
1062,114_00806,114,806,0,N,0,N,0,N,0.9999847,0.9999847,9.914406e-08,5.4006293e-08,1.4832943e-05,4.0786502e-10,9.176011e-08,1.5043336e-11,2.114573e-07
1063,114_00807,114,807,0,N,0,N,0,N,0.9999852,0.9999852,6.964665e-08,4.4794146e-07,1.4050575e-05,7.7405686e-11,4.781666e-08,2.2187623e-12,1.4245974e-07
1064,114_00808,114,808,0,N,0,N,0,N,0.9999949,0.9999949,2.1831228e-08,6.054736e-08,5.0207063e-06,2.6850768e-12,3.9445216e-09,1.3832976e-13,1.032199e-07
1065,114_00809,114,809,0,N,0,N,0,N,0.9999944,0.9999944,3.0768813e-08,1.4464254e-07,5.2929367e-06,3.1005814e-12,8.787278e-09,6.0582026e-14,1.4487917e-07
1066,114_00810,114,810,0,N,0,N,0,N,0.9999943,0.9999943,5.0271115e-07,1.0325528e-07,4.0696136e-06,1.286693e-11,1.7918419e-08,2.7608964e-13,1.0777317e-06
1067,114_00811,114,811,0,N,0,N,0,N,0.9999515,0.9999515,4.9388364e-06,3.153468e-07,4.0637253e-05,2.2164703e-09,1.2640272e-07,4.8533965e-11,2.555943e-06
1068,114_00812,114,812,0,N,0,N,0,N,0.9998201,0.9998201,2.4568737e-06,1.084223e-07,0.00017314134,1.1954756e-08,3.3010738e-07,2.9944364e-10,3.8129053e-06
1069,114_00813,114,813,0,N,0,N,0,N,0.9997862,0.9997862,1.5284951e-06,5.0595423e-07,0.00020823505,4.3463526e-08,2.5431066e-06,1.01762e-09,1.0660901e-06
1070,114_00814,114,814,0,N,0,N,0,N,0.99996084,0.99996084,4.8829145e-07,5.1355494e-07,3.7261467e-05,1.4052508e-09,4.2968045e-07,1.0199096e-10,5.4091214e-07
1071,114_00815,114,815,0,N,0,N,0,N,0.9999605,0.9999605,1.7972964e-07,1.4580222e-07,3.863442e-05,1.2654951e-10,1.2063602e-07,7.349532e-12,4.31348e-07
1072,114_00816,114,816,0,N,0,N,0,N,0.9999522,0.9999522,4.477362e-07,9.349622e-08,4.6287765e-05,7.8742596e-10,1.3203754e-07,1.4434511e-11,8.2401255e-07
1073,114_00817,114,817,0,N,0,N,0,N,0.9999158,0.9999158,1.4629703e-06,1.5168148e-07,8.0827886e-05,1.2457401e-08,5.556544e-07,4.338471e-10,1.2380443e-06
1074,114_00818,114,818,0,N,0,N,0,N,0.9998961,0.9998961,2.1886407e-07,1.8668823e-07,0.00010243637,9.426751e-09,7.7642017e-07,6.0433564e-10,3.0672498e-07
1075,114_00819,114,819,0,N,0,N,0,N,0.9999901,0.9999901,1.2142331e-07,1.4520201e-06,7.742132e-06,3.2447692e-10,2.9483095e-07,4.1149747e-11,3.735257e-07
1076,114_00820,114,820,0,N,0,N,0,N,0.9996043,0.9996043,2.6908458e-06,3.7423536e-07,0.00038894164,7.355282e-09,1.7643277e-06,2.3357366e-10,2.0413074e-06
1077,114_00821,114,821,0,N,0,N,0,N,0.99902284,0.99902284,3.86855e-05,3.1327888e-06,0.0007457807,1.7371574e-05,0.00012871748,6.984156e-08,4.3343145e-05
1078,114_00822,114,822,0,N,0,N,0,N,0.9872269,0.9872269,0.00013082946,1.8753362e-06,0.012271716,0.00026711437,8.993913e-05,2.0053008e-06,9.592573e-06
1079,114_00823,114,823,0,N,0,N,0,N,0.99298215,0.99298215,0.00010832263,7.073664e-07,0.006663382,0.0001833679,5.3716125e-05,1.6231047e-06,6.7661044e-06
1080,114_00824,114,824,0,N,0,N,0,N,0.9991004,0.9991004,1.5149262e-05,2.7279843e-06,0.0008389856,3.4915815e-06,3.6463913e-05,8.8742276e-08,2.802118e-06
1081,114_00825,114,825,0,N,0,N,0,N,0.99918884,0.99918884,2.7824544e-06,1.530383e-06,0.00080356974,2.0284983e-07,2.2579532e-06,1.0389877e-08,8.3721335e-07
1082,114_00826,114,826,0,N,0,N,0,N,0.99991816,0.99991816,8.0878505e-07,1.643685e-06,7.72036e-05,6.0330807e-09,1.029046e-06,4.4516954e-10,1.2078913e-06
1083,114_00827,114,827,0,N,0,N,0,N,0.9996123,0.9996123,2.976236e-06,7.0614243e-07,0.0003745119,2.8019203e-08,4.3067616e-06,1.6605759e-09,5.325347e-06
1084,114_00828,114,828,0,N,0,N,0,N,0.99945486,0.99945486,1.8932813e-06,1.6445152e-07,0.0005364678,2.3230827e-07,4.3306695e-06,1.0604718e-08,2.1170626e-06
1085,114_00829,114,829,0,N,0,N,0,N,0.99990255,0.99990255,4.9914394e-07,4.7949817e-07,9.500803e-05,2.4604175e-08,9.550648e-07,1.8582755e-09,6.364319e-07
1086,114_00830,114,830,0,N,0,N,0,N,0.9999667,0.9999667,7.219271e-08,1.1838238e-06,3.1443567e-05,1.0958623e-09,4.7197653e-07,9.069137e-11,1.4523037e-07
1087,114_00831,114,831,0,N,0,N,0,N,0.99989164,0.99989164,4.9263133e-07,2.3553719e-07,0.00010635267,1.8688573e-10,1.8334526e-07,4.6514455e-12,9.934528e-07
1088,114_00832,114,832,0,N,0,N,0,N,0.99947685,0.99947685,5.1557327e-06,4.739301e-07,0.00049105176,1.624971e-06,1.9160729e-05,7.743359e-09,5.6824856e-06
1089,114_00833,114,833,0,N,0,N,0,N,0.9982081,0.9982081,2.280381e-05,3.2762472e-07,0.001743195,5.6070458e-06,8.920983e-06,4.68207e-08,1.08813665e-05
1090,114_00834,114,834,0,N,0,N,0,N,0.99610096,0.99610096,6.1714823e-06,3.7219294e-07,0.0038759033,1.182529e-06,1.0904742e-05,6.79829e-08,4.520082e-06
1091,114_00835,114,835,0,N,0,N,0,N,0.9982294,0.9982294,1.560684e-06,4.4374457e-07,0.0017616022,1.4654664e-07,5.082089e-06,4.6983333e-09,1.7086835e-06
1092,114_00836,114,836,0,N,0,N,0,N,0.9999086,0.9999086,2.9941577e-07,2.5191176e-07,8.995028e-05,4.27754e-09,2.5066058e-07,1.5836026e-10,6.2868514e-07
1093,114_00837,114,837,0,N,0,N,0,N,0.9999528,0.9999528,1.18191274e-07,1.0406761e-06,4.567563e-05,2.0418824e-10,1.6552748e-07,1.1500193e-11,2.1495644e-07
1094,114_00838,114,838,0,N,0,N,0,N,0.9999964,0.9999964,1.1028634e-08,6.6279654e-07,2.6894484e-06,1.0153467e-12,5.3827347e-09,1.0634974e-13,1.71073e-07
1095,114_00839,114,839,0,N,0,N,0,N,0.99998456,0.99998456,3.4131837e-08,3.5143853e-07,1.4630927e-05,4.895729e-12,9.519994e-09,2.3536904e-13,5.2170583e-07
1096,114_00840,114,840,0,N,0,N,0,N,0.99990624,0.99990624,7.1358596e-07,1.497528e-08,6.716465e-05,3.6307357e-09,2.6939762e-07,4.0982145e-10,2.5696592e-05
1097,114_00841,114,841,0,N,0,N,0,N,0.99961805,0.99961805,3.35489e-06,6.511993e-07,0.00036565444,5.0688857e-07,9.6144e-06,1.1591258e-08,2.160499e-06
1098,114_00842,114,842,0,N,0,N,0,N,0.9999411,0.9999411,2.2626248e-06,1.0834896e-06,5.4860113e-05,1.0964307e-08,1.5588336e-07,8.2213325e-10,5.1575e-07
1099,114_00843,114,843,0,N,0,N,0,N,0.9999869,0.9999869,1.2910594e-07,2.4805533e-06,9.974337e-06,3.605382e-10,2.799563e-07,7.681032e-11,3.0043978e-07
1100,114_00844,114,844,0,N,0,N,0,N,0.99999034,0.99999034,1.9935943e-08,6.8634785e-07,8.680922e-06,1.6532305e-11,5.429569e-08,2.2498058e-12,1.3623041e-07
1101,114_00845,114,845,0,N,0,N,0,N,0.99999845,0.99999845,8.076313e-09,6.978624e-07,7.6938045e-07,6.108798e-13,1.8133022e-09,5.842287e-14,1.3646012e-07
1102,114_00846,114,846,0,N,0,N,0,N,0.9999699,0.9999699,4.2422077e-08,6.8995115e-07,2.9292261e-05,3.4888789e-12,1.5081808e-08,1.2456807e-13,1.2221129e-07
1103,114_00847,114,847,0,N,0,N,0,N,0.99998313,0.99998313,5.434206e-07,7.8436024e-08,1.2432943e-05,1.9692146e-09,1.1531536e-07,2.6573002e-11,3.6433794e-06
1104,114_00848,114,848,0,N,0,N,0,N,0.9998613,0.9998613,7.887188e-07,1.5162954e-07,0.00013651424,8.6006855e-09,4.4806626e-07,2.9647063e-10,8.813172e-07
1105,114_00849,114,849,0,N,0,N,0,N,0.9999737,0.9999737,1.902798e-07,1.5855344e-06,2.3853103e-05,1.2586591e-09,5.0555997e-07,8.516167e-11,1.63809e-07
1106,114_00850,114,850,0,N,0,N,0,N,0.9999927,0.9999927,5.2638967e-08,2.0927925e-07,6.80732e-06,2.6393934e-11,2.1072232e-08,2.1386191e-12,1.4389191e-07
1107,114_00851,114,851,0,N,0,N,0,N,0.99998987,0.99998987,3.6458715e-08,3.015303e-07,9.551706e-06,2.0205788e-11,4.770256e-08,1.2453214e-12,1.8012393e-07
1108,114_00852,114,852,0,N,0,N,0,N,0.999998,0.999998,1.2317226e-08,3.9452675e-07,1.4444697e-06,1.0211065e-12,1.974931e-09,7.573062e-14,1.4585399e-07
1109,114_00853,114,853,0,N,0,N,0,N,0.9999924,0.9999924,2.0770948e-08,5.903967e-07,6.9656257e-06,2.2324425e-12,7.11021e-09,1.1323416e-13,9.95099e-08
1110,114_00854,114,854,0,N,0,N,0,N,0.9999968,0.9999968,6.576216e-08,4.9324535e-07,1.1059826e-06,1.3320196e-11,8.27726e-09,2.3048256e-12,1.4447394e-06
1111,114_00855,114,855,0,N,0,N,0,N,0.9999914,0.9999914,2.2477968e-08,1.002038e-06,7.4129816e-06,4.53465e-12,6.9187607e-09,3.1817902e-13,1.2028555e-07
1112,114_00856,114,856,0,N,0,N,0,N,0.9999329,0.9999329,9.582341e-07,1.2055638e-06,6.4291766e-05,2.9600628e-11,9.293206e-08,4.0887844e-13,5.258788e-07
1113,114_00857,114,857,0,N,0,N,0,N,0.9999378,0.9999378,3.0886933e-06,1.2840732e-07,5.5370463e-05,1.19328565e-08,4.9286217e-07,6.4206584e-11,3.106142e-06
1114,114_00858,114,858,0,N,0,N,0,N,0.99976313,0.99976313,1.6821991e-06,2.9284695e-07,0.0002331839,1.0234658e-08,5.063726e-07,2.2469986e-10,1.1967513e-06
1115,114_00859,114,859,0,N,0,N,0,N,0.99911815,0.99911815,3.982015e-06,5.575883e-07,0.000873886,8.674429e-09,1.7059435e-06,1.6826214e-10,1.6856362e-06
1116,114_00860,114,860,0,N,0,N,0,N,0.99994195,0.99994195,1.3118703e-06,1.0582957e-06,5.190045e-05,5.9858394e-09,4.6023052e-07,1.4758195e-10,3.2662401e-06
1117,114_00861,114,861,0,N,0,N,0,N,0.9999587,0.9999587,3.2131894e-07,1.1762082e-06,3.9291815e-05,1.8382948e-10,4.2433093e-08,1.5579867e-11,5.007726e-07
1118,114_00862,114,862,0,N,0,N,0,N,0.9998457,0.9998457,4.8112697e-06,6.2814493e-06,0.00013750592,1.6449346e-10,7.828255e-07,8.0420046e-12,4.9897444e-06
1119,114_00863,114,863,0,N,0,N,0,N,0.9996382,0.9996382,1.1738016e-05,9.148719e-08,0.0003294604,2.4357757e-07,2.379239e-06,3.1295462e-09,1.7923943e-05
1120,114_00864,114,864,0,N,0,N,0,N,0.9967649,0.9967649,0.000118891774,2.5771103e-06,0.0030485997,1.650467e-05,4.050837e-05,6.348188e-08,8.017081e-06
1121,114_00865,114,865,0,N,0,N,0,N,0.9858586,0.9858586,2.0641435e-05,1.5311629e-07,0.014077895,7.8795265e-06,3.0014902e-05,6.414543e-08,4.7385106e-06
1122,114_00866,114,866,0,N,0,N,0,N,0.9996789,0.9996789,3.1845407e-06,2.3664797e-06,0.00029906552,2.6157684e-07,1.525194e-05,5.4375535e-09,9.342936e-07
1123,114_00867,114,867,0,N,0,N,0,N,0.9994789,0.9994789,1.0911517e-06,2.8071668e-07,0.0005189762,4.22559e-09,4.6029518e-07,7.8280105e-11,3.1742096e-07
1124,114_00868,114,868,0,N,0,N,0,N,0.99986446,0.99986446,1.7130319e-06,6.1953365e-08,0.00012932038,4.6626427e-09,8.301998e-07,1.6916912e-10,3.5940006e-06
1125,114_00869,114,869,0,N,0,N,0,N,0.99996394,0.99996394,3.0590152e-07,4.009217e-07,3.3650515e-05,2.8963552e-09,5.841978e-07,2.9807742e-10,1.1788443e-06
1126,114_00870,114,870,0,N,0,N,0,N,0.99946284,0.99946284,2.212325e-06,9.749837e-08,0.000534081,1.0075872e-09,7.367499e-08,1.8256691e-11,6.692028e-07
1127,114_00871,114,871,0,N,0,N,0,N,0.9994729,0.9994729,1.4956056e-05,5.8052642e-08,0.00047740238,4.6761454e-07,4.924121e-06,1.6524431e-09,2.9265113e-05
1128,114_00872,114,872,0,N,0,N,0,N,0.9929049,0.9929049,6.639027e-05,1.3361891e-07,0.0069350377,2.4388795e-05,6.146447e-05,5.890493e-08,7.60348e-06
1129,114_00873,114,873,0,N,0,N,0,N,0.99866617,0.99866617,1.9537358e-05,5.0219097e-07,0.0013084011,5.937623e-07,2.5750667e-06,7.654029e-09,2.2056254e-06
1130,114_00874,114,874,0,N,0,N,0,N,0.9993574,0.9993574,1.0541932e-05,8.3574145e-07,0.0006300241,4.95891e-09,2.684383e-07,7.391383e-11,9.5000786e-07
1131,114_00875,114,875,0,N,0,N,0,N,0.9999723,0.9999723,2.5165815e-07,6.671553e-08,2.6717611e-05,6.1403393e-10,9.116931e-08,2.0590158e-11,6.1630175e-07
1132,114_00876,114,876,0,N,0,N,0,N,0.9999835,0.9999835,2.5271254e-08,5.9899065e-08,1.6389578e-05,2.3546155e-11,8.180062e-09,1.0842733e-12,6.168352e-08
1133,114_00877,114,877,0,N,0,N,0,N,0.99998987,0.99998987,1.9879584e-08,1.3669953e-07,9.860456e-06,1.4259339e-12,3.87938e-09,2.5084193e-14,1.2131633e-07
1134,114_00878,114,878,0,N,0,N,0,N,0.99998087,0.99998087,2.0507325e-07,1.4460485e-07,1.8146753e-05,1.660158e-10,3.050451e-08,1.08302e-12,6.2385743e-07
1135,114_00879,114,879,0,N,0,N,0,N,0.99995893,0.99995893,1.358956e-06,3.510055e-07,3.778701e-05,3.0150973e-09,1.7146428e-07,9.815823e-11,1.4138346e-06
1136,114_00880,114,880,0,N,0,N,0,N,0.99994814,0.99994814,1.274338e-07,1.671704e-07,5.1452793e-05,1.374024e-10,3.8787466e-08,5.3708166e-12,1.4627825e-07
1137,114_00881,114,881,0,N,0,N,0,N,0.9999932,0.9999932,4.003502e-08,1.5742476e-07,6.4074393e-06,2.029233e-11,2.4030944e-08,1.1047713e-12,1.4426614e-07
1138,114_00882,114,882,0,N,0,N,0,N,0.9999926,0.9999926,1.5472832e-08,1.7280058e-07,7.1348936e-06,9.31607e-12,7.774294e-09,2.6783992e-13,5.998364e-08
1139,114_00883,114,883,0,N,0,N,0,N,0.99999654,0.99999654,7.859982e-09,1.1702748e-07,3.2768144e-06,9.690372e-13,1.944536e-09,5.795926e-14,7.9925236e-08
1140,114_00884,114,884,0,N,0,N,0,N,0.99999523,0.99999523,1.629219e-08,1.2611483e-07,4.549105e-06,2.4682604e-12,4.8756412e-09,7.230383e-14,8.364348e-08
1141,114_00885,114,885,0,N,0,N,0,N,0.999973,0.999973,2.0185416e-07,3.6180452e-08,2.659279e-05,3.1797773e-10,1.7736566e-08,1.4386621e-12,2.3687397e-07
1142,114_00886,114,886,0,N,0,N,0,N,0.99990374,0.99990374,1.0107499e-06,6.442261e-08,9.430169e-05,3.0711618e-08,5.6958066e-07,2.3945088e-10,4.0626162e-07
1143,114_00887,114,887,0,N,0,N,0,N,0.9999781,0.9999781,1.3288026e-07,2.3770116e-07,2.12169e-05,3.3882523e-09,2.5388195e-07,1.007151e-10,7.1196666e-08
1144,114_00888,114,888,0,N,0,N,0,N,0.99936825,0.99936825,3.7325924e-07,2.61424e-07,0.00062919967,3.3450382e-09,1.6076976e-06,5.440246e-11,2.2481075e-07
1145,114_00889,114,889,0,N,0,N,0,N,0.9999544,0.9999544,6.009595e-07,9.028292e-08,4.398358e-05,5.0440523e-08,6.1791854e-07,1.08934424e-10,4.3016888e-07
1146,114_00890,114,890,0,N,0,N,0,N,0.99984163,0.99984163,3.0094412e-07,4.803445e-07,0.00015684254,1.660603e-08,5.822254e-07,2.9605565e-10,2.2468463e-07
1147,114_00891,114,891,0,N,0,N,0,N,0.999997,0.999997,4.1686783e-09,5.942565e-07,2.3561e-06,2.4849348e-12,5.212016e-09,2.6207156e-13,1.764299e-08
1148,114_00892,114,892,0,N,0,N,0,N,0.99999917,0.99999917,2.2904767e-10,5.407689e-07,3.0751139e-07,6.744869e-15,2.714375e-10,8.680722e-16,2.0966006e-08
1149,114_00893,114,893,0,N,0,N,0,N,0.9999995,0.9999995,1.4891494e-10,1.2168204e-07,2.9022843e-07,1.6422551e-15,6.341263e-11,7.982669e-17,7.745516e-09
1150,114_00894,114,894,0,N,0,N,0,N,0.9999995,0.9999995,9.935935e-10,1.4916645e-07,2.1694153e-07,3.683051e-14,2.4108754e-10,5.2392228e-15,1.3480282e-07
1151,114_00895,114,895,0,N,0,N,0,N,0.99999523,0.99999523,4.991816e-09,9.55377e-08,4.510821e-06,9.237192e-13,2.9111393e-09,1.3079403e-13,1.2131224e-07
1152,114_00896,114,896,0,N,0,N,0,N,0.99999845,0.99999845,1.1512038e-08,1.6059224e-07,1.0568546e-06,2.324094e-12,3.7306176e-09,4.494167e-13,2.9661695e-07
1153,114_00897,114,897,0,N,0,N,0,N,0.9999989,0.9999989,2.7942418e-10,6.460142e-07,4.4303718e-07,1.5969524e-14,1.7899457e-10,2.7762202e-15,1.803006e-08
1154,114_00898,114,898,0,N,0,N,0,N,0.9999981,0.9999981,2.4217622e-10,1.6021182e-06,2.9981433e-07,2.9387431e-15,7.813054e-11,3.3644416e-16,2.57109e-08
1155,114_00899,114,899,0,N,0,N,0,N,0.99999857,0.99999857,2.9187772e-09,7.14202e-07,1.17752045e-07,5.4097812e-14,3.63278e-10,1.4613981e-14,5.468675e-07
1156,114_00900,114,900,0,N,0,N,0,N,0.9999073,0.9999073,2.3340586e-07,1.6999344e-06,8.954225e-05,2.1584678e-11,6.804771e-08,8.667101e-13,1.1099896e-06
1157,114_00901,114,901,0,N,0,N,0,N,0.99992836,0.99992836,7.9718865e-07,1.6796803e-07,5.1851657e-05,4.0924646e-09,4.3319997e-07,1.5245556e-10,1.8391382e-05
1158,114_00902,114,902,3,APC,0,N,0,N,0.9999196,0.9999196,2.1819492e-06,3.5215091e-06,6.2244944e-05,1.2577684e-08,3.7867283e-06,2.8608527e-09,8.789969e-06
1159,114_00903,114,903,0,N,3,APC,0,N,0.99997693,0.99997693,6.028699e-08,3.3506433e-07,2.2172373e-05,5.159888e-11,8.489234e-09,8.549913e-12,4.5686446e-07
1160,114_00904,114,904,0,N,0,N,0,N,0.99999726,0.99999726,3.254364e-09,1.5557058e-07,2.4860403e-06,1.5434545e-13,3.7090986e-10,3.023654e-14,1.2605797e-07
1161,114_00905,114,905,0,N,0,N,0,N,0.99995667,0.99995667,3.1437928e-08,3.659233e-05,1.8952057e-06,3.2495976e-13,1.2089208e-08,5.785699e-14,4.94514e-06
1162,114_00906,114,906,0,N,0,N,0,N,0.99997383,0.99997383,5.8861688e-06,5.7981847e-06,1.2316902e-05,7.1389755e-11,2.335707e-08,2.6469633e-13,2.2015784e-06
1163,114_00907,114,907,0,N,0,N,0,N,0.9970515,0.9970515,5.7847836e-05,3.40609e-05,0.00067163724,4.72992e-09,2.6452549e-06,8.1681073e-10,0.0021823386
1164,114_00908,114,908,0,N,0,N,0,N,0.9989944,0.9989944,2.97697e-06,0.0008129632,0.00012228827,3.4937504e-11,6.9574334e-08,3.1069659e-12,6.726339e-05
1165,114_00909,114,909,0,N,0,N,0,N,0.9977449,0.9977449,1.627373e-05,0.0016957351,0.00024359564,2.039383e-11,1.1631668e-08,6.2808244e-13,0.00029952006
1166,114_00910,114,910,0,N,0,N,0,N,0.99954873,0.99954873,4.2535663e-05,0.00026036828,3.6934696e-05,1.1865482e-10,1.880122e-08,2.1306195e-12,0.00011140142
1167,114_00911,114,911,0,N,0,N,0,N,0.99521244,0.99521244,0.0029362673,0.00080572546,0.00013023551,3.2168563e-09,7.775289e-08,1.8576323e-11,0.0009152317
1168,114_00912,114,912,0,N,0,N,0,N,0.9915788,0.9915788,0.007372844,0.00043692547,0.00028171367,2.0620952e-08,2.8810442e-07,1.3951942e-10,0.0003293133
1169,114_00913,114,913,0,N,0,N,0,N,0.99706084,0.99706084,0.0022474877,0.0006069235,2.1672382e-05,1.752695e-08,1.1907975e-07,1.2825083e-10,6.296899e-05
1170,114_00914,114,914,0,N,0,N,0,N,0.99979883,0.99979883,6.812354e-05,2.467069e-05,2.0342191e-05,1.1886417e-10,4.9390922e-09,1.2416212e-12,8.803844e-05
1171,114_00915,114,915,0,N,0,N,0,N,0.9998846,0.9998846,8.2070153e-07,0.00010513113,6.767057e-06,2.1863067e-12,3.2486887e-09,7.348434e-14,2.5936192e-06
1172,114_00916,114,916,0,N,0,N,0,N,0.99997014,0.99997014,6.3986175e-07,2.8451755e-05,2.6632557e-07,2.9127265e-13,2.2864469e-10,2.9416105e-15,6.520377e-07
1173,114_00917,114,917,0,N,0,N,0,N,0.99980915,0.99980915,6.9090354e-05,0.000100991914,9.690624e-06,5.2539258e-11,5.0625926e-09,4.781651e-13,1.104095e-05
1174,114_00918,114,918,0,N,0,N,0,N,0.9998814,0.9998814,1.4603309e-05,9.888913e-05,3.7845437e-06,1.2822238e-11,2.0230144e-09,6.4762106e-14,1.2549277e-06
1175,114_00919,114,919,0,N,0,N,0,N,0.99962616,0.99962616,0.00021671863,0.0001338556,3.9636734e-06,2.219957e-10,1.4357753e-09,1.0634529e-12,1.9227518e-05
1176,114_00920,114,920,0,N,0,N,0,N,0.9995901,0.9995901,0.000103997634,0.00028048235,6.5642075e-06,1.605549e-10,1.0624456e-08,3.0402395e-12,1.8890201e-05
1177,114_00921,114,921,0,N,0,N,0,N,0.9989179,0.9989179,0.00028180136,0.000777646,3.0198726e-06,1.0952219e-10,3.052011e-09,7.018764e-13,1.9598123e-05
1178,114_00922,114,922,0,N,0,N,0,N,0.9997046,0.9997046,5.5213874e-05,0.00022435807,1.2154967e-05,2.6146805e-11,2.0371993e-09,1.9454444e-13,3.793001e-06
1179,114_00923,114,923,0,N,0,N,0,N,0.9999588,0.9999588,9.795601e-06,2.9683979e-05,9.3733206e-07,1.250496e-11,2.7186645e-10,4.7687738e-14,8.923373e-07
1180,114_00924,114,924,0,N,0,N,0,N,0.9999797,0.9999797,2.1328012e-06,1.0630052e-05,4.47162e-06,1.4954626e-12,6.272095e-10,1.5140734e-14,3.168121e-06
1181,114_00925,114,925,0,N,0,N,0,N,0.99996847,0.99996847,6.9747384e-06,2.2548791e-05,4.1757175e-07,4.4781704e-12,4.518613e-10,2.1464684e-14,1.6230484e-06
1182,114_00926,114,926,0,N,0,N,0,N,0.9998691,0.9998691,7.2003306e-05,4.9265218e-05,5.5937544e-06,4.231979e-11,1.0607873e-09,1.2575193e-13,4.0195737e-06
1183,114_00927,114,927,0,N,0,N,0,N,0.999778,0.999778,0.00018833227,2.6719834e-05,2.3454786e-06,1.3232895e-10,1.8507014e-09,4.2167482e-13,4.692539e-06
1184,114_00928,114,928,0,N,0,N,0,N,0.9998552,0.9998552,2.7146072e-05,0.00011118378,8.9998923e-07,2.980596e-11,8.1443097e-10,2.0740217e-13,5.575617e-06
1185,114_00929,114,929,0,N,0,N,0,N,0.99990445,0.99990445,1.4709288e-05,7.365678e-05,5.611542e-06,3.591903e-12,4.719771e-10,1.3534959e-14,1.6302384e-06
1186,114_00930,114,930,0,N,0,N,0,N,0.99992967,0.99992967,4.8257705e-05,1.9223196e-05,8.867294e-07,9.594119e-12,5.481991e-10,2.3232803e-14,1.9483405e-06
1187,114_00931,114,931,0,N,0,N,0,N,0.9998803,0.9998803,4.465072e-05,6.996444e-05,3.0802207e-06,1.4916856e-11,3.305779e-10,2.4747286e-14,1.9431452e-06
1188,114_00932,114,932,0,N,0,N,0,N,0.9999561,0.9999561,2.2914719e-05,1.7785107e-05,2.1977462e-06,3.1531284e-12,1.5426017e-10,3.9464785e-15,1.0575084e-06
1189,114_00933,114,933,0,N,0,N,0,N,0.9999549,0.9999549,2.8522934e-05,1.0806971e-05,1.860768e-06,2.776939e-12,2.775237e-10,7.179038e-15,4.058191e-06
1190,114_00934,114,934,0,N,0,N,0,N,0.9998839,0.9998839,5.045797e-05,5.8001548e-05,2.9998273e-06,1.00933055e-11,3.548775e-10,2.728033e-14,4.7173744e-06
1191,114_00935,114,935,0,N,0,N,0,N,0.99995327,0.99995327,1.9722738e-05,2.1951419e-05,2.0980426e-06,2.0755795e-12,9.804541e-11,6.122816e-15,2.9670612e-06
1192,114_00936,114,936,0,N,0,N,0,N,0.9999699,0.9999699,1.0019892e-05,1.637745e-05,2.0728592e-06,1.1649849e-12,7.5546985e-11,4.805127e-15,1.722224e-06
1193,114_00937,114,937,0,N,0,N,0,N,0.99996763,0.99996763,9.391376e-06,1.6910393e-05,4.7230683e-06,1.4119105e-12,7.926833e-11,5.8145458e-15,1.3981723e-06
1194,114_00938,114,938,0,N,0,N,0,N,0.9999618,0.9999618,1.3846116e-05,2.2030188e-05,3.314255e-07,4.0737943e-12,5.124531e-11,1.1099566e-14,2.0664354e-06
1195,114_00939,114,939,0,N,0,N,0,N,0.99977404,0.99977404,0.000119036165,7.109879e-05,1.7034394e-05,2.2158844e-11,1.3703361e-09,9.271697e-14,1.8789997e-05
1196,114_00940,114,940,0,N,0,N,0,N,0.9999804,0.9999804,2.8801285e-06,1.38952255e-05,1.0461699e-06,3.2929833e-13,8.7903136e-11,3.3966095e-15,1.9088443e-06
1197,114_00941,114,941,0,N,0,N,0,N,0.99992234,0.99992234,3.262801e-06,7.255197e-05,8.0422427e-07,6.540697e-13,4.7440045e-11,4.2763373e-15,1.1188648e-06
1198,114_00942,114,942,0,N,0,N,0,N,0.9999148,0.9999148,5.0331262e-05,2.4172014e-05,7.514745e-06,8.1872295e-12,2.4805943e-10,2.953007e-14,3.1828692e-06
1199,114_00943,114,943,0,N,0,N,0,N,0.99986243,0.99986243,9.6127944e-05,2.932682e-05,2.7010963e-06,8.281239e-11,3.529745e-09,5.470282e-13,9.3518065e-06
1200,114_00944,114,944,0,N,0,N,0,N,0.9998789,0.9998789,8.972908e-06,9.42846e-05,8.366407e-06,1.43423155e-11,1.2543171e-09,1.2828307e-13,9.538795e-06
1201,114_00945,114,945,0,N,0,N,0,N,0.99999094,0.99999094,5.6371545e-07,3.4340262e-06,3.3728968e-06,4.645131e-13,1.5154805e-10,6.0488956e-15,1.7021694e-06
1202,114_00946,114,946,0,N,0,N,0,N,0.99999034,0.99999034,2.2693781e-07,8.2626275e-06,5.2026604e-07,1.7300339e-12,9.704978e-10,5.898436e-14,5.7835433e-07
1203,114_00947,114,947,0,N,0,N,0,N,0.9998255,0.9998255,2.7492499e-05,0.000113031296,5.9855397e-06,4.0119817e-11,1.575456e-08,8.982209e-13,2.7968672e-05
1204,114_00948,114,948,0,N,0,N,0,N,0.9986545,0.9986545,0.00031686906,0.0010129864,5.347969e-06,2.7591482e-10,9.981059e-09,1.2294554e-12,1.0286678e-05
1205,114_00949,114,949,0,N,0,N,0,N,0.9975648,0.9975648,0.0020705445,0.00029372392,4.192323e-05,7.705828e-10,3.8590042e-09,2.5157099e-12,2.901988e-05
1206,114_00950,114,950,0,N,0,N,0,N,0.999807,0.999807,0.00010428271,6.827747e-05,5.28745e-06,5.847408e-11,1.3218453e-09,6.0373473e-13,1.5159281e-05
1207,114_00951,114,951,0,N,0,N,0,N,0.998906,0.998906,0.0007297827,0.0002728432,5.404071e-05,6.77597e-10,2.6396274e-09,2.8749407e-12,3.7244426e-05
1208,114_00952,114,952,0,N,0,N,0,N,0.99982405,0.99982405,0.00012424843,3.4162033e-05,3.1011805e-06,6.0326674e-11,5.3943217e-10,2.4424882e-13,1.4518725e-05
1209,114_00953,114,953,0,N,0,N,0,N,0.9995245,0.9995245,0.00016530999,0.0001887516,7.1098264e-05,8.7524016e-11,4.3207167e-09,1.1538007e-12,5.0442573e-05
1210,114_00954,114,954,0,N,0,N,0,N,0.998882,0.998882,9.1452996e-05,0.0009913709,2.2447628e-05,1.3082344e-10,1.9065748e-08,9.805727e-13,1.2686951e-05
1211,114_00955,114,955,0,N,0,N,0,N,0.9998313,0.9998313,3.2246564e-05,0.000117206226,9.832921e-06,1.7380175e-11,7.651126e-10,4.8005796e-14,9.368511e-06
1212,114_00956,114,956,0,N,0,N,0,N,0.99612063,0.99612063,0.0020044514,0.0016350527,8.521765e-05,1.1365485e-09,1.9930818e-08,1.9912993e-12,0.00015461122
1213,114_00957,114,957,0,N,0,N,0,N,0.99969363,0.99969363,0.00018475628,0.00010104749,1.17914915e-05,7.236173e-11,4.1833017e-09,3.857051e-13,8.833121e-06
1214,114_00958,114,958,0,N,0,N,0,N,0.9990627,0.9990627,0.0007198319,0.00018936615,8.875899e-06,4.554651e-10,6.5015193e-09,2.3203698e-12,1.928332e-05
1215,114_00959,114,959,0,N,0,N,0,N,0.9997981,0.9997981,7.673573e-05,8.100774e-05,1.9313587e-05,2.844935e-11,1.365873e-09,4.5833395e-13,2.4780507e-05
1216,114_00960,114,960,0,N,0,N,0,N,0.9990038,0.9990038,0.0001653869,0.0007202471,7.437174e-05,1.5873626e-10,4.248402e-09,2.123046e-12,3.6143236e-05
1217,114_00961,114,961,0,N,0,N,0,N,0.999958,0.999958,5.7039897e-06,3.067457e-05,1.5864624e-06,1.3899808e-12,7.239247e-11,7.156557e-15,4.127087e-06
1218,114_00962,114,962,0,N,0,N,0,N,0.9993718,0.9993718,0.00025665486,0.00029764028,4.7167916e-05,9.147348e-11,9.910021e-10,1.087498e-13,2.6773909e-05
1219,114_00963,114,963,0,N,0,N,0,N,0.999954,0.999954,3.0231044e-05,1.2295192e-05,1.2787701e-06,4.978814e-12,2.5644506e-10,2.2442358e-14,2.211958e-06
1220,114_00964,114,964,0,N,0,N,0,N,0.99985904,0.99985904,4.7929992e-05,8.7306275e-05,2.2206737e-06,4.6912117e-11,8.9719077e-10,3.2941477e-13,3.5921344e-06
1221,114_00965,114,965,0,N,0,N,0,N,0.9999686,0.9999686,9.829976e-06,1.4341349e-05,2.7821388e-06,1.8508149e-12,1.2488356e-10,1.17321034e-14,4.5306097e-06
1222,114_00966,114,966,0,N,0,N,0,N,0.9996523,0.9996523,0.00025824594,6.801613e-05,1.0909025e-05,1.3496956e-10,1.2219007e-09,4.8263173e-13,1.0598012e-05
1223,114_00967,114,967,0,N,0,N,0,N,0.9999256,0.9999256,3.8987953e-05,3.1862153e-05,9.0898834e-07,3.2905772e-11,6.425289e-10,2.529794e-13,2.6855441e-06
1224,114_00968,114,968,0,N,0,N,0,N,0.9999411,0.9999411,2.3825227e-05,1.6268355e-05,1.02402055e-05,1.4132045e-11,3.2075068e-10,1.1052064e-13,8.501727e-06
1225,114_00969,114,969,0,N,0,N,0,N,0.9999888,0.9999888,8.8072375e-07,9.643867e-06,4.3572467e-07,2.3269592e-12,3.311262e-10,2.0172078e-14,2.589538e-07
1226,114_00970,114,970,0,N,0,N,0,N,0.99999654,0.99999654,1.5902181e-08,3.2230876e-06,1.5542764e-07,2.8729301e-15,2.283512e-11,2.786003e-17,6.3612056e-08
1227,114_00971,114,971,0,N,0,N,0,N,0.99999285,0.99999285,2.4544818e-07,6.716416e-06,1.2843178e-07,4.353475e-15,1.213882e-11,1.0516708e-17,1.11839576e-07
1228,114_00972,114,972,0,N,0,N,0,N,0.9999841,0.9999841,4.1714343e-06,1.1029778e-05,2.0984763e-07,4.006654e-14,6.2366865e-12,7.599671e-17,5.2985155e-07
1229,114_00973,114,973,0,N,0,N,0,N,0.9998999,0.9998999,6.072981e-05,3.2242075e-05,4.628338e-06,2.3205654e-12,7.675751e-11,1.0689375e-14,2.568664e-06
1230,114_00974,114,974,0,N,0,N,0,N,0.99996287,0.99996287,7.1492777e-06,2.8305943e-05,3.387881e-07,9.116179e-13,2.2656826e-11,4.265253e-15,1.398994e-06
1231,114_00975,114,975,0,N,0,N,0,N,0.99919915,0.99919915,0.0005556129,0.00021298058,1.7174643e-05,4.9735868e-11,1.9694532e-10,8.1546586e-14,1.495648e-05
1232,114_00976,114,976,0,N,0,N,0,N,0.9998318,0.9998318,0.00013224098,2.9723236e-05,2.1506505e-06,1.955475e-11,4.4607365e-10,1.1946864e-13,3.997542e-06
1233,114_00977,114,977,0,N,0,N,0,N,0.99990577,0.99990577,1.6121709e-05,7.098363e-05,3.858788e-06,7.743537e-12,1.7841688e-10,6.801158e-14,3.4018599e-06
1234,114_00978,114,978,0,N,0,N,0,N,0.9998237,0.9998237,8.227588e-05,8.511295e-05,3.2640012e-06,1.9875759e-11,1.6423685e-10,5.3102213e-14,5.6450963e-06
1235,114_00979,114,979,0,N,0,N,0,N,0.9993046,0.9993046,0.00043999957,0.00021083494,3.26743e-05,2.4040633e-10,5.9737233e-09,1.0508334e-12,1.1916486e-05
1236,114_00980,114,980,0,N,0,N,0,N,0.9999368,0.9999368,3.20335e-05,2.6165982e-05,2.2305805e-06,2.9877153e-11,6.299245e-10,8.397689e-14,2.710171e-06
1237,114_00981,114,981,0,N,0,N,0,N,0.9998133,0.9998133,7.629993e-05,3.788423e-05,3.989655e-05,4.5623068e-11,1.8422297e-09,1.0135582e-13,3.2644704e-05
1238,114_00982,114,982,0,N,0,N,0,N,0.9999613,0.9999613,6.05268e-06,3.0527037e-05,1.2259927e-06,1.2516294e-12,3.3526315e-10,4.1891522e-15,9.4428873e-07
1239,114_00983,114,983,0,N,0,N,0,N,0.999985,0.999985,6.0966845e-06,5.749847e-06,1.6712149e-06,3.541016e-12,1.6021445e-10,2.4279322e-14,1.5377948e-06
1240,114_00984,114,984,0,N,0,N,0,N,0.99999607,0.99999607,3.9402738e-07,1.7553838e-06,1.0081494e-06,3.306972e-12,5.1459353e-10,5.0004024e-14,8.2647983e-07
1241,114_00985,114,985,0,N,0,N,0,N,0.9999956,0.9999956,2.1538211e-08,3.9278148e-06,3.6235227e-07,5.354046e-14,1.6211862e-10,5.9863905e-16,8.191297e-08
1242,114_00986,114,986,0,N,0,N,0,N,0.9999993,0.9999993,3.737928e-09,5.961969e-07,1.1217764e-07,3.3970627e-15,4.6364378e-11,9.109261e-17,5.236433e-08
1243,114_00987,114,987,0,N,0,N,0,N,0.9999988,0.9999988,3.1521195e-09,1.084163e-06,9.9973015e-08,4.0302797e-15,5.2607994e-11,9.363846e-17,5.486644e-08
1244,114_00988,114,988,0,N,0,N,0,N,0.99999857,0.99999857,6.4207253e-09,1.3089964e-06,8.032275e-08,3.5478733e-15,2.295403e-11,3.610524e-17,2.4207775e-08
1245,114_00989,114,989,0,N,0,N,0,N,0.99999833,0.99999833,2.2676394e-07,1.0196484e-06,1.6641906e-07,2.2372589e-13,1.6381373e-10,2.0659614e-15,2.474515e-07
1246,114_00990,114,990,0,N,0,N,0,N,0.9999829,0.9999829,1.5027275e-06,1.394253e-05,7.2471505e-07,5.132296e-12,1.0917014e-09,3.5810645e-14,9.099208e-07
1247,114_00991,114,991,0,N,0,N,0,N,0.99994826,0.99994826,1.5869986e-05,3.0140767e-05,3.5762828e-06,3.3215108e-12,1.0258125e-09,1.4181918e-14,2.1564547e-06
1248,114_00992,114,992,0,N,0,N,0,N,0.99998975,0.99998975,3.2590715e-06,5.845359e-06,4.6256005e-07,4.8295244e-12,4.686166e-10,4.1737528e-14,6.738912e-07
1249,114_00993,114,993,0,N,0,N,0,N,0.9999957,0.9999957,6.6837287e-09,2.628055e-06,1.5669565e-06,5.5167764e-15,2.8998382e-11,1.8154466e-16,1.3375761e-07
1250,114_00994,114,994,0,N,0,N,0,N,0.999998,0.999998,1.335616e-07,1.3746326e-06,1.2443506e-07,7.707364e-13,2.0195019e-10,5.588722e-15,4.0950334e-07
1251,114_00995,114,995,0,N,0,N,0,N,0.9999975,0.9999975,6.707779e-08,3.31431e-07,1.0237496e-06,1.0800309e-11,7.356197e-09,1.8639478e-12,1.0006823e-06
1252,114_00996,114,996,0,N,0,N,0,N,0.9999964,0.9999964,2.7002885e-08,1.2216357e-06,1.9151457e-06,1.5708241e-13,6.618802e-10,2.9929293e-15,4.0156382e-07
1253,114_00997,114,997,0,N,0,N,0,N,0.9999981,0.9999981,2.258667e-09,1.6990967e-06,1.756609e-07,1.3105623e-15,2.817244e-11,1.2830472e-17,3.3962223e-08
1254,114_00998,114,998,0,N,0,N,0,N,0.9999974,0.9999974,4.9445417e-09,2.5191239e-06,5.3226906e-08,3.722589e-16,4.784762e-12,3.2997016e-18,7.1075654e-08
1255,114_00999,114,999,0,N,0,N,0,N,0.9999623,0.9999623,1.0694594e-06,3.607528e-05,3.0742234e-07,3.4614408e-14,5.1833576e-11,8.2029e-17,3.6655504e-07
1256,114_01000,114,1000,0,N,0,N,0,N,0.99988556,0.99988556,7.7845165e-05,3.0255105e-05,3.605739e-06,4.523105e-12,2.123156e-10,7.905074e-15,2.698571e-06
1257,114_01001,114,1001,0,N,0,N,0,N,0.9999669,0.9999669,8.5745305e-06,2.2059083e-05,7.032714e-07,3.6371886e-12,1.6294262e-10,1.4890096e-14,1.7402481e-06
1258,114_01002,114,1002,0,N,0,N,0,N,0.99999154,0.99999154,1.2158421e-07,2.9526007e-06,5.258357e-06,1.9660258e-13,9.8264646e-11,2.880323e-15,1.4951362e-07
1259,114_01003,114,1003,0,N,0,N,0,N,0.99999905,0.99999905,3.4157554e-07,2.6250717e-07,3.4168416e-08,1.9770435e-13,3.1987767e-11,9.519624e-16,2.528027e-07
1260,114_01004,114,1004,0,N,0,N,0,N,0.99997765,0.99997765,6.5179115e-08,1.901349e-05,2.4892915e-06,1.065268e-13,6.828921e-10,4.4416777e-15,7.5263955e-07
1261,114_01005,114,1005,0,N,0,N,0,N,0.9999937,0.9999937,4.6672692e-08,6.1179558e-06,1.1929684e-07,7.508949e-15,1.9648961e-11,5.8952295e-17,1.1113391e-07
1262,114_01006,114,1006,0,N,0,N,0,N,0.99999774,0.99999774,1.829066e-07,8.0658776e-07,6.8610035e-07,4.431648e-14,2.2167226e-11,3.665996e-16,5.127669e-07
1263,114_01007,114,1007,0,N,0,N,0,N,0.9999933,0.9999933,9.206313e-08,5.830831e-06,3.3101423e-07,9.812401e-14,1.398064e-10,1.1319096e-15,3.530911e-07
1264,114_01008,114,1008,0,N,0,N,0,N,0.99998724,0.99998724,2.9278024e-07,1.1149765e-05,8.2060967e-07,1.06002396e-14,3.483881e-11,2.8578822e-17,4.9458544e-07
1265,114_01009,114,1009,0,N,0,N,0,N,0.9999675,0.9999675,2.1711094e-05,8.653728e-06,6.1396986e-07,2.848542e-13,1.8518555e-11,2.2409617e-16,1.5757731e-06
1266,114_01010,114,1010,0,N,0,N,0,N,0.9999486,0.9999486,1.7698769e-05,3.0483912e-05,1.9456886e-06,9.489247e-13,5.004018e-11,1.481418e-15,1.3275659e-06
1267,114_01011,114,1011,0,N,0,N,0,N,0.99998385,0.99998385,3.837444e-06,1.1074053e-05,5.373573e-07,7.644458e-14,8.9522304e-12,2.049001e-16,8.295106e-07
1268,114_01012,114,1012,0,N,0,N,0,N,0.9999895,0.9999895,1.7678682e-06,8.101487e-06,2.3521588e-07,3.1956253e-14,5.661997e-12,1.02003876e-16,3.547426e-07
1269,114_01013,114,1013,0,N,0,N,0,N,0.999985,0.999985,8.263982e-07,1.3073138e-05,3.8886768e-07,8.278477e-15,2.2834714e-12,3.0647902e-17,7.436041e-07
1270,114_01014,114,1014,0,N,0,N,0,N,0.999997,0.999997,1.1662244e-07,2.476721e-06,1.9767666e-07,2.3679649e-15,9.947671e-13,1.1144447e-17,1.475751e-07
1271,114_01015,114,1015,0,N,0,N,0,N,0.99996585,0.99996585,1.2292477e-05,1.9163102e-05,1.2064961e-06,1.6990693e-12,8.8043135e-11,4.123406e-15,1.5773236e-06
1272,114_01016,114,1016,0,N,0,N,0,N,0.99999666,0.99999666,8.0913395e-07,1.0998326e-06,3.7034826e-07,1.6406178e-13,4.1912352e-11,1.1192086e-15,9.943695e-07
1273,114_01017,114,1017,0,N,0,N,0,N,0.9999637,0.9999637,2.5569528e-07,3.2988166e-05,1.9084594e-06,1.9696831e-13,1.2805386e-10,4.646453e-15,1.1630785e-06
1274,114_01018,114,1018,0,N,0,N,0,N,0.9999356,0.9999356,5.5962396e-06,5.1103183e-05,3.6918823e-06,4.4163897e-13,5.1524296e-10,7.562266e-15,3.9224396e-06
1275,114_01019,114,1019,0,N,0,N,0,N,0.9999877,0.9999877,5.87963e-06,4.291181e-06,6.8974236e-07,3.842559e-12,8.0315934e-11,2.912454e-14,1.4326032e-06
1276,114_01020,114,1020,0,N,0,N,0,N,0.9999373,0.9999373,1.03159255e-05,2.5140274e-05,1.7938695e-05,4.8075103e-11,1.2406326e-09,2.7108966e-13,9.263596e-06
1277,114_01021,114,1021,0,N,0,N,0,N,0.99998194,0.99998194,2.4685035e-06,1.3996512e-05,1.406881e-06,2.8906354e-12,7.6517964e-10,7.0150655e-15,2.2958007e-07
1278,114_01022,114,1022,0,N,0,N,0,N,0.999995,0.999995,2.0667935e-06,8.9760937e-07,2.7456622e-07,1.1677928e-12,2.1572587e-10,9.8862806e-15,1.8450924e-06
1279,114_01023,114,1023,0,N,0,N,0,N,0.99945545,0.99945545,1.3566231e-05,0.00050266343,1.757631e-05,6.239364e-11,2.3464597e-08,2.1461632e-12,1.0684938e-05
1280,114_01024,114,1024,0,N,0,N,0,N,0.99987864,0.99987864,4.973872e-05,6.470426e-05,1.4656642e-06,4.022125e-11,3.1354257e-09,2.6141554e-13,5.411229e-06
1281,114_01025,114,1025,0,N,0,N,0,N,0.9998301,0.9998301,0.00013081857,1.5468482e-05,1.1629105e-05,4.3490436e-10,4.8688613e-09,3.4377887e-12,1.1866443e-05
1282,114_01026,114,1026,0,N,0,N,0,N,0.99990493,0.99990493,3.920354e-05,4.3143187e-05,7.448111e-06,8.847916e-11,6.013998e-09,4.684009e-13,5.356769e-06
1283,114_01027,114,1027,0,N,0,N,0,N,0.99984986,0.99984986,7.427518e-05,6.702605e-05,4.6333216e-06,3.4896135e-11,2.5084528e-09,1.3004323e-13,4.209894e-06
1284,114_01028,114,1028,0,N,0,N,0,N,0.9990299,0.9990299,0.0008783061,6.111351e-05,7.552447e-06,2.8317598e-10,2.9178082e-09,1.4339564e-12,2.3096298e-05
1285,114_01029,114,1029,0,N,0,N,0,N,0.9961921,0.9961921,0.0028556588,0.0005566777,0.000138198,4.948505e-09,3.47792e-08,1.1466261e-10,0.00025732061
1286,114_01030,114,1030,0,N,0,N,0,N,0.99984926,0.99984926,2.5654958e-06,0.00012744521,1.1667686e-05,1.5352823e-12,2.4217622e-10,1.5081293e-14,9.091206e-06
1287,114_01031,114,1031,0,N,0,N,0,N,0.99979025,0.99979025,4.3517273e-05,0.00012436468,2.3071241e-05,9.282969e-12,2.4357386e-10,3.052508e-14,1.8879953e-05
1288,114_01032,114,1032,0,N,0,N,0,N,0.99989575,0.99989575,7.638857e-05,2.3724973e-05,9.1497185e-07,4.945741e-11,5.164562e-10,1.9877966e-13,3.268398e-06
1289,114_01033,114,1033,0,N,0,N,0,N,0.999978,0.999978,7.826907e-06,1.0005173e-05,2.0370949e-06,5.9760985e-12,5.5102467e-10,5.9124424e-14,2.174874e-06
1290,114_01034,114,1034,0,N,0,N,0,N,0.99999344,0.99999344,3.127925e-07,4.890994e-06,9.512101e-07,1.318244e-13,8.316833e-11,1.0248955e-15,3.383758e-07
1291,114_01035,114,1035,0,N,0,N,0,N,0.9999852,0.9999852,3.5825324e-06,9.286022e-06,6.1740866e-07,4.4622314e-13,7.4936064e-11,2.11283e-15,1.3314424e-06
1292,114_01036,114,1036,0,N,0,N,0,N,0.99970174,0.99970174,0.00015099636,0.00013499879,2.8586358e-06,9.266974e-11,2.9284597e-09,1.206498e-12,9.425374e-06
1293,114_01037,114,1037,0,N,0,N,0,N,0.9995611,0.9995611,0.0003619735,5.487463e-05,9.2955925e-06,6.225001e-10,3.5503251e-09,4.0845847e-12,1.2794441e-05
1294,114_01038,114,1038,0,N,0,N,0,N,0.9989893,0.9989893,0.0008442616,0.00013180597,1.2271235e-05,2.4400213e-09,1.8251898e-08,9.854525e-12,2.236695e-05
1295,114_01039,114,1039,0,N,0,N,0,N,0.99979013,0.99979013,0.000117886324,7.17898e-05,1.3136121e-05,3.825927e-11,3.2199567e-09,1.1947596e-13,7.1003615e-06
1296,114_01040,114,1040,0,N,0,N,0,N,0.9998106,0.9998106,0.0001391564,3.8539878e-05,4.7564054e-06,5.6882946e-11,7.920862e-10,2.0380873e-13,6.8723994e-06
1297,114_01041,114,1041,0,N,0,N,0,N,0.99985784,0.99985784,9.9277524e-05,1.8213017e-05,6.5217505e-06,3.2944675e-11,1.043157e-09,2.5341328e-13,1.8164015e-05
1298,114_01042,114,1042,0,N,0,N,0,N,0.9985378,0.9985378,0.0004810033,0.00083186163,9.605224e-05,4.2661855e-10,1.2673793e-08,4.4803865e-12,5.323493e-05
1299,114_01043,114,1043,0,N,0,N,0,N,0.9999329,0.9999329,8.859348e-06,4.9567345e-05,1.8523224e-06,1.1601942e-12,1.04596234e-10,4.8168964e-15,6.8223085e-06
1300,114_01044,114,1044,0,N,0,N,0,N,0.9995847,0.9995847,4.082336e-05,0.00033740292,2.7765616e-05,1.3306505e-11,2.9910202e-10,2.051352e-14,9.2074415e-06
1301,114_01045,114,1045,0,N,0,N,0,N,0.9999806,0.9999806,6.0156676e-06,9.978289e-06,2.4537414e-06,4.950006e-13,8.3008156e-11,1.2442111e-15,1.0032043e-06
1302,114_01046,114,1046,0,N,0,N,0,N,0.9999243,0.9999243,2.2546656e-05,5.1236853e-05,3.9495316e-07,5.757777e-12,2.6844188e-10,1.7921313e-14,1.5611945e-06
1303,114_01047,114,1047,0,N,0,N,0,N,0.9999943,0.9999943,7.298364e-07,3.1752907e-06,1.3882338e-06,1.7875262e-13,2.1210015e-11,8.0644133e-16,4.8518046e-07
1304,114_01048,114,1048,0,N,0,N,0,N,0.99999917,0.99999917,1.606747e-08,1.317665e-07,6.741643e-07,9.27608e-15,8.255664e-12,6.9996215e-17,5.4307666e-08
1305,114_01049,114,1049,0,N,0,N,0,N,0.9999993,0.9999993,3.5499446e-09,5.680651e-07,3.283771e-08,2.473172e-15,2.1047953e-11,6.801318e-17,1.564202e-07
1306,114_01050,114,1050,0,N,0,N,0,N,0.9999963,0.9999963,2.8669827e-09,3.4674108e-06,1.4497341e-07,1.3338008e-15,1.947986e-11,3.3027975e-17,9.31257e-08
1307,114_01051,114,1051,0,N,0,N,0,N,0.99999523,0.99999523,2.97545e-07,2.9811576e-06,1.1226532e-06,4.9821482e-14,6.7710226e-11,3.0796368e-16,4.5276008e-07
1308,114_01052,114,1052,0,N,0,N,0,N,0.9999927,0.9999927,9.376097e-07,5.7115367e-06,9.876172e-08,7.50842e-13,1.290831e-10,4.580399e-15,4.6396147e-07
1309,114_01053,114,1053,0,N,0,N,0,N,0.9998698,0.9998698,2.7997079e-05,8.7915985e-05,7.1594127e-06,2.5112336e-11,2.0086077e-09,1.1623242e-13,7.0528276e-06
1310,114_01054,114,1054,0,N,0,N,0,N,0.9998452,0.9998452,7.371362e-05,7.091207e-05,1.5155706e-06,1.9699702e-11,1.290447e-09,1.0554682e-13,8.798792e-06
1311,114_01055,114,1055,0,N,0,N,0,N,0.9993862,0.9993862,0.00026269542,0.00032742054,4.90008e-06,5.043698e-11,7.415068e-10,2.3395703e-13,1.8737765e-05
1312,114_01056,114,1056,0,N,0,N,0,N,0.99873394,0.99873394,0.0006757755,0.00050940405,5.8504276e-05,2.1746695e-10,3.9159644e-09,1.607572e-12,2.232763e-05
1313,114_01057,114,1057,0,N,0,N,0,N,0.9999325,0.9999325,4.8740436e-05,7.5524176e-06,5.0095655e-06,5.395727e-11,5.159376e-10,4.804952e-13,6.1708974e-06
1314,114_01058,114,1058,0,N,0,N,0,N,0.9999504,0.9999504,4.6215673e-06,7.474928e-06,1.9409968e-05,7.668339e-11,2.3880633e-09,1.0163732e-12,1.8058776e-05
1315,114_01059,114,1059,0,N,0,N,0,N,0.9999975,0.9999975,3.3567598e-09,8.355075e-07,1.5140201e-06,9.088671e-15,9.387342e-11,2.9518738e-16,1.1190988e-07
1316,114_01060,114,1060,0,N,0,N,0,N,0.9999994,0.9999994,6.473333e-10,4.7405354e-07,7.403863e-08,1.5866955e-16,6.1589037e-12,1.5966272e-18,3.4226872e-08
1317,114_01061,114,1061,0,N,0,N,0,N,0.9999987,0.9999987,1.1539939e-08,8.8812703e-07,1.4405782e-07,3.6870527e-15,2.1024028e-11,6.539512e-17,2.5501942e-07
1318,114_01062,114,1062,0,N,0,N,0,N,0.9999863,0.9999863,6.353159e-07,1.1760079e-05,7.065198e-07,7.1003137e-13,7.247772e-10,5.1822255e-15,6.475629e-07
1319,114_01063,114,1063,0,N,0,N,0,N,0.99994314,0.99994314,1.3791602e-05,4.0962077e-05,6.9434594e-07,3.3390124e-12,5.166078e-10,1.3028819e-14,1.4097342e-06
1320,114_01064,114,1064,0,N,0,N,0,N,0.99997896,0.99997896,8.306787e-06,6.8877434e-06,3.2612625e-06,3.4480134e-12,3.1600794e-10,2.2116393e-14,2.563026e-06
1321,114_01065,114,1065,0,N,0,N,0,N,0.9999655,0.9999655,3.0969788e-06,2.902648e-05,1.8897141e-06,8.224755e-12,7.752594e-10,4.0113813e-14,5.4416296e-07
1322,114_01066,114,1066,0,N,0,N,0,N,0.9999773,0.9999773,1.2233232e-05,7.513667e-06,1.2566038e-06,4.748663e-12,5.515942e-10,1.5380978e-14,1.713655e-06
1323,114_01067,114,1067,0,N,0,N,0,N,0.9999299,0.9999299,3.860724e-05,2.652789e-05,1.5536491e-06,7.635606e-11,1.7800047e-09,3.6040642e-13,3.3735014e-06
1324,114_01068,114,1068,0,N,0,N,0,N,0.99997514,0.99997514,1.3338143e-06,2.1429298e-05,1.5202163e-06,5.344991e-13,3.1174846e-10,5.1974518e-15,6.1381536e-07
1325,114_01069,114,1069,0,N,0,N,0,N,0.99998987,0.99998987,1.3557592e-06,6.7456936e-06,9.4537717e-07,1.2677722e-13,9.685403e-11,6.8618467e-16,1.1122908e-06
1326,114_01070,114,1070,0,N,0,N,0,N,0.9999881,0.9999881,1.0102531e-06,9.810145e-06,4.8579557e-07,1.1356481e-13,2.6445362e-11,4.9617946e-16,6.563017e-07
1327,114_01071,114,1071,0,N,0,N,0,N,0.99984294,0.99984294,8.880125e-05,5.1862164e-05,1.0791446e-05,2.0560576e-11,3.9192188e-10,4.7754206e-14,5.6480912e-06
1328,114_01072,114,1072,0,N,0,N,0,N,0.99986887,0.99986887,0.000112022826,8.866962e-06,3.437601e-06,6.782575e-11,1.2003751e-09,2.7099357e-13,6.8010136e-06
1329,114_01073,114,1073,0,N,0,N,0,N,0.99978477,0.99978477,7.5815915e-05,0.00010589783,4.8938973e-06,1.4346554e-10,2.944723e-09,1.988578e-12,2.8702063e-05
1330,114_01074,114,1074,0,N,0,N,0,N,0.9999823,0.9999823,6.7991743e-07,1.1622702e-05,2.8907173e-06,5.9903856e-13,1.3854871e-10,1.3425731e-14,2.5150412e-06
1331,114_01075,114,1075,0,N,0,N,0,N,0.9999805,0.9999805,4.4422674e-07,1.7682394e-05,7.129118e-07,3.0061752e-13,1.9605213e-10,3.070771e-15,7.3236566e-07
1332,114_01076,114,1076,0,N,0,N,0,N,0.999995,0.999995,1.5046594e-07,4.23377e-06,3.3694207e-07,5.1286015e-15,1.7172113e-11,1.7927272e-17,2.9546234e-07
1333,114_01077,114,1077,0,N,0,N,0,N,0.9999987,0.9999987,6.2387535e-08,4.7199612e-07,5.446763e-07,6.672672e-15,4.1092503e-12,2.7655093e-17,1.1717112e-07
1334,114_01078,114,1078,0,N,0,N,0,N,0.99999726,0.99999726,1.1690241e-07,2.0051039e-06,2.363048e-07,2.2671704e-14,3.9966988e-11,1.161819e-16,3.7762194e-07
1335,114_01079,114,1079,0,N,0,N,0,N,0.9999949,0.9999949,3.7863722e-07,3.964727e-06,5.6932794e-07,2.4955374e-14,3.276813e-11,7.3273426e-17,1.9948138e-07
1336,114_01080,114,1080,0,N,0,N,0,N,0.9999841,0.9999841,1.030854e-05,3.29432e-06,3.7683486e-07,2.2738033e-12,4.6286187e-11,7.859185e-15,1.991712e-06
1337,114_01081,114,1081,0,N,0,N,0,N,0.99999094,0.99999094,1.392259e-07,7.5894304e-06,9.206962e-07,2.0948991e-13,1.7626417e-10,5.1434123e-15,4.61302e-07
1338,114_01082,114,1082,0,N,0,N,0,N,0.99997944,0.99997944,4.697167e-07,1.9384208e-05,6.3707535e-07,8.895978e-14,9.757374e-11,1.8763915e-16,1.14935276e-07
1339,114_01083,114,1083,0,N,0,N,0,N,0.999985,0.999985,1.0744588e-05,2.8158122e-06,4.408903e-07,2.07028e-12,8.306047e-11,4.3931457e-15,1.0370992e-06
1340,114_01084,114,1084,0,N,0,N,0,N,0.9999781,0.9999781,5.458073e-06,1.4022338e-05,1.5747307e-06,6.254041e-12,7.21307e-10,1.7360931e-14,8.9413834e-07
1341,114_01085,114,1085,0,N,0,N,0,N,0.9999939,0.9999939,7.1174406e-07,4.4887315e-06,6.5857967e-07,1.9550702e-13,1.5178196e-10,4.889838e-16,2.223952e-07
1342,114_01086,114,1086,0,N,0,N,0,N,0.9999969,0.9999969,4.8655256e-08,2.8213913e-06,1.77278e-07,4.127941e-15,8.9434215e-12,1.8043873e-17,1.3617208e-07
1343,114_01087,114,1087,0,N,0,N,0,N,0.99999845,0.99999845,1.0344569e-08,1.415947e-06,1.019792e-07,1.4656003e-16,8.251389e-13,6.194643e-19,6.306973e-08
1344,114_01088,114,1088,0,N,0,N,0,N,0.999997,0.999997,1.9380655e-08,2.8716493e-06,8.284357e-08,1.1174684e-15,3.4308355e-12,4.477021e-18,3.179426e-08
1345,114_01089,114,1089,0,N,0,N,0,N,0.9999988,0.9999988,7.8123705e-08,7.23038e-07,1.669539e-07,4.5298465e-14,2.2078764e-11,3.0893666e-16,1.5474248e-07
1346,114_01090,114,1090,0,N,0,N,0,N,0.9999989,0.9999989,3.186874e-09,4.9012493e-07,4.586443e-07,8.618692e-15,6.671797e-11,2.24472e-16,8.468708e-08
1347,114_01091,114,1091,0,N,0,N,0,N,0.9999981,0.9999981,1.3498831e-08,1.7161144e-06,1.1481187e-07,5.3129786e-15,4.4601572e-11,5.2049864e-17,1.1182118e-07
1348,114_01092,114,1092,0,N,0,N,0,N,0.9999993,0.9999993,8.098842e-09,4.6159013e-07,9.203366e-08,4.7869724e-15,1.2884823e-11,8.9585976e-17,1.2749234e-07
1349,114_01093,114,1093,0,N,0,N,0,N,0.99999774,0.99999774,1.3447835e-09,1.8002822e-06,4.218283e-07,7.1867945e-16,1.1806003e-11,1.3212526e-17,3.4411734e-08
1350,114_01094,114,1094,0,N,0,N,0,N,0.9999994,0.9999994,7.9101504e-08,2.6644946e-07,1.1412167e-07,8.6686544e-14,3.2320115e-11,3.0983263e-16,1.1147294e-07
1351,114_01095,114,1095,0,N,0,N,0,N,0.9998936,0.9998936,6.612631e-07,4.256651e-08,0.00010301097,1.5849236e-10,7.757177e-08,5.7805427e-12,2.6962337e-06
1352,114_01096,114,1096,0,N,0,N,0,N,0.99999654,0.99999654,1.09729754e-07,1.4022996e-07,2.5776244e-06,1.563217e-10,3.9747242e-08,1.7221866e-11,5.966134e-07
1353,114_01097,114,1097,0,N,0,N,0,N,0.99995905,0.99995905,3.7072777e-08,3.613576e-07,4.0269628e-05,6.2934697e-12,5.568115e-09,2.9798963e-13,4.0444434e-07
1354,114_01098,114,1098,0,N,0,N,0,N,0.99999654,0.99999654,1.6395363e-08,2.438697e-07,2.9772352e-06,1.442542e-13,1.8154754e-09,5.112436e-15,2.3807942e-07
1355,114_01099,114,1099,0,N,0,N,0,N,0.99999785,0.99999785,3.0264243e-07,7.9751476e-07,4.3773449e-07,7.0149338e-12,3.814127e-09,1.4018786e-13,5.642578e-07
1356,114_01100,114,1100,0,N,0,N,0,N,0.9999816,0.9999816,7.679952e-07,3.462996e-07,1.48962345e-05,1.5468357e-11,8.423739e-09,6.765243e-13,2.4019691e-06
1357,114_01101,114,1101,0,N,0,N,0,N,0.99998266,0.99998266,2.3900245e-07,1.1758095e-07,1.6513512e-05,9.24757e-12,4.666094e-09,1.7667206e-13,4.830299e-07
1358,114_01102,114,1102,0,N,0,N,0,N,0.99999475,0.99999475,2.1972119e-07,2.0410911e-07,3.4159668e-06,5.861886e-11,1.330447e-08,7.1202185e-12,1.4340677e-06
1359,114_01103,114,1103,0,N,0,N,0,N,0.99997765,0.99997765,6.1234196e-08,8.4236746e-07,2.1256059e-05,3.6439237e-11,2.8409168e-08,2.1741467e-12,2.1148546e-07
1360,114_01104,114,1104,0,N,0,N,0,N,0.9999944,0.9999944,7.8685346e-08,3.1707322e-07,4.862531e-06,2.130732e-12,5.093005e-09,6.257954e-14,3.4358843e-07
1361,114_01105,114,1105,0,N,0,N,0,N,0.9999927,0.9999927,8.1665945e-08,4.3200004e-07,6.3440493e-06,1.0334948e-11,2.4017735e-08,3.3229113e-13,3.6039683e-07
1362,114_01106,114,1106,0,N,0,N,0,N,0.99999475,0.99999475,5.052922e-08,8.9325276e-08,4.888217e-06,4.701422e-12,3.9365395e-09,1.2735296e-13,2.4323865e-07
1363,114_01107,114,1107,0,N,0,N,0,N,0.9999875,0.9999875,6.302539e-08,1.3630645e-07,1.2016128e-05,9.491143e-12,1.073925e-08,3.1961505e-13,2.504297e-07
1364,114_01108,114,1108,0,N,0,N,0,N,0.9999913,0.9999913,1.5643715e-07,1.3246574e-07,6.527954e-06,5.5657826e-11,3.6897962e-08,6.081368e-12,1.8436642e-06
1365,114_01109,114,1109,0,N,0,N,0,N,0.9998973,0.9998973,1.8636433e-07,1.8630995e-07,0.00010087924,4.915985e-10,1.3819012e-07,2.0185159e-11,1.2821424e-06
1366,114_01110,114,1110,0,N,0,N,0,N,0.99998546,0.99998546,7.121457e-08,9.270079e-08,1.3938365e-05,1.2389459e-11,3.2723821e-09,5.912523e-13,3.6117007e-07
1367,114_01111,114,1111,0,N,0,N,0,N,0.9999906,0.9999906,3.60908e-08,1.6513263e-07,9.020279e-06,3.3387314e-12,5.281785e-09,1.3195835e-13,2.0152015e-07
1368,114_01112,114,1112,0,N,0,N,0,N,0.9999989,0.9999989,2.0610504e-08,9.7173505e-08,8.9518767e-07,3.2380678e-12,3.057506e-09,2.056647e-13,1.3973994e-07
1369,114_01113,114,1113,0,N,0,N,0,N,0.99999714,0.99999714,2.58249e-08,2.0151013e-07,2.5960492e-06,5.4002735e-12,1.7682196e-09,3.024249e-13,1.1424185e-07
1370,114_01114,114,1114,0,N,0,N,0,N,0.99999595,0.99999595,1.12595046e-07,2.920329e-07,2.730263e-06,7.7956204e-11,5.1212158e-08,5.3178417e-12,8.908382e-07
1371,114_01115,114,1115,0,N,0,N,0,N,0.99996907,0.99996907,2.7862836e-07,3.4437127e-07,2.9777739e-05,2.0318922e-10,1.428344e-07,5.365267e-12,4.083987e-07
1372,114_01116,114,1116,0,N,0,N,0,N,0.9999951,0.9999951,4.756952e-08,8.07495e-08,4.6967148e-06,6.5481422e-12,3.8711954e-09,1.4977971e-13,1.0467955e-07
1373,114_01117,114,1117,0,N,0,N,0,N,0.9999988,0.9999988,6.2767063e-09,2.4773783e-07,8.687161e-07,4.803997e-13,1.2236492e-09,1.37247976e-14,4.3376026e-08
1374,114_01118,114,1118,0,N,0,N,0,N,0.9999995,0.9999995,1.9502027e-09,2.391775e-07,2.3351399e-07,1.9331913e-14,1.481164e-10,2.2682894e-16,1.1278476e-08
1375,114_01119,114,1119,0,N,0,N,0,N,0.99999976,0.99999976,4.7153703e-10,3.1528216e-08,1.58152e-07,8.081826e-16,1.525254e-11,1.1891236e-17,8.156374e-09
1376,114_01120,114,1120,0,N,0,N,0,N,0.9999999,0.9999999,2.270864e-10,4.3071203e-08,7.1499784e-08,1.8118782e-15,3.3381787e-11,1.0817893e-16,1.7241968e-08
1377,114_01121,114,1121,0,N,0,N,0,N,0.9999995,0.9999995,1.4020817e-09,1.3575543e-07,3.1544045e-07,4.609213e-14,4.100802e-10,1.0951761e-15,1.0389386e-08
1378,114_01122,114,1122,0,N,0,N,0,N,0.9999993,0.9999993,5.8879825e-09,6.623071e-08,5.5743806e-07,1.4387593e-13,6.585966e-10,7.949187e-15,9.0650715e-08
1379,114_01123,114,1123,0,N,0,N,0,N,0.9999981,0.9999981,4.888981e-09,4.6237338e-07,1.4202715e-06,2.816768e-13,1.4032489e-09,1.1988887e-14,6.650672e-08
1380,114_01124,114,1124,0,N,0,N,0,N,0.99999905,0.99999905,1.1858208e-09,1.4494796e-07,8.3735785e-07,2.3778554e-14,1.5060041e-10,7.8786304e-16,1.8769516e-08
1381,114_01125,114,1125,0,N,0,N,0,N,0.9999994,0.9999994,1.5209178e-09,9.508144e-08,4.8674434e-07,2.9555446e-14,2.3529032e-10,1.0309992e-15,3.237477e-08
1382,114_01126,114,1126,0,N,0,N,0,N,0.99999964,0.99999964,1.7743289e-09,5.640454e-08,2.3860457e-07,6.8100656e-14,1.6755863e-10,4.4326517e-15,2.7038224e-08
1383,114_01127,114,1127,0,N,0,N,0,N,0.9999981,0.9999981,3.1616247e-09,1.4480036e-06,3.9228922e-07,2.31671e-13,1.8273317e-09,1.5242429e-14,4.593791e-08
1384,114_01128,114,1128,0,N,0,N,0,N,0.99999416,0.99999416,3.088328e-08,5.2559887e-08,5.6353647e-06,3.978816e-13,1.8280357e-09,4.5162446e-15,9.748901e-08
1385,114_01129,114,1129,0,N,0,N,0,N,0.9999742,0.9999742,7.91865e-07,8.131689e-08,2.4232306e-05,3.4229564e-10,7.7344e-08,1.4656628e-12,7.1906356e-07
1386,114_01130,114,1130,0,N,0,N,0,N,0.99996597,0.99996597,2.390883e-07,1.9348909e-07,3.3127617e-05,8.0997103e-10,6.879034e-08,7.410564e-12,4.3741255e-07
1387,114_01131,114,1131,0,N,0,N,0,N,0.9999592,0.9999592,4.224461e-07,7.642824e-07,3.946338e-05,1.2506855e-10,6.9796705e-08,1.1969468e-12,2.2777157e-07
1388,114_01132,114,1132,0,N,0,N,0,N,0.9999963,0.9999963,2.1383752e-07,1.3872547e-06,1.4741921e-06,6.7812626e-12,8.23009e-09,1.695601e-13,6.3141727e-07
1389,114_01133,114,1133,0,N,0,N,0,N,0.99998736,0.99998736,3.103878e-07,2.5739307e-06,9.40392e-06,2.2079593e-12,1.7029855e-09,1.9725747e-14,3.5330729e-07
1390,114_01134,114,1134,0,N,0,N,0,N,0.999997,0.999997,1.1900679e-07,8.060551e-07,1.7102504e-06,2.9172212e-12,1.5423419e-09,7.29357e-14,3.941255e-07
1391,114_01135,114,1135,0,N,0,N,0,N,0.99999464,0.99999464,4.3162427e-08,1.38828e-07,4.1783705e-06,1.1504968e-12,2.4523732e-09,7.406361e-14,9.927055e-07
1392,114_01136,114,1136,0,N,0,N,0,N,0.9999944,0.9999944,3.8275337e-07,1.5352873e-06,3.23618e-06,7.2608573e-12,6.300692e-09,4.5798407e-14,5.0839117e-07
1393,114_01137,114,1137,0,N,0,N,0,N,0.9999989,0.9999989,2.0273626e-07,2.4127175e-07,2.9605866e-07,6.224215e-13,1.3624828e-10,4.9458635e-15,2.6631295e-07
1394,114_01138,114,1138,0,N,0,N,0,N,0.9999102,0.9999102,1.4456693e-07,6.463731e-08,8.95648e-05,9.5383e-12,5.3685927e-09,3.4279128e-13,1.3572222e-07
1395,114_01139,114,1139,0,N,0,N,0,N,0.99993145,0.99993145,1.9366453e-06,3.6179329e-06,7.8997414e-07,1.7926001e-09,2.3598727e-07,6.259421e-11,6.197918e-05
1396,114_01140,114,1140,0,N,0,N,0,N,0.99985856,0.99985856,6.3964853e-06,2.9130748e-05,8.5582884e-05,1.9388353e-09,1.1301018e-07,5.491784e-10,2.0178164e-05
1397,114_01141,114,1141,0,N,0,N,0,N,0.998938,0.998938,3.4168247e-06,0.00018017496,0.00035902637,8.097572e-11,1.782131e-08,3.4011755e-11,0.00051933585
1398,114_01142,114,1142,0,N,0,N,0,N,0.9999029,0.9999029,2.9649204e-06,4.008434e-05,1.2390885e-05,3.7982673e-12,2.8120881e-09,8.2757186e-14,4.1681116e-05
1399,114_01143,114,1143,0,N,0,N,0,N,0.99981976,0.99981976,2.1188347e-05,8.10263e-06,5.926391e-05,7.054986e-11,1.2800527e-08,1.5501729e-12,9.1580245e-05
1400,114_01144,114,1144,0,N,0,N,0,N,0.9999842,0.9999842,6.5674817e-07,5.6733893e-06,4.8886127e-06,1.507619e-11,6.20781e-09,8.5755475e-13,4.58532e-06
1401,114_01145,114,1145,0,N,0,N,0,N,0.9999793,0.9999793,5.3099683e-07,5.737539e-06,5.811082e-06,4.7279043e-12,3.4224337e-09,2.1463701e-13,8.716432e-06
1402,114_01146,114,1146,0,N,0,N,0,N,0.9999893,0.9999893,3.9784123e-08,1.4552185e-06,8.235746e-06,9.104672e-13,3.3281586e-09,4.6192427e-14,1.0526765e-06
1403,114_01147,114,1147,0,N,0,N,0,N,0.99999547,0.99999547,2.8040798e-08,2.5986049e-07,3.4525656e-06,2.6705e-13,7.990846e-10,1.3979682e-14,8.344364e-07
1404,114_01148,114,1148,0,N,0,N,0,N,0.9999943,0.9999943,1.2741391e-07,5.35954e-07,2.6317834e-06,2.0177404e-12,3.7896033e-09,1.0999739e-13,2.493524e-06
1405,114_01149,114,1149,0,N,0,N,0,N,0.9999804,0.9999804,2.8800665e-07,6.897663e-07,1.0867667e-05,5.4169776e-12,1.0791904e-08,6.315787e-13,7.727783e-06
1406,114_01150,114,1150,0,N,0,N,0,N,0.99999106,0.99999106,7.211029e-07,2.3843133e-06,2.3915234e-06,3.0417852e-11,5.9286607e-09,1.4925674e-12,3.4592213e-06
1407,114_01151,114,1151,0,N,0,N,0,N,0.99996847,0.99996847,4.1252312e-07,1.2535261e-06,2.419649e-05,2.3297066e-11,1.8078099e-08,1.8058039e-12,5.6922518e-06
1408,114_01152,114,1152,0,N,0,N,0,N,0.9999883,0.9999883,1.07376664e-07,6.055831e-07,6.988393e-06,7.181202e-13,2.3160072e-09,5.4281442e-14,3.955856e-06
1409,114_01153,114,1153,0,N,0,N,0,N,0.99998015,0.99998015,9.154519e-08,2.271452e-06,1.4654685e-05,5.6482132e-12,9.176069e-09,3.0198112e-13,2.8306258e-06
1410,114_01154,114,1154,0,N,0,N,0,N,0.99999404,0.99999404,1.1243881e-07,1.0814749e-06,8.210614e-07,1.3634781e-12,7.638707e-10,1.1539107e-13,3.985483e-06
1411,114_01155,114,1155,0,N,0,N,0,N,0.99951994,0.99951994,8.1238495e-06,2.2709513e-07,0.0004683889,1.3965382e-11,4.9049365e-09,5.875096e-14,3.3609394e-06
1412,114_01156,114,1156,0,N,0,N,0,N,0.99998593,0.99998593,3.5399767e-06,1.0963889e-06,7.906865e-07,1.0580634e-10,1.704144e-08,5.2121094e-12,8.627395e-06
1413,114_01157,114,1157,0,N,0,N,0,N,0.9995974,0.9995974,1.1192081e-05,1.9693789e-05,0.00036283012,3.5190732e-11,4.3089914e-09,7.902382e-13,8.978872e-06
1414,114_01158,114,1158,0,N,0,N,0,N,0.9998986,0.9998986,1.1536321e-06,8.764134e-05,9.381069e-06,7.885672e-12,1.1016619e-09,1.5674173e-13,3.2294083e-06
1415,114_01159,114,1159,0,N,0,N,0,N,0.99984556,0.99984556,8.547724e-06,1.7344644e-05,5.013039e-06,1.0946673e-11,1.9642887e-09,4.582141e-13,0.00012353146
1416,114_01160,114,1160,0,N,0,N,0,N,0.9999516,0.9999516,1.2189851e-07,2.6431217e-05,2.1040712e-05,5.3829543e-13,1.3489317e-09,2.309467e-14,7.9238947e-07
1417,114_01161,114,1161,0,N,0,N,0,N,0.9999195,0.9999195,4.8860034e-06,6.750164e-05,5.659779e-07,6.2074105e-12,4.1331938e-10,6.888014e-14,7.625968e-06
1418,114_01162,114,1162,0,N,0,N,0,N,0.99994516,0.99994516,1.379882e-06,1.01949745e-05,3.8805538e-05,2.8377968e-12,4.27706e-09,7.799704e-14,4.353595e-06
1419,114_01163,114,1163,0,N,0,N,0,N,0.9999238,0.9999238,4.84771e-06,5.1539744e-05,9.036862e-06,6.3930375e-11,8.818339e-09,8.807512e-13,1.0657534e-05
1420,114_01164,114,1164,0,N,0,N,0,N,0.9999576,0.9999576,5.1647913e-07,1.4165482e-06,1.1211427e-05,7.347927e-12,5.7389653e-09,1.2105785e-12,2.9301542e-05
1421,114_01165,114,1165,0,N,0,N,0,N,0.99990934,0.99990934,2.3982653e-05,2.1150956e-05,3.12186e-05,6.37229e-10,6.461384e-08,2.704554e-11,1.4240833e-05
1422,114_01166,114,1166,0,N,0,N,0,N,0.99996334,0.99996334,1.9311878e-07,3.152435e-05,2.8520903e-06,3.7691502e-13,8.1978707e-10,2.0400545e-14,2.1388078e-06
1423,114_01167,114,1167,0,N,0,N,0,N,0.99786377,0.99786377,0.00038558323,0.0016974452,8.546237e-06,1.9111758e-10,1.2497638e-09,8.854975e-13,4.462952e-05
1424,114_01168,114,1168,0,N,0,N,0,N,0.9973173,0.9973173,0.00176761,0.0008133988,5.94543e-05,1.3162144e-09,1.766138e-08,1.8368893e-11,4.2180647e-05
1425,114_01169,114,1169,0,N,0,N,0,N,0.9988139,0.9988139,0.00020562185,0.000819139,6.515317e-05,2.3121216e-10,8.818688e-09,2.1889326e-12,9.610557e-05
1426,114_01170,114,1170,0,N,0,N,0,N,0.9995817,0.9995817,4.1914827e-05,0.00026988704,6.332144e-05,5.1998194e-11,1.2824988e-09,2.5135257e-13,4.311859e-05
1427,114_01171,114,1171,0,N,0,N,0,N,0.999444,0.999444,9.1436064e-05,0.00015320897,0.00012965764,7.587514e-10,3.0186374e-08,1.2912249e-11,0.00018171716
1428,114_01172,114,1172,0,N,0,N,0,N,0.99971443,0.99971443,0.000111889894,0.00010058751,2.4238283e-05,5.375369e-09,2.5651119e-07,8.6972964e-11,4.8542974e-05
1429,114_01173,114,1173,0,N,0,N,0,N,0.99788314,0.99788314,0.0010860296,3.327766e-05,0.00026420812,1.250857e-08,4.561005e-07,2.9643651e-10,0.0007329208
1430,114_01174,114,1174,0,N,0,N,0,N,0.99891293,0.99891293,0.00012499337,0.00011807654,9.880927e-05,2.9523635e-09,7.3176795e-07,3.8312215e-10,0.00074441114
1431,114_01175,114,1175,0,N,0,N,0,N,0.9989783,0.9989783,0.0001219681,0.00038387734,0.00017467042,3.0466005e-09,2.3359165e-07,1.7528748e-10,0.00034089122
1432,114_01176,114,1176,0,N,0,N,0,N,0.9921348,0.9921348,0.0064912355,0.000101911566,0.0007183451,3.760837e-09,2.0266401e-07,1.5679876e-11,0.0005534607
1433,114_01177,114,1177,0,N,0,N,0,N,0.9853889,0.9853889,0.010315507,5.8135945e-05,0.0014371437,2.1442055e-07,2.2171628e-06,1.0101967e-08,0.0027978148
1434,114_01178,114,1178,0,N,0,N,0,N,0.99719536,0.99719536,0.00014844739,1.2577887e-05,0.0019492788,2.7241956e-08,1.1506877e-06,5.28452e-09,0.0006932659
1435,114_01179,114,1179,0,N,0,N,0,N,0.9984677,0.9984677,1.8963194e-05,2.3170265e-05,0.0014469358,3.371578e-09,9.25333e-07,2.541138e-10,4.2342377e-05
1436,114_01180,114,1180,0,N,0,N,0,N,0.99995834,0.99995834,3.6714172e-07,9.4940815e-06,2.1515598e-05,2.5144564e-11,2.5506445e-08,3.5483858e-12,1.0323986e-05
1437,114_01181,114,1181,0,N,0,N,0,N,0.9998403,0.9998403,3.2780183e-06,7.4253076e-05,7.093662e-05,2.5802988e-11,7.971846e-09,5.117154e-13,1.1157412e-05
1438,114_01182,114,1182,0,N,0,N,0,N,0.9999638,0.9999638,3.3698666e-06,1.2674398e-05,4.5984775e-06,3.1383088e-12,3.285495e-09,1.1185968e-13,1.5653062e-05
1439,114_01183,114,1183,0,N,0,N,0,N,0.9998764,0.9998764,1.5453294e-06,2.1166381e-05,3.415255e-05,1.8980801e-11,1.8345203e-08,5.269954e-12,6.674576e-05
1440,114_01184,114,1184,0,N,0,N,0,N,0.9999607,0.9999607,3.501953e-07,3.4413464e-05,1.4909134e-06,1.3844e-11,2.405221e-09,4.784565e-13,3.0213102e-06
1441,114_01185,114,1185,0,N,0,N,0,N,0.9999366,0.9999366,9.710423e-07,6.7569813e-06,2.8649098e-05,6.8943705e-12,4.655576e-09,3.2704747e-13,2.703785e-05
1442,114_01186,114,1186,0,N,0,N,0,N,0.9999541,0.9999541,1.9819379e-06,1.7168715e-05,8.626463e-06,1.745337e-11,1.837023e-08,9.918768e-13,1.8059325e-05
1443,114_01187,114,1187,0,N,0,N,0,N,0.9997749,0.9997749,3.9207265e-05,0.00010802084,1.5725791e-05,1.14313045e-10,2.392774e-08,2.4863026e-12,6.222312e-05
1444,114_01188,114,1188,0,N,0,N,0,N,0.99984115,0.99984115,2.7159958e-05,5.1797317e-05,2.7823799e-05,1.6249974e-10,3.4628215e-08,5.308446e-12,5.2139334e-05
1445,114_01189,114,1189,0,N,0,N,0,N,0.99993646,0.99993646,1.503712e-05,1.3406448e-05,6.4547785e-06,3.971261e-10,2.4821128e-08,3.1549447e-11,2.867826e-05
1446,114_01190,114,1190,0,N,0,N,0,N,0.9998635,0.9998635,2.7431368e-05,3.2854616e-06,5.464012e-05,7.0086226e-10,6.415687e-08,2.8990569e-11,5.1012e-05
1447,114_01191,114,1191,0,N,0,N,0,N,0.99999213,0.99999213,5.41136e-07,3.2961946e-06,2.4801618e-06,3.414715e-11,1.1495005e-08,2.6127538e-12,1.5343765e-06
1448,114_01192,114,1192,0,N,0,N,0,N,0.99993634,0.99993634,5.0555627e-06,8.117753e-06,3.7095793e-05,4.1964536e-11,1.699645e-08,1.1658881e-12,1.33363865e-05
1449,114_01193,114,1193,0,N,0,N,0,N,0.99997395,0.99997395,1.7012089e-06,1.2252227e-06,8.497046e-06,5.5845186e-11,4.1670898e-08,5.4984914e-12,1.45558e-05
1450,114_01194,114,1194,0,N,0,N,0,N,0.99989456,0.99989456,9.400599e-06,1.4553756e-05,1.8133338e-05,3.0242722e-10,5.950238e-08,2.0669416e-11,6.3396976e-05
1451,114_01195,114,1195,0,N,0,N,0,N,0.99984676,0.99984676,1.7291022e-05,4.880044e-05,2.379732e-05,2.118547e-10,2.7422809e-08,1.1429352e-11,6.3454914e-05
1452,114_01196,114,1196,0,N,0,N,0,N,0.999726,0.999726,1.3542341e-05,2.2511836e-06,9.4356445e-05,5.2062268e-11,3.2812338e-08,6.818229e-12,0.00016384991
1453,114_01197,114,1197,0,N,0,N,0,N,0.9998876,0.9998876,3.94649e-06,1.7362156e-05,1.3025361e-05,3.1378514e-10,9.090687e-08,8.630367e-11,7.798696e-05
1454,114_01198,114,1198,0,N,0,N,0,N,0.99985117,0.99985117,2.7479246e-06,7.186563e-05,3.5763707e-05,1.07512395e-10,2.0987626e-08,1.42786494e-11,3.851675e-05
1455,114_01199,114,1199,0,N,0,N,0,N,0.99990016,0.99990016,1.8698913e-06,2.8630082e-05,3.4507902e-05,3.399034e-11,2.4802198e-08,3.9762213e-12,3.4815883e-05
1456,114_01200,114,1200,0,N,0,N,0,N,0.9998027,0.9998027,8.146684e-05,3.9852202e-05,2.4943416e-05,1.4094573e-09,6.767148e-08,2.364725e-11,5.0894563e-05
1457,114_01201,114,1201,0,N,0,N,0,N,0.9998545,0.9998545,2.5161027e-05,2.2496026e-05,1.9285631e-05,4.425735e-10,6.1828096e-08,2.5349393e-11,7.842836e-05
1458,114_01202,114,1202,0,N,0,N,0,N,0.9997774,0.9997774,1.5824991e-05,8.60595e-06,0.00017546571,4.316873e-10,1.264866e-07,2.1445231e-11,2.2612201e-05
1459,114_01203,114,1203,0,N,0,N,0,N,0.99998856,0.99998856,3.3424797e-07,1.2376816e-07,5.4098628e-06,1.9512022e-11,7.1496618e-09,2.3137258e-12,5.5621736e-06
1460,114_01204,114,1204,0,N,0,N,0,N,0.9994747,0.9994747,5.7384464e-06,1.27506e-06,0.0005021638,4.0954068e-10,2.6252468e-07,1.7743022e-11,1.5897514e-05
1461,114_01205,114,1205,0,N,0,N,0,N,0.99996096,0.99996096,2.8331426e-06,1.0230682e-06,3.0681043e-05,3.863923e-09,1.7991495e-07,1.0322431e-10,4.3984264e-06
1462,114_01206,114,1206,0,N,0,N,0,N,0.98411345,0.98411345,0.0002049297,6.7801676e-07,0.015616553,4.8293987e-08,2.7639467e-06,1.2448089e-09,6.1585706e-05
1463,114_01207,114,1207,0,N,0,N,0,N,0.9986079,0.9986079,2.2747789e-05,2.5492366e-06,0.0012951309,4.5141783e-06,4.802663e-05,2.5720004e-08,1.908337e-05
1464,114_01208,114,1208,0,N,0,N,0,N,0.9909633,0.9909633,4.154215e-05,3.1043072e-08,0.008978257,1.049061e-06,1.9113395e-06,2.3744098e-08,1.3947532e-05
1465,114_01209,114,1209,0,N,0,N,0,N,0.9970962,0.9970962,1.27598105e-05,1.8393341e-07,0.002874097,6.4775503e-07,6.7649453e-06,6.2278005e-09,9.404655e-06
1466,114_01210,114,1210,0,N,0,N,0,N,0.9924381,0.9924381,4.6987814e-05,1.97013e-07,0.0075007086,1.2857819e-06,3.2177752e-06,7.2399207e-09,9.679567e-06
1467,114_01211,114,1211,0,N,0,N,0,N,0.9987899,0.9987899,8.906693e-06,1.7315512e-07,0.0011946262,2.0452626e-07,1.420421e-06,1.6104328e-09,4.6393698e-06
1468,114_01212,114,1212,0,N,0,N,0,N,0.9999818,0.9999818,1.7560211e-07,7.0590244e-07,1.711007e-05,4.154302e-10,5.6207863e-08,2.6249109e-11,1.9941524e-07
1469,114_01213,114,1213,0,N,0,N,0,N,0.9999919,0.9999919,8.4328935e-09,6.1376824e-07,7.447707e-06,6.4304616e-13,1.5273134e-09,1.801094e-14,5.4453835e-08
1470,114_01214,114,1214,0,N,0,N,0,N,0.9999931,0.9999931,8.935631e-08,9.398639e-08,1.9034131e-06,9.98868e-13,2.814821e-09,2.6664257e-14,4.84689e-06
1471,114_01215,114,1215,0,N,0,N,0,N,0.9999798,0.9999798,8.396079e-07,1.8180528e-07,1.2895835e-05,4.1966539e-10,1.2246603e-07,3.3990775e-11,6.26294e-06
1472,114_01216,114,1216,0,N,0,N,0,N,0.9999391,0.9999391,1.2230402e-06,1.5303661e-07,5.5807042e-05,2.3219471e-10,3.063898e-08,8.231647e-12,3.5998023e-06
1473,114_01217,114,1217,0,N,0,N,0,N,0.9999937,0.9999937,1.6344089e-07,9.2299155e-07,2.4885364e-06,3.2884782e-12,6.572843e-09,1.6424005e-13,2.8001762e-06
1474,114_01218,114,1218,0,N,0,N,0,N,0.9999828,0.9999828,2.6550728e-07,9.156858e-06,7.0698343e-06,6.635614e-13,7.0501255e-10,9.97777e-15,7.9196167e-07
1475,114_01219,114,1219,0,N,0,N,0,N,0.9999856,0.9999856,8.0611807e-07,1.0074109e-05,3.745735e-07,1.3297269e-12,3.8894743e-10,2.0567437e-14,3.161813e-06
1476,114_01220,114,1220,0,N,0,N,0,N,0.9999657,0.9999657,1.1325595e-06,1.8163515e-05,6.485536e-06,3.6672635e-12,4.1032786e-09,1.7201195e-13,8.450155e-06
1477,114_01221,114,1221,0,N,0,N,0,N,0.99989766,0.99989766,1.1601443e-05,6.7738576e-05,6.5396985e-06,4.6653903e-11,2.4853373e-08,1.280863e-12,1.6376454e-05
1478,114_01222,114,1222,0,N,0,N,0,N,0.9995092,0.9995092,7.859555e-05,0.000331842,3.0916726e-05,2.274157e-10,3.2686426e-08,2.4798835e-12,4.9388254e-05
1479,114_01223,114,1223,0,N,0,N,0,N,0.99968576,0.99968576,0.0001002896,0.00012315238,3.6618578e-05,2.2052045e-10,1.1023231e-08,1.0795783e-12,5.4088152e-05
1480,114_01224,114,1224,0,N,0,N,0,N,0.99960965,0.99960965,8.402774e-05,9.860712e-06,0.00013475175,4.2034062e-10,2.78968e-08,5.3479035e-12,0.00016170349
1481,114_01225,114,1225,0,N,0,N,0,N,0.999983,0.999983,9.79178e-07,3.4935865e-06,9.090116e-06,9.287102e-11,3.095819e-08,4.9396086e-12,3.4886023e-06
1482,114_01226,114,1226,0,N,0,N,0,N,0.9999725,0.9999725,2.9104825e-07,6.2586753e-07,1.742117e-05,9.232954e-12,7.665504e-09,9.541928e-13,9.1045e-06
1483,114_01227,114,1227,0,N,0,N,0,N,0.99998605,0.99998605,1.6207328e-07,7.0142505e-06,3.1207614e-06,2.7432277e-12,8.732869e-09,1.9098351e-13,3.6601236e-06
1484,114_01228,114,1228,0,N,0,N,0,N,0.9999824,0.9999824,8.292144e-07,1.0937957e-05,4.0393056e-06,6.9954876e-13,5.6844157e-10,5.210095e-15,1.7733097e-06
1485,114_01229,114,1229,0,N,0,N,0,N,0.999992,0.999992,8.375336e-08,7.0929623e-06,2.7931344e-07,7.7972276e-14,1.0208191e-10,1.2767815e-15,5.4676696e-07
1486,114_01230,114,1230,0,N,0,N,0,N,0.9999989,0.9999989,1.7645471e-09,4.7806674e-07,4.457168e-07,8.388101e-16,1.4856325e-11,3.8977184e-17,1.5379518e-07
1487,114_01231,114,1231,0,N,0,N,0,N,0.9999989,0.9999989,1.4886692e-09,4.5677433e-07,3.470174e-07,1.0158823e-15,1.4657164e-11,8.643476e-17,2.7975014e-07
1488,114_01232,114,1232,0,N,0,N,0,N,0.99999344,0.99999344,1.3185265e-08,3.4062357e-06,5.324257e-07,4.90652e-13,5.6095684e-10,4.1237972e-14,2.6733915e-06
1489,114_01233,114,1233,0,N,0,N,0,N,0.9999387,0.9999387,2.6667175e-07,6.963196e-07,4.558526e-05,4.5091438e-11,1.7433468e-08,3.1831176e-12,1.4798818e-05
1490,114_01234,114,1234,0,N,0,N,0,N,0.9998691,0.9998691,2.3226598e-06,2.687133e-07,0.000113192,8.02556e-10,1.8450703e-07,2.28693e-11,1.4926526e-05
1491,114_01235,114,1235,0,N,0,N,0,N,0.999944,0.999944,2.087549e-06,6.922473e-07,4.688422e-05,2.4280982e-09,4.7192395e-07,2.0730857e-10,5.8984397e-06
1492,114_01236,114,1236,0,N,0,N,0,N,0.99894124,0.99894124,9.268112e-06,3.1908624e-07,0.0010441976,5.3188516e-09,3.0075054e-07,8.338341e-11,4.683709e-06
1493,114_01237,114,1237,0,N,0,N,0,N,0.99996334,0.99996334,2.0743169e-06,6.540225e-07,2.1461685e-05,7.977477e-10,2.420966e-07,5.7111257e-11,1.2318088e-05
1494,114_01238,114,1238,0,N,0,N,0,N,0.99942714,0.99942714,3.8020316e-05,4.87369e-05,0.00048199634,1.2416404e-08,1.2559592e-06,2.9257002e-10,2.792527e-06
1495,114_01239,114,1239,0,N,0,N,0,N,0.999844,0.999844,5.654478e-06,1.846059e-07,0.00010928014,6.402638e-09,1.2456134e-07,3.093721e-10,4.0810282e-05
1496,114_01240,114,1240,0,N,0,N,0,N,0.99981534,0.99981534,3.0500914e-06,1.9184693e-06,0.00016361845,1.024103e-08,1.0975743e-06,1.0801566e-09,1.4861069e-05
1497,114_01241,114,1241,0,N,0,N,0,N,0.99989176,0.99989176,9.037442e-06,1.5275153e-06,9.058424e-05,2.80941e-08,6.6563194e-07,2.023105e-09,6.414291e-06
1498,114_01242,114,1242,0,N,0,N,0,N,0.9908056,0.9908056,0.0007362877,9.394338e-07,0.008079766,4.106622e-06,3.362858e-05,1.08980956e-07,0.0003395976
1499,114_01243,114,1243,0,N,0,N,0,N,0.98696315,0.98696315,4.69494e-05,5.574788e-07,0.012478281,0.00022811424,0.00015012191,1.4777095e-06,0.00013142795
1500,114_01244,114,1244,0,N,0,N,0,N,0.99455684,0.99455684,4.641193e-05,2.0477813e-07,0.005226302,0.00012370083,3.605613e-05,2.4525932e-06,7.9746815e-06
1501,114_01245,114,1245,0,N,0,N,0,N,0.9844126,0.9844126,0.00021753465,8.76662e-06,0.014899944,0.00020729685,0.00021415637,1.4082297e-06,3.8307313e-05
1502,114_01246,114,1246,0,N,0,N,0,N,0.9911567,0.9911567,0.00017193827,9.015077e-07,0.008398423,0.00019253472,4.913305e-05,4.359783e-06,2.5987058e-05
1503,114_01247,114,1247,0,N,0,N,0,N,0.9928076,0.9928076,0.00039153075,1.856149e-05,0.0066631064,1.8497414e-05,3.8190818e-05,5.0800816e-07,6.193249e-05
1504,114_01248,114,1248,0,N,0,N,0,N,0.9995645,0.9995645,8.56402e-06,8.0424707e-07,0.00041693664,4.7699643e-08,1.8663816e-06,7.564748e-09,7.267337e-06
1505,114_01249,114,1249,0,N,0,N,0,N,0.99951816,0.99951816,1.424451e-05,1.4924196e-06,0.0004550397,4.4293995e-09,5.3888647e-07,1.8050372e-10,1.05993495e-05
1506,114_01250,114,1250,0,N,0,N,0,N,0.999647,0.999647,7.9548945e-06,5.4249756e-07,0.00028420534,5.558653e-09,7.4975907e-07,7.069405e-11,5.9528033e-05
1507,114_01251,114,1251,0,N,0,N,0,N,0.999896,0.999896,4.6858254e-06,4.1092815e-07,9.4981675e-05,8.4754905e-09,3.792582e-07,1.9420378e-10,3.6429087e-06
1508,114_01252,114,1252,0,N,0,N,0,N,0.99974644,0.99974644,3.9049855e-06,3.863094e-07,0.00024543863,2.5083895e-09,6.660219e-08,8.272985e-11,3.8923404e-06
1509,114_01253,114,1253,0,N,0,N,0,N,0.99993265,0.99993265,1.4512362e-06,7.958073e-07,5.7177578e-05,1.5120525e-09,3.027382e-07,1.06474426e-10,7.556165e-06
1510,114_01254,114,1254,0,N,0,N,0,N,0.99958694,0.99958694,1.3909589e-05,6.3676184e-06,0.00037046635,1.9120222e-08,4.8529723e-06,9.2388086e-10,1.7515402e-05
1511,114_01255,114,1255,0,N,0,N,0,N,0.9997365,0.9997365,1.4375206e-05,5.28463e-07,0.00023586424,3.469109e-08,5.938547e-07,2.1500035e-09,1.206595e-05
1512,114_01256,114,1256,0,N,0,N,0,N,0.998269,0.998269,2.5529873e-05,6.679281e-07,0.0016933824,4.4815998e-08,1.5915517e-06,1.2881423e-09,9.866157e-06
1513,114_01257,114,1257,0,N,0,N,0,N,0.9988207,0.9988207,6.3287866e-06,1.7153572e-07,0.0011615625,1.759499e-07,4.377656e-06,1.3309899e-09,6.7104443e-06
1514,114_01258,114,1258,0,N,0,N,0,N,0.9994421,0.9994421,3.7882207e-06,2.2366163e-07,0.00054889737,1.4072289e-07,2.2535705e-06,1.0229083e-09,2.639049e-06
1515,114_01259,114,1259,0,N,0,N,0,N,0.9998268,0.9998268,4.5883087e-07,2.2765346e-07,0.00017185604,4.5559556e-09,1.6525412e-07,1.01252805e-10,5.4941114e-07
1516,114_01260,114,1260,0,N,0,N,0,N,0.9996958,0.9996958,1.1550558e-06,8.212413e-08,0.00030159994,9.930398e-10,1.040285e-07,1.4447223e-11,1.2635445e-06
1517,114_01261,114,1261,0,N,0,N,0,N,0.99997085,0.99997085,5.9978015e-07,2.9786906e-07,2.7258355e-05,6.894538e-09,3.5956054e-07,9.699676e-11,7.213221e-07
1518,114_01262,114,1262,0,N,0,N,0,N,0.999691,0.999691,9.82105e-07,6.4087874e-07,0.00030553076,2.3409135e-09,3.629764e-07,5.8531124e-11,1.5632644e-06
1519,114_01263,114,1263,0,N,0,N,0,N,0.9998533,0.9998533,8.6277925e-07,4.42296e-07,0.00014158807,8.987516e-09,5.446958e-07,9.2576204e-11,3.2546297e-06
1520,114_01264,114,1264,0,N,0,N,0,N,0.9994324,0.9994324,7.87652e-06,3.0597416e-08,0.00055332715,1.7265116e-08,5.989612e-07,5.3518384e-10,5.7733228e-06
1521,114_01265,114,1265,0,N,0,N,0,N,0.99970615,0.99970615,9.084154e-07,1.6606276e-07,0.0002854037,1.34298235e-08,1.2373941e-06,9.574546e-10,6.112791e-06
1522,114_01266,114,1266,0,N,0,N,0,N,0.99956274,0.99956274,6.390088e-06,6.849215e-07,0.00042769196,4.285172e-09,7.6070165e-08,9.517202e-11,2.507693e-06
1523,114_01267,114,1267,0,N,0,N,0,N,0.99979085,0.99979085,1.0592635e-06,6.025888e-08,0.00020525117,1.3603383e-09,6.557391e-08,3.2858567e-11,2.7645835e-06
1524,114_01268,114,1268,0,N,0,N,0,N,0.99955004,0.99955004,1.9745503e-06,8.7126347e-07,0.00044486084,9.054429e-09,1.3239435e-06,1.2911755e-10,8.5343936e-07
1525,114_01269,114,1269,0,N,0,N,0,N,0.999817,0.999817,1.588758e-06,6.951206e-08,0.00017910734,3.161301e-08,4.9669336e-07,3.8706074e-10,1.7508834e-06
1526,114_01270,114,1270,0,N,0,N,0,N,0.99992067,0.99992067,1.8140771e-06,9.175051e-07,6.6623434e-05,2.248593e-09,4.74302e-07,5.295292e-10,9.521924e-06
1527,114_01271,114,1271,0,N,0,N,0,N,0.99901414,0.99901414,5.456284e-07,2.1452756e-06,0.0009804199,1.8059596e-09,1.2374164e-06,3.1572775e-10,1.4392676e-06
1528,114_01272,114,1272,0,N,0,N,0,N,0.99971217,0.99971217,2.3667324e-06,1.2702981e-07,0.0002448614,6.080138e-07,1.0266934e-06,3.1240521e-09,3.8849477e-05
1529,114_01273,114,1273,0,N,0,N,0,N,0.9725731,0.9725731,4.9320046e-05,3.550489e-07,0.027285825,2.6506688e-05,2.3123932e-05,6.6634016e-08,4.155787e-05
1530,114_01274,114,1274,0,N,0,N,0,N,0.9945573,0.9945573,2.1720754e-05,7.627869e-07,0.005296124,3.2618595e-05,8.017568e-05,3.5154332e-07,1.0900238e-05
1531,114_01275,114,1275,0,N,0,N,0,N,0.99813026,0.99813026,4.2212898e-05,1.3510252e-06,0.0018157758,9.009531e-07,5.3532317e-06,1.3537889e-08,4.1166686e-06
1532,114_01276,114,1276,0,N,0,N,0,N,0.99765325,0.99765325,2.81583e-05,2.1579197e-07,0.0022590966,5.7803444e-08,1.7166437e-06,6.3648403e-10,5.760125e-05
1533,114_01277,114,1277,0,N,0,N,0,N,0.9995323,0.9995323,6.5767294e-06,1.9283331e-07,0.00045460305,7.129073e-08,2.3018363e-06,9.809769e-10,3.7961609e-06
1534,114_01278,114,1278,0,N,0,N,0,N,0.99881595,0.99881595,2.1984597e-05,5.0262443e-08,0.0011569624,2.5762485e-08,3.1493732e-07,1.6052207e-10,4.794092e-06
1535,114_01279,114,1279,0,N,0,N,0,N,0.99989635,0.99989635,1.9323415e-06,1.8303307e-07,9.821597e-05,6.5063115e-09,2.0806847e-07,1.1143025e-10,3.1475302e-06
1536,114_01280,114,1280,0,N,0,N,0,N,0.999898,0.999898,1.2751354e-06,3.2005565e-07,9.9505596e-05,4.0591128e-10,4.913715e-08,9.385563e-12,9.090994e-07
1537,114_01281,114,1281,0,N,0,N,0,N,0.9999741,0.9999741,4.7122128e-07,3.3042443e-07,2.2890275e-05,1.4803268e-10,5.834612e-08,1.0934119e-11,2.2914223e-06
1538,114_01282,114,1282,0,N,0,N,0,N,0.9999196,0.9999196,2.2887018e-07,3.6276558e-07,7.805024e-05,1.5892603e-10,7.2533666e-08,7.42859e-12,1.692619e-06
1539,114_01283,114,1283,0,N,0,N,0,N,0.9999847,0.9999847,2.7911676e-07,6.6673135e-07,1.2520214e-05,5.2476367e-11,4.841425e-08,3.2362312e-12,1.804692e-06
1540,114_01284,114,1284,0,N,0,N,0,N,0.99995893,0.99995893,9.294025e-06,1.1541568e-05,1.7878589e-05,2.3908546e-09,1.4408809e-07,8.0636574e-11,2.2420293e-06
1541,114_01285,114,1285,0,N,0,N,0,N,0.999812,0.999812,0.000102793056,7.0913165e-07,3.4446963e-05,5.524466e-09,1.351874e-07,2.3412314e-10,4.9780483e-05
1542,114_01286,114,1286,0,N,0,N,0,N,0.9981422,0.9981422,0.0002782529,4.3939745e-06,0.0014635405,1.1012033e-07,6.611806e-06,4.8302264e-09,0.00010492631
1543,114_01287,114,1287,0,N,0,N,0,N,0.9999575,0.9999575,1.6736666e-06,2.373422e-07,3.3617584e-05,1.9734128e-09,1.1979496e-07,1.3668303e-10,6.9685657e-06
1544,114_01288,114,1288,0,N,0,N,0,N,0.99970317,0.99970317,7.1407203e-07,9.73107e-07,0.00029366603,3.0558542e-10,1.7397335e-07,1.6581046e-11,1.3328591e-06
1545,114_01289,114,1289,0,N,0,N,0,N,0.9999945,0.9999945,4.322176e-07,3.2919974e-07,2.9323937e-06,1.8310783e-10,4.619528e-08,1.064834e-11,1.772523e-06
1546,114_01290,114,1290,0,N,0,N,0,N,0.99989873,0.99989873,1.2070894e-06,4.5116948e-07,9.31593e-05,1.722305e-10,4.2973223e-08,1.151867e-11,6.479105e-06
1547,114_01291,114,1291,0,N,0,N,0,N,0.99998915,0.99998915,1.4865367e-07,1.6180716e-06,8.374682e-06,1.6952769e-11,1.700753e-08,8.004008e-13,7.3278136e-07
1548,114_01292,114,1292,0,N,0,N,0,N,0.99997836,0.99997836,2.514445e-07,1.460157e-06,1.6269923e-05,4.6207742e-12,1.2567464e-08,2.9922505e-13,3.7491548e-06
1549,114_01293,114,1293,0,N,0,N,0,N,0.99998266,0.99998266,1.4929893e-06,5.3624403e-06,2.096602e-06,5.755261e-11,1.17541195e-08,2.9616264e-12,8.362848e-06
1550,114_01294,114,1294,0,N,0,N,0,N,0.99964404,0.99964404,2.5977376e-06,8.056076e-07,0.00033423788,5.3544082e-11,3.7428652e-08,2.9498801e-12,1.8268158e-05
1551,114_01295,114,1295,0,N,0,N,0,N,0.99999654,0.99999654,2.9269668e-07,2.9428227e-07,1.7886175e-06,2.701181e-11,1.3860369e-08,1.6608127e-12,1.0525857e-06
1552,114_01296,114,1296,0,N,0,N,0,N,0.99998397,0.99998397,6.87403e-08,2.7199454e-07,1.4979523e-05,6.831875e-12,4.830803e-09,6.555288e-13,7.632401e-07
1553,114_01297,114,1297,0,N,0,N,0,N,0.9999974,0.9999974,2.4936577e-08,9.141124e-07,1.0306322e-06,6.039038e-13,1.5380329e-09,4.8217872e-14,6.2965967e-07
1554,114_01298,114,1298,0,N,0,N,0,N,0.9999968,0.9999968,8.50793e-09,5.8193547e-07,2.2289917e-06,1.10900994e-13,5.699719e-10,1.2155391e-14,3.8299274e-07
1555,114_01299,114,1299,0,N,0,N,0,N,0.99999523,0.99999523,4.2590084e-08,3.542414e-06,5.987878e-07,7.4432756e-13,8.1547924e-10,3.9649995e-14,6.14391e-07
1556,114_01300,114,1300,0,N,0,N,0,N,0.99999213,0.99999213,2.9857663e-08,2.0409427e-06,4.6971936e-06,1.2044455e-12,3.6164154e-09,1.7177878e-13,1.183373e-06
1557,114_01301,114,1301,0,N,0,N,0,N,0.9999975,0.9999975,1.6770423e-08,1.6660687e-06,4.148363e-07,4.949315e-13,2.073981e-09,6.39944e-14,4.0449152e-07
1558,114_01302,114,1302,0,N,0,N,0,N,0.9999837,0.9999837,1.731164e-07,3.985594e-06,9.545764e-06,6.497606e-12,2.7892073e-08,3.3277398e-13,2.5991903e-06
1559,114_01303,114,1303,0,N,0,N,0,N,0.9999574,0.9999574,1.0264821e-06,1.839565e-05,3.4999564e-06,1.0514989e-10,5.4725373e-08,7.1577375e-12,1.9689107e-05
1560,114_01304,114,1304,0,N,0,N,0,N,0.99960274,0.99960274,6.3715124e-05,3.9610113e-06,9.922437e-05,1.6310874e-09,8.295556e-08,5.295191e-11,0.00023031843
1561,114_01305,114,1305,0,N,0,N,0,N,0.9998704,0.9998704,7.0859614e-06,1.2501966e-06,9.2685135e-05,2.8308749e-09,4.7749546e-07,1.9386796e-10,2.813537e-05
1562,114_01306,114,1306,0,N,0,N,0,N,0.9999656,0.9999656,5.493863e-07,8.8411826e-07,2.6330574e-05,4.5018742e-11,6.910976e-08,4.222081e-12,6.5962863e-06
1563,114_01307,114,1307,0,N,0,N,0,N,0.9999895,0.9999895,2.2727397e-07,4.054892e-06,4.8615248e-06,3.7047553e-11,1.6539824e-08,2.1908653e-12,1.3141679e-06
1564,114_01308,114,1308,0,N,0,N,0,N,0.9999374,0.9999374,3.702193e-07,7.819751e-07,5.0439165e-05,7.354972e-12,1.00391215e-08,7.5944204e-13,1.0962715e-05
1565,114_01309,114,1309,0,N,0,N,0,N,0.9999939,0.9999939,2.1004429e-07,5.6603733e-07,3.2236048e-06,2.2221369e-11,3.6697536e-08,2.7849934e-12,2.1108724e-06
1566,114_01310,114,1310,0,N,0,N,0,N,0.99997157,0.99997157,4.9629426e-07,3.960574e-07,2.5336534e-05,3.9444257e-11,1.5129228e-08,1.4976426e-12,2.2226102e-06
1567,114_01311,114,1311,0,N,0,N,0,N,0.99998975,0.99998975,2.1395486e-07,4.5949818e-07,7.0214583e-06,1.599284e-11,2.2437368e-08,1.0578343e-12,2.5215106e-06
1568,114_01312,114,1312,0,N,0,N,0,N,0.9999949,0.9999949,6.85397e-08,6.407038e-07,3.2814935e-06,3.665769e-12,5.6194955e-09,3.1301668e-13,1.1304732e-06
1569,114_01313,114,1313,0,N,0,N,0,N,0.99999416,0.99999416,1.2120161e-08,7.2452144e-07,4.7804465e-06,7.8929837e-13,2.3273972e-09,8.257804e-14,3.7697419e-07
1570,114_01314,114,1314,0,N,0,N,0,N,0.99999654,0.99999654,6.5901894e-08,5.662192e-07,1.5787762e-06,3.1478058e-12,2.6670723e-09,2.9065544e-13,1.1905278e-06
1571,114_01315,114,1315,0,N,0,N,0,N,0.99999094,0.99999094,1.8488252e-07,1.2633873e-06,4.5892357e-06,9.211242e-12,1.1523748e-08,1.1899647e-12,3.0163922e-06
1572,114_01316,114,1316,0,N,0,N,0,N,0.99997205,0.99997205,4.0460466e-07,1.9797803e-06,2.4365454e-05,1.5844907e-11,3.36202e-08,3.3429815e-13,1.1888366e-06
1573,114_01317,114,1317,0,N,0,N,0,N,0.9999945,0.9999945,8.525069e-08,4.3463234e-07,2.4958802e-06,9.662576e-13,1.7045153e-09,4.76949e-14,2.3913171e-06
1574,114_01318,114,1318,0,N,0,N,0,N,0.9999945,0.9999945,1.2803716e-08,1.0105554e-06,4.224536e-06,6.394492e-14,4.2684833e-10,1.6371116e-15,2.9699905e-07
1575,114_01319,114,1319,0,N,0,N,0,N,0.999998,0.999998,1.4411589e-08,8.9030664e-07,1.9425983e-07,1.4300049e-14,6.185834e-11,4.061977e-16,9.165117e-07
1576,114_01320,114,1320,0,N,0,N,0,N,0.9999937,0.9999937,4.8825967e-08,2.5905658e-07,5.441547e-06,2.005251e-12,5.9863975e-10,6.0199336e-14,5.7173594e-07
1577,114_01321,114,1321,0,N,0,N,0,N,0.9999785,0.9999785,3.3708628e-07,1.06614925e-05,7.820206e-07,4.6415155e-12,4.1006003e-09,3.2270128e-13,9.778396e-06
1578,114_01322,114,1322,0,N,0,N,0,N,0.9998063,0.9998063,6.3848092e-06,6.896134e-05,2.9106177e-05,4.5650575e-12,9.266328e-09,2.262946e-13,8.912089e-05
1579,114_01323,114,1323,0,N,0,N,0,N,0.9983143,0.9983143,0.00025278254,0.001287558,6.7885914e-05,2.6520486e-09,2.6348582e-07,4.9600636e-11,7.721418e-05
1580,114_01324,114,1324,0,N,0,N,0,N,0.99815065,0.99815065,0.0011789202,0.00027102183,6.513997e-05,7.950576e-09,3.1574336e-07,1.1499854e-10,0.00033403724
1581,114_01325,114,1325,0,N,0,N,0,N,0.98487496,0.98487496,0.0133977095,0.00082099997,0.0005988812,1.09765196e-07,1.0520585e-06,4.1030615e-10,0.0003062014
1582,114_01326,114,1326,0,N,0,N,0,N,0.9995368,0.9995368,0.00015308765,1.6641558e-05,5.7114677e-05,9.004996e-10,7.839548e-08,1.7396543e-11,0.00023632299
1583,114_01327,114,1327,0,N,0,N,0,N,0.99927616,0.99927616,1.9798663e-05,0.00061992876,6.529339e-05,1.1746549e-09,2.463123e-07,4.9141937e-11,1.8525816e-05
1584,114_01328,114,1328,0,N,0,N,0,N,0.99996096,0.99996096,2.3751004e-06,1.5322456e-05,1.7564508e-06,3.756383e-12,2.3301359e-09,9.905823e-14,1.958552e-05
1585,114_01329,114,1329,0,N,0,N,0,N,0.9995305,0.9995305,1.7096818e-05,0.00029902114,0.0001225592,1.4837087e-10,4.46544e-08,5.27356e-12,3.0722076e-05
1586,114_01330,114,1330,0,N,0,N,0,N,0.99994195,0.99994195,1.2405972e-05,2.981188e-05,1.382868e-06,7.5657924e-11,1.2048447e-08,2.328231e-12,1.450423e-05
1587,114_01331,114,1331,0,N,0,N,0,N,0.9998294,0.9998294,2.1934366e-05,3.867717e-05,5.1376814e-05,4.8275667e-10,6.239352e-08,1.5241218e-11,5.8503912e-05
1588,114_01332,114,1332,0,N,0,N,0,N,0.9999735,0.9999735,5.777216e-07,4.9370237e-06,1.8209392e-05,1.3738903e-11,1.7587004e-08,4.5332087e-13,2.8834615e-06
1589,114_01333,114,1333,0,N,0,N,0,N,0.99996454,0.99996454,3.0020556e-06,4.1973794e-06,7.7646445e-07,7.684695e-12,4.569664e-09,4.0298846e-13,2.755176e-05
1590,114_01334,114,1334,0,N,0,N,0,N,0.9988212,0.9988212,0.00010639942,0.0008787979,0.000102886945,8.737977e-10,2.6218774e-07,2.9226142e-11,9.0434114e-05
1591,114_01335,114,1335,0,N,0,N,0,N,0.99992883,0.99992883,1.8878463e-05,3.920343e-05,4.1817552e-06,2.5634899e-11,2.0130566e-09,1.7701636e-13,8.930517e-06
1592,114_01336,114,1336,0,N,0,N,0,N,0.99989235,0.99989235,4.7312146e-06,4.7685494e-06,5.370106e-05,2.6815683e-11,6.3577983e-09,9.244967e-13,4.4393524e-05
1593,114_01337,114,1337,0,N,0,N,0,N,0.9999793,0.9999793,1.6882753e-06,1.2189108e-05,2.8850352e-06,1.2342993e-10,2.5526935e-08,8.909265e-12,3.9433344e-06
1594,114_01338,114,1338,0,N,0,N,0,N,0.9999588,0.9999588,2.8590491e-06,4.352168e-06,9.1737875e-06,3.6660865e-11,1.6859254e-08,2.357675e-12,2.4855122e-05
1595,114_01339,114,1339,0,N,0,N,0,N,0.9999694,0.9999694,5.514266e-07,1.0462836e-05,1.3232939e-05,1.2181443e-11,2.6938263e-08,1.0196079e-12,6.3911634e-06
1596,114_01340,114,1340,0,N,0,N,0,N,0.99999034,0.99999034,1.5831908e-07,7.4164036e-06,1.2481343e-06,1.2360811e-12,1.5301628e-09,1.9800215e-14,8.185011e-07
1597,114_01341,114,1341,0,N,0,N,0,N,0.9999748,0.9999748,7.093459e-07,4.7410585e-06,8.72203e-06,1.959947e-12,2.415742e-09,6.919235e-14,1.10338415e-05
1598,114_01342,114,1342,0,N,0,N,0,N,0.9999281,0.9999281,2.2409083e-06,5.602854e-05,4.751746e-06,1.4120904e-10,5.616434e-08,6.4456253e-12,8.810606e-06
1599,114_01343,114,1343,0,N,0,N,0,N,0.99988437,0.99988437,2.9358776e-05,2.357744e-05,9.056996e-06,2.8413696e-10,1.9298028e-08,7.2264594e-12,5.3714153e-05
1600,114_01344,114,1344,0,N,0,N,0,N,0.99992824,0.99992824,1.5093194e-06,8.680863e-06,4.6868547e-05,3.031528e-11,3.8378637e-08,1.6068564e-12,1.46199345e-05
1601,114_01345,114,1345,0,N,0,N,0,N,0.99999607,0.99999607,3.6168522e-08,2.1384699e-06,1.3215501e-06,1.7464574e-13,1.035275e-09,2.7492013e-15,4.856285e-07
1602,114_01346,114,1346,0,N,0,N,0,N,0.99999547,0.99999547,1.842402e-07,2.7895808e-06,4.2546554e-07,4.8818737e-14,7.906276e-11,4.1480273e-16,1.0585541e-06
1603,114_01347,114,1347,0,N,0,N,0,N,0.99998206,0.99998206,1.0227463e-06,8.7180015e-06,4.3842133e-06,6.186767e-13,1.9147117e-09,1.6586721e-14,3.848179e-06
1604,114_01348,114,1348,0,N,0,N,0,N,0.9999786,0.9999786,1.843619e-07,1.956964e-05,3.0318492e-07,2.2689854e-13,1.4964868e-10,5.052167e-15,1.3434421e-06
1605,114_01349,114,1349,0,N,0,N,0,N,0.9999858,0.9999858,2.0100825e-07,7.994939e-06,2.260914e-06,7.222031e-14,5.6892914e-11,1.3233113e-15,3.696785e-06
1606,114_01350,114,1350,0,N,0,N,0,N,0.9999913,0.9999913,9.22915e-08,3.4006425e-06,3.93479e-06,1.0080392e-13,1.3452135e-09,5.450587e-15,1.2780279e-06
1607,114_01351,114,1351,0,N,0,N,0,N,0.99535054,0.99535054,2.3513388e-05,0.004586971,6.9316525e-06,4.8373076e-11,3.987561e-08,8.095598e-13,3.2018517e-05
1608,114_01352,114,1352,0,N,0,N,0,N,0.9998777,0.9998777,3.2671906e-05,1.4934798e-05,2.0454996e-05,1.6862073e-11,1.5349653e-09,3.2954534e-13,5.424826e-05
1609,114_01353,114,1353,0,N,0,N,0,N,0.99985963,0.99985963,2.7380296e-05,2.311116e-05,5.9578582e-05,5.182364e-10,1.1141458e-08,4.5662853e-12,3.0298788e-05
1610,114_01354,114,1354,0,N,0,N,0,N,0.9999968,0.9999968,9.392199e-09,1.594615e-06,1.1308636e-06,5.1949706e-14,3.632171e-10,5.9325904e-15,5.067335e-07
1611,114_01355,114,1355,0,N,0,N,0,N,0.9999976,0.9999976,1.998439e-09,1.9946149e-06,1.975733e-07,4.2462604e-15,4.9120888e-11,1.9374748e-16,1.532553e-07
1612,114_01356,114,1356,0,N,0,N,0,N,0.9999623,0.9999623,8.080482e-07,1.8824532e-05,1.0415602e-05,8.874731e-13,6.0371224e-09,2.5159736e-14,7.673958e-06
1613,114_01357,114,1357,0,N,0,N,0,N,0.9996653,0.9996653,9.251769e-05,0.00019905569,7.968229e-06,9.66247e-10,1.10606045e-07,1.069292e-11,3.5023146e-05
1614,114_01358,114,1358,0,N,0,N,0,N,0.9992489,0.9992489,0.00028301156,3.530181e-05,0.00016171807,5.870234e-10,2.6841283e-08,6.9361335e-12,0.0002709867
1615,114_01359,114,1359,0,N,0,N,0,N,0.9999536,0.9999536,2.0464852e-06,2.0245738e-05,8.700411e-06,1.9023878e-11,7.191289e-09,7.138701e-13,1.5418163e-05
1616,114_01360,114,1360,0,N,0,N,0,N,0.9999896,0.9999896,1.6678003e-07,5.669196e-06,3.4998889e-06,4.704221e-13,1.1807609e-09,1.8610681e-14,1.1400836e-06
1617,114_01361,114,1361,0,N,0,N,0,N,0.9999865,0.9999865,2.608175e-07,9.999354e-06,3.1960664e-07,9.273106e-13,7.128402e-10,3.223666e-14,2.8871395e-06
1618,114_01362,114,1362,0,N,0,N,0,N,0.99996454,0.99996454,1.2506871e-07,8.083094e-06,1.9851186e-05,3.0979277e-13,1.9251036e-09,4.8171248e-14,7.4951563e-06
1619,114_01363,114,1363,0,N,0,N,0,N,0.99997395,0.99997395,9.837502e-08,2.2948327e-05,9.421616e-07,3.411292e-12,3.979746e-09,3.6016115e-13,2.104057e-06
1620,114_01364,114,1364,0,N,0,N,0,N,0.99994934,0.99994934,3.821289e-07,1.0771242e-06,2.9979257e-05,1.4352569e-12,1.3928212e-09,7.0733384e-14,1.9276575e-05
1621,114_01365,114,1365,0,N,0,N,0,N,0.9999863,0.9999863,5.61004e-07,7.876132e-07,8.004632e-06,1.8534452e-11,3.7510297e-08,1.0339726e-12,4.3729237e-06
1622,114_01366,114,1366,0,N,0,N,0,N,0.9999595,0.9999595,1.7022263e-06,1.4574368e-07,2.9076149e-05,5.445441e-10,8.69163e-08,3.0619576e-11,9.577723e-06
1623,114_01367,114,1367,0,N,0,N,0,N,0.9997673,0.9997673,8.401684e-06,3.9472025e-07,0.0002122043,3.6377607e-08,6.0301005e-07,4.8927007e-10,1.10308365e-05
1624,114_01368,114,1368,0,N,0,N,0,N,0.9994967,0.9994967,6.6800344e-06,1.6397964e-07,0.0004893997,2.5731655e-08,6.798252e-07,4.5377568e-10,6.325024e-06
1625,114_01369,114,1369,0,N,0,N,0,N,0.9999434,0.9999434,8.178041e-07,9.762441e-07,5.3361593e-05,3.830665e-09,6.255313e-07,1.4196196e-10,8.5861643e-07
1626,114_01370,114,1370,0,N,0,N,0,N,0.99964046,0.99964046,1.0509102e-06,2.725795e-07,0.00035651826,6.475084e-10,1.3081127e-07,9.066347e-12,1.5382813e-06
1627,114_01371,114,1371,0,N,0,N,0,N,0.9999889,0.9999889,2.2350503e-07,7.381127e-08,1.0170696e-05,2.690118e-10,3.1763943e-08,8.027018e-12,5.4519904e-07
1628,114_01372,114,1372,0,N,0,N,0,N,0.9997303,0.9997303,1.8030521e-07,3.5522152e-08,0.00026898357,1.09289e-09,9.1292186e-08,4.9760883e-11,4.2547563e-07
1629,114_01373,114,1373,0,N,0,N,0,N,0.9999906,0.9999906,2.0086684e-07,8.776499e-07,7.3397596e-06,8.7841556e-10,1.7687361e-07,1.1789222e-11,8.4733347e-07
1630,114_01374,114,1374,0,N,0,N,0,N,0.9999423,0.9999423,1.6453879e-07,2.6477642e-07,5.6837252e-05,3.1791986e-11,2.0344846e-08,6.7479925e-13,3.0371737e-07
1631,114_01375,114,1375,0,N,0,N,0,N,0.99998456,0.99998456,7.0370604e-08,1.6861306e-07,1.4780116e-05,1.0936084e-12,2.7256566e-09,9.528829e-15,4.417112e-07
1632,114_01376,114,1376,0,N,0,N,0,N,0.99999225,0.99999225,1.01635244e-07,5.347186e-08,6.0941884e-06,1.8490344e-12,5.409338e-09,5.162745e-14,1.4402179e-06
1633,114_01377,114,1377,0,N,0,N,0,N,0.9999385,0.9999385,4.111177e-07,1.0796495e-08,5.6034092e-05,6.044508e-11,1.5272706e-08,1.9589753e-12,5.0322633e-06
1634,114_01378,114,1378,0,N,0,N,0,N,0.9996377,0.9996377,9.810623e-07,1.6224658e-07,0.00034646475,2.7596914e-09,2.313615e-07,4.9222765e-11,1.4448963e-05
1635,114_01379,114,1379,0,N,0,N,0,N,0.9996739,0.9996739,4.1751346e-06,1.7118067e-07,0.00031667086,6.909984e-09,1.1946827e-07,1.4168676e-10,4.954068e-06
1636,114_01380,114,1380,0,N,0,N,0,N,0.9959669,0.9959669,0.00014464556,1.5551647e-07,0.0038248114,3.453602e-07,4.2782945e-06,1.1022328e-08,5.883988e-05
1637,114_01381,114,1381,0,N,0,N,0,N,0.9910579,0.9910579,0.0015931972,1.7479567e-07,0.0071808523,7.4285854e-05,4.93083e-05,3.8940692e-07,4.3867003e-05
1638,114_01382,114,1382,0,N,0,N,0,N,0.9857422,0.9857422,0.0016655074,3.8697308e-07,0.0101447515,0.0023003935,8.947168e-05,1.5092406e-06,5.5745284e-05
1639,114_01383,114,1383,0,N,0,N,0,N,0.90603226,0.90603226,0.003423609,5.339346e-06,0.025926368,0.0632498,0.0013066868,1.0361841e-05,4.5493514e-05
1640,114_01384,114,1384,0,N,0,N,0,N,0.96347094,0.96347094,0.00062361476,7.2720894e-07,0.0126430625,0.023090962,0.00015322688,7.508454e-06,9.930309e-06
1641,114_01385,114,1385,0,N,0,N,0,N,0.9438124,0.9438124,0.00012920995,4.2966026e-06,0.054078437,0.0017583475,0.00019829649,5.973334e-07,1.8432824e-05
1642,114_01386,114,1386,0,N,0,N,0,N,0.92848605,0.92848605,0.00014555626,2.362208e-06,0.071063794,0.00019674671,8.7260036e-05,4.590727e-07,1.7710901e-05
1643,114_01387,114,1387,0,N,0,N,0,N,0.9998684,0.9998684,4.838613e-07,1.9838594e-06,0.0001269866,2.4149411e-09,4.8184296e-07,2.9765918e-10,1.6065707e-06
1644,114_01388,114,1388,0,N,0,N,0,N,0.9999066,0.9999066,7.442365e-08,2.9650006e-05,6.222128e-05,1.5987876e-12,8.8864835e-09,8.289003e-14,1.4637105e-06
1645,114_01389,114,1389,0,N,0,N,0,N,0.9996897,0.9996897,1.9195056e-06,0.00030098954,4.0243826e-06,1.4254514e-12,8.4090457e-10,1.4571786e-14,3.4176126e-06
1646,114_01390,114,1390,0,N,0,N,0,N,0.9999549,0.9999549,8.196848e-06,1.8058081e-05,4.338203e-06,1.8285538e-12,4.793954e-10,2.7709153e-14,1.4572175e-05
1647,114_01391,114,1391,0,N,0,N,0,N,0.99917275,0.99917275,0.00017818295,0.00054941,2.1325837e-05,3.8294123e-10,1.7161787e-08,5.0332017e-12,7.83214e-05
1648,114_01392,114,1392,0,N,0,N,0,N,0.9999372,0.9999372,2.4495375e-07,5.834328e-05,1.8149515e-06,7.7391354e-14,8.520698e-11,1.7039183e-15,2.4355995e-06
1649,114_01393,114,1393,0,N,0,N,0,N,0.9999969,0.9999969,2.9405427e-09,7.289966e-07,2.2181941e-06,2.1752388e-15,1.422538e-11,5.9040254e-17,1.131465e-07
1650,114_01394,114,1394,0,N,0,N,0,N,0.9999994,0.9999994,1.500687e-08,2.713417e-07,1.7452933e-07,3.210888e-14,6.95371e-11,3.4136238e-16,1.3801878e-07
1651,114_01395,114,1395,0,N,0,N,0,N,0.99999726,0.99999726,1.40402205e-08,3.4379525e-07,9.027907e-07,1.1242426e-13,1.5135258e-10,1.1690177e-14,1.4601624e-06
1652,114_01396,114,1396,0,N,0,N,0,N,0.99998397,0.99998397,3.536983e-08,1.1848072e-05,3.8271346e-06,7.455396e-13,3.1151182e-09,5.4134594e-14,4.1744045e-07
1653,114_01397,114,1397,0,N,0,N,0,N,0.9999474,0.9999474,6.5922864e-06,3.2261447e-05,4.7523065e-07,2.0500303e-11,5.2937397e-09,3.6077586e-13,1.3314499e-05
1654,114_01398,114,1398,0,N,0,N,0,N,0.9749521,0.9749521,0.020961525,0.0020274227,0.0007889245,2.1506109e-07,5.5685896e-06,2.486228e-09,0.0012642399
1655,114_01399,114,1399,0,N,0,N,0,N,0.9836727,0.9836727,0.0075947656,0.008377839,0.00028524405,3.7838422e-08,4.532099e-07,5.3218856e-11,6.902564e-05
1656,114_01400,114,1400,0,N,0,N,0,N,0.72472745,0.72472745,0.25994644,0.0040077292,0.0028728452,9.379737e-08,6.1450464e-07,1.6045917e-10,0.0084448
1657,114_01401,114,1401,0,N,0,N,1,LBBB,0.69512236,0.29205978,0.69512236,0.006466814,0.0038450642,1.7707505e-06,1.2777684e-06,2.7685938e-09,0.002502975
1658,114_01402,114,1402,0,N,0,N,1,LBBB,0.7066738,0.24159576,0.7066738,0.03878031,0.011630171,4.284856e-07,5.055149e-07,1.3894641e-10,0.0013190014
1659,114_01403,114,1403,0,N,0,N,1,LBBB,0.5851306,0.40561938,0.5851306,0.002668691,0.0017833564,3.0661437e-07,1.0225134e-07,4.0505277e-10,0.0047976626
1660,114_01404,114,1404,0,N,0,N,1,LBBB,0.59252244,0.3720127,0.59252244,0.012302158,0.021118527,5.5452533e-06,3.98054e-06,6.8795822e-09,0.0020346497
1661,114_01405,114,1405,0,N,0,N,0,N,0.8238899,0.8238899,0.15543734,0.015297111,0.004079307,1.346877e-07,2.5040023e-07,6.013805e-11,0.0012960711
1662,114_01406,114,1406,0,N,0,N,1,LBBB,0.5080704,0.48508444,0.5080704,0.0023618105,0.0018224309,3.15339e-07,8.142905e-08,2.0665183e-10,0.002660498
1663,114_01407,114,1407,0,N,0,N,1,LBBB,0.9623566,0.032029994,0.9623566,0.00390895,0.001246431,1.5616625e-06,6.0661034e-07,9.611012e-10,0.00045585597
1664,114_01408,114,1408,0,N,0,N,1,LBBB,0.9667456,0.022969557,0.9667456,0.008718593,0.000644246,3.9470865e-07,2.3928743e-07,3.141508e-10,0.00092142215
1665,114_01409,114,1409,0,N,0,N,1,LBBB,0.9931146,0.0042885533,0.9931146,0.0018493168,0.00031567796,3.51438e-07,2.7590167e-08,2.1750005e-10,0.00043160078
1666,114_01410,114,1410,0,N,0,N,1,LBBB,0.7706733,0.19209927,0.7706733,0.006373672,0.026840316,3.600247e-06,8.427355e-07,8.6322975e-09,0.0040091258
1667,114_01411,114,1411,0,N,0,N,0,N,0.9008568,0.9008568,0.037264626,0.033575658,0.025117379,2.2041206e-07,7.87281e-07,9.398562e-10,0.003184658
1668,114_01412,114,1412,0,N,0,N,0,N,0.97157633,0.97157633,0.014214476,0.011976166,0.001373522,1.5892711e-08,7.245942e-08,2.2940667e-11,0.0008595036
1669,114_01413,114,1413,0,N,0,N,0,N,0.5816013,0.5816013,0.40817714,0.0057002963,0.0018860477,1.700899e-07,7.607508e-08,9.7438786e-11,0.0026350538
1670,114_01414,114,1414,0,N,0,N,1,LBBB,0.4998987,0.48801503,0.4998987,0.0053190268,0.006298623,8.290986e-07,5.318628e-07,2.0936271e-10,0.00046727379
1671,114_01415,114,1415,0,N,0,N,0,N,0.9427796,0.9427796,0.05157556,0.00030108527,0.0015553697,8.4534264e-08,3.6908082e-07,1.9424493e-10,0.0037879578
1672,114_01416,114,1416,0,N,0,N,0,N,0.92057085,0.92057085,0.048888724,0.020105457,0.0067101964,3.6123024e-07,9.535734e-06,9.569349e-10,0.0037149081
1673,114_01417,114,1417,0,N,0,N,0,N,0.9509878,0.9509878,0.0063163247,0.039186127,0.0021153123,3.1243939e-09,2.2191875e-07,5.358176e-12,0.0013941716
1674,114_01418,114,1418,0,N,0,N,0,N,0.8604523,0.8604523,0.115512274,0.01962646,0.0013752669,1.2222564e-08,1.5662856e-07,9.808231e-12,0.003033576
1675,114_01419,114,1419,0,N,0,N,0,N,0.84936917,0.84936917,0.14059497,0.002379651,0.005192906,9.277395e-08,1.8971966e-07,1.0458072e-10,0.002463108
1676,114_01420,114,1420,0,N,0,N,0,N,0.97466177,0.97466177,0.011950914,0.006553152,0.0066243503,5.8852873e-08,2.4611057e-07,6.277153e-11,0.00020938422
1677,114_01421,114,1421,0,N,0,N,0,N,0.9906697,0.9906697,0.008542949,0.00014594558,0.00014379011,1.3846658e-08,3.9789352e-08,4.3725582e-11,0.0004974488
1678,114_01422,114,1422,0,N,0,N,0,N,0.8128857,0.8128857,0.17415677,0.0032671513,0.0042292173,8.9398065e-07,6.572638e-06,4.6280615e-09,0.00545358
1679,114_01423,114,1423,0,N,0,N,0,N,0.8394746,0.8394746,0.0554146,0.099900216,0.003894645,1.3539236e-07,1.4996381e-06,2.5787422e-10,0.0013142747
1680,114_01424,114,1424,0,N,0,N,0,N,0.7875047,0.7875047,0.15465933,0.054092277,0.0011993557,2.2952081e-08,8.719212e-08,1.2190996e-11,0.0025443006
1681,114_01425,114,1425,0,N,0,N,1,LBBB,0.65298223,0.33099452,0.65298223,0.011080379,0.0034448996,1.5806553e-07,7.382217e-08,3.8398364e-11,0.001497714
1682,114_01426,114,1426,0,N,0,N,0,N,0.9063038,0.9063038,0.08963787,0.0013633104,0.0023696702,1.277678e-07,2.1188777e-07,3.2874047e-11,0.00032496033
1683,114_01427,114,1427,0,N,0,N,0,N,0.9518686,0.9518686,0.043983154,0.0012196663,0.0014256795,2.3580536e-07,4.9438876e-07,3.0630343e-10,0.0015022432
1684,114_01428,114,1428,0,N,0,N,0,N,0.9979347,0.9979347,0.0017297651,0.000104011124,0.00010636746,8.025132e-09,2.1550194e-07,4.008949e-11,0.00012502958
1685,114_01429,114,1429,0,N,0,N,0,N,0.9983468,0.9983468,0.0001479753,0.000106312786,0.00032620094,1.6489009e-09,3.8184916e-07,7.381078e-11,0.001072268
1686,114_01430,114,1430,0,N,0,N,0,N,0.9972304,0.9972304,9.389502e-06,0.002560335,2.050795e-05,1.3048312e-10,1.00628924e-07,1.31074734e-11,0.0001793112
1687,114_01431,114,1431,0,N,0,N,0,N,0.97401977,0.97401977,0.0005686342,0.022603538,0.0015514566,7.3063583e-10,4.258493e-07,1.1126691e-11,0.0012561515
1688,114_01432,114,1432,0,N,0,N,0,N,0.9950149,0.9950149,0.0012413092,0.0031598927,0.00020007118,5.1730553e-10,6.570794e-08,1.9431672e-12,0.0003837152
1689,114_01433,114,1433,0,N,0,N,0,N,0.9954581,0.9954581,0.0005562267,0.00041469213,0.0028821693,2.8315716e-10,4.1698407e-08,9.400191e-13,0.00068874564
1690,114_01434,114,1434,0,N,0,N,0,N,0.9993156,0.9993156,4.320752e-06,0.0005856758,7.641148e-05,3.2036266e-12,1.0476107e-09,1.7077943e-14,1.798256e-05
1691,114_01435,114,1435,0,N,0,N,0,N,0.9998978,0.9998978,5.791875e-06,4.2054868e-05,2.0450669e-05,8.760623e-13,4.4100845e-10,1.5368525e-14,3.3922322e-05
1692,114_01436,114,1436,0,N,0,N,0,N,0.9983904,0.9983904,1.9864801e-05,0.0015398482,2.6955187e-05,1.03504046e-10,9.647409e-09,1.9402843e-12,2.2950824e-05
1693,114_01437,114,1437,0,N,0,N,0,N,0.99927545,0.99927545,0.00011729153,0.00026921474,4.525348e-05,1.5777704e-11,2.4358138e-09,1.4458194e-13,0.0002927372
1694,114_01438,114,1438,0,N,0,N,0,N,0.9993956,0.9993956,0.00015081832,0.00020818268,0.00013372548,2.1093313e-10,1.661557e-08,2.228971e-12,0.00011164107
1695,114_01439,114,1439,0,N,0,N,0,N,0.99538606,0.99538606,0.00023949359,0.004112634,0.0002370929,3.59363e-10,3.1738516e-08,2.1926079e-12,2.4645331e-05
1696,114_01440,114,1440,0,N,0,N,0,N,0.9997812,0.9997812,0.0001277216,8.032214e-06,4.861499e-06,4.347949e-11,1.4118189e-09,3.912324e-13,7.81988e-05
1697,114_01441,114,1441,0,N,0,N,0,N,0.914453,0.914453,0.07466605,0.00352547,0.005769927,8.115824e-07,4.2406195e-06,2.804093e-09,0.0015804663
1698,114_01442,114,1442,0,N,0,N,0,N,0.998894,0.998894,0.00046186315,0.0005159172,7.238141e-05,1.0868273e-08,1.769719e-07,7.176362e-11,5.5713637e-05
1699,114_01443,114,1443,0,N,0,N,0,N,0.98464143,0.98464143,0.005047177,0.0005852879,0.0025678447,2.1097325e-08,1.1094876e-06,2.2416452e-10,0.007157194
1700,114_01444,114,1444,0,N,0,N,0,N,0.98023677,0.98023677,0.00034661667,0.018751701,0.0004975523,6.3524417e-09,8.8239085e-07,8.64128e-11,0.00016646249
1701,114_01445,114,1445,0,N,0,N,0,N,0.9967159,0.9967159,0.002399086,0.0003405234,7.53866e-05,1.643644e-09,3.278156e-08,8.079462e-12,0.00046900316
1702,114_01446,114,1446,0,N,0,N,0,N,0.8606499,0.8606499,0.13373815,0.0022336973,0.0024459702,5.245596e-07,1.8382849e-06,8.64293e-10,0.0009299248
1703,114_01447,114,1447,0,N,0,N,0,N,0.9890275,0.9890275,0.009638505,0.00085603644,8.4511084e-05,4.854801e-08,2.394106e-07,3.3936376e-10,0.00039315326
1704,114_01448,114,1448,0,N,0,N,0,N,0.99298704,0.99298704,0.0052538626,0.0007335088,0.0008902389,1.9073957e-08,3.794194e-07,6.1333334e-11,0.00013506039
1705,114_01449,114,1449,0,N,0,N,0,N,0.9957442,0.9957442,0.003998377,7.033456e-05,5.2757285e-05,1.795345e-08,8.0151295e-08,7.650034e-11,0.00013425756
1706,114_01450,114,1450,0,N,0,N,0,N,0.9937248,0.9937248,0.0043538953,0.00033058674,0.000450397,8.0442355e-09,3.0506948e-07,4.3404454e-11,0.0011399447
1707,114_01451,114,1451,0,N,0,N,0,N,0.9990957,0.9990957,7.133517e-05,0.0005405465,0.00026722654,1.7445092e-09,5.8209206e-08,3.14766e-11,2.5165418e-05
1708,114_01452,114,1452,0,N,0,N,0,N,0.9997541,0.9997541,7.682908e-05,1.5246578e-06,3.0758063e-05,5.514963e-10,1.762357e-08,1.0959083e-11,0.0001368014
1709,114_01453,114,1453,0,N,0,N,0,N,0.99977285,0.99977285,1.9271858e-06,7.7633035e-07,0.00021372485,6.632245e-10,4.060841e-07,3.4741102e-11,1.0316304e-05
1710,114_01454,114,1454,0,N,0,N,0,N,0.9999869,0.9999869,2.1561503e-07,6.440619e-07,1.1586621e-05,5.0042286e-11,2.3463377e-08,2.2016798e-12,7.00058e-07
1711,114_01455,114,1455,0,N,0,N,0,N,0.99999154,0.99999154,6.2868514e-07,2.2085273e-06,1.4951912e-06,2.4160195e-11,8.706223e-09,1.228369e-12,4.162735e-06
1712,114_01456,114,1456,0,N,0,N,0,N,0.999938,0.999938,1.6492431e-06,6.020536e-06,3.9045626e-05,2.1375695e-11,2.771601e-08,9.452839e-13,1.5255441e-05
1713,114_01457,114,1457,0,N,0,N,0,N,0.9999474,0.9999474,3.5428461e-06,3.9573602e-05,5.502423e-06,1.03477005e-10,1.8270729e-08,2.4840156e-12,3.9531337e-06
1714,114_01458,114,1458,0,N,0,N,0,N,0.9999601,0.9999601,4.6033833e-06,4.4087874e-06,3.962707e-06,8.173806e-12,3.0714735e-09,1.5037674e-13,2.6887597e-05
1715,114_01459,114,1459,0,N,0,N,0,N,0.9993365,0.9993365,1.9768084e-05,0.00037503825,0.00019342569,1.5728138e-10,1.2529269e-07,5.809865e-12,7.524734e-05
1716,114_01460,114,1460,0,N,0,N,0,N,0.9997768,0.9997768,2.712297e-06,0.00020938388,7.2530574e-06,3.0994703e-11,9.420415e-09,6.413744e-13,3.8310227e-06
1717,114_01461,114,1461,0,N,0,N,0,N,0.99870443,0.99870443,0.0007722337,0.00011685728,4.0962128e-05,9.201823e-10,2.6000643e-08,9.10617e-12,0.0003653957
1718,114_01462,114,1462,0,N,0,N,0,N,0.9974662,0.9974662,0.0017881297,0.00035741046,0.00024391948,7.0590627e-09,1.6163882e-07,3.978812e-11,0.0001442083
1719,114_01463,114,1463,0,N,0,N,0,N,0.98446614,0.98446614,0.0044473577,0.010661135,0.00016088011,1.2957429e-08,2.6029167e-07,7.80477e-11,0.00026422043
1720,114_01464,114,1464,0,N,0,N,0,N,0.9984585,0.9984585,0.0010227973,0.0003748966,8.07787e-05,6.047065e-10,1.5702591e-08,1.2044048e-12,6.298147e-05
1721,114_01465,114,1465,0,N,0,N,0,N,0.8765212,0.8765212,0.12027314,0.0008401192,0.0018071373,4.2070022e-07,4.0742583e-07,2.4970212e-10,0.00055755203
1722,114_01466,114,1466,0,N,0,N,0,N,0.99828327,0.99828327,0.0013538998,4.9967904e-05,0.00012405365,1.1605005e-08,1.425433e-07,6.7018675e-11,0.00018865766
1723,114_01467,114,1467,0,N,0,N,0,N,0.99990946,0.99990946,7.542656e-06,2.3063565e-05,3.3646887e-05,5.0521104e-10,5.926891e-08,3.568841e-11,2.620787e-05
1724,114_01468,114,1468,0,N,0,N,0,N,0.9999737,0.9999737,5.919383e-07,1.2157718e-05,6.6109824e-06,1.00664295e-11,1.7747205e-08,6.2077085e-13,6.979746e-06
1725,114_01469,114,1469,0,N,0,N,0,N,0.9999184,0.9999184,1.273474e-05,5.5038978e-05,3.3380584e-06,3.2499108e-11,7.998132e-09,2.7629098e-13,1.0516571e-05
1726,114_01470,114,1470,0,N,0,N,0,N,0.9997745,0.9997745,3.588234e-05,0.00014473195,1.3942231e-05,7.654833e-11,2.0234245e-08,1.740376e-12,3.0924344e-05
1727,114_01471,114,1471,0,N,0,N,0,N,0.9996111,0.9996111,2.4679563e-05,0.00033983498,9.495601e-06,2.1918552e-11,3.6695784e-09,3.3545088e-13,1.4940217e-05
1728,114_01472,114,1472,0,N,0,N,0,N,0.99989176,0.99989176,9.115093e-06,5.9291586e-05,2.060473e-05,8.233157e-12,1.035882e-09,2.541824e-13,1.9332996e-05
1729,114_01473,114,1473,0,N,0,N,0,N,0.9998672,0.9998672,5.9107183e-06,0.00010673771,1.0105158e-05,6.948796e-12,5.5879845e-10,7.760648e-14,9.976844e-06
1730,114_01474,114,1474,0,N,0,N,0,N,0.9999619,0.9999619,2.764954e-06,2.6013915e-05,2.4222707e-06,6.1698384e-13,7.260542e-11,5.5381814e-15,6.9353073e-06
1731,114_01475,114,1475,0,N,0,N,0,N,0.9999735,0.9999735,3.3481738e-06,6.784583e-06,1.4345344e-05,2.661483e-12,5.487222e-10,2.1376296e-14,2.0744405e-06
1732,114_01476,114,1476,0,N,0,N,0,N,0.9999852,0.9999852,2.856639e-06,1.1096587e-05,3.892143e-07,5.464491e-12,2.2276227e-10,2.5546051e-14,3.9046833e-07
1733,114_01477,114,1477,0,N,0,N,0,N,0.999933,0.999933,1.526947e-05,6.952397e-06,1.0185439e-06,8.326452e-12,3.0763783e-10,1.755076e-13,4.3734606e-05
1734,114_01478,114,1478,0,N,0,N,0,N,0.9999743,0.9999743,3.2857773e-07,8.272572e-06,1.6085814e-05,6.3971723e-13,8.861303e-10,2.743423e-14,1.0179101e-06
1735,114_01479,114,1479,0,N,0,N,0,N,0.9999612,0.9999612,1.9462107e-06,3.20813e-05,2.575037e-06,4.077858e-12,1.3953212e-09,5.234391e-14,2.2447623e-06
1736,114_01480,114,1480,0,N,0,N,0,N,0.99994564,0.99994564,1.2014673e-05,8.527149e-06,1.7859697e-06,1.614658e-11,2.6179738e-09,2.8410136e-13,3.1999643e-05
1737,114_01481,114,1481,0,N,0,N,0,N,0.99873066,0.99873066,0.0004766977,0.00039022815,0.00026633422,3.644586e-09,1.9554966e-07,3.102026e-11,0.00013591467
1738,114_01482,114,1482,0,N,0,N,0,N,0.999882,0.999882,4.92126e-05,4.727578e-05,1.7376136e-05,4.2314385e-10,2.5291543e-08,4.0593453e-12,4.1246917e-06
1739,114_01483,114,1483,0,N,0,N,0,N,0.9995152,0.9995152,0.00018832498,1.6012216e-05,7.897391e-06,3.7821327e-10,7.953628e-09,1.1331243e-11,0.00027254602
1740,114_01484,114,1484,0,N,0,N,0,N,0.998546,0.998546,0.0005042156,0.00034059232,0.00035235303,1.9821134e-09,2.3657654e-07,6.297623e-11,0.00025656488
1741,114_01485,114,1485,0,N,0,N,0,N,0.9536904,0.9536904,0.00085991365,0.04525508,0.000110591296,5.4192753e-09,3.8735283e-07,4.936156e-11,8.3726336e-05
1742,114_01486,114,1486,0,N,0,N,0,N,0.9998556,0.9998556,3.2872205e-05,1.19764245e-05,2.3814626e-05,6.742162e-12,1.584876e-09,9.000447e-14,7.575724e-05
1743,114_01487,114,1487,0,N,0,N,0,N,0.9935733,0.9935733,0.0047265147,0.0008868248,0.00034759854,2.3520576e-08,2.9582907e-07,1.1756995e-10,0.0004654322
1744,114_01488,114,1488,0,N,0,N,0,N,0.9990884,0.9990884,0.00055072596,0.0002858013,2.3126306e-05,7.915311e-09,2.0892695e-07,1.7662884e-10,5.1712384e-05
1745,114_01489,114,1489,0,N,0,N,0,N,0.9995868,0.9995868,0.00024167275,8.07892e-05,1.33353105e-05,1.2664182e-09,4.8936418e-08,1.857687e-11,7.722035e-05
1746,114_01490,114,1490,0,N,0,N,0,N,0.9998809,0.9998809,1.0965357e-05,5.554189e-05,3.3706336e-05,9.027579e-11,1.607596e-08,1.5973384e-12,1.8868795e-05
1747,114_01491,114,1491,0,N,0,N,0,N,0.99999464,0.99999464,1.1012554e-08,3.7219945e-06,1.4420933e-06,4.7458426e-14,3.3326025e-10,1.2520227e-15,2.4737392e-07
1748,114_01492,114,1492,0,N,0,N,0,N,0.99999774,0.99999774,5.1243685e-09,2.2525461e-07,1.7971482e-06,1.9579527e-15,5.473449e-11,3.1112533e-17,2.8415633e-07
1749,114_01493,114,1493,0,N,0,N,0,N,0.9999974,0.9999974,8.829747e-08,1.2578963e-06,6.8519245e-07,5.8552913e-13,8.935115e-10,8.510214e-15,5.514694e-07
1750,114_01494,114,1494,0,N,0,N,0,N,0.9999919,0.9999919,3.1422383e-07,8.221794e-07,2.0010282e-06,1.5869804e-12,4.93558e-10,3.886317e-14,4.869991e-06
1751,114_01495,114,1495,0,N,0,N,0,N,0.9999829,0.9999829,1.2158327e-07,3.3664105e-06,1.1732292e-05,3.0222183e-12,1.4736338e-08,2.1010686e-13,1.9914855e-06
1752,114_01496,114,1496,0,N,0,N,0,N,0.99997276,0.99997276,2.3788484e-06,1.833416e-05,1.1758949e-06,4.7710405e-11,2.1862665e-08,1.1139211e-12,5.4478874e-06
1753,114_01497,114,1497,0,N,0,N,0,N,0.99985105,0.99985105,2.197328e-05,9.421834e-05,4.9230157e-06,9.686515e-11,1.4140635e-08,1.4119774e-12,2.7952481e-05
1754,114_01498,114,1498,0,N,0,N,0,N,0.9998834,0.9998834,7.3702654e-07,3.095501e-05,6.614664e-05,2.2931945e-12,1.8250821e-08,2.9262777e-13,1.8755816e-05
1755,114_01499,114,1499,0,N,0,N,0,N,0.99823785,0.99823785,1.1885242e-05,0.001729662,7.207113e-06,3.185314e-11,2.917382e-08,3.2506582e-13,1.3334395e-05
1756,114_01500,114,1500,0,N,0,N,0,N,0.9995354,0.9995354,9.6880314e-05,0.0001206797,2.3876371e-05,1.4262981e-11,1.8204831e-09,1.6888335e-13,0.0002231204
1757,114_01501,114,1501,0,N,0,N,0,N,0.99788713,0.99788713,0.0010513837,0.0007778337,0.00023766323,2.373401e-09,4.0429033e-08,1.1149385e-11,4.5926423e-05
1758,114_01502,114,1502,0,N,0,N,0,N,0.9997104,0.9997104,0.0001751988,5.3901633e-05,1.0265001e-05,1.8773241e-10,5.615283e-09,1.6612655e-12,5.027233e-05
1759,114_01503,114,1503,0,N,0,N,0,N,0.94672275,0.94672275,0.016117347,0.034375526,0.0015673212,2.5930637e-08,6.400393e-07,1.240721e-10,0.0012164817
1760,114_01504,114,1504,0,N,0,N,0,N,0.9880656,0.9880656,0.007615101,0.0037902729,0.00012196641,1.2132769e-09,1.46532715e-08,1.8943363e-12,0.00040694766
1761,114_01505,114,1505,0,N,0,N,1,LBBB,0.75374144,0.22416767,0.75374144,0.018538032,0.002055821,2.5157019e-07,1.7034041e-07,1.1179921e-10,0.001496716
1762,114_01506,114,1506,0,N,0,N,0,N,0.9402899,0.9402899,0.05793491,0.0006099174,0.00088080706,6.730277e-08,9.732629e-08,5.9589216e-11,0.0002840835
1763,114_01507,114,1507,0,N,0,N,0,N,0.986315,0.986315,0.011747649,0.0002348964,0.0010609594,4.0560082e-07,1.3167813e-06,2.4964595e-09,0.0006398502
1764,114_01508,114,1508,0,N,0,N,0,N,0.9998816,0.9998816,3.8970825e-06,1.1136813e-05,6.0792616e-05,2.3065985e-10,1.3639293e-07,2.4972014e-11,4.237368e-05
1765,114_01509,114,1509,0,N,0,N,0,N,0.9999686,0.9999686,3.586893e-06,1.790275e-05,6.321086e-06,1.2232708e-10,1.40737875e-08,2.7642574e-12,3.636866e-06
1766,114_01510,114,1510,0,N,0,N,0,N,0.9999893,0.9999893,3.8629858e-07,1.8521865e-06,2.6760995e-06,2.3546189e-12,2.027227e-09,1.0125887e-13,5.8120595e-06
1767,114_01511,114,1511,0,N,0,N,0,N,0.99999475,0.99999475,5.0830695e-09,3.0252104e-06,2.032367e-06,7.831321e-14,6.5991773e-10,5.581801e-15,2.1049506e-07
1768,114_01512,114,1512,0,N,0,N,0,N,0.99999964,0.99999964,1.2494629e-10,1.6163386e-07,1.2062739e-07,2.8775004e-16,8.104735e-12,2.2751692e-17,2.834349e-08
1769,114_01513,114,1513,0,N,0,N,0,N,0.9999999,0.9999999,3.5437736e-11,1.2299309e-07,4.5521073e-08,2.7848117e-17,2.2246298e-12,1.1668932e-18,8.529014e-09
1770,114_01514,114,1514,0,N,0,N,0,N,0.9999999,0.9999999,1.6299212e-10,1.6772992e-08,8.597552e-08,1.572308e-16,3.0081105e-12,3.2374557e-18,1.0039232e-08
1771,114_01515,114,1515,0,N,0,N,0,N,0.99999976,0.99999976,1.3532592e-09,1.7885602e-08,1.03808176e-07,1.15938355e-14,4.941456e-11,6.1264855e-16,6.0393795e-08
1772,114_01516,114,1516,0,N,0,N,0,N,0.99999845,0.99999845,1.9859734e-09,1.254795e-07,1.3733307e-06,1.814806e-14,1.3651745e-10,4.584601e-16,4.413007e-08
1773,114_01517,114,1517,0,N,0,N,0,N,0.99999964,0.99999964,2.1503561e-09,1.3608951e-07,1.9574492e-07,5.532586e-14,2.6008085e-10,2.2431474e-15,4.3000192e-08
1774,114_01518,114,1518,0,N,0,N,0,N,0.99999344,0.99999344,5.2647742e-08,8.243095e-08,6.018304e-06,2.0792805e-12,2.4126972e-09,5.580732e-14,4.975093e-07
1775,114_01519,114,1519,0,N,0,N,0,N,0.9999937,0.9999937,2.1828819e-07,2.7787637e-08,5.3997155e-06,8.100997e-11,9.088855e-09,2.8738526e-12,6.071674e-07
1776,114_01520,114,1520,0,N,0,N,0,N,0.99987173,0.99987173,1.7541047e-06,4.2172084e-07,0.000118496064,3.028489e-08,4.498768e-06,5.031891e-09,3.0791048e-06
1777,114_01521,114,1521,0,N,0,N,0,N,0.99981093,0.99981093,6.9935095e-07,2.6694198e-07,0.00018366691,4.0897465e-08,1.2086272e-06,2.0068542e-09,3.1457698e-06
1778,114_01522,114,1522,0,N,0,N,0,N,0.9981595,0.9981595,5.474553e-06,1.7707568e-07,0.0018113045,6.9695545e-08,1.3658974e-06,1.897789e-09,2.2000675e-05
1779,114_01523,114,1523,0,N,0,N,0,N,0.999556,0.999556,1.4662928e-06,4.5814483e-07,0.0004311919,5.968939e-07,8.531796e-06,5.4998197e-09,1.6836045e-06
1780,114_01524,114,1524,0,N,0,N,0,N,0.9978365,0.9978365,5.652087e-06,1.6855397e-08,0.0021483607,5.2331245e-07,1.3255401e-06,1.702019e-08,7.54852e-06
1781,114_01525,114,1525,0,N,0,N,0,N,0.9985924,0.9985924,6.061521e-06,7.135137e-06,0.0012413006,1.5501091e-05,6.514792e-05,2.1352756e-07,7.23991e-05
1782,114_01526,114,1526,0,N,0,N,0,N,0.9984026,0.9984026,3.4585285e-06,5.29485e-07,0.0015871173,1.124647e-06,3.647754e-06,3.8134225e-08,1.5103877e-06
1783,114_01527,114,1527,0,N,0,N,0,N,0.9988807,0.9988807,6.209633e-06,4.4972197e-08,0.001095939,1.7626026e-07,2.9092892e-06,1.1636739e-08,1.4054986e-05
1784,114_01528,114,1528,0,N,0,N,0,N,0.99519837,0.99519837,6.000211e-06,8.207748e-06,0.0041374834,6.675725e-05,0.0005157108,7.083903e-07,6.6664245e-05
1785,114_01529,114,1529,0,N,0,N,0,N,0.99862176,0.99862176,1.6453554e-05,1.5796104e-07,0.0013495645,2.3489654e-06,5.6510034e-06,8.166123e-08,3.896443e-06
1786,114_01530,114,1530,0,N,0,N,0,N,0.96674794,0.96674794,6.2970146e-05,1.008863e-06,0.032856625,1.9000609e-05,4.08363e-05,1.4529643e-07,0.00027149648
1787,114_01531,114,1531,0,N,0,N,0,N,0.9969046,0.9969046,9.728343e-06,5.633762e-07,0.0028031284,0.00016383218,0.000111805064,9.490364e-07,5.306887e-06
1788,114_01532,114,1532,0,N,0,N,0,N,0.99619675,0.99619675,1.526951e-05,9.855811e-08,0.0037490893,3.442755e-06,2.3116309e-05,2.8693006e-07,1.2001599e-05
1789,114_01533,114,1533,0,N,0,N,0,N,0.9932399,0.9932399,1.1778069e-05,6.976558e-06,0.0060236203,0.00020539094,0.00043195626,3.2355886e-06,7.703394e-05
1790,114_01534,114,1534,0,N,0,N,0,N,0.98816633,0.98816633,0.00010418102,1.346715e-07,0.011598587,6.9163376e-05,4.723906e-05,2.424643e-06,1.2081286e-05
1791,114_01535,114,1535,0,N,0,N,0,N,0.9737227,0.9737227,9.547589e-05,3.856782e-06,0.025346326,0.00015636696,0.0003188423,2.6539206e-07,0.00035628641
1792,114_01536,114,1536,0,N,0,N,0,N,0.9938861,0.9938861,0.00011137069,4.9740855e-08,0.0058872495,9.0914924e-05,1.6598908e-05,1.1381795e-06,6.5701156e-06
1793,114_01537,114,1537,0,N,0,N,0,N,0.99247396,0.99247396,3.372561e-05,1.17048145e-07,0.0074544842,5.9728786e-06,1.1996634e-05,8.7510074e-08,1.9787558e-05
1794,114_01538,114,1538,0,N,0,N,0,N,0.99605197,0.99605197,3.896054e-06,3.1526736e-07,0.003914553,9.47054e-06,1.6635811e-05,8.712265e-08,3.0491483e-06
1795,114_01539,114,1539,0,N,0,N,0,N,0.9989247,0.9989247,5.1414763e-06,2.487924e-07,0.0010565105,2.8315644e-06,8.5310685e-06,6.559825e-08,1.8939558e-06
1796,114_01540,114,1540,0,N,0,N,0,N,0.9996809,0.9996809,5.7478737e-06,5.313187e-06,0.00024631,1.8336754e-06,2.8998356e-05,2.8993873e-07,3.0593626e-05
1797,114_01541,114,1541,0,N,0,N,0,N,0.99271846,0.99271846,0.00016423699,1.0994056e-05,0.0068747397,3.7435866e-06,0.00020870962,2.8375885e-07,1.8783312e-05
1798,114_01542,114,1542,0,N,0,N,0,N,0.9971783,0.9971783,3.1833275e-05,5.2910207e-07,0.0026525555,9.325235e-06,1.7839639e-05,7.003113e-08,0.000109539906
1799,114_01543,114,1543,0,N,0,N,0,N,0.9979115,0.9979115,2.6566265e-06,5.9375174e-07,0.0020786957,1.163248e-06,3.897666e-06,2.2932868e-08,1.4286666e-06
1800,114_01544,114,1544,0,N,0,N,0,N,0.99940497,0.99940497,3.9174597e-07,1.7949041e-07,0.0005936695,3.971585e-08,4.9309074e-07,4.903322e-10,3.1122758e-07
1801,114_01545,114,1545,0,N,0,N,0,N,0.9998974,0.9998974,6.854292e-07,7.308379e-08,0.00010113963,8.8967305e-09,1.5292841e-07,1.311399e-10,5.617346e-07
1802,114_01546,114,1546,0,N,0,N,0,N,0.9998446,0.9998446,7.3177955e-07,4.5970629e-07,0.0001503972,2.420284e-07,2.7715196e-06,5.928188e-09,9.1192146e-07
1803,114_01547,114,1547,0,N,0,N,0,N,0.99979407,0.99979407,7.5590924e-07,4.1412153e-07,0.00020186343,4.7331998e-08,5.1147526e-07,2.2057096e-09,2.3118673e-06
1804,114_01548,114,1548,0,N,0,N,0,N,0.99876416,0.99876416,1.5000361e-06,1.1691748e-07,0.0012240679,1.433506e-07,2.6850764e-06,4.5665036e-09,7.3465467e-06
1805,114_01549,114,1549,0,N,0,N,0,N,0.99989635,0.99989635,6.6370234e-07,1.2146016e-06,9.185904e-05,4.929118e-07,8.427043e-06,2.5787203e-08,1.0299455e-06
1806,114_01550,114,1550,0,N,0,N,0,N,0.9992118,0.9992118,4.9087396e-07,1.4741816e-07,0.0007862925,2.1550534e-08,3.596517e-07,8.2153045e-10,9.507957e-07
1807,114_01551,114,1551,0,N,0,N,0,N,0.99996465,0.99996465,7.4500014e-07,1.2738493e-06,2.6750142e-05,3.928253e-09,5.4844713e-07,2.0483976e-10,6.110414e-06
1808,114_01552,114,1552,0,N,0,N,0,N,0.99998546,0.99998546,4.5012126e-07,4.642728e-07,1.3181158e-05,3.7667242e-10,5.2245788e-08,2.973318e-11,4.383908e-07
1809,114_01553,114,1553,0,N,0,N,0,N,0.99998605,0.99998605,5.966043e-07,6.3332556e-07,1.142175e-05,1.4462347e-10,1.797993e-08,4.7095396e-12,1.2987365e-06
1810,114_01554,114,1554,0,N,0,N,0,N,0.99999774,0.99999774,4.147864e-08,6.2333623e-07,1.1363425e-06,2.8456157e-12,1.7153454e-09,3.6140288e-13,4.726353e-07
1811,114_01555,114,1555,0,N,0,N,0,N,0.99998844,0.99998844,7.585544e-09,1.1145462e-05,2.0685282e-07,5.5776846e-13,2.689415e-09,6.672199e-14,2.1327781e-07
1812,114_01556,114,1556,0,N,0,N,0,N,0.9999875,0.9999875,8.238515e-09,4.342266e-07,1.1124924e-05,1.3451638e-14,4.6905996e-10,9.316536e-16,9.3005633e-07
1813,114_01557,114,1557,0,N,0,N,0,N,0.99999416,0.99999416,1.7437951e-07,3.6999797e-06,2.8824527e-07,1.5021515e-11,2.5249408e-08,4.9704896e-13,1.6734008e-06
1814,114_01558,114,1558,0,N,0,N,0,N,0.9998828,0.9998828,4.4287215e-05,5.001116e-06,2.18736e-05,3.2253018e-09,1.1628252e-07,1.5779206e-10,4.5826542e-05
1815,114_01559,114,1559,0,N,0,N,0,N,0.99938846,0.99938846,0.00018377305,3.264552e-05,0.00018315787,2.0629846e-08,4.506136e-06,2.0018553e-09,0.00020745542
1816,114_01560,114,1560,0,N,0,N,0,N,0.98747134,0.98747134,0.0028886527,8.676684e-06,0.009085272,2.071978e-06,5.048659e-05,2.9192499e-08,0.0004934807
1817,114_01561,114,1561,0,N,0,N,0,N,0.98049647,0.98049647,0.0037326647,2.535827e-06,0.015000579,0.00022875627,0.00015956638,8.780943e-07,0.0003786127
1818,114_01562,114,1562,0,N,0,N,0,N,0.96203285,0.96203285,0.0016832239,3.3206225e-06,0.035626274,0.0004493998,0.00017009502,1.9974011e-06,3.2814936e-05
1819,114_01563,114,1563,0,N,0,N,0,N,0.98747665,0.98747665,0.00010810085,8.7249435e-07,0.012398104,3.64974e-06,5.307764e-06,3.3407108e-08,7.369718e-06
1820,114_01564,114,1564,0,N,0,N,0,N,0.9996169,0.9996169,5.9901095e-06,4.699436e-06,0.00036506972,1.4533799e-08,1.1965284e-06,4.938606e-10,6.1708506e-06
1821,114_01565,114,1565,0,N,0,N,0,N,0.9999373,0.9999373,4.3687598e-07,2.1269384e-06,5.9617312e-05,2.1810637e-10,3.297658e-08,7.720067e-12,4.9529615e-07
1822,114_01566,114,1566,0,N,0,N,0,N,0.9999939,0.9999939,3.4967243e-08,4.742472e-07,4.4175854e-06,1.3754149e-12,1.3904625e-09,1.6956777e-13,1.2421907e-06
1823,114_01567,114,1567,0,N,0,N,0,N,0.99998266,0.99998266,6.5679004e-08,1.1098728e-05,5.0412327e-06,3.3085598e-13,3.761417e-09,9.902463e-15,1.149754e-06
1824,114_01568,114,1568,0,N,0,N,0,N,0.99999607,0.99999607,3.615664e-09,3.0067947e-06,5.412166e-07,2.5742945e-15,2.7900517e-11,1.9304116e-16,4.2057917e-07
1825,114_01569,114,1569,0,N,0,N,0,N,0.99999714,0.99999714,2.006252e-09,4.2570164e-07,1.9278866e-06,4.4017037e-15,1.5634138e-11,3.6299377e-16,4.7245518e-07
1826,114_01570,114,1570,0,N,0,N,0,N,0.9999964,0.9999964,1.3891068e-08,7.614223e-08,3.397373e-06,1.523622e-13,5.0961124e-10,1.8448613e-15,1.3451346e-07
1827,114_01571,114,1571,0,N,0,N,0,N,0.99997586,0.99997586,1.3128991e-07,2.0194246e-08,2.2077926e-05,1.4296918e-11,3.2519425e-09,1.5503283e-13,1.984451e-06
1828,114_01572,114,1572,0,N,0,N,0,N,0.9999041,0.9999041,5.073635e-07,2.3106632e-07,9.279696e-05,2.1504172e-09,2.2452794e-07,3.7177886e-11,2.2083277e-06
1829,114_01573,114,1573,0,N,0,N,0,N,0.9997537,0.9997537,4.4510407e-06,3.054941e-07,0.00023230207,6.278128e-08,9.96541e-07,5.177231e-10,8.114343e-06
1830,114_01574,114,1574,0,N,0,N,0,N,0.98981225,0.98981225,6.4761225e-05,2.9158633e-08,0.01008207,3.7103282e-06,3.6296294e-06,1.1230575e-08,3.3531778e-05
1831,114_01575,114,1575,0,N,0,N,0,N,0.9942023,0.9942023,1.3743005e-05,1.4370865e-07,0.005770889,1.5325824e-06,3.7052803e-06,5.912492e-09,7.723779e-06
1832,114_01576,114,1576,0,N,0,N,0,N,0.998869,0.998869,1.4291825e-06,1.17215464e-07,0.0011269865,8.186878e-08,1.448388e-06,2.634545e-09,8.457102e-07
1833,114_01577,114,1577,0,N,0,N,0,N,0.9988151,0.9988151,3.976103e-06,5.0072366e-08,0.0011761909,1.087656e-08,3.3667519e-07,1.3560247e-10,4.350463e-06
1834,114_01578,114,1578,0,N,0,N,0,N,0.98970944,0.98970944,8.859661e-06,1.7548923e-07,0.010242833,1.6738041e-06,1.02059985e-05,2.737859e-09,2.6764577e-05
1835,114_01579,114,1579,0,N,0,N,0,N,0.99884963,0.99884963,5.3116814e-06,1.624956e-07,0.0011399933,5.715466e-07,2.7495632e-06,5.4905263e-09,1.4958714e-06
1836,114_01580,114,1580,0,N,0,N,0,N,0.98716885,0.98716885,0.00014050608,3.2876684e-07,0.012660662,6.708085e-07,8.499557e-06,6.99108e-09,2.0538575e-05
1837,114_01581,114,1581,0,N,0,N,0,N,0.99433875,0.99433875,5.4975317e-05,7.6494064e-07,0.005337502,1.02680915e-05,6.289249e-05,2.1393303e-08,0.00019483715
1838,114_01582,114,1582,3,APC,0,N,0,N,0.9917061,0.9917061,3.7346315e-05,8.1836575e-08,0.008247163,2.4997003e-06,2.3098482e-06,1.480577e-08,4.6879486e-06
1839,114_01583,114,1583,0,N,3,APC,0,N,0.99912006,0.99912006,7.1250115e-06,2.8131205e-07,0.00086914015,2.2958157e-07,1.8077563e-06,2.5169027e-09,1.3891528e-06
1840,114_01584,114,1584,0,N,0,N,0,N,0.99983865,0.99983865,1.1801319e-06,5.354999e-08,0.00015928614,2.2892717e-09,1.2427803e-07,7.982308e-11,7.6458537e-07
1841,114_01585,114,1585,0,N,0,N,0,N,0.9999896,0.9999896,3.5668187e-08,1.3577786e-06,8.607826e-06,9.725887e-11,2.584374e-07,6.1774314e-12,1.7213146e-07
1842,114_01586,114,1586,0,N,0,N,0,N,0.99999356,0.99999356,8.209921e-09,2.0386443e-08,6.400101e-06,7.6390993e-13,5.7788224e-10,1.0867511e-14,1.9996177e-08
1843,114_01587,114,1587,0,N,0,N,0,N,0.99999905,0.99999905,2.557671e-08,1.02812024e-07,7.101726e-07,1.1099398e-12,1.2627186e-09,1.7853393e-14,1.03538575e-07
1844,114_01588,114,1588,0,N,0,N,0,N,0.9999994,0.9999994,1.8973756e-08,1.7796924e-07,3.434087e-07,1.4125741e-13,2.521862e-10,1.3677759e-15,5.545713e-08
1845,114_01589,114,1589,3,APC,0,N,0,N,0.9999976,0.9999976,2.1359141e-09,2.09862e-06,2.0181949e-07,1.5362987e-15,2.7756611e-11,1.8105043e-17,6.001793e-08
1846,114_01590,114,1590,0,N,3,APC,0,N,0.9999999,0.9999999,3.395875e-10,8.1266265e-08,5.1271194e-08,8.647174e-18,2.349358e-13,7.6427495e-20,1.7338662e-08
1847,114_01591,114,1591,0,N,0,N,0,N,0.9999987,0.9999987,4.8242073e-09,1.2247122e-06,1.0268946e-08,8.1843195e-17,3.1608e-13,3.194842e-19,2.5651989e-08
1848,114_01592,114,1592,0,N,0,N,0,N,0.9999989,0.9999989,4.607807e-09,1.0356213e-06,2.3817027e-08,1.0908464e-17,7.147631e-14,7.1741064e-20,5.4410926e-08
1849,114_01593,114,1593,0,N,0,N,0,N,0.9999943,0.9999943,2.8422988e-07,5.1556767e-06,1.0581001e-07,1.5694654e-15,2.5120466e-13,2.3461506e-18,1.7756908e-07
1850,114_01594,114,1594,0,N,0,N,0,N,0.99998736,0.99998736,2.6164696e-06,9.000906e-06,1.5374765e-07,3.6990786e-14,3.0866754e-12,9.567053e-17,9.1057336e-07
1851,114_01595,114,1595,0,N,0,N,0,N,0.99999535,0.99999535,1.4321954e-07,3.2690914e-06,8.886968e-07,1.0438406e-15,1.305937e-12,3.5490883e-18,3.3516156e-07
1852,114_01596,114,1596,0,N,0,N,0,N,0.99999356,0.99999356,4.2278265e-07,5.7903308e-06,5.8672793e-08,1.9777019e-15,2.360883e-13,3.3570641e-18,1.6864915e-07
1853,114_01597,114,1597,0,N,0,N,0,N,0.9999981,0.9999981,4.1566167e-08,1.8658952e-06,2.2209672e-08,1.5581661e-16,4.3572632e-14,6.0213005e-19,5.8614894e-08
1854,114_01598,114,1598,3,APC,0,N,0,N,0.9999964,0.9999964,6.903903e-08,3.3286292e-06,5.447631e-08,1.7282598e-16,1.7436322e-13,4.882369e-19,9.2670156e-08
1855,114_01599,114,1599,0,N,3,APC,0,N,0.9999993,0.9999993,4.8305377e-08,6.4568985e-07,3.6592404e-08,8.9245906e-17,5.274307e-14,8.75176e-20,1.58771e-08
1856,114_01600,114,1600,0,N,0,N,0,N,0.9999989,0.9999989,5.7311956e-07,5.0012048e-08,3.9678883e-07,1.9729522e-13,1.1863571e-12,6.253991e-16,8.396459e-08
1857,114_01601,114,1601,0,N,0,N,0,N,0.99999523,0.99999523,2.18571e-07,1.9565111e-07,3.100524e-07,1.1216347e-11,3.7693695e-10,1.0577411e-12,4.0241544e-06
1858,114_01602,114,1602,0,N,0,N,0,N,0.99999213,0.99999213,8.8569244e-08,1.934236e-06,4.691092e-06,5.0415173e-13,1.3128153e-09,1.0257629e-14,1.0877069e-06
1859,114_01603,114,1603,0,N,0,N,0,N,0.9999938,0.9999938,1.3493305e-06,8.1651274e-07,3.6470683e-06,1.2266579e-12,7.812517e-10,6.3378037e-15,4.4026686e-07
1860,114_01604,114,1604,0,N,0,N,0,N,0.9999951,0.9999951,6.207991e-07,1.1553453e-06,5.730141e-07,2.1799078e-11,1.3690323e-09,1.3121262e-12,2.618572e-06
1861,114_01605,114,1605,0,N,0,N,0,N,0.99981,0.99981,1.0798111e-05,4.8498932e-05,3.918328e-06,8.984717e-11,3.987739e-09,7.1293253e-12,0.0001266936
1862,114_01606,114,1606,0,N,0,N,0,N,0.999978,0.999978,1.5269655e-06,9.068415e-06,6.969227e-06,1.8158651e-12,1.0967384e-09,3.1862035e-14,4.4458234e-06
1863,114_01607,114,1607,0,N,0,N,0,N,0.99982154,0.99982154,2.1400969e-05,5.7946956e-05,8.84357e-05,1.2247436e-10,4.0235125e-08,3.1262432e-12,1.0627003e-05
1864,114_01608,114,1608,0,N,0,N,0,N,0.9999505,0.9999505,2.4434923e-05,1.7072909e-05,3.542928e-06,1.3023677e-10,9.050648e-09,8.007501e-13,4.4540398e-06
1865,114_01609,114,1609,0,N,0,N,0,N,0.98983914,0.98983914,0.007733697,5.171605e-05,0.00030778293,6.042118e-08,1.3173407e-07,6.408797e-10,0.0020673869
1866,114_01610,114,1610,0,N,0,N,0,N,0.9983347,0.9983347,0.0011105908,0.000112691545,9.772657e-05,1.26043975e-08,4.2777654e-07,2.651641e-10,0.00034393914
1867,114_01611,114,1611,0,N,0,N,0,N,0.9834581,0.9834581,0.002482555,0.013142126,0.0006687319,3.5974335e-09,2.062238e-07,3.1061213e-11,0.00024833542
1868,114_01612,114,1612,0,N,0,N,0,N,0.99567616,0.99567616,0.0033580123,0.00074115035,4.6961322e-05,4.2221995e-10,9.0527905e-09,8.996005e-13,0.00017776203
1869,114_01613,114,1613,0,N,0,N,0,N,0.66177815,0.66177815,0.33595225,0.00055152754,0.0010226571,5.711203e-07,4.2920306e-08,4.1066736e-10,0.00069488643
1870,114_01614,114,1614,0,N,0,N,0,N,0.5639157,0.5639157,0.42733806,0.0013339415,0.003945409,2.8927561e-06,3.2071723e-06,6.021634e-09,0.0034607798
1871,114_01615,114,1615,0,N,0,N,0,N,0.99669796,0.99669796,0.002811065,0.0003372041,0.00011929617,2.5840244e-08,1.7234217e-07,6.069301e-11,3.434835e-05
1872,114_01616,114,1616,0,N,0,N,0,N,0.9974067,0.9974067,0.0010845637,4.773248e-05,0.00012948358,1.2699456e-09,3.410208e-08,8.0897814e-12,0.0013315227
1873,114_01617,114,1617,0,N,0,N,0,N,0.9982546,0.9982546,0.00015903212,0.0011671667,0.0003796121,3.8350354e-09,5.145562e-07,5.6667386e-11,3.9056806e-05
1874,114_01618,114,1618,0,N,0,N,0,N,0.9999712,0.9999712,1.3872894e-05,3.0762615e-06,2.8894613e-06,4.9964248e-11,3.534414e-09,3.1675452e-13,9.028797e-06
1875,114_01619,114,1619,0,N,0,N,0,N,0.99986994,0.99986994,8.746831e-07,6.566781e-07,0.00012144967,5.7583015e-11,2.3172275e-08,1.7865106e-12,6.9711455e-06
1876,114_01620,114,1620,0,N,0,N,0,N,0.99998736,0.99998736,2.4265193e-08,1.4792903e-07,1.2067965e-05,5.6718536e-12,1.6965478e-08,3.424818e-13,4.6022333e-07
1877,114_01621,114,1621,0,N,0,N,0,N,0.99999833,0.99999833,7.647363e-08,3.4354753e-07,2.4160525e-07,1.9944477e-11,1.6124437e-08,4.1334995e-12,9.337209e-07
1878,114_01622,114,1622,0,N,0,N,0,N,0.9999428,0.9999428,2.2605288e-07,1.146769e-06,5.2681367e-05,2.9797942e-11,3.4762902e-08,1.5320267e-12,3.1367954e-06
1879,114_01623,114,1623,0,N,0,N,0,N,0.999998,0.999998,4.4921368e-08,1.8249649e-07,1.5552819e-06,5.782984e-13,2.0359983e-09,1.2445134e-14,3.159114e-07
1880,114_01624,114,1624,0,N,0,N,0,N,0.99999714,0.99999714,3.309784e-08,9.0418473e-07,1.8743347e-06,8.029026e-13,1.0864615e-09,8.753867e-15,1.007287e-07
1881,114_01625,114,1625,0,N,0,N,0,N,0.9999988,0.9999988,1.5440763e-08,4.4255447e-07,5.822583e-08,2.1299631e-14,1.5366436e-11,8.466669e-16,6.442213e-07
1882,114_01626,114,1626,0,N,0,N,0,N,0.9999544,0.9999544,1.7455993e-07,2.007039e-05,2.3263507e-05,5.291454e-13,3.093775e-09,2.5633509e-14,2.1814635e-06
1883,114_01627,114,1627,0,N,0,N,0,N,0.9996163,0.9996163,2.327135e-05,0.0002922247,1.5366973e-06,2.999616e-10,1.5549121e-08,4.3024057e-12,6.672916e-05
1884,114_01628,114,1628,0,N,0,N,0,N,0.99867505,0.99867505,0.0007431639,3.067486e-05,0.0003946788,4.485071e-09,1.9205191e-07,3.0232043e-11,0.00015624608
1885,114_01629,114,1629,0,N,0,N,0,N,0.9993468,0.9993468,5.268136e-05,3.7318237e-06,0.0005252757,3.267767e-09,4.6812977e-07,6.838695e-11,7.111573e-05
1886,114_01630,114,1630,0,N,0,N,0,N,0.99993896,0.99993896,2.438802e-06,6.03548e-07,3.7873928e-05,2.1141203e-10,1.1178109e-07,1.1097087e-11,2.0062389e-05
1887,114_01631,114,1631,0,N,0,N,0,N,0.9999767,0.9999767,3.4137835e-07,8.078179e-07,2.0812451e-05,1.03575606e-10,5.6314025e-08,6.7701448e-12,1.4231114e-06
1888,114_01632,114,1632,0,N,0,N,0,N,0.99999404,0.99999404,2.042888e-08,9.417619e-07,4.7903213e-06,1.4707887e-12,3.5358028e-09,8.168979e-14,2.5861803e-07
1889,114_01633,114,1633,0,N,0,N,0,N,0.99999917,0.99999917,1.0484712e-09,7.0308613e-07,9.7086826e-08,4.739783e-15,9.008968e-11,3.8612127e-16,5.463973e-08
1890,114_01634,114,1634,0,N,0,N,0,N,0.99999964,0.99999964,5.44005e-11,2.336626e-07,6.975587e-08,1.19361815e-17,1.976744e-12,2.5459673e-19,5.5318194e-09
1891,114_01635,114,1635,0,N,0,N,0,N,0.99999964,0.99999964,2.792849e-09,1.7642928e-07,1.8538714e-07,7.101075e-16,6.08649e-12,4.8009203e-18,8.387978e-09
1892,114_01636,114,1636,0,N,0,N,0,N,0.9999993,0.9999993,7.99828e-08,2.6806023e-07,1.18475905e-08,7.970842e-14,2.1316216e-11,6.0619946e-16,2.62285e-07
1893,114_01637,114,1637,0,N,0,N,0,N,0.99998736,0.99998736,1.0114409e-08,1.8469021e-06,1.02981385e-05,1.0219837e-13,6.3652433e-10,5.276727e-15,4.9316077e-07
1894,114_01638,114,1638,0,N,0,N,0,N,0.9999999,0.9999999,3.971549e-11,4.0340133e-08,3.1020246e-08,3.087071e-17,1.6090694e-12,7.3388974e-19,3.2213816e-09
1895,114_01639,114,1639,0,N,0,N,0,N,0.9999999,0.9999999,1.9095658e-10,1.299605e-07,1.3134797e-08,6.197589e-17,1.803489e-12,6.433438e-19,8.1277225e-09
1896,114_01640,114,1640,0,N,0,N,0,N,0.9999999,0.9999999,2.7550456e-10,3.5697205e-08,9.2723695e-08,1.3202636e-16,4.5645657e-12,2.37584e-18,1.2322631e-08
1897,114_01641,114,1641,0,N,0,N,0,N,0.9999989,0.9999989,1.705505e-09,9.734961e-07,3.8815337e-08,3.7668063e-16,7.802318e-12,3.4258028e-18,7.139996e-08
1898,114_01642,114,1642,0,N,0,N,0,N,0.99999905,0.99999905,1.306492e-09,6.4812656e-07,2.259464e-07,6.4579784e-17,3.2492045e-12,8.6487125e-19,6.829556e-08
1899,114_01643,114,1643,0,N,0,N,0,N,0.99998325,0.99998325,5.592475e-07,1.345181e-05,2.200478e-06,1.4148736e-12,3.9364992e-10,1.2393549e-14,5.846684e-07
1900,114_01644,114,1644,0,N,0,N,0,N,0.99999154,0.99999154,1.8124884e-06,2.288023e-06,5.06772e-07,4.6271676e-12,7.3053796e-10,3.986901e-14,3.862566e-06
1901,114_01645,114,1645,0,N,0,N,0,N,0.9999588,0.9999588,3.5313988e-07,3.5659639e-06,3.216093e-05,9.913462e-13,1.9579536e-09,1.36938385e-14,5.194948e-06
1902,114_01646,114,1646,0,N,0,N,0,N,0.9999517,0.9999517,1.3459836e-06,4.175405e-05,3.9094693e-06,1.2004222e-12,2.785406e-09,5.0638395e-15,1.3113178e-06
1903,114_01647,114,1647,0,N,0,N,0,N,0.99871933,0.99871933,0.00072583125,0.00036554073,1.528963e-05,1.8920482e-10,2.6509912e-08,8.614966e-13,0.00017395761
1904,114_01648,114,1648,0,N,0,N,0,N,0.97836083,0.97836083,0.016065005,0.003545964,0.0014957032,2.3131362e-08,5.7672764e-07,2.787394e-11,0.00053186313
1905,114_01649,114,1649,0,N,0,N,0,N,0.99054414,0.99054414,0.008629303,0.00020147656,0.0004142348,2.1208827e-08,6.130613e-08,1.6019807e-11,0.00021083998
1906,114_01650,114,1650,0,N,0,N,0,N,0.9851909,0.9851909,0.012133909,9.507842e-05,0.0020473367,6.93232e-08,1.5451277e-06,4.847628e-10,0.00053104677
1907,114_01651,114,1651,0,N,0,N,0,N,0.9998333,0.9998333,1.3231414e-05,3.2828427e-07,0.00013892328,8.9797965e-09,4.306249e-07,2.70171e-10,1.3737215e-05
1908,114_01652,114,1652,0,N,0,N,0,N,0.99808925,0.99808925,0.00051749306,2.1714345e-06,0.0013608016,3.2205423e-07,9.367738e-06,2.2206836e-09,2.0483005e-05
1909,114_01653,114,1653,0,N,0,N,0,N,0.9991964,0.9991964,0.00012562094,8.9314636e-07,0.00065493,3.629889e-07,4.7098397e-06,4.1298924e-09,1.7065924e-05
1910,114_01654,114,1654,0,N,0,N,0,N,0.9997493,0.9997493,9.806287e-06,2.1944775e-06,0.00023303907,4.984607e-08,2.8357133e-06,2.8239855e-09,2.8652269e-06
1911,114_01655,114,1655,0,N,0,N,0,N,0.99998266,0.99998266,8.427706e-08,2.0918795e-07,1.6822261e-05,1.0137895e-10,3.0315938e-08,1.3059261e-11,3.0992197e-07
1912,114_01656,114,1656,0,N,0,N,0,N,0.9999766,0.9999766,2.2763338e-08,5.300922e-07,2.2720453e-05,3.9750763e-12,1.08644995e-08,2.682221e-13,2.6495627e-07
1913,114_01657,114,1657,0,N,0,N,0,N,0.99999774,0.99999774,2.3943383e-07,2.9681084e-07,9.845194e-07,1.5543315e-11,2.7978502e-09,2.4998525e-13,7.687938e-07
1914,114_01658,114,1658,0,N,0,N,0,N,0.9999084,0.9999084,3.8625888e-07,1.5166256e-07,8.45693e-05,1.4520231e-10,4.2625228e-08,1.8586105e-11,6.4671854e-06
1915,114_01659,114,1659,0,N,0,N,0,N,0.9999803,0.9999803,2.6375392e-07,7.985256e-06,1.0723776e-05,1.7080636e-10,1.0338981e-07,9.998718e-12,7.22551e-07
1916,114_01660,114,1660,0,N,0,N,0,N,0.99999034,0.99999034,1.0733293e-06,3.6388114e-06,2.3195364e-06,3.4931006e-11,3.9701593e-09,1.1351141e-12,2.6249102e-06
1917,114_01661,114,1661,0,N,0,N,0,N,0.99996203,0.99996203,4.0946734e-08,1.0249687e-06,3.536469e-05,1.5675416e-12,5.468271e-09,1.1090984e-13,1.6167844e-06
1918,114_01662,114,1662,0,N,0,N,0,N,0.99999917,0.99999917,1.1860069e-08,2.3954084e-07,5.6353576e-07,6.0970104e-13,1.6908134e-09,1.1978934e-14,6.363007e-08
1919,114_01663,114,1663,0,N,0,N,0,N,0.99999714,0.99999714,4.076854e-08,3.456375e-07,7.480422e-07,1.6177584e-12,1.4881555e-09,1.8923643e-13,1.7183778e-06
1920,114_01664,114,1664,0,N,0,N,0,N,0.99996454,0.99996454,1.06080265e-07,1.552225e-06,3.149461e-05,2.6520088e-12,1.31743265e-08,1.6278602e-13,2.3697173e-06
1921,114_01665,114,1665,0,N,0,N,0,N,0.9999919,0.9999919,2.8954216e-06,3.2655325e-07,1.9595009e-06,1.4596226e-10,1.8393399e-08,2.2223263e-12,2.9385253e-06
1922,114_01666,114,1666,0,N,0,N,0,N,0.9997857,0.9997857,6.873022e-06,6.1815115e-08,0.0002017505,3.3033127e-09,4.1852113e-07,7.5758295e-11,5.2534956e-06
1923,114_01667,114,1667,0,N,0,N,0,N,0.9999704,0.9999704,4.8942246e-07,1.5708045e-07,2.8442566e-05,1.0305832e-09,7.8923044e-08,8.884665e-12,5.0599334e-07
1924,114_01668,114,1668,0,N,0,N,0,N,0.99996394,0.99996394,2.1010392e-07,5.0277425e-08,3.551384e-05,2.1282244e-10,2.542295e-08,3.874245e-12,3.6096912e-07
1925,114_01669,114,1669,0,N,0,N,0,N,0.99997,0.99997,2.988636e-07,1.0558816e-06,2.6777521e-05,1.6994938e-09,6.32941e-07,1.726052e-10,1.2037129e-06
1926,114_01670,114,1670,0,N,0,N,0,N,0.9999938,0.9999938,5.082013e-07,1.0849519e-06,2.245904e-06,2.8800184e-10,4.823045e-08,4.7215044e-11,2.260117e-06
1927,114_01671,114,1671,0,N,0,N,0,N,0.99983793,0.99983793,1.5582425e-06,2.1935232e-06,0.00014432693,2.2518779e-10,1.1042783e-07,1.2619722e-11,1.3865966e-05
1928,114_01672,114,1672,0,N,0,N,0,N,0.99998546,0.99998546,1.2563402e-07,3.5040543e-07,1.3369082e-05,2.949223e-11,4.5577668e-08,1.7521888e-12,6.830196e-07
1929,114_01673,114,1673,0,N,0,N,0,N,0.9999869,0.9999869,4.1573887e-07,9.544565e-08,1.0349735e-05,5.9743765e-11,1.024566e-08,1.6548015e-12,2.1934002e-06
1930,114_01674,114,1674,0,N,0,N,0,N,0.99949354,0.99949354,4.225594e-06,5.761074e-08,0.00048376824,2.7052801e-08,7.2710947e-07,4.8168686e-10,1.7624247e-05
1931,114_01675,114,1675,0,N,0,N,0,N,0.999474,0.999474,3.7509537e-06,8.386463e-07,0.00042494028,1.7689761e-05,6.3483545e-05,3.780342e-07,1.50327605e-05
1932,114_01676,114,1676,0,N,0,N,0,N,0.9848281,0.9848281,4.628557e-05,3.6835266e-07,0.015041731,8.145818e-06,5.1570278e-05,2.8664118e-07,2.3385472e-05
1933,114_01677,114,1677,0,N,0,N,0,N,0.9939231,0.9939231,8.9230394e-05,5.567318e-08,0.005892052,4.8812457e-05,1.5847267e-05,1.3389915e-07,3.0724037e-05
1934,114_01678,114,1678,0,N,0,N,0,N,0.99901104,0.99901104,3.7854168e-06,6.3542096e-08,0.0009816496,7.064429e-07,1.1069448e-06,8.83361e-09,1.5958913e-06
1935,114_01679,114,1679,0,N,0,N,0,N,0.99670136,0.99670136,4.0167483e-06,4.544107e-08,0.0032925634,6.124243e-08,2.515179e-07,5.344487e-10,1.7151383e-06
1936,114_01680,114,1680,0,N,0,N,0,N,0.9995799,0.9995799,2.6567852e-06,1.3523469e-07,0.0004096841,2.1845916e-07,1.5646432e-06,9.587645e-10,5.7972275e-06
1937,114_01681,114,1681,0,N,0,N,0,N,0.9999723,0.9999723,1.3699258e-07,1.9622264e-06,2.5316021e-05,6.701043e-10,9.539621e-08,8.968693e-11,3.0042222e-07
1938,114_01682,114,1682,0,N,0,N,0,N,0.9999835,0.9999835,3.5093894e-08,8.1149155e-06,7.5903217e-06,2.2965538e-12,6.940819e-09,4.0040944e-13,9.1281913e-07
1939,114_01683,114,1683,0,N,0,N,0,N,0.9999657,0.9999657,8.157649e-06,9.454469e-06,5.4779357e-06,9.490729e-10,4.2005713e-08,2.440057e-11,1.1127898e-05
1940,114_01684,114,1684,0,N,0,N,0,N,0.9993594,0.9993594,0.00027319934,6.726092e-06,0.00028530197,3.6610793e-08,1.5570333e-06,1.1708226e-09,7.3887e-05
1941,114_01685,114,1685,0,N,0,N,0,N,0.99727035,0.99727035,8.711878e-05,6.325339e-07,0.0025310745,6.806495e-07,5.7299794e-06,1.0823117e-08,0.00010446818
1942,114_01686,114,1686,0,N,0,N,0,N,0.99127024,0.99127024,0.00011662897,1.7226036e-07,0.008486311,1.3629458e-06,3.2018663e-05,4.5399513e-08,9.309244e-05
1943,114_01687,114,1687,0,N,0,N,0,N,0.9887258,0.9887258,6.1584644e-05,2.825952e-07,0.011171424,9.708293e-06,2.2035461e-05,9.8481685e-08,9.191742e-06
1944,114_01688,114,1688,0,N,0,N,0,N,0.9963788,0.9963788,2.7674876e-05,1.13283534e-07,0.0035846825,2.0637276e-06,9.447352e-07,2.0728796e-08,5.7544207e-06
1945,114_01689,114,1689,0,N,0,N,0,N,0.9957193,0.9957193,2.6491769e-05,3.7206027e-07,0.004241295,2.8838233e-06,6.877988e-06,1.9027217e-08,2.8016518e-06
1946,114_01690,114,1690,0,N,0,N,0,N,0.9888022,0.9888022,0.00021498189,4.185985e-07,0.0108195655,5.274969e-05,9.905539e-05,2.6324798e-07,1.0757996e-05
1947,114_01691,114,1691,0,N,0,N,0,N,0.9761063,0.9761063,0.0001951091,9.831799e-06,0.020331806,0.0018320328,0.0015033245,1.0190139e-06,2.0592845e-05
1948,114_01692,114,1692,0,N,0,N,0,N,0.9602336,0.9602336,8.6846885e-05,6.4827634e-07,0.03954811,0.000104121886,1.7722246e-05,5.6208495e-07,8.214193e-06
1949,114_01693,114,1693,0,N,0,N,0,N,0.99962604,0.99962604,7.2242324e-07,5.328293e-07,0.00037083006,5.5057914e-08,1.1719658e-06,2.0994941e-09,6.3701174e-07
1950,114_01694,114,1694,0,N,0,N,0,N,0.99995464,0.99995464,6.1461747e-09,2.1352498e-07,4.5192344e-05,4.2841806e-12,7.965036e-09,2.491092e-13,3.7444494e-08
1951,114_01695,114,1695,0,N,0,N,0,N,0.999998,0.999998,3.1879774e-09,1.699834e-06,3.239463e-07,1.2615206e-13,3.0033726e-10,2.814166e-15,1.9687041e-08
1952,114_01696,114,1696,0,N,0,N,0,N,0.9999642,0.9999642,6.9912403e-07,3.1528165e-05,5.8946085e-07,1.0530644e-12,1.0987101e-09,3.3078093e-14,3.0966823e-06
1953,114_01697,114,1697,0,N,0,N,0,N,0.9996498,0.9996498,8.369003e-05,0.00021744671,3.696275e-05,3.2203878e-10,2.899868e-08,8.337888e-12,1.2082048e-05
1954,114_01698,114,1698,0,N,0,N,0,N,0.99973696,0.99973696,2.9342275e-05,0.00019607789,2.8498476e-05,1.0110824e-10,4.84682e-09,1.8552382e-12,9.175129e-06
1955,114_01699,114,1699,0,N,0,N,0,N,0.9992776,0.9992776,0.00040799612,0.00015182419,2.9958533e-06,2.2294498e-10,1.4763454e-09,3.583597e-12,0.00015951802
1956,114_01700,114,1700,0,N,0,N,0,N,0.9915382,0.9915382,0.0026790467,0.00137184,0.0041379607,4.903229e-09,7.6206675e-08,5.998853e-11,0.00027284687
1957,114_01701,114,1701,0,N,0,N,0,N,0.99965376,0.99965376,0.00016812759,0.00014941746,2.2482503e-05,1.0662137e-09,4.998399e-09,3.8375414e-12,6.2276513e-06
1958,114_01702,114,1702,0,N,0,N,0,N,0.9990176,0.9990176,0.00020379975,3.8481485e-05,4.8094564e-05,3.614957e-10,1.4788871e-08,7.2019847e-12,0.0006921012
1959,114_01703,114,1703,0,N,0,N,0,N,0.9710849,0.9710849,0.0012246914,0.023804778,0.0037339174,7.932386e-09,6.0328114e-07,5.1722515e-11,0.00015102404
1960,114_01704,114,1704,0,N,0,N,0,N,0.99898666,0.99898666,0.00080671813,6.4339685e-05,2.0224888e-05,5.77589e-10,8.748352e-09,2.4383412e-12,0.0001220834
1961,114_01705,114,1705,0,N,0,N,0,N,0.9258267,0.9258267,0.073135585,0.0005081156,0.0004159606,1.096884e-07,1.0094037e-07,9.1356055e-11,0.000113347596
1962,114_01706,114,1706,0,N,0,N,0,N,0.99427867,0.99427867,0.00510817,5.8904785e-05,0.00030943123,8.938241e-09,2.9252243e-08,2.7017454e-11,0.00024481618
1963,114_01707,114,1707,0,N,0,N,0,N,0.99974644,0.99974644,5.9475846e-05,0.00012389591,6.4694104e-05,1.1235899e-09,3.6313903e-08,1.45357155e-11,5.494532e-06
1964,114_01708,114,1708,0,N,0,N,0,N,0.99993145,0.99993145,4.9313157e-06,1.1330614e-05,1.1798104e-06,4.608447e-12,1.802041e-09,1.0234715e-13,5.108538e-05
1965,114_01709,114,1709,0,N,0,N,0,N,0.99786687,0.99786687,5.0238235e-05,0.0002596106,0.0017737799,1.5645124e-10,3.3840234e-08,1.7640531e-12,4.938951e-05
1966,114_01710,114,1710,0,N,0,N,0,N,0.99984676,0.99984676,7.05768e-05,6.9411355e-05,6.099674e-06,2.0912388e-10,8.179256e-09,7.390271e-13,7.2515313e-06
1967,114_01711,114,1711,0,N,0,N,0,N,0.9996168,0.9996168,9.084531e-05,4.160367e-05,1.4078442e-05,7.9281186e-11,4.1426533e-09,1.0628102e-12,0.00023670665
1968,114_01712,114,1712,0,N,0,N,0,N,0.99923474,0.99923474,6.305959e-05,0.00018628004,0.00050140417,1.05789995e-10,1.7274743e-08,8.8628795e-13,1.4450854e-05
1969,114_01713,114,1713,0,N,0,N,0,N,0.9834081,0.9834081,0.013931959,0.0025538064,2.358532e-05,8.584425e-09,5.4167447e-08,1.5809399e-11,8.250831e-05
1970,114_01714,114,1714,0,N,0,N,0,N,0.9380873,0.9380873,0.06002164,0.00059529446,0.0005456431,2.7909428e-08,9.622607e-08,5.747786e-11,0.00075012376
1971,114_01715,114,1715,0,N,0,N,0,N,0.9980736,0.9980736,0.0014709685,1.6522114e-05,0.00039356184,3.440169e-09,1.2763264e-08,3.4550843e-12,4.537911e-05
1972,114_01716,114,1716,0,N,0,N,0,N,0.9999242,0.9999242,1.2960054e-05,9.206686e-06,4.714001e-05,3.340526e-10,1.1646563e-08,2.2617897e-12,6.4795113e-06
1973,114_01717,114,1717,0,N,0,N,0,N,0.9999981,0.9999981,1.2850222e-08,4.4396606e-07,1.0451233e-06,1.28316e-13,5.6991173e-10,8.815233e-15,4.1439372e-07
1974,114_01718,114,1718,0,N,0,N,0,N,0.9999989,0.9999989,1.7706392e-09,3.904543e-07,7.1325815e-07,3.792501e-15,5.5819318e-11,5.0532864e-17,2.6276448e-08
1975,114_01719,114,1719,0,N,0,N,0,N,0.99999607,0.99999607,2.8428607e-08,2.2213742e-06,1.1972048e-06,6.626214e-14,2.986692e-10,2.3394199e-15,5.4918877e-07
1976,114_01720,114,1720,0,N,0,N,0,N,0.9999797,0.9999797,5.5133444e-07,1.81811e-05,7.43742e-07,6.4181174e-13,2.2329576e-10,7.60617e-15,8.915776e-07
1977,114_01721,114,1721,0,N,0,N,0,N,0.9999473,0.9999473,9.24193e-06,1.5774516e-05,1.553854e-06,4.2408572e-12,1.749786e-10,5.994711e-14,2.6096328e-05
1978,114_01722,114,1722,0,N,0,N,0,N,0.99998486,0.99998486,1.4954443e-07,5.2063074e-06,9.545165e-06,1.6171977e-13,1.4929981e-10,3.5405643e-15,2.3770912e-07
1979,114_01723,114,1723,0,N,0,N,0,N,0.9999743,0.9999743,9.835674e-07,2.40358e-05,2.8356766e-07,8.998551e-13,6.269355e-11,6.657102e-15,4.928647e-07
1980,114_01724,114,1724,0,N,0,N,0,N,0.999968,0.999968,2.6126526e-07,2.103821e-05,1.1950917e-06,6.944494e-14,8.743151e-11,3.957727e-15,9.617308e-06
1981,114_01725,114,1725,0,N,0,N,0,N,0.9998641,0.9998641,1.1653619e-06,0.00012418127,6.7449155e-06,7.7260095e-13,2.8583527e-10,8.114342e-15,3.781145e-06
1982,114_01726,114,1726,0,N,0,N,0,N,0.9999944,0.9999944,2.4943828e-08,5.1706315e-06,2.8006042e-07,1.0825271e-15,3.8207115e-12,8.500149e-18,1.2169325e-07
1983,114_01727,114,1727,0,N,0,N,0,N,0.99999774,0.99999774,7.476023e-08,1.3020207e-06,8.038011e-07,6.7937938e-15,5.090227e-12,3.4894396e-17,9.758126e-08
1984,114_01728,114,1728,0,N,0,N,0,N,0.99999356,0.99999356,1.1952202e-06,4.0667783e-06,8.072801e-07,1.2659146e-12,8.2933584e-11,8.802894e-15,3.2643453e-07
1985,114_01729,114,1729,0,N,0,N,0,N,0.99993145,0.99993145,8.963082e-06,2.5526972e-05,3.3962274e-07,7.870349e-12,4.012332e-10,2.4087446e-13,3.379098e-05
1986,114_01730,114,1730,0,N,0,N,0,N,0.99973637,0.99973637,8.685374e-06,0.0001720407,6.9813614e-05,2.0028393e-12,7.876194e-10,2.8246152e-14,1.3041787e-05
1987,114_01731,114,1731,0,N,0,N,0,N,0.9999429,0.9999429,1.8038079e-06,5.0306757e-05,3.8036505e-06,1.5003102e-12,2.013798e-10,2.1857607e-14,1.1458529e-06
1988,114_01732,114,1732,0,N,0,N,0,N,0.9994069,0.9994069,0.00014378205,0.0003970016,9.091517e-06,6.243227e-11,3.6209642e-09,5.6442833e-13,4.31775e-05
1989,114_01733,114,1733,0,N,0,N,0,N,0.58335435,0.58335435,0.4043021,0.009452932,0.00036094242,6.8233966e-08,1.0432069e-07,2.2162827e-10,0.0025294847
1990,114_01734,114,1734,0,N,0,N,0,N,0.59938383,0.59938383,0.3976508,0.0010060037,0.001222519,2.3195845e-07,3.263335e-08,1.7986938e-10,0.0007364967
1991,114_01735,114,1735,0,N,0,N,0,N,0.97239333,0.97239333,0.026300129,0.00020387243,0.001026934,1.9241445e-07,6.88282e-08,2.1516587e-10,7.535465e-05
1992,114_01736,114,1736,0,N,0,N,0,N,0.9998758,0.9998758,8.9777e-06,3.5365147e-07,0.00010532891,2.697803e-10,9.950565e-09,1.8187953e-12,9.612167e-06
1993,114_01737,114,1737,0,N,0,N,0,N,0.99995375,0.99995375,2.319488e-07,2.6262484e-08,4.560473e-05,6.3779965e-10,3.8393452e-08,3.3775571e-12,4.1045055e-07
1994,114_01738,114,1738,0,N,0,N,0,N,0.9999545,0.9999545,4.72204e-07,1.2755163e-08,4.4688753e-05,5.2225737e-08,2.3070453e-07,1.6264437e-10,1.104089e-07
1995,114_01739,114,1739,0,N,0,N,0,N,0.99913657,0.99913657,5.652919e-06,8.566617e-08,0.0008460579,1.8130487e-06,9.062236e-06,5.817027e-09,6.6845377e-07
1996,114_01740,114,1740,0,N,0,N,0,N,0.9987663,0.9987663,5.715897e-06,1.7451738e-07,0.0011165428,5.447387e-05,5.0367744e-05,2.9779326e-07,6.1392316e-06
1997,114_01741,114,1741,0,N,0,N,0,N,0.9987629,0.9987629,4.0098303e-06,3.2810253e-06,0.0010846499,8.7417735e-05,4.2679763e-05,1.0822765e-05,4.2700626e-06
1998,114_01742,114,1742,0,N,0,N,0,N,0.99998486,0.99998486,1.6774491e-07,4.190357e-06,9.950005e-06,1.4400677e-09,2.0957788e-08,7.092789e-10,7.8181233e-07
1999,114_01743,114,1743,0,N,0,N,0,N,0.9999655,0.9999655,3.2196679e-09,6.861201e-07,3.27869e-05,4.619602e-13,3.4450207e-09,3.7061253e-13,1.0584114e-06
2000,114_01744,114,1744,0,N,0,N,0,N,0.9999993,0.9999993,1.353873e-09,3.5536337e-07,1.3346678e-07,8.578678e-15,4.0042688e-11,8.888276e-16,2.7144932e-07
2001,114_01745,114,1745,0,N,0,N,0,N,0.9999987,0.9999987,2.0807162e-08,4.5367622e-07,6.3976165e-07,1.2237661e-12,1.0745758e-09,3.2223037e-14,1.8051124e-07
2002,114_01746,114,1746,0,N,0,N,0,N,0.9999256,0.9999256,1.2665159e-06,8.818943e-09,6.275882e-05,2.4033514e-10,1.4895718e-08,1.1500671e-11,1.0265175e-05
2003,114_01747,114,1747,0,N,0,N,0,N,0.99991924,0.99991924,4.0386166e-07,9.051181e-08,7.402243e-05,7.063943e-07,3.815244e-06,9.965224e-09,1.75217e-06
2004,114_01748,114,1748,0,N,0,N,0,N,0.9993968,0.9993968,4.35071e-06,5.8150425e-07,0.00058570807,1.7540274e-06,4.236377e-06,1.1254551e-07,6.4041433e-06
2005,114_01749,114,1749,0,N,0,N,0,N,0.9977522,0.9977522,1.3145175e-05,4.487401e-07,0.0022232477,1.2899723e-06,5.1533925e-06,3.8023273e-08,4.3864766e-06
2006,114_01750,114,1750,0,N,0,N,0,N,0.99970293,0.99970293,1.0983007e-05,1.4639225e-07,0.00022484071,4.758979e-06,4.767046e-06,2.1136809e-07,5.1373794e-05
2007,114_01751,114,1751,0,N,0,N,0,N,0.99720335,0.99720335,1.10798765e-05,2.7533583e-06,0.0025656477,6.389524e-05,0.00012418565,7.5278626e-06,2.1632794e-05
2008,114_01752,114,1752,0,N,0,N,0,N,0.98978865,0.98978865,0.0003045683,1.4336563e-06,0.009524279,0.00022853397,0.00011678876,7.9182055e-06,2.7804732e-05
2009,114_01753,114,1753,0,N,0,N,0,N,0.996664,0.996664,3.5467332e-05,1.27506555e-05,0.0026519888,0.0001541883,0.0002573738,1.8440286e-06,0.00022233372
2010,114_01754,114,1754,0,N,0,N,0,N,0.9501567,0.9501567,0.0003261868,1.7546152e-05,0.034624986,0.014305328,0.000299272,0.00021904294,5.0883446e-05
2011,114_01755,114,1755,0,N,0,N,0,N,0.9946733,0.9946733,7.3370305e-05,1.1849987e-05,0.0029340582,0.00087844045,0.0013550783,1.48796935e-05,5.9016802e-05
2012,114_01756,114,1756,0,N,0,N,0,N,0.8761111,0.8761111,0.00024348046,5.9718583e-05,0.04909975,0.07326227,0.00080697314,0.00023448205,0.0001823061
2013,114_01757,114,1757,0,N,0,N,0,N,0.91370255,0.91370255,0.00023579273,1.3919091e-05,0.06873206,0.016871352,0.0002780878,0.00011443796,5.1792147e-05
2014,114_01758,114,1758,0,N,0,N,0,N,0.99945843,0.99945843,1.0252799e-05,2.4412583e-07,0.00049143506,1.2315438e-05,2.1409605e-05,8.199419e-07,5.0717535e-06
2015,114_01759,114,1759,0,N,0,N,0,N,0.97833526,0.97833526,7.148498e-05,0.00015326252,0.015120201,0.003888781,0.0023096916,6.7471206e-06,0.00011459352
2016,114_01760,114,1760,0,N,0,N,0,N,0.94343686,0.94343686,0.011861941,3.4004347e-06,0.023040708,0.021471886,0.00011456157,5.282111e-05,1.7838018e-05
2017,114_01761,114,1761,0,N,0,N,0,N,0.9297196,0.9297196,0.009801149,0.0014681829,0.0057360465,0.044975586,0.0077639725,0.00014705495,0.0003885568
2018,114_01762,114,1762,0,N,0,N,0,N,0.7633684,0.7633684,0.01922262,8.657219e-05,0.069327734,0.14620933,0.0008208956,0.00064353336,0.00032090815
2019,114_01763,114,1763,0,N,0,N,0,N,0.98138463,0.98138463,0.00015653075,3.4766585e-05,0.01186313,0.005692475,0.0006970028,6.466655e-05,0.00010668831
2020,114_01764,114,1764,0,N,0,N,0,N,0.8165653,0.8165653,0.0016565056,4.612111e-05,0.043744974,0.13666993,0.0004844649,0.0006899662,0.00014284186
2021,114_01765,114,1765,0,N,0,N,0,N,0.88853943,0.88853943,0.0011387451,4.09879e-05,0.04323271,0.06540401,0.0012693561,0.00019436453,0.00018035399
2022,114_01766,114,1766,0,N,0,N,0,N,0.98794496,0.98794496,0.0007945419,9.2080525e-05,0.0034115284,0.00663832,0.00076591497,9.7157696e-05,0.00025549522
2023,114_01767,114,1767,0,N,0,N,0,N,0.83458453,0.83458453,0.0009864683,0.0006831401,0.0939622,0.06673863,0.0010409955,0.0012863353,0.0007176159
2024,114_01768,114,1768,0,N,0,N,0,N,0.9615983,0.9615983,0.00045920236,1.9847191e-06,0.03574686,0.0019514231,0.00013825056,6.65564e-05,3.7499292e-05
2025,114_01769,114,1769,0,N,0,N,0,N,0.99907494,0.99907494,2.9698285e-06,2.504424e-06,0.00085602916,9.687896e-06,4.1791824e-05,4.4669838e-07,1.1576022e-05
2026,114_01770,114,1770,0,N,0,N,0,N,0.9978815,0.9978815,2.1377325e-06,5.733029e-07,0.0021015175,1.7019919e-06,8.674015e-06,1.6726155e-07,3.7227144e-06
2027,114_01771,114,1771,0,N,0,N,0,N,0.99940974,0.99940974,4.1382245e-06,1.9563392e-07,0.0005616374,6.557083e-07,8.200017e-06,2.5654392e-08,1.5285075e-05
2028,114_01772,114,1772,0,N,0,N,0,N,0.9989513,0.9989513,8.835582e-06,1.8652589e-05,0.0006936321,1.4775803e-05,0.000106958425,3.4431784e-07,0.00020553659
2029,114_01773,114,1773,0,N,0,N,0,N,0.99779654,0.99779654,0.00014467543,7.006038e-06,0.0020362113,8.709515e-06,4.9572295e-06,2.0591162e-07,1.7462672e-06
2030,114_01774,114,1774,0,N,0,N,0,N,0.99895656,0.99895656,1.4488417e-05,9.916669e-08,0.0009991104,3.517281e-07,1.5651788e-06,4.9748228e-09,2.7811355e-05
2031,114_01775,114,1775,0,N,0,N,0,N,0.99985105,0.99985105,1.1818179e-06,2.253592e-06,0.00013788852,8.496528e-08,5.7072975e-06,1.3195942e-08,1.8024557e-06
2032,114_01776,114,1776,0,N,0,N,0,N,0.9999816,0.9999816,6.6255035e-07,5.5711544e-06,1.1415307e-05,2.3513462e-09,1.4856339e-07,3.5084755e-10,6.7318234e-07
2033,114_01777,114,1777,0,N,0,N,0,N,0.9998772,0.9998772,5.8160464e-07,7.628578e-08,0.00011919102,5.4048455e-10,4.3161805e-08,6.0920186e-11,2.9542543e-06
2034,114_01778,114,1778,0,N,0,N,0,N,0.99984056,0.99984056,7.2207777e-06,1.3266858e-06,0.00011596571,1.0352745e-06,2.3842993e-05,3.3018136e-08,9.98565e-06
2035,114_01779,114,1779,0,N,0,N,0,N,0.99796116,0.99796116,2.2642407e-06,1.5253427e-06,0.0019928096,3.0363801e-06,3.117136e-05,1.0932339e-07,7.836445e-06
2036,114_01780,114,1780,0,N,0,N,0,N,0.99932814,0.99932814,1.5978707e-06,6.7306935e-08,0.0006646062,2.1134768e-07,3.3577126e-06,1.5681504e-08,2.0026387e-06
2037,114_01781,114,1781,0,N,0,N,0,N,0.9990952,0.9990952,8.772844e-06,9.808857e-06,0.0005200907,9.07367e-05,0.00026204155,9.340411e-07,1.2403495e-05
2038,114_01782,114,1782,0,N,0,N,0,N,0.9705577,0.9705577,0.00027618412,1.932953e-06,0.027512472,0.0014466529,0.00017766825,8.40181e-06,1.8841423e-05
2039,114_01783,114,1783,0,N,0,N,0,N,0.9847518,0.9847518,0.00030361893,1.905476e-05,0.006737198,0.00649587,0.0016428973,9.085919e-06,4.049082e-05
2040,114_01784,114,1784,0,N,0,N,0,N,0.9686044,0.9686044,0.0007021895,2.7391283e-05,0.020061031,0.009800995,0.00064661866,7.030817e-05,8.711758e-05
2041,114_01785,114,1785,0,N,0,N,0,N,0.84875184,0.84875184,0.0012755807,0.00018075235,0.052580394,0.094789326,0.0021285608,0.00014236124,0.00015119501
2042,114_01786,114,1786,3,APC,0,N,0,N,0.94330055,0.94330055,0.0008491875,4.547558e-06,0.037885893,0.017684348,0.00016463883,6.69082e-05,4.3844124e-05
2043,114_01787,114,1787,0,N,3,APC,0,N,0.9535619,0.9535619,0.0006135132,4.2345335e-05,0.029544393,0.01531918,0.00087760657,1.3761462e-05,2.721209e-05
2044,114_01788,114,1788,0,N,0,N,0,N,0.96280444,0.96280444,0.0013776977,5.089913e-06,0.018265817,0.017160693,0.00023086675,6.411794e-05,9.118361e-05
2045,114_01789,114,1789,0,N,0,N,0,N,0.8373512,0.8373512,0.0029005362,0.00024811336,0.060137138,0.09587433,0.0026653875,0.0003706493,0.0004525797
2046,114_01790,114,1790,0,N,0,N,0,N,0.9459754,0.9459754,0.0026085698,1.5434069e-05,0.03453741,0.016551835,0.0001546552,8.772419e-05,6.91012e-05
2047,114_01791,114,1791,0,N,0,N,0,N,0.95365244,0.95365244,0.0005482732,2.1512757e-05,0.01666439,0.028795488,0.00020956865,6.0720125e-05,4.7617836e-05
2048,114_01792,114,1792,0,N,0,N,0,N,0.9786792,0.9786792,0.00039432777,4.33327e-06,0.01931426,0.0015066719,3.8106256e-05,2.4944098e-05,3.8114325e-05
2049,114_01793,114,1793,0,N,0,N,0,N,0.9974284,0.9974284,1.7292905e-06,1.0064349e-06,0.0025630519,1.4455242e-06,2.1343421e-06,8.242174e-08,2.2242764e-06
2050,114_01794,114,1794,0,N,0,N,0,N,0.9999812,0.9999812,1.6819932e-08,6.2887864e-08,1.8730158e-05,9.56852e-11,7.018133e-09,6.464017e-12,4.8723585e-08
2051,114_01795,114,1795,0,N,0,N,0,N,0.9999994,0.9999994,8.7406793e-10,5.27949e-07,1.2836399e-08,3.324642e-15,3.475766e-11,4.4500993e-16,3.7735617e-08
2052,114_01796,114,1796,0,N,0,N,0,N,0.9999995,0.9999995,4.700286e-09,3.599864e-07,1.3446898e-07,6.3593905e-16,2.8900745e-12,1.3727562e-17,5.8574714e-09
2053,114_01797,114,1797,0,N,0,N,0,N,0.99999833,0.99999833,4.5964282e-07,1.0495094e-06,1.7874892e-09,5.530068e-14,1.0489267e-12,2.2549401e-16,1.4656963e-07
2054,114_01798,114,1798,0,N,0,N,0,N,0.99977344,0.99977344,1.5256751e-06,0.00011410749,0.00010884963,9.847819e-13,3.935788e-09,2.4872308e-14,2.0146883e-06
2055,114_01799,114,1799,0,N,0,N,0,N,0.9999718,0.9999718,1.3360207e-05,1.1789071e-05,3.6287864e-07,3.961672e-10,3.1055527e-09,1.6714555e-12,2.739307e-06
2056,114_01800,114,1800,0,N,0,N,0,N,0.9989179,0.9989179,6.956711e-05,1.3945318e-05,6.506041e-05,9.362005e-10,4.6139643e-08,4.5756857e-11,0.00093336037
2057,114_01801,114,1801,0,N,0,N,0,N,0.99251556,0.99251556,0.0002628371,0.005192319,0.0015545252,2.7681377e-09,9.238934e-07,2.0485139e-10,0.00047388303
2058,114_01802,114,1802,0,N,0,N,0,N,0.99999106,0.99999106,1.093499e-06,5.0168005e-06,7.318023e-07,2.7096725e-13,2.2497657e-11,1.6150177e-15,2.1485841e-06
2059,114_01803,114,1803,0,N,0,N,0,N,0.9996213,0.9996213,3.7857176e-06,2.1226202e-07,0.00037291023,4.5115394e-11,2.9608357e-10,2.607826e-13,1.8194464e-06
2060,114_01804,114,1804,0,N,0,N,0,N,0.9999976,0.9999976,2.0267626e-07,5.543207e-08,4.3049855e-07,8.224601e-11,1.3152592e-08,6.7049396e-12,1.7041818e-06
2061,114_01805,114,1805,0,N,0,N,0,N,0.9999875,0.9999875,2.318832e-07,9.780615e-07,8.176223e-06,2.2898908e-10,3.5490515e-08,5.526358e-11,3.1483394e-06
2062,114_01806,114,1806,0,N,0,N,0,N,0.999985,0.999985,1.7756504e-07,2.0975737e-07,1.239916e-05,5.422484e-11,2.2172348e-08,1.9624446e-11,2.1963976e-06
2063,114_01807,114,1807,0,N,0,N,0,N,0.99993336,0.99993336,2.380316e-06,8.319441e-06,4.509572e-05,6.3656795e-09,6.097573e-06,5.7418453e-10,4.781341e-06
2064,114_01808,114,1808,0,N,0,N,0,N,0.9999793,0.9999793,6.0527773e-06,2.5218856e-08,6.6774496e-06,9.053464e-09,1.0279412e-07,8.48993e-10,7.88495e-06
2065,114_01809,114,1809,0,N,0,N,0,N,0.9994101,0.9994101,7.538836e-05,2.6586948e-05,0.00032284186,4.4056205e-07,1.4181976e-05,3.2392556e-08,0.00015030947
2066,114_01810,114,1810,0,N,0,N,0,N,0.998603,0.998603,1.9880537e-05,1.861618e-07,0.0013728983,5.479738e-08,1.0312741e-06,2.3582347e-09,2.970595e-06
2067,114_01811,114,1811,0,N,0,N,0,N,0.99997264,0.99997264,2.1059516e-06,5.668456e-06,6.239371e-06,2.5335254e-09,3.8889885e-07,4.062274e-10,1.2953922e-05
2068,114_01812,114,1812,0,N,0,N,0,N,0.9999871,0.9999871,6.977133e-09,5.204326e-07,1.2360132e-05,9.935967e-13,6.5608735e-10,5.877169e-14,3.8819543e-08
2069,114_01813,114,1813,0,N,0,N,0,N,0.9999988,0.9999988,3.2334992e-09,5.5518507e-07,3.4898838e-07,4.3432665e-15,8.081023e-11,2.8271863e-16,2.3993033e-07
2070,114_01814,114,1814,0,N,0,N,0,N,0.9999993,0.9999993,1.5862602e-08,3.1715976e-07,6.0001774e-08,7.252165e-14,4.2600833e-11,2.0184827e-15,3.2954497e-07
2071,114_01815,114,1815,0,N,0,N,0,N,0.99998987,0.99998987,1.314555e-07,1.7688446e-07,3.8193507e-06,7.3255746e-13,1.9183848e-10,3.696457e-14,6.060893e-06
2072,114_01816,114,1816,0,N,0,N,0,N,0.9999951,0.9999951,8.343263e-09,2.4618685e-06,1.7287313e-06,2.660646e-13,1.9393034e-09,2.6046583e-14,6.5892533e-07
2073,114_01817,114,1817,0,N,0,N,0,N,0.99999726,0.99999726,2.228489e-08,9.557896e-07,1.5500582e-06,6.6043925e-14,1.7101169e-10,6.2376126e-16,2.9030585e-07
2074,114_01818,114,1818,0,N,0,N,0,N,0.99998677,0.99998677,4.7467574e-06,1.6474936e-06,1.8695682e-06,1.5939889e-12,5.633237e-10,9.601424e-15,4.984541e-06
2075,114_01819,114,1819,0,N,0,N,0,N,0.9998973,0.9998973,2.7501292e-05,6.172367e-05,2.452828e-06,7.8992306e-11,4.8974846e-09,1.2824661e-12,1.10077945e-05
2076,114_01820,114,1820,0,N,0,N,0,N,0.99994004,0.99994004,2.2673657e-06,3.0995711e-06,5.2733954e-05,1.5214004e-11,1.2288396e-09,4.938395e-13,1.909685e-06
2077,114_01821,114,1821,0,N,0,N,0,N,0.9998434,0.9998434,9.167163e-05,1.7827015e-05,1.7805053e-06,7.540791e-10,5.6100458e-09,1.6090638e-11,4.5316567e-05
2078,114_01822,114,1822,0,N,0,N,0,N,0.99947363,0.99947363,0.0003453446,1.8063734e-05,0.00011041008,5.6394307e-09,9.863799e-08,2.4032412e-10,5.250356e-05
2079,114_01823,114,1823,0,N,0,N,0,N,0.99984246,0.99984246,8.495155e-05,2.4910566e-06,2.0915384e-05,1.0940163e-08,1.475176e-08,4.4207715e-10,4.9207465e-05
2080,114_01824,114,1824,0,N,0,N,0,N,0.99991244,0.99991244,2.4286553e-06,7.3445534e-07,7.007901e-05,1.2567948e-09,3.5993803e-08,4.017555e-10,1.4348013e-05
2081,114_01825,114,1825,0,N,0,N,0,N,0.99995786,0.99995786,8.5681376e-07,8.574142e-06,1.11303876e-07,2.1633003e-11,1.9140667e-09,6.113122e-12,3.270383e-05
2082,114_01826,114,1826,0,N,0,N,0,N,0.99987173,0.99987173,1.3733224e-07,5.5251367e-06,0.000105622,4.441788e-13,2.4924542e-09,1.1877882e-13,1.6941456e-05
2083,114_01827,114,1827,0,N,0,N,0,N,0.9999962,0.9999962,2.590471e-07,1.075481e-06,2.3496134e-06,6.922515e-13,7.892861e-10,4.7204973e-15,2.0003885e-07
2084,114_01828,114,1828,0,N,0,N,0,N,0.9999711,0.9999711,2.1398873e-06,7.3521915e-06,1.2403311e-06,1.1548608e-11,1.5442565e-09,3.832393e-13,1.818847e-05
2085,118_00000,118,0,2,RBBB,2,RBBB,0,N,0.57753605,0.57753605,0.41355234,0.0020499374,0.00071162026,6.2526888e-06,8.800143e-07,8.6129046e-07,0.0061419844
2086,118_00001,118,1,2,RBBB,2,RBBB,0,N,0.9529312,0.9529312,0.044743497,0.00043073986,0.00029501447,7.8627346e-07,1.4124547e-07,1.1576286e-07,0.0015984311
2087,118_00002,118,2,2,RBBB,2,RBBB,0,N,0.98291576,0.98291576,0.016043846,0.00018530125,8.147981e-05,2.921397e-07,8.130604e-08,4.856608e-08,0.0007733579
2088,118_00003,118,3,2,RBBB,2,RBBB,0,N,0.9579138,0.9579138,0.040492292,0.00037104927,0.0001205217,4.3570333e-07,3.0705857e-07,4.228787e-08,0.0011015225
2089,118_00004,118,4,2,RBBB,2,RBBB,0,N,0.9721475,0.9721475,0.02647871,0.00018479372,6.1511404e-05,4.040785e-07,1.1561937e-07,7.0320176e-08,0.0011269727
2090,118_00005,118,5,2,RBBB,2,RBBB,0,N,0.92159337,0.92159337,0.0752822,0.0010450647,0.00011927486,7.6090373e-07,1.9047356e-07,9.7108625e-08,0.0019591032
2091,118_00006,118,6,2,RBBB,2,RBBB,0,N,0.96914613,0.96914613,0.029084686,0.00059023564,7.606965e-05,2.669985e-07,8.338549e-08,4.5534616e-08,0.0011025623
2092,118_00007,118,7,2,RBBB,2,RBBB,0,N,0.9609774,0.9609774,0.036168568,0.0010088378,6.954346e-05,3.0907108e-07,7.176828e-08,6.5237415e-08,0.0017751931
2093,118_00008,118,8,2,RBBB,2,RBBB,0,N,0.94137585,0.94137585,0.05493537,0.0014379086,0.00013712293,6.191145e-07,1.6152738e-07,1.1360342e-07,0.0021127101
2094,118_00009,118,9,2,RBBB,2,RBBB,0,N,0.92353237,0.92353237,0.0708268,0.001465269,0.00028652223,8.78531e-07,3.434938e-07,1.9392266e-07,0.0038875262
2095,118_00010,118,10,2,RBBB,2,RBBB,0,N,0.9414907,0.9414907,0.055932067,0.0008919428,0.00015965367,1.0502094e-06,2.5259988e-07,1.7929787e-07,0.0015241418
2096,118_00011,118,11,2,RBBB,2,RBBB,0,N,0.88800085,0.88800085,0.10779753,0.0005334736,0.00026793854,2.849665e-06,7.9384034e-07,5.658311e-07,0.003395934
2097,118_00012,118,12,2,RBBB,2,RBBB,0,N,0.7484357,0.7484357,0.24485837,0.0024775579,0.0003911969,4.5305105e-06,2.0584364e-06,7.8395885e-07,0.0038297377
2098,118_00013,118,13,2,RBBB,2,RBBB,0,N,0.89013726,0.89013726,0.10576414,0.0009734379,0.00021871629,1.8810609e-06,3.1881245e-07,3.565079e-07,0.0029038438
2099,118_00014,118,14,2,RBBB,2,RBBB,0,N,0.87848365,0.87848365,0.11628903,0.0015254391,0.0003738937,1.1012653e-06,3.8258787e-07,1.950984e-07,0.00332626
2100,118_00015,118,15,2,RBBB,2,RBBB,0,N,0.9131993,0.9131993,0.082376815,0.001244042,0.00016162849,9.622685e-07,3.0048216e-07,1.5132063e-07,0.0030166688
2101,118_00016,118,16,2,RBBB,2,RBBB,0,N,0.8893991,0.8893991,0.105690345,0.001249747,0.00030286465,1.1133127e-06,2.134535e-07,1.4085668e-07,0.0033563664
2102,118_00017,118,17,2,RBBB,2,RBBB,0,N,0.9478421,0.9478421,0.049011152,0.00036715114,0.00016480414,6.074536e-07,1.2586894e-07,1.2559434e-07,0.0026140301
2103,118_00018,118,18,2,RBBB,2,RBBB,0,N,0.9516714,0.9516714,0.045888085,0.0006422235,0.0002526407,8.579679e-07,1.9068217e-07,1.2169687e-07,0.0015444588
2104,118_00019,118,19,2,RBBB,2,RBBB,0,N,0.9412107,0.9412107,0.05575239,0.0008788753,9.8223776e-05,7.4342e-07,1.3799419e-07,1.0214371e-07,0.0020588026
2105,118_00020,118,20,2,RBBB,2,RBBB,0,N,0.98068714,0.98068714,0.017183958,0.0009687622,8.942611e-05,3.6749677e-07,1.6352345e-07,1.2254374e-07,0.001069976
2106,118_00021,118,21,2,RBBB,2,RBBB,0,N,0.9648422,0.9648422,0.031028781,0.0026449233,8.855282e-05,4.694679e-07,3.7980973e-07,9.438987e-08,0.0013946596
2107,118_00022,118,22,2,RBBB,2,RBBB,0,N,0.97050995,0.97050995,0.026261583,0.0010206366,9.396032e-05,4.0791284e-07,1.3797468e-07,7.763674e-08,0.0021131397
2108,118_00023,118,23,2,RBBB,2,RBBB,0,N,0.8759083,0.8759083,0.11644434,0.0048259357,0.00023689319,1.7935075e-06,6.9282703e-07,3.8091406e-07,0.0025816867
2109,118_00024,118,24,2,RBBB,2,RBBB,0,N,0.9626502,0.9626502,0.033579532,0.00096421805,0.00011784089,4.627805e-07,3.1624657e-07,1.188191e-07,0.0026873578
2110,118_00025,118,25,2,RBBB,2,RBBB,0,N,0.88615334,0.88615334,0.1089877,0.0017428903,0.00015775365,1.1535858e-06,2.6139688e-07,2.3950392e-07,0.0029565454
2111,118_00026,118,26,2,RBBB,2,RBBB,0,N,0.8611995,0.8611995,0.13234375,0.0031070963,0.000192374,1.3436274e-06,4.3008237e-07,3.0234372e-07,0.0031551742
2112,118_00027,118,27,2,RBBB,2,RBBB,0,N,0.8911557,0.8911557,0.10421647,0.0014819445,0.00014578333,1.136457e-06,2.0802402e-07,2.3825885e-07,0.0029985474
2113,118_00028,118,28,2,RBBB,2,RBBB,0,N,0.89356256,0.89356256,0.10063322,0.0026307455,0.0002788249,1.030031e-06,3.2218875e-07,2.2605684e-07,0.0028930602
2114,118_00029,118,29,2,RBBB,2,RBBB,0,N,0.86667156,0.86667156,0.12770958,0.0023059754,0.000118235,1.0925131e-06,2.3288446e-07,2.0688199e-07,0.003193079
2115,118_00030,118,30,2,RBBB,2,RBBB,0,N,0.7712013,0.7712013,0.2215029,0.0023369656,0.0003407075,2.1501792e-06,5.18839e-07,3.72301e-07,0.004615066
2116,118_00031,118,31,2,RBBB,2,RBBB,0,N,0.8691088,0.8691088,0.124124795,0.0019196408,0.00034835137,1.7880958e-06,4.14224e-07,4.071756e-07,0.004495791
2117,118_00032,118,32,2,RBBB,2,RBBB,0,N,0.88168657,0.88168657,0.112911314,0.0016335986,0.000193067,1.342506e-06,2.0879489e-07,2.2773735e-07,0.0035736752
2118,118_00033,118,33,2,RBBB,2,RBBB,0,N,0.73527545,0.73527545,0.25532028,0.0050990963,0.0004011641,3.1349987e-06,7.061929e-07,4.9587277e-07,0.003899715
2119,118_00034,118,34,2,RBBB,2,RBBB,0,N,0.87008893,0.87008893,0.12239151,0.0010717632,0.00018366176,1.5409041e-06,3.2964147e-07,3.7039123e-07,0.0062618055
2120,118_00035,118,35,2,RBBB,2,RBBB,0,N,0.80773944,0.80773944,0.18616334,0.0026786039,0.0003151796,1.7906079e-06,3.6969078e-07,3.1098654e-07,0.0031010108
2121,118_00036,118,36,2,RBBB,2,RBBB,0,N,0.9200172,0.9200172,0.07622189,0.0012316274,0.0001474806,7.6153253e-07,1.2818988e-07,1.3563032e-07,0.0023808666
2122,118_00037,118,37,2,RBBB,2,RBBB,0,N,0.8903642,0.8903642,0.10517335,0.0013889346,0.00020171648,1.023248e-06,1.8351338e-07,1.7518052e-07,0.0028704684
2123,118_00038,118,38,2,RBBB,2,RBBB,0,N,0.8717041,0.8717041,0.12340216,0.0017373624,0.00020827839,1.3108872e-06,3.1114809e-07,2.1151098e-07,0.002946255
2124,118_00039,118,39,2,RBBB,2,RBBB,0,N,0.82434237,0.82434237,0.16954677,0.001852731,0.00024135782,2.015128e-06,3.3037222e-07,3.8110855e-07,0.004014002
2125,118_00040,118,40,2,RBBB,2,RBBB,0,N,0.79202825,0.79202825,0.20025447,0.0023927162,0.00039258995,3.1057693e-06,7.19237e-07,7.354987e-07,0.0049273544
2126,118_00041,118,41,2,RBBB,2,RBBB,0,N,0.9474706,0.9474706,0.048983485,0.0017156705,0.00015823414,9.359883e-07,2.5489126e-07,1.2435802e-07,0.0016707478
2127,118_00042,118,42,2,RBBB,2,RBBB,0,N,0.98422414,0.98422414,0.014512856,0.00059211004,8.96053e-05,3.7977614e-07,1.0533499e-07,9.3282296e-08,0.00058075396
2128,118_00043,118,43,2,RBBB,2,RBBB,0,N,0.9847109,0.9847109,0.013480836,0.00077008567,0.000116083065,2.5964326e-07,4.2255536e-07,4.2710617e-08,0.00092140463
2129,118_00044,118,44,2,RBBB,2,RBBB,0,N,0.9669626,0.9669626,0.031465948,0.00016379585,8.190093e-05,5.7911524e-07,2.175239e-07,1.1560874e-07,0.0013249124
2130,118_00045,118,45,2,RBBB,2,RBBB,0,N,0.9645389,0.9645389,0.033591982,0.00013980096,0.00019692059,1.3792143e-06,5.2493544e-07,3.4792242e-07,0.0015302363
2131,118_00046,118,46,2,RBBB,2,RBBB,0,N,0.7619356,0.7619356,0.22956704,0.0011117854,0.0003276594,3.7980653e-06,1.5234067e-06,5.6612623e-07,0.0070521166
2132,118_00047,118,47,2,RBBB,2,RBBB,0,N,0.91982245,0.91982245,0.075196676,0.00082707,0.00034330026,9.949815e-07,3.1809952e-07,2.66859e-07,0.0038089852
2133,118_00048,118,48,2,RBBB,2,RBBB,0,N,0.9042013,0.9042013,0.08888511,0.002762346,0.0002610491,8.922125e-07,2.284119e-07,1.620669e-07,0.0038888936
2134,118_00049,118,49,2,RBBB,2,RBBB,0,N,0.9330935,0.9330935,0.061957777,0.0018362086,0.00015971379,6.0739086e-07,1.4229677e-07,1.0458708e-07,0.0029519778
2135,118_00050,118,50,2,RBBB,2,RBBB,0,N,0.92462105,0.92462105,0.06938332,0.002706972,0.00024975342,7.1748985e-07,1.8071398e-07,1.2055277e-07,0.00303777
2136,118_00051,118,51,2,RBBB,2,RBBB,0,N,0.9431593,0.9431593,0.052035015,0.000989015,0.00017613225,6.124426e-07,1.4702307e-07,1.4076697e-07,0.003639622
2137,118_00052,118,52,2,RBBB,2,RBBB,0,N,0.8669627,0.8669627,0.12525322,0.003705346,0.00032534904,1.7077522e-06,4.133856e-07,2.0356548e-07,0.0037510283
2138,118_00053,118,53,2,RBBB,2,RBBB,0,N,0.86189073,0.86189073,0.13208103,0.0014806014,0.00024812072,1.3366854e-06,1.7180811e-07,2.2019823e-07,0.0042977543
2139,118_00054,118,54,2,RBBB,2,RBBB,0,N,0.8228031,0.8228031,0.16914135,0.0023724607,0.00032685907,2.304707e-06,5.298491e-07,4.6433337e-07,0.005353027
2140,118_00055,118,55,2,RBBB,2,RBBB,0,N,0.90988195,0.90988195,0.08439943,0.0009657902,0.00028910855,1.138912e-06,2.1118626e-07,2.0892762e-07,0.0044622053
2141,118_00056,118,56,2,RBBB,2,RBBB,0,N,0.83821356,0.83821356,0.15633905,0.0029251978,0.00034439817,1.4856433e-06,2.749598e-07,1.3876412e-07,0.0021759183
2142,118_00057,118,57,2,RBBB,2,RBBB,0,N,0.822726,0.822726,0.17153387,0.0009309047,0.00017887675,1.651888e-06,2.1292894e-07,2.5146892e-07,0.0046280962
2143,118_00058,118,58,2,RBBB,2,RBBB,0,N,0.7817805,0.7817805,0.20961823,0.0025263547,0.0003115465,3.0575002e-06,5.463284e-07,5.786171e-07,0.0057591465
2144,118_00059,118,59,2,RBBB,2,RBBB,0,N,0.79674697,0.79674697,0.19640157,0.0025130312,0.0003192025,2.169905e-06,3.638111e-07,3.782546e-07,0.0040162797
2145,118_00060,118,60,2,RBBB,2,RBBB,0,N,0.9171191,0.9171191,0.07822381,0.00091667095,0.0002279823,8.354788e-07,1.5605815e-07,1.640607e-07,0.0035111464
2146,118_00061,118,61,2,RBBB,2,RBBB,0,N,0.94159675,0.94159675,0.055327386,0.0011413809,0.00014369305,5.0633645e-07,9.734322e-08,6.848886e-08,0.0017900345
2147,118_00062,118,62,2,RBBB,2,RBBB,0,N,0.9666131,0.9666131,0.030977404,0.00045512905,0.0001516026,3.3598482e-07,6.401293e-08,4.0534328e-08,0.0018022939
2148,118_00063,118,63,2,RBBB,2,RBBB,0,N,0.9472125,0.9472125,0.049037907,0.00061740447,0.0002568588,5.3344456e-07,1.600091e-07,6.144663e-08,0.002874477
2149,118_00064,118,64,2,RBBB,2,RBBB,0,N,0.9290617,0.9290617,0.06655538,0.0007871887,0.00019947713,7.1729556e-07,1.8213446e-07,8.234613e-08,0.0033952468
2150,118_00065,118,65,2,RBBB,2,RBBB,0,N,0.9230286,0.9230286,0.07146257,0.0012063334,0.00027516912,8.322842e-07,2.106858e-07,1.17219145e-07,0.0040262225
2151,118_00066,118,66,2,RBBB,2,RBBB,0,N,0.931892,0.931892,0.06250049,0.0023575,0.00023183013,8.220521e-07,2.8414644e-07,1.2724757e-07,0.0030170344
2152,118_00067,118,67,2,RBBB,2,RBBB,0,N,0.9149937,0.9149937,0.08013779,0.001570807,0.00024368505,1.1909196e-06,3.039373e-07,1.9594792e-07,0.0030522894
2153,118_00068,118,68,2,RBBB,2,RBBB,0,N,0.9298018,0.9298018,0.06585839,0.0007330593,0.00017897494,8.7588353e-07,1.941644e-07,1.3404404e-07,0.003426464
2154,118_00069,118,69,2,RBBB,2,RBBB,0,N,0.9004476,0.9004476,0.09494885,0.0016189881,0.00025128343,1.0927622e-06,2.0907586e-07,1.4930299e-07,0.0027318131
2155,118_00070,118,70,2,RBBB,2,RBBB,0,N,0.9446903,0.9446903,0.051832136,0.00061794557,0.00022027404,6.411147e-07,1.3601287e-07,1.132129e-07,0.0026384129
2156,118_00071,118,71,2,RBBB,2,RBBB,0,N,0.90387464,0.90387464,0.0919273,0.0012468336,0.0002126352,9.265481e-07,1.9942573e-07,1.0341553e-07,0.0027374066
2157,118_00072,118,72,2,RBBB,2,RBBB,0,N,0.87204903,0.87204903,0.12290985,0.0011797916,0.00018979286,1.2171672e-06,1.6554047e-07,1.4556704e-07,0.00366993
2158,118_00073,118,73,2,RBBB,2,RBBB,0,N,0.7511575,0.7511575,0.24087225,0.0036462587,0.00044438255,2.652851e-06,5.324345e-07,3.4663955e-07,0.0038760272
2159,118_00074,118,74,2,RBBB,2,RBBB,0,N,0.8189451,0.8189451,0.1737812,0.00094974466,0.00019118411,2.0719792e-06,2.6623866e-07,3.021267e-07,0.0061301473
2160,118_00075,118,75,2,RBBB,2,RBBB,0,N,0.6850194,0.6850194,0.3057742,0.003157549,0.0005187712,4.327973e-06,7.078987e-07,6.826832e-07,0.0055243475
2161,118_00076,118,76,2,RBBB,2,RBBB,0,N,0.83426845,0.83426845,0.15712145,0.0024315785,0.00034745474,1.9385466e-06,4.2364346e-07,4.0243822e-07,0.0058282525
2162,118_00077,118,77,2,RBBB,2,RBBB,0,N,0.9140861,0.9140861,0.08165241,0.0011091628,0.00025753994,9.1043637e-07,1.7865922e-07,1.256084e-07,0.0028936574
2163,118_00078,118,78,2,RBBB,2,RBBB,0,N,0.87844706,0.87844706,0.11700592,0.00108707,0.00025548632,1.3024172e-06,2.546326e-07,1.9157578e-07,0.0032028174
2164,118_00079,118,79,2,RBBB,2,RBBB,0,N,0.9288144,0.9288144,0.06693675,0.00085710495,0.00017848062,7.571101e-07,1.9343766e-07,1.1594108e-07,0.003212115
2165,118_00080,118,80,2,RBBB,2,RBBB,0,N,0.86884636,0.86884636,0.12684022,0.0014228288,0.00025556472,1.1934418e-06,2.1508079e-07,1.556673e-07,0.002633513
2166,118_00081,118,81,2,RBBB,2,RBBB,0,N,0.94084543,0.94084543,0.054957643,0.0008369696,0.0002622815,7.252595e-07,2.0366366e-07,1.2088097e-07,0.0030966091
2167,118_00082,118,82,2,RBBB,2,RBBB,0,N,0.9368853,0.9368853,0.059715074,0.0007437453,0.00012460409,7.759202e-07,1.0936955e-07,9.742848e-08,0.002530272
2168,118_00083,118,83,2,RBBB,2,RBBB,0,N,0.88643146,0.88643146,0.10871936,0.0020181849,0.00042531383,1.6220389e-06,4.531971e-07,1.495706e-07,0.0024036018
2169,118_00084,118,84,2,RBBB,2,RBBB,0,N,0.94838876,0.94838876,0.04773824,0.00035133192,0.00018069969,5.430977e-07,1.4763059e-07,7.820901e-08,0.003340129
2170,118_00085,118,85,2,RBBB,2,RBBB,0,N,0.85152113,0.85152113,0.14362083,0.0013442641,0.00021613008,1.8892665e-06,3.8635002e-07,2.3005335e-07,0.0032950544
2171,118_00086,118,86,2,RBBB,2,RBBB,0,N,0.8679477,0.8679477,0.12619726,0.0014446307,0.0002695674,1.3925016e-06,2.7872034e-07,2.0235125e-07,0.004139045
2172,118_00087,118,87,2,RBBB,2,RBBB,0,N,0.94020826,0.94020826,0.055701084,0.000735505,0.00021813075,6.4903105e-07,1.3310859e-07,1.06031756e-07,0.0031360693
2173,118_00088,118,88,2,RBBB,2,RBBB,0,N,0.92995214,0.92995214,0.06670305,0.0010816734,0.0001953673,7.0905065e-07,1.6124412e-07,7.056942e-08,0.0020669356
2174,118_00089,118,89,2,RBBB,2,RBBB,0,N,0.9404767,0.9404767,0.056924216,0.0006453352,0.00015534982,6.2562555e-07,1.2557207e-07,6.855917e-08,0.0017976052
2175,118_00090,118,90,2,RBBB,2,RBBB,0,N,0.94084495,0.94084495,0.055342264,0.00040424755,0.0001617128,7.6680544e-07,1.4455634e-07,1.1500519e-07,0.003245802
2176,118_00091,118,91,2,RBBB,2,RBBB,0,N,0.9224267,0.9224267,0.074750565,0.0009289076,0.0002699151,1.2176403e-06,3.0853076e-07,1.2649765e-07,0.0016223163
2177,118_00092,118,92,2,RBBB,2,RBBB,0,N,0.97298,0.97298,0.024787609,0.000270945,0.00012604163,2.7669404e-07,8.637277e-08,3.8121357e-08,0.0018350006
2178,118_00093,118,93,2,RBBB,2,RBBB,0,N,0.93793863,0.93793863,0.058308594,0.0013908292,0.0001802769,7.365116e-07,2.3940285e-07,1.11165875e-07,0.0021804813
2179,118_00094,118,94,2,RBBB,2,RBBB,0,N,0.89235085,0.89235085,0.10169002,0.0012210368,0.00018346135,1.2558039e-06,2.3102251e-07,1.9935925e-07,0.0045528812
2180,118_00095,118,95,2,RBBB,2,RBBB,0,N,0.8287051,0.8287051,0.16394112,0.0019915209,0.00047701414,2.0585678e-06,3.843379e-07,2.951625e-07,0.004882517
2181,118_00096,118,96,2,RBBB,2,RBBB,0,N,0.8652479,0.8652479,0.12905422,0.0013755973,0.0002896442,1.825906e-06,2.9097185e-07,2.9578803e-07,0.0040301746
2182,118_00097,118,97,2,RBBB,2,RBBB,0,N,0.8947859,0.8947859,0.09926324,0.0017500361,0.00026097294,1.4181803e-06,3.1735087e-07,2.2615207e-07,0.0039379364
2183,118_00098,118,98,2,RBBB,2,RBBB,0,N,0.7800539,0.7800539,0.21106376,0.004152629,0.0004557453,3.0465753e-06,6.770086e-07,3.9852384e-07,0.004269812
2184,118_00099,118,99,2,RBBB,2,RBBB,0,N,0.8588047,0.8588047,0.1336308,0.0013490852,0.0003971593,2.650428e-06,6.1744566e-07,4.2822555e-07,0.0058146245
2185,118_00100,118,100,2,RBBB,2,RBBB,0,N,0.7832194,0.7832194,0.20823212,0.0026832926,0.00042920868,4.422365e-06,9.1113424e-07,8.2216286e-07,0.0054298965
2186,118_00101,118,101,2,RBBB,2,RBBB,0,N,0.7566755,0.7566755,0.23384279,0.0032497249,0.00034649388,3.9688757e-06,8.631908e-07,7.0196194e-07,0.0058799703
2187,118_00102,118,102,2,RBBB,2,RBBB,0,N,0.82191133,0.82191133,0.16996406,0.0027370732,0.00036882644,2.672956e-06,4.9048566e-07,3.8656563e-07,0.0050151832
2188,118_00103,118,103,2,RBBB,2,RBBB,0,N,0.84449804,0.84449804,0.14817105,0.0026039188,0.00033017332,1.946381e-06,4.0218046e-07,3.0186573e-07,0.004394199
2189,118_00104,118,104,2,RBBB,2,RBBB,0,N,0.9163548,0.9163548,0.07790267,0.0013409897,0.00021305398,1.0159782e-06,2.2964427e-07,1.8454053e-07,0.0041871336
2190,118_00105,118,105,2,RBBB,2,RBBB,0,N,0.88999385,0.88999385,0.10545359,0.0017764332,0.00026746592,1.1431375e-06,2.5937396e-07,1.4923285e-07,0.0025070796
2191,118_00106,118,106,2,RBBB,2,RBBB,0,N,0.90497977,0.90497977,0.090541266,0.0008832629,0.00019355492,1.0747432e-06,1.8652935e-07,1.5748985e-07,0.0034006783
2192,118_00107,118,107,2,RBBB,2,RBBB,0,N,0.9148188,0.9148188,0.08138507,0.0008406241,0.00016572955,8.8319314e-07,1.6129302e-07,1.5555128e-07,0.0027884517
2193,118_00108,118,108,3,APC,2,RBBB,0,N,0.9261695,0.9261695,0.07000928,0.0013585154,0.00017404955,6.569704e-07,1.2926846e-07,9.16578e-08,0.0022877576
2194,118_00109,118,109,2,RBBB,3,APC,0,N,0.85872626,0.85872626,0.13644,0.002519609,0.00015369011,6.568866e-07,1.1074258e-07,4.4699348e-08,0.0021597075
2195,118_00110,118,110,2,RBBB,2,RBBB,0,N,0.86247635,0.86247635,0.13339728,0.0011482396,0.00016305245,1.6566643e-06,2.0433488e-07,3.0454464e-07,0.0028129686
2196,118_00111,118,111,2,RBBB,2,RBBB,0,N,0.6955945,0.6955945,0.2933153,0.004224066,0.00033056477,4.0412915e-06,9.73151e-07,7.261222e-07,0.0065297396
2197,118_00112,118,112,2,RBBB,2,RBBB,0,N,0.6970614,0.6970614,0.2926852,0.0036376866,0.0006699435,4.5182865e-06,8.666956e-07,7.1071133e-07,0.0059396857
2198,118_00113,118,113,2,RBBB,2,RBBB,0,N,0.83748573,0.83748573,0.15639699,0.0025290335,0.00032057083,2.114185e-06,3.994477e-07,3.0193476e-07,0.0032649022
2199,118_00114,118,114,3,APC,2,RBBB,0,N,0.87451524,0.87451524,0.119666934,0.0014083143,0.00022040057,1.833948e-06,3.990255e-07,3.4300334e-07,0.0041865627
2200,118_00115,118,115,2,RBBB,3,APC,0,N,0.7137909,0.7137909,0.27791718,0.0052539785,0.00023122721,2.400302e-06,6.16271e-07,2.0892634e-07,0.002803548
2201,118_00116,118,116,2,RBBB,2,RBBB,0,N,0.877801,0.877801,0.11811203,0.0011300856,0.00013920102,1.3495544e-06,1.9798617e-07,2.7033593e-07,0.0028158412
2202,118_00117,118,117,2,RBBB,2,RBBB,0,N,0.872402,0.872402,0.1199399,0.004349666,0.00021431358,1.388287e-06,3.5024684e-07,2.4361188e-07,0.0030921975
2203,118_00118,118,118,2,RBBB,2,RBBB,0,N,0.9150565,0.9150565,0.07993121,0.0018791539,0.00020262576,8.126557e-07,1.7730669e-07,1.3339594e-07,0.0029293634
2204,118_00119,118,119,2,RBBB,2,RBBB,0,N,0.9018026,0.9018026,0.093486,0.0016078883,0.00024327336,1.1780637e-06,2.6464264e-07,1.8347035e-07,0.00285861
2205,118_00120,118,120,2,RBBB,2,RBBB,0,N,0.94693756,0.94693756,0.049499054,0.0007672524,0.00014779977,6.366848e-07,1.6242421e-07,1.2577016e-07,0.0026474348
2206,118_00121,118,121,2,RBBB,2,RBBB,0,N,0.7828233,0.7828233,0.20780304,0.004058922,0.00039098185,2.6690805e-06,7.3909257e-07,4.5998829e-07,0.0049197436
2207,118_00122,118,122,2,RBBB,2,RBBB,0,N,0.7873337,0.7873337,0.20402008,0.0017897326,0.00035090203,2.9292326e-06,5.9142815e-07,4.5756715e-07,0.006501586
2208,118_00123,118,123,3,APC,2,RBBB,0,N,0.8792797,0.8792797,0.11416785,0.001452375,0.0003647729,1.6489951e-06,2.904995e-07,2.9860087e-07,0.004733134
2209,118_00124,118,124,2,RBBB,3,APC,0,N,0.7415393,0.7415393,0.24492183,0.009632117,0.0002697543,1.5244386e-06,4.965073e-07,1.1778325e-07,0.0036349704
2210,118_00125,118,125,2,RBBB,2,RBBB,0,N,0.8569587,0.8569587,0.13810077,0.0016223058,0.000121054705,1.0090517e-06,1.082871e-07,1.2818504e-07,0.003195887
2211,118_00126,118,126,2,RBBB,2,RBBB,0,N,0.80507374,0.80507374,0.18780142,0.0037685412,0.0002549249,1.4320734e-06,2.6405417e-07,2.1399242e-07,0.0030994639
2212,118_00127,118,127,2,RBBB,2,RBBB,0,N,0.9052814,0.9052814,0.08959915,0.0014577807,0.00016089823,1.0669385e-06,1.9607135e-07,2.9176735e-07,0.0034992092
2213,118_00128,118,128,2,RBBB,2,RBBB,0,N,0.92968434,0.92968434,0.06556247,0.002208829,0.00019095285,8.283154e-07,2.30813e-07,1.498538e-07,0.0023522358
2214,118_00129,118,129,2,RBBB,2,RBBB,0,N,0.95434314,0.95434314,0.042511165,0.0012957044,0.00012952047,3.629563e-07,7.369139e-08,5.2962122e-08,0.0017200626
2215,118_00130,118,130,2,RBBB,2,RBBB,0,N,0.92332256,0.92332256,0.07268619,0.0019453549,0.00016905098,5.616038e-07,1.8280903e-07,8.3765705e-08,0.0018760331
2216,118_00131,118,131,3,APC,2,RBBB,0,N,0.9110985,0.9110985,0.084332295,0.0009835003,0.00012378323,8.256867e-07,1.2736922e-07,1.0945558e-07,0.0034608382
2217,118_00132,118,132,2,RBBB,3,APC,0,N,0.86200136,0.86200136,0.13360396,0.0028850609,0.00020879031,1.5077028e-06,2.6396475e-07,9.208921e-08,0.0012990063
2218,118_00133,118,133,2,RBBB,2,RBBB,0,N,0.9707402,0.9707402,0.027274393,0.00039933677,5.4318058e-05,2.980511e-07,7.689405e-08,5.5134695e-08,0.0015312231
2219,118_00134,118,134,2,RBBB,2,RBBB,0,N,0.9122999,0.9122999,0.0822161,0.0037458048,0.0001745112,6.773271e-07,3.19549e-07,9.58434e-08,0.0015627017
2220,118_00135,118,135,2,RBBB,2,RBBB,0,N,0.91400874,0.91400874,0.08190024,0.0008181178,0.00013990754,5.2445614e-07,8.5399016e-08,6.955337e-08,0.0031323344
2221,118_00136,118,136,2,RBBB,2,RBBB,0,N,0.94372714,0.94372714,0.05315844,0.0011969663,0.00015821283,4.7223645e-07,9.283717e-08,5.3744277e-08,0.0017586927
2222,118_00137,118,137,2,RBBB,2,RBBB,0,N,0.9536957,0.9536957,0.0427866,0.0011394535,0.00010993449,4.5493303e-07,8.058146e-08,7.910264e-08,0.002267694
2223,118_00138,118,138,2,RBBB,2,RBBB,0,N,0.95396364,0.95396364,0.04270578,0.001507076,0.00013209153,4.4987198e-07,1.793082e-07,6.963831e-08,0.0016906473
2224,118_00139,118,139,2,RBBB,2,RBBB,0,N,0.9389596,0.9389596,0.05762586,0.00111633,0.00011984578,6.399564e-07,1.4534466e-07,9.166299e-08,0.0021774336
2225,118_00140,118,140,2,RBBB,2,RBBB,0,N,0.96052057,0.96052057,0.03569199,0.0015361668,0.000108937595,3.7949647e-07,1.01886755e-07,7.624928e-08,0.0021419348
2226,118_00141,118,141,2,RBBB,2,RBBB,0,N,0.97959137,0.97959137,0.01814418,0.0011122588,7.25068e-05,1.7998711e-07,5.9141055e-08,3.8341096e-08,0.0010793236
2227,118_00142,118,142,2,RBBB,2,RBBB,0,N,0.9439897,0.9439897,0.053142864,0.0011486002,0.000119446915,4.087496e-07,1.3002808e-07,4.1418808e-08,0.0015988132
2228,118_00143,118,143,2,RBBB,2,RBBB,0,N,0.9033407,0.9033407,0.09296806,0.00065104006,0.00012021492,7.208401e-07,1.3949703e-07,9.8415356e-08,0.0029189324
2229,118_00144,118,144,2,RBBB,2,RBBB,0,N,0.92757916,0.92757916,0.069900386,0.0008788397,0.0001518152,8.236403e-07,1.2323804e-07,9.592718e-08,0.0014887691
2230,118_00145,118,145,2,RBBB,2,RBBB,0,N,0.92358226,0.92358226,0.07211012,0.0007822337,0.00013351407,5.4134983e-07,1.1794092e-07,8.9786006e-08,0.0033910992
2231,118_00146,118,146,2,RBBB,2,RBBB,0,N,0.93597484,0.93597484,0.05913044,0.0021777728,0.00017737795,7.2869244e-07,1.9151335e-07,1.5101948e-07,0.0025384931
2232,118_00147,118,147,2,RBBB,2,RBBB,0,N,0.9474121,0.9474121,0.048190422,0.0014267829,0.00025142124,5.475497e-07,1.4697913e-07,9.40122e-08,0.0027184584
2233,118_00148,118,148,2,RBBB,2,RBBB,0,N,0.944873,0.944873,0.050783955,0.0009510099,0.00018774133,5.837303e-07,1.2840425e-07,7.393359e-08,0.003203553
2234,118_00149,118,149,2,RBBB,2,RBBB,0,N,0.94817084,0.94817084,0.048392277,0.001094114,0.00023198337,4.7628615e-07,1.2580287e-07,5.1431545e-08,0.0021100955
2235,118_00150,118,150,2,RBBB,2,RBBB,0,N,0.9250093,0.9250093,0.07144926,0.0009263665,0.00014333587,7.620464e-07,1.1911853e-07,8.184446e-08,0.002470756
2236,118_00151,118,151,2,RBBB,2,RBBB,0,N,0.9244556,0.9244556,0.07110548,0.0005370671,0.00021728425,1.015002e-06,2.0308887e-07,1.6756744e-07,0.0036831878
2237,118_00152,118,152,2,RBBB,2,RBBB,0,N,0.9472867,0.9472867,0.04952644,0.0006236199,0.0002644968,8.1440714e-07,1.78836e-07,1.032996e-07,0.002297587
2238,118_00153,118,153,2,RBBB,2,RBBB,0,N,0.9703367,0.9703367,0.028018842,0.00033943236,0.00015628786,3.2609378e-07,5.876451e-08,3.293757e-08,0.0011483555
2239,118_00154,118,154,2,RBBB,2,RBBB,0,N,0.96807086,0.96807086,0.03039558,0.0004592437,0.000104362225,3.656526e-07,6.8699435e-08,2.7770161e-08,0.0009694932
2240,118_00155,118,155,2,RBBB,2,RBBB,0,N,0.95467263,0.95467263,0.04283635,0.00044526064,9.4661475e-05,4.5682535e-07,1.0580939e-07,7.046678e-08,0.0019505793
2241,118_00156,118,156,2,RBBB,2,RBBB,0,N,0.9343157,0.9343157,0.06203032,0.0015020359,0.00016413568,8.5204607e-07,2.774998e-07,1.226859e-07,0.0019864726
2242,118_00157,118,157,2,RBBB,2,RBBB,0,N,0.9234246,0.9234246,0.07067328,0.0010223928,0.00023437881,7.891533e-07,1.8769131e-07,1.4561468e-07,0.0046442198
2243,118_00158,118,158,2,RBBB,2,RBBB,0,N,0.9580992,0.9580992,0.038274657,0.0011517586,0.00015873263,4.0305653e-07,9.29717e-08,5.4466263e-08,0.002315024
2244,118_00159,118,159,2,RBBB,2,RBBB,0,N,0.9621633,0.9621633,0.03506575,0.0012330126,0.00015177469,1.8440369e-07,4.5466297e-08,1.5411965e-08,0.0013858798
2245,118_00160,118,160,2,RBBB,2,RBBB,0,N,0.9545331,0.9545331,0.04221653,0.0009289704,8.51466e-05,2.267476e-07,5.556318e-08,3.055088e-08,0.0022358838
2246,118_00161,118,161,2,RBBB,2,RBBB,0,N,0.9386045,0.9386045,0.05687074,0.0017817299,0.00013353827,5.5436203e-07,1.3027184e-07,6.742424e-08,0.002608768
2247,118_00162,118,162,2,RBBB,2,RBBB,0,N,0.9399726,0.9399726,0.05597699,0.0017205004,0.00018481685,7.6166157e-07,1.4574616e-07,1.03242904e-07,0.0021442
2248,118_00163,118,163,2,RBBB,2,RBBB,0,N,0.95258504,0.95258504,0.042948287,0.0010406994,0.00017122607,6.638607e-07,1.7498233e-07,1.2556727e-07,0.0032536627
2249,118_00164,118,164,2,RBBB,2,RBBB,0,N,0.89266783,0.89266783,0.1015335,0.0020676763,0.00021274085,1.5194479e-06,3.6866535e-07,1.9276243e-07,0.0035163506
2250,118_00165,118,165,2,RBBB,2,RBBB,0,N,0.82843786,0.82843786,0.16505712,0.0026979495,0.000304658,2.111944e-06,3.799511e-07,2.455239e-07,0.0034996783
2251,118_00166,118,166,2,RBBB,2,RBBB,0,N,0.9523489,0.9523489,0.04412501,0.00047628998,0.00018240292,7.220552e-07,1.6350124e-07,1.6267846e-07,0.0028664253
2252,118_00167,118,167,2,RBBB,2,RBBB,0,N,0.9010719,0.9010719,0.09516808,0.0012927485,0.00018866564,1.39596e-06,3.651229e-07,2.0012199e-07,0.0022766525
2253,118_00168,118,168,2,RBBB,2,RBBB,0,N,0.93171793,0.93171793,0.06448614,0.0009781249,0.00020056283,6.9505603e-07,1.7019265e-07,9.416946e-08,0.0026162043
2254,118_00169,118,169,2,RBBB,2,RBBB,0,N,0.9767297,0.9767297,0.021185366,0.0005982287,0.00016458273,3.102976e-07,8.27886e-08,5.6319145e-08,0.0013216373
2255,118_00170,118,170,2,RBBB,2,RBBB,0,N,0.95204103,0.95204103,0.044977386,0.0012118962,0.00019141476,7.365682e-07,2.7213835e-07,1.0084504e-07,0.0015772452
2256,118_00171,118,171,2,RBBB,2,RBBB,0,N,0.879497,0.879497,0.115684345,0.0011078188,0.00021832644,2.3697098e-06,5.476963e-07,3.3310604e-07,0.003489176
2257,118_00172,118,172,2,RBBB,2,RBBB,0,N,0.76752025,0.76752025,0.2255678,0.0014477163,0.00032671753,4.5877273e-06,6.6358996e-07,7.7693403e-07,0.005131562
2258,118_00173,118,173,2,RBBB,2,RBBB,0,N,0.9030238,0.9030238,0.09295486,0.0009077688,0.0003617224,1.971582e-06,4.0136985e-07,3.3563956e-07,0.0027491609
2259,118_00174,118,174,2,RBBB,2,RBBB,0,N,0.8982446,0.8982446,0.09765232,0.0010787558,0.00029401563,1.3031084e-06,2.5580172e-07,1.3854152e-07,0.0027285872
2260,118_00175,118,175,2,RBBB,2,RBBB,0,N,0.94422597,0.94422597,0.052660175,0.00040696393,0.00020218197,7.792787e-07,1.5112094e-07,1.2933444e-07,0.0025035366
2261,118_00176,118,176,2,RBBB,2,RBBB,0,N,0.86433846,0.86433846,0.13116041,0.0019482969,0.00025643592,1.7905373e-06,4.4150838e-07,1.8628401e-07,0.0022940242
2262,118_00177,118,177,2,RBBB,2,RBBB,0,N,0.853076,0.853076,0.14099582,0.001248776,0.0002553746,1.9808087e-06,3.4541188e-07,2.9645688e-07,0.004421403
2263,118_00178,118,178,2,RBBB,2,RBBB,0,N,0.7917919,0.7917919,0.20217454,0.0016291166,0.00024908432,3.0042208e-06,3.5822828e-07,4.764755e-07,0.004151572
2264,118_00179,118,179,2,RBBB,2,RBBB,0,N,0.72589093,0.72589093,0.26744023,0.00320497,0.0004165778,3.9230213e-06,6.6316176e-07,5.315661e-07,0.0030421612
2265,118_00180,118,180,2,RBBB,2,RBBB,0,N,0.8429051,0.8429051,0.15123126,0.0009117171,0.0002091471,2.1452095e-06,3.3299645e-07,4.0124348e-07,0.0047398694
2266,118_00181,118,181,2,RBBB,2,RBBB,0,N,0.9245896,0.9245896,0.072216965,0.0009787527,0.00018603342,1.2398773e-06,2.2699369e-07,1.7074306e-07,0.0020271197
2267,118_00182,118,182,2,RBBB,2,RBBB,0,N,0.92496705,0.92496705,0.07118065,0.001749192,0.0002461944,7.4889454e-07,2.052292e-07,7.39396e-08,0.0018559421
2268,118_00183,118,183,2,RBBB,2,RBBB,0,N,0.9253741,0.9253741,0.069904946,0.00084172457,0.0001624082,7.6164423e-07,1.8232018e-07,1.0511577e-07,0.0037157407
2269,118_00184,118,184,2,RBBB,2,RBBB,0,N,0.8722667,0.8722667,0.12287343,0.0014662793,0.00022489736,1.5387296e-06,2.8560683e-07,1.8168373e-07,0.0031666497
2270,118_00185,118,185,2,RBBB,2,RBBB,0,N,0.88642204,0.88642204,0.1097155,0.00097297603,0.00016846956,1.2541391e-06,1.8649308e-07,2.0957145e-07,0.0027192552
2271,118_00186,118,186,2,RBBB,2,RBBB,0,N,0.9061185,0.9061185,0.08960638,0.001507784,0.00020750676,1.3547699e-06,2.9356514e-07,2.4391124e-07,0.0025578947
2272,118_00187,118,187,2,RBBB,2,RBBB,0,N,0.8712644,0.8712644,0.1244285,0.0013616576,0.0002408342,1.4779334e-06,2.5782072e-07,1.7202066e-07,0.0027026623
2273,118_00188,118,188,2,RBBB,2,RBBB,0,N,0.9106765,0.9106765,0.08530674,0.00062322227,0.00022610568,1.0589681e-06,1.9841067e-07,1.7675306e-07,0.0031659063
2274,118_00189,118,189,2,RBBB,2,RBBB,0,N,0.9426876,0.9426876,0.054603282,0.0009408571,0.00014610324,7.639599e-07,1.415825e-07,9.1533444e-08,0.0016211732
2275,118_00190,118,190,2,RBBB,2,RBBB,0,N,0.94045323,0.94045323,0.056540772,0.0012095597,0.00019380853,6.693061e-07,1.7687196e-07,7.6472325e-08,0.0016016439
2276,118_00191,118,191,2,RBBB,2,RBBB,0,N,0.8905805,0.8905805,0.10223441,0.0012761459,0.00015344238,1.3075386e-06,3.3772358e-07,2.3134805e-07,0.005753659
2277,118_00192,118,192,2,RBBB,2,RBBB,0,N,0.89696246,0.89696246,0.09683795,0.002730803,0.0003011114,1.386065e-06,4.3074417e-07,2.1452352e-07,0.0031656427
2278,118_00193,118,193,2,RBBB,2,RBBB,0,N,0.91686696,0.91686696,0.078413725,0.0016223469,0.00020647554,1.0223872e-06,2.5385384e-07,1.8576824e-07,0.0028890504
2279,118_00194,118,194,2,RBBB,2,RBBB,0,N,0.8902084,0.8902084,0.10429554,0.0012714245,0.00016660316,1.3146856e-06,3.334679e-07,2.1157531e-07,0.0040562963
2280,118_00195,118,195,2,RBBB,2,RBBB,0,N,0.7894745,0.7894745,0.20138839,0.006171874,0.0003311595,2.749108e-06,7.017345e-07,3.759354e-07,0.0026303155
2281,118_00196,118,196,2,RBBB,2,RBBB,0,N,0.9447107,0.9447107,0.05091765,0.00091222994,0.00013175092,7.4590844e-07,1.5357823e-07,1.5039475e-07,0.003326585
2282,118_00197,118,197,2,RBBB,2,RBBB,0,N,0.7376117,0.7376117,0.25316516,0.004681959,0.00041145243,3.852345e-06,1.2559059e-06,7.5328313e-07,0.004123833
2283,118_00198,118,198,2,RBBB,2,RBBB,0,N,0.8816429,0.8816429,0.11330611,0.0015669256,0.00016628408,1.9769993e-06,4.096185e-07,2.822687e-07,0.0033150783
2284,118_00199,118,199,2,RBBB,2,RBBB,0,N,0.87023956,0.87023956,0.124139406,0.0015919935,0.0003288001,1.5846385e-06,2.8733078e-07,2.4788176e-07,0.003698186
2285,118_00200,118,200,3,APC,2,RBBB,0,N,0.88061947,0.88061947,0.11118937,0.003833104,0.000261339,1.5548205e-06,5.4073263e-07,3.5284498e-07,0.0040943567
2286,118_00201,118,201,2,RBBB,3,APC,0,N,0.7992274,0.7992274,0.19077343,0.0038268364,0.00020783074,1.2874191e-06,3.994614e-07,1.4714774e-07,0.005962605
2287,118_00202,118,202,2,RBBB,2,RBBB,0,N,0.7277318,0.7277318,0.26425385,0.0039739553,0.00023392253,2.4772899e-06,3.8333224e-07,3.5186645e-07,0.003803296
2288,118_00203,118,203,2,RBBB,2,RBBB,0,N,0.9132962,0.9132962,0.08135048,0.0021042444,0.00022906241,9.2074623e-07,2.91171e-07,1.454192e-07,0.0030187676
2289,118_00204,118,204,2,RBBB,2,RBBB,0,N,0.9593824,0.9593824,0.037506446,0.00096080836,0.00012477336,4.4508366e-07,1.2968322e-07,7.2125495e-08,0.0020249318
2290,118_00205,118,205,2,RBBB,2,RBBB,0,N,0.9293039,0.9293039,0.06558588,0.0030104779,0.00015269277,6.332534e-07,2.0956736e-07,8.5711505e-08,0.0019461394
2291,118_00206,118,206,2,RBBB,2,RBBB,0,N,0.91880226,0.91880226,0.07663534,0.001226711,0.00015848356,6.344371e-07,1.2070085e-07,8.127759e-08,0.003176348
2292,118_00207,118,207,2,RBBB,2,RBBB,0,N,0.88369524,0.88369524,0.11131829,0.0015871987,0.00020351901,1.3811833e-06,2.0187674e-07,2.3088009e-07,0.0031939687
2293,118_00208,118,208,2,RBBB,2,RBBB,0,N,0.8473337,0.8473337,0.14598222,0.0021851668,0.00020371325,1.8296228e-06,3.032522e-07,3.0943627e-07,0.004292768
2294,118_00209,118,209,2,RBBB,2,RBBB,0,N,0.8438019,0.8438019,0.1500905,0.0024549267,0.000302983,1.45046e-06,2.8506176e-07,1.993007e-07,0.003347867
2295,118_00210,118,210,2,RBBB,2,RBBB,0,N,0.9009716,0.9009716,0.094312206,0.0015003172,0.00017275629,1.0270329e-06,1.9015381e-07,1.825628e-07,0.0030416346
2296,118_00211,118,211,2,RBBB,2,RBBB,0,N,0.9299374,0.9299374,0.064867154,0.0013521652,0.00017928943,8.9580067e-07,2.4071895e-07,2.142804e-07,0.0036626896
2297,118_00212,118,212,2,RBBB,2,RBBB,0,N,0.89077514,0.89077514,0.10279394,0.003439252,0.0002558287,1.1569513e-06,3.3673373e-07,1.7031456e-07,0.00273419
2298,118_00213,118,213,2,RBBB,2,RBBB,0,N,0.91069883,0.91069883,0.0843524,0.0013980577,0.00018456456,1.0046512e-06,1.9335272e-07,1.4208574e-07,0.0033648442
2299,118_00214,118,214,2,RBBB,2,RBBB,0,N,0.90720963,0.90720963,0.08737064,0.0013572981,0.00026628436,1.3195856e-06,2.7954215e-07,2.6738994e-07,0.0037943134
2300,118_00215,118,215,2,RBBB,2,RBBB,0,N,0.9541833,0.9541833,0.042340778,0.0013316333,0.00013188226,5.254876e-07,1.2875945e-07,8.046841e-08,0.0020116577
2301,118_00216,118,216,2,RBBB,2,RBBB,0,N,0.927566,0.927566,0.06878756,0.0016552414,0.00020323666,8.6000347e-07,1.7722819e-07,9.6270035e-08,0.0017868963
2302,118_00217,118,217,2,RBBB,2,RBBB,0,N,0.9398722,0.9398722,0.05610684,0.00052139105,0.00018039858,8.030178e-07,2.0159383e-07,1.3203119e-07,0.0033181673
2303,118_00218,118,218,2,RBBB,2,RBBB,0,N,0.94030136,0.94030136,0.055666983,0.0009585622,0.00023413663,8.093065e-07,2.2619025e-07,1.00089814e-07,0.002837818
2304,118_00219,118,219,2,RBBB,2,RBBB,0,N,0.9191011,0.9191011,0.07616764,0.0011226571,0.0002752751,7.229099e-07,1.41526e-07,7.328959e-08,0.0033323749
2305,118_00220,118,220,2,RBBB,2,RBBB,0,N,0.9326331,0.9326331,0.06276756,0.00092125474,0.00024740293,5.5185996e-07,1.2443148e-07,6.617323e-08,0.0034299674
2306,118_00221,118,221,2,RBBB,2,RBBB,0,N,0.9126466,0.9126466,0.08264133,0.0013230975,0.00019837749,1.0719834e-06,1.9273105e-07,1.5437907e-07,0.003189138
2307,118_00222,118,222,2,RBBB,2,RBBB,0,N,0.939999,0.939999,0.055606164,0.0008938301,0.00018587091,6.830099e-07,1.4977745e-07,9.3699555e-08,0.0033143228
2308,118_00223,118,223,2,RBBB,2,RBBB,0,N,0.90139323,0.90139323,0.09444574,0.0018293887,0.0002565884,9.353753e-07,2.3334704e-07,8.920039e-08,0.002073659
2309,118_00224,118,224,2,RBBB,2,RBBB,0,N,0.9399766,0.9399766,0.05532286,0.00059848087,0.00015363986,4.814717e-07,1.17750844e-07,8.1100495e-08,0.0039478876
2310,118_00225,118,225,2,RBBB,2,RBBB,0,N,0.92020977,0.92020977,0.07470473,0.0023747792,0.00024073296,8.459286e-07,2.334627e-07,1.08684496e-07,0.0024688132
2311,118_00226,118,226,2,RBBB,2,RBBB,0,N,0.89487386,0.89487386,0.09944702,0.0015738383,0.00019108145,8.463683e-07,1.297907e-07,9.902746e-08,0.003913092
2312,118_00227,118,227,2,RBBB,2,RBBB,0,N,0.8897798,0.8897798,0.104046434,0.0016322262,0.00026550618,1.1244169e-06,2.0930112e-07,1.5644717e-07,0.00427452
2313,118_00228,118,228,2,RBBB,2,RBBB,0,N,0.90139014,0.90139014,0.09385542,0.001567611,0.00019973815,1.0694832e-06,2.2048701e-07,1.7929263e-07,0.0029855762
2314,118_00229,118,229,2,RBBB,2,RBBB,0,N,0.910323,0.910323,0.084938385,0.0013493361,0.00020250882,1.0289126e-06,2.0736721e-07,1.3904422e-07,0.003185563
2315,118_00230,118,230,2,RBBB,2,RBBB,0,N,0.8342914,0.8342914,0.16011658,0.0021645473,0.0002517958,1.6280773e-06,2.5224367e-07,2.3412306e-07,0.003173518
2316,118_00231,118,231,2,RBBB,2,RBBB,0,N,0.8948975,0.8948975,0.10046683,0.0013080952,0.00016854834,1.1884943e-06,1.7875294e-07,1.4628749e-07,0.0031573582
2317,118_00232,118,232,2,RBBB,2,RBBB,0,N,0.938355,0.938355,0.058151767,0.0010230304,0.00025050688,6.3986647e-07,1.4594562e-07,8.5590564e-08,0.0022187245
2318,118_00233,118,233,2,RBBB,2,RBBB,0,N,0.9500616,0.9500616,0.04607332,0.0013196704,0.00010476972,4.1687588e-07,1.0734373e-07,5.267546e-08,0.0024400856
2319,118_00234,118,234,2,RBBB,2,RBBB,0,N,0.9471338,0.9471338,0.048760895,0.0014656475,0.00018064912,4.833072e-07,1.1659329e-07,5.883604e-08,0.0024583407
2320,118_00235,118,235,3,APC,2,RBBB,0,N,0.9441562,0.9441562,0.052278683,0.00090931583,0.00015621453,5.056919e-07,1.0055555e-07,6.453686e-08,0.002498894
2321,118_00236,118,236,2,RBBB,3,APC,0,N,0.8504679,0.8504679,0.14288852,0.00334308,0.00020560165,1.1798357e-06,2.6170594e-07,9.3170954e-08,0.0030934259
2322,118_00237,118,237,3,APC,2,RBBB,0,N,0.8933878,0.8933878,0.10229831,0.0016443656,0.0001144844,1.1121782e-06,1.5310101e-07,1.7040084e-07,0.002553657
2323,118_00238,118,238,2,RBBB,3,APC,0,N,0.6696953,0.6696953,0.30327815,0.022392495,0.0003086715,1.569242e-06,6.0425054e-07,1.07627656e-07,0.004322983
2324,118_00239,118,239,2,RBBB,2,RBBB,0,N,0.8136411,0.8136411,0.1812306,0.0029516208,0.00022436357,1.710745e-06,2.1966326e-07,2.1546388e-07,0.0019500641
2325,118_00240,118,240,2,RBBB,2,RBBB,0,N,0.68896055,0.68896055,0.30415952,0.0023720542,0.00019995481,3.1528457e-06,4.8313353e-07,3.4324867e-07,0.004303969
2326,118_00241,118,241,2,RBBB,2,RBBB,0,N,0.6847881,0.6847881,0.30821636,0.0030447857,0.0002866599,3.409723e-06,6.7001605e-07,5.264837e-07,0.0036594127
2327,118_00242,118,242,2,RBBB,2,RBBB,0,N,0.7219435,0.7219435,0.27006763,0.004639842,0.00019942282,1.855343e-06,3.2347003e-07,2.919762e-07,0.003147078
2328,118_00243,118,243,2,RBBB,2,RBBB,0,N,0.8786323,0.8786323,0.11587239,0.0016114697,0.00015976967,1.1570248e-06,1.5616187e-07,2.8477743e-07,0.0037226095
2329,118_00244,118,244,2,RBBB,2,RBBB,0,N,0.92289186,0.92289186,0.072920226,0.001846509,0.00015871313,7.288236e-07,1.2590235e-07,1.4274117e-07,0.002181718
2330,118_00245,118,245,2,RBBB,2,RBBB,0,N,0.9418155,0.9418155,0.05501774,0.0014352263,0.00013816157,5.135095e-07,1.14381955e-07,8.515643e-08,0.0015924998
2331,118_00246,118,246,2,RBBB,2,RBBB,0,N,0.9757148,0.9757148,0.022227844,0.00031023708,7.560692e-05,1.9195231e-07,4.2860137e-08,2.8908502e-08,0.0016710972
2332,118_00247,118,247,2,RBBB,2,RBBB,0,N,0.95304704,0.95304704,0.04499972,0.0010511623,8.000769e-05,3.8195728e-07,9.427654e-08,4.1055937e-08,0.0008215872
2333,118_00248,118,248,2,RBBB,2,RBBB,0,N,0.97047484,0.97047484,0.027443537,0.0006119237,5.5900702e-05,2.3876225e-07,6.573393e-08,4.378222e-08,0.0014133777
2334,118_00249,118,249,2,RBBB,2,RBBB,0,N,0.96074,0.96074,0.03679145,0.0007929794,6.430939e-05,3.4528696e-07,9.915058e-08,6.9145955e-08,0.0016107289
2335,118_00250,118,250,2,RBBB,2,RBBB,0,N,0.8897228,0.8897228,0.104174554,0.002782563,0.00019226848,1.0377181e-06,4.1043424e-07,2.1996804e-07,0.003126123
2336,118_00251,118,251,2,RBBB,2,RBBB,0,N,0.9529732,0.9529732,0.042591255,0.0010333224,0.00012936638,4.7681903e-07,1.5421006e-07,1.2060138e-07,0.0032721781
2337,118_00252,118,252,2,RBBB,2,RBBB,0,N,0.8542909,0.8542909,0.13904156,0.0035488647,0.0002634502,1.3618344e-06,4.187724e-07,2.0349378e-07,0.002853308
2338,118_00253,118,253,2,RBBB,2,RBBB,0,N,0.92838925,0.92838925,0.06770669,0.0008492815,0.00014502153,7.2675005e-07,1.7137266e-07,1.3675037e-07,0.0029086354
2339,118_00254,118,254,2,RBBB,2,RBBB,0,N,0.8946312,0.8946312,0.1004502,0.0025917469,0.00015098938,1.1664862e-06,2.5605468e-07,1.6314426e-07,0.0021742212
2340,118_00255,118,255,2,RBBB,2,RBBB,0,N,0.96479386,0.96479386,0.032598782,0.00085396186,0.00014944757,5.3320974e-07,1.5158321e-07,1.2719953e-07,0.001603126
2341,118_00256,118,256,2,RBBB,2,RBBB,0,N,0.9502917,0.9502917,0.046141144,0.0010483128,0.000116506024,6.7204974e-07,2.2992604e-07,1.2792528e-07,0.0024013126
2342,118_00257,118,257,2,RBBB,2,RBBB,0,N,0.9053212,0.9053212,0.09007619,0.001716225,0.00028250614,1.2888846e-06,3.779515e-07,1.9736696e-07,0.0026020696
2343,118_00258,118,258,2,RBBB,2,RBBB,0,N,0.9038281,0.9038281,0.09096477,0.0011052319,0.0002961306,1.3657251e-06,2.9845557e-07,2.7070396e-07,0.0038038627
2344,118_00259,118,259,2,RBBB,2,RBBB,0,N,0.79748905,0.79748905,0.19355084,0.0031627328,0.00032037057,3.3766696e-06,6.400521e-07,5.184863e-07,0.0054725115
2345,118_00260,118,260,2,RBBB,2,RBBB,0,N,0.8456925,0.8456925,0.14632998,0.0026809454,0.00039378623,2.3971556e-06,4.390278e-07,5.333995e-07,0.0048993467
2346,118_00261,118,261,2,RBBB,2,RBBB,0,N,0.88948375,0.88948375,0.10359203,0.0035454682,0.0002765265,1.3042159e-06,3.8086284e-07,2.0531142e-07,0.0031003824
2347,118_00262,118,262,2,RBBB,2,RBBB,0,N,0.920934,0.920934,0.07557328,0.0008423254,0.00014968918,8.621886e-07,1.265179e-07,1.2756699e-07,0.0024995934
2348,118_00263,118,263,2,RBBB,2,RBBB,0,N,0.9469464,0.9469464,0.050361868,0.0008169496,0.00014183512,5.592287e-07,1.193528e-07,7.404172e-08,0.0017322033
2349,118_00264,118,264,2,RBBB,2,RBBB,0,N,0.9314181,0.9314181,0.065658346,0.0011531148,0.0001170899,5.091222e-07,7.7341554e-08,4.2293998e-08,0.0016525658
2350,118_00265,118,265,2,RBBB,2,RBBB,0,N,0.9379787,0.9379787,0.058746707,0.0008166688,0.00016469558,6.1521587e-07,1.2054552e-07,8.26574e-08,0.0022924442
2351,118_00266,118,266,2,RBBB,2,RBBB,0,N,0.80765575,0.80765575,0.18616624,0.0017571822,0.00015825698,2.5828126e-06,4.37123e-07,3.413296e-07,0.0042592236
2352,118_00267,118,267,2,RBBB,2,RBBB,0,N,0.8042788,0.8042788,0.19036078,0.0015240165,0.00029533607,2.418885e-06,4.4193436e-07,3.806066e-07,0.0035377755
2353,118_00268,118,268,2,RBBB,2,RBBB,0,N,0.7885786,0.7885786,0.20448565,0.0025333713,0.00025483585,2.0605808e-06,4.0591073e-07,2.9709383e-07,0.00414468
2354,118_00269,118,269,2,RBBB,2,RBBB,0,N,0.8643909,0.8643909,0.13068503,0.0017001998,0.00027321203,1.7116408e-06,3.0535054e-07,2.9010374e-07,0.002948229
2355,118_00270,118,270,2,RBBB,2,RBBB,0,N,0.9213081,0.9213081,0.074596785,0.0006654435,0.00021085812,1.4660237e-06,2.9482484e-07,3.2524892e-07,0.0032168343
2356,118_00271,118,271,2,RBBB,2,RBBB,0,N,0.90500724,0.90500724,0.0915855,0.00091536564,0.00022681859,1.44144e-06,3.000538e-07,2.0829798e-07,0.002263148
2357,118_00272,118,272,2,RBBB,2,RBBB,0,N,0.9285153,0.9285153,0.0684372,0.00090525416,0.00015098465,7.609054e-07,1.6844605e-07,1.3238844e-07,0.0019901085
2358,118_00273,118,273,2,RBBB,2,RBBB,0,N,0.92999196,0.92999196,0.06628395,0.0008901384,0.00018469644,9.3664426e-07,2.2897505e-07,2.0475805e-07,0.0026479338
2359,118_00274,118,274,2,RBBB,2,RBBB,0,N,0.9765559,0.9765559,0.021775957,0.00041131358,0.000103715174,4.2927675e-07,1.0397646e-07,6.82696e-08,0.0011525425
2360,118_00275,118,275,2,RBBB,2,RBBB,0,N,0.9705186,0.9705186,0.02788436,0.0005214097,0.00010014559,4.2577946e-07,1.0626301e-07,6.727411e-08,0.0009748859
2361,118_00276,118,276,2,RBBB,2,RBBB,0,N,0.9899317,0.9899317,0.0091763325,0.00014477593,6.08149e-05,1.7651149e-07,8.938618e-08,3.7249833e-08,0.00068614783
2362,118_00277,118,277,2,RBBB,2,RBBB,0,N,0.99659467,0.99659467,0.0029177514,7.313527e-05,3.347524e-05,3.850778e-08,2.5935426e-08,4.3544794e-09,0.0003809848
2363,118_00278,118,278,2,RBBB,2,RBBB,0,N,0.988717,0.988717,0.010160031,0.0005086798,4.62931e-05,1.4162777e-07,7.739585e-08,1.3498158e-08,0.0005677407
2364,118_00279,118,279,2,RBBB,2,RBBB,0,N,0.92173004,0.92173004,0.07229097,0.00153847,8.553722e-05,9.531288e-07,7.014525e-07,3.2716534e-07,0.0043529146
2365,118_00280,118,280,2,RBBB,2,RBBB,0,N,0.9394576,0.9394576,0.05178148,0.0014483313,0.00023761035,7.9485795e-07,9.756959e-07,3.9364048e-07,0.0070727803
2366,118_00281,118,281,2,RBBB,2,RBBB,0,N,0.9462573,0.9462573,0.049274597,0.0017687434,0.00022543747,5.80298e-07,2.2848617e-07,1.5999949e-07,0.0024730307
2367,118_00282,118,282,2,RBBB,2,RBBB,0,N,0.8611316,0.8611316,0.13117947,0.002609777,0.00016684654,1.2370846e-06,2.9000628e-07,2.132802e-07,0.0049104695
2368,118_00283,118,283,2,RBBB,2,RBBB,0,N,0.8720741,0.8720741,0.12223965,0.001737809,0.0002908092,1.2893372e-06,2.452452e-07,1.8960932e-07,0.0036559314
2369,118_00284,118,284,2,RBBB,2,RBBB,0,N,0.72472566,0.72472566,0.26732457,0.0032452561,0.00037400238,2.6137175e-06,5.118936e-07,3.664561e-07,0.0043270844
2370,118_00285,118,285,2,RBBB,2,RBBB,0,N,0.7281837,0.7281837,0.26462403,0.0015968455,0.00022507782,3.455921e-06,5.140585e-07,4.3620093e-07,0.005365949
2371,118_00286,118,286,2,RBBB,2,RBBB,0,N,0.6842086,0.6842086,0.30653912,0.0028545551,0.000430541,2.892614e-06,4.6381018e-07,5.2130173e-07,0.0059634494
2372,118_00287,118,287,2,RBBB,2,RBBB,0,N,0.847933,0.847933,0.1434566,0.0046944767,0.00029211197,1.8047361e-06,4.7343423e-07,3.8201216e-07,0.0036211694
2373,118_00288,118,288,2,RBBB,2,RBBB,0,N,0.88291395,0.88291395,0.110657446,0.0017093654,0.00030310004,1.5021375e-06,2.3537059e-07,2.562569e-07,0.0044141654
2374,118_00289,118,289,2,RBBB,2,RBBB,0,N,0.9096315,0.9096315,0.084913775,0.0022851988,0.00023049708,1.0892272e-06,2.1290967e-07,1.606198e-07,0.0029375516
2375,118_00290,118,290,2,RBBB,2,RBBB,0,N,0.9450775,0.9450775,0.050028674,0.0014407006,0.0002502519,6.978952e-07,2.2073144e-07,1.0145046e-07,0.00320185
2376,118_00291,118,291,2,RBBB,2,RBBB,0,N,0.91511077,0.91511077,0.07921568,0.001656643,0.0003344668,1.2586493e-06,3.5000056e-07,1.6254388e-07,0.0036806108
2377,118_00292,118,292,2,RBBB,2,RBBB,0,N,0.8263078,0.8263078,0.16557154,0.0011744335,0.00026543514,2.444058e-06,4.1276726e-07,4.905652e-07,0.006677437
2378,118_00293,118,293,2,RBBB,2,RBBB,0,N,0.7612537,0.7612537,0.23039943,0.0021603107,0.00059538375,5.8323076e-06,1.0583877e-06,1.0464603e-06,0.00558324
2379,118_00294,118,294,2,RBBB,2,RBBB,0,N,0.628366,0.628366,0.36248267,0.0020576473,0.00055746536,6.2487093e-06,1.2162061e-06,1.2344999e-06,0.0065275384
2380,118_00295,118,295,2,RBBB,2,RBBB,0,N,0.86266124,0.86266124,0.13156673,0.002275515,0.0003240097,4.0935192e-06,1.1837544e-06,1.0326424e-06,0.0031660986
2381,118_00296,118,296,2,RBBB,2,RBBB,0,N,0.8781155,0.8781155,0.116315596,0.0019339821,0.00030501475,1.7909247e-06,4.525313e-07,3.800809e-07,0.0033273273
2382,118_00297,118,297,2,RBBB,2,RBBB,0,N,0.90418005,0.90418005,0.09112381,0.0015445752,0.00018357422,1.3341278e-06,4.2000775e-07,3.146127e-07,0.002965966
2383,118_00298,118,298,2,RBBB,2,RBBB,0,N,0.9197145,0.9197145,0.07521242,0.0016321944,0.00024098162,9.544965e-07,2.3772306e-07,1.7818375e-07,0.003198534
2384,118_00299,118,299,2,RBBB,2,RBBB,0,N,0.8209233,0.8209233,0.17308675,0.0030926,0.00029752546,1.955315e-06,4.299917e-07,3.3693252e-07,0.0025970405
2385,118_00300,118,300,2,RBBB,2,RBBB,0,N,0.9096593,0.9096593,0.08445418,0.00073317345,0.00019788813,1.3142325e-06,2.467185e-07,2.9741008e-07,0.004953532
2386,118_00301,118,301,2,RBBB,2,RBBB,0,N,0.8282727,0.8282727,0.1636627,0.005393205,0.0003714263,2.1523151e-06,6.061477e-07,3.3741316e-07,0.002296891
2387,118_00302,118,302,2,RBBB,2,RBBB,0,N,0.8846777,0.8846777,0.10972361,0.0012905872,0.00016228057,1.0348424e-06,2.129358e-07,2.0501636e-07,0.0041443193
2388,118_00303,118,303,2,RBBB,2,RBBB,0,N,0.789101,0.789101,0.20417842,0.0021626079,0.00029874043,2.4608107e-06,4.838517e-07,4.0770792e-07,0.004255817
2389,118_00304,118,304,2,RBBB,2,RBBB,0,N,0.7973983,0.7973983,0.19568789,0.0027187753,0.0003450669,2.0163664e-06,3.9907022e-07,3.5880967e-07,0.0038472533
2390,118_00305,118,305,2,RBBB,2,RBBB,0,N,0.8790028,0.8790028,0.114887536,0.001291073,0.00023871905,1.4912209e-06,2.1912162e-07,2.7669412e-07,0.0045778668
2391,118_00306,118,306,2,RBBB,2,RBBB,0,N,0.8981078,0.8981078,0.096850246,0.0017124267,0.00035367996,9.967318e-07,2.3016335e-07,1.6644928e-07,0.002974496
2392,118_00307,118,307,2,RBBB,2,RBBB,0,N,0.87598735,0.87598735,0.11733772,0.002400687,0.00023940978,1.5357333e-06,3.271727e-07,2.8010197e-07,0.004032667
2393,118_00308,118,308,2,RBBB,2,RBBB,0,N,0.8866835,0.8866835,0.107920125,0.0010554454,0.00017352705,1.2521483e-06,1.7436435e-07,1.777171e-07,0.0041657574
2394,118_00309,118,309,2,RBBB,2,RBBB,0,N,0.9255517,0.9255517,0.07179112,0.0011347004,0.00020059693,6.435421e-07,9.930101e-08,6.8887005e-08,0.0013210832
2395,118_00310,118,310,2,RBBB,2,RBBB,0,N,0.8965468,0.8965468,0.09881084,0.0018794406,8.7329616e-05,6.8166713e-07,1.3113673e-07,1.0514765e-07,0.0026748232
2396,118_00311,118,311,2,RBBB,2,RBBB,0,N,0.960581,0.960581,0.03668991,0.0006932603,0.00012646362,6.219917e-07,1.7625115e-07,1.6718457e-07,0.0019083712
2397,118_00312,118,312,2,RBBB,2,RBBB,0,N,0.9373255,0.9373255,0.059955914,0.000593291,0.00020383627,7.500047e-07,2.3582936e-07,1.1924575e-07,0.0019203756
2398,118_00313,118,313,2,RBBB,2,RBBB,0,N,0.8823331,0.8823331,0.11466973,0.0005915238,0.00019250892,1.3603608e-06,4.846054e-07,2.6629553e-07,0.0022109863
2399,118_00314,118,314,2,RBBB,2,RBBB,0,N,0.9263017,0.9263017,0.070162594,0.00045212757,0.00014676143,1.3460909e-06,4.150376e-07,3.510661e-07,0.0029347546
2400,118_00315,118,315,2,RBBB,2,RBBB,0,N,0.9243103,0.9243103,0.071994975,0.0016910922,0.00034422,1.4663976e-06,3.5638627e-07,2.4780837e-07,0.0016573314
2401,118_00316,118,316,2,RBBB,2,RBBB,0,N,0.93315893,0.93315893,0.063613124,0.0005271802,0.00017276534,1.1047167e-06,2.635956e-07,2.0522896e-07,0.002526349
2402,118_00317,118,317,2,RBBB,2,RBBB,0,N,0.95159435,0.95159435,0.045342423,0.0005772146,0.00015114206,7.451198e-07,3.3415665e-07,1.558049e-07,0.002333576
2403,118_00318,118,318,2,RBBB,2,RBBB,0,N,0.86433727,0.86433727,0.12870792,0.003639039,0.00015062884,1.5281116e-06,4.1113114e-07,3.3413315e-07,0.003162947
2404,118_00319,118,319,2,RBBB,2,RBBB,0,N,0.95770425,0.95770425,0.03749621,0.0009724171,0.00021122998,4.7195468e-07,1.880933e-07,1.5055488e-07,0.00361511
2405,118_00320,118,320,2,RBBB,2,RBBB,0,N,0.9303424,0.9303424,0.06593404,0.0012259567,0.00019105848,6.754971e-07,1.423748e-07,1.0405897e-07,0.0023056562
2406,118_00321,118,321,2,RBBB,2,RBBB,0,N,0.93985575,0.93985575,0.05673742,0.0008520959,0.00016038764,5.239847e-07,1.2261097e-07,7.7821745e-08,0.0023936625
2407,118_00322,118,322,2,RBBB,2,RBBB,0,N,0.93758535,0.93758535,0.05859179,0.00092135195,0.00016208195,5.719086e-07,1.0819986e-07,8.332525e-08,0.0027386334
2408,118_00323,118,323,2,RBBB,2,RBBB,0,N,0.92123663,0.92123663,0.075014815,0.0012823966,0.0001798851,7.86479e-07,1.4209775e-07,9.667378e-08,0.002285255
2409,118_00324,118,324,2,RBBB,2,RBBB,0,N,0.948404,0.948404,0.04782237,0.0011502615,0.00017748993,4.761671e-07,1.0726022e-07,5.4624877e-08,0.002445195
2410,118_00325,118,325,3,APC,2,RBBB,0,N,0.9074443,0.9074443,0.087369114,0.0016211437,0.0002573789,1.2588417e-06,3.1552156e-07,2.26717e-07,0.0033061411
2411,118_00326,118,326,2,RBBB,3,APC,0,N,0.8120788,0.8120788,0.17732212,0.0031390223,0.00024294601,1.6531287e-06,5.2906347e-07,1.9090128e-07,0.0072147297
2412,118_00327,118,327,2,RBBB,2,RBBB,0,N,0.7444361,0.7444361,0.24966681,0.0030238752,0.00044884084,4.7620256e-06,5.413243e-07,7.906438e-07,0.0024183644
2413,118_00328,118,328,2,RBBB,2,RBBB,0,N,0.67206717,0.67206717,0.31630054,0.0040655625,0.0003145717,5.9106687e-06,9.3519924e-07,1.0239818e-06,0.007244252
2414,118_00329,118,329,2,RBBB,2,RBBB,0,N,0.954312,0.954312,0.0415691,0.0019901001,0.0003141537,7.849274e-07,2.3646096e-07,1.7299128e-07,0.0018134286
2415,118_00330,118,330,2,RBBB,2,RBBB,0,N,0.9471114,0.9471114,0.04770348,0.0034221378,0.00012628916,5.133855e-07,1.5517817e-07,7.8035484e-08,0.0016359288
2416,118_00331,118,331,3,APC,2,RBBB,0,N,0.9351162,0.9351162,0.060341388,0.001916687,0.00011012162,7.5003084e-07,1.9308604e-07,1.259482e-07,0.002514541
2417,118_00332,118,332,2,RBBB,3,APC,0,N,0.8772846,0.8772846,0.114583716,0.0050922665,0.00024961712,8.514399e-07,2.2719433e-07,8.403168e-08,0.0027887516
2418,118_00333,118,333,2,RBBB,2,RBBB,0,N,0.88777745,0.88777745,0.1083719,0.0016002358,0.0001511147,1.8303687e-06,2.607667e-07,3.7481206e-07,0.0020968448
2419,118_00334,118,334,2,RBBB,2,RBBB,0,N,0.75564486,0.75564486,0.23518454,0.00325664,0.000428917,5.428514e-06,1.6243105e-06,1.0645928e-06,0.0054770685
2420,118_00335,118,335,2,RBBB,2,RBBB,0,N,0.87976736,0.87976736,0.11525486,0.0012398245,0.00040951683,2.1424153e-06,3.3736904e-07,4.3014492e-07,0.0033255562
2421,118_00336,118,336,2,RBBB,2,RBBB,0,N,0.8686523,0.8686523,0.12455816,0.0035099466,0.00026154215,1.7335531e-06,4.675822e-07,3.54959e-07,0.0030155482
2422,118_00337,118,337,3,APC,2,RBBB,0,N,0.85185945,0.85185945,0.13973764,0.0029100408,0.000348312,1.927583e-06,5.449513e-07,3.9424995e-07,0.005141734
2423,118_00338,118,338,2,RBBB,3,APC,0,N,0.6293127,0.6293127,0.36210075,0.0038188805,0.00029628625,2.0363457e-06,4.835702e-07,1.6299552e-07,0.0044687022
2424,118_00339,118,339,2,RBBB,2,RBBB,0,N,0.7200352,0.7200352,0.27577233,0.001245102,0.00014614493,2.6940754e-06,2.2112886e-07,3.986793e-07,0.0027979794
2425,118_00340,118,340,2,RBBB,2,RBBB,0,N,0.86834157,0.86834157,0.122869484,0.004536528,0.0005635475,2.2782017e-06,6.1403574e-07,5.424482e-07,0.00368545
2426,118_00341,118,341,2,RBBB,2,RBBB,0,N,0.96101344,0.96101344,0.035886552,0.0011120369,0.00012730496,7.690525e-07,1.8565868e-07,1.926572e-07,0.0018595454
2427,118_00342,118,342,2,RBBB,2,RBBB,0,N,0.95454115,0.95454115,0.042535376,0.0012872806,0.0001787559,1.0208347e-06,3.9392245e-07,2.1085891e-07,0.0014557241
2428,118_00343,118,343,2,RBBB,2,RBBB,0,N,0.96485895,0.96485895,0.03298148,0.00090923073,0.00010197046,7.385077e-07,2.2074897e-07,1.4781145e-07,0.0011473056
2429,118_00344,118,344,2,RBBB,2,RBBB,0,N,0.97061116,0.97061116,0.027161974,0.0006525196,0.000105910694,4.072223e-07,1.7324155e-07,7.355319e-08,0.0014676952
2430,118_00345,118,345,2,RBBB,2,RBBB,0,N,0.86040324,0.86040324,0.13367814,0.0029648007,0.00017096316,2.0947464e-06,8.199421e-07,3.804052e-07,0.002779571
2431,118_00346,118,346,2,RBBB,2,RBBB,0,N,0.94347936,0.94347936,0.05226455,0.0009822396,0.00023930919,1.2726788e-06,7.3382506e-07,3.597847e-07,0.0030322454
2432,118_00347,118,347,2,RBBB,2,RBBB,0,N,0.7487856,0.7487856,0.24399011,0.002829502,0.00019374143,3.8211538e-06,9.314335e-07,5.6399654e-07,0.00419573
2433,118_00348,118,348,2,RBBB,2,RBBB,0,N,0.79951113,0.79951113,0.19410953,0.0018480773,0.00031818356,3.1936036e-06,7.7697797e-07,6.5167427e-07,0.0042084213
2434,118_00349,118,349,2,RBBB,2,RBBB,0,N,0.9097735,0.9097735,0.08591608,0.0012545866,0.00028087717,1.5177409e-06,3.7567074e-07,2.9911695e-07,0.0027728113
2435,118_00350,118,350,2,RBBB,2,RBBB,0,N,0.92717147,0.92717147,0.069455445,0.0009820064,0.00018805281,1.1738497e-06,3.0114256e-07,2.3825562e-07,0.0022012824
2436,118_00351,118,351,2,RBBB,2,RBBB,0,N,0.919897,0.919897,0.07549095,0.0016121777,0.00013755345,1.1018967e-06,3.264263e-07,2.306804e-07,0.0028606744
2437,118_00352,118,352,2,RBBB,2,RBBB,0,N,0.9227956,0.9227956,0.07251735,0.0017503676,0.00023921367,1.1165038e-06,4.3003735e-07,2.9427474e-07,0.002695639
2438,118_00353,118,353,2,RBBB,2,RBBB,0,N,0.8756461,0.8756461,0.118470624,0.001411437,0.00022350386,1.556122e-06,4.78086e-07,3.6571066e-07,0.004245941
2439,118_00354,118,354,2,RBBB,2,RBBB,0,N,0.9150823,0.9150823,0.080374025,0.0010370323,0.00021157181,1.1188567e-06,2.860723e-07,2.3009078e-07,0.0032934179
2440,118_00355,118,355,2,RBBB,2,RBBB,0,N,0.9225919,0.9225919,0.072241485,0.00242839,0.00028812923,7.484704e-07,2.2739539e-07,1.311628e-07,0.0024489444
2441,118_00356,118,356,2,RBBB,2,RBBB,0,N,0.9191087,0.9191087,0.0757969,0.0012749545,0.00022469308,1.0620582e-06,2.6258945e-07,2.304091e-07,0.0035931645
2442,118_00357,118,357,2,RBBB,2,RBBB,0,N,0.92515975,0.92515975,0.07088032,0.0011196531,0.0001506923,1.5074073e-06,3.010703e-07,2.4812863e-07,0.0026873546
2443,118_00358,118,358,2,RBBB,2,RBBB,0,N,0.95380926,0.95380926,0.04335873,0.00084486895,0.00024523065,7.683523e-07,2.583477e-07,1.8174362e-07,0.0017406755
2444,118_00359,118,359,2,RBBB,2,RBBB,0,N,0.97603506,0.97603506,0.021262374,0.0009274065,7.0961745e-05,2.694532e-07,1.5783954e-07,6.631589e-08,0.0017037911
2445,118_00360,118,360,2,RBBB,2,RBBB,0,N,0.93764234,0.93764234,0.05637495,0.002646553,0.00014500358,6.0276267e-07,1.858901e-07,1.6471026e-07,0.0031901337
2446,118_00361,118,361,3,APC,2,RBBB,0,N,0.9676066,0.9676066,0.0275585,0.0015079807,0.00022366154,2.9861206e-07,1.5332097e-07,7.0551025e-08,0.0031027317
2447,118_00362,118,362,2,RBBB,3,APC,0,N,0.90238035,0.90238035,0.093232974,0.0022889716,0.0001664528,6.0932393e-07,1.6630275e-07,4.203501e-08,0.0019303836
2448,118_00363,118,363,2,RBBB,2,RBBB,0,N,0.86975545,0.86975545,0.12558763,0.00088654907,0.00013843065,1.3361652e-06,2.398712e-07,1.91075e-07,0.0036301415
2449,118_00364,118,364,2,RBBB,2,RBBB,0,N,0.8928895,0.8928895,0.09993357,0.0033104485,0.00018786409,7.937251e-07,2.3608298e-07,9.644906e-08,0.003677564
2450,118_00365,118,365,2,RBBB,2,RBBB,0,N,0.93115395,0.93115395,0.06443807,0.0020184347,0.0002896095,6.1048564e-07,1.6030978e-07,1.2442183e-07,0.002099022
2451,118_00366,118,366,2,RBBB,2,RBBB,0,N,0.93597406,0.93597406,0.060020365,0.0013283312,9.309895e-05,5.9109834e-07,1.5228163e-07,7.199451e-08,0.0025834653
2452,118_00367,118,367,3,APC,2,RBBB,0,N,0.86050117,0.86050117,0.13328573,0.0027267865,0.00031624446,1.4283095e-06,3.180722e-07,1.9114357e-07,0.0031681482
2453,118_00368,118,368,2,RBBB,3,APC,0,N,0.7902274,0.7902274,0.20170611,0.0042411326,0.00022821718,1.7770859e-06,3.6495246e-07,1.4389914e-07,0.0035948416
2454,118_00369,118,369,2,RBBB,2,RBBB,0,N,0.91961175,0.91961175,0.0768505,0.00048017825,0.00014418227,1.2409555e-06,1.8115809e-07,2.4609622e-07,0.0029118091
2455,118_00370,118,370,2,RBBB,2,RBBB,0,N,0.87525547,0.87525547,0.117885135,0.0028823884,0.0006466463,2.0329599e-06,8.5684854e-07,2.7755655e-07,0.0033272742
2456,118_00371,118,371,2,RBBB,2,RBBB,0,N,0.90414107,0.90414107,0.0910217,0.00056062854,0.0001754874,9.842786e-07,1.9797326e-07,1.6024279e-07,0.004099742
2457,118_00372,118,372,2,RBBB,2,RBBB,0,N,0.91520864,0.91520864,0.07877172,0.0013439212,0.00044602,1.3367086e-06,3.1891392e-07,2.1497905e-07,0.0042278855
2458,118_00373,118,373,2,RBBB,2,RBBB,0,N,0.9377253,0.9377253,0.05811842,0.001482103,0.00029113897,7.408465e-07,1.8965912e-07,9.353194e-08,0.0023818223
2459,118_00374,118,374,2,RBBB,2,RBBB,0,N,0.90821004,0.90821004,0.08580659,0.0011249672,0.00028533663,1.1460163e-06,2.5857258e-07,1.6609218e-07,0.004571464
2460,118_00375,118,375,2,RBBB,2,RBBB,0,N,0.88800395,0.88800395,0.10470695,0.0014161911,0.00036755207,1.7615506e-06,4.0939213e-07,2.9522135e-07,0.0055029676
2461,118_00376,118,376,2,RBBB,2,RBBB,0,N,0.8726191,0.8726191,0.12003468,0.0025748562,0.0003388678,1.7031576e-06,3.210881e-07,1.9739674e-07,0.004430268
2462,118_00377,118,377,2,RBBB,2,RBBB,0,N,0.788892,0.788892,0.20293789,0.0027605328,0.00047590904,2.4027913e-06,4.7486125e-07,3.2630635e-07,0.004930441
2463,118_00378,118,378,2,RBBB,2,RBBB,0,N,0.86487985,0.86487985,0.126077,0.0010135017,0.0002893333,1.941349e-06,4.9198826e-07,4.301388e-07,0.0077373986
2464,118_00379,118,379,2,RBBB,2,RBBB,0,N,0.81674504,0.81674504,0.17573133,0.0026591774,0.0005926324,3.1553811e-06,7.5450083e-07,5.1684816e-07,0.0042674416
2465,118_00380,118,380,2,RBBB,2,RBBB,0,N,0.8381748,0.8381748,0.15465032,0.0019902661,0.00032711696,1.8887351e-06,3.5607272e-07,2.43856e-07,0.0048548803
2466,118_00381,118,381,2,RBBB,2,RBBB,0,N,0.8238728,0.8238728,0.16971566,0.0019033453,0.00029925254,1.9557003e-06,2.8004405e-07,2.712404e-07,0.0042063855
2467,118_00382,118,382,2,RBBB,2,RBBB,0,N,0.8802949,0.8802949,0.11336806,0.0017038559,0.0002896896,1.4792765e-06,3.140833e-07,2.6906966e-07,0.0043414426
2468,118_00383,118,383,2,RBBB,2,RBBB,0,N,0.942642,0.942642,0.052166793,0.0010265938,0.00030504717,7.057004e-07,1.9738863e-07,1.3465294e-07,0.0038585064
2469,118_00384,118,384,2,RBBB,2,RBBB,0,N,0.92472154,0.92472154,0.07122277,0.001181708,0.00019025167,6.613982e-07,1.2750856e-07,8.175847e-08,0.00268287
2470,118_00385,118,385,2,RBBB,2,RBBB,0,N,0.92161393,0.92161393,0.074474946,0.0009866444,0.00023282289,8.144296e-07,1.523888e-07,1.0753491e-07,0.002690642
2471,118_00386,118,386,2,RBBB,2,RBBB,0,N,0.8756103,0.8756103,0.119328484,0.0011528734,0.0002465469,1.767749e-06,3.08389e-07,2.6318406e-07,0.0036595534
2472,118_00387,118,387,2,RBBB,2,RBBB,0,N,0.8364324,0.8364324,0.15654439,0.0014141791,0.0004375722,3.2802348e-06,7.569699e-07,6.3056586e-07,0.0051667388
2473,118_00388,118,388,2,RBBB,2,RBBB,0,N,0.72467047,0.72467047,0.26708925,0.0028864308,0.0005563256,6.132168e-06,1.421451e-06,1.0963108e-06,0.0047888337
2474,118_00389,118,389,2,RBBB,2,RBBB,0,N,0.69798523,0.69798523,0.2937916,0.001758353,0.0006750742,8.164231e-06,1.7307899e-06,1.4147462e-06,0.005778477
2475,118_00390,118,390,2,RBBB,2,RBBB,0,N,0.7405608,0.7405608,0.2531893,0.001368115,0.0006212042,7.952482e-06,1.6567149e-06,1.4235488e-06,0.0042494414
2476,118_00391,118,391,2,RBBB,2,RBBB,0,N,0.8262623,0.8262623,0.16837057,0.0010383852,0.00033220515,4.3072837e-06,9.93852e-07,8.370566e-07,0.003990387
2477,118_00392,118,392,2,RBBB,2,RBBB,0,N,0.7667823,0.7667823,0.22531569,0.0027156663,0.00044747023,4.055202e-06,1.0377679e-06,7.332606e-07,0.0047330796
2478,118_00393,118,393,2,RBBB,2,RBBB,0,N,0.7487602,0.7487602,0.24227439,0.0033830183,0.0004373369,3.468461e-06,8.1443346e-07,5.2779666e-07,0.0051402086
2479,118_00394,118,394,2,RBBB,2,RBBB,0,N,0.7412227,0.7412227,0.2494194,0.0021273764,0.00066514855,4.3082e-06,9.0221704e-07,8.464196e-07,0.0065593324
2480,118_00395,118,395,2,RBBB,2,RBBB,0,N,0.8861581,0.8861581,0.10756214,0.0010598598,0.0002896241,2.2126765e-06,4.641411e-07,3.991801e-07,0.004927112
2481,118_00396,118,396,2,RBBB,2,RBBB,0,N,0.88026255,0.88026255,0.11498522,0.0018629301,0.00039962758,1.3971177e-06,2.836598e-07,1.5892871e-07,0.0024878862
2482,118_00397,118,397,2,RBBB,2,RBBB,0,N,0.90900666,0.90900666,0.08680364,0.0012492568,0.00017517316,9.002045e-07,1.9105431e-07,1.2654756e-07,0.002764119
2483,118_00398,118,398,2,RBBB,2,RBBB,0,N,0.94159406,0.94159406,0.05562872,0.0007639713,0.0001305054,9.122717e-07,1.4648222e-07,1.2620404e-07,0.0018815534
2484,118_00399,118,399,2,RBBB,2,RBBB,0,N,0.9735063,0.9735063,0.024602711,0.00031058933,0.00013551417,4.037759e-07,9.1254186e-08,5.9185748e-08,0.0014444249
2485,118_00400,118,400,2,RBBB,2,RBBB,0,N,0.96547294,0.96547294,0.032675393,0.0005369701,9.403254e-05,3.587062e-07,1.4733183e-07,5.2221438e-08,0.0012201287
2486,118_00401,118,401,2,RBBB,2,RBBB,0,N,0.93362385,0.93362385,0.06083833,0.0011404703,0.000115920295,4.5171257e-07,1.6917072e-07,8.167184e-08,0.0042807497
2487,118_00402,118,402,2,RBBB,2,RBBB,0,N,0.9055759,0.9055759,0.08557963,0.003865863,0.0003352096,9.57341e-07,4.0091774e-07,2.6922814e-07,0.0046417704
2488,118_00403,118,403,2,RBBB,2,RBBB,0,N,0.9239312,0.9239312,0.0665063,0.0023254321,0.00025800438,8.208973e-07,3.21946e-07,2.6514144e-07,0.0069777574
2489,118_00404,118,404,2,RBBB,2,RBBB,0,N,0.9246507,0.9246507,0.066308625,0.0034718905,0.00032348698,9.2552136e-07,2.730508e-07,2.7849308e-07,0.0052437936
2490,118_00405,118,405,2,RBBB,2,RBBB,0,N,0.8645485,0.8645485,0.12215412,0.0069132387,0.00034351583,1.1411942e-06,3.4678615e-07,2.297073e-07,0.0060388604
2491,118_00406,118,406,2,RBBB,2,RBBB,0,N,0.9740044,0.9740044,0.023118058,0.0007077094,0.0001540929,3.3203804e-07,1.0581879e-07,8.1648864e-08,0.0020152065
2492,118_00407,118,407,2,RBBB,2,RBBB,0,N,0.97707623,0.97707623,0.019747045,0.00086971937,0.00012524315,2.631787e-07,1.0863463e-07,6.24466e-08,0.002181339
2493,118_00408,118,408,2,RBBB,2,RBBB,0,N,0.95101196,0.95101196,0.04050413,0.0053398344,9.530856e-05,4.2256022e-07,2.1593053e-07,8.3311704e-08,0.00304809
2494,118_00409,118,409,2,RBBB,2,RBBB,0,N,0.9138993,0.9138993,0.07350702,0.005847293,0.00020385112,6.4754994e-07,2.636549e-07,1.943958e-07,0.0065413765
2495,118_00410,118,410,2,RBBB,2,RBBB,0,N,0.9430319,0.9430319,0.044593215,0.0038808968,0.0003306693,4.0181487e-07,2.7823987e-07,1.431576e-07,0.008162483
2496,118_00411,118,411,2,RBBB,2,RBBB,0,N,0.9022466,0.9022466,0.08667293,0.005364486,0.00027032942,7.722697e-07,2.6267165e-07,1.5053985e-07,0.0054445313
2497,118_00412,118,412,2,RBBB,2,RBBB,0,N,0.91507983,0.91507983,0.076479584,0.001880488,0.00028453142,5.576071e-07,1.2834762e-07,9.386657e-08,0.0062748846
2498,118_00413,118,413,2,RBBB,2,RBBB,0,N,0.902501,0.902501,0.09234177,0.0021473411,0.00027821792,9.2554245e-07,2.1314716e-07,1.5197129e-07,0.002730283
2499,118_00414,118,414,2,RBBB,2,RBBB,0,N,0.9345575,0.9345575,0.062318508,0.0006568886,0.0001116381,7.9233655e-07,1.3570633e-07,1.2632971e-07,0.0023544398
2500,118_00415,118,415,3,APC,2,RBBB,0,N,0.8525889,0.8525889,0.13974771,0.003059442,0.00020875971,1.5489665e-06,4.4537882e-07,3.2192645e-07,0.0043928465
2501,118_00416,118,416,2,RBBB,3,APC,0,N,0.82774436,0.82774436,0.15674517,0.008943301,0.000265942,8.13187e-07,3.4843367e-07,1.1318114e-07,0.0062999637
2502,118_00417,118,417,2,RBBB,2,RBBB,0,N,0.7894564,0.7894564,0.1963904,0.007924559,0.0002557619,1.1809252e-06,2.8292354e-07,2.5001606e-07,0.0059709963
2503,118_00418,118,418,2,RBBB,2,RBBB,0,N,0.75534964,0.75534964,0.23110822,0.0070050717,0.0004623727,1.955537e-06,4.247784e-07,3.7995596e-07,0.006071952
2504,118_00419,118,419,2,RBBB,2,RBBB,0,N,0.8791528,0.8791528,0.115084805,0.0011506187,0.00021383703,1.7480103e-06,3.0269072e-07,3.3543844e-07,0.004395619
2505,118_00420,118,420,3,APC,2,RBBB,0,N,0.8049496,0.8049496,0.18220127,0.0077874395,0.00026337887,1.8805898e-06,4.5511666e-07,3.825127e-07,0.0047956025
2506,118_00421,118,421,2,RBBB,3,APC,0,N,0.8894536,0.8894536,0.086771905,0.016114742,0.00028490752,3.5263494e-07,2.8032798e-07,7.845362e-08,0.0073742364
2507,118_00422,118,422,3,APC,2,RBBB,0,N,0.82937306,0.82937306,0.15424086,0.012575351,0.0001372444,1.0159122e-06,2.3405745e-07,2.1958577e-07,0.0036720554
2508,118_00423,118,423,2,RBBB,3,APC,0,N,0.7941101,0.7941101,0.19654386,0.0060030245,0.00030471964,1.522553e-06,5.080239e-07,1.3354577e-07,0.0030361519
2509,118_00424,118,424,3,APC,2,RBBB,0,N,0.89705545,0.89705545,0.09907662,0.0013963897,8.644785e-05,1.0250087e-06,2.3711843e-07,1.7435794e-07,0.0023836694
2510,118_00425,118,425,2,RBBB,3,APC,0,N,0.8690321,0.8690321,0.1192847,0.008125663,0.00014394615,4.4891544e-07,2.068615e-07,5.0856677e-08,0.0034129322
2511,118_00426,118,426,3,APC,2,RBBB,0,N,0.7681277,0.7681277,0.21503356,0.012110371,0.00017526465,9.2256477e-07,2.2548348e-07,1.6926855e-07,0.0045517827
2512,118_00427,118,427,2,RBBB,3,APC,0,N,0.6681289,0.6681289,0.31182525,0.012964429,0.0002820664,1.0900638e-06,3.0742436e-07,1.1628455e-07,0.006797804
2513,118_00428,118,428,2,RBBB,2,RBBB,0,N,0.8940198,0.8940198,0.10101499,0.0022087395,0.00014266938,8.7448234e-07,1.3622353e-07,1.3198806e-07,0.0026127682
2514,118_00429,118,429,2,RBBB,2,RBBB,0,N,0.84821737,0.84821737,0.1353091,0.010407503,0.0002559822,9.756153e-07,3.454688e-07,1.6815093e-07,0.0058084386
2515,118_00430,118,430,3,APC,2,RBBB,0,N,0.9419951,0.9419951,0.043272905,0.0062288526,0.0001979881,4.4877126e-07,3.0071322e-07,1.8702414e-07,0.008304357
2516,118_00431,118,431,2,RBBB,3,APC,0,N,0.9269532,0.9269532,0.045722585,0.01862209,0.00048239643,1.7265033e-07,2.5375368e-07,2.712287e-08,0.008219327
2517,118_00432,118,432,2,RBBB,2,RBBB,0,N,0.8822794,0.8822794,0.11137352,0.0029881557,9.7189564e-05,4.1864058e-07,5.511969e-08,4.8803912e-08,0.0032611107
2518,118_00433,118,433,2,RBBB,2,RBBB,0,N,0.7918222,0.7918222,0.20024106,0.0021161742,0.00046611967,1.922146e-06,3.3332643e-07,2.7010284e-07,0.0053519863
2519,118_00434,118,434,2,RBBB,2,RBBB,0,N,0.81992507,0.81992507,0.1745454,0.002029898,0.00028559167,2.1503115e-06,2.7875106e-07,3.152506e-07,0.0032113013
2520,118_00435,118,435,2,RBBB,2,RBBB,0,N,0.99919593,0.99919593,0.0007015657,1.1414684e-05,3.0602274e-05,9.328983e-08,2.1950557e-08,1.2548413e-08,6.0306964e-05
2521,118_00436,118,436,2,RBBB,2,RBBB,0,N,0.9837158,0.9837158,0.013526189,0.0011572237,0.00014677938,3.0037504e-07,1.2531702e-06,3.4281257e-08,0.0014524553
2522,118_00437,118,437,2,RBBB,2,RBBB,0,N,0.9954002,0.9954002,0.0037730988,0.00059065904,4.5687273e-05,2.8154494e-07,1.1279016e-06,7.70384e-08,0.0001889087
2523,118_00438,118,438,2,RBBB,2,RBBB,0,N,0.98709077,0.98709077,0.010207979,0.0014261724,4.9545317e-05,2.7845277e-07,6.876816e-07,7.523959e-08,0.001224666
2524,118_00439,118,439,2,RBBB,2,RBBB,0,N,0.90893847,0.90893847,0.08116007,0.004457253,0.00024485931,1.5861253e-06,2.606653e-06,3.523622e-07,0.0051947325
2525,118_00440,118,440,2,RBBB,2,RBBB,0,N,0.9387951,0.9387951,0.05842599,0.00086003006,0.00037291402,1.7075877e-06,4.628437e-07,3.4897113e-07,0.0015434395
2526,118_00441,118,441,2,RBBB,2,RBBB,0,N,0.9263859,0.9263859,0.068858355,0.0010131479,0.00019208179,1.5861723e-06,5.569853e-07,2.2073873e-07,0.0035481919
2527,118_00442,118,442,2,RBBB,2,RBBB,0,N,0.95176536,0.95176536,0.04579252,0.0005727521,0.00026595747,1.1491663e-06,3.4335346e-07,2.2310901e-07,0.0016017224
2528,118_00443,118,443,2,RBBB,2,RBBB,0,N,0.96517617,0.96517617,0.032601267,0.00048111618,0.00016813733,8.524173e-07,2.4004405e-07,1.10927346e-07,0.0015720623
2529,118_00444,118,444,2,RBBB,2,RBBB,0,N,0.7973249,0.7973249,0.19771805,0.0015264959,0.00033738086,3.3304216e-06,7.765963e-07,5.3627343e-07,0.0030885804
2530,118_00445,118,445,2,RBBB,2,RBBB,0,N,0.9277043,0.9277043,0.06673409,0.0013202353,0.0002605523,1.6199564e-06,7.2115364e-07,4.1119415e-07,0.0039781383
2531,118_00446,118,446,2,RBBB,2,RBBB,0,N,0.8919462,0.8919462,0.10158856,0.0018536962,0.0003753685,2.1044789e-06,6.477385e-07,5.558209e-07,0.0042328527
2532,118_00447,118,447,2,RBBB,2,RBBB,0,N,0.9376793,0.9376793,0.054236166,0.003052656,0.00042195464,7.5875556e-07,5.3639576e-07,9.9220586e-08,0.0046085045
2533,118_00448,118,448,2,RBBB,2,RBBB,0,N,0.94145733,0.94145733,0.05406007,0.0014547177,0.00017702884,3.1360528e-07,6.4631855e-08,4.7942816e-08,0.0028503689
2534,118_00449,118,449,2,RBBB,2,RBBB,0,N,0.9651375,0.9651375,0.031197073,0.0014778125,0.00019714072,3.3990997e-07,1.4838893e-07,6.875278e-08,0.00198998
2535,118_00450,118,450,2,RBBB,2,RBBB,0,N,0.97610694,0.97610694,0.020120075,0.0007593121,0.0001322152,2.625956e-07,8.3328445e-08,4.844613e-08,0.0028810469
2536,118_00451,118,451,2,RBBB,2,RBBB,0,N,0.94999194,0.94999194,0.04569111,0.0017196389,0.00036104268,7.1191545e-07,3.160272e-07,8.10131e-08,0.0022350694
2537,118_00452,118,452,2,RBBB,2,RBBB,0,N,0.9565294,0.9565294,0.03942165,0.00048736652,0.00023461481,4.438396e-07,1.3418995e-07,6.364209e-08,0.0033262416
2538,118_00453,118,453,2,RBBB,2,RBBB,0,N,0.9615224,0.9615224,0.034879822,0.00058449875,0.000284417,7.7901126e-07,1.9952532e-07,1.07047725e-07,0.0027277344
2539,118_00454,118,454,2,RBBB,2,RBBB,0,N,0.96776706,0.96776706,0.028875465,0.0004968246,0.00051153824,6.0991954e-07,2.4006349e-07,7.4722664e-08,0.00234817
2540,118_00455,118,455,2,RBBB,2,RBBB,0,N,0.94852597,0.94852597,0.046533946,0.0005796539,0.00025203294,8.26576e-07,2.827337e-07,1.0225543e-07,0.0041072876
2541,118_00456,118,456,2,RBBB,2,RBBB,0,N,0.93369794,0.93369794,0.060265273,0.001383539,0.0005561629,9.319382e-07,3.247141e-07,1.1213165e-07,0.004095858
2542,118_00457,118,457,2,RBBB,2,RBBB,0,N,0.9532356,0.9532356,0.041717872,0.0008872935,0.00022934351,5.500445e-07,1.6830114e-07,1.10491065e-07,0.0039290083
2543,118_00458,118,458,2,RBBB,2,RBBB,0,N,0.9197388,0.9197388,0.072463065,0.0018730479,0.00038624322,9.809063e-07,4.0139346e-07,1.5866497e-07,0.0055373027
2544,118_00459,118,459,2,RBBB,2,RBBB,0,N,0.97264564,0.97264564,0.021611946,0.0005302739,0.0005178395,2.7350163e-07,1.4815501e-07,6.060089e-08,0.0046938667
2545,118_00460,118,460,2,RBBB,2,RBBB,0,N,0.9756639,0.9756639,0.020837786,0.0010691719,0.00047730358,3.6085726e-07,1.96931e-07,4.5106315e-08,0.0019512078
2546,118_00461,118,461,2,RBBB,2,RBBB,0,N,0.9687988,0.9687988,0.024335712,0.00060927006,0.00022781073,2.909874e-07,1.9748182e-07,4.5696275e-08,0.0060277865
2547,118_00462,118,462,2,RBBB,2,RBBB,0,N,0.9621196,0.9621196,0.03165984,0.0019810153,0.00045698625,6.9592187e-07,3.9908662e-07,1.3309264e-07,0.003781355
2548,118_00463,118,463,2,RBBB,2,RBBB,0,N,0.9820376,0.9820376,0.013051477,0.0008927707,0.00035726192,1.6842117e-07,1.7789431e-07,4.197639e-08,0.0036606041
2549,118_00464,118,464,2,RBBB,2,RBBB,0,N,0.9624746,0.9624746,0.03298812,0.001302923,0.00022485701,6.289522e-07,2.5996192e-07,1.2011505e-07,0.0030085763
2550,118_00465,118,465,2,RBBB,2,RBBB,0,N,0.9397724,0.9397724,0.05449047,0.0014295476,0.00047327377,9.3015854e-07,2.5155475e-07,1.1299061e-07,0.0038329915
2551,118_00466,118,466,2,RBBB,2,RBBB,0,N,0.95542675,0.95542675,0.040431228,0.0007901485,0.00022661981,6.34071e-07,1.4873609e-07,1.01198275e-07,0.0031242534
2552,118_00467,118,467,2,RBBB,2,RBBB,0,N,0.9273395,0.9273395,0.0657369,0.0025327366,0.00042906043,1.2318922e-06,6.271336e-07,2.3320212e-07,0.003959826
2553,118_00468,118,468,2,RBBB,2,RBBB,0,N,0.96179605,0.96179605,0.031827748,0.0010988733,0.00026356865,5.026685e-07,2.6916965e-07,1.10184914e-07,0.0050129886
2554,118_00469,118,469,2,RBBB,2,RBBB,0,N,0.95353335,0.95353335,0.040816296,0.0016706622,0.00045783434,5.6049606e-07,2.5220348e-07,8.35431e-08,0.003520889
2555,118_00470,118,470,2,RBBB,2,RBBB,0,N,0.9568624,0.9568624,0.03780292,0.0012394232,0.00038183256,6.3397755e-07,2.6090294e-07,9.652434e-08,0.003712425
2556,118_00471,118,471,2,RBBB,2,RBBB,0,N,0.953391,0.953391,0.039892673,0.00069157925,0.00050513924,1.1109942e-06,4.4543228e-07,2.487199e-07,0.0055178064
2557,118_00472,118,472,2,RBBB,2,RBBB,0,N,0.8810551,0.8810551,0.1098635,0.0018834374,0.0005788171,2.3599198e-06,7.490784e-07,3.8448982e-07,0.0066157007
2558,118_00473,118,473,3,APC,2,RBBB,0,N,0.9453006,0.9453006,0.04490113,0.0031287516,0.0006798794,5.704902e-07,2.7393756e-07,9.140404e-08,0.0059886333
2559,118_00474,118,474,2,RBBB,3,APC,0,N,0.9363811,0.9363811,0.054637015,0.0053557428,0.00026909597,3.8476557e-07,1.4116436e-07,4.8130776e-08,0.0033564866
2560,118_00475,118,475,2,RBBB,2,RBBB,0,N,0.95407283,0.95407283,0.04045578,0.0026765543,9.441399e-05,4.0319344e-07,1.4625277e-07,6.016128e-08,0.0026998208
2561,118_00476,118,476,2,RBBB,2,RBBB,0,N,0.9702501,0.9702501,0.021730674,0.0038848994,0.00023193657,2.1788702e-07,1.2381179e-07,4.6210403e-08,0.0039018793
2562,118_00477,118,477,2,RBBB,2,RBBB,0,N,0.9816399,0.9816399,0.012803437,0.0027547502,0.00017938891,1.1203564e-07,8.3956614e-08,2.7175531e-08,0.0026222349
2563,118_00478,118,478,2,RBBB,2,RBBB,0,N,0.9789651,0.9789651,0.01701737,0.0011764789,0.00016883684,1.4495862e-07,9.110109e-08,2.6071593e-08,0.0026720304
2564,118_00479,118,479,2,RBBB,2,RBBB,0,N,0.93638474,0.93638474,0.056645066,0.0017302455,0.00018662057,5.764812e-07,1.6337091e-07,8.293554e-08,0.005052558
2565,118_00480,118,480,2,RBBB,2,RBBB,0,N,0.938746,0.938746,0.055184342,0.001727691,0.00044934326,6.8622694e-07,1.80167e-07,1.1270092e-07,0.0038916767
2566,118_00481,118,481,2,RBBB,2,RBBB,0,N,0.9596024,0.9596024,0.032231305,0.0024136102,0.00030774967,3.3170906e-07,1.9907013e-07,5.811455e-08,0.0054443832
2567,118_00482,118,482,2,RBBB,2,RBBB,0,N,0.97336674,0.97336674,0.021464765,0.0023798614,0.00020895651,2.102956e-07,8.732781e-08,2.7646196e-08,0.0025792818
2568,118_00483,118,483,2,RBBB,2,RBBB,0,N,0.9701777,0.9701777,0.025734734,0.0012252826,0.00022525768,4.4383452e-07,2.1401772e-07,6.49092e-08,0.0026364052
2569,118_00484,118,484,2,RBBB,2,RBBB,0,N,0.97905314,0.97905314,0.016579235,0.0007752001,0.00023818243,3.1568143e-07,2.5717935e-07,5.3716096e-08,0.0033535783
2570,118_00485,118,485,2,RBBB,2,RBBB,0,N,0.9752549,0.9752549,0.01898318,0.0020219577,0.00026967842,1.8718782e-07,1.4511636e-07,3.6888096e-08,0.0034699708
2571,118_00486,118,486,2,RBBB,2,RBBB,0,N,0.9751773,0.9751773,0.019374406,0.0019217731,0.00026632074,1.1031719e-07,6.917472e-08,1.683959e-08,0.0032599072
2572,118_00487,118,487,2,RBBB,2,RBBB,0,N,0.9779383,0.9779383,0.019107481,0.00084532343,0.0001480183,1.5774904e-07,4.8136993e-08,1.493577e-08,0.0019606564
2573,118_00488,118,488,2,RBBB,2,RBBB,0,N,0.97746134,0.97746134,0.01827653,0.00080938655,0.0002045361,2.1407178e-07,1.2536597e-07,3.66307e-08,0.0032478983
2574,118_00489,118,489,2,RBBB,2,RBBB,0,N,0.98599726,0.98599726,0.010262032,0.0014997865,0.00016991363,8.238287e-08,9.9480225e-08,1.724495e-08,0.0020707073
2575,118_00490,118,490,2,RBBB,2,RBBB,0,N,0.97921216,0.97921216,0.013626523,0.0036370123,0.00011645055,9.056891e-08,7.082714e-08,1.7200561e-08,0.0034076723
2576,118_00491,118,491,2,RBBB,2,RBBB,0,N,0.98375857,0.98375857,0.0106638465,0.0017557682,0.00026992246,9.378144e-08,7.8264726e-08,2.5623363e-08,0.0035516606
2577,118_00492,118,492,2,RBBB,2,RBBB,0,N,0.9793582,0.9793582,0.01581731,0.0019691186,0.00015032492,1.384065e-07,1.3448084e-07,1.36517135e-08,0.0027047817
2578,118_00493,118,493,2,RBBB,2,RBBB,0,N,0.98619485,0.98619485,0.010765268,0.0006414982,0.00023695064,1.8802155e-07,8.826515e-08,4.1177906e-08,0.0021611205
2579,118_00494,118,494,2,RBBB,2,RBBB,0,N,0.98966604,0.98966604,0.0075744106,0.0010250371,0.00015261702,1.2254125e-07,1.2400642e-07,1.8057365e-08,0.0015817502
2580,118_00495,118,495,2,RBBB,2,RBBB,0,N,0.9693854,0.9693854,0.025575487,0.0014382927,0.00010836812,1.7081872e-07,9.583131e-08,3.718543e-08,0.0034922825
2581,118_00496,118,496,2,RBBB,2,RBBB,0,N,0.96744496,0.96744496,0.026578045,0.0023488102,0.00015408664,2.6271792e-07,1.455488e-07,5.6733946e-08,0.00347362
2582,118_00497,118,497,2,RBBB,2,RBBB,0,N,0.9825867,0.9825867,0.013316945,0.0013535173,0.00021877362,1.1942099e-07,7.5138374e-08,2.2975998e-08,0.0025238402
2583,118_00498,118,498,2,RBBB,2,RBBB,0,N,0.9890469,0.9890469,0.0064349757,0.001680477,0.00012721006,5.7511198e-08,7.981442e-08,1.0090676e-08,0.002710363
2584,118_00499,118,499,2,RBBB,2,RBBB,0,N,0.99388987,0.99388987,0.0023036005,0.0020030995,0.00010634263,1.1045488e-08,2.3507704e-08,2.3754012e-09,0.001697113
2585,118_00500,118,500,2,RBBB,2,RBBB,0,N,0.9932161,0.9932161,0.0027667352,0.0024630122,6.460552e-05,8.254224e-09,1.7012812e-08,1.6191367e-09,0.0014895215
2586,118_00501,118,501,2,RBBB,2,RBBB,0,N,0.9944367,0.9944367,0.003014124,0.0009497518,6.217408e-05,5.8161613e-09,1.0027369e-08,8.598808e-10,0.0015372845
2587,118_00502,118,502,2,RBBB,2,RBBB,0,N,0.9912836,0.9912836,0.0060260114,0.001253429,8.030568e-05,5.329532e-08,3.8640835e-08,7.669752e-09,0.0013566779
2588,118_00503,118,503,2,RBBB,2,RBBB,0,N,0.99133337,0.99133337,0.00525155,0.0009451586,0.00012001747,4.541661e-08,5.8825833e-08,5.800367e-09,0.002349911
2589,118_00504,118,504,2,RBBB,2,RBBB,0,N,0.99218565,0.99218565,0.005043525,0.001230334,8.503334e-05,1.6418044e-08,2.2490982e-08,2.1051523e-09,0.0014553554
2590,118_00505,118,505,2,RBBB,2,RBBB,0,N,0.9918274,0.9918274,0.004224496,0.0018115194,7.881022e-05,8.535192e-09,1.3918504e-08,1.4765945e-09,0.0020577528
2591,118_00506,118,506,2,RBBB,2,RBBB,0,N,0.9916832,0.9916832,0.0045636394,0.0013014834,8.008058e-05,1.5355356e-08,1.6580092e-08,3.2375658e-09,0.0023716537
2592,118_00507,118,507,2,RBBB,2,RBBB,0,N,0.9909666,0.9909666,0.0058484264,0.00090692576,0.000137996,3.075475e-08,2.6633893e-08,4.289234e-09,0.0021399744
2593,118_00508,118,508,2,RBBB,2,RBBB,0,N,0.98276114,0.98276114,0.009382049,0.0022782339,0.00017658265,4.3169333e-08,6.12566e-08,8.56962e-09,0.0054020067
2594,118_00509,118,509,2,RBBB,2,RBBB,0,N,0.99165493,0.99165493,0.003819717,0.002315194,0.00011091179,1.7883027e-08,2.2763674e-08,4.118909e-09,0.0020992393
2595,118_00510,118,510,2,RBBB,2,RBBB,0,N,0.98971736,0.98971736,0.00682719,0.0012628586,0.00012521665,2.084127e-08,2.4198346e-08,3.3334422e-09,0.0020673582
2596,118_00511,118,511,2,RBBB,2,RBBB,0,N,0.9665657,0.9665657,0.027887046,0.0017876283,8.300592e-05,8.9075826e-08,3.3812984e-08,1.0241634e-08,0.0036763554
2597,118_00512,118,512,2,RBBB,2,RBBB,0,N,0.9840933,0.9840933,0.011786437,0.0013663004,0.00017516776,6.008087e-08,4.026943e-08,9.926877e-09,0.0025787116
2598,118_00513,118,513,2,RBBB,2,RBBB,0,N,0.98753995,0.98753995,0.008281544,0.002125469,8.57237e-05,4.0066027e-08,3.007889e-08,5.9357097e-09,0.0019673149
2599,118_00514,118,514,2,RBBB,2,RBBB,0,N,0.9898513,0.9898513,0.0057677715,0.0026207569,7.112707e-05,2.711208e-08,3.125484e-08,4.135027e-09,0.0016889505
2600,118_00515,118,515,2,RBBB,2,RBBB,0,N,0.9878492,0.9878492,0.00740658,0.0023088783,5.7626443e-05,1.8628386e-08,1.8832376e-08,3.5058425e-09,0.0023778754
2601,118_00516,118,516,2,RBBB,2,RBBB,0,N,0.98221254,0.98221254,0.011910324,0.0028474503,5.684485e-05,4.100263e-08,3.5970277e-08,1.12589715e-08,0.002972732
2602,118_00517,118,517,2,RBBB,2,RBBB,0,N,0.9923434,0.9923434,0.0047497894,0.0011816261,8.6407745e-05,3.0914247e-08,3.0568128e-08,7.116781e-09,0.001638757
2603,118_00518,118,518,2,RBBB,2,RBBB,0,N,0.9846374,0.9846374,0.01091291,0.001346913,0.00016934336,7.7889176e-08,5.5608528e-08,1.3435977e-08,0.0029332873
2604,118_00519,118,519,2,RBBB,2,RBBB,0,N,0.9906082,0.9906082,0.0043063513,0.0019960336,0.00012680684,3.0186452e-08,5.770106e-08,5.4412066e-09,0.0029625318
2605,118_00520,118,520,2,RBBB,2,RBBB,0,N,0.987916,0.987916,0.0038818507,0.005010622,0.00011069684,1.8234156e-08,3.1668765e-08,3.831605e-09,0.0030808272
2606,118_00521,118,521,2,RBBB,2,RBBB,0,N,0.98665357,0.98665357,0.0021175824,0.007537627,9.361397e-05,8.829993e-09,4.789454e-08,3.0541258e-09,0.0035974996
2607,118_00522,118,522,2,RBBB,2,RBBB,0,N,0.9929497,0.9929497,0.0012583047,0.0033309406,4.9912363e-05,3.7009242e-09,1.1910963e-08,1.4056772e-09,0.0024111494
2608,118_00523,118,523,2,RBBB,2,RBBB,0,N,0.9902946,0.9902946,0.0026848528,0.004091722,6.146744e-05,9.0853725e-09,2.0755373e-08,2.8911316e-09,0.0028673697
2609,118_00524,118,524,2,RBBB,2,RBBB,0,N,0.9968807,0.9968807,0.00045408812,0.000886231,8.178553e-05,1.8587902e-09,1.2547929e-08,9.031605e-10,0.0016971942
2610,118_00525,118,525,2,RBBB,2,RBBB,0,N,0.99788594,0.99788594,0.00030182122,0.00088636146,4.126561e-05,7.9117085e-10,5.6395866e-09,1.7889935e-10,0.00088469277
2611,118_00526,118,526,2,RBBB,2,RBBB,0,N,0.99672055,0.99672055,0.0004601031,0.0020954094,2.252308e-05,9.525944e-10,5.0721405e-09,1.8074575e-10,0.0007015373
2612,118_00527,118,527,2,RBBB,2,RBBB,0,N,0.9964417,0.9964417,0.0011322185,0.001265306,3.627073e-05,2.5442344e-09,6.0060534e-09,6.4917366e-10,0.0011244864
2613,118_00528,118,528,2,RBBB,2,RBBB,0,N,0.99331725,0.99331725,0.0026468849,0.0017599001,5.5429286e-05,1.0397689e-08,1.661096e-08,2.5517208e-09,0.0022205
2614,118_00529,118,529,2,RBBB,2,RBBB,0,N,0.9958144,0.9958144,0.0019393009,0.00074163295,9.243002e-05,6.114286e-09,1.2156695e-08,1.2416288e-09,0.0014121906
2615,118_00530,118,530,2,RBBB,2,RBBB,0,N,0.9928969,0.9928969,0.0028805458,0.0022744809,5.164785e-05,7.0204296e-09,1.3988953e-08,1.0302141e-09,0.0018963896
2616,118_00531,118,531,2,RBBB,2,RBBB,0,N,0.99328756,0.99328756,0.0017155858,0.0027795364,9.228248e-05,5.8372973e-09,1.2184085e-08,1.8282622e-09,0.0021250488
2617,118_00532,118,532,2,RBBB,2,RBBB,0,N,0.9959137,0.9959137,0.0008561356,0.0017870638,4.074946e-05,3.1821714e-09,8.43866e-09,7.6155227e-10,0.0014023928
2618,118_00533,118,533,2,RBBB,2,RBBB,0,N,0.9961736,0.9961736,0.0013498636,0.001433564,7.874161e-05,4.134223e-09,1.2745626e-08,5.3388666e-10,0.00096418615
2619,118_00534,118,534,2,RBBB,2,RBBB,0,N,0.99742645,0.99742645,0.0008865986,0.0004208182,3.3793876e-05,3.079298e-09,9.112833e-09,6.5908207e-10,0.0012321976
2620,118_00535,118,535,2,RBBB,2,RBBB,0,N,0.9974083,0.9974083,0.00088161265,0.0009951522,3.922596e-05,4.902824e-09,2.0616874e-08,6.542231e-10,0.0006756503
2621,118_00536,118,536,2,RBBB,2,RBBB,0,N,0.9949919,0.9949919,0.0022798833,0.0010992002,5.155357e-05,3.6936267e-09,8.122078e-09,5.9933325e-10,0.0015774701
2622,118_00537,118,537,2,RBBB,2,RBBB,0,N,0.99584424,0.99584424,0.0014175461,0.001150146,3.9943912e-05,2.7567013e-09,6.9217987e-09,5.104766e-10,0.0015481676
2623,118_00538,118,538,2,RBBB,2,RBBB,0,N,0.9974673,0.9974673,0.00071262865,0.0007109482,5.37137e-05,1.2136498e-09,3.0752039e-09,1.8787724e-10,0.001055431
2624,118_00539,118,539,2,RBBB,2,RBBB,0,N,0.99698055,0.99698055,0.0011563096,0.00090024254,5.9932656e-05,2.4406064e-09,9.644651e-09,3.227768e-10,0.0009030177
2625,118_00540,118,540,3,APC,2,RBBB,0,N,0.99756134,0.99756134,0.00068797666,0.00035320676,1.9741328e-05,1.3848067e-09,4.2657655e-09,2.3416843e-10,0.0013777319
2626,118_00541,118,541,2,RBBB,3,APC,0,N,0.99541974,0.99541974,0.0017095663,0.00190727,0.00010252728,4.010085e-09,1.7191304e-08,3.790672e-10,0.00086092064
2627,118_00542,118,542,2,RBBB,2,RBBB,0,N,0.99645865,0.99645865,0.0021736454,0.0004574133,1.5111468e-05,2.8911884e-09,4.5404343e-09,3.7459796e-10,0.00089513964
2628,118_00543,118,543,2,RBBB,2,RBBB,0,N,0.9941893,0.9941893,0.0017799758,0.002200415,6.538782e-05,4.5405955e-09,1.0713231e-08,8.165721e-10,0.0017647695
2629,118_00544,118,544,2,RBBB,2,RBBB,0,N,0.99536103,0.99536103,0.0019992911,0.00082452246,9.895703e-05,2.9515212e-09,6.7073986e-09,9.1161867e-10,0.0017162609
2630,118_00545,118,545,2,RBBB,2,RBBB,0,N,0.99797374,0.99797374,0.00047898942,0.0005314601,2.6135991e-05,9.130532e-10,3.5528906e-09,1.4467198e-10,0.0009896635
2631,118_00546,118,546,2,RBBB,2,RBBB,0,N,0.99819106,0.99819106,0.00037946017,0.0005856992,8.532884e-05,7.098888e-10,2.4378717e-09,1.5937494e-10,0.0007583864
2632,118_00547,118,547,2,RBBB,2,RBBB,0,N,0.99860585,0.99860585,0.0004495222,0.00066400296,2.1074226e-05,8.6559815e-10,3.792044e-09,6.559109e-11,0.00025954333
2633,118_00548,118,548,2,RBBB,2,RBBB,0,N,0.99752676,0.99752676,0.0004841689,0.0006302137,1.6982527e-05,7.048388e-10,2.151135e-09,2.0824427e-10,0.001341741
2634,118_00549,118,549,2,RBBB,2,RBBB,0,N,0.99724805,0.99724805,0.00046283484,0.0014751658,7.682858e-05,9.89332e-10,6.782193e-09,2.4292393e-10,0.0007371754
2635,118_00550,118,550,2,RBBB,2,RBBB,0,N,0.99541414,0.99541414,0.0021277198,0.0010517519,2.7652697e-05,2.2926396e-09,3.2220406e-09,2.1148347e-10,0.0013786737
2636,118_00551,118,551,2,RBBB,2,RBBB,0,N,0.99197686,0.99197686,0.0033450576,0.0020062707,9.171355e-05,3.41729e-09,6.2666845e-09,5.181545e-10,0.002580237
2637,118_00552,118,552,2,RBBB,2,RBBB,0,N,0.9928582,0.9928582,0.0020511767,0.0020197518,8.403614e-05,3.2866365e-09,6.63696e-09,8.771718e-10,0.0029869203
2638,118_00553,118,553,2,RBBB,2,RBBB,0,N,0.9949176,0.9949176,0.0014235636,0.0015766687,0.000104606486,2.6883564e-09,7.809315e-09,4.356263e-10,0.0019775508
2639,118_00554,118,554,3,APC,2,RBBB,0,N,0.9971906,0.9971906,0.0008139717,0.00059238996,0.00011176879,1.1161906e-09,2.9802403e-09,1.192915e-10,0.0012912662
2640,118_00555,118,555,2,RBBB,3,APC,0,N,0.9966391,0.9966391,0.0011395339,0.0011559853,8.824773e-05,3.9845354e-09,1.42411904e-08,4.9001997e-10,0.0009772341
2641,118_00556,118,556,2,RBBB,2,RBBB,0,N,0.9978882,0.9978882,0.00071002863,0.0006157868,3.8857113e-05,3.39535e-09,1.2828859e-08,6.3406125e-10,0.0007470388
2642,118_00557,118,557,2,RBBB,2,RBBB,0,N,0.99827224,0.99827224,0.000440067,0.0006989493,3.8909606e-05,1.3516406e-09,5.9921543e-09,2.4223923e-10,0.0005498433
2643,118_00558,118,558,2,RBBB,2,RBBB,0,N,0.9981323,0.9981323,0.00030167063,0.00093971024,3.365031e-05,9.593081e-10,4.6696282e-09,2.0737392e-10,0.00059279666
2644,118_00559,118,559,2,RBBB,2,RBBB,0,N,0.9969276,0.9969276,0.0011055986,0.00096387067,4.122842e-05,2.9642293e-09,9.519246e-09,5.0681337e-10,0.00096160284
2645,118_00560,118,560,2,RBBB,2,RBBB,0,N,0.9960078,0.9960078,0.0009495651,0.0011828962,4.6558962e-05,2.4266633e-09,1.0132509e-08,6.3793715e-10,0.001813077
2646,118_00561,118,561,2,RBBB,2,RBBB,0,N,0.99551004,0.99551004,0.0004937522,0.0026287206,0.000110399495,2.0091362e-09,9.111628e-09,6.251377e-10,0.0012569672
2647,118_00562,118,562,2,RBBB,2,RBBB,0,N,0.9990019,0.9990019,0.00015915724,0.00042831383,3.2848402e-05,5.47584e-10,3.294986e-09,9.923954e-11,0.00037780617
2648,118_00563,118,563,2,RBBB,2,RBBB,0,N,0.99913394,0.99913394,0.00031312765,0.00023599358,1.9500818e-05,7.990268e-10,3.66612e-09,9.713765e-11,0.00029734502
2649,118_00564,118,564,2,RBBB,2,RBBB,0,N,0.99849313,0.99849313,0.00059762725,0.00045150548,2.4710524e-05,2.1149054e-09,6.95102e-09,2.7392763e-10,0.00043308537
2650,118_00565,118,565,2,RBBB,2,RBBB,0,N,0.9979514,0.9979514,0.0006139244,0.00040474982,3.5859906e-05,2.1513653e-09,7.713923e-09,6.0966393e-10,0.0009939588
2651,118_00566,118,566,2,RBBB,2,RBBB,0,N,0.9979315,0.9979315,0.00047359103,0.00071790785,3.5358506e-05,1.2254874e-09,7.59809e-09,1.969282e-10,0.0008416113
2652,118_00567,118,567,2,RBBB,2,RBBB,0,N,0.99714965,0.99714965,0.00042543968,0.001110738,5.4595377e-05,6.6160677e-10,3.9111696e-09,1.831862e-10,0.0012595677
2653,118_00568,118,568,2,RBBB,2,RBBB,0,N,0.9981556,0.9981556,0.00023498358,0.0006237038,4.3173604e-05,3.4314585e-10,3.5557348e-09,8.716558e-11,0.00094258774
2654,118_00569,118,569,2,RBBB,2,RBBB,0,N,0.9984118,0.9984118,0.000624193,0.00038205946,4.310449e-05,1.8715638e-09,4.6051465e-09,1.8278873e-10,0.0005389079
2655,118_00570,118,570,2,RBBB,2,RBBB,0,N,0.99701416,0.99701416,0.0011257678,0.0003324826,6.311122e-05,1.8379798e-09,4.8229e-09,1.6837924e-10,0.0014644959
2656,118_00571,118,571,3,APC,2,RBBB,0,N,0.9965509,0.9965509,0.0008556611,0.0009462507,0.000101156096,1.2067369e-09,6.8492123e-09,1.9282413e-10,0.0015459373
2657,118_00572,118,572,2,RBBB,3,APC,0,N,0.9934728,0.9934728,0.0010755702,0.0023691154,7.298617e-05,1.3495752e-09,6.361718e-09,2.2189016e-10,0.0030095116
2658,118_00573,118,573,2,RBBB,2,RBBB,0,N,0.99605423,0.99605423,0.001037596,0.001141069,0.00011967089,1.4327967e-09,6.582937e-09,2.0875947e-10,0.0016474187
2659,118_00574,118,574,2,RBBB,2,RBBB,0,N,0.9976877,0.9976877,0.0005603242,0.0005534678,8.1554404e-05,1.7979084e-09,7.1837296e-09,3.3056974e-10,0.001116931
2660,118_00575,118,575,2,RBBB,2,RBBB,0,N,0.9979813,0.9979813,0.0002800336,0.0009559304,5.465853e-05,7.846278e-10,7.0057276e-09,1.6112259e-10,0.0007280201
2661,118_00576,118,576,2,RBBB,2,RBBB,0,N,0.99811685,0.99811685,0.00059099734,0.0005296483,6.489192e-05,7.386394e-10,3.788315e-09,6.479655e-11,0.000697611
2662,118_00577,118,577,2,RBBB,2,RBBB,0,N,0.9960982,0.9960982,0.0023633167,0.00046138177,8.2529834e-05,3.4217889e-09,4.0696646e-09,1.9411708e-10,0.0009945717
2663,118_00578,118,578,2,RBBB,2,RBBB,0,N,0.99678963,0.99678963,0.0012891667,0.0005335326,7.962796e-05,3.9861483e-09,9.422753e-09,6.741447e-10,0.0013079867
2664,118_00579,118,579,2,RBBB,2,RBBB,0,N,0.99634624,0.99634624,0.0015056147,0.00092362246,9.6888354e-05,8.603567e-09,2.806671e-08,1.2263163e-09,0.0011275253
2665,118_00580,118,580,2,RBBB,2,RBBB,0,N,0.996152,0.996152,0.0025037464,0.00029257708,7.939554e-05,1.5113063e-08,1.6474278e-08,2.0720274e-09,0.0009723145
2666,118_00581,118,581,2,RBBB,2,RBBB,0,N,0.995953,0.995953,0.0019260956,0.0008701598,7.4821844e-05,7.717442e-09,1.8009729e-08,8.1216583e-10,0.0011759179
2667,118_00582,118,582,2,RBBB,2,RBBB,0,N,0.9965817,0.9965817,0.001303353,0.00070398947,0.00013517635,3.1786622e-09,7.1829547e-09,5.7224686e-10,0.0012756857
2668,118_00583,118,583,2,RBBB,2,RBBB,0,N,0.9969646,0.9969646,0.0019706641,0.00038214165,5.63538e-05,9.161599e-09,1.6158396e-08,9.0826546e-10,0.00062629365
2669,118_00584,118,584,2,RBBB,2,RBBB,0,N,0.988283,0.988283,0.0069033946,0.0010298325,0.00010802211,2.980024e-08,3.9286906e-08,2.941739e-09,0.0036757407
2670,118_00585,118,585,2,RBBB,2,RBBB,0,N,0.9830714,0.9830714,0.012502123,0.0018315727,0.00022792724,7.64699e-08,5.6407846e-08,1.8702869e-08,0.0023667663
2671,118_00586,118,586,2,RBBB,2,RBBB,0,N,0.9894228,0.9894228,0.0079757245,0.00069007097,7.726648e-05,4.2973635e-08,3.5055535e-08,6.5379124e-09,0.001834093
2672,118_00587,118,587,2,RBBB,2,RBBB,0,N,0.9910653,0.9910653,0.0063412297,0.0009506612,0.00010286497,2.7696146e-08,1.7283245e-08,3.7402814e-09,0.0015398941
2673,118_00588,118,588,2,RBBB,2,RBBB,0,N,0.9933492,0.9933492,0.0037665726,0.001893613,6.873081e-05,1.4552032e-08,1.7642922e-08,1.8221891e-09,0.00092187314
2674,118_00589,118,589,2,RBBB,2,RBBB,0,N,0.9965807,0.9965807,0.0019745342,0.0007458167,3.5981033e-05,7.976439e-09,7.733905e-09,9.703485e-10,0.00066291116
2675,118_00590,118,590,2,RBBB,2,RBBB,0,N,0.9946962,0.9946962,0.0033886142,0.0010456726,6.45745e-05,1.6605112e-08,1.9576763e-08,1.6955004e-09,0.0008049543
2676,118_00591,118,591,2,RBBB,2,RBBB,0,N,0.9977536,0.9977536,0.000828356,0.0005399855,3.9340077e-05,7.8554825e-09,1.1748405e-08,1.4478698e-09,0.0008386909
2677,118_00592,118,592,2,RBBB,2,RBBB,0,N,0.997558,0.997558,0.0013823309,0.00045738198,9.349595e-05,7.742302e-09,3.0268517e-08,6.1010863e-10,0.0005087448
2678,118_00593,118,593,2,RBBB,2,RBBB,0,N,0.9969059,0.9969059,0.0012638207,0.00028634118,4.1155796e-05,3.118844e-09,9.991729e-09,3.2043526e-10,0.0015027499
2679,118_00594,118,594,2,RBBB,2,RBBB,0,N,0.9931538,0.9931538,0.0043304088,0.00090180297,0.00012014159,2.0145347e-08,4.4439222e-08,4.317864e-09,0.0014937844
2680,118_00595,118,595,2,RBBB,2,RBBB,0,N,0.99247307,0.99247307,0.002527457,0.0013685805,0.000101273035,5.151239e-09,1.6418321e-08,6.305579e-10,0.0035296846
2681,118_00596,118,596,2,RBBB,2,RBBB,0,N,0.99021673,0.99021673,0.00501291,0.0031538843,0.00019715528,2.7301619e-08,1.6622844e-08,6.035675e-09,0.0014192967
2682,118_00597,118,597,2,RBBB,2,RBBB,0,N,0.98839295,0.98839295,0.007176195,0.0014577551,7.496405e-05,1.2424215e-07,1.0971903e-07,1.4230764e-08,0.0028978498
2683,118_00598,118,598,2,RBBB,2,RBBB,0,N,0.98690146,0.98690146,0.010131051,0.00045332912,0.00023355533,1.777489e-07,7.655362e-08,2.5333987e-08,0.0022802865
2684,118_00599,118,599,2,RBBB,2,RBBB,0,N,0.98220503,0.98220503,0.016334394,0.000190147,0.00028464198,3.9803334e-07,1.9072405e-07,3.9056168e-08,0.0009851896
2685,118_00600,118,600,2,RBBB,2,RBBB,0,N,0.97247046,0.97247046,0.020273998,0.0013338729,0.000108179855,2.7299822e-07,2.1983499e-07,2.6097126e-08,0.005813003
2686,118_00601,118,601,2,RBBB,2,RBBB,0,N,0.9802209,0.9802209,0.016855542,0.0008045667,0.0003773587,2.1919895e-07,2.3533264e-07,3.5927755e-08,0.0017411056
2687,118_00602,118,602,2,RBBB,2,RBBB,0,N,0.99635303,0.99635303,0.0019731186,0.00045311794,7.0590104e-05,2.8878084e-08,1.2476922e-07,3.7506176e-09,0.0011500425
2688,118_00603,118,603,2,RBBB,2,RBBB,0,N,0.9970244,0.9970244,0.0019082698,0.0005112213,6.57216e-05,1.2006329e-08,2.0568097e-08,1.9229722e-09,0.0004903428
2689,118_00604,118,604,2,RBBB,2,RBBB,0,N,0.9983087,0.9983087,0.0012292364,0.000112250775,3.5246874e-05,1.1648702e-08,1.0528262e-08,1.5566999e-09,0.0003146632
2690,118_00605,118,605,2,RBBB,2,RBBB,0,N,0.9770167,0.9770167,0.01900121,0.0010645163,7.8199795e-05,1.2275359e-07,6.760812e-08,1.7599131e-08,0.0028392337
2691,118_00606,118,606,2,RBBB,2,RBBB,0,N,0.99029773,0.99029773,0.0069193584,0.0008804266,0.00013242071,2.8572142e-08,2.9873128e-08,6.976097e-09,0.0017699674
2692,118_00607,118,607,2,RBBB,2,RBBB,0,N,0.9755988,0.9755988,0.021123275,0.0016686724,7.7072655e-05,1.01007195e-07,3.584965e-08,1.1911157e-08,0.0015320677
2693,118_00608,118,608,2,RBBB,2,RBBB,0,N,0.9939586,0.9939586,0.003714164,0.0007546664,4.5709512e-05,7.1400534e-09,4.9365254e-09,7.181324e-10,0.0015268222
2694,118_00609,118,609,2,RBBB,2,RBBB,0,N,0.99410087,0.99410087,0.0031389396,0.0020869514,4.4655553e-05,3.9141588e-09,3.6609022e-09,3.5118208e-10,0.0006285757
2695,118_00610,118,610,2,RBBB,2,RBBB,0,N,0.99320304,0.99320304,0.0039567687,0.0009343395,4.936524e-05,3.6573309e-09,8.596832e-09,7.338012e-10,0.001856412
2696,118_00611,118,611,2,RBBB,2,RBBB,0,N,0.9763863,0.9763863,0.015597692,0.0046933587,4.892159e-05,6.8054554e-08,4.0268038e-08,6.561363e-09,0.0032736016
2697,118_00612,118,612,2,RBBB,2,RBBB,0,N,0.98500526,0.98500526,0.010659631,0.0024726298,8.465401e-05,2.73218e-08,7.683718e-09,3.4676524e-09,0.0017777849
2698,118_00613,118,613,2,RBBB,2,RBBB,0,N,0.9792569,0.9792569,0.017695874,0.0015554552,8.257241e-05,3.6799833e-08,2.4421011e-08,4.610021e-09,0.001409162
2699,118_00614,118,614,2,RBBB,2,RBBB,0,N,0.9723953,0.9723953,0.023105644,0.0014742024,5.4429405e-05,1.03298945e-07,4.6273016e-08,1.4725792e-08,0.0029702727
2700,118_00615,118,615,2,RBBB,2,RBBB,0,N,0.99145347,0.99145347,0.004589491,0.0022690091,0.00012912949,2.1006928e-08,1.7461922e-08,3.2184826e-09,0.0015590078
2701,118_00616,118,616,2,RBBB,2,RBBB,0,N,0.99754,0.99754,0.00039688312,0.0011189948,6.2783154e-05,7.756421e-10,5.5966836e-09,1.5629413e-10,0.0008813011
2702,118_00617,118,617,2,RBBB,2,RBBB,0,N,0.9954658,0.9954658,0.0014241742,0.0029337143,1.2165701e-05,4.5559485e-09,1.1704667e-08,4.474179e-10,0.00016423587
2703,118_00618,118,618,2,RBBB,2,RBBB,0,N,0.9978068,0.9978068,0.0011668775,0.000510782,1.6361766e-05,5.4448623e-09,1.2448756e-08,1.2727907e-09,0.00049911725
2704,118_00619,118,619,2,RBBB,2,RBBB,0,N,0.9957992,0.9957992,0.002747157,0.0010098094,5.1285257e-05,1.6601184e-08,1.7299614e-08,2.1603668e-09,0.000392592
2705,118_00620,118,620,2,RBBB,2,RBBB,0,N,0.9954976,0.9954976,0.0029273925,0.001079333,4.5877838e-05,1.7593212e-08,1.6762955e-08,1.3899886e-09,0.00044981536
2706,118_00621,118,621,2,RBBB,2,RBBB,0,N,0.99169683,0.99169683,0.0070684473,0.0004881135,4.2464468e-05,6.903396e-08,3.6170984e-08,1.0732311e-08,0.00070400705
2707,118_00622,118,622,3,APC,2,RBBB,0,N,0.99609154,0.99609154,0.002854687,0.00023672415,0.00011321164,7.634665e-08,8.523374e-08,1.2376451e-08,0.0007035645
2708,118_00623,118,623,2,RBBB,3,APC,0,N,0.9806484,0.9806484,0.01583944,0.0018086629,0.00015277747,2.2634634e-07,2.4189276e-07,2.1537062e-08,0.0015501645
2709,118_00624,118,624,2,RBBB,2,RBBB,0,N,0.9881528,0.9881528,0.008949832,0.0010898729,6.277805e-05,5.6282648e-08,4.6674554e-08,9.0274686e-09,0.0017446215
2710,118_00625,118,625,2,RBBB,2,RBBB,0,N,0.9922143,0.9922143,0.0037200868,0.0025649401,0.00013204143,2.422555e-08,3.3560667e-08,3.9489993e-09,0.0013684632
2711,118_00626,118,626,2,RBBB,2,RBBB,0,N,0.98954505,0.98954505,0.00918906,0.00042385183,0.00016657989,9.836253e-08,3.7088352e-08,9.670185e-09,0.0006752788
2712,118_00627,118,627,2,RBBB,2,RBBB,0,N,0.9832575,0.9832575,0.0118521,0.0020578073,4.4409422e-05,7.561451e-08,4.5423054e-08,5.16788e-09,0.0027879835
2713,118_00628,118,628,2,RBBB,2,RBBB,0,N,0.95309645,0.95309645,0.04294449,0.0012123735,0.0005583178,1.2476474e-07,3.603739e-08,1.9625093e-08,0.0021882302
2714,118_00629,118,629,2,RBBB,2,RBBB,0,N,0.9524476,0.9524476,0.042877536,0.0012522977,0.00010350973,2.1841892e-07,1.71214e-07,2.2093802e-08,0.0033186066
2715,118_00630,118,630,2,RBBB,2,RBBB,0,N,0.89951724,0.89951724,0.09543904,0.0022365677,0.00017344022,9.833842e-07,7.7417056e-08,9.703238e-08,0.0026325262
2716,118_00631,118,631,2,RBBB,2,RBBB,0,N,0.9910646,0.9910646,0.005149979,0.00092918193,0.00014778836,5.1914988e-08,5.902576e-08,2.0183267e-08,0.0027083012
2717,118_00632,118,632,2,RBBB,2,RBBB,0,N,0.9952533,0.9952533,0.0016400934,0.0025824644,3.606769e-05,1.7434516e-08,6.216448e-08,1.8102275e-09,0.00048804263
2718,118_00633,118,633,2,RBBB,2,RBBB,0,N,0.9987092,0.9987092,0.00083176646,0.00010211348,7.325816e-05,3.631802e-09,7.689039e-09,5.0712096e-10,0.00028373135
2719,118_00634,118,634,2,RBBB,2,RBBB,0,N,0.99797314,0.99797314,0.0012126825,0.00030387315,1.3726024e-05,5.3492784e-09,9.589617e-09,4.93533e-10,0.00049658393
2720,118_00635,118,635,2,RBBB,2,RBBB,0,N,0.99263585,0.99263585,0.0017078681,0.0038884857,4.541061e-05,7.396009e-10,2.9507479e-09,6.161234e-11,0.0017223033
2721,118_00636,118,636,2,RBBB,2,RBBB,0,N,0.99738383,0.99738383,0.0012334824,0.0012362215,1.8328106e-05,4.1068746e-10,2.8617722e-10,1.763516e-11,0.00012826767
2722,118_00637,118,637,2,RBBB,2,RBBB,0,N,0.9949496,0.9949496,0.002528721,0.0012214499,1.9064717e-05,6.4868666e-09,5.9735656e-09,8.300544e-10,0.0012812417
2723,118_00638,118,638,3,APC,2,RBBB,0,N,0.996669,0.996669,0.0001899657,0.001347663,7.2084964e-05,6.1010114e-10,1.5824556e-08,2.4519067e-10,0.0017213464
2724,118_00639,118,639,2,RBBB,3,APC,0,N,0.9993286,0.9993286,0.00014197145,0.00048488783,2.1261982e-05,3.7494527e-10,1.2961181e-09,4.32783e-12,2.3263186e-05
2725,118_00640,118,640,2,RBBB,2,RBBB,0,N,0.99226147,0.99226147,0.0074817147,3.0300366e-06,7.346065e-05,9.2825104e-08,1.7435998e-08,2.0886863e-09,0.0001801829
2726,118_00641,118,641,2,RBBB,2,RBBB,0,N,0.9607699,0.9607699,0.030075155,9.5356576e-05,0.00016443129,1.1122253e-06,1.2413558e-06,2.1548293e-07,0.008892479
2727,118_00642,118,642,2,RBBB,2,RBBB,0,N,0.988565,0.988565,0.008552983,0.0003641494,0.0006662776,8.3943746e-08,1.838292e-07,1.1740706e-08,0.0018512469
2728,118_00643,118,643,2,RBBB,2,RBBB,0,N,0.97559255,0.97559255,0.01920909,0.0007395142,0.00033186944,6.928474e-08,5.760561e-08,2.6336608e-09,0.004126808
2729,118_00644,118,644,2,RBBB,2,RBBB,0,N,0.99651897,0.99651897,0.0022822458,0.00028225183,0.00034564198,2.878445e-08,2.6447672e-08,4.771901e-09,0.0005709095
2730,118_00645,118,645,2,RBBB,2,RBBB,0,N,0.9959228,0.9959228,0.0019747885,0.00048717795,0.00013240015,2.3302812e-08,3.7982527e-08,2.5265974e-09,0.0014828242
2731,118_00646,118,646,2,RBBB,2,RBBB,0,N,0.9984697,0.9984697,0.00014033249,0.00046220003,4.4395645e-05,1.5257507e-09,2.219566e-08,8.6213886e-10,0.00088342704
2732,118_00647,118,647,3,APC,2,RBBB,0,N,0.99596995,0.99596995,0.0017990442,0.001139237,0.00016197636,8.30895e-09,4.3838593e-08,8.1756507e-10,0.0009296493
2733,118_00648,118,648,2,RBBB,3,APC,0,N,0.99539447,0.99539447,0.0026939816,0.0009575947,5.5197735e-05,7.24678e-09,1.5549624e-08,2.8000377e-10,0.0008988176
2734,118_00649,118,649,2,RBBB,2,RBBB,0,N,0.9947353,0.9947353,0.0035775446,0.0009483189,0.0001626369,4.3219606e-09,9.01795e-09,1.2091367e-10,0.0005761205
2735,118_00650,118,650,2,RBBB,2,RBBB,0,N,0.9937217,0.9937217,0.004766169,0.0006945673,7.840007e-05,4.1110577e-09,4.854591e-09,1.0829654e-10,0.0007392213
2736,118_00651,118,651,2,RBBB,2,RBBB,0,N,0.9953997,0.9953997,0.0021656887,0.0014989855,6.375566e-05,3.742929e-09,4.3767536e-09,1.863882e-10,0.000871771
2737,118_00652,118,652,2,RBBB,2,RBBB,0,N,0.9977622,0.9977622,0.0010447416,0.0007528703,7.0033086e-05,2.3091817e-09,6.307562e-09,1.5525949e-10,0.00037006295
2738,118_00653,118,653,2,RBBB,2,RBBB,0,N,0.99716043,0.99716043,0.0015329279,0.00071230374,3.880501e-05,5.7188525e-09,1.2276796e-08,5.709978e-10,0.0005554775
2739,118_00654,118,654,2,RBBB,2,RBBB,0,N,0.9977939,0.9977939,0.0006414057,0.00067747233,4.1912946e-05,2.7176892e-09,8.194065e-09,3.668408e-10,0.0008453058
2740,118_00655,118,655,2,RBBB,2,RBBB,0,N,0.996276,0.996276,0.0015401749,0.0015377239,0.000115377756,6.577035e-09,1.7252164e-08,7.390328e-10,0.0005307627
2741,118_00656,118,656,2,RBBB,2,RBBB,0,N,0.99836314,0.99836314,0.00068411126,0.00036079556,2.6271686e-05,4.244608e-09,1.0728454e-08,6.9833983e-10,0.0005657212
2742,118_00657,118,657,2,RBBB,2,RBBB,0,N,0.9868436,0.9868436,0.006821345,0.004392474,9.987113e-05,6.4130454e-08,7.510434e-08,7.9138855e-09,0.0018424747
2743,118_00658,118,658,2,RBBB,2,RBBB,0,N,0.9890578,0.9890578,0.006326846,0.0010853162,0.000109312095,2.9415041e-08,3.14803e-08,7.882643e-09,0.0034207418
2744,118_00659,118,659,2,RBBB,2,RBBB,0,N,0.9936592,0.9936592,0.00192952,0.0026481673,0.00015809348,1.5354937e-08,4.2683077e-08,3.3021748e-09,0.0016049528
2745,118_00660,118,660,2,RBBB,2,RBBB,0,N,0.9968368,0.9968368,0.00117902,0.0011351546,8.322364e-05,8.118581e-09,1.7316946e-08,1.3982392e-09,0.0007657224
2746,118_00661,118,661,2,RBBB,2,RBBB,0,N,0.99644065,0.99644065,0.0013231995,0.0012915261,7.42551e-05,1.5738044e-08,5.513354e-08,2.823517e-09,0.0008703825
2747,118_00662,118,662,2,RBBB,2,RBBB,0,N,0.9938603,0.9938603,0.0020673862,0.0024820976,6.425362e-05,1.8782428e-08,4.8967678e-08,3.351197e-09,0.0015259397
2748,118_00663,118,663,2,RBBB,2,RBBB,0,N,0.99542993,0.99542993,0.0010501343,0.0021273831,0.000111910434,1.0956892e-08,4.4431527e-08,3.476643e-09,0.0012806072
2749,118_00664,118,664,2,RBBB,2,RBBB,0,N,0.997674,0.997674,0.0003874876,0.0013022971,5.128107e-05,5.480749e-09,2.8008644e-08,1.872251e-09,0.00058487186
2750,118_00665,118,665,3,APC,2,RBBB,0,N,0.9940249,0.9940249,0.0021115837,0.0023790617,5.543265e-05,1.8426025e-08,5.235837e-08,3.6399372e-09,0.0014290026
2751,118_00666,118,666,2,RBBB,3,APC,0,N,0.9871297,0.9871297,0.007876902,0.001919162,0.00013655673,4.9196977e-08,5.965793e-08,1.0102225e-08,0.002937752
2752,118_00667,118,667,2,RBBB,2,RBBB,0,N,0.9846338,0.9846338,0.008636958,0.0035606036,0.00016853589,6.808468e-08,6.706122e-08,1.2024103e-08,0.0029999076
2753,118_00668,118,668,2,RBBB,2,RBBB,0,N,0.99278396,0.99278396,0.0018437597,0.003010079,9.410081e-05,1.2095175e-08,3.4963588e-08,3.420273e-09,0.0022682103
2754,118_00669,118,669,2,RBBB,2,RBBB,0,N,0.9948267,0.9948267,0.0014832928,0.0027270014,6.180366e-05,1.212494e-08,4.0249112e-08,2.4278715e-09,0.00090120046
2755,118_00670,118,670,2,RBBB,2,RBBB,0,N,0.99551284,0.99551284,0.0018945341,0.00094392005,7.081325e-05,1.2607066e-08,3.356579e-08,3.2579883e-09,0.0015779483
2756,118_00671,118,671,2,RBBB,2,RBBB,0,N,0.9928842,0.9928842,0.0022626845,0.0029051532,0.00011313299,2.0175673e-08,5.724037e-08,4.1745785e-09,0.001834777
2757,118_00672,118,672,2,RBBB,2,RBBB,0,N,0.99701977,0.99701977,0.00051023485,0.0011897339,9.18184e-05,4.4697526e-09,2.00102e-08,1.512576e-09,0.001188436
2758,118_00673,118,673,2,RBBB,2,RBBB,0,N,0.99787045,0.99787045,0.00030437927,0.0011976523,7.725931e-05,3.332859e-09,3.458581e-08,6.424337e-10,0.0005502408
2759,118_00674,118,674,2,RBBB,2,RBBB,0,N,0.9983574,0.9983574,0.00016473321,0.00077698706,4.8114696e-05,8.829645e-10,1.2971603e-08,1.3662474e-10,0.0006528053
2760,118_00675,118,675,2,RBBB,2,RBBB,0,N,0.9970448,0.9970448,0.0007238932,0.0017495952,3.971026e-05,4.7346e-09,1.8789926e-08,6.534959e-10,0.0004419204
2761,118_00676,118,676,2,RBBB,2,RBBB,0,N,0.9952321,0.9952321,0.0016320294,0.0018352174,3.363622e-05,9.08384e-09,3.0984964e-08,1.6874779e-09,0.0012670561
2762,118_00677,118,677,2,RBBB,2,RBBB,0,N,0.9896365,0.9896365,0.004098173,0.0042437413,4.537086e-05,1.76991e-08,2.6264209e-08,4.113679e-09,0.00197627
2763,118_00678,118,678,2,RBBB,2,RBBB,0,N,0.98991454,0.98991454,0.0047290716,0.0024234897,0.00012242758,1.2631335e-08,2.5542876e-08,1.9961028e-09,0.0028103776
2764,118_00679,118,679,2,RBBB,2,RBBB,0,N,0.9937075,0.9937075,0.0019402779,0.003025303,6.307215e-05,5.5489453e-09,9.710529e-09,7.431172e-10,0.0012639447
2765,118_00680,118,680,2,RBBB,2,RBBB,0,N,0.99474275,0.99474275,0.0015972165,0.001904355,5.3938067e-05,4.0838404e-09,1.2478222e-08,1.0287076e-09,0.0017017928
2766,118_00681,118,681,2,RBBB,2,RBBB,0,N,0.99106777,0.99106777,0.002021352,0.0052029854,4.4177148e-05,1.8973727e-08,4.325891e-08,4.1247152e-09,0.0016635467
2767,118_00682,118,682,2,RBBB,2,RBBB,0,N,0.98320854,0.98320854,0.0075237295,0.0040178443,0.00013738785,3.1928458e-08,3.0143756e-08,6.4885772e-09,0.0051124506
2768,118_00683,118,683,2,RBBB,2,RBBB,0,N,0.9748434,0.9748434,0.01584196,0.004304142,0.00021453375,7.258199e-08,9.093719e-08,1.369306e-08,0.0047957646
2769,118_00684,118,684,2,RBBB,2,RBBB,0,N,0.9866772,0.9866772,0.0062659145,0.0019702008,0.00017802583,2.5208129e-08,3.3153352e-08,7.459557e-09,0.004908679
2770,118_00685,118,685,2,RBBB,2,RBBB,0,N,0.99429077,0.99429077,0.0016938434,0.0024918052,0.00011575837,9.833874e-09,2.5981599e-08,2.2439133e-09,0.0014078794
2771,118_00686,118,686,2,RBBB,2,RBBB,0,N,0.99665654,0.99665654,0.00035107392,0.0019938205,7.9896396e-05,2.1576827e-09,1.3209596e-08,4.2918644e-10,0.0009186429
2772,118_00687,118,687,2,RBBB,2,RBBB,0,N,0.996664,0.996664,0.0003029199,0.002336731,2.9970946e-05,9.924027e-10,6.9320567e-09,1.8814354e-10,0.0006663743
2773,118_00688,118,688,2,RBBB,2,RBBB,0,N,0.997592,0.997592,0.00029442128,0.001501605,2.876766e-05,8.2857005e-10,9.630266e-09,1.7327205e-10,0.0005832781
2774,118_00689,118,689,2,RBBB,2,RBBB,0,N,0.996403,0.996403,0.00056824676,0.0017796603,3.613178e-05,2.2189581e-09,9.659844e-09,5.3256516e-10,0.0012129721
2775,118_00690,118,690,2,RBBB,2,RBBB,0,N,0.99432635,0.99432635,0.0018248954,0.002023222,6.974037e-05,4.60442e-09,1.6444838e-08,6.588885e-10,0.0017558545
2776,118_00691,118,691,2,RBBB,2,RBBB,0,N,0.9896167,0.9896167,0.0030486188,0.0037715996,9.153819e-05,9.185369e-09,2.1618096e-08,2.3257851e-09,0.0034715165
2777,118_00692,118,692,2,RBBB,2,RBBB,0,N,0.9903048,0.9903048,0.0014389954,0.004408803,0.00013310586,6.78667e-09,2.9597647e-08,2.8951401e-09,0.0037141175
2778,118_00693,118,693,2,RBBB,2,RBBB,0,N,0.99773216,0.99773216,0.0003860265,0.0010232012,6.0372033e-05,2.4369788e-09,1.0809558e-08,5.845905e-10,0.00079821306
2779,118_00694,118,694,2,RBBB,2,RBBB,0,N,0.9958953,0.9958953,0.001122616,0.0018696041,0.00010202699,5.1516e-09,1.9466128e-08,5.868179e-10,0.0010104801
2780,118_00695,118,695,2,RBBB,2,RBBB,0,N,0.99610037,0.99610037,0.00084980775,0.0015639944,3.9839546e-05,3.25558e-09,1.345186e-08,6.384979e-10,0.0014459467
2781,118_00696,118,696,2,RBBB,2,RBBB,0,N,0.9931483,0.9931483,0.0012929492,0.0031559325,8.013864e-05,6.6688766e-09,3.1366298e-08,1.9229531e-09,0.002322691
2782,118_00697,118,697,2,RBBB,2,RBBB,0,N,0.988394,0.988394,0.004055185,0.004332958,0.00013042992,1.7723098e-08,5.0311616e-08,3.1442902e-09,0.0030873767
2783,118_00698,118,698,2,RBBB,2,RBBB,0,N,0.9787767,0.9787767,0.013770973,0.0022119298,0.00022091871,4.4409465e-08,3.518335e-08,6.1091234e-09,0.005019417
2784,118_00699,118,699,3,APC,2,RBBB,0,N,0.9612525,0.9612525,0.028031113,0.005419381,0.00016819581,9.620543e-08,5.400301e-08,9.69322e-09,0.005128692
2785,118_00700,118,700,2,RBBB,3,APC,0,N,0.9686506,0.9686506,0.01584998,0.009088961,0.00019598802,3.8659092e-08,5.68105e-08,6.3655174e-09,0.0062144543
2786,118_00701,118,701,2,RBBB,2,RBBB,0,N,0.9595255,0.9595255,0.022955451,0.01422636,9.642018e-05,7.3149494e-08,3.9065405e-08,9.292414e-09,0.00319604
2787,118_00702,118,702,3,APC,2,RBBB,0,N,0.9651949,0.9651949,0.023684312,0.003161589,0.00020311125,6.73468e-08,5.8458028e-08,1.4822202e-08,0.007755921
2788,118_00703,118,703,2,RBBB,3,APC,0,N,0.9852657,0.9852657,0.010581523,0.0017236661,0.00012542665,5.076021e-08,3.439754e-08,6.0743526e-09,0.002303668
2789,118_00704,118,704,2,RBBB,2,RBBB,0,N,0.9881008,0.9881008,0.009209037,0.00088098494,0.00010928395,2.2364064e-08,1.278963e-08,2.2084923e-09,0.0016997963
2790,118_00705,118,705,2,RBBB,2,RBBB,0,N,0.990316,0.990316,0.0063822726,0.001722953,5.9096066e-05,1.2035366e-08,1.5181518e-08,1.1151927e-09,0.0015197461
2791,118_00706,118,706,2,RBBB,2,RBBB,0,N,0.98175335,0.98175335,0.011336422,0.0038897698,6.8206704e-05,2.6130794e-08,2.3209047e-08,4.0996575e-09,0.0029523184
2792,118_00707,118,707,2,RBBB,2,RBBB,0,N,0.98110133,0.98110133,0.009571114,0.00560457,0.00013798967,3.594679e-08,4.768174e-08,6.655425e-09,0.003584953
2793,118_00708,118,708,2,RBBB,2,RBBB,0,N,0.98195225,0.98195225,0.010922547,0.004071498,8.969583e-05,5.3271158e-08,3.411169e-08,8.22804e-09,0.002963954
2794,118_00709,118,709,2,RBBB,2,RBBB,0,N,0.9821662,0.9821662,0.009652888,0.0048485426,0.00012372092,4.2959506e-08,5.089827e-08,6.4407097e-09,0.0032086037
2795,118_00710,118,710,2,RBBB,2,RBBB,0,N,0.97434455,0.97434455,0.016743625,0.0059166965,9.251991e-05,4.4777543e-08,3.7898626e-08,6.3835954e-09,0.0029025343
2796,118_00711,118,711,2,RBBB,2,RBBB,0,N,0.9600533,0.9600533,0.031604264,0.0037041265,0.000112569614,1.0361308e-07,5.2142077e-08,1.7390251e-08,0.004525625
2797,118_00712,118,712,2,RBBB,2,RBBB,0,N,0.9620553,0.9620553,0.0265528,0.0063783843,0.00015264234,1.2428417e-07,7.031733e-08,2.1235177e-08,0.004860626
2798,118_00713,118,713,2,RBBB,2,RBBB,0,N,0.9828443,0.9828443,0.007903181,0.005717687,0.00018871787,5.3067634e-08,6.784826e-08,1.628554e-08,0.0033461046
2799,118_00714,118,714,2,RBBB,2,RBBB,0,N,0.986673,0.986673,0.0063591553,0.0046343524,8.505522e-05,3.536735e-08,3.9070738e-08,5.21032e-09,0.0022484192
2800,118_00715,118,715,2,RBBB,2,RBBB,0,N,0.98705477,0.98705477,0.0060589802,0.003535362,0.0001090255,1.8409049e-08,1.8941355e-08,2.2001827e-09,0.0032418505
2801,118_00716,118,716,2,RBBB,2,RBBB,0,N,0.97584486,0.97584486,0.019119428,0.0024708435,0.00015020979,2.9708e-08,1.9143098e-08,2.1761166e-09,0.0024144894
2802,118_00717,118,717,2,RBBB,2,RBBB,0,N,0.96342045,0.96342045,0.03133078,0.001575451,5.4364617e-05,3.890412e-08,1.7280135e-08,2.9622484e-09,0.0036189163
2803,118_00718,118,718,2,RBBB,2,RBBB,0,N,0.9685763,0.9685763,0.022540689,0.006596162,0.000114929164,5.8836285e-08,2.7884363e-08,6.5193158e-09,0.0021716927
2804,118_00719,118,719,2,RBBB,2,RBBB,0,N,0.98230535,0.98230535,0.0094778165,0.0050983517,6.6108165e-05,3.598699e-08,3.053914e-08,9.840454e-09,0.00305237
2805,118_00720,118,720,2,RBBB,2,RBBB,0,N,0.98820823,0.98820823,0.00616328,0.0032479845,9.2034206e-05,3.519301e-08,5.3586934e-08,6.339325e-09,0.002288361
2806,118_00721,118,721,2,RBBB,2,RBBB,0,N,0.98547876,0.98547876,0.008201702,0.0026732401,0.00016506306,3.3055596e-08,4.0630468e-08,3.7878825e-09,0.0034812135
2807,118_00722,118,722,2,RBBB,2,RBBB,0,N,0.9847365,0.9847365,0.008595584,0.0038975058,0.00017097399,3.06302e-08,3.8665885e-08,3.4947756e-09,0.0025994193
2808,118_00723,118,723,2,RBBB,2,RBBB,0,N,0.973942,0.973942,0.015602231,0.004745709,0.00010215091,3.9087514e-08,3.6193093e-08,5.8522476e-09,0.0056078644
2809,118_00724,118,724,2,RBBB,2,RBBB,0,N,0.96655107,0.96655107,0.015460252,0.014141319,0.00020240726,7.99632e-08,8.586575e-08,1.2207446e-08,0.0036447123
2810,118_00725,118,725,2,RBBB,2,RBBB,0,N,0.96632165,0.96632165,0.02676179,0.0030600869,0.00010885917,1.1414975e-07,3.444837e-08,1.9761897e-08,0.0037474788
2811,118_00726,118,726,2,RBBB,2,RBBB,0,N,0.97142303,0.97142303,0.022272885,0.0024918101,0.00013037512,1.4189486e-07,1.1553013e-07,1.8973736e-08,0.0036816245
2812,118_00727,118,727,2,RBBB,2,RBBB,0,N,0.97283614,0.97283614,0.019723205,0.004091793,0.0001563501,1.0216923e-07,5.787042e-08,1.1907982e-08,0.0031924557
2813,118_00728,118,728,2,RBBB,2,RBBB,0,N,0.97907275,0.97907275,0.01220046,0.005104706,0.00015083088,4.075969e-08,4.1557815e-08,5.4287765e-09,0.003471182
2814,118_00729,118,729,2,RBBB,2,RBBB,0,N,0.97239137,0.97239137,0.0167472,0.0059976806,0.000119019714,5.420284e-08,5.0186355e-08,8.632425e-09,0.0047447393
2815,118_00730,118,730,2,RBBB,2,RBBB,0,N,0.97350955,0.97350955,0.017905265,0.0035813875,0.00018970261,6.364542e-08,6.025827e-08,1.1900802e-08,0.0048139393
2816,118_00731,118,731,2,RBBB,2,RBBB,0,N,0.9724683,0.9724683,0.019102052,0.00492901,0.00013075487,8.2789484e-08,4.55959e-08,8.9302885e-09,0.0033696839
2817,118_00732,118,732,2,RBBB,2,RBBB,0,N,0.97263,0.97263,0.01893681,0.004450772,0.00019865658,8.1063654e-08,5.529168e-08,1.079838e-08,0.0037836053
2818,118_00733,118,733,2,RBBB,2,RBBB,0,N,0.95502305,0.95502305,0.033003975,0.006245318,0.0001472896,1.1748578e-07,6.626543e-08,1.648175e-08,0.0055802
2819,118_00734,118,734,2,RBBB,2,RBBB,0,N,0.946708,0.946708,0.043113574,0.004196146,0.00022647297,2.497217e-07,1.1032753e-07,4.9804164e-08,0.005755374
2820,118_00735,118,735,2,RBBB,2,RBBB,0,N,0.98312974,0.98312974,0.010487011,0.0013988803,0.00020225947,8.171651e-08,5.7857214e-08,1.6485563e-08,0.004781874
2821,118_00736,118,736,2,RBBB,2,RBBB,0,N,0.9810061,0.9810061,0.011234435,0.004498892,0.00029268413,6.466087e-08,9.880821e-08,7.3964945e-09,0.0029675504
2822,118_00737,118,737,2,RBBB,2,RBBB,0,N,0.97186226,0.97186226,0.01661481,0.005210735,0.00010186825,3.017623e-08,3.1597345e-08,3.3196876e-09,0.0062101884
2823,118_00738,118,738,2,RBBB,2,RBBB,0,N,0.9529983,0.9529983,0.03438329,0.0074962904,0.00020493972,1.1464483e-07,6.5336984e-08,1.8457778e-08,0.0049170526
2824,118_00739,118,739,2,RBBB,2,RBBB,0,N,0.97452253,0.97452253,0.01862765,0.0024850843,0.00014090144,5.6031023e-08,3.947896e-08,7.920861e-09,0.0042237085
2825,118_00740,118,740,2,RBBB,2,RBBB,0,N,0.9748959,0.9748959,0.017401695,0.0045799552,0.00012690327,7.053512e-08,5.752507e-08,8.502137e-09,0.002995334
2826,118_00741,118,741,2,RBBB,2,RBBB,0,N,0.97849333,0.97849333,0.012539115,0.0055645965,8.57107e-05,4.9465402e-08,4.730567e-08,6.716105e-09,0.0033171761
2827,118_00742,118,742,2,RBBB,2,RBBB,0,N,0.9762134,0.9762134,0.014314349,0.0060890103,0.00010502306,4.1359698e-08,3.3916404e-08,6.6746138e-09,0.003278056
2828,118_00743,118,743,2,RBBB,2,RBBB,0,N,0.9735814,0.9735814,0.018606402,0.0041977847,0.00013082303,7.2444344e-08,5.744948e-08,1.3554114e-08,0.0034833348
2829,118_00744,118,744,2,RBBB,2,RBBB,0,N,0.9691086,0.9691086,0.022715064,0.004380197,8.479568e-05,9.899603e-08,3.8773834e-08,1.1283915e-08,0.0037111624
2830,118_00745,118,745,2,RBBB,2,RBBB,0,N,0.9906046,0.9906046,0.004533969,0.0019076937,0.00017718274,1.3903677e-08,2.8302702e-08,2.7641784e-09,0.0027764987
2831,118_00746,118,746,2,RBBB,2,RBBB,0,N,0.99049586,0.99049586,0.0045525753,0.003289571,7.273347e-05,1.0940224e-08,1.8759593e-08,1.2340979e-09,0.0015893854
2832,118_00747,118,747,2,RBBB,2,RBBB,0,N,0.97520006,0.97520006,0.018896895,0.0023856414,0.00011240133,3.723195e-08,2.4816208e-08,3.1441416e-09,0.0034050453
2833,118_00748,118,748,2,RBBB,2,RBBB,0,N,0.9505979,0.9505979,0.040600114,0.0033369649,0.0002022613,8.6641315e-08,3.400548e-08,6.4303483e-09,0.0052626347
2834,118_00749,118,749,2,RBBB,2,RBBB,0,N,0.98034245,0.98034245,0.011673651,0.003587794,0.00020059191,3.7444487e-08,3.5623557e-08,6.731467e-09,0.0041953744
2835,118_00750,118,750,2,RBBB,2,RBBB,0,N,0.9804259,0.9804259,0.008513673,0.0086402055,0.00010565746,4.392823e-08,3.993392e-08,6.327689e-09,0.0023145499
2836,118_00751,118,751,2,RBBB,2,RBBB,0,N,0.9776189,0.9776189,0.014537515,0.0036235426,0.00011194513,5.4954327e-08,4.6373287e-08,9.896276e-09,0.0041081053
2837,118_00752,118,752,2,RBBB,2,RBBB,0,N,0.961753,0.961753,0.030048978,0.0043358346,0.00013116814,1.484081e-07,7.706503e-08,2.0409606e-08,0.0037308265
2838,118_00753,118,753,2,RBBB,2,RBBB,0,N,0.98415667,0.98415667,0.009905318,0.0029289308,0.00012002209,6.323944e-08,5.1582735e-08,1.4554213e-08,0.002888845
2839,118_00754,118,754,2,RBBB,2,RBBB,0,N,0.985655,0.985655,0.0050706114,0.007016542,0.00012712611,4.1237318e-08,6.8739e-08,9.640055e-09,0.0021307077
2840,118_00755,118,755,2,RBBB,2,RBBB,0,N,0.9743424,0.9743424,0.012993362,0.0074151102,7.165601e-05,5.060862e-08,6.716226e-08,8.508517e-09,0.0051773437
2841,118_00756,118,756,2,RBBB,2,RBBB,0,N,0.9689274,0.9689274,0.019212078,0.007365508,0.00022020267,8.640551e-08,7.248024e-08,1.5433555e-08,0.0042745676
2842,118_00757,118,757,2,RBBB,2,RBBB,0,N,0.96691203,0.96691203,0.025590496,0.0033703002,0.000115218965,1.2867493e-07,6.271881e-08,2.6860837e-08,0.0040117
2843,118_00758,118,758,2,RBBB,2,RBBB,0,N,0.9707282,0.9707282,0.019314563,0.0053566718,0.00015718471,1.1778761e-07,1.0408796e-07,2.1992415e-08,0.0044431267
2844,118_00759,118,759,2,RBBB,2,RBBB,0,N,0.986066,0.986066,0.0065006227,0.004035711,0.00013907853,2.9877107e-08,3.886525e-08,7.1545205e-09,0.0032586555
2845,118_00760,118,760,2,RBBB,2,RBBB,0,N,0.9805808,0.9805808,0.010186202,0.006618829,0.00010915471,4.2547384e-08,4.600697e-08,5.779078e-09,0.0025049131
2846,118_00761,118,761,3,APC,2,RBBB,0,N,0.9706762,0.9706762,0.021342682,0.0026563725,0.0001125655,4.7254503e-08,3.5783305e-08,7.477634e-09,0.0052121165
2847,118_00762,118,762,2,RBBB,3,APC,0,N,0.9366393,0.9366393,0.053440265,0.0064435205,0.00016638807,1.7242331e-07,6.09897e-08,1.430587e-08,0.0033102876
2848,118_00763,118,763,2,RBBB,2,RBBB,0,N,0.9260215,0.9260215,0.06776194,0.0029106021,8.448198e-05,2.31667e-07,3.557516e-08,2.9255235e-08,0.003221107
2849,118_00764,118,764,2,RBBB,2,RBBB,0,N,0.9773943,0.9773943,0.014925017,0.0044051437,0.00012410559,8.323028e-08,6.8309184e-08,1.8852992e-08,0.003151406
2850,118_00765,118,765,2,RBBB,2,RBBB,0,N,0.97991645,0.97991645,0.011254152,0.006647243,0.00014515812,6.6596755e-08,4.7080093e-08,1.094611e-08,0.0020368253
2851,118_00766,118,766,2,RBBB,2,RBBB,0,N,0.9711846,0.9711846,0.021808174,0.0019925958,0.00011510828,1.1435129e-07,4.7893536e-08,1.4748613e-08,0.0048993016
2852,118_00767,118,767,2,RBBB,2,RBBB,0,N,0.97876453,0.97876453,0.014930234,0.002637997,0.0002621186,1.4501256e-07,1.4741211e-07,1.4906394e-08,0.003404895
2853,118_00768,118,768,2,RBBB,2,RBBB,0,N,0.9850418,0.9850418,0.012083328,0.0013146314,0.0001280431,3.8989555e-08,2.97262e-08,3.0804457e-09,0.0014321582
2854,118_00769,118,769,2,RBBB,2,RBBB,0,N,0.9758948,0.9758948,0.018354435,0.0037394387,6.535192e-05,6.680551e-08,3.676026e-08,5.980471e-09,0.001945844
2855,118_00770,118,770,2,RBBB,2,RBBB,0,N,0.9849801,0.9849801,0.009318719,0.0025309545,8.7835324e-05,6.53932e-08,4.049551e-08,1.6663414e-08,0.0030823618
2856,118_00771,118,771,2,RBBB,2,RBBB,0,N,0.9845113,0.9845113,0.010362186,0.003077164,0.00014194372,8.225714e-08,1.1026427e-07,8.151273e-09,0.0019071357
2857,118_00772,118,772,2,RBBB,2,RBBB,0,N,0.9834837,0.9834837,0.011362387,0.0023569225,0.00011900333,4.1651273e-08,4.1686796e-08,5.2586477e-09,0.002678003
2858,118_00773,118,773,2,RBBB,2,RBBB,0,N,0.98586434,0.98586434,0.0053139715,0.0067687514,7.488617e-05,3.987784e-08,4.857742e-08,1.0289564e-08,0.0019780728
2859,118_00774,118,774,2,RBBB,2,RBBB,0,N,0.98970544,0.98970544,0.0042199427,0.0035715788,9.259849e-05,3.915159e-08,4.9898592e-08,1.0343652e-08,0.002410364
2860,118_00775,118,775,2,RBBB,2,RBBB,0,N,0.98803616,0.98803616,0.0070047523,0.00241272,0.0001292095,4.9761347e-08,6.510772e-08,6.500705e-09,0.0024170957
2861,118_00776,118,776,2,RBBB,2,RBBB,0,N,0.9811319,0.9811319,0.011517256,0.0036826953,0.00014032355,4.9109012e-08,5.2714622e-08,7.2067015e-09,0.003527791
2862,118_00777,118,777,2,RBBB,2,RBBB,0,N,0.9859883,0.9859883,0.0068654954,0.0037122301,9.826342e-05,5.4871094e-08,5.802998e-08,1.7501467e-08,0.0033356585
2863,118_00778,118,778,2,RBBB,2,RBBB,0,N,0.987261,0.987261,0.004838248,0.003089766,0.00017662361,4.9261082e-08,9.893914e-08,1.518717e-08,0.004634115
2864,118_00779,118,779,2,RBBB,2,RBBB,0,N,0.9810033,0.9810033,0.012565783,0.002700445,0.00026475367,8.9908355e-08,1.1914387e-07,1.3164782e-08,0.0034654813
2865,118_00780,118,780,2,RBBB,2,RBBB,0,N,0.9661313,0.9661313,0.025808958,0.0017035367,0.00015462028,7.55921e-08,5.3425218e-08,9.8893285e-09,0.006201429
2866,118_00781,118,781,2,RBBB,2,RBBB,0,N,0.9847761,0.9847761,0.0077219773,0.0041901222,0.00019847618,5.400948e-08,5.311173e-08,1.0851125e-08,0.0031133818
2867,118_00782,118,782,2,RBBB,2,RBBB,0,N,0.98805463,0.98805463,0.0048621087,0.0040010065,0.00013982215,2.086551e-08,2.8564465e-08,3.8664143e-09,0.0029423237
2868,118_00783,118,783,2,RBBB,2,RBBB,0,N,0.98716307,0.98716307,0.004384984,0.0054218215,0.000113985996,2.0872383e-08,5.3111957e-08,3.7245529e-09,0.0029160343
2869,118_00784,118,784,2,RBBB,2,RBBB,0,N,0.9802442,0.9802442,0.010968581,0.004269832,0.00010367244,5.8987656e-08,5.2780866e-08,1.3499311e-08,0.004413558
2870,118_00785,118,785,2,RBBB,2,RBBB,0,N,0.9862683,0.9862683,0.0042041647,0.0035007917,0.00020110143,4.0186677e-08,1.4167041e-07,2.0784054e-08,0.0058255545
2871,118_00786,118,786,2,RBBB,2,RBBB,0,N,0.9882235,0.9882235,0.0034567385,0.0055888216,0.00016026059,2.5924916e-08,5.828869e-08,4.798336e-09,0.0025706508
2872,118_00787,118,787,2,RBBB,2,RBBB,0,N,0.9868905,0.9868905,0.0043564937,0.005731469,0.00011938323,2.6284164e-08,3.9570107e-08,3.856809e-09,0.0029020656
2873,118_00788,118,788,2,RBBB,2,RBBB,0,N,0.975293,0.975293,0.009083402,0.009277272,0.00014893667,5.422498e-08,6.410248e-08,1.4785798e-08,0.006197276
2874,118_00789,118,789,2,RBBB,2,RBBB,0,N,0.9788754,0.9788754,0.008080637,0.003624142,0.00025038735,5.001553e-08,1.2424688e-07,1.9778877e-08,0.009169241
2875,118_00790,118,790,2,RBBB,2,RBBB,0,N,0.9794435,0.9794435,0.010927976,0.005751992,0.00021621148,4.6539217e-08,6.071352e-08,4.981854e-09,0.0036603438
2876,118_00791,118,791,2,RBBB,2,RBBB,0,N,0.98149025,0.98149025,0.011262568,0.00345575,0.000118534124,2.2542162e-08,1.2728222e-08,2.6127018e-09,0.003672853
2877,118_00792,118,792,2,RBBB,2,RBBB,0,N,0.9860384,0.9860384,0.0061427252,0.004633996,9.443804e-05,2.5588667e-08,2.826169e-08,6.542797e-09,0.0030903737
2878,118_00793,118,793,2,RBBB,2,RBBB,0,N,0.98680866,0.98680866,0.0068206936,0.0029040591,0.00012992599,4.0955236e-08,5.6976873e-08,1.0667664e-08,0.003336637
2879,118_00794,118,794,2,RBBB,2,RBBB,0,N,0.98466504,0.98466504,0.0076345666,0.002004859,0.00016798761,3.201225e-08,4.3387892e-08,6.097537e-09,0.0055274353
2880,118_00795,118,795,3,APC,2,RBBB,0,N,0.9838785,0.9838785,0.0072288145,0.004609101,0.00020178827,2.829601e-08,4.771003e-08,5.2191123e-09,0.004081759
2881,118_00796,118,796,2,RBBB,3,APC,0,N,0.97176725,0.97176725,0.006112034,0.014971779,0.00015141566,1.2535988e-08,3.7580918e-08,2.0152242e-09,0.006997501
2882,118_00797,118,797,2,RBBB,2,RBBB,0,N,0.9643614,0.9643614,0.01514523,0.01492856,0.00013036228,7.44157e-08,5.4326676e-08,2.1741627e-08,0.005434185
2883,118_00798,118,798,2,RBBB,2,RBBB,0,N,0.96365446,0.96365446,0.024518399,0.0043700873,0.0002187943,1.337795e-07,1.5895316e-07,2.9005943e-08,0.0072379825
2884,118_00799,118,799,2,RBBB,2,RBBB,0,N,0.9775686,0.9775686,0.015937684,0.0026914112,0.00017721513,9.91612e-08,6.017575e-08,1.6749036e-08,0.0036249307
2885,118_00800,118,800,2,RBBB,2,RBBB,0,N,0.98299176,0.98299176,0.009509364,0.0038812412,0.00014910845,3.734192e-08,4.6063032e-08,6.35195e-09,0.0034684862
2886,118_00801,118,801,2,RBBB,2,RBBB,0,N,0.98228604,0.98228604,0.0063846377,0.009000867,7.650262e-05,1.7734086e-08,2.3433072e-08,1.960039e-09,0.0022519697
2887,118_00802,118,802,2,RBBB,2,RBBB,0,N,0.9704456,0.9704456,0.011801533,0.0121867955,0.00011009274,2.82557e-08,3.0483594e-08,6.238049e-09,0.0054559796
2888,118_00803,118,803,2,RBBB,2,RBBB,0,N,0.98279995,0.98279995,0.005000527,0.007962999,9.590139e-05,2.5718395e-08,5.8055097e-08,8.771548e-09,0.0041406318
2889,118_00804,118,804,2,RBBB,2,RBBB,0,N,0.98589975,0.98589975,0.0077529526,0.0041018655,9.039457e-05,3.540697e-08,3.4645993e-08,6.4533907e-09,0.002154923
2890,118_00805,118,805,2,RBBB,2,RBBB,0,N,0.9849802,0.9849802,0.008465263,0.003757794,7.527054e-05,3.6895084e-08,3.8784414e-08,5.4968137e-09,0.0027215257
2891,118_00806,118,806,2,RBBB,2,RBBB,0,N,0.9850287,0.9850287,0.005674741,0.0052689444,0.00016889299,2.21223e-08,4.640583e-08,4.5324944e-09,0.0038588222
2892,118_00807,118,807,2,RBBB,2,RBBB,0,N,0.9912439,0.9912439,0.0016601264,0.0050191917,5.612467e-05,4.9035878e-09,1.1967062e-08,7.9103896e-10,0.0020206203
2893,118_00808,118,808,2,RBBB,2,RBBB,0,N,0.9884603,0.9884603,0.005266936,0.0035661226,0.00015303351,6.688472e-09,1.3835001e-08,6.7475775e-10,0.0025536364
2894,118_00809,118,809,2,RBBB,2,RBBB,0,N,0.9829975,0.9829975,0.013444063,0.0014141649,8.221667e-05,3.6568224e-08,2.0068603e-08,3.9076102e-09,0.0020620788
2895,118_00810,118,810,2,RBBB,2,RBBB,0,N,0.9841841,0.9841841,0.0074521224,0.0035820964,0.0001321871,4.9790298e-08,8.190374e-08,7.4631945e-09,0.0046493663
2896,118_00811,118,811,2,RBBB,2,RBBB,0,N,0.9970936,0.9970936,0.0010905516,0.0010183272,9.775777e-05,1.2708339e-08,2.4260272e-08,2.735657e-09,0.00069978856
2897,118_00812,118,812,2,RBBB,2,RBBB,0,N,0.99765396,0.99765396,0.0017673149,0.0002625156,4.494819e-05,5.5236242e-09,1.3740482e-08,2.3662283e-10,0.0002712339
2898,118_00813,118,813,2,RBBB,2,RBBB,0,N,0.98021424,0.98021424,0.018664243,0.0003019324,3.104738e-05,3.6403257e-08,1.146006e-08,1.7519982e-09,0.00078853546
2899,118_00814,118,814,2,RBBB,2,RBBB,0,N,0.9841289,0.9841289,0.012521607,0.00089105347,6.781489e-05,4.1448857e-08,2.1154303e-08,5.4921676e-09,0.0023906908
2900,118_00815,118,815,2,RBBB,2,RBBB,0,N,0.9732931,0.9732931,0.02258522,0.0024978397,0.00014831268,1.3611812e-07,8.960706e-08,2.594809e-08,0.0014752625
2901,118_00816,118,816,2,RBBB,2,RBBB,0,N,0.9849146,0.9849146,0.010497327,0.0010939941,7.834651e-05,4.0222634e-08,3.5231068e-08,4.7890425e-09,0.0034157385
2902,118_00817,118,817,2,RBBB,2,RBBB,0,N,0.99138224,0.99138224,0.0044107907,0.002578768,0.00015908568,2.127387e-08,2.158495e-08,5.2913047e-09,0.0014691585
2903,118_00818,118,818,2,RBBB,2,RBBB,0,N,0.99718374,0.99718374,0.0012007168,0.000898505,4.872991e-05,4.6117017e-09,1.0818463e-08,6.8460454e-10,0.0006682043
2904,118_00819,118,819,2,RBBB,2,RBBB,0,N,0.9958777,0.9958777,0.0015408436,0.001477661,5.1958657e-05,8.463937e-09,1.709322e-08,1.3037407e-09,0.0010518824
2905,118_00820,118,820,2,RBBB,2,RBBB,0,N,0.99527013,0.99527013,0.0018582729,0.001569485,6.670568e-05,1.2532865e-08,2.4188761e-08,3.6059076e-09,0.0012354294
2906,118_00821,118,821,2,RBBB,2,RBBB,0,N,0.9960714,0.9960714,0.000909789,0.0017986656,4.98619e-05,2.2467446e-09,1.0532715e-08,2.4029903e-10,0.0011703549
2907,118_00822,118,822,2,RBBB,2,RBBB,0,N,0.9921815,0.9921815,0.0030788158,0.0036528802,4.736325e-05,5.796677e-09,7.2574435e-09,8.265776e-10,0.0010393283
2908,118_00823,118,823,2,RBBB,2,RBBB,0,N,0.9887147,0.9887147,0.0064535933,0.0023187979,3.9028473e-05,3.6070396e-08,2.9033673e-08,4.767597e-09,0.0024739315
2909,118_00824,118,824,2,RBBB,2,RBBB,0,N,0.98293084,0.98293084,0.0098297205,0.0023882643,0.00017202902,3.094098e-08,3.3739575e-08,5.1090345e-09,0.004679104
2910,118_00825,118,825,2,RBBB,2,RBBB,0,N,0.9915545,0.9915545,0.005293104,0.0012102292,0.0001327321,9.141179e-09,1.1164793e-08,1.0571274e-09,0.0018095474
2911,118_00826,118,826,3,APC,2,RBBB,0,N,0.99771154,0.99771154,0.0009251395,0.0005511673,3.0344008e-05,1.9940718e-09,4.5423816e-09,2.436179e-10,0.00078185083
2912,118_00827,118,827,2,RBBB,3,APC,0,N,0.9983879,0.9983879,0.0004929036,0.00057666015,5.9825594e-05,5.8196103e-10,3.7861287e-09,4.1747904e-11,0.00048272134
2913,118_00828,118,828,2,RBBB,2,RBBB,0,N,0.9953383,0.9953383,0.0025884227,0.0016733214,6.7014507e-06,7.4269915e-09,1.659802e-09,3.1082714e-10,0.00039321234
2914,118_00829,118,829,2,RBBB,2,RBBB,0,N,0.98251593,0.98251593,0.008296682,0.0019694143,0.00017636223,1.6655491e-08,3.553324e-08,4.819093e-09,0.007041574
2915,118_00830,118,830,2,RBBB,2,RBBB,0,N,0.9829903,0.9829903,0.007400693,0.003601305,0.00010949767,3.0535965e-08,9.345118e-08,1.49269e-08,0.005898099
2916,118_00831,118,831,2,RBBB,2,RBBB,0,N,0.989271,0.989271,0.005012186,0.0018509724,0.00020706633,3.8800763e-08,6.077984e-08,7.734367e-09,0.0036587967
2917,118_00832,118,832,2,RBBB,2,RBBB,0,N,0.996038,0.996038,0.0018798239,0.000499509,0.0002733847,9.490075e-09,1.6855306e-08,6.5866695e-10,0.0013093221
2918,118_00833,118,833,2,RBBB,2,RBBB,0,N,0.99549425,0.99549425,0.003412118,0.00035110404,0.00010866296,6.602077e-09,7.93827e-09,2.786928e-10,0.0006337381
2919,118_00834,118,834,2,RBBB,2,RBBB,0,N,0.9943837,0.9943837,0.0036836222,0.0005665041,3.1728563e-05,6.9972956e-09,8.344563e-09,6.1672495e-10,0.0013344174
2920,118_00835,118,835,2,RBBB,2,RBBB,0,N,0.993642,0.993642,0.0033350592,0.0013656148,9.524154e-05,1.40263925e-08,2.2650049e-08,2.4936058e-09,0.0015620043
2921,118_00836,118,836,2,RBBB,2,RBBB,0,N,0.9917764,0.9917764,0.0055806767,0.0008967535,7.39992e-05,2.5303873e-08,2.9018892e-08,3.1491643e-09,0.001672111
2922,118_00837,118,837,2,RBBB,2,RBBB,0,N,0.9831406,0.9831406,0.012720995,0.0016644617,0.00010687085,6.3638424e-08,4.8415497e-08,7.660839e-09,0.00236689
2923,118_00838,118,838,2,RBBB,2,RBBB,0,N,0.99213564,0.99213564,0.0046140016,0.00079658127,0.00013618064,2.1444619e-08,1.8619152e-08,3.6578907e-09,0.0023176023
2924,118_00839,118,839,2,RBBB,2,RBBB,0,N,0.996977,0.996977,0.0018289663,0.00037986328,6.18644e-05,6.720082e-09,9.16554e-09,6.8492884e-10,0.00075230974
2925,118_00840,118,840,2,RBBB,2,RBBB,0,N,0.9944216,0.9944216,0.0037127205,0.0009564462,4.493242e-05,1.3045494e-08,1.3224545e-08,1.4607995e-09,0.0008644431
2926,118_00841,118,841,2,RBBB,2,RBBB,0,N,0.99437696,0.99437696,0.0029984585,0.00071771344,4.147544e-05,1.0069198e-08,1.2424483e-08,1.6347934e-09,0.0018653799
2927,118_00842,118,842,3,APC,2,RBBB,0,N,0.994854,0.994854,0.0037944699,0.00034330806,7.9794954e-05,1.377868e-08,1.7440257e-08,1.8119671e-09,0.00092839595
2928,118_00843,118,843,2,RBBB,3,APC,0,N,0.967605,0.967605,0.027133452,0.0032233065,4.0547282e-05,3.210444e-08,1.8174072e-08,1.6272244e-09,0.0019977407
2929,118_00844,118,844,2,RBBB,2,RBBB,0,N,0.9443126,0.9443126,0.050955713,0.0024325936,8.585862e-05,6.268203e-08,1.6576042e-08,4.920839e-09,0.0022131375
2930,118_00845,118,845,2,RBBB,2,RBBB,0,N,0.98057556,0.98057556,0.014183186,0.0025159365,0.00019863008,6.641568e-08,5.591566e-08,8.382603e-09,0.0025264968
2931,118_00846,118,846,3,APC,2,RBBB,0,N,0.9941698,0.9941698,0.0026814872,0.0014943631,0.00011878732,2.1214106e-08,6.3789344e-08,4.110731e-09,0.0015354933
2932,118_00847,118,847,2,RBBB,3,APC,0,N,0.9896331,0.9896331,0.0073598535,0.0015110053,6.352379e-05,2.772864e-08,3.7883215e-08,2.5073148e-09,0.0014325303
2933,118_00848,118,848,2,RBBB,2,RBBB,0,N,0.98544455,0.98544455,0.010856071,0.0016016583,7.576951e-05,7.556244e-08,5.7932414e-08,1.1877254e-08,0.00202178
2934,118_00849,118,849,2,RBBB,2,RBBB,0,N,0.96569824,0.96569824,0.02610936,0.0048633595,0.00016006577,1.3751719e-07,9.6835265e-08,1.9738039e-08,0.0031686982
2935,118_00850,118,850,2,RBBB,2,RBBB,0,N,0.9582635,0.9582635,0.03312752,0.0041686026,0.00012713537,1.273292e-07,9.478188e-08,1.8270027e-08,0.004313074
2936,118_00851,118,851,2,RBBB,2,RBBB,0,N,0.9156145,0.9156145,0.07151493,0.0044757696,0.00017312785,1.1143897e-07,7.893695e-08,1.4759822e-08,0.008221467
2937,118_00852,118,852,2,RBBB,2,RBBB,0,N,0.9204359,0.9204359,0.0504382,0.016004032,0.00020660489,7.669278e-08,5.102072e-08,1.242045e-08,0.012915054
2938,118_00853,118,853,2,RBBB,2,RBBB,0,N,0.98046404,0.98046404,0.0071718255,0.009882132,0.00011774457,1.1488194e-08,5.79141e-09,1.7135807e-09,0.002364274
2939,118_00854,118,854,2,RBBB,2,RBBB,0,N,0.9675977,0.9675977,0.00886215,0.015612892,0.00011079563,1.2529717e-08,2.0002048e-08,1.6909102e-09,0.00781635
2940,118_00855,118,855,2,RBBB,2,RBBB,0,N,0.95862526,0.95862526,0.011755558,0.016725067,6.167577e-05,2.9191407e-08,6.310776e-08,8.217732e-09,0.01283224
2941,118_00856,118,856,2,RBBB,2,RBBB,0,N,0.9702463,0.9702463,0.017471163,0.004678831,0.00018374114,4.8721223e-08,4.0051386e-08,1.3829171e-08,0.007419992
2942,118_00857,118,857,2,RBBB,2,RBBB,0,N,0.9718587,0.9718587,0.02251248,0.0020450107,0.00019078855,8.95327e-08,4.685765e-08,1.2230942e-08,0.0033928268
2943,118_00858,118,858,2,RBBB,2,RBBB,0,N,0.9959419,0.9959419,0.0021399395,0.00044104588,6.133362e-05,2.2387403e-09,2.5101172e-09,1.5721571e-10,0.0014159055
2944,118_00859,118,859,2,RBBB,2,RBBB,0,N,0.988152,0.988152,0.009882811,0.0013988129,3.315075e-05,2.0611553e-08,8.886368e-09,1.3758166e-09,0.00053318037
2945,118_00860,118,860,2,RBBB,2,RBBB,0,N,0.9930426,0.9930426,0.004863842,0.0002613817,2.1475087e-05,6.4067343e-09,9.469136e-09,6.6854056e-10,0.0018106971
2946,118_00861,118,861,2,RBBB,2,RBBB,0,N,0.953266,0.953266,0.041865375,0.0028399522,5.776829e-05,1.0064197e-07,3.8076454e-08,8.5582155e-09,0.0019707433
2947,118_00862,118,862,2,RBBB,2,RBBB,0,N,0.97167027,0.97167027,0.024305334,0.0010313108,9.0693735e-05,5.3696166e-08,3.4983444e-08,6.7408648e-09,0.0029024002
2948,118_00863,118,863,2,RBBB,2,RBBB,0,N,0.97472835,0.97472835,0.021618344,0.0016558153,7.3644085e-05,4.5150387e-08,2.2223407e-08,4.3085984e-09,0.0019237694
2949,118_00864,118,864,2,RBBB,2,RBBB,0,N,0.93231475,0.93231475,0.062401954,0.0016730697,0.000104148756,7.0719565e-08,1.604318e-08,3.7235026e-09,0.0035059664
2950,118_00865,118,865,2,RBBB,2,RBBB,0,N,0.94912285,0.94912285,0.047837056,0.00044513898,9.279484e-05,8.7604256e-08,1.3885031e-08,6.956735e-09,0.0025019664
2951,118_00866,118,866,2,RBBB,2,RBBB,0,N,0.9082965,0.9082965,0.08760459,0.0011352601,0.00019286413,2.3502112e-07,4.496884e-08,1.4296322e-08,0.002770461
2952,118_00867,118,867,2,RBBB,2,RBBB,0,N,0.96733356,0.96733356,0.029844515,0.00034210278,9.168002e-05,7.271909e-08,2.1079474e-08,6.2222445e-09,0.0023880394
2953,118_00868,118,868,2,RBBB,2,RBBB,0,N,0.97337586,0.97337586,0.024497028,0.0008262544,7.791738e-05,4.8444562e-08,1.4170854e-08,2.8003397e-09,0.001222992
2954,118_00869,118,869,2,RBBB,2,RBBB,0,N,0.9897687,0.9897687,0.0087669995,0.00031266542,4.0600113e-05,1.0549201e-08,5.6485945e-09,8.401365e-10,0.0011110718
2955,118_00870,118,870,2,RBBB,2,RBBB,0,N,0.97090966,0.97090966,0.024392866,0.0020048486,6.7908455e-05,4.4322636e-08,2.05431e-08,3.2973413e-09,0.0026246794
2956,118_00871,118,871,2,RBBB,2,RBBB,0,N,0.98262966,0.98262966,0.010925043,0.0013078757,0.00013413033,2.3593286e-08,2.0029665e-08,4.2816364e-09,0.00500335
2957,118_00872,118,872,2,RBBB,2,RBBB,0,N,0.9892175,0.9892175,0.0074870246,0.0010389,0.00015999096,2.8009023e-08,3.4287673e-08,3.246977e-09,0.0020964562
2958,118_00873,118,873,2,RBBB,2,RBBB,0,N,0.9706479,0.9706479,0.024372453,0.0006117142,0.00017142978,3.7593516e-08,1.9381847e-08,2.2813875e-09,0.004196455
2959,118_00874,118,874,2,RBBB,2,RBBB,0,N,0.9593561,0.9593561,0.034178935,0.0018063092,0.00018076558,8.594761e-08,3.565201e-08,7.883083e-09,0.004477705
2960,118_00875,118,875,2,RBBB,2,RBBB,0,N,0.9752598,0.9752598,0.018906984,0.001717189,0.00011830481,3.070203e-08,1.4695663e-08,3.5612715e-09,0.003997695
2961,118_00876,118,876,2,RBBB,2,RBBB,0,N,0.9857227,0.9857227,0.01108763,0.0011099114,9.042696e-05,2.8017224e-08,1.4389525e-08,3.4104535e-09,0.0019892396
2962,118_00877,118,877,2,RBBB,2,RBBB,0,N,0.98225117,0.98225117,0.014028951,0.0010143918,0.00011509619,4.6197286e-08,2.7643651e-08,5.523797e-09,0.0025903042
2963,118_00878,118,878,2,RBBB,2,RBBB,0,N,0.9760554,0.9760554,0.019144595,0.0008927353,7.594599e-05,4.105961e-08,2.1579565e-08,3.906964e-09,0.0038314245
2964,118_00879,118,879,2,RBBB,2,RBBB,0,N,0.98208517,0.98208517,0.015341546,0.000775445,0.00012564965,5.4344326e-08,2.7667145e-08,6.0273093e-09,0.001672193
2965,118_00880,118,880,2,RBBB,2,RBBB,0,N,0.989546,0.989546,0.008533027,0.00033212305,6.270693e-05,2.963963e-08,1.3898412e-08,3.6657113e-09,0.001526055
2966,118_00881,118,881,2,RBBB,2,RBBB,0,N,0.9696215,0.9696215,0.027007597,0.0013197595,6.279235e-05,8.068492e-08,3.45349e-08,9.496328e-09,0.0019882622
2967,118_00882,118,882,2,RBBB,2,RBBB,0,N,0.9848134,0.9848134,0.012000057,0.00070264976,6.2459716e-05,2.5508275e-08,1.7655253e-08,3.7737693e-09,0.0024214464
2968,118_00883,118,883,2,RBBB,2,RBBB,0,N,0.9790725,0.9790725,0.018233832,0.00094256963,9.4402116e-05,3.666939e-08,1.3132959e-08,3.326535e-09,0.0016567368
2969,118_00884,118,884,2,RBBB,2,RBBB,0,N,0.9552764,0.9552764,0.03912187,0.001418467,9.6991454e-05,3.7841982e-08,1.8058318e-08,2.9015879e-09,0.004086134
2970,118_00885,118,885,2,RBBB,2,RBBB,0,N,0.9838757,0.9838757,0.01301986,0.0009603562,6.5024935e-05,3.374097e-08,1.41480125e-08,4.070961e-09,0.0020789343
2971,118_00886,118,886,2,RBBB,2,RBBB,0,N,0.98333853,0.98333853,0.014227661,0.0007885579,9.789416e-05,4.1924867e-08,1.3926773e-08,4.060567e-09,0.0015473472
2972,118_00887,118,887,2,RBBB,2,RBBB,0,N,0.9851405,0.9851405,0.011952056,0.0005691554,8.974914e-05,2.9071424e-08,1.7867292e-08,2.8543938e-09,0.002248559
2973,118_00888,118,888,3,APC,2,RBBB,0,N,0.97027344,0.97027344,0.02587071,0.0011618629,9.575363e-05,8.0948574e-08,3.2761687e-08,8.522143e-09,0.0025980673
2974,118_00889,118,889,2,RBBB,3,APC,0,N,0.93293494,0.93293494,0.05793838,0.0042718984,9.865895e-05,7.937996e-08,3.124012e-08,5.8034395e-09,0.0047559487
2975,118_00890,118,890,2,RBBB,2,RBBB,0,N,0.9481357,0.9481357,0.047239438,0.0022853448,8.379277e-05,1.1454167e-07,2.2519986e-08,1.3677937e-08,0.0022555187
2976,118_00891,118,891,2,RBBB,2,RBBB,0,N,0.9561347,0.9561347,0.03870468,0.0022381984,0.00015327163,1.3954414e-07,3.7046604e-08,1.2013515e-08,0.0027689796
2977,118_00892,118,892,2,RBBB,2,RBBB,0,N,0.97982556,0.97982556,0.017248498,0.0009229726,7.025702e-05,4.848917e-08,2.4169452e-08,6.959461e-09,0.0019327296
2978,118_00893,118,893,2,RBBB,2,RBBB,0,N,0.9766551,0.9766551,0.019701514,0.0010199579,9.526026e-05,5.3106515e-08,2.23299e-08,5.2121254e-09,0.0025281364
2979,118_00894,118,894,2,RBBB,2,RBBB,0,N,0.96948737,0.96948737,0.026566057,0.00079913245,0.00010662571,5.5761515e-08,2.2505251e-08,5.4298614e-09,0.0030408327
2980,118_00895,118,895,2,RBBB,2,RBBB,0,N,0.9657917,0.9657917,0.027949866,0.0026710127,0.00011324927,7.045994e-08,3.3595697e-08,8.94541e-09,0.0034740292
2981,118_00896,118,896,2,RBBB,2,RBBB,0,N,0.95890343,0.95890343,0.033426575,0.0031402037,9.625371e-05,9.759512e-08,3.7975884e-08,1.669175e-08,0.0044333404
2982,118_00897,118,897,2,RBBB,2,RBBB,0,N,0.96091026,0.96091026,0.03312713,0.0021245354,0.00014100602,8.3939454e-08,4.6955183e-08,9.824355e-09,0.003696966
2983,118_00898,118,898,2,RBBB,2,RBBB,0,N,0.97016925,0.97016925,0.02598958,0.0014762871,9.050382e-05,5.389085e-08,1.8536008e-08,4.948395e-09,0.002274424
2984,118_00899,118,899,2,RBBB,2,RBBB,0,N,0.95500726,0.95500726,0.040048566,0.0023297626,6.948693e-05,8.260504e-08,2.2211736e-08,6.4197634e-09,0.0025448673
2985,118_00900,118,900,2,RBBB,2,RBBB,0,N,0.9666385,0.9666385,0.02902454,0.0014709265,0.00010571971,7.251233e-08,3.149496e-08,8.66109e-09,0.0027601684
2986,118_00901,118,901,2,RBBB,2,RBBB,0,N,0.98814297,0.98814297,0.009921012,0.0008008065,4.014197e-05,2.7881962e-08,1.19266215e-08,2.2395914e-09,0.0010949998
2987,118_00902,118,902,2,RBBB,2,RBBB,0,N,0.98447114,0.98447114,0.0138206445,0.0007785962,6.306824e-05,3.9138065e-08,1.38839e-08,2.809946e-09,0.0008664341
2988,118_00903,118,903,2,RBBB,2,RBBB,0,N,0.9819249,0.9819249,0.014763474,0.00072916335,3.842692e-05,3.488324e-08,1.848149e-08,3.767835e-09,0.002543966
2989,118_00904,118,904,2,RBBB,2,RBBB,0,N,0.9849437,0.9849437,0.012386928,0.0012017702,5.8226782e-05,3.5688707e-08,1.9799113e-08,3.326342e-09,0.0014093006
2990,118_00905,118,905,2,RBBB,2,RBBB,0,N,0.98371625,0.98371625,0.013488221,0.0010841201,5.4117165e-05,3.525619e-08,2.1092704e-08,4.8649387e-09,0.0016572507
2991,118_00906,118,906,2,RBBB,2,RBBB,0,N,0.9801879,0.9801879,0.016022712,0.0012974702,7.370401e-05,5.9550835e-08,3.0973865e-08,1.0139831e-08,0.0024180724
2992,118_00907,118,907,2,RBBB,2,RBBB,0,N,0.9825808,0.9825808,0.013042217,0.0006505852,9.7767246e-05,6.5196964e-08,4.504259e-08,1.3050837e-08,0.0036284241
2993,118_00908,118,908,2,RBBB,2,RBBB,0,N,0.978513,0.978513,0.018125225,0.0013273989,0.00012296838,5.2650982e-08,2.9394926e-08,4.85709e-09,0.0019113632
2994,118_00909,118,909,2,RBBB,2,RBBB,0,N,0.984472,0.984472,0.0118678035,0.00042599672,0.0001340925,3.3814718e-08,1.9199655e-08,6.055745e-09,0.0031001086
2995,118_00910,118,910,2,RBBB,2,RBBB,0,N,0.9735544,0.9735544,0.02182537,0.0011752415,0.0001574673,9.17619e-08,5.93174e-08,1.0017031e-08,0.003287363
2996,118_00911,118,911,2,RBBB,2,RBBB,0,N,0.9711659,0.9711659,0.023968143,0.0008122028,0.00017149265,1.0665298e-07,4.4866347e-08,1.8012871e-08,0.0038821208
2997,118_00912,118,912,2,RBBB,2,RBBB,0,N,0.9853048,0.9853048,0.011176764,0.0007553758,0.00010696676,5.6985396e-08,3.5053752e-08,1.09077005e-08,0.0026560829
2998,118_00913,118,913,3,APC,2,RBBB,0,N,0.9887265,0.9887265,0.008881556,0.0008553789,9.100534e-05,1.9578442e-08,1.4026899e-08,2.3481173e-09,0.0014455045
2999,118_00914,118,914,2,RBBB,3,APC,0,N,0.97633344,0.97633344,0.019536903,0.0021350353,3.890703e-05,2.01262e-08,1.1435498e-08,1.3893409e-09,0.0019557446
3000,118_00915,118,915,2,RBBB,2,RBBB,0,N,0.96416634,0.96416634,0.032408897,0.0013722857,3.7836882e-05,3.1906012e-08,7.2137274e-09,2.3706002e-09,0.0020145483
3001,118_00916,118,916,2,RBBB,2,RBBB,0,N,0.96592593,0.96592593,0.031539895,0.0010174601,7.2462986e-05,4.967441e-08,1.5488533e-08,3.1609728e-09,0.0014442507
3002,118_00917,118,917,2,RBBB,2,RBBB,0,N,0.96563166,0.96563166,0.0317062,0.0006683707,4.7099376e-05,6.205131e-08,1.1746999e-08,6.157415e-09,0.0019465905
3003,118_00918,118,918,3,APC,2,RBBB,0,N,0.9718539,0.9718539,0.024761755,0.0015221363,8.946283e-05,1.10815776e-07,4.1628343e-08,1.2899648e-08,0.0017724414
3004,118_00919,118,919,2,RBBB,3,APC,0,N,0.95261586,0.95261586,0.04054372,0.0036683816,7.699986e-05,1.2801564e-07,4.5810005e-08,1.0384364e-08,0.003094905
3005,118_00920,118,920,2,RBBB,2,RBBB,0,N,0.95939237,0.95939237,0.036207277,0.0024392945,0.00011080905,1.3188466e-07,4.1585402e-08,1.1689477e-08,0.0018500912
3006,118_00921,118,921,3,APC,2,RBBB,0,N,0.9713471,0.9713471,0.02232783,0.0037058531,8.8960616e-05,1.0326043e-07,4.172441e-08,1.4986776e-08,0.002530101
3007,118_00922,118,922,2,RBBB,3,APC,0,N,0.9430812,0.9430812,0.04832164,0.0059990864,0.00021230154,2.1145297e-07,1.6237172e-07,2.6727673e-08,0.0023854459
3008,118_00923,118,923,3,APC,2,RBBB,0,N,0.92872244,0.92872244,0.06778391,0.00074678543,0.00010000129,9.45328e-07,1.980185e-07,1.2817559e-07,0.0026456246
3009,118_00924,118,924,2,RBBB,3,APC,0,N,0.84534687,0.84534687,0.15157014,0.0011329183,0.00032494147,3.2974453e-06,4.842105e-07,2.0978005e-07,0.0016210177
3010,118_00925,118,925,2,RBBB,2,RBBB,0,N,0.88935375,0.88935375,0.10757728,0.0007014067,0.0002597552,2.1421415e-06,9.0203145e-07,2.8782992e-07,0.002104488
3011,118_00926,118,926,2,RBBB,2,RBBB,0,N,0.9803889,0.9803889,0.016637357,0.0005781975,0.00013915196,3.9506443e-07,3.436929e-07,1.327765e-07,0.0022556416
3012,118_00927,118,927,2,RBBB,2,RBBB,0,N,0.94083905,0.94083905,0.0499912,0.004802676,0.00041858974,1.084079e-06,8.492762e-07,1.3843865e-07,0.0039463863
3013,118_00928,118,928,2,RBBB,2,RBBB,0,N,0.9836035,0.9836035,0.010592916,0.0021520036,0.0002645845,1.0820818e-07,2.0061803e-07,2.8162718e-08,0.0033866311
3014,118_00929,118,929,2,RBBB,2,RBBB,0,N,0.9844469,0.9844469,0.008634956,0.004554016,0.00017301142,1.17336015e-07,1.4764412e-07,2.5072069e-08,0.0021908476
3015,118_00930,118,930,2,RBBB,2,RBBB,0,N,0.99486494,0.99486494,0.00402422,0.0006910349,5.8079117e-05,1.3012584e-08,5.6054987e-09,5.8465865e-10,0.00036168363
3016,118_00931,118,931,2,RBBB,2,RBBB,0,N,0.9465672,0.9465672,0.04865459,0.0025241487,6.7738285e-05,1.9990007e-07,5.2250094e-08,1.650979e-08,0.0021860858
3017,118_00932,118,932,2,RBBB,2,RBBB,0,N,0.9862063,0.9862063,0.009756815,0.00044342643,0.00024224384,1.1448665e-07,1.75692e-07,3.5040486e-08,0.0033508744
3018,118_00933,118,933,2,RBBB,2,RBBB,0,N,0.9836531,0.9836531,0.009668753,0.000892463,0.00027577605,7.305515e-08,1.525216e-07,5.6531375e-09,0.0055095856
3019,118_00934,118,934,2,RBBB,2,RBBB,0,N,0.9769059,0.9769059,0.01896327,0.001087461,0.0005168551,1.04342185e-07,5.6004488e-08,7.0624178e-09,0.0025263738
3020,118_00935,118,935,2,RBBB,2,RBBB,0,N,0.99506575,0.99506575,0.0031696341,0.00046571967,8.874114e-05,1.7529286e-08,2.1518415e-08,2.579698e-09,0.0012101694
3021,118_00936,118,936,2,RBBB,2,RBBB,0,N,0.9945794,0.9945794,0.004011045,0.0004619391,6.312249e-05,3.786291e-08,2.224776e-08,6.415768e-09,0.0008844609
3022,118_00937,118,937,2,RBBB,2,RBBB,0,N,0.9732571,0.9732571,0.02316243,0.0010765737,8.746037e-05,1.5485978e-07,1.0882661e-07,1.2781757e-08,0.0024162761
3023,118_00938,118,938,2,RBBB,2,RBBB,0,N,0.9694462,0.9694462,0.027535385,0.0006167975,0.00015183754,1.7097173e-07,7.588314e-08,2.5318865e-08,0.0022496132
3024,118_00939,118,939,2,RBBB,2,RBBB,0,N,0.9932909,0.9932909,0.0042056935,0.0006118452,0.00010565744,2.9079619e-08,3.843631e-08,3.278425e-09,0.0017857627
3025,118_00940,118,940,2,RBBB,2,RBBB,0,N,0.9988991,0.9988991,0.00059102266,0.00022708692,7.788727e-05,7.927453e-09,9.258555e-09,1.2841408e-09,0.00020488142
3026,118_00941,118,941,3,APC,2,RBBB,0,N,0.99564195,0.99564195,0.0031183944,0.00055337657,3.179405e-05,2.1311024e-08,3.8777205e-08,2.7637637e-09,0.00065443007
3027,118_00942,118,942,2,RBBB,3,APC,0,N,0.98776287,0.98776287,0.010591344,0.0005057251,3.512799e-05,8.186143e-08,8.066564e-08,1.26982025e-08,0.0011047032
3028,118_00943,118,943,2,RBBB,2,RBBB,0,N,0.9400381,0.9400381,0.052986205,0.0008774837,0.00023724572,1.9114736e-07,9.683238e-08,3.611715e-08,0.0058606938
3029,118_00944,118,944,2,RBBB,2,RBBB,0,N,0.83162755,0.83162755,0.08400646,0.0746926,0.00019983618,4.1572113e-07,3.1004924e-07,3.4275672e-08,0.009472857
3030,118_00945,118,945,2,RBBB,2,RBBB,0,N,0.9386902,0.9386902,0.049995746,0.008717699,0.00030173425,1.2178018e-07,2.639006e-08,1.1114439e-08,0.0022945288
3031,118_00946,118,946,2,RBBB,2,RBBB,0,N,0.989584,0.989584,0.006348933,0.0013137078,0.00016684577,5.0080292e-08,1.1164566e-07,8.544669e-09,0.0025864101
3032,118_00947,118,947,2,RBBB,2,RBBB,0,N,0.9873243,0.9873243,0.007759891,0.0031911484,5.766524e-05,4.8966992e-08,5.199551e-08,9.056187e-09,0.001666979
3033,118_00948,118,948,2,RBBB,2,RBBB,0,N,0.9815925,0.9815925,0.0037085668,0.012903108,1.6925194e-05,2.5030422e-09,6.1092997e-09,3.0720765e-10,0.0017788977
3034,118_00949,118,949,2,RBBB,2,RBBB,0,N,0.9360536,0.9360536,0.040847722,0.022113608,3.4104833e-05,2.0267613e-08,5.5886726e-09,7.103574e-10,0.0009509724
3035,118_00950,118,950,2,RBBB,2,RBBB,0,N,0.9031555,0.9031555,0.086309776,0.0062335497,0.0001816658,2.962277e-07,6.529153e-08,3.3444728e-08,0.004119166
3036,118_00951,118,951,2,RBBB,2,RBBB,0,N,0.9962224,0.9962224,0.0025945925,0.0005779893,5.4248238e-05,7.960475e-08,6.1260764e-08,1.4308461e-08,0.00055057165
3037,118_00952,118,952,2,RBBB,2,RBBB,0,N,0.9606755,0.9606755,0.03417398,0.0014455036,0.00010733985,4.0909495e-07,1.790952e-07,5.6569437e-08,0.0035970607
3038,118_00953,118,953,3,APC,2,RBBB,0,N,0.9971532,0.9971532,0.002202655,0.00022955473,8.41962e-05,6.818048e-08,7.508584e-08,2.541312e-08,0.00033015304
3039,118_00954,118,954,2,RBBB,3,APC,0,N,0.83131576,0.83131576,0.15169865,0.011819723,0.00012651521,1.8410171e-06,1.2805049e-06,3.0132472e-07,0.005035808
3040,118_00955,118,955,2,RBBB,2,RBBB,0,N,0.95746094,0.95746094,0.03966565,0.0013512635,0.00015855793,4.896134e-07,1.9464224e-07,9.464905e-08,0.0013628186
3041,118_00956,118,956,2,RBBB,2,RBBB,0,N,0.98519367,0.98519367,0.009952641,0.0039666686,5.170379e-05,1.12315526e-07,9.9132755e-08,2.0505055e-08,0.000835087
3042,118_00957,118,957,2,RBBB,2,RBBB,0,N,0.9948126,0.9948126,0.003940741,0.0007325256,8.686613e-05,1.3730552e-07,9.314047e-08,5.0998036e-08,0.00042706676
3043,118_00958,118,958,2,RBBB,2,RBBB,0,N,0.98411745,0.98411745,0.013229872,0.00035843396,0.00010324897,3.891574e-07,5.5997106e-07,1.112114e-07,0.0021900018
3044,118_00959,118,959,3,APC,2,RBBB,0,N,0.9909854,0.9909854,0.0062699914,0.0011703176,0.00012877282,2.5938888e-07,2.972604e-07,7.207464e-08,0.0014450302
3045,118_00960,118,960,2,RBBB,3,APC,0,N,0.98877466,0.98877466,0.008867876,0.0016930166,0.00014693564,1.3452944e-07,7.508528e-08,2.1509543e-08,0.0005173143
3046,118_00961,118,961,2,RBBB,2,RBBB,0,N,0.9713343,0.9713343,0.025342708,0.002338645,3.876855e-05,4.1810117e-07,3.977283e-07,7.36934e-08,0.00094475294
3047,118_00962,118,962,2,RBBB,2,RBBB,0,N,0.99191463,0.99191463,0.0039016034,0.0019635123,9.624121e-05,1.14766706e-07,1.892396e-07,3.837566e-08,0.0021237638
3048,118_00963,118,963,2,RBBB,2,RBBB,0,N,0.97208756,0.97208756,0.016927052,0.010109615,0.00019352688,3.0266142e-07,5.668076e-07,7.2548595e-08,0.0006811864
3049,118_00964,118,964,2,RBBB,2,RBBB,0,N,0.99413186,0.99413186,0.004347532,0.000719892,3.848124e-05,1.04111244e-07,1.9450356e-07,2.7852622e-08,0.00076178473
3050,118_00965,118,965,3,APC,2,RBBB,0,N,0.9659503,0.9659503,0.024587808,0.008308022,9.4422125e-05,5.489937e-07,2.4919262e-07,1.0205721e-07,0.0010585705
3051,118_00966,118,966,2,RBBB,3,APC,0,N,0.92234176,0.92234176,0.045480482,0.028046539,0.0001800001,2.2475038e-07,4.0752417e-07,2.6995608e-08,0.0039505744
3052,118_00967,118,967,2,RBBB,2,RBBB,1,LBBB,0.565564,0.32957608,0.565564,0.10327954,0.000115077564,3.276673e-06,1.8034932e-06,2.7059738e-07,0.0014599208
3053,118_00968,118,968,2,RBBB,2,RBBB,0,N,0.67151505,0.67151505,0.31110755,0.004070098,0.00064489665,1.5447318e-05,5.6920585e-06,5.5407436e-06,0.012635794
3054,118_00969,118,969,2,RBBB,2,RBBB,0,N,0.85820156,0.85820156,0.11089955,0.029544039,0.00044847417,5.803784e-06,4.1079625e-06,1.5392243e-06,0.0008948457
3055,118_00970,118,970,2,RBBB,2,RBBB,0,N,0.988763,0.988763,0.0049875285,0.0033349656,0.00018806149,3.4013075e-07,6.127231e-07,2.70088e-07,0.0027252
3056,118_00971,118,971,2,RBBB,2,RBBB,0,N,0.98547316,0.98547316,0.004666148,0.00808636,0.00020474172,2.7385542e-07,1.7215825e-06,1.3701634e-07,0.0015675368
3057,118_00972,118,972,2,RBBB,2,RBBB,0,N,0.995323,0.995323,0.003959863,0.00023584279,0.00013782707,1.5614165e-07,2.2004471e-07,2.212073e-08,0.00034311536
3058,118_00973,118,973,3,APC,2,RBBB,0,N,0.98579913,0.98579913,0.012338594,0.00036882827,5.1843086e-05,2.0546646e-07,1.3744177e-07,3.564239e-08,0.0014412537
3059,118_00974,118,974,2,RBBB,3,APC,0,N,0.95137316,0.95137316,0.038431965,0.008332718,0.00024520222,6.755058e-07,5.1693246e-07,1.0038735e-07,0.001615774
3060,118_00975,118,975,2,RBBB,2,RBBB,0,N,0.9641111,0.9641111,0.032003734,0.0014101189,9.264508e-05,3.3347044e-07,1.4746044e-07,6.0760534e-08,0.002381839
3061,118_00976,118,976,2,RBBB,2,RBBB,0,N,0.9638922,0.9638922,0.03137432,0.0025681958,0.00017937909,5.003769e-07,2.2255819e-07,7.578591e-08,0.0019850193
3062,118_00977,118,977,2,RBBB,2,RBBB,0,N,0.96555334,0.96555334,0.031723984,0.0017529975,9.601814e-05,3.0905022e-07,1.0632197e-07,3.1300576e-08,0.0008731499
3063,118_00978,118,978,2,RBBB,2,RBBB,0,N,0.98781884,0.98781884,0.010055769,0.00077367335,5.4262586e-05,1.0566426e-07,6.788916e-08,2.2507177e-08,0.001297246
3064,118_00979,118,979,3,APC,2,RBBB,0,N,0.9725237,0.9725237,0.022269718,0.0043047555,0.000116286436,2.9397185e-07,2.1010784e-07,3.672723e-08,0.0007849702
3065,118_00980,118,980,2,RBBB,3,APC,0,N,0.98663986,0.98663986,0.012133603,0.0004942697,4.2717737e-05,1.970451e-07,6.11245e-08,1.6812335e-08,0.0006892965
3066,118_00981,118,981,2,RBBB,2,RBBB,0,N,0.959639,0.959639,0.037773114,0.001450861,7.046392e-05,6.67424e-07,2.4291137e-07,1.0716622e-07,0.0010654533
3067,118_00982,118,982,2,RBBB,2,RBBB,0,N,0.95959985,0.95959985,0.036506526,0.0019007671,9.2707036e-05,4.3085606e-07,2.859214e-07,7.6220516e-08,0.001899378
3068,118_00983,118,983,2,RBBB,2,RBBB,0,N,0.97129285,0.97129285,0.025641177,0.001415679,8.837507e-05,3.262561e-07,1.1051135e-07,5.772002e-08,0.001561306
3069,118_00984,118,984,2,RBBB,2,RBBB,0,N,0.98367,0.98367,0.01307927,0.0018215155,0.000108779685,1.4995719e-07,8.7753506e-08,2.0243043e-08,0.001320239
3070,118_00985,118,985,2,RBBB,2,RBBB,0,N,0.9865428,0.9865428,0.011285023,0.00091693405,4.7587764e-05,1.034117e-07,4.6845713e-08,1.6383032e-08,0.001207496
3071,118_00986,118,986,2,RBBB,2,RBBB,0,N,0.98549426,0.98549426,0.01265906,0.00066905486,6.626177e-05,1.5722648e-07,7.864964e-08,2.5919134e-08,0.0011110471
3072,118_00987,118,987,2,RBBB,2,RBBB,0,N,0.932844,0.932844,0.06308108,0.0019486408,0.000109836554,5.335407e-07,2.0449008e-07,5.212043e-08,0.0020156915
3073,118_00988,118,988,2,RBBB,2,RBBB,0,N,0.9668375,0.9668375,0.030917902,0.0007523353,9.2168244e-05,2.9752258e-07,6.836085e-08,4.288934e-08,0.0013995757
3074,118_00989,118,989,2,RBBB,2,RBBB,0,N,0.9427633,0.9427633,0.05342129,0.0015938728,0.00010377618,5.4024247e-07,1.341006e-07,9.7127554e-08,0.0021170077
3075,118_00990,118,990,2,RBBB,2,RBBB,0,N,0.93963736,0.93963736,0.054676972,0.0030534677,0.00014680559,8.1202654e-07,3.007738e-07,1.8887971e-07,0.0024840848
3076,118_00991,118,991,2,RBBB,2,RBBB,0,N,0.97292274,0.97292274,0.023780366,0.0013522478,0.00011894152,4.1371808e-07,1.3105026e-07,6.312001e-08,0.0018250941
3077,118_00992,118,992,2,RBBB,2,RBBB,0,N,0.97776806,0.97776806,0.020621914,0.0006415846,0.000114870985,3.7162138e-07,9.30253e-08,4.221458e-08,0.0008531453
3078,118_00993,118,993,2,RBBB,2,RBBB,0,N,0.9859747,0.9859747,0.012315965,0.0004648768,6.301655e-05,1.3132393e-07,6.9716755e-08,2.1308526e-08,0.0011812416
3079,118_00994,118,994,2,RBBB,2,RBBB,0,N,0.97627664,0.97627664,0.020534972,0.0014733649,9.145844e-05,2.396531e-07,1.1054082e-07,4.1924324e-08,0.0016231267
3080,118_00995,118,995,2,RBBB,2,RBBB,0,N,0.98878455,0.98878455,0.009411498,0.0006384222,6.365445e-05,9.582004e-08,4.260911e-08,1.5343245e-08,0.0011016664
3081,118_00996,118,996,2,RBBB,2,RBBB,0,N,0.9770469,0.9770469,0.020155167,0.0015556172,0.00011124808,2.514294e-07,1.1991325e-07,3.672715e-08,0.0011306072
3082,118_00997,118,997,2,RBBB,2,RBBB,0,N,0.98514265,0.98514265,0.013019679,0.00039292919,5.309997e-05,1.5686415e-07,5.8655605e-08,3.1428076e-08,0.0013914324
3083,118_00998,118,998,2,RBBB,2,RBBB,0,N,0.96942824,0.96942824,0.027671486,0.0015552494,0.00013425449,2.754945e-07,1.2733058e-07,3.2356546e-08,0.0012103277
3084,118_00999,118,999,2,RBBB,2,RBBB,0,N,0.98594993,0.98594993,0.012440555,0.0005792111,6.737554e-05,2.046612e-07,6.558856e-08,3.845199e-08,0.00096256356
3085,118_01000,118,1000,2,RBBB,2,RBBB,0,N,0.9699868,0.9699868,0.026701577,0.00089511095,9.549212e-05,3.776827e-07,1.633788e-07,6.843404e-08,0.0023204351
3086,118_01001,118,1001,2,RBBB,2,RBBB,0,N,0.88441384,0.88441384,0.11022806,0.002831205,0.00026097824,2.5238971e-06,7.974619e-07,4.383091e-07,0.0022620768
3087,118_01002,118,1002,2,RBBB,2,RBBB,0,N,0.9250795,0.9250795,0.06952165,0.0010784916,0.00019059706,1.8822155e-06,4.899028e-07,3.31136e-07,0.004127027
3088,118_01003,118,1003,2,RBBB,2,RBBB,0,N,0.9190616,0.9190616,0.075790666,0.0017505946,0.0003956985,2.3924572e-06,7.190484e-07,4.6641506e-07,0.0029978433
3089,118_01004,118,1004,2,RBBB,2,RBBB,0,N,0.94973534,0.94973534,0.04546735,0.0018265392,0.00019159453,8.1132566e-07,3.279672e-07,1.3169763e-07,0.0027778873
3090,118_01005,118,1005,3,APC,2,RBBB,0,N,0.9695352,0.9695352,0.027130323,0.0012275841,0.00016580377,6.4920147e-07,1.8798609e-07,1.2027061e-07,0.0019402346
3091,118_01006,118,1006,2,RBBB,3,APC,0,N,0.9590847,0.9590847,0.038263015,0.0011655396,0.00017231367,7.083138e-07,2.8298325e-07,4.7826433e-08,0.0013133533
3092,118_01007,118,1007,2,RBBB,2,RBBB,0,N,0.95845675,0.95845675,0.039420493,0.0007213746,9.734258e-05,7.2698685e-07,1.8575726e-07,1.009835e-07,0.001303038
3093,118_01008,118,1008,2,RBBB,2,RBBB,0,N,0.9301673,0.9301673,0.0636498,0.0036079246,0.00014578785,7.9475035e-07,3.9305343e-07,1.5854584e-07,0.0024278406
3094,118_01009,118,1009,2,RBBB,2,RBBB,0,N,0.9190174,0.9190174,0.0762921,0.0016981267,0.00017642279,1.101156e-06,3.2109128e-07,1.835134e-07,0.002814319
3095,118_01010,118,1010,2,RBBB,2,RBBB,0,N,0.92457515,0.92457515,0.072371446,0.0010614074,0.00018731477,1.1270855e-06,2.716815e-07,1.7563303e-07,0.0018031159
3096,118_01011,118,1011,2,RBBB,2,RBBB,0,N,0.94961524,0.94961524,0.04731085,0.0007917046,0.00014211405,9.242362e-07,2.6774575e-07,2.0121101e-07,0.0021386892
3097,118_01012,118,1012,2,RBBB,2,RBBB,0,N,0.93877816,0.93877816,0.057469193,0.0013742516,0.00019314846,1.0609634e-06,3.3145528e-07,1.5649537e-07,0.0021838103
3098,118_01013,118,1013,2,RBBB,2,RBBB,0,N,0.9557923,0.9557923,0.04134862,0.0012061778,0.00014864544,5.296579e-07,1.388065e-07,6.4303535e-08,0.0015034005
3099,118_01014,118,1014,2,RBBB,2,RBBB,0,N,0.9244836,0.9244836,0.07024771,0.0019171615,0.00019012926,1.1570379e-06,3.5247098e-07,2.0610689e-07,0.00315975
3100,118_01015,118,1015,2,RBBB,2,RBBB,0,N,0.8769332,0.8769332,0.11626272,0.0022973502,0.00028905406,2.2599465e-06,7.2467856e-07,4.6963783e-07,0.004214226
3101,118_01016,118,1016,2,RBBB,2,RBBB,0,N,0.8783905,0.8783905,0.11541612,0.0017974642,0.0002780474,2.420459e-06,5.8103865e-07,4.2138157e-07,0.0041144034
3102,118_01017,118,1017,2,RBBB,2,RBBB,0,N,0.898634,0.898634,0.096965045,0.0022527832,0.00020717077,1.4051296e-06,2.7267697e-07,1.6225677e-07,0.0019391668
3103,118_01018,118,1018,2,RBBB,2,RBBB,0,N,0.9210193,0.9210193,0.07462558,0.002022608,0.00018859774,1.1143896e-06,3.328881e-07,2.0865086e-07,0.0021422887
3104,118_01019,118,1019,2,RBBB,2,RBBB,0,N,0.95659655,0.95659655,0.039897874,0.00089097105,0.00011607837,8.2399845e-07,2.5143768e-07,1.8315835e-07,0.0024972619
3105,118_01020,118,1020,2,RBBB,2,RBBB,0,N,0.9584319,0.9584319,0.03876407,0.0012538317,0.00017283538,5.17116e-07,1.4793132e-07,4.986308e-08,0.0013765775
3106,118_01021,118,1021,2,RBBB,2,RBBB,0,N,0.96351993,0.96351993,0.03462747,0.0005159916,9.946411e-05,4.0563316e-07,1.13460395e-07,5.337429e-08,0.0012365306
3107,118_01022,118,1022,2,RBBB,2,RBBB,0,N,0.97879195,0.97879195,0.017974706,0.00029941605,0.00015331898,3.1276278e-07,1.7709276e-07,9.080588e-08,0.0027800344
3108,118_01023,118,1023,2,RBBB,2,RBBB,0,N,0.981817,0.981817,0.015884584,0.00064531434,0.0001524683,2.3361662e-07,1.14388726e-07,2.3436183e-08,0.0015002672
3109,118_01024,118,1024,3,APC,2,RBBB,0,N,0.99553245,0.99553245,0.0031828976,0.00013670724,0.00015082219,2.7519473e-08,2.1053278e-08,4.8179376e-09,0.0009971595
3110,118_01025,118,1025,2,RBBB,3,APC,0,N,0.9962232,0.9962232,0.0030733894,0.00031851453,5.8738893e-05,3.645068e-08,5.178977e-08,3.995945e-09,0.00032604954
3111,118_01026,118,1026,2,RBBB,2,RBBB,0,N,0.9874106,0.9874106,0.011434033,0.0002414172,2.8563918e-05,1.10869884e-07,4.7508603e-08,1.2446067e-08,0.00088523066
3112,118_01027,118,1027,2,RBBB,2,RBBB,0,N,0.984265,0.984265,0.014165369,0.0007178789,0.00010209137,2.41568e-07,8.6709655e-08,4.082373e-08,0.0007492904
3113,118_01028,118,1028,2,RBBB,2,RBBB,0,N,0.9936304,0.9936304,0.005468447,0.00023254256,5.0492505e-05,1.11546136e-07,5.5804218e-08,2.1843661e-08,0.0006180194
3114,118_01029,118,1029,2,RBBB,2,RBBB,0,N,0.9851641,0.9851641,0.013560903,0.00043056218,6.436166e-05,2.5765576e-07,1.9148756e-07,4.1092363e-08,0.0007796738
3115,118_01030,118,1030,2,RBBB,2,RBBB,0,N,0.9541186,0.9541186,0.043407362,0.0004446495,8.508033e-05,1.0356136e-06,3.056257e-07,1.8650104e-07,0.0019428186
3116,118_01031,118,1031,2,RBBB,2,RBBB,0,N,0.9403297,0.9403297,0.055467892,0.0008656108,0.00021777664,1.0635684e-06,3.8653513e-07,2.0676893e-07,0.0031174724
3117,118_01032,118,1032,2,RBBB,2,RBBB,0,N,0.96703607,0.96703607,0.029951867,0.0012963569,0.00022588413,6.36961e-07,1.9880254e-07,1.008457e-07,0.0014887694
3118,118_01033,118,1033,2,RBBB,2,RBBB,0,N,0.98334837,0.98334837,0.014923591,0.00026277217,0.00010760818,2.728923e-07,8.395528e-08,4.7820855e-08,0.0013572425
3119,118_01034,118,1034,2,RBBB,2,RBBB,0,N,0.97216177,0.97216177,0.025968952,0.0008493545,0.00012938498,6.086162e-07,2.8983789e-07,7.883176e-08,0.00088956
3120,118_01035,118,1035,2,RBBB,2,RBBB,0,N,0.97409135,0.97409135,0.023680173,0.00044704732,0.00013439472,5.9550223e-07,2.5042107e-07,1.273405e-07,0.0016461213
3121,118_01036,118,1036,2,RBBB,2,RBBB,0,N,0.97223014,0.97223014,0.025659777,0.00045807296,0.000105424224,6.0966346e-07,2.0247529e-07,1.00851366e-07,0.0015456862
3122,118_01037,118,1037,2,RBBB,2,RBBB,0,N,0.9386806,0.9386806,0.058064193,0.0013125861,0.00037082576,1.4454773e-06,4.843248e-07,1.8395487e-07,0.0015695358
3123,118_01038,118,1038,2,RBBB,2,RBBB,0,N,0.97208905,0.97208905,0.025358615,0.00035136408,0.000110798894,5.4913755e-07,1.6409776e-07,8.607587e-08,0.0020893153
3124,118_01039,118,1039,2,RBBB,2,RBBB,0,N,0.9486144,0.9486144,0.047917515,0.0013309672,0.0002781241,9.383954e-07,3.7762968e-07,1.1153517e-07,0.0018577654
3125,118_01040,118,1040,2,RBBB,2,RBBB,0,N,0.96421885,0.96421885,0.03299602,0.0007398342,0.00014224242,5.674331e-07,1.6250642e-07,7.9935354e-08,0.0019022216
3126,118_01041,118,1041,2,RBBB,2,RBBB,0,N,0.91524494,0.91524494,0.08028943,0.0011276932,0.00024628325,1.8013261e-06,4.5077928e-07,2.4192784e-07,0.0030891164
3127,118_01042,118,1042,2,RBBB,2,RBBB,0,N,0.9047482,0.9047482,0.090233594,0.0012424708,0.0003528742,2.8813058e-06,7.460218e-07,4.5914766e-07,0.0034187522
3128,118_01043,118,1043,2,RBBB,2,RBBB,0,N,0.94352704,0.94352704,0.051287178,0.00082269637,0.00026729528,1.4049638e-06,3.8270224e-07,2.1763708e-07,0.0040938747
3129,118_01044,118,1044,2,RBBB,2,RBBB,0,N,0.9391785,0.9391785,0.05708484,0.0013912899,0.00044149894,1.3972193e-06,4.5253225e-07,1.5439304e-07,0.0019019161
3130,118_01045,118,1045,2,RBBB,2,RBBB,0,N,0.95575,0.95575,0.040869374,0.00042609207,0.00017102616,7.517837e-07,2.0163385e-07,1.0705202e-07,0.0027823804
3131,118_01046,118,1046,2,RBBB,2,RBBB,0,N,0.9188161,0.9188161,0.076687634,0.001194244,0.00034598456,1.8181942e-06,5.1854715e-07,2.2563306e-07,0.0029533773
3132,118_01047,118,1047,2,RBBB,2,RBBB,0,N,0.87723434,0.87723434,0.11656336,0.0014836118,0.00042825722,3.0065007e-06,6.637485e-07,4.3446167e-07,0.0042862273
3133,118_01048,118,1048,2,RBBB,2,RBBB,0,N,0.9204845,0.9204845,0.072894305,0.00082378613,0.0004165304,2.1703138e-06,5.991346e-07,3.3697432e-07,0.0053777113
3134,118_01049,118,1049,2,RBBB,2,RBBB,0,N,0.85354525,0.85354525,0.14118952,0.0017325656,0.0007362059,6.4109236e-06,1.3606574e-06,9.003574e-07,0.0027878105
3135,118_01050,118,1050,2,RBBB,2,RBBB,0,N,0.89261997,0.89261997,0.101251036,0.0006714093,0.00021996771,2.2215347e-06,4.2686506e-07,3.6188925e-07,0.005234516
3136,118_01051,118,1051,2,RBBB,2,RBBB,0,N,0.87159127,0.87159127,0.122178316,0.002744847,0.00045083792,3.7257196e-06,1.0872345e-06,7.655262e-07,0.0030290654
3137,118_01052,118,1052,2,RBBB,2,RBBB,0,N,0.93766266,0.93766266,0.058759805,0.0006093523,0.00023022687,1.3135143e-06,3.1579887e-07,2.2060196e-07,0.0027362274
3138,118_01053,118,1053,2,RBBB,2,RBBB,0,N,0.913124,0.913124,0.08301654,0.001048759,0.00027181822,1.3171486e-06,3.4574717e-07,1.4724316e-07,0.0025369758
3139,118_01054,118,1054,2,RBBB,2,RBBB,0,N,0.9387403,0.9387403,0.058182966,0.0008146017,0.00018220425,8.6841294e-07,1.520582e-07,1.11416334e-07,0.0020787474
3140,118_01055,118,1055,2,RBBB,2,RBBB,0,N,0.94791406,0.94791406,0.049057007,0.00069429254,0.00016909033,7.0187895e-07,1.2745197e-07,8.061495e-08,0.002164707
3141,118_01056,118,1056,2,RBBB,2,RBBB,0,N,0.9351847,0.9351847,0.06236295,0.0010077072,0.000183418,1.0399024e-06,1.9964676e-07,9.2262e-08,0.0012597883
3142,118_01057,118,1057,2,RBBB,2,RBBB,0,N,0.94449204,0.94449204,0.05193535,0.00034560735,0.00013215025,7.845076e-07,1.7697515e-07,1.109679e-07,0.0030938147
3143,118_01058,118,1058,2,RBBB,2,RBBB,0,N,0.8753439,0.8753439,0.119634315,0.001775263,0.00034221224,1.7917553e-06,5.5037077e-07,2.3991922e-07,0.0029016559
3144,118_01059,118,1059,2,RBBB,2,RBBB,0,N,0.93065625,0.93065625,0.065750636,0.0006916554,0.00015425267,1.0085784e-06,1.8129587e-07,1.4917502e-07,0.0027458037
3145,118_01060,118,1060,2,RBBB,2,RBBB,0,N,0.89945394,0.89945394,0.09744062,0.00089544203,0.00027105754,1.6874347e-06,3.02014e-07,1.8295954e-07,0.0019366298
3146,118_01061,118,1061,2,RBBB,2,RBBB,0,N,0.854824,0.854824,0.14079961,0.001269312,0.0002622095,2.7454983e-06,6.242983e-07,3.3108836e-07,0.0028411031
3147,118_01062,118,1062,2,RBBB,2,RBBB,0,N,0.88107234,0.88107234,0.11511021,0.00090565067,0.00020708429,2.666661e-06,4.91963e-07,3.8305532e-07,0.0027011782
3148,118_01063,118,1063,2,RBBB,2,RBBB,0,N,0.704611,0.704611,0.2890568,0.0016727145,0.0005138123,6.3851244e-06,1.359115e-06,8.652888e-07,0.004137121
3149,118_01064,118,1064,2,RBBB,2,RBBB,0,N,0.77081,0.77081,0.22151215,0.0010803766,0.00039297866,4.919875e-06,1.1492803e-06,9.612986e-07,0.006197331
3150,118_01065,118,1065,2,RBBB,2,RBBB,0,N,0.73313767,0.73313767,0.2617809,0.0019371767,0.00050427136,7.781204e-06,1.2178027e-06,1.0450278e-06,0.0026299462
3151,118_01066,118,1066,2,RBBB,2,RBBB,0,N,0.9097054,0.9097054,0.086382,0.00061334384,0.00034695,2.9745906e-06,7.909635e-07,4.573993e-07,0.0029482
3152,118_01067,118,1067,2,RBBB,2,RBBB,0,N,0.93873024,0.93873024,0.05868295,0.00066578924,0.00018844247,1.5804636e-06,3.825634e-07,2.1171691e-07,0.0017304712
3153,118_01068,118,1068,2,RBBB,2,RBBB,0,N,0.9759302,0.9759302,0.02273211,0.00048130966,0.00010889374,3.8657592e-07,1.3246338e-07,4.412855e-08,0.000746995
3154,118_01069,118,1069,2,RBBB,2,RBBB,0,N,0.96821797,0.96821797,0.029728014,0.00041570218,0.000109199675,5.564468e-07,1.7727703e-07,8.856378e-08,0.0015283717
3155,118_01070,118,1070,3,APC,2,RBBB,0,N,0.95079863,0.95079863,0.0467579,0.00046736834,0.00011220745,9.417713e-07,2.81141e-07,1.53764e-07,0.001862605
3156,118_01071,118,1071,2,RBBB,3,APC,0,N,0.85490537,0.85490537,0.14121222,0.0021754901,0.00017006006,2.1042633e-06,4.060565e-07,1.4527893e-07,0.0015341471
3157,118_01072,118,1072,2,RBBB,2,RBBB,0,N,0.905644,0.905644,0.09062259,0.0012976042,0.00014342007,2.008115e-06,6.053492e-07,3.0726795e-07,0.0022895164
3158,118_01073,118,1073,2,RBBB,2,RBBB,0,N,0.8996053,0.8996053,0.0963806,0.0012300437,0.00025909062,1.8470444e-06,6.2513107e-07,2.743269e-07,0.0025222918
3159,118_01074,118,1074,2,RBBB,2,RBBB,0,N,0.9293906,0.9293906,0.06789452,0.00082851,0.00014275867,1.072755e-06,2.868801e-07,1.6260252e-07,0.0017420532
3160,118_01075,118,1075,3,APC,2,RBBB,0,N,0.9065498,0.9065498,0.08973961,0.00208414,0.00016825866,2.1538162e-06,4.542119e-07,3.6685913e-07,0.0014552424
3161,118_01076,118,1076,2,RBBB,3,APC,0,N,0.8283909,0.8283909,0.16604136,0.0014868273,0.00023884642,2.5942363e-06,6.22581e-07,2.1813776e-07,0.0038385459
3162,118_01077,118,1077,2,RBBB,2,RBBB,0,N,0.9345913,0.9345913,0.06287308,0.000779371,0.000181699,2.4183075e-06,7.127e-07,3.5196618e-07,0.0015710955
3163,118_01078,118,1078,2,RBBB,2,RBBB,0,N,0.9456751,0.9456751,0.051480718,0.00069912686,0.00024365647,9.550873e-07,2.7826425e-07,1.2210879e-07,0.0019001437
3164,118_01079,118,1079,2,RBBB,2,RBBB,0,N,0.9522244,0.9522244,0.045528032,0.00056157744,0.00011601302,6.6734805e-07,1.5446228e-07,6.760106e-08,0.0015691734
3165,118_01080,118,1080,2,RBBB,2,RBBB,0,N,0.9708613,0.9708613,0.02709209,0.0005019856,0.00015267878,5.3648114e-07,1.5554353e-07,1.0676137e-07,0.0013911382
3166,118_01081,118,1081,2,RBBB,2,RBBB,0,N,0.9588883,0.9588883,0.0382205,0.0007260824,0.00012578601,5.6753595e-07,2.6425414e-07,9.0041105e-08,0.0020384246
3167,118_01082,118,1082,2,RBBB,2,RBBB,0,N,0.9495735,0.9495735,0.048211824,0.00059747853,0.00013180329,8.365614e-07,2.1462004e-07,1.0663992e-07,0.001484267
3168,118_01083,118,1083,2,RBBB,2,RBBB,0,N,0.92586344,0.92586344,0.0713957,0.0007126438,0.00015678164,1.002947e-06,2.398569e-07,1.12592915e-07,0.0018701303
3169,118_01084,118,1084,3,APC,2,RBBB,0,N,0.922517,0.922517,0.07445243,0.0008910309,0.00019644113,1.1807748e-06,3.0936624e-07,1.8220416e-07,0.0019413708
3170,118_01085,118,1085,2,RBBB,3,APC,0,N,0.87164503,0.87164503,0.12360904,0.0013496934,0.00013440989,9.043029e-07,2.2631237e-07,1.02730375e-07,0.0032605724
3171,118_01086,118,1086,2,RBBB,2,RBBB,0,N,0.7741118,0.7741118,0.21930906,0.0042221877,0.00011929148,2.6334446e-06,3.6051446e-07,3.9765817e-07,0.0022342352
3172,118_01087,118,1087,2,RBBB,2,RBBB,0,N,0.9335643,0.9335643,0.06113651,0.002113457,0.00025972212,9.963503e-07,2.659123e-07,1.892217e-07,0.002924535
3173,118_01088,118,1088,2,RBBB,2,RBBB,0,N,0.9466057,0.9466057,0.05067796,0.001498279,0.00013144835,7.328535e-07,1.937525e-07,8.8758995e-08,0.001085782
3174,118_01089,118,1089,2,RBBB,2,RBBB,0,N,0.9901681,0.9901681,0.0074304435,0.00076296355,7.094819e-05,9.12654e-08,7.505669e-08,2.711605e-08,0.0015672764
3175,118_01090,118,1090,2,RBBB,2,RBBB,0,N,0.99132204,0.99132204,0.007156064,0.0009011394,9.948973e-05,8.7812055e-08,7.9750606e-08,2.0830196e-08,0.00052091567
3176,118_01091,118,1091,2,RBBB,2,RBBB,0,N,0.966164,0.966164,0.032000463,0.000651994,5.593856e-05,3.8631424e-07,1.3830072e-07,3.7463273e-08,0.001126969
3177,118_01092,118,1092,2,RBBB,2,RBBB,0,N,0.84671044,0.84671044,0.14940652,0.001565746,0.00023182711,2.6698463e-06,4.6329666e-07,4.4297965e-07,0.0020818042
3178,118_01093,118,1093,2,RBBB,2,RBBB,0,N,0.93531096,0.93531096,0.061410245,0.0006331887,0.00020476406,1.5544446e-06,4.249809e-07,2.4322676e-07,0.00243864
3179,118_01094,118,1094,2,RBBB,2,RBBB,0,N,0.8965569,0.8965569,0.099918954,0.0011033312,0.00025931947,2.001898e-06,5.115881e-07,2.5697193e-07,0.002158735
3180,118_01095,118,1095,2,RBBB,2,RBBB,0,N,0.9374376,0.9374376,0.059176892,0.00091451267,0.00013497657,9.293354e-07,2.9624047e-07,1.4026371e-07,0.0023346164
3181,118_01096,118,1096,2,RBBB,2,RBBB,0,N,0.91446614,0.91446614,0.0804719,0.0021143008,0.00025626394,1.3307673e-06,4.0794532e-07,2.115567e-07,0.0026894987
3182,118_01097,118,1097,2,RBBB,2,RBBB,0,N,0.91175526,0.91175526,0.08403553,0.0011086392,0.00020170516,1.3782882e-06,3.3126082e-07,2.1248985e-07,0.0028969815
3183,118_01098,118,1098,2,RBBB,2,RBBB,0,N,0.8791199,0.8791199,0.117024034,0.0010237809,0.00017989664,2.2871866e-06,4.580249e-07,3.4290315e-07,0.0026491985
3184,118_01099,118,1099,2,RBBB,2,RBBB,0,N,0.899256,0.899256,0.09640605,0.0012754672,0.00035216275,1.6232764e-06,4.5702592e-07,2.220999e-07,0.002708045
3185,118_01100,118,1100,3,APC,2,RBBB,0,N,0.9634941,0.9634941,0.033499815,0.000689129,0.00012770126,3.5785663e-07,1.16641665e-07,6.048168e-08,0.0021888164
3186,118_01101,118,1101,2,RBBB,3,APC,0,N,0.8929707,0.8929707,0.10080306,0.0046974462,0.00016113497,7.570805e-07,2.4491018e-07,5.4582053e-08,0.0013666672
3187,118_01102,118,1102,2,RBBB,2,RBBB,0,N,0.90087634,0.90087634,0.096483186,0.0011689316,7.462333e-05,9.3908506e-07,1.4776059e-07,1.2273357e-07,0.0013956964
3188,118_01103,118,1103,2,RBBB,2,RBBB,0,N,0.817029,0.817029,0.17486167,0.003909785,0.000298866,2.3948428e-06,7.2929436e-07,3.8884127e-07,0.0038970856
3189,118_01104,118,1104,2,RBBB,2,RBBB,0,N,0.8873279,0.8873279,0.106936984,0.0020511253,0.000298574,1.8730116e-06,5.2170026e-07,3.3928652e-07,0.0033827014
3190,118_01105,118,1105,2,RBBB,2,RBBB,0,N,0.8983186,0.8983186,0.09724642,0.0018546816,0.00020194172,1.3973973e-06,4.0313952e-07,2.0008918e-07,0.0023763096
3191,118_01106,118,1106,2,RBBB,2,RBBB,0,N,0.85611695,0.85611695,0.13881883,0.0016598545,0.00026932068,2.6106293e-06,6.277304e-07,4.588205e-07,0.0031312827
3192,118_01107,118,1107,2,RBBB,2,RBBB,0,N,0.8443953,0.8443953,0.14824808,0.0018761476,0.00024749825,2.74521e-06,6.2551095e-07,4.1461098e-07,0.0052291993
3193,118_01108,118,1108,2,RBBB,2,RBBB,0,N,0.7937893,0.7937893,0.19953121,0.003952088,0.00045037232,4.1527965e-06,8.049443e-07,5.4521695e-07,0.0022714438
3194,118_01109,118,1109,2,RBBB,2,RBBB,0,N,0.9364052,0.9364052,0.059233166,0.00068173866,0.00016496258,1.542845e-06,3.3154603e-07,2.568913e-07,0.0035128088
3195,118_01110,118,1110,2,RBBB,2,RBBB,0,N,0.92719984,0.92719984,0.06927294,0.0011338755,0.0002750597,1.5458525e-06,3.7960206e-07,1.8398401e-07,0.0021162028
3196,118_01111,118,1111,2,RBBB,2,RBBB,0,N,0.9486561,0.9486561,0.04888668,0.0008151674,0.00011564575,5.8951775e-07,1.3526605e-07,6.218166e-08,0.0015256399
3197,118_01112,118,1112,2,RBBB,2,RBBB,0,N,0.97380286,0.97380286,0.024358368,0.00041319986,0.00010472466,3.981725e-07,9.408586e-08,5.248086e-08,0.0013203116
3198,118_01113,118,1113,2,RBBB,2,RBBB,0,N,0.94269776,0.94269776,0.05457464,0.00069457985,0.00012535561,6.635762e-07,1.779096e-07,9.063037e-08,0.0019066859
3199,118_01114,118,1114,2,RBBB,2,RBBB,0,N,0.9496381,0.9496381,0.047624215,0.00084632443,9.28872e-05,4.919032e-07,1.2465273e-07,6.513319e-08,0.0017978152
3200,118_01115,118,1115,2,RBBB,2,RBBB,0,N,0.9104,0.9104,0.086137824,0.0014838085,0.00019111969,9.417684e-07,1.7688824e-07,1.0994496e-07,0.0017860575
3201,118_01116,118,1116,2,RBBB,2,RBBB,0,N,0.9344689,0.9344689,0.06200057,0.0006032939,0.00013531504,7.6947833e-07,1.60513e-07,1.0555791e-07,0.0027907654
3202,118_01117,118,1117,2,RBBB,2,RBBB,0,N,0.87056917,0.87056917,0.12528421,0.001645927,0.00020885102,1.8677057e-06,3.5714623e-07,2.446481e-07,0.0022893227
3203,118_01118,118,1118,2,RBBB,2,RBBB,0,N,0.8266464,0.8266464,0.16711748,0.002206441,0.0002694929,2.445449e-06,5.2415254e-07,3.217323e-07,0.0037569853
3204,118_01119,118,1119,3,APC,2,RBBB,0,N,0.87653345,0.87653345,0.11872896,0.0008812178,0.0002243998,2.3284626e-06,3.402264e-07,3.213853e-07,0.0036290956
3205,118_01120,118,1120,2,RBBB,3,APC,0,N,0.66653925,0.66653925,0.32383382,0.005281098,0.00043963466,3.0261774e-06,7.186615e-07,1.8707686e-07,0.0039022646
3206,118_01121,118,1121,2,RBBB,2,RBBB,0,N,0.8056709,0.8056709,0.18888271,0.0016041829,0.00016126691,2.5436452e-06,2.9278837e-07,3.6141986e-07,0.0036777763
3207,118_01122,118,1122,2,RBBB,2,RBBB,0,N,0.8010829,0.8010829,0.19179107,0.002775655,0.00042457637,3.2517173e-06,6.692282e-07,3.6219888e-07,0.0039214524
3208,118_01123,118,1123,2,RBBB,2,RBBB,0,N,0.9361776,0.9361776,0.061679456,0.00059326395,0.00022838663,9.5193366e-07,1.78085e-07,1.177462e-07,0.0013199116
3209,118_01124,118,1124,2,RBBB,2,RBBB,0,N,0.9530697,0.9530697,0.044606194,0.00045860652,0.000114102855,8.7180683e-07,2.1425105e-07,1.2298968e-07,0.0017501019
3210,118_01125,118,1125,2,RBBB,2,RBBB,0,N,0.9159786,0.9159786,0.08069838,0.0012017499,0.00023749408,1.713788e-06,5.3504016e-07,2.1465122e-07,0.0018813354
3211,118_01126,118,1126,2,RBBB,2,RBBB,0,N,0.92779624,0.92779624,0.06824208,0.00075332425,0.00023573081,1.5175691e-06,3.8496532e-07,2.2501025e-07,0.002970382
3212,118_01127,118,1127,2,RBBB,2,RBBB,0,N,0.8267254,0.8267254,0.16860509,0.0016596927,0.00027025325,3.4757045e-06,8.064836e-07,4.2939914e-07,0.0027349265
3213,118_01128,118,1128,2,RBBB,2,RBBB,0,N,0.86311734,0.86311734,0.13231726,0.00091041846,0.00025051626,2.8356285e-06,5.846719e-07,4.9464404e-07,0.0034004883
3214,118_01129,118,1129,2,RBBB,2,RBBB,0,N,0.87850964,0.87850964,0.11747234,0.0014227072,0.00022475843,2.1417616e-06,5.180335e-07,2.6226135e-07,0.002367674
3215,118_01130,118,1130,2,RBBB,2,RBBB,0,N,0.81922317,0.81922317,0.17559884,0.0017768906,0.00043947858,3.1414693e-06,9.0943604e-07,3.7874509e-07,0.0029572807
3216,118_01131,118,1131,2,RBBB,2,RBBB,0,N,0.9170741,0.9170741,0.07854896,0.00047407352,0.0001725722,1.2744167e-06,2.8859625e-07,1.7698882e-07,0.0037285818
3217,118_01132,118,1132,2,RBBB,2,RBBB,0,N,0.9030863,0.9030863,0.092919014,0.0011578646,0.00037659757,1.7453137e-06,3.7483514e-07,2.2813894e-07,0.0024578918
3218,118_01133,118,1133,2,RBBB,2,RBBB,0,N,0.92583376,0.92583376,0.07101244,0.0008982388,0.00022599073,1.1233967e-06,2.7073443e-07,1.15209275e-07,0.0020281475
3219,118_01134,118,1134,2,RBBB,2,RBBB,0,N,0.89288414,0.89288414,0.1029931,0.00046310225,0.00021951093,1.6538878e-06,2.809201e-07,2.0608233e-07,0.0034380015
3220,118_01135,118,1135,2,RBBB,2,RBBB,0,N,0.8242017,0.8242017,0.17081602,0.0015899581,0.00028779826,3.140367e-06,5.44429e-07,3.363701e-07,0.003100469
3221,118_01136,118,1136,2,RBBB,2,RBBB,0,N,0.92031723,0.92031723,0.07611344,0.000761781,0.00021494571,1.1491749e-06,1.8057405e-07,1.251689e-07,0.002591146
3222,118_01137,118,1137,2,RBBB,2,RBBB,0,N,0.9012774,0.9012774,0.09515474,0.0011780129,0.0002790551,1.8962076e-06,4.6711875e-07,2.3066923e-07,0.0021081096
3223,118_01138,118,1138,2,RBBB,2,RBBB,0,N,0.93334705,0.93334705,0.06262449,0.0004181806,0.00014784103,1.1824754e-06,2.5895255e-07,1.7681677e-07,0.003460743
3224,118_01139,118,1139,2,RBBB,2,RBBB,0,N,0.9277718,0.9277718,0.06904985,0.0010006904,0.00022911078,1.1221746e-06,2.858508e-07,1.2987722e-07,0.0019470404
3225,118_01140,118,1140,2,RBBB,2,RBBB,0,N,0.9210281,0.9210281,0.07533622,0.00090753735,0.0002039041,8.6405225e-07,2.0445172e-07,9.7807614e-08,0.0025230008
3226,118_01141,118,1141,2,RBBB,2,RBBB,0,N,0.9482228,0.9482228,0.048765127,0.0004919763,0.00013997061,5.8953293e-07,1.2162718e-07,7.464725e-08,0.0023793278
3227,118_01142,118,1142,2,RBBB,2,RBBB,0,N,0.92614466,0.92614466,0.071271926,0.00088770635,0.00019791732,8.818861e-07,1.285158e-07,6.60529e-08,0.0014966422
3228,118_01143,118,1143,2,RBBB,2,RBBB,0,N,0.9360764,0.9360764,0.061802905,0.00036914408,0.00010242708,5.956109e-07,8.820873e-08,5.917967e-08,0.0016484514
3229,118_01144,118,1144,2,RBBB,2,RBBB,0,N,0.9046934,0.9046934,0.09229236,0.0007162999,0.00013704448,1.4304686e-06,2.8121377e-07,2.0203113e-07,0.002159001
3230,118_01145,118,1145,2,RBBB,2,RBBB,0,N,0.9410013,0.9410013,0.056215238,0.0005429956,0.00014255737,8.476036e-07,1.4467112e-07,1.1056052e-07,0.0020967342
3231,118_01146,118,1146,2,RBBB,2,RBBB,0,N,0.9298861,0.9298861,0.06762869,0.0011708133,0.00015821967,6.6928584e-07,1.5657281e-07,6.2251374e-08,0.0011552643
3232,118_01147,118,1147,2,RBBB,2,RBBB,0,N,0.8806126,0.8806126,0.11592188,0.0010863235,0.0001837745,2.0982359e-06,3.9375874e-07,3.0742683e-07,0.0021926714
3233,118_01148,118,1148,2,RBBB,2,RBBB,0,N,0.9065539,0.9065539,0.08897324,0.00044518558,0.00012802833,2.1424723e-06,3.69906e-07,3.524232e-07,0.0038967496
3234,118_01149,118,1149,2,RBBB,2,RBBB,0,N,0.94934404,0.94934404,0.04766771,0.0016199208,0.00030077697,1.0857793e-06,2.9291266e-07,1.3356325e-07,0.0010659581
3235,118_01150,118,1150,2,RBBB,2,RBBB,0,N,0.9550553,0.9550553,0.04251137,0.00078385696,9.297259e-05,5.7295796e-07,1.636238e-07,8.826404e-08,0.0015556859
3236,118_01151,118,1151,2,RBBB,2,RBBB,0,N,0.8855851,0.8855851,0.11054396,0.0008219364,0.00010381687,1.165578e-06,3.626605e-07,1.8602583e-07,0.0029433637
3237,118_01152,118,1152,2,RBBB,2,RBBB,0,N,0.88549554,0.88549554,0.11084032,0.0015697002,0.00016684165,1.1364392e-06,2.5496988e-07,1.8481066e-07,0.001926093
3238,118_01153,118,1153,2,RBBB,2,RBBB,0,N,0.8537097,0.8537097,0.14264472,0.0015483405,0.00015586497,1.7347496e-06,1.772006e-07,1.9561789e-07,0.0019392326
3239,118_01154,118,1154,2,RBBB,2,RBBB,0,N,0.8688288,0.8688288,0.12755175,0.0010479984,0.00026251597,2.403926e-06,4.7819196e-07,3.6232086e-07,0.0023056539
3240,118_01155,118,1155,3,APC,2,RBBB,0,N,0.90468377,0.90468377,0.09155976,0.0007637467,0.00012768601,1.4802644e-06,3.4792913e-07,2.5681638e-07,0.0028628965
3241,118_01156,118,1156,2,RBBB,3,APC,0,N,0.77862227,0.77862227,0.21791181,0.0022450371,0.00017902939,3.4435209e-06,5.713578e-07,2.0890343e-07,0.0010375967
3242,118_01157,118,1157,2,RBBB,2,RBBB,0,N,0.76240885,0.76240885,0.23256458,0.0009427331,0.00024846024,5.6091744e-06,1.7132959e-06,7.9642615e-07,0.003827243
3243,118_01158,118,1158,2,RBBB,2,RBBB,0,N,0.8253405,0.8253405,0.17094065,0.0015091078,0.00023689319,4.791964e-06,8.411846e-07,6.0170674e-07,0.0019665498
3244,118_01159,118,1159,2,RBBB,2,RBBB,0,N,0.83399683,0.83399683,0.16110018,0.0014615569,0.00039147903,4.2130305e-06,6.183892e-07,5.9601524e-07,0.0030444718
3245,118_01160,118,1160,2,RBBB,2,RBBB,0,N,0.94023204,0.94023204,0.056468956,0.000745611,0.00031937397,1.1963692e-06,2.7061768e-07,1.7901002e-07,0.002232331
3246,118_01161,118,1161,2,RBBB,2,RBBB,0,N,0.83101207,0.83101207,0.16489376,0.0011013936,0.00025353924,3.1432305e-06,6.568932e-07,3.10615e-07,0.0027351624
3247,118_01162,118,1162,2,RBBB,2,RBBB,0,N,0.85898954,0.85898954,0.13574354,0.00062011665,0.00031125703,4.1936028e-06,6.839995e-07,6.109589e-07,0.004330138
3248,118_01163,118,1163,2,RBBB,2,RBBB,0,N,0.8858962,0.8858962,0.11005847,0.001025872,0.00038575399,3.112682e-06,6.5389634e-07,4.715789e-07,0.0026295225
3249,118_01164,118,1164,2,RBBB,2,RBBB,0,N,0.90230423,0.90230423,0.0946101,0.0005794206,0.00022852418,2.284329e-06,4.2958735e-07,3.1730843e-07,0.002274691
3250,118_01165,118,1165,2,RBBB,2,RBBB,0,N,0.947095,0.947095,0.051040705,0.0003646708,0.00015057051,1.131062e-06,2.129526e-07,1.65513e-07,0.0013475325
3251,118_01166,118,1166,2,RBBB,2,RBBB,0,N,0.9585364,0.9585364,0.039590828,0.00063168147,8.0823535e-05,5.9703046e-07,1.4476356e-07,8.7787306e-08,0.0011595851
3252,118_01167,118,1167,2,RBBB,2,RBBB,0,N,0.9238998,0.9238998,0.07308164,0.0013957344,0.00014268444,8.9222056e-07,2.4867134e-07,1.3112823e-07,0.0014787233
3253,118_01168,118,1168,2,RBBB,2,RBBB,0,N,0.86935323,0.86935323,0.12707019,0.0013427957,0.00013055914,1.929114e-06,4.298544e-07,2.3262865e-07,0.002100605
3254,118_01169,118,1169,2,RBBB,2,RBBB,0,N,0.71038765,0.71038765,0.28276893,0.002097318,0.00037246186,5.7737493e-06,1.0314719e-06,7.7434026e-07,0.004366074
3255,118_01170,118,1170,2,RBBB,2,RBBB,0,N,0.8868644,0.8868644,0.10834571,0.0011925378,0.00024253421,2.7275016e-06,5.5434805e-07,5.101087e-07,0.0033510074
3256,118_01171,118,1171,2,RBBB,2,RBBB,0,N,0.81149167,0.81149167,0.18291329,0.0021562802,0.0003998353,4.127698e-06,7.9253084e-07,5.3722573e-07,0.0030334536
3257,118_01172,118,1172,2,RBBB,2,RBBB,0,N,0.90350366,0.90350366,0.09206192,0.0009069685,0.00021365554,2.0519772e-06,4.4097584e-07,2.75752e-07,0.003310961
3258,118_01173,118,1173,2,RBBB,2,RBBB,0,N,0.95625997,0.95625997,0.04098973,0.0004247244,0.00019221845,1.0434651e-06,2.5190883e-07,2.2321927e-07,0.0021318179
3259,118_01174,118,1174,2,RBBB,2,RBBB,0,N,0.91617125,0.91617125,0.08140374,0.00068492815,0.0002861535,2.3537334e-06,7.031283e-07,2.7420361e-07,0.0014504646
3260,118_01175,118,1175,2,RBBB,2,RBBB,0,N,0.93479043,0.93479043,0.06279403,0.00017611835,0.00013218384,1.50589e-06,2.5432988e-07,1.492924e-07,0.0021054095
3261,118_01176,118,1176,2,RBBB,2,RBBB,0,N,0.9444987,0.9444987,0.053297017,0.00054623757,0.0002583139,1.2304154e-06,2.9947978e-07,1.6406366e-07,0.0013979333
3262,118_01177,118,1177,2,RBBB,2,RBBB,0,N,0.9287847,0.9287847,0.068455555,0.00090709416,8.8643086e-05,6.5078984e-07,1.3453973e-07,6.895381e-08,0.0017630683
3263,118_01178,118,1178,2,RBBB,2,RBBB,0,N,0.92834806,0.92834806,0.06904113,0.00078757864,0.00015754245,8.7890857e-07,1.5160487e-07,1.265786e-07,0.0016644791
3264,118_01179,118,1179,2,RBBB,2,RBBB,0,N,0.88493705,0.88493705,0.1120334,0.00089893787,0.000197386,3.2112291e-06,4.7319853e-07,4.868279e-07,0.0019290966
3265,118_01180,118,1180,2,RBBB,2,RBBB,0,N,0.8592003,0.8592003,0.1376498,0.0007750614,0.00018639679,3.2622743e-06,6.0800346e-07,3.8371644e-07,0.0021841521
3266,118_01181,118,1181,2,RBBB,2,RBBB,0,N,0.94973713,0.94973713,0.04825095,0.0005018683,0.00017765809,1.5260409e-06,3.3934617e-07,3.224985e-07,0.0013303634
3267,118_01182,118,1182,2,RBBB,2,RBBB,0,N,0.8397448,0.8397448,0.15581009,0.0018754238,0.00021437477,3.0204453e-06,8.550448e-07,3.9176788e-07,0.0023510752
3268,118_01183,118,1183,2,RBBB,2,RBBB,0,N,0.838787,0.838787,0.15563452,0.00084680796,0.00031853223,4.4079875e-06,8.818237e-07,6.501558e-07,0.0044071707
3269,118_01184,118,1184,2,RBBB,2,RBBB,0,N,0.8875302,0.8875302,0.10839215,0.0010228537,0.00028657776,2.2703225e-06,3.479594e-07,3.1160107e-07,0.0027653575
3270,118_01185,118,1185,2,RBBB,2,RBBB,0,N,0.869788,0.869788,0.12589093,0.0016348568,0.0001895083,1.6069622e-06,2.6836986e-07,1.9007308e-07,0.0024946998
3271,118_01186,118,1186,2,RBBB,2,RBBB,0,N,0.92105615,0.92105615,0.07629323,0.0004718434,0.00016243309,8.2438294e-07,1.475712e-07,1.2121313e-07,0.0020152922
3272,118_01187,118,1187,3,APC,2,RBBB,0,N,0.81968963,0.81968963,0.17673437,0.0013337067,0.00018676279,1.8760106e-06,4.144958e-07,2.0366456e-07,0.0020530892
3273,118_01188,118,1188,2,RBBB,3,APC,0,N,0.5434154,0.5434154,0.4487821,0.0026019132,0.00027403803,4.3020395e-06,8.0622607e-07,4.874578e-07,0.004920882
3274,118_01189,118,1189,2,RBBB,2,RBBB,0,N,0.6937471,0.6937471,0.29867756,0.0038742253,0.00020498883,6.2429312e-06,7.206724e-07,8.31342e-07,0.003488406
3275,118_01190,118,1190,2,RBBB,2,RBBB,0,N,0.84172547,0.84172547,0.15175757,0.00232586,0.000680235,2.6522955e-06,6.2901483e-07,5.083702e-07,0.0035071776
3276,118_01191,118,1191,2,RBBB,2,RBBB,0,N,0.9226088,0.9226088,0.07252403,0.0016824121,0.00023009822,1.4368162e-06,6.221168e-07,3.0614055e-07,0.0029522635
3277,118_01192,118,1192,2,RBBB,2,RBBB,0,N,0.96922857,0.96922857,0.028667862,0.0005811124,8.681689e-05,8.273963e-07,1.747711e-07,1.7281273e-07,0.0014344685
3278,118_01193,118,1193,2,RBBB,2,RBBB,0,N,0.9648131,0.9648131,0.032573346,0.00063640386,0.0002659393,6.675662e-07,2.527229e-07,1.04203664e-07,0.0017102535
3279,118_01194,118,1194,2,RBBB,2,RBBB,0,N,0.94597286,0.94597286,0.05147709,0.00091758685,8.995521e-05,5.647907e-07,1.8703655e-07,7.4840194e-08,0.0015416287
3280,118_01195,118,1195,2,RBBB,2,RBBB,0,N,0.89000577,0.89000577,0.105976075,0.0011712904,0.00018945745,1.9634156e-06,4.1616647e-07,3.792225e-07,0.0026545676
3281,118_01196,118,1196,2,RBBB,2,RBBB,0,N,0.95431954,0.95431954,0.042395376,0.0006001834,0.00017366136,9.667941e-07,2.614167e-07,1.8684638e-07,0.002509896
3282,118_01197,118,1197,2,RBBB,2,RBBB,0,N,0.9386083,0.9386083,0.05791486,0.0019348433,0.00021625852,8.9375663e-07,3.139545e-07,1.5224256e-07,0.0013243827
3283,118_01198,118,1198,2,RBBB,2,RBBB,0,N,0.9451796,0.9451796,0.05140097,0.000883474,0.00011399171,9.288811e-07,3.7400488e-07,1.595217e-07,0.0024205213
3284,118_01199,118,1199,3,APC,2,RBBB,0,N,0.93571246,0.93571246,0.061550852,0.0008012175,0.00016993696,1.1003034e-06,2.222821e-07,1.4096983e-07,0.0017640677
3285,118_01200,118,1200,2,RBBB,3,APC,0,N,0.908884,0.908884,0.088488095,0.0013128431,0.00010275987,7.1661907e-07,1.7741542e-07,7.1342136e-08,0.0012112062
3286,118_01201,118,1201,2,RBBB,2,RBBB,0,N,0.9549837,0.9549837,0.043233793,0.00083505886,3.374723e-05,3.9092103e-07,7.911042e-08,5.9812116e-08,0.0009131225
3287,118_01202,118,1202,2,RBBB,2,RBBB,0,N,0.914417,0.914417,0.08054713,0.0029464697,0.000117306015,6.490955e-07,2.0394565e-07,1.2667489e-07,0.0019711524
3288,118_01203,118,1203,2,RBBB,2,RBBB,0,N,0.9630474,0.9630474,0.034847245,0.00092517806,9.098526e-05,4.0216707e-07,8.475539e-08,5.025097e-08,0.0010885979
3289,118_01204,118,1204,2,RBBB,2,RBBB,0,N,0.9058535,0.9058535,0.09109609,0.00078956195,0.00018384136,1.2786695e-06,2.5777382e-07,1.7842125e-07,0.0020752463
3290,118_01205,118,1205,2,RBBB,2,RBBB,0,N,0.94194376,0.94194376,0.05535968,0.00043246738,0.00015984662,1.4961565e-06,3.6940935e-07,1.9939318e-07,0.0021023147
3291,118_01206,118,1206,2,RBBB,2,RBBB,0,N,0.9065137,0.9065137,0.09074145,0.0010753915,0.00018885259,2.143111e-06,3.8937532e-07,2.1178792e-07,0.0014779107
3292,118_01207,118,1207,3,APC,2,RBBB,0,N,0.9747167,0.9747167,0.023357943,0.00046310076,0.00015676563,4.989568e-07,1.781469e-07,9.4199855e-08,0.001304674
3293,118_01208,118,1208,2,RBBB,3,APC,0,N,0.9098955,0.9098955,0.086766094,0.0015205988,0.00010236504,1.0027546e-06,2.7615073e-07,9.2417864e-08,0.0017140835
3294,118_01209,118,1209,2,RBBB,2,RBBB,0,N,0.8885422,0.8885422,0.10927395,0.00097328785,0.00014310553,2.1598523e-06,3.5598447e-07,2.3567047e-07,0.0010648568
3295,118_01210,118,1210,2,RBBB,2,RBBB,0,N,0.9186103,0.9186103,0.07755126,0.00074019085,0.000179621,1.358987e-06,3.4960735e-07,2.712303e-07,0.0029167575
3296,118_01211,118,1211,2,RBBB,2,RBBB,0,N,0.87131965,0.87131965,0.12491818,0.0018131436,0.00018300439,2.226835e-06,7.028336e-07,4.0511117e-07,0.0017627681
3297,118_01212,118,1212,2,RBBB,2,RBBB,0,N,0.8987332,0.8987332,0.09658114,0.0012212418,0.0001998831,1.6017691e-06,3.3933796e-07,2.8702095e-07,0.0032622786
3298,118_01213,118,1213,2,RBBB,2,RBBB,0,N,0.89262205,0.89262205,0.10312945,0.002310575,0.0002194281,1.8039043e-06,3.9309217e-07,2.5568778e-07,0.0017160748
3299,118_01214,118,1214,2,RBBB,2,RBBB,0,N,0.8911621,0.8911621,0.1050317,0.00099678,0.00015840176,1.4655105e-06,2.9988945e-07,2.5116967e-07,0.002648894
3300,118_01215,118,1215,2,RBBB,2,RBBB,0,N,0.83572805,0.83572805,0.15934794,0.0024597086,0.00021575703,2.8407633e-06,5.670625e-07,4.8704965e-07,0.0022447049
3301,118_01216,118,1216,2,RBBB,2,RBBB,0,N,0.73010826,0.73010826,0.26147753,0.0030315856,0.00020897224,3.3942288e-06,5.5402074e-07,6.114913e-07,0.0051690824
3302,118_01217,118,1217,2,RBBB,2,RBBB,0,N,0.824159,0.824159,0.16802984,0.0038572666,0.00040866993,3.447929e-06,8.6824264e-07,6.2742726e-07,0.0035402311
3303,118_01218,118,1218,2,RBBB,2,RBBB,0,N,0.86824673,0.86824673,0.12679555,0.0015481573,0.00026347992,2.0012385e-06,4.4386528e-07,3.3622982e-07,0.0031434314
3304,118_01219,118,1219,2,RBBB,2,RBBB,0,N,0.8642794,0.8642794,0.13172178,0.0013215921,0.00013943315,2.122224e-06,4.0499262e-07,2.907243e-07,0.0025350382
3305,118_01220,118,1220,2,RBBB,2,RBBB,0,N,0.8355431,0.8355431,0.15994398,0.001996278,0.0002235675,1.5631404e-06,2.980212e-07,1.8244967e-07,0.0022910086
3306,118_01221,118,1221,2,RBBB,2,RBBB,0,N,0.9541836,0.9541836,0.043779254,0.0006632704,8.453694e-05,5.6859864e-07,9.13416e-08,9.733672e-08,0.001288509
3307,118_01222,118,1222,2,RBBB,2,RBBB,0,N,0.9005027,0.9005027,0.09529994,0.0018440471,0.00022107082,1.698371e-06,4.0366362e-07,3.2733476e-07,0.002129799
3308,118_01223,118,1223,2,RBBB,2,RBBB,0,N,0.87146723,0.87146723,0.12432496,0.0011233253,0.00013450184,1.8453815e-06,3.640966e-07,2.6224646e-07,0.0029474874
3309,118_01224,118,1224,2,RBBB,2,RBBB,0,N,0.80999815,0.80999815,0.18534704,0.0020657,0.00033906032,4.8683614e-06,6.882268e-07,6.553267e-07,0.002243803
3310,118_01225,118,1225,2,RBBB,2,RBBB,0,N,0.7610172,0.7610172,0.23176536,0.0021032316,0.00034034436,5.818875e-06,1.3021348e-06,1.0778351e-06,0.004765699
3311,118_01226,118,1226,2,RBBB,2,RBBB,0,N,0.91591287,0.91591287,0.07920381,0.000958186,0.00025937933,2.5052213e-06,7.9074687e-07,5.122398e-07,0.0036619515
3312,118_01227,118,1227,3,APC,2,RBBB,0,N,0.8373531,0.8373531,0.15736385,0.0018963871,0.00030710778,3.1310533e-06,7.717964e-07,5.275164e-07,0.003075149
3313,118_01228,118,1228,2,RBBB,3,APC,0,N,0.8587453,0.8587453,0.13686892,0.0020697399,0.00019389679,1.9568793e-06,4.4049844e-07,1.5905152e-07,0.0021196045
3314,118_01229,118,1229,2,RBBB,2,RBBB,0,N,0.8606726,0.8606726,0.1356886,0.0010346737,0.0001568474,2.3561508e-06,4.7679399e-07,6.0352755e-07,0.0024439082
3315,118_01230,118,1230,2,RBBB,2,RBBB,0,N,0.8643368,0.8643368,0.1270849,0.003020855,0.00032161587,3.1690288e-06,1.1004512e-06,9.545744e-07,0.005230634
3316,118_01231,118,1231,2,RBBB,2,RBBB,0,N,0.9042899,0.9042899,0.08971752,0.0026027532,0.00046722882,1.7625616e-06,5.291963e-07,2.9917302e-07,0.0029199966
3317,118_01232,118,1232,2,RBBB,2,RBBB,0,N,0.986379,0.986379,0.012242009,0.00025030694,0.00018842625,2.38215e-07,5.953336e-08,3.4099934e-08,0.000939924
3318,118_01233,118,1233,2,RBBB,2,RBBB,0,N,0.9748063,0.9748063,0.023463668,0.00033859836,7.095986e-05,2.9893783e-07,8.930871e-08,3.7729087e-08,0.0013199596
3319,118_01234,118,1234,2,RBBB,2,RBBB,0,N,0.9510068,0.9510068,0.046232685,0.001020605,0.00014636725,8.1931404e-07,3.025628e-07,1.5651624e-07,0.0015922516
3320,118_01235,118,1235,2,RBBB,2,RBBB,0,N,0.94412506,0.94412506,0.05212847,0.00044635494,0.00012205983,8.694468e-07,2.075944e-07,1.943789e-07,0.0031767914
3321,118_01236,118,1236,2,RBBB,2,RBBB,0,N,0.8148806,0.8148806,0.17921741,0.003223155,0.0003261531,4.183637e-06,8.537521e-07,6.8916177e-07,0.0023468367
3322,118_01237,118,1237,2,RBBB,2,RBBB,0,N,0.9256072,0.9256072,0.06953285,0.0020832797,0.0001526681,1.3578062e-06,3.7460694e-07,2.1811842e-07,0.002622012
3323,118_01238,118,1238,2,RBBB,2,RBBB,0,N,0.93587464,0.93587464,0.061016943,0.0011326945,0.00020085792,1.1413094e-06,2.9960736e-07,1.6487799e-07,0.0017733808
3324,118_01239,118,1239,3,APC,2,RBBB,0,N,0.8479647,0.8479647,0.14615378,0.0017334371,0.00020444553,1.6026588e-06,4.9399347e-07,2.3643321e-07,0.0039412756
3325,118_01240,118,1240,2,RBBB,3,APC,0,N,0.7890907,0.7890907,0.20248699,0.0032521149,0.00021955943,1.1238086e-06,2.45418e-07,1.137948e-07,0.0049492028
3326,118_01241,118,1241,2,RBBB,2,RBBB,0,N,0.85790706,0.85790706,0.13852058,0.0014614151,0.0001710332,1.1571174e-06,1.3476931e-07,1.7246053e-07,0.0019383107
3327,118_01242,118,1242,2,RBBB,2,RBBB,0,N,0.84791267,0.84791267,0.14610231,0.0033693605,0.00022224899,2.4281348e-06,4.2036126e-07,2.812403e-07,0.0023903854
3328,118_01243,118,1243,2,RBBB,2,RBBB,0,N,0.88566077,0.88566077,0.10960648,0.0016786872,0.000400998,2.8434404e-06,5.9023773e-07,4.760343e-07,0.002649111
3329,118_01244,118,1244,2,RBBB,2,RBBB,0,N,0.901065,0.901065,0.093415685,0.0011030117,0.0001493335,1.9875893e-06,5.490765e-07,4.8950676e-07,0.0042639063
3330,118_01245,118,1245,2,RBBB,2,RBBB,0,N,0.90305156,0.90305156,0.08938228,0.0036081278,0.00051833777,2.3323998e-06,9.604639e-07,4.5249237e-07,0.0034358099
3331,118_01246,118,1246,2,RBBB,2,RBBB,0,N,0.95775217,0.95775217,0.03934115,0.00053904625,0.00016780675,7.6173825e-07,1.8108337e-07,1.582139e-07,0.002198717
3332,118_01247,118,1247,2,RBBB,2,RBBB,0,N,0.93191415,0.93191415,0.06445433,0.00072858337,0.00023045129,1.1786981e-06,2.489712e-07,1.226007e-07,0.002670791
3333,118_01248,118,1248,2,RBBB,2,RBBB,0,N,0.9492471,0.9492471,0.048727706,0.0005364065,0.0001754957,7.499507e-07,1.2508909e-07,6.899082e-08,0.001312194
3334,118_01249,118,1249,2,RBBB,2,RBBB,0,N,0.95873094,0.95873094,0.038373984,0.00044881727,0.00013540557,6.314418e-07,1.4554914e-07,1.0968723e-07,0.002309952
3335,118_01250,118,1250,2,RBBB,2,RBBB,0,N,0.95756733,0.95756733,0.039719615,0.000997103,0.00011503459,6.3266646e-07,1.6923953e-07,1.18357995e-07,0.0015999892
3336,118_01251,118,1251,2,RBBB,2,RBBB,0,N,0.9398542,0.9398542,0.055788886,0.0021084594,0.00015559976,7.6527436e-07,2.5178016e-07,1.7686334e-07,0.002091743
3337,118_01252,118,1252,2,RBBB,2,RBBB,0,N,0.8917167,0.8917167,0.10145719,0.0026984557,0.0002320949,1.8409678e-06,6.5774384e-07,4.614924e-07,0.0038925763
3338,118_01253,118,1253,2,RBBB,2,RBBB,0,N,0.75086373,0.75086373,0.2409007,0.0029863904,0.00034960988,4.1375793e-06,1.3525577e-06,8.615437e-07,0.004893312
3339,118_01254,118,1254,2,RBBB,2,RBBB,0,N,0.8778381,0.8778381,0.11834059,0.0012076496,0.0002238,1.993866e-06,3.794962e-07,2.8867e-07,0.0023871227
3340,118_01255,118,1255,2,RBBB,2,RBBB,0,N,0.9052906,0.9052906,0.091615796,0.0010777856,0.00015714909,1.3792951e-06,1.8111352e-07,1.9601707e-07,0.0018568228
3341,118_01256,118,1256,2,RBBB,2,RBBB,0,N,0.9565741,0.9565741,0.04061028,0.0009512721,0.00014210891,4.5361293e-07,1.3759336e-07,8.104309e-08,0.0017216477
3342,118_01257,118,1257,2,RBBB,2,RBBB,0,N,0.823528,0.823528,0.17108355,0.001968677,0.0002857617,3.1213428e-06,9.580195e-07,6.645539e-07,0.0031293747
3343,118_01258,118,1258,2,RBBB,2,RBBB,0,N,0.6901872,0.6901872,0.29992992,0.0014982715,0.00037891555,7.237104e-06,1.6191881e-06,1.3402154e-06,0.007995403
3344,118_01259,118,1259,2,RBBB,2,RBBB,0,N,0.76350623,0.76350623,0.22941804,0.002351462,0.00068959704,8.062206e-06,1.0011664e-06,1.4429932e-06,0.0040241373
3345,118_01260,118,1260,2,RBBB,2,RBBB,0,N,0.8433006,0.8433006,0.15058216,0.0022786777,0.00043093087,3.7095917e-06,7.196901e-07,5.774281e-07,0.003402568
3346,118_01261,118,1261,2,RBBB,2,RBBB,0,N,0.9023209,0.9023209,0.092874534,0.001088836,0.00029928744,2.6778619e-06,6.280841e-07,4.025089e-07,0.003412682
3347,118_01262,118,1262,2,RBBB,2,RBBB,0,N,0.9164593,0.9164593,0.08011721,0.0012049301,0.00021186292,1.5305546e-06,3.1593427e-07,1.4430739e-07,0.0020046989
3348,118_01263,118,1263,2,RBBB,2,RBBB,0,N,0.9515761,0.9515761,0.046191964,0.0004800912,0.00019525446,7.649898e-07,1.282275e-07,1.1494184e-07,0.0015555192
3349,118_01264,118,1264,2,RBBB,2,RBBB,0,N,0.89328146,0.89328146,0.103588864,0.0008871488,0.00013424827,2.0343023e-06,4.1746563e-07,2.8317697e-07,0.002105521
3350,118_01265,118,1265,3,APC,2,RBBB,0,N,0.83761394,0.83761394,0.1581878,0.0010446422,0.00037413265,3.9211977e-06,9.2960374e-07,5.563648e-07,0.0027740924
3351,118_01266,118,1266,2,RBBB,3,APC,0,N,0.7221967,0.7221967,0.27376437,0.0017011096,0.00020203498,4.6715245e-06,7.936522e-07,3.887904e-07,0.0021299713
3352,118_01267,118,1267,2,RBBB,2,RBBB,0,N,0.6793245,0.6793245,0.31489885,0.0023927835,0.00021477255,7.120111e-06,1.8394802e-06,1.3880214e-06,0.0031587365
3353,118_01268,118,1268,2,RBBB,2,RBBB,0,N,0.56486577,0.56486577,0.4260148,0.0040627494,0.00049093494,8.000901e-06,1.8786975e-06,1.2453354e-06,0.004554683
3354,118_01269,118,1269,2,RBBB,2,RBBB,0,N,0.6912918,0.6912918,0.3025594,0.0020226296,0.00047061755,6.730518e-06,9.5076547e-07,1.0341388e-06,0.0036468317
3355,118_01270,118,1270,2,RBBB,2,RBBB,0,N,0.8620743,0.8620743,0.13311853,0.0013526172,0.00039221643,2.8888828e-06,5.5656244e-07,5.251257e-07,0.003058399
3356,118_01271,118,1271,2,RBBB,2,RBBB,0,N,0.80440515,0.80440515,0.19033487,0.001595976,0.0002498857,3.1805887e-06,5.9453896e-07,4.220148e-07,0.0034099042
3357,118_01272,118,1272,2,RBBB,2,RBBB,0,N,0.6998854,0.6998854,0.29294267,0.0028515833,0.00045109115,6.6101193e-06,1.1693307e-06,9.535502e-07,0.0038605202
3358,118_01273,118,1273,2,RBBB,2,RBBB,0,N,0.83707964,0.83707964,0.15719384,0.0014451408,0.0003250578,3.9355837e-06,7.08013e-07,6.285048e-07,0.003951076
3359,118_01274,118,1274,2,RBBB,2,RBBB,0,N,0.8206481,0.8206481,0.17426111,0.0009882704,0.0004029527,3.847967e-06,7.2776476e-07,6.96257e-07,0.0036943392
3360,118_01275,118,1275,2,RBBB,2,RBBB,0,N,0.87042487,0.87042487,0.12535994,0.001802116,0.00020106358,2.1098629e-06,6.6122055e-07,3.386783e-07,0.0022088287
3361,118_01276,118,1276,2,RBBB,2,RBBB,0,N,0.92748135,0.92748135,0.06915965,0.0011146489,0.00019420579,1.2971819e-06,2.6736407e-07,2.0850233e-07,0.0020483376
3362,118_01277,118,1277,2,RBBB,2,RBBB,0,N,0.90062314,0.90062314,0.09594803,0.0017443988,0.00014310823,1.387452e-06,3.7163986e-07,1.7893176e-07,0.0015394324
3363,118_01278,118,1278,2,RBBB,2,RBBB,0,N,0.92662686,0.92662686,0.06976682,0.0010354185,0.00013146881,1.0001095e-06,3.7679268e-07,2.4570403e-07,0.0024377943
3364,118_01279,118,1279,2,RBBB,2,RBBB,0,N,0.91525817,0.91525817,0.081048176,0.0016039407,0.00013099768,1.1502538e-06,3.0547656e-07,1.8328672e-07,0.0019570724
3365,118_01280,118,1280,2,RBBB,2,RBBB,0,N,0.7860433,0.7860433,0.20682216,0.0046281074,0.0002927211,2.5940774e-06,5.0098447e-07,3.0924772e-07,0.0022103547
3366,118_01281,118,1281,2,RBBB,2,RBBB,0,N,0.8983186,0.8983186,0.09735833,0.0009194571,0.00015926409,1.7364772e-06,3.0805313e-07,3.469971e-07,0.0032419753
3367,118_01282,118,1282,2,RBBB,2,RBBB,0,N,0.81381327,0.81381327,0.18049012,0.0025434308,0.00040727638,4.3835553e-06,1.4763795e-06,7.28549e-07,0.0027393266
3368,118_01283,118,1283,2,RBBB,2,RBBB,0,N,0.890147,0.890147,0.1070137,0.0007963463,0.00015176083,1.9790625e-06,4.0192526e-07,3.0812419e-07,0.0018884654
3369,118_01284,118,1284,2,RBBB,2,RBBB,0,N,0.89050627,0.89050627,0.1067426,0.0012483145,0.0001710244,1.9221914e-06,5.059498e-07,2.4044687e-07,0.0013290863
3370,118_01285,118,1285,2,RBBB,2,RBBB,0,N,0.9562263,0.9562263,0.04221501,0.00028367247,0.000107635125,6.294638e-07,1.4148051e-07,9.92009e-08,0.0011665161
3371,118_01286,118,1286,2,RBBB,2,RBBB,0,N,0.84372485,0.84372485,0.15319647,0.0008624507,0.00016337464,1.8756376e-06,4.9290685e-07,2.05082e-07,0.0020502335
3372,118_01287,118,1287,2,RBBB,2,RBBB,0,N,0.8387646,0.8387646,0.15741985,0.0004996662,0.00018900733,2.1930462e-06,3.050057e-07,3.4191802e-07,0.0031240492
3373,118_01288,118,1288,2,RBBB,2,RBBB,0,N,0.892298,0.892298,0.10454653,0.0009938973,0.0002965846,1.5255032e-06,4.0228565e-07,2.2172468e-07,0.0018628619
3374,118_01289,118,1289,2,RBBB,2,RBBB,0,N,0.8791335,0.8791335,0.11723054,0.0012817057,0.00020542926,2.12488e-06,4.1664413e-07,3.2402917e-07,0.0021458748
3375,118_01290,118,1290,2,RBBB,2,RBBB,0,N,0.88233256,0.88233256,0.11376959,0.0010975524,0.00016636257,2.0778252e-06,4.9133695e-07,2.9600892e-07,0.0026310615
3376,118_01291,118,1291,2,RBBB,2,RBBB,0,N,0.7783247,0.7783247,0.21723284,0.002453383,0.00034611163,6.1837495e-06,1.1980375e-06,7.8141187e-07,0.0016347481
3377,118_01292,118,1292,2,RBBB,2,RBBB,0,N,0.95625114,0.95625114,0.040785614,0.00042028527,0.00011293059,1.0924313e-06,2.8141358e-07,1.9316293e-07,0.0024283454
3378,118_01293,118,1293,2,RBBB,2,RBBB,0,N,0.8927501,0.8927501,0.10265431,0.0018629128,0.00031708833,1.9656904e-06,7.028477e-07,3.3076702e-07,0.0024126938
3379,118_01294,118,1294,2,RBBB,2,RBBB,0,N,0.92702043,0.92702043,0.070260905,0.00086778135,0.00011400609,9.632207e-07,2.528637e-07,1.1707782e-07,0.0017354899
3380,118_01295,118,1295,2,RBBB,2,RBBB,0,N,0.90692574,0.90692574,0.089771785,0.0005980748,0.00019923112,1.0615925e-06,1.9244958e-07,1.4763827e-07,0.002503732
3381,118_01296,118,1296,2,RBBB,2,RBBB,0,N,0.8418451,0.8418451,0.1545567,0.0017301211,0.00018822738,2.5921775e-06,6.323132e-07,3.1533588e-07,0.0016763008
3382,118_01297,118,1297,2,RBBB,2,RBBB,0,N,0.8561132,0.8561132,0.13933815,0.0006470153,0.00022002461,3.5850392e-06,7.707012e-07,7.345727e-07,0.003676493
3383,118_01298,118,1298,2,RBBB,2,RBBB,0,N,0.7400991,0.7400991,0.25236595,0.0026430564,0.00041858305,6.266178e-06,2.0333293e-06,1.2958988e-06,0.0044638
3384,118_01299,118,1299,2,RBBB,2,RBBB,0,N,0.89387083,0.89387083,0.100977115,0.0018031211,0.00027539485,2.9061734e-06,7.088322e-07,7.0860517e-07,0.0030692574
3385,118_01300,118,1300,2,RBBB,2,RBBB,0,N,0.9101472,0.9101472,0.086448476,0.00068706716,0.0003357285,2.0191358e-06,4.4276004e-07,2.4902735e-07,0.00237879
3386,118_01301,118,1301,2,RBBB,2,RBBB,0,N,0.9142155,0.9142155,0.08386318,0.0003764109,0.00025696252,2.2425838e-06,4.8086946e-07,2.3666547e-07,0.0012848777
3387,118_01302,118,1302,2,RBBB,2,RBBB,0,N,0.9669566,0.9669566,0.03112648,0.00016732226,0.00014022987,8.376335e-07,2.5635018e-07,1.4916226e-07,0.0016080663
3388,118_01303,118,1303,2,RBBB,2,RBBB,0,N,0.9324375,0.9324375,0.06501983,0.0007207143,0.00019474962,1.6592937e-06,5.5392223e-07,3.0389216e-07,0.0016246828
3389,118_01304,118,1304,2,RBBB,2,RBBB,0,N,0.9200957,0.9200957,0.07706166,0.00068570656,0.00017721257,1.8309963e-06,4.9390127e-07,3.0633063e-07,0.0019770735
3390,118_01305,118,1305,2,RBBB,2,RBBB,0,N,0.7689961,0.7689961,0.2255465,0.0009819072,0.00030293642,5.1651664e-06,1.1203507e-06,9.2121684e-07,0.004165368
3391,118_01306,118,1306,2,RBBB,2,RBBB,0,N,0.9048216,0.9048216,0.09093683,0.0015530019,0.00035842945,3.1249563e-06,1.050776e-06,5.963117e-07,0.0023253744
3392,118_01307,118,1307,2,RBBB,2,RBBB,0,N,0.91062486,0.91062486,0.08503253,0.00066834106,0.0002791206,2.7402461e-06,5.7804164e-07,6.1574184e-07,0.0033912202
3393,118_01308,118,1308,2,RBBB,2,RBBB,0,N,0.9358742,0.9358742,0.061615963,0.000721238,0.00022929673,1.8927888e-06,5.669806e-07,2.8755792e-07,0.00155649
3394,118_01309,118,1309,2,RBBB,2,RBBB,0,N,0.93609893,0.93609893,0.06113663,0.0005876657,0.00027916356,1.2124085e-06,4.3348652e-07,2.4971598e-07,0.0018956565
3395,118_01310,118,1310,2,RBBB,2,RBBB,0,N,0.9316447,0.9316447,0.065592974,0.00057501195,0.00016335472,1.8416908e-06,5.607682e-07,3.9618834e-07,0.0020211025
3396,118_01311,118,1311,2,RBBB,2,RBBB,0,N,0.93772286,0.93772286,0.05974979,0.00043396078,0.00021518716,1.6158109e-06,3.9476075e-07,3.41297e-07,0.0018758194
3397,118_01312,118,1312,2,RBBB,2,RBBB,0,N,0.93326145,0.93326145,0.06418079,0.000718134,0.00019759216,1.4355064e-06,4.7680916e-07,2.7701384e-07,0.0016398026
3398,118_01313,118,1313,2,RBBB,2,RBBB,0,N,0.95959455,0.95959455,0.038662955,0.0005810499,0.00013535419,9.199595e-07,3.527899e-07,1.6775851e-07,0.0010247052
3399,118_01314,118,1314,2,RBBB,2,RBBB,0,N,0.9296186,0.9296186,0.06787327,0.00048847985,0.000156431,1.5897383e-06,5.624914e-07,2.6329545e-07,0.0018608123
3400,118_01315,118,1315,2,RBBB,2,RBBB,0,N,0.9192193,0.9192193,0.07845504,0.00057256705,0.00023844939,2.4250394e-06,8.314699e-07,4.400324e-07,0.0015109248
3401,118_01316,118,1316,3,APC,2,RBBB,0,N,0.93695,0.93695,0.06055441,0.00044556972,0.00015726313,1.6558561e-06,5.216847e-07,3.0031055e-07,0.0018902837
3402,118_01317,118,1317,2,RBBB,3,APC,0,N,0.71924347,0.71924347,0.27576378,0.002199522,0.00025207858,2.9527953e-06,7.980295e-07,2.7012373e-07,0.0025370724
3403,118_01318,118,1318,2,RBBB,2,RBBB,0,N,0.7726782,0.7726782,0.22380657,0.0016993077,0.0001319226,5.1569555e-06,7.2473705e-07,8.032458e-07,0.0016773124
3404,118_01319,118,1319,2,RBBB,2,RBBB,0,N,0.87625957,0.87625957,0.119714975,0.0012309152,0.00036533698,3.6558442e-06,1.0313757e-06,7.366631e-07,0.0024238676
3405,118_01320,118,1320,2,RBBB,2,RBBB,0,N,0.90523887,0.90523887,0.091984645,0.001008847,0.00020214767,2.531462e-06,1.0370094e-06,4.791707e-07,0.0015614864
3406,118_01321,118,1321,2,RBBB,2,RBBB,0,N,0.9420822,0.9420822,0.05558007,0.0005735673,0.00017917705,1.4792507e-06,4.5854034e-07,2.2990679e-07,0.0015829119
3407,118_01322,118,1322,2,RBBB,2,RBBB,0,N,0.8558875,0.8558875,0.14006226,0.0016053193,0.00032020584,3.5611808e-06,9.3371926e-07,4.8805094e-07,0.0021197745
3408,118_01323,118,1323,2,RBBB,2,RBBB,0,N,0.94216335,0.94216335,0.054945916,0.00040173726,0.00022402008,2.0835832e-06,5.252782e-07,3.511824e-07,0.002261979
3409,118_01324,118,1324,2,RBBB,2,RBBB,0,N,0.9506392,0.9506392,0.046551056,0.0006713758,0.00023039621,1.3531474e-06,6.4922426e-07,1.9656666e-07,0.0019057466
3410,118_01325,118,1325,2,RBBB,2,RBBB,0,N,0.98190004,0.98190004,0.016839279,0.0006205775,0.0001041028,5.4169425e-07,3.1181645e-07,1.0079654e-07,0.0005349192
3411,118_01326,118,1326,2,RBBB,2,RBBB,0,N,0.9006788,0.9006788,0.09625853,0.00087535917,0.00017599923,2.2577917e-06,8.841656e-07,3.3492827e-07,0.0020078353
3412,118_01327,118,1327,2,RBBB,2,RBBB,0,N,0.7761073,0.7761073,0.22004716,0.0009699458,0.0002690866,7.3495103e-06,2.0739976e-06,1.1287146e-06,0.002595951
3413,118_01328,118,1328,2,RBBB,2,RBBB,0,N,0.8427254,0.8427254,0.15372086,0.0007567051,0.0005713261,5.9386703e-06,1.4102511e-06,8.921638e-07,0.0022175452
3414,118_01329,118,1329,2,RBBB,2,RBBB,0,N,0.9037305,0.9037305,0.09382401,0.00044380923,0.000249215,2.8083932e-06,6.621582e-07,4.11856e-07,0.0017485955
3415,118_01330,118,1330,2,RBBB,2,RBBB,0,N,0.91402763,0.91402763,0.08367703,0.0005610889,0.00015113692,2.1023043e-06,4.962529e-07,2.7360483e-07,0.0015803232
3416,118_01331,118,1331,2,RBBB,2,RBBB,0,N,0.90745705,0.90745705,0.0900743,0.00065130857,0.0002409835,2.0772072e-06,5.5032643e-07,3.826328e-07,0.0015733351
3417,118_01332,118,1332,2,RBBB,2,RBBB,0,N,0.947393,0.947393,0.05078126,0.00026293015,0.00015611752,1.8698368e-06,5.3358383e-07,2.8277788e-07,0.0014039607
3418,118_01333,118,1333,2,RBBB,2,RBBB,0,N,0.9389377,0.9389377,0.0594056,0.00019186504,0.0003146699,2.3280652e-06,6.694254e-07,3.5551182e-07,0.001146847
3419,118_01334,118,1334,2,RBBB,2,RBBB,0,N,0.93764305,0.93764305,0.06076205,0.0002432091,0.00010923096,2.3087086e-06,5.4081494e-07,3.6346913e-07,0.0012393276
3420,118_01335,118,1335,2,RBBB,2,RBBB,0,N,0.8384499,0.8384499,0.15779254,0.0008447201,0.00037007284,5.0815934e-06,1.5041445e-06,1.0631717e-06,0.002535063
3421,118_01336,118,1336,2,RBBB,2,RBBB,0,N,0.7321211,0.7321211,0.26134723,0.0018128648,0.00037837148,8.579707e-06,2.7017027e-06,2.0268733e-06,0.0043272246
3422,118_01337,118,1337,2,RBBB,2,RBBB,0,N,0.8568869,0.8568869,0.13787407,0.0007311264,0.00045324926,5.770072e-06,9.993221e-07,1.1946777e-06,0.004046742
3423,118_01338,118,1338,2,RBBB,2,RBBB,0,N,0.9257916,0.9257916,0.071313,0.00092731183,0.0005587099,3.0798622e-06,8.7417425e-07,4.204005e-07,0.0014049851
3424,118_01339,118,1339,2,RBBB,2,RBBB,0,N,0.9811591,0.9811591,0.017373234,0.0001745171,0.00017100298,9.2737145e-07,3.2481327e-07,1.6243335e-07,0.0011206828
3425,118_01340,118,1340,2,RBBB,2,RBBB,0,N,0.980251,0.980251,0.018231222,0.00014084509,0.00010333834,7.675747e-07,4.7208655e-07,1.7648578e-07,0.0012720261
3426,118_01341,118,1341,2,RBBB,2,RBBB,0,N,0.90445477,0.90445477,0.09166662,0.0013567113,0.00036532347,2.41012e-06,1.8921795e-06,4.1413963e-07,0.0021518995
3427,118_01342,118,1342,2,RBBB,2,RBBB,0,N,0.9127764,0.9127764,0.08299649,0.00040100905,0.00019127186,1.6906778e-06,4.2678718e-07,2.9462825e-07,0.0036323129
3428,118_01343,118,1343,2,RBBB,2,RBBB,0,N,0.76471907,0.76471907,0.2298808,0.001559205,0.0004797031,4.822123e-06,1.0682722e-06,7.3315e-07,0.0033545587
3429,118_01344,118,1344,2,RBBB,2,RBBB,0,N,0.84916013,0.84916013,0.14656864,0.0011210832,0.0003199473,3.8517355e-06,8.321546e-07,6.7080293e-07,0.0028247992
3430,118_01345,118,1345,2,RBBB,2,RBBB,0,N,0.81403816,0.81403816,0.18091221,0.0009911956,0.00042405503,5.4189636e-06,1.3225584e-06,1.0681374e-06,0.0036265522
3431,118_01346,118,1346,2,RBBB,2,RBBB,0,N,0.76062864,0.76062864,0.23481141,0.0014363688,0.00040645292,6.727029e-06,2.0863645e-06,1.1722847e-06,0.0027072066
3432,118_01347,118,1347,2,RBBB,2,RBBB,0,N,0.6493874,0.6493874,0.34386992,0.0012204212,0.00042105993,1.05730105e-05,2.356088e-06,2.1555438e-06,0.005086017
3433,118_01348,118,1348,2,RBBB,2,RBBB,0,N,0.73020834,0.73020834,0.2654518,0.0013441702,0.00040603624,8.554591e-06,1.7363966e-06,1.4732323e-06,0.0025778709
3434,118_01349,118,1349,2,RBBB,2,RBBB,0,N,0.75561607,0.75561607,0.2388622,0.0011281093,0.0006434814,6.6776397e-06,1.5734847e-06,1.4203866e-06,0.0037405973
3435,118_01350,118,1350,2,RBBB,2,RBBB,0,N,0.8291042,0.8291042,0.16729392,0.00081211346,0.00033071055,6.202609e-06,1.5892108e-06,1.2209865e-06,0.0024500163
3436,118_01351,118,1351,2,RBBB,2,RBBB,0,N,0.72645974,0.72645974,0.26767927,0.0013696521,0.0006775383,1.0657049e-05,2.4865858e-06,2.0218463e-06,0.003798549
3437,118_01352,118,1352,2,RBBB,2,RBBB,0,N,0.8076342,0.8076342,0.18852387,0.0010582908,0.0003826223,6.2548047e-06,1.4377092e-06,1.050317e-06,0.002392293
3438,118_01353,118,1353,2,RBBB,2,RBBB,0,N,0.7520968,0.7520968,0.24340472,0.00081789534,0.00039221515,7.557286e-06,1.5684176e-06,1.1865069e-06,0.003278137
3439,118_01354,118,1354,2,RBBB,2,RBBB,0,N,0.8489683,0.8489683,0.14819126,0.00073756545,0.0002452414,3.5311625e-06,7.8792834e-07,5.602263e-07,0.001852706
3440,118_01355,118,1355,2,RBBB,2,RBBB,0,N,0.86789393,0.86789393,0.12925737,0.0006218914,0.00021083315,2.6231228e-06,5.424903e-07,4.692087e-07,0.0020123972
3441,118_01356,118,1356,2,RBBB,2,RBBB,0,N,0.8151917,0.8151917,0.18154085,0.0011590569,0.0003249899,4.530706e-06,1.1448069e-06,7.0609184e-07,0.0017769518
3442,118_01357,118,1357,2,RBBB,2,RBBB,0,N,0.9240923,0.9240923,0.072810054,0.00037727255,0.00013731011,2.402396e-06,4.207934e-07,5.0268665e-07,0.0025797803
3443,118_01358,118,1358,2,RBBB,2,RBBB,0,N,0.969999,0.969999,0.028783128,0.00053582096,0.00017589907,1.074247e-06,3.0534102e-07,2.0543659e-07,0.000504576
3444,118_01359,118,1359,2,RBBB,2,RBBB,0,N,0.9864487,0.9864487,0.012452107,0.00017908262,6.971333e-05,2.6608328e-07,1.703162e-07,4.2323023e-08,0.0008499547
3445,118_01360,118,1360,2,RBBB,2,RBBB,0,N,0.9166295,0.9166295,0.080754876,0.00050141744,0.00010691168,9.864326e-07,2.7733964e-07,1.2650673e-07,0.0020060043
3446,118_01361,118,1361,2,RBBB,2,RBBB,0,N,0.87752914,0.87752914,0.118751146,0.00074216456,0.00014847312,1.0009966e-06,2.6804426e-07,1.4712047e-07,0.002827689
3447,118_01362,118,1362,2,RBBB,2,RBBB,0,N,0.9647973,0.9647973,0.033192262,0.00046910704,9.834828e-05,2.192867e-07,4.0451546e-08,2.9384509e-08,0.0014425826
3448,118_01363,118,1363,2,RBBB,2,RBBB,0,N,0.98042005,0.98042005,0.018383568,0.00037497235,8.095893e-05,2.7080293e-07,7.2643985e-08,3.9262112e-08,0.0007401082
3449,118_01364,118,1364,2,RBBB,2,RBBB,0,N,0.9747345,0.9747345,0.023759177,0.00037061883,5.357587e-05,2.6476133e-07,9.243753e-08,4.1165627e-08,0.0010818403
3450,118_01365,118,1365,2,RBBB,2,RBBB,0,N,0.9386268,0.9386268,0.058504835,0.00077902543,9.271448e-05,6.4805187e-07,1.9363061e-07,1.2614886e-07,0.001995631
3451,118_01366,118,1366,2,RBBB,2,RBBB,0,N,0.86405194,0.86405194,0.13049799,0.0020166792,0.00025035333,1.4682226e-06,3.7577124e-07,2.5428042e-07,0.0031809285
3452,118_01367,118,1367,2,RBBB,2,RBBB,0,N,0.8374132,0.8374132,0.15669979,0.0017309367,0.00025379346,2.1685862e-06,3.1571298e-07,2.9436276e-07,0.0038994635
3453,118_01368,118,1368,2,RBBB,2,RBBB,0,N,0.8342122,0.8342122,0.16019623,0.0011859841,0.00036249793,2.4711208e-06,3.6109756e-07,3.0145523e-07,0.0040399246
3454,118_01369,118,1369,2,RBBB,2,RBBB,0,N,0.81508905,0.81508905,0.18041983,0.0015788899,0.00024111076,2.8589686e-06,4.8284545e-07,3.2482592e-07,0.0026674927
3455,118_01370,118,1370,2,RBBB,2,RBBB,0,N,0.82208973,0.82208973,0.17198478,0.001296843,0.00037837084,4.036862e-06,9.475658e-07,6.1739183e-07,0.004244808
3456,118_01371,118,1371,2,RBBB,2,RBBB,0,N,0.8586158,0.8586158,0.13648973,0.0007960392,0.00023435078,2.8451632e-06,4.4775194e-07,3.8144975e-07,0.003860333
3457,118_01372,118,1372,2,RBBB,2,RBBB,0,N,0.86886734,0.86886734,0.12629978,0.0015392303,0.00027189092,1.9874328e-06,3.473896e-07,2.0921595e-07,0.0030192821
3458,118_01373,118,1373,2,RBBB,2,RBBB,0,N,0.9250015,0.9250015,0.07099751,0.0013046111,0.00027180536,1.0829315e-06,2.7881907e-07,1.4464143e-07,0.0024231316
3459,118_01374,118,1374,2,RBBB,2,RBBB,0,N,0.9622211,0.9622211,0.035057727,0.00045604917,0.00015630547,7.471555e-07,1.7879667e-07,1.02373235e-07,0.0021076642
3460,118_01375,118,1375,2,RBBB,2,RBBB,0,N,0.94141924,0.94141924,0.055178884,0.00043864083,0.00021076847,1.1870003e-06,2.7193585e-07,1.9126435e-07,0.0027508547
3461,118_01376,118,1376,2,RBBB,2,RBBB,0,N,0.9255889,0.9255889,0.0707633,0.0012112542,0.00025290452,1.17662e-06,3.7380656e-07,1.3501514e-07,0.0021818548
3462,118_01377,118,1377,2,RBBB,2,RBBB,0,N,0.87618244,0.87618244,0.12059055,0.0007951249,0.0001724334,1.656319e-06,2.1246119e-07,1.5920001e-07,0.0022573497
3463,118_01378,118,1378,2,RBBB,2,RBBB,0,N,0.8483062,0.8483062,0.14705124,0.00049609825,0.00025686884,2.748538e-06,3.8377087e-07,4.060722e-07,0.0038860664
3464,118_01379,118,1379,2,RBBB,2,RBBB,0,N,0.9210256,0.9210256,0.07598403,0.0007555373,0.00016789773,1.1244323e-06,2.0874702e-07,1.7079864e-07,0.0020654127
3465,118_01380,118,1380,2,RBBB,2,RBBB,0,N,0.8951663,0.8951663,0.10106426,0.0014981773,0.00028048703,1.5776341e-06,2.9689295e-07,2.0485582e-07,0.001988618
3466,118_01381,118,1381,2,RBBB,2,RBBB,0,N,0.9397462,0.9397462,0.05716327,0.00030321378,0.00012916644,1.2671645e-06,1.9387078e-07,1.9097288e-07,0.0026565583
3467,118_01382,118,1382,2,RBBB,2,RBBB,0,N,0.9675333,0.9675333,0.031197926,0.00026661254,0.00016940202,8.725775e-07,1.6403034e-07,1.09308296e-07,0.0008316032
3468,118_01383,118,1383,2,RBBB,2,RBBB,0,N,0.96874946,0.96874946,0.030136192,0.00027000345,0.00013213279,1.1643543e-06,2.9482612e-07,1.6136416e-07,0.00071062526
3469,118_01384,118,1384,2,RBBB,2,RBBB,0,N,0.85485774,0.85485774,0.13701047,0.0005172457,0.00016917629,2.7371361e-06,9.734731e-07,5.331955e-07,0.007441167
3470,118_01385,118,1385,2,RBBB,2,RBBB,0,N,0.8861789,0.8861789,0.1082457,0.0007731649,0.00061008614,3.096571e-06,1.1812872e-06,5.748603e-07,0.004187214
3471,118_01386,118,1386,2,RBBB,2,RBBB,0,N,0.85380983,0.85380983,0.1413334,0.0011241859,0.00046668874,1.2001404e-06,4.081575e-07,1.075102e-07,0.0032642484
3472,118_01387,118,1387,2,RBBB,2,RBBB,0,N,0.9647888,0.9647888,0.033740237,0.00017109404,9.707175e-05,7.6160444e-07,1.3493184e-07,1.754832e-07,0.0012016544
3473,118_01388,118,1388,2,RBBB,2,RBBB,0,N,0.9466942,0.9466942,0.050682094,0.0011624492,9.384091e-05,4.0601327e-07,2.6282302e-07,4.9185292e-08,0.0013666324
3474,118_01389,118,1389,2,RBBB,2,RBBB,0,N,0.9746772,0.9746772,0.023797125,0.00062378234,6.193605e-05,3.5782068e-07,7.8961456e-08,6.9270584e-08,0.00083950255
3475,118_01390,118,1390,2,RBBB,2,RBBB,0,N,0.9428122,0.9428122,0.054368477,0.0009248891,0.00013395808,7.4221833e-07,2.9573877e-07,1.4922078e-07,0.0017593963
3476,118_01391,118,1391,2,RBBB,2,RBBB,0,N,0.94143736,0.94143736,0.056200273,0.0005423444,0.0001267872,1.4041923e-06,4.6102826e-07,3.192043e-07,0.0016910556
3477,118_01392,118,1392,3,APC,2,RBBB,0,N,0.94084495,0.94084495,0.05593962,0.00053870096,0.00013007678,1.099225e-06,2.5228462e-07,2.5577728e-07,0.002545017
3478,118_01393,118,1393,2,RBBB,3,APC,0,N,0.78318745,0.78318745,0.21150145,0.003463237,0.0002252509,8.6352054e-07,3.0558323e-07,5.3720367e-08,0.001621388
3479,118_01394,118,1394,2,RBBB,2,RBBB,0,N,0.8289455,0.8289455,0.16836298,0.0008238216,5.4709173e-05,1.774727e-06,1.5164511e-07,2.4158103e-07,0.0018108363
3480,118_01395,118,1395,2,RBBB,2,RBBB,0,N,0.90547025,0.90547025,0.09108217,0.0010258248,0.00056965346,2.3195335e-06,6.2179254e-07,3.7730314e-07,0.0018488131
3481,118_01396,118,1396,2,RBBB,2,RBBB,0,N,0.92647374,0.92647374,0.07129619,0.00037554116,0.00015172729,1.4577811e-06,3.3896382e-07,2.0789678e-07,0.0017006885
3482,118_01397,118,1397,2,RBBB,2,RBBB,0,N,0.8874947,0.8874947,0.108089544,0.0013845532,0.00023079957,2.0500213e-06,7.0236194e-07,3.9727223e-07,0.0027973102
3483,118_01398,118,1398,2,RBBB,2,RBBB,0,N,0.91514295,0.91514295,0.080110624,0.00080600457,0.00022456258,1.4723184e-06,3.1702044e-07,2.7269223e-07,0.0037138758
3484,118_01399,118,1399,2,RBBB,2,RBBB,0,N,0.85406023,0.85406023,0.14040904,0.0019796486,0.0004334647,1.9483723e-06,4.3133934e-07,2.1939034e-07,0.00311498
3485,118_01400,118,1400,2,RBBB,2,RBBB,0,N,0.8533889,0.8533889,0.14127126,0.001445036,0.0002735108,2.3729062e-06,4.377204e-07,3.5443279e-07,0.0036181915
3486,118_01401,118,1401,2,RBBB,2,RBBB,0,N,0.7530639,0.7530639,0.24115999,0.001217511,0.00032186232,5.4748766e-06,8.340213e-07,7.0684246e-07,0.0042297156
3487,118_01402,118,1402,2,RBBB,2,RBBB,0,N,0.8463366,0.8463366,0.14956033,0.0011152652,0.00037406845,3.7539967e-06,8.1575865e-07,7.1962916e-07,0.0026083163
3488,118_01403,118,1403,2,RBBB,2,RBBB,0,N,0.80015075,0.80015075,0.19486266,0.0017426626,0.00017466,3.8213775e-06,9.344481e-07,8.553384e-07,0.0030636091
3489,118_01404,118,1404,2,RBBB,2,RBBB,0,N,0.73922324,0.73922324,0.25449762,0.0021925531,0.00028061695,4.3120044e-06,1.059372e-06,8.613636e-07,0.0037998427
3490,118_01405,118,1405,2,RBBB,2,RBBB,0,N,0.8686468,0.8686468,0.12704864,0.0015993483,0.00025448514,2.2858328e-06,3.4827724e-07,3.7245937e-07,0.002447689
3491,118_01406,118,1406,2,RBBB,2,RBBB,0,N,0.90255535,0.90255535,0.09508632,0.0006616773,0.00025425848,1.312464e-06,2.3168064e-07,1.7746841e-07,0.001440725
3492,118_01407,118,1407,2,RBBB,2,RBBB,0,N,0.88998723,0.88998723,0.10736144,0.0006695471,0.000198028,3.0889453e-06,6.230729e-07,4.5632177e-07,0.0017797027
3493,118_01408,118,1408,2,RBBB,2,RBBB,0,N,0.97462887,0.97462887,0.023933513,0.0001247247,0.000104852385,6.552871e-07,1.2539981e-07,1.12787355e-07,0.001207185
3494,118_01409,118,1409,2,RBBB,2,RBBB,0,N,0.88679844,0.88679844,0.10959693,0.0009830957,0.00026717997,1.5620135e-06,5.8553724e-07,1.974441e-07,0.0023519679
3495,118_01410,118,1410,2,RBBB,2,RBBB,0,N,0.96087897,0.96087897,0.03687309,0.0004927181,0.00011710987,5.1790505e-07,1.339873e-07,8.7875044e-08,0.0016373543
3496,118_01411,118,1411,2,RBBB,2,RBBB,0,N,0.97438097,0.97438097,0.023619067,0.00034771874,0.00013861402,6.1343525e-07,1.711409e-07,1.4986698e-07,0.0015126737
3497,118_01412,118,1412,2,RBBB,2,RBBB,0,N,0.8983234,0.8983234,0.09703651,0.0016098603,0.00019074866,2.0347443e-06,7.3413884e-07,3.4645305e-07,0.0028363212
3498,118_01413,118,1413,2,RBBB,2,RBBB,0,N,0.9330577,0.9330577,0.06393354,0.00092981895,0.00017499704,1.2248364e-06,4.3980046e-07,2.0393935e-07,0.0019020358
3499,118_01414,118,1414,2,RBBB,2,RBBB,0,N,0.9118243,0.9118243,0.08496543,0.00041244357,0.00021222555,1.8598922e-06,4.4927012e-07,3.3839223e-07,0.002582986
3500,118_01415,118,1415,2,RBBB,2,RBBB,0,N,0.8152719,0.8152719,0.1801709,0.0014014691,0.00029825373,3.3359518e-06,1.2164115e-06,5.348213e-07,0.0028524403
3501,118_01416,118,1416,2,RBBB,2,RBBB,0,N,0.8772029,0.8772029,0.11680528,0.00081094314,0.00026369735,2.102938e-06,7.415027e-07,5.7585066e-07,0.0049137664
3502,118_01417,118,1417,3,APC,2,RBBB,0,N,0.88716316,0.88716316,0.10197152,0.0048639006,0.00044867257,3.4354262e-06,1.3521856e-06,8.818748e-07,0.005547049
3503,118_01418,118,1418,2,RBBB,3,APC,0,N,0.9356796,0.9356796,0.04632131,0.013565961,0.00039655284,4.3753903e-07,3.758676e-07,7.6950336e-08,0.0040357052
3504,118_01419,118,1419,2,RBBB,2,RBBB,0,N,0.91570526,0.91570526,0.07531969,0.007188779,0.000120324825,7.4327113e-07,2.1353624e-07,9.306989e-08,0.0016649376
3505,118_01420,118,1420,2,RBBB,2,RBBB,0,N,0.92387927,0.92387927,0.07047037,0.0031566245,0.0004668284,1.3637704e-06,4.9020497e-07,1.72151e-07,0.0020248496
3506,118_01421,118,1421,2,RBBB,2,RBBB,0,N,0.912582,0.912582,0.08295384,0.0016858175,0.0001729901,1.4477246e-06,4.0316272e-07,2.1720103e-07,0.0026033847
3507,118_01422,118,1422,2,RBBB,2,RBBB,0,N,0.8307688,0.8307688,0.16227007,0.0032676284,0.0003460246,2.9762036e-06,8.177399e-07,3.715707e-07,0.0033432045
3508,118_01423,118,1423,2,RBBB,2,RBBB,0,N,0.8747301,0.8747301,0.120337985,0.001021204,0.00024631503,2.0534671e-06,3.7004995e-07,2.867324e-07,0.0036617594
3509,118_01424,118,1424,2,RBBB,2,RBBB,0,N,0.8182204,0.8182204,0.1762853,0.0019096247,0.0003160508,2.657595e-06,4.906562e-07,2.9901537e-07,0.0032651855
3510,118_01425,118,1425,2,RBBB,2,RBBB,0,N,0.8387909,0.8387909,0.15591559,0.0019649572,0.00022676657,1.6935041e-06,2.8370528e-07,1.8672966e-07,0.0030996958
3511,118_01426,118,1426,2,RBBB,2,RBBB,0,N,0.90164226,0.90164226,0.09430049,0.00094873377,0.00018594367,1.2377509e-06,1.8121263e-07,1.8378671e-07,0.0029209
3512,118_01427,118,1427,2,RBBB,2,RBBB,0,N,0.96336186,0.96336186,0.03190067,0.0017762738,0.00016647257,5.152114e-07,2.139931e-07,1.072112e-07,0.00279407
3513,118_01428,118,1428,2,RBBB,2,RBBB,0,N,0.9790445,0.9790445,0.018715888,0.0010262426,0.00021716782,2.637106e-07,1.41622e-07,4.62296e-08,0.0009957722
3514,118_01429,118,1429,2,RBBB,2,RBBB,0,N,0.8837475,0.8837475,0.113194354,0.0008885853,0.00010465376,1.4521562e-06,3.181002e-07,1.372896e-07,0.0020629817
3515,118_01430,118,1430,2,RBBB,2,RBBB,0,N,0.70629346,0.70629346,0.28835326,0.0014747995,0.0002610765,3.9327438e-06,5.837207e-07,5.111746e-07,0.0036122547
3516,118_01431,118,1431,2,RBBB,2,RBBB,0,N,0.88434047,0.88434047,0.112387754,0.0009077642,0.000273686,1.9734794e-06,2.91038e-07,2.8575303e-07,0.0020876597
3517,118_01432,118,1432,2,RBBB,2,RBBB,0,N,0.8172273,0.8172273,0.17798576,0.0016524078,0.0003001777,2.4077e-06,6.1806844e-07,2.8078713e-07,0.0028310847
3518,118_01433,118,1433,2,RBBB,2,RBBB,0,N,0.86778605,0.86778605,0.12673768,0.00081038696,0.0002721063,2.2441716e-06,4.0469948e-07,3.0501425e-07,0.0043907105
3519,118_01434,118,1434,2,RBBB,2,RBBB,0,N,0.7609969,0.7609969,0.2331567,0.002256621,0.00030097205,2.8674915e-06,3.6769686e-07,2.8362405e-07,0.0032852623
3520,118_01435,118,1435,2,RBBB,2,RBBB,0,N,0.7716621,0.7716621,0.2218791,0.0020398395,0.00036350774,2.5332463e-06,4.1880978e-07,3.213457e-07,0.0040521314
3521,118_01436,118,1436,2,RBBB,2,RBBB,0,N,0.7748522,0.7748522,0.21846332,0.0017869072,0.00026008053,2.8731674e-06,4.4276953e-07,3.744889e-07,0.0046337224
3522,118_01437,118,1437,2,RBBB,2,RBBB,0,N,0.7599887,0.7599887,0.23487623,0.0012439837,0.00028435126,3.1548695e-06,4.1172473e-07,3.810563e-07,0.0036027683
3523,118_01438,118,1438,2,RBBB,2,RBBB,0,N,0.91584015,0.91584015,0.080517225,0.0004505417,0.00025454635,1.1740625e-06,2.0417424e-07,1.6420154e-07,0.002935848
3524,118_01439,118,1439,2,RBBB,2,RBBB,0,N,0.91822886,0.91822886,0.07930218,0.000917214,0.00023625251,1.0305735e-06,1.8199829e-07,9.350456e-08,0.0013142582
3525,118_01440,118,1440,2,RBBB,2,RBBB,0,N,0.8715569,0.8715569,0.12401263,0.00045637187,0.00018774206,1.6146573e-06,2.467492e-07,2.266666e-07,0.0037841664
3526,118_01441,118,1441,2,RBBB,2,RBBB,0,N,0.8246061,0.8246061,0.17066456,0.0010189894,0.00036596158,4.99008e-06,9.343823e-07,6.9699456e-07,0.0033376855
3527,118_01442,118,1442,2,RBBB,2,RBBB,0,N,0.7652982,0.7652982,0.22843401,0.0012724771,0.0004445602,4.007585e-06,7.011881e-07,5.7613784e-07,0.0045454768
3528,118_01443,118,1443,2,RBBB,2,RBBB,0,N,0.85739154,0.85739154,0.13829075,0.001337717,0.00024954477,1.964549e-06,3.420568e-07,2.9811832e-07,0.0027279449
3529,118_01444,118,1444,2,RBBB,2,RBBB,0,N,0.8543771,0.8543771,0.14146993,0.0009216226,0.00021482233,1.769402e-06,2.5536642e-07,2.4760547e-07,0.003014353
3530,118_01445,118,1445,2,RBBB,2,RBBB,0,N,0.78852004,0.78852004,0.20624597,0.00214102,0.00028473587,2.3762263e-06,4.6145627e-07,3.041114e-07,0.0028049357
3531,118_01446,118,1446,2,RBBB,2,RBBB,0,N,0.88547444,0.88547444,0.110406615,0.0009074004,0.00024023617,2.1336134e-06,3.2576426e-07,3.2715218e-07,0.00296867
3532,118_01447,118,1447,2,RBBB,2,RBBB,0,N,0.84919494,0.84919494,0.14578032,0.0009450461,0.00032286654,2.6901453e-06,4.8402137e-07,3.498355e-07,0.003753198
3533,118_01448,118,1448,2,RBBB,2,RBBB,0,N,0.89045906,0.89045906,0.10503414,0.0018565956,0.00021571675,1.5211795e-06,3.7190716e-07,2.1773012e-07,0.0024324092
3534,118_01449,118,1449,2,RBBB,2,RBBB,0,N,0.8456415,0.8456415,0.14880742,0.0023870186,0.0002748302,2.3727841e-06,5.331573e-07,3.3834863e-07,0.0028858916
3535,118_01450,118,1450,2,RBBB,2,RBBB,0,N,0.8393177,0.8393177,0.15590604,0.00087491935,0.00026401022,2.7870146e-06,6.263607e-07,4.640393e-07,0.0036334828
3536,118_01451,118,1451,2,RBBB,2,RBBB,0,N,0.83504736,0.83504736,0.15971392,0.0017781465,0.00029156578,3.1584848e-06,8.9614406e-07,5.205542e-07,0.0031644278
3537,118_01452,118,1452,2,RBBB,2,RBBB,0,N,0.86305237,0.86305237,0.13331842,0.00094228,0.00019389197,2.1677772e-06,4.3008012e-07,3.2298072e-07,0.0024901507
3538,118_01453,118,1453,2,RBBB,2,RBBB,0,N,0.8931961,0.8931961,0.10330743,0.00075061194,0.00020896504,1.4289915e-06,2.8702635e-07,2.1056208e-07,0.002535052
3539,118_01454,118,1454,2,RBBB,2,RBBB,0,N,0.8806908,0.8806908,0.1132689,0.003099709,0.00018954414,8.744148e-07,2.8040347e-07,8.372239e-08,0.0027498854
3540,118_01455,118,1455,2,RBBB,2,RBBB,0,N,0.9256881,0.9256881,0.0716242,0.0007635747,0.00017112479,1.2083914e-06,1.8731724e-07,1.9986956e-07,0.0017513112
3541,118_01456,118,1456,2,RBBB,2,RBBB,0,N,0.87201154,0.87201154,0.12404892,0.0004838139,0.00030131516,1.7528778e-06,4.3343343e-07,1.4433947e-07,0.0031520885
3542,118_01457,118,1457,2,RBBB,2,RBBB,0,N,0.87099224,0.87099224,0.1264117,0.00034801263,0.00027720994,2.3303778e-06,3.8998263e-07,2.6603382e-07,0.0019678914
3543,118_01458,118,1458,2,RBBB,2,RBBB,0,N,0.9134568,0.9134568,0.08352872,0.00049831136,0.00014057689,1.3593342e-06,2.2095345e-07,1.946188e-07,0.0023738863
3544,118_01459,118,1459,2,RBBB,2,RBBB,0,N,0.94717765,0.94717765,0.050575357,0.00066458626,0.00022647383,8.224787e-07,1.8445081e-07,1.12454096e-07,0.001354813
3545,118_01460,118,1460,2,RBBB,2,RBBB,0,N,0.9640742,0.9640742,0.033356808,0.0005330171,0.00011855147,5.85001e-07,1.3967437e-07,8.6250786e-08,0.0019165891
3546,118_01461,118,1461,2,RBBB,2,RBBB,0,N,0.9718608,0.9718608,0.025651498,0.00038702457,0.00014594101,6.1151496e-07,2.1601794e-07,1.2806832e-07,0.0019537664
3547,118_01462,118,1462,2,RBBB,2,RBBB,0,N,0.92963034,0.92963034,0.06585321,0.00079639116,0.00032132663,1.0178888e-06,4.8412033e-07,1.3184331e-07,0.0033970543
3548,118_01463,118,1463,2,RBBB,2,RBBB,0,N,0.9555326,0.9555326,0.042154506,0.0003338374,0.00018097249,5.1899355e-07,1.1001158e-07,5.104249e-08,0.0017972273
3549,118_01464,118,1464,2,RBBB,2,RBBB,0,N,0.9485148,0.9485148,0.04917769,0.00036923648,0.00018268495,8.8541987e-07,1.5905148e-07,1.08098746e-07,0.0017543952
3550,118_01465,118,1465,2,RBBB,2,RBBB,0,N,0.9602201,0.9602201,0.037377104,0.00054515933,0.00014331189,6.0535825e-07,2.2516694e-07,9.186057e-08,0.0017135183
3551,118_01466,118,1466,2,RBBB,2,RBBB,0,N,0.93135196,0.93135196,0.06586948,0.00062974205,0.00013384788,9.983888e-07,2.2027336e-07,1.8873241e-07,0.0020135215
3552,118_01467,118,1467,2,RBBB,2,RBBB,0,N,0.9770712,0.9770712,0.02127074,0.00043673348,0.000106878964,2.956965e-07,7.0810046e-08,2.3445509e-08,0.0011139906
3553,118_01468,118,1468,2,RBBB,2,RBBB,0,N,0.96876645,0.96876645,0.029944187,0.00037008766,0.00012940292,4.2686756e-07,1.0881671e-07,7.188327e-08,0.0007892892
3554,118_01469,118,1469,3,APC,2,RBBB,0,N,0.99128324,0.99128324,0.0077879867,0.0001211837,3.929609e-05,1.7393486e-07,1.3920749e-07,4.625706e-08,0.00076801766
3555,118_01470,118,1470,2,RBBB,3,APC,0,N,0.8239648,0.8239648,0.17194048,0.0013333458,0.00016004841,1.6898194e-06,4.1296357e-07,1.7010429e-07,0.0025991097
3556,118_01471,118,1471,2,RBBB,2,RBBB,0,N,0.9532535,0.9532535,0.044753123,0.00027016742,0.00010391157,6.1294907e-07,1.3792426e-07,1.4925419e-07,0.0016184349
3557,118_01472,118,1472,2,RBBB,2,RBBB,0,N,0.8875447,0.8875447,0.10690951,0.0024465355,0.00021167609,1.2197944e-06,5.5743453e-07,2.4339602e-07,0.0028854602
3558,118_01473,118,1473,2,RBBB,2,RBBB,0,N,0.9917188,0.9917188,0.0077886195,6.409358e-05,6.52251e-05,1.3769038e-07,2.6260803e-08,1.6723869e-08,0.00036322468
3559,118_01474,118,1474,2,RBBB,2,RBBB,0,N,0.9499333,0.9499333,0.049128793,0.0002480831,0.000109663284,6.8478306e-07,1.3863298e-07,3.8240195e-08,0.000579419
3560,118_01475,118,1475,3,APC,2,RBBB,0,N,0.9843795,0.9843795,0.014312662,0.0002708359,5.3202944e-05,2.619411e-07,1.3701381e-07,4.930531e-08,0.0009833622
3561,118_01476,118,1476,2,RBBB,3,APC,0,N,0.9334616,0.9334616,0.060380507,0.0048949993,0.00020077688,1.6113223e-06,1.3585113e-06,2.187238e-07,0.0010589682
3562,118_01477,118,1477,2,RBBB,2,RBBB,0,N,0.9710645,0.9710645,0.02639652,0.00024179694,6.535759e-05,8.696615e-07,4.2399844e-07,1.8677713e-07,0.0022301853
3563,118_01478,118,1478,2,RBBB,2,RBBB,0,N,0.935673,0.935673,0.06096954,0.0019314726,0.0005088041,1.6174179e-06,9.226463e-07,1.899148e-07,0.00091430196
3564,118_01479,118,1479,2,RBBB,2,RBBB,0,N,0.9356491,0.9356491,0.061745625,0.00047973642,9.339703e-05,9.4771605e-07,2.5425146e-07,1.7193214e-07,0.0020307556
3565,118_01480,118,1480,2,RBBB,2,RBBB,0,N,0.85362417,0.85362417,0.14116003,0.0014364986,0.00017214975,2.618e-06,8.909114e-07,4.87117e-07,0.0036031404
3566,118_01481,118,1481,2,RBBB,2,RBBB,0,N,0.7647398,0.7647398,0.22979748,0.002420018,0.00029170286,3.9870365e-06,8.1087273e-07,4.357102e-07,0.002745651
3567,118_01482,118,1482,2,RBBB,2,RBBB,0,N,0.9366223,0.9366223,0.060576085,0.00052844395,0.000214113,7.848245e-07,1.809241e-07,1.1036363e-07,0.0020579307
3568,118_01483,118,1483,2,RBBB,2,RBBB,0,N,0.9128516,0.9128516,0.08353442,0.0012788281,0.00016245783,9.701345e-07,2.5933429e-07,1.5719313e-07,0.0021713763
3569,118_01484,118,1484,2,RBBB,2,RBBB,0,N,0.9191087,0.9191087,0.077048704,0.0015882188,0.00014693085,1.0905694e-06,2.5149228e-07,1.6662003e-07,0.0021058558
3570,118_01485,118,1485,2,RBBB,2,RBBB,0,N,0.8267027,0.8267027,0.16559026,0.0019383838,0.00034348713,2.5363966e-06,6.3222e-07,4.7237745e-07,0.0054214858
3571,118_01486,118,1486,2,RBBB,2,RBBB,0,N,0.8324729,0.8324729,0.16139108,0.0021235133,0.00025090025,2.6941682e-06,6.477007e-07,4.2769392e-07,0.003757868
3572,118_01487,118,1487,2,RBBB,2,RBBB,0,N,0.8956375,0.8956375,0.099175334,0.00093965896,0.0003932924,1.4879386e-06,3.246987e-07,2.0965962e-07,0.0038521455
3573,118_01488,118,1488,2,RBBB,2,RBBB,0,N,0.90036404,0.90036404,0.09516135,0.00072042755,0.00033598903,1.3506836e-06,2.9676357e-07,1.8177938e-07,0.0034163976
3574,118_01489,118,1489,2,RBBB,2,RBBB,0,N,0.94961673,0.94961673,0.047699638,0.0005142166,0.0001681345,5.5186905e-07,1.0989894e-07,6.339075e-08,0.002000637
3575,118_01490,118,1490,2,RBBB,2,RBBB,0,N,0.9413883,0.9413883,0.05526112,0.0010353429,0.0001700732,6.367e-07,1.2347678e-07,9.282514e-08,0.002144186
3576,118_01491,118,1491,2,RBBB,2,RBBB,0,N,0.9580344,0.9580344,0.038136605,0.0009622005,0.00012846864,4.2485235e-07,1.1654495e-07,8.420284e-08,0.0027375836
3577,118_01492,118,1492,2,RBBB,2,RBBB,0,N,0.9323164,0.9323164,0.064061955,0.0012019941,0.00015128976,8.3494695e-07,2.1151816e-07,1.3885095e-07,0.002266942
3578,118_01493,118,1493,2,RBBB,2,RBBB,0,N,0.88722557,0.88722557,0.10870494,0.0010537304,0.00028572604,1.4617875e-06,3.5114763e-07,2.8638144e-07,0.0027279255
3579,118_01494,118,1494,2,RBBB,2,RBBB,0,N,0.8938392,0.8938392,0.10181664,0.00086721685,0.00012261394,1.4248366e-06,3.170626e-07,2.198676e-07,0.0033522965
3580,118_01495,118,1495,2,RBBB,2,RBBB,0,N,0.9044108,0.9044108,0.09217849,0.0015766579,0.00032394557,1.8341401e-06,3.4240256e-07,2.798342e-07,0.0015077064
3581,118_01496,118,1496,2,RBBB,2,RBBB,0,N,0.9554108,0.9554108,0.041947246,0.0006657637,0.00010180211,6.8565015e-07,1.7564405e-07,1.09722734e-07,0.0018734195
3582,118_01497,118,1497,2,RBBB,2,RBBB,0,N,0.95694566,0.95694566,0.040288936,0.0007759991,0.0001123019,6.407092e-07,1.6857345e-07,1.3279939e-07,0.0018760886
3583,118_01498,118,1498,3,APC,2,RBBB,0,N,0.9413521,0.9413521,0.05492809,0.0010768407,0.00015762004,5.258806e-07,2.5129316e-07,8.24952e-08,0.0024845237
3584,118_01499,118,1499,2,RBBB,3,APC,0,N,0.8164542,0.8164542,0.1789594,0.0017416724,0.0001523995,9.3841726e-07,2.8875652e-07,8.6714564e-08,0.0026910426
3585,118_01500,118,1500,2,RBBB,2,RBBB,0,N,0.74463075,0.74463075,0.25102988,0.0009964758,0.0001605665,1.9042519e-06,2.4844599e-07,3.5738606e-07,0.0031798827
3586,118_01501,118,1501,2,RBBB,2,RBBB,0,N,0.7999922,0.7999922,0.19368574,0.0021534946,0.00028893788,2.4745746e-06,5.1165665e-07,3.2078435e-07,0.0038763275
3587,118_01502,118,1502,2,RBBB,2,RBBB,0,N,0.8684044,0.8684044,0.12863795,0.0010176837,0.00040980728,2.7679357e-06,3.962501e-07,4.0388898e-07,0.0015265095
3588,118_01503,118,1503,2,RBBB,2,RBBB,0,N,0.8892175,0.8892175,0.10657999,0.0007762822,0.00013889505,2.083372e-06,4.9594973e-07,3.226893e-07,0.0032843773
3589,118_01504,118,1504,2,RBBB,2,RBBB,0,N,0.84800404,0.84800404,0.14812976,0.0013121241,0.000245545,2.8847737e-06,5.7331283e-07,4.52355e-07,0.0023044883
3590,118_01505,118,1505,2,RBBB,2,RBBB,0,N,0.887909,0.887909,0.10818941,0.0013097451,0.00022322433,1.5443991e-06,3.3655385e-07,2.1388627e-07,0.002366521
3591,118_01506,118,1506,2,RBBB,2,RBBB,0,N,0.8284773,0.8284773,0.16692194,0.0014756413,0.00023560639,1.8319827e-06,3.708212e-07,2.5803962e-07,0.0028869344
3592,118_01507,118,1507,2,RBBB,2,RBBB,0,N,0.815772,0.815772,0.1796279,0.0011726638,0.00018813524,2.3836335e-06,3.536153e-07,3.4962656e-07,0.0032361445
3593,118_01508,118,1508,2,RBBB,2,RBBB,0,N,0.81846076,0.81846076,0.17689875,0.001707543,0.000273771,2.133278e-06,3.140511e-07,2.632467e-07,0.0026565308
3594,118_01509,118,1509,2,RBBB,2,RBBB,0,N,0.9137171,0.9137171,0.083100006,0.00077982934,0.00018376096,1.3580743e-06,2.3838938e-07,2.0952949e-07,0.0022175063
3595,118_01510,118,1510,2,RBBB,2,RBBB,0,N,0.8984106,0.8984106,0.09713412,0.0014925791,0.00026182106,1.9474726e-06,4.6008398e-07,3.139814e-07,0.0026981095
3596,118_01511,118,1511,2,RBBB,2,RBBB,0,N,0.89586484,0.89586484,0.10085042,0.0009103805,0.00013933159,1.665848e-06,3.052206e-07,2.7048372e-07,0.0022326799
3597,118_01512,118,1512,2,RBBB,2,RBBB,0,N,0.8869277,0.8869277,0.10924473,0.0008842934,0.00030800124,2.1518238e-06,5.004269e-07,3.4975727e-07,0.0026322517
3598,118_01513,118,1513,2,RBBB,2,RBBB,0,N,0.8911375,0.8911375,0.10661461,0.0007957997,0.00022735362,2.71882e-06,5.6116403e-07,3.157719e-07,0.0012211232
3599,118_01514,118,1514,2,RBBB,2,RBBB,0,N,0.80863756,0.80863756,0.18602069,0.00049898477,0.00045633785,6.7810747e-06,1.5349295e-06,1.1876615e-06,0.0043769116
3600,118_01515,118,1515,2,RBBB,2,RBBB,0,N,0.7574269,0.7574269,0.23763037,0.0010442273,0.00042179774,9.481114e-06,2.6111582e-06,1.7537343e-06,0.0034628373
3601,118_01516,118,1516,2,RBBB,2,RBBB,0,N,0.79783237,0.79783237,0.19723973,0.001366948,0.0004374594,4.893667e-06,8.5331243e-07,8.2231156e-07,0.0031169383
3602,118_01517,118,1517,2,RBBB,2,RBBB,0,N,0.8072747,0.8072747,0.18769063,0.0019187717,0.00047083021,4.7905696e-06,9.85759e-07,8.228818e-07,0.0026383766
3603,118_01518,118,1518,2,RBBB,2,RBBB,0,N,0.86041254,0.86041254,0.1351381,0.0007751574,0.00022076818,3.7798657e-06,7.7456644e-07,7.9437666e-07,0.0034480183
3604,118_01519,118,1519,2,RBBB,2,RBBB,0,N,0.8317407,0.8317407,0.16249065,0.002788191,0.00032879403,3.468406e-06,1.0601613e-06,5.715706e-07,0.0026465983
3605,118_01520,118,1520,2,RBBB,2,RBBB,0,N,0.818179,0.818179,0.17458113,0.0026624545,0.0003921925,3.3945803e-06,7.205744e-07,5.9931386e-07,0.0041804994
3606,118_01521,118,1521,2,RBBB,2,RBBB,0,N,0.870944,0.870944,0.12251908,0.0016692663,0.0002460398,2.2452675e-06,4.491207e-07,3.6785318e-07,0.004618518
3607,118_01522,118,1522,2,RBBB,2,RBBB,0,N,0.9355387,0.9355387,0.060319737,0.0016589051,0.0003353502,1.1390874e-06,3.1031226e-07,1.798697e-07,0.002145748
3608,118_01523,118,1523,2,RBBB,2,RBBB,0,N,0.93058354,0.93058354,0.06653232,0.0012733495,0.00012537079,8.6558686e-07,2.0234665e-07,1.0205873e-07,0.0014841439
3609,118_01524,118,1524,2,RBBB,2,RBBB,0,N,0.9573709,0.9573709,0.03988024,0.0003212861,0.00014246987,7.7285375e-07,1.6868182e-07,1.4360171e-07,0.0022840702
3610,118_01525,118,1525,2,RBBB,2,RBBB,0,N,0.9266073,0.9266073,0.07064271,0.0015187461,0.00017423964,1.2249927e-06,4.293941e-07,1.2580068e-07,0.0010551506
3611,118_01526,118,1526,2,RBBB,2,RBBB,0,N,0.8906387,0.8906387,0.10576087,0.0006556829,0.00018118968,1.6949062e-06,3.339057e-07,2.3280872e-07,0.0027612466
3612,118_01527,118,1527,2,RBBB,2,RBBB,0,N,0.8769972,0.8769972,0.118428834,0.00076993986,0.00023851804,2.3111415e-06,4.9227316e-07,3.9868993e-07,0.003562363
3613,118_01528,118,1528,2,RBBB,2,RBBB,0,N,0.8369658,0.8369658,0.1593084,0.001535454,0.00033167875,2.7642307e-06,5.757024e-07,3.3405573e-07,0.00185488
3614,118_01529,118,1529,2,RBBB,2,RBBB,0,N,0.9125658,0.9125658,0.08404032,0.0003704318,0.00015509091,1.6021082e-06,2.9370025e-07,2.772537e-07,0.002866212
3615,118_01530,118,1530,2,RBBB,2,RBBB,0,N,0.8829692,0.8829692,0.11279872,0.0014905413,0.00028401002,1.893781e-06,5.1253386e-07,3.1312376e-07,0.0024547805
3616,118_01531,118,1531,2,RBBB,2,RBBB,0,N,0.8755257,0.8755257,0.1212498,0.0010547554,0.00018901707,1.8110128e-06,3.211925e-07,2.667751e-07,0.0019782595
3617,118_01532,118,1532,2,RBBB,2,RBBB,0,N,0.8395197,0.8395197,0.15534167,0.00097544503,0.0002807313,2.6948712e-06,5.053151e-07,3.4198408e-07,0.0038788926
3618,118_01533,118,1533,2,RBBB,2,RBBB,0,N,0.8632656,0.8632656,0.13269612,0.0012980624,0.0002473119,2.0470327e-06,3.589837e-07,2.66758e-07,0.0024902197
3619,118_01534,118,1534,2,RBBB,2,RBBB,0,N,0.8500046,0.8500046,0.14571343,0.0016873957,0.0002847008,2.875673e-06,7.0878843e-07,3.9182567e-07,0.0023058688
3620,118_01535,118,1535,2,RBBB,2,RBBB,0,N,0.8701619,0.8701619,0.12358427,0.0008085635,0.0002781333,3.2233545e-06,8.095027e-07,6.828682e-07,0.0051624803
3621,118_01536,118,1536,2,RBBB,2,RBBB,0,N,0.8240929,0.8240929,0.1694886,0.0026065493,0.00041402757,4.4932217e-06,1.1493221e-06,8.56572e-07,0.0033913304
3622,118_01537,118,1537,2,RBBB,2,RBBB,0,N,0.7520753,0.7520753,0.24125192,0.0023505737,0.00031935622,4.6105483e-06,8.3715184e-07,6.296691e-07,0.003996829
3623,118_01538,118,1538,2,RBBB,2,RBBB,0,N,0.91062003,0.91062003,0.08605333,0.000678907,0.00027289786,1.920054e-06,3.615938e-07,2.7975108e-07,0.0023722772
3624,118_01539,118,1539,2,RBBB,2,RBBB,0,N,0.93624353,0.93624353,0.06152881,0.0007548372,0.00012373355,7.651408e-07,1.8517484e-07,9.927256e-08,0.001348046
3625,118_01540,118,1540,2,RBBB,2,RBBB,0,N,0.8072799,0.8072799,0.18713705,0.0030046047,0.00018424462,2.2654112e-06,7.0004097e-07,3.3443985e-07,0.002390939
3626,118_01541,118,1541,2,RBBB,2,RBBB,0,N,0.878715,0.878715,0.11673683,0.00080017175,0.00016511406,1.8777461e-06,3.0561267e-07,2.7426472e-07,0.00358051
3627,118_01542,118,1542,2,RBBB,2,RBBB,0,N,0.82008976,0.82008976,0.17482713,0.0019744495,0.0003206928,2.6108964e-06,4.827831e-07,3.5073842e-07,0.0027843893
3628,118_01543,118,1543,2,RBBB,2,RBBB,0,N,0.94878507,0.94878507,0.047968887,0.0011054988,0.00011948328,6.871923e-07,1.8302552e-07,1.3607466e-07,0.002020047
3629,118_01544,118,1544,2,RBBB,2,RBBB,0,N,0.9469002,0.9469002,0.0495694,0.00094601506,0.00012904777,5.44448e-07,1.7112745e-07,9.618633e-08,0.0024545114
3630,118_01545,118,1545,2,RBBB,2,RBBB,0,N,0.93389475,0.93389475,0.06279052,0.0010026578,0.00014213247,4.0575836e-07,1.1911278e-07,4.663785e-08,0.0021693418
3631,118_01546,118,1546,2,RBBB,2,RBBB,0,N,0.92745245,0.92745245,0.06915674,0.00085778395,9.989007e-05,4.6413342e-07,7.970811e-08,7.548973e-08,0.002432542
3632,118_01547,118,1547,2,RBBB,2,RBBB,0,N,0.96231836,0.96231836,0.03337493,0.0011861685,0.00014512721,3.0136727e-07,9.890157e-08,6.687116e-08,0.0029748948
3633,118_01548,118,1548,2,RBBB,2,RBBB,0,N,0.9751731,0.9751731,0.022758016,0.0011405457,9.797575e-05,2.9045856e-07,7.851087e-08,4.220031e-08,0.0008299883
3634,118_01549,118,1549,2,RBBB,2,RBBB,0,N,0.9901578,0.9901578,0.009005723,8.535172e-05,4.6823552e-05,1.3641473e-07,3.1252828e-08,1.4463921e-08,0.00070410874
3635,118_01550,118,1550,2,RBBB,2,RBBB,0,N,0.92453384,0.92453384,0.073406264,0.00040820692,0.00013469113,8.775065e-07,2.2133774e-07,9.602381e-08,0.0015158304
3636,118_01551,118,1551,2,RBBB,2,RBBB,0,N,0.94398457,0.94398457,0.05206376,0.00038099615,0.00014070842,4.3322785e-07,2.1711868e-07,8.202233e-08,0.0034293202
3637,118_01552,118,1552,2,RBBB,2,RBBB,0,N,0.95909935,0.95909935,0.03913168,0.00062783994,0.00014233914,4.4817278e-07,1.03863734e-07,4.246694e-08,0.0009982061
3638,118_01553,118,1553,2,RBBB,2,RBBB,0,N,0.97372365,0.97372365,0.024483517,0.00012401314,9.278637e-05,1.6552248e-07,3.7416804e-08,1.5734077e-08,0.001575891
3639,118_01554,118,1554,2,RBBB,2,RBBB,0,N,0.9494232,0.9494232,0.04896876,0.00040149168,7.919424e-05,4.200598e-07,1.0123402e-07,3.5983714e-08,0.0011267615
3640,118_01555,118,1555,2,RBBB,2,RBBB,0,N,0.9288696,0.9288696,0.06816646,0.0004485119,0.00013722382,5.24499e-07,1.10927374e-07,6.463441e-08,0.002377595
3641,118_01556,118,1556,3,APC,2,RBBB,0,N,0.9447259,0.9447259,0.050014615,0.0011524427,0.0001441626,3.1520557e-07,1.1945716e-07,5.7328304e-08,0.003962463
3642,118_01557,118,1557,2,RBBB,3,APC,0,N,0.9324911,0.9324911,0.062386803,0.0036093232,0.00019331081,3.121783e-07,1.0540464e-07,2.2116485e-08,0.0013190273
3643,118_01558,118,1558,2,RBBB,2,RBBB,0,N,0.94645005,0.94645005,0.05216468,0.000611555,3.4441397e-05,4.5718164e-07,3.922544e-08,3.669718e-08,0.00073863036
3644,118_01559,118,1559,2,RBBB,2,RBBB,0,N,0.9166805,0.9166805,0.07957615,0.0013505192,0.00022030596,7.457869e-07,2.668374e-07,9.396407e-08,0.0021713476
3645,118_01560,118,1560,2,RBBB,2,RBBB,0,N,0.90674067,0.90674067,0.08983404,0.0012691594,9.572094e-05,8.4440404e-07,2.5511358e-07,1.2490025e-07,0.0020590886
3646,118_01561,118,1561,2,RBBB,2,RBBB,0,N,0.802329,0.802329,0.19171533,0.0026891115,0.0002695169,2.276857e-06,4.3387493e-07,3.0036472e-07,0.0029940598
3647,118_01562,118,1562,2,RBBB,2,RBBB,0,N,0.8998038,0.8998038,0.09672921,0.00050646916,0.0001646799,1.516483e-06,1.8941357e-07,2.2971955e-07,0.0027938148
3648,118_01563,118,1563,2,RBBB,2,RBBB,0,N,0.8951991,0.8951991,0.10163306,0.000854464,0.00024662187,1.7844991e-06,4.3835252e-07,2.685812e-07,0.0020641116
3649,118_01564,118,1564,2,RBBB,2,RBBB,0,N,0.89398247,0.89398247,0.101267144,0.001706018,0.00018051434,1.5342157e-06,5.83302e-07,2.9218816e-07,0.002861588
3650,118_01565,118,1565,2,RBBB,2,RBBB,0,N,0.9410887,0.9410887,0.055936106,0.00033999287,0.00016344711,1.3365225e-06,2.0216491e-07,3.165721e-07,0.0024698896
3651,118_01566,118,1566,2,RBBB,2,RBBB,0,N,0.77692103,0.77692103,0.2172943,0.0014317598,0.0007302225,3.030632e-06,1.0358594e-06,2.6343284e-07,0.0036183128
3652,118_01567,118,1567,2,RBBB,2,RBBB,0,N,0.9157568,0.9157568,0.08091161,0.00048906944,0.0001323149,1.1779234e-06,1.8160337e-07,2.3416233e-07,0.002708631
3653,118_01568,118,1568,2,RBBB,2,RBBB,0,N,0.95378494,0.95378494,0.04178973,0.0019505506,0.00014647249,6.0564474e-07,2.3779127e-07,1.2268237e-07,0.0023273556
3654,118_01569,118,1569,2,RBBB,2,RBBB,0,N,0.97010887,0.97010887,0.027236048,0.0013436201,0.00010296799,2.7154738e-07,7.098675e-08,4.2115172e-08,0.0012081825
3655,118_01570,118,1570,2,RBBB,2,RBBB,0,N,0.9389369,0.9389369,0.05749245,0.0016686145,0.00011709732,5.62143e-07,1.4642994e-07,7.714299e-08,0.0017841806
3656,118_01571,118,1571,2,RBBB,2,RBBB,0,N,0.92940533,0.92940533,0.06650933,0.0007040422,0.00014628263,1.0442192e-06,1.8470926e-07,2.2458148e-07,0.0032336111
3657,118_01572,118,1572,2,RBBB,2,RBBB,0,N,0.8438672,0.8438672,0.15107775,0.0018474058,0.0003676234,2.4914862e-06,6.637474e-07,3.8453717e-07,0.0028364733
3658,118_01573,118,1573,2,RBBB,2,RBBB,0,N,0.7966746,0.7966746,0.19747628,0.0013268011,0.0002867387,2.9608489e-06,4.802063e-07,3.4776824e-07,0.0042317687
3659,118_01574,118,1574,2,RBBB,2,RBBB,0,N,0.86155343,0.86155343,0.13357961,0.0014087057,0.00033621534,2.4910503e-06,4.4909794e-07,4.6660068e-07,0.0031185783
3660,118_01575,118,1575,2,RBBB,2,RBBB,0,N,0.91070026,0.91070026,0.08341139,0.0020401392,0.00018452789,1.3790744e-06,3.944612e-07,3.0134095e-07,0.003661534
3661,118_01576,118,1576,2,RBBB,2,RBBB,0,N,0.9210908,0.9210908,0.07470607,0.0016091561,0.00022282309,1.0742639e-06,2.79131e-07,1.7680773e-07,0.0023695193
3662,118_01577,118,1577,2,RBBB,2,RBBB,0,N,0.94039744,0.94039744,0.05604084,0.0012328225,0.00018720968,7.961085e-07,2.0124266e-07,1.2364372e-07,0.002140517
3663,118_01578,118,1578,2,RBBB,2,RBBB,0,N,0.8533383,0.8533383,0.14066178,0.0023580824,0.00024682836,1.9882302e-06,3.8367418e-07,2.4953326e-07,0.003392405
3664,118_01579,118,1579,2,RBBB,2,RBBB,0,N,0.82252944,0.82252944,0.17095974,0.0016295062,0.00028052143,2.4255592e-06,4.8636116e-07,3.9708175e-07,0.004597507
3665,118_01580,118,1580,2,RBBB,2,RBBB,0,N,0.8367653,0.8367653,0.15550011,0.0017021835,0.0003787212,2.6645398e-06,6.5550984e-07,5.52729e-07,0.005649825
3666,118_01581,118,1581,2,RBBB,2,RBBB,0,N,0.90079904,0.90079904,0.09508125,0.0008961266,0.00020755288,1.415424e-06,2.2619845e-07,2.014892e-07,0.003014309
3667,118_01582,118,1582,2,RBBB,2,RBBB,0,N,0.9255607,0.9255607,0.07105222,0.0007714234,0.0002577515,6.828594e-07,1.350606e-07,6.766075e-08,0.0023570945
3668,118_01583,118,1583,2,RBBB,2,RBBB,0,N,0.9286458,0.9286458,0.06836231,0.0008295919,0.000120783036,4.760909e-07,7.495016e-08,3.744684e-08,0.0020410197
3669,118_01584,118,1584,2,RBBB,2,RBBB,0,N,0.94079536,0.94079536,0.05581387,0.0007893832,0.00015642872,5.6268493e-07,1.04349326e-07,7.692696e-08,0.002444262
3670,118_01585,118,1585,2,RBBB,2,RBBB,0,N,0.93474513,0.93474513,0.06201712,0.00071850367,0.00011460898,7.019254e-07,1.3732871e-07,9.6770826e-08,0.002403744
3671,118_01586,118,1586,2,RBBB,2,RBBB,0,N,0.8794277,0.8794277,0.11653896,0.0015857884,0.00025176746,1.1283795e-06,2.1730584e-07,9.519371e-08,0.0021943357
3672,118_01587,118,1587,2,RBBB,2,RBBB,0,N,0.84409606,0.84409606,0.15056245,0.0010271585,0.00016561877,1.3918554e-06,1.781799e-07,1.7712507e-07,0.004146946
3673,118_01588,118,1588,2,RBBB,2,RBBB,0,N,0.8916448,0.8916448,0.103356235,0.0009748959,0.00024681515,1.4547269e-06,2.6276828e-07,1.9338876e-07,0.003775364
3674,118_01589,118,1589,2,RBBB,2,RBBB,0,N,0.85079837,0.85079837,0.14515217,0.0011409323,0.00022498645,1.5106733e-06,2.0934446e-07,1.544718e-07,0.0026817168
3675,118_01590,118,1590,2,RBBB,2,RBBB,0,N,0.9009516,0.9009516,0.09603173,0.0007554431,0.00029916575,1.7965365e-06,2.8320108e-07,1.9811426e-07,0.001959618
3676,118_01591,118,1591,2,RBBB,2,RBBB,0,N,0.87151915,0.87151915,0.1244052,0.00051377254,0.00019384625,2.7635183e-06,4.4103342e-07,3.8604622e-07,0.003364424
3677,118_01592,118,1592,2,RBBB,2,RBBB,0,N,0.83494717,0.83494717,0.15870796,0.0011049722,0.00043286197,4.1530416e-06,1.3966379e-06,9.460774e-07,0.0048004193
3678,118_01593,118,1593,2,RBBB,2,RBBB,0,N,0.75958836,0.75958836,0.23258269,0.0026503326,0.00027015427,3.6807153e-06,9.64524e-07,6.7089127e-07,0.004903055
3679,118_01594,118,1594,2,RBBB,2,RBBB,0,N,0.90687484,0.90687484,0.08982767,0.00085343316,0.00025929438,1.4601369e-06,1.9969535e-07,1.7461413e-07,0.0021828488
3680,118_01595,118,1595,2,RBBB,2,RBBB,0,N,0.83391076,0.83391076,0.1610364,0.0015726669,0.0003895364,2.0850382e-06,4.784414e-07,2.1499639e-07,0.0030878058
3681,118_01596,118,1596,2,RBBB,2,RBBB,0,N,0.9099585,0.9099585,0.08540026,0.00085653603,0.00014252352,1.2121126e-06,2.0450655e-07,1.6271069e-07,0.00364062
3682,118_01597,118,1597,2,RBBB,2,RBBB,0,N,0.7893715,0.7893715,0.20412399,0.0026209187,0.00049272756,2.9666808e-06,5.9386485e-07,3.3592397e-07,0.0033869515
3683,118_01598,118,1598,2,RBBB,2,RBBB,0,N,0.8795093,0.8795093,0.114631064,0.0008404394,0.00021558492,1.6068466e-06,3.122191e-07,2.6834928e-07,0.0048013874
3684,118_01599,118,1599,2,RBBB,2,RBBB,0,N,0.86964613,0.86964613,0.12524247,0.0018090685,0.00020953403,1.5811963e-06,2.6023753e-07,2.168735e-07,0.003090707
3685,118_01600,118,1600,2,RBBB,2,RBBB,0,N,0.8780357,0.8780357,0.11804698,0.0015849342,0.000210581,1.3535855e-06,2.3881245e-07,1.5775464e-07,0.0021201868
3686,118_01601,118,1601,2,RBBB,2,RBBB,0,N,0.9317496,0.9317496,0.064903125,0.0005832972,0.00017616042,7.9684133e-07,1.8111203e-07,1.1946278e-07,0.0025867212
3687,118_01602,118,1602,2,RBBB,2,RBBB,0,N,0.9607752,0.9607752,0.036867894,0.00038454172,0.00011131377,4.7458735e-07,1.2631155e-07,7.690683e-08,0.0018603862
3688,118_01603,118,1603,2,RBBB,2,RBBB,0,N,0.90844315,0.90844315,0.08859906,0.001226583,0.00030188388,1.1303287e-06,2.9454318e-07,8.6684935e-08,0.0014279493
3689,118_01604,118,1604,2,RBBB,2,RBBB,0,N,0.9034487,0.9034487,0.09254429,0.0002786913,0.00016077553,9.030712e-07,1.2364403e-07,9.871195e-08,0.0035664153
3690,118_01605,118,1605,2,RBBB,2,RBBB,0,N,0.7061385,0.7061385,0.28814653,0.001509799,0.00025110028,3.8419753e-06,6.6733213e-07,5.2637887e-07,0.0039490173
3691,118_01606,118,1606,2,RBBB,2,RBBB,0,N,0.78545415,0.78545415,0.2083687,0.0021249382,0.0003624538,3.0165404e-06,5.7296444e-07,4.4020373e-07,0.0036858108
3692,118_01607,118,1607,2,RBBB,2,RBBB,0,N,0.8894825,0.8894825,0.10619049,0.00072859967,0.0001877916,1.3120873e-06,1.7078352e-07,1.7372727e-07,0.0034089724
3693,118_01608,118,1608,2,RBBB,2,RBBB,0,N,0.93979347,0.93979347,0.057344776,0.000970405,0.00020596744,6.546471e-07,1.622335e-07,6.427468e-08,0.0016844556
3694,118_01609,118,1609,2,RBBB,2,RBBB,0,N,0.9614099,0.9614099,0.036919247,0.00062760466,0.00011939998,5.9167394e-07,1.5146642e-07,7.284869e-08,0.00092308375
3695,118_01610,118,1610,2,RBBB,2,RBBB,0,N,0.95868325,0.95868325,0.038464516,0.00016217795,0.00011964332,7.7194875e-07,1.9876606e-07,1.223206e-07,0.0025693057
3696,118_01611,118,1611,2,RBBB,2,RBBB,0,N,0.8901156,0.8901156,0.106697656,0.0007065317,0.00026305206,2.0212224e-06,5.186776e-07,2.2096522e-07,0.0022143694
3697,118_01612,118,1612,2,RBBB,2,RBBB,0,N,0.93673986,0.93673986,0.060583055,0.00036935744,0.00021196724,9.709491e-07,1.6198499e-07,1.1661811e-07,0.002094467
3698,118_01613,118,1613,2,RBBB,2,RBBB,0,N,0.9451617,0.9451617,0.052542444,0.00043858314,0.00018542429,9.362442e-07,2.1289297e-07,9.598886e-08,0.0016705638
3699,118_01614,118,1614,2,RBBB,2,RBBB,0,N,0.96131575,0.96131575,0.036162835,0.00024251512,0.00018954583,6.241968e-07,1.7339222e-07,9.751293e-08,0.002088436
3700,118_01615,118,1615,2,RBBB,2,RBBB,0,N,0.91858995,0.91858995,0.07825738,0.00061858166,0.00019626602,1.2820732e-06,4.741473e-07,1.893626e-07,0.0023359417
3701,118_01616,118,1616,2,RBBB,2,RBBB,0,N,0.8933018,0.8933018,0.10291175,0.00043831274,0.0002756506,1.9611214e-06,3.944972e-07,2.4790884e-07,0.0030700471
3702,118_01617,118,1617,2,RBBB,2,RBBB,0,N,0.84751165,0.84751165,0.14784122,0.00081544084,0.00042748172,2.8142956e-06,5.6165965e-07,3.6849292e-07,0.0034005505
3703,118_01618,118,1618,2,RBBB,2,RBBB,0,N,0.8552779,0.8552779,0.14097033,0.00097135664,0.00022051523,3.0528997e-06,5.219475e-07,3.7120915e-07,0.0025559547
3704,118_01619,118,1619,2,RBBB,2,RBBB,0,N,0.87361836,0.87361836,0.12267031,0.00064232264,0.00040883332,2.6177786e-06,6.5205046e-07,3.3382975e-07,0.0026565392
3705,118_01620,118,1620,2,RBBB,2,RBBB,0,N,0.89806265,0.89806265,0.09896591,0.00064415176,0.00013357594,1.6747371e-06,3.4076172e-07,2.2008619e-07,0.0021915177
3706,118_01621,118,1621,2,RBBB,2,RBBB,0,N,0.8048687,0.8048687,0.18838815,0.0029468357,0.0003201676,3.0241392e-06,7.7549606e-07,4.775237e-07,0.0034717922
3707,118_01622,118,1622,2,RBBB,2,RBBB,0,N,0.9022403,0.9022403,0.09365495,0.0009939348,0.00021708859,2.000629e-06,4.0598212e-07,3.2413806e-07,0.0028909515
3708,118_01623,118,1623,2,RBBB,2,RBBB,0,N,0.8779015,0.8779015,0.11893796,0.000563375,0.00027997894,2.4680878e-06,4.525682e-07,3.2978585e-07,0.0023138071
3709,118_01624,118,1624,2,RBBB,2,RBBB,0,N,0.94858736,0.94858736,0.049198642,0.0003728846,0.0001331736,8.0161635e-07,2.2533821e-07,1.3667011e-07,0.00170681
3710,118_01625,118,1625,2,RBBB,2,RBBB,0,N,0.91672367,0.91672367,0.08006099,0.0011103454,0.00017168139,1.2785829e-06,3.407953e-07,1.989404e-07,0.001931401
3711,118_01626,118,1626,2,RBBB,2,RBBB,0,N,0.9213455,0.9213455,0.075056344,0.00057690614,0.00025362783,1.1369049e-06,2.2849262e-07,1.5612635e-07,0.0027662646
3712,118_01627,118,1627,2,RBBB,2,RBBB,0,N,0.8878561,0.8878561,0.10846432,0.00067775365,0.00025782,1.4678783e-06,2.8933664e-07,2.0301461e-07,0.0027421317
3713,118_01628,118,1628,2,RBBB,2,RBBB,0,N,0.9378123,0.9378123,0.05902503,0.00047029354,0.00018214257,1.0691568e-06,2.1744222e-07,1.8889094e-07,0.0025086903
3714,118_01629,118,1629,2,RBBB,2,RBBB,0,N,0.85570854,0.85570854,0.14004554,0.0018664715,0.00043518565,2.037556e-06,5.0864236e-07,2.0022729e-07,0.0019416157
3715,118_01630,118,1630,2,RBBB,2,RBBB,0,N,0.92520195,0.92520195,0.07078436,0.00032497037,0.00017834413,1.1701503e-06,2.3340999e-07,1.5688319e-07,0.0035087413
3716,118_01631,118,1631,2,RBBB,2,RBBB,0,N,0.93767726,0.93767726,0.058877,0.0005558731,0.00028546216,1.2412008e-06,2.879301e-07,1.6327611e-07,0.0026027346
3717,118_01632,118,1632,2,RBBB,2,RBBB,0,N,0.88270056,0.88270056,0.113027215,0.001826534,0.00035833716,1.7377183e-06,5.354732e-07,1.6551525e-07,0.0020848159
3718,118_01633,118,1633,2,RBBB,2,RBBB,0,N,0.92604613,0.92604613,0.069466546,0.0002849641,0.00022773941,1.5702207e-06,2.7739682e-07,2.4315705e-07,0.003972596
3719,118_01634,118,1634,2,RBBB,2,RBBB,0,N,0.76122135,0.76122135,0.23293594,0.0014233161,0.0005637063,7.07328e-06,1.6631469e-06,1.04684e-06,0.003845995
3720,118_01635,118,1635,2,RBBB,2,RBBB,0,N,0.71168536,0.71168536,0.28084058,0.0011746768,0.00048941345,6.8705817e-06,1.5271403e-06,1.2281324e-06,0.0058003445
3721,118_01636,118,1636,2,RBBB,2,RBBB,0,N,0.66901696,0.66901696,0.3246058,0.0012822805,0.00038448063,6.546697e-06,1.0541477e-06,7.763292e-07,0.0047020903
3722,118_01637,118,1637,2,RBBB,2,RBBB,0,N,0.80775476,0.80775476,0.18778595,0.0006417377,0.0004367534,3.1865948e-06,4.5096203e-07,4.2324464e-07,0.0033767945
3723,118_01638,118,1638,2,RBBB,2,RBBB,0,N,0.86095685,0.86095685,0.13517086,0.00079656666,0.00023372518,2.0398531e-06,3.6000637e-07,2.9122637e-07,0.0028393157
3724,118_01639,118,1639,2,RBBB,2,RBBB,0,N,0.902413,0.902413,0.093975276,0.0007834522,0.00023248524,1.4003115e-06,2.6017338e-07,1.9415263e-07,0.0025940067
3725,118_01640,118,1640,2,RBBB,2,RBBB,0,N,0.9235912,0.9235912,0.073769465,0.000591585,0.00021075907,1.3372064e-06,1.9888616e-07,1.4675103e-07,0.0018354066
3726,118_01641,118,1641,2,RBBB,2,RBBB,0,N,0.9558382,0.9558382,0.04173526,0.00026054058,0.00019130633,9.0578004e-07,1.9445324e-07,1.2964341e-07,0.0019734008
3727,118_01642,118,1642,2,RBBB,2,RBBB,0,N,0.9105014,0.9105014,0.085642084,0.0010462166,0.00021090756,1.559696e-06,4.1101077e-07,1.8201743e-07,0.00259723
3728,118_01643,118,1643,2,RBBB,2,RBBB,0,N,0.92665356,0.92665356,0.069550894,0.0007865246,0.00020486895,1.0472447e-06,2.2445232e-07,1.5280999e-07,0.0028027957
3729,118_01644,118,1644,2,RBBB,2,RBBB,0,N,0.86722136,0.86722136,0.12707831,0.0013829744,0.00034430358,2.1302706e-06,4.7942683e-07,3.1386662e-07,0.0039700326
3730,118_01645,118,1645,2,RBBB,2,RBBB,0,N,0.8371061,0.8371061,0.15798965,0.0010107316,0.0002434639,2.2138443e-06,3.4004063e-07,2.6105457e-07,0.0036471211
3731,118_01646,118,1646,2,RBBB,2,RBBB,0,N,0.84656405,0.84656405,0.14846599,0.0015253236,0.0002527019,1.7776525e-06,2.9121986e-07,2.2884326e-07,0.0031896674
3732,118_01647,118,1647,2,RBBB,2,RBBB,0,N,0.913452,0.913452,0.08266174,0.0009863363,0.0002642213,1.2504639e-06,2.6903012e-07,1.9407582e-07,0.002634054
3733,118_01648,118,1648,2,RBBB,2,RBBB,0,N,0.89718896,0.89718896,0.09886968,0.00084410235,0.00020874773,1.3287022e-06,2.462037e-07,1.4229596e-07,0.0028868048
3734,118_01649,118,1649,2,RBBB,2,RBBB,0,N,0.8523043,0.8523043,0.14343172,0.0011303667,0.0002795536,2.0235304e-06,3.3213468e-07,2.706294e-07,0.0028513966
3735,118_01650,118,1650,2,RBBB,2,RBBB,0,N,0.8888888,0.8888888,0.106190525,0.0007502921,0.00020812776,2.0152993e-06,3.165023e-07,2.7530524e-07,0.003959631
3736,118_01651,118,1651,2,RBBB,2,RBBB,0,N,0.88598233,0.88598233,0.11026917,0.0010253456,0.0002751699,1.5166268e-06,2.6219624e-07,1.5637933e-07,0.0024461297
3737,118_01652,118,1652,2,RBBB,2,RBBB,0,N,0.9264763,0.9264763,0.06993333,0.00091185776,0.0002528073,1.1340148e-06,2.443363e-07,1.4472414e-07,0.0024241244
3738,118_01653,118,1653,2,RBBB,2,RBBB,0,N,0.89782834,0.89782834,0.097168274,0.0007276239,0.0001839408,1.5821853e-06,2.3202487e-07,1.9511843e-07,0.0040897164
3739,118_01654,118,1654,2,RBBB,2,RBBB,0,N,0.8778167,0.8778167,0.11758461,0.0013496487,0.0004097723,2.3394157e-06,4.806736e-07,2.9813984e-07,0.0028361965
3740,118_01655,118,1655,2,RBBB,2,RBBB,0,N,0.8687948,0.8687948,0.12658472,0.00082197605,0.00020415596,2.2869049e-06,3.290727e-07,2.9423825e-07,0.003591468
3741,118_01656,118,1656,2,RBBB,2,RBBB,0,N,0.9315369,0.9315369,0.064989656,0.00035473183,0.00029990758,1.1696353e-06,2.3672987e-07,1.6882298e-07,0.0028172436
3742,118_01657,118,1657,2,RBBB,2,RBBB,0,N,0.9284815,0.9284815,0.06895883,0.00067059975,0.00018626713,9.880118e-07,2.0839899e-07,8.284782e-08,0.0017015068
3743,118_01658,118,1658,2,RBBB,2,RBBB,0,N,0.8844447,0.8844447,0.11271745,0.00055835804,0.00029352744,2.1556614e-06,3.003609e-07,2.1843927e-07,0.0019832852
3744,118_01659,118,1659,2,RBBB,2,RBBB,0,N,0.9020427,0.9020427,0.09315704,0.00026569635,0.00016275168,1.9753425e-06,2.9950303e-07,3.279709e-07,0.0043692584
3745,118_01660,118,1660,2,RBBB,2,RBBB,0,N,0.89718544,0.89718544,0.09953579,0.0012588246,0.00036486992,2.4943263e-06,6.0222567e-07,3.555935e-07,0.0016515785
3746,118_01661,118,1661,2,RBBB,2,RBBB,0,N,0.89796495,0.89796495,0.09809976,0.00071244,0.00025714896,1.897275e-06,3.6947694e-07,2.680466e-07,0.002963116
3747,118_01662,118,1662,2,RBBB,2,RBBB,0,N,0.8129402,0.8129402,0.1822611,0.00092976325,0.00023742246,3.2617424e-06,5.012512e-07,4.047018e-07,0.003627321
3748,118_01663,118,1663,2,RBBB,2,RBBB,0,N,0.9643614,0.9643614,0.031696863,0.00068455987,0.0003181244,8.085613e-07,3.330491e-07,1.7299693e-07,0.0029376054
3749,118_01664,118,1664,2,RBBB,2,RBBB,0,N,0.969656,0.969656,0.027973562,0.001183192,0.0001931111,5.148703e-07,2.5490382e-07,7.611964e-08,0.0009933207
3750,118_01665,118,1665,2,RBBB,2,RBBB,0,N,0.9753293,0.9753293,0.023601102,0.00030327495,5.8188547e-05,4.3413118e-07,1.185715e-07,4.4208168e-08,0.0007075359
3751,118_01666,118,1666,2,RBBB,2,RBBB,0,N,0.7933679,0.7933679,0.20220128,0.0012356355,0.00033682346,3.9686443e-06,1.2714816e-06,5.830161e-07,0.0028524278
3752,118_01667,118,1667,2,RBBB,2,RBBB,0,N,0.79558015,0.79558015,0.19960068,0.00052628183,0.00023665601,5.4821567e-06,1.206254e-06,1.3935512e-06,0.0040481975
3753,118_01668,118,1668,2,RBBB,2,RBBB,0,N,0.9369065,0.9369065,0.05971637,0.0011998373,0.000415097,2.0303173e-06,5.805031e-07,3.2506802e-07,0.0017592673
3754,118_01669,118,1669,2,RBBB,2,RBBB,0,N,0.96649534,0.96649534,0.03207757,0.00029870908,0.00014422176,8.167388e-07,1.333156e-07,1.2998875e-07,0.000983199
3755,118_01670,118,1670,2,RBBB,2,RBBB,0,N,0.96082866,0.96082866,0.03741351,0.000570898,0.00013099959,8.6374627e-07,7.9610214e-07,1.3572894e-07,0.0010541136
3756,118_01671,118,1671,3,APC,2,RBBB,0,N,0.9479017,0.9479017,0.05023508,0.0005693841,0.00011884634,1.4559344e-06,3.9061396e-07,2.1793751e-07,0.0011728215
3757,118_01672,118,1672,2,RBBB,3,APC,0,N,0.8385441,0.8385441,0.15882076,0.0013434513,0.00017308567,3.625923e-06,6.536724e-07,2.5483385e-07,0.0011141162
3758,118_01673,118,1673,2,RBBB,2,RBBB,0,N,0.8140081,0.8140081,0.18115914,0.0012632596,0.00016409812,5.365136e-06,2.061758e-06,1.0466124e-06,0.003396993
3759,118_01674,118,1674,2,RBBB,2,RBBB,0,N,0.7824853,0.7824853,0.21144095,0.0033182127,0.0004674726,7.778155e-06,2.1349879e-06,1.2736929e-06,0.0022768818
3760,118_01675,118,1675,2,RBBB,2,RBBB,0,N,0.8452835,0.8452835,0.1500226,0.0013097533,0.00037956022,4.556378e-06,1.0394854e-06,8.533417e-07,0.0029981378
3761,118_01676,118,1676,2,RBBB,2,RBBB,0,N,0.79020554,0.79020554,0.20406146,0.0023738404,0.0003593777,5.9457034e-06,2.1340613e-06,1.1942936e-06,0.0029904535
3762,118_01677,118,1677,2,RBBB,2,RBBB,0,N,0.7466579,0.7466579,0.24804278,0.0018293844,0.0003491894,7.905423e-06,2.2249967e-06,1.2584713e-06,0.003109261
3763,118_01678,118,1678,2,RBBB,2,RBBB,0,N,0.909421,0.909421,0.08726696,0.00027648898,0.00024844706,2.5770155e-06,4.2585626e-07,4.8018546e-07,0.0027835248
3764,118_01679,118,1679,2,RBBB,2,RBBB,0,N,0.92578506,0.92578506,0.0720446,0.0005282921,0.00023813626,1.3755493e-06,4.176323e-07,1.7385148e-07,0.0014019783
3765,118_01680,118,1680,2,RBBB,2,RBBB,0,N,0.881585,0.881585,0.11481024,0.0008875571,0.0002155929,1.5507438e-06,4.121641e-07,1.7522619e-07,0.0024995182
3766,118_01681,118,1681,2,RBBB,2,RBBB,0,N,0.96312106,0.96312106,0.034536917,0.00020209601,0.00014178458,6.0600763e-07,1.2216097e-07,9.8454784e-08,0.0019973598
3767,118_01682,118,1682,2,RBBB,2,RBBB,0,N,0.9362653,0.9362653,0.060687236,0.0008813568,0.00037563068,1.4010093e-06,4.9068507e-07,1.8890479e-07,0.0017883827
3768,118_01683,118,1683,2,RBBB,2,RBBB,0,N,0.9671546,0.9671546,0.03100713,0.00037320305,0.000105979714,6.2189764e-07,1.8366856e-07,7.3715206e-08,0.0013581312
3769,118_01684,118,1684,2,RBBB,2,RBBB,0,N,0.9452383,0.9452383,0.05302329,0.00042753952,0.00014109134,1.0924424e-06,2.6418886e-07,1.4131399e-07,0.0011681693
3770,118_01685,118,1685,2,RBBB,2,RBBB,0,N,0.9319149,0.9319149,0.06583777,0.00047492157,0.00013757174,1.1085014e-06,3.8114078e-07,1.5254321e-07,0.0016332617
3771,118_01686,118,1686,2,RBBB,2,RBBB,0,N,0.9243125,0.9243125,0.07306504,0.00054808496,0.00016098586,1.4283941e-06,3.5357658e-07,2.3479629e-07,0.0019113744
3772,118_01687,118,1687,2,RBBB,2,RBBB,0,N,0.76839536,0.76839536,0.22674873,0.0017508153,0.00025617695,3.6827507e-06,8.5309006e-07,5.711693e-07,0.0028438072
3773,118_01688,118,1688,2,RBBB,2,RBBB,0,N,0.84948564,0.84948564,0.14471751,0.0007393329,0.00030724166,3.0768774e-06,6.5520874e-07,5.246331e-07,0.0047460343
3774,118_01689,118,1689,2,RBBB,2,RBBB,0,N,0.84070635,0.84070635,0.15514167,0.00073141645,0.0002950245,2.2177283e-06,3.3893724e-07,2.8915184e-07,0.0031226482
3775,118_01690,118,1690,2,RBBB,2,RBBB,0,N,0.90382886,0.90382886,0.092961855,0.0010442133,0.00018839817,1.0716816e-06,2.3158533e-07,1.4541997e-07,0.001975233
3776,118_01691,118,1691,3,APC,2,RBBB,0,N,0.9553527,0.9553527,0.042477638,0.00045589887,0.00014302082,6.575674e-07,1.214239e-07,9.366353e-08,0.0015698413
3777,118_01692,118,1692,2,RBBB,3,APC,0,N,0.7913586,0.7913586,0.20411061,0.001454247,0.00021184336,2.0290215e-06,4.054198e-07,1.4924974e-07,0.0028621324
3778,118_01693,118,1693,2,RBBB,2,RBBB,0,N,0.87624484,0.87624484,0.1206699,0.00090892694,0.00013886098,1.8438368e-06,3.0807817e-07,3.3483465e-07,0.0020349524
3779,118_01694,118,1694,2,RBBB,2,RBBB,0,N,0.79070073,0.79070073,0.20169552,0.0030112301,0.00040394728,3.7102766e-06,1.0208518e-06,5.827809e-07,0.004183299
3780,118_01695,118,1695,2,RBBB,2,RBBB,0,N,0.7637639,0.7637639,0.23007116,0.0019732616,0.00029710322,3.073835e-06,4.0225999e-07,3.1954275e-07,0.0038906846
3781,118_01696,118,1696,2,RBBB,2,RBBB,0,N,0.77884823,0.77884823,0.21376781,0.0034599698,0.0003336303,2.7070198e-06,5.308366e-07,4.5344365e-07,0.0035866073
3782,118_01697,118,1697,2,RBBB,2,RBBB,0,N,0.8685824,0.8685824,0.12717268,0.0012388671,0.00020487267,2.1048768e-06,3.8842697e-07,2.7831993e-07,0.002798402
3783,118_01698,118,1698,2,RBBB,2,RBBB,0,N,0.9025918,0.9025918,0.09447848,0.00039043164,0.00029335817,1.8246786e-06,3.7227431e-07,2.5922228e-07,0.0022434709
3784,118_01699,118,1699,2,RBBB,2,RBBB,0,N,0.8659547,0.8659547,0.13011122,0.0015587822,0.00022523038,2.422941e-06,6.4857e-07,2.824492e-07,0.0021468434
3785,118_01700,118,1700,3,APC,2,RBBB,0,N,0.86209595,0.86209595,0.13271661,0.00073070783,0.00018525569,1.9157228e-06,2.924617e-07,3.409351e-07,0.004268997
3786,118_01701,118,1701,2,RBBB,3,APC,0,N,0.56753963,0.56753963,0.4211186,0.006437976,0.00043072968,2.3763162e-06,7.162716e-07,1.6602394e-07,0.004469951
3787,118_01702,118,1702,2,RBBB,2,RBBB,0,N,0.80897224,0.80897224,0.1878854,0.0014310024,0.00013700203,1.9043318e-06,1.5221589e-07,2.1633375e-07,0.0015720286
3788,118_01703,118,1703,2,RBBB,2,RBBB,0,N,0.87118864,0.87118864,0.124434836,0.0010340738,0.0002863538,1.86e-06,3.957537e-07,2.5202195e-07,0.0030535376
3789,118_01704,118,1704,2,RBBB,2,RBBB,0,N,0.8181922,0.8181922,0.17785278,0.0016973321,0.00020236356,2.7906094e-06,6.3099264e-07,2.6818032e-07,0.00205174
3790,118_01705,118,1705,2,RBBB,2,RBBB,0,N,0.87428635,0.87428635,0.12115636,0.0008239771,0.0003033332,1.976328e-06,3.721784e-07,2.8942029e-07,0.003427369
3791,118_01706,118,1706,2,RBBB,2,RBBB,0,N,0.82208973,0.82208973,0.1735146,0.0012856433,0.00030085677,3.3986164e-06,6.8400203e-07,4.6137788e-07,0.0028045785
3792,118_01707,118,1707,2,RBBB,2,RBBB,0,N,0.88707775,0.88707775,0.10913074,0.00050484115,0.00027686896,2.8629017e-06,4.860752e-07,4.0256177e-07,0.0030060722
3793,118_01708,118,1708,2,RBBB,2,RBBB,0,N,0.9006606,0.9006606,0.096919514,0.00048099013,0.00021360362,1.9617582e-06,4.1691436e-07,2.7114754e-07,0.0017226397
3794,118_01709,118,1709,2,RBBB,2,RBBB,0,N,0.92038316,0.92038316,0.07675098,0.00066359947,0.00022374002,1.2548883e-06,3.475164e-07,1.7613121e-07,0.0019768022
3795,118_01710,118,1710,2,RBBB,2,RBBB,0,N,0.86345166,0.86345166,0.13217646,0.0008662992,0.00018839311,1.6343777e-06,2.6919196e-07,1.9386395e-07,0.0033150485
3796,118_01711,118,1711,2,RBBB,2,RBBB,0,N,0.90705854,0.90705854,0.08952206,0.0006202741,0.0003130229,1.5126344e-06,2.5615373e-07,1.9142297e-07,0.0024841814
3797,118_01712,118,1712,2,RBBB,2,RBBB,0,N,0.9183857,0.9183857,0.07841799,0.00034988928,0.00025569438,1.6076289e-06,2.6784056e-07,2.289077e-07,0.0025885168
3798,118_01713,118,1713,2,RBBB,2,RBBB,0,N,0.86917543,0.86917543,0.12703633,0.00081122085,0.0002968177,2.5003274e-06,6.3035395e-07,2.9967595e-07,0.0026768977
3799,118_01714,118,1714,2,RBBB,2,RBBB,0,N,0.9140542,0.9140542,0.08263495,0.00044527074,0.00018525145,1.3926898e-06,2.2026371e-07,1.6721404e-07,0.0026784374
3800,118_01715,118,1715,2,RBBB,2,RBBB,0,N,0.82726705,0.82726705,0.16838972,0.0015963038,0.00033715958,2.269795e-06,5.0701306e-07,2.2852606e-07,0.0024067496
3801,118_01716,118,1716,2,RBBB,2,RBBB,0,N,0.88899183,0.88899183,0.106935196,0.0006242271,0.00025479577,2.2173253e-06,3.9434548e-07,3.6055687e-07,0.0031910734
3802,118_01717,118,1717,3,APC,2,RBBB,0,N,0.70610106,0.70610106,0.28705472,0.0016657271,0.00032099232,5.327081e-06,9.1766e-07,6.777134e-07,0.004850583
3803,118_01718,118,1718,2,RBBB,3,APC,0,N,0.6117768,0.6117768,0.38319665,0.0023311223,0.0003239291,3.6953033e-06,6.1101406e-07,2.4703803e-07,0.0023669347
3804,118_01719,118,1719,2,RBBB,2,RBBB,0,N,0.8659109,0.8659109,0.13160048,0.0005721692,0.00012263139,2.4060807e-06,2.6257905e-07,2.9240866e-07,0.0017908267
3805,118_01720,118,1720,2,RBBB,2,RBBB,0,N,0.8978527,0.8978527,0.09876403,0.0013239103,0.00040621797,1.8182824e-06,5.498286e-07,2.1535499e-07,0.0016506235
3806,118_01721,118,1721,2,RBBB,2,RBBB,0,N,0.9402879,0.9402879,0.05705683,0.0002753476,0.00012538013,1.1598078e-06,2.1811374e-07,1.6072195e-07,0.0022531264
3807,118_01722,118,1722,2,RBBB,2,RBBB,0,N,0.89401376,0.89401376,0.10255927,0.0012066354,0.00044513418,2.5428205e-06,6.388612e-07,2.5309402e-07,0.0017717845
3808,118_01723,118,1723,3,APC,2,RBBB,0,N,0.9192731,0.9192731,0.07653368,0.00037832363,0.00022901388,1.6030325e-06,2.9070011e-07,2.567086e-07,0.0035836287
3809,118_01724,118,1724,2,RBBB,3,APC,0,N,0.7748551,0.7748551,0.21971591,0.002656773,0.00026416974,2.577429e-06,5.334925e-07,1.8416094e-07,0.002504688
3810,118_01725,118,1725,2,RBBB,2,RBBB,0,N,0.89035404,0.89035404,0.10730019,0.0007252823,0.00014732483,1.6877121e-06,1.780441e-07,2.2425533e-07,0.0014711001
3811,118_01726,118,1726,2,RBBB,2,RBBB,0,N,0.8783171,0.8783171,0.117502734,0.0015433942,0.00027297714,1.4074216e-06,4.224782e-07,1.486751e-07,0.002361786
3812,118_01727,118,1727,2,RBBB,2,RBBB,0,N,0.83226305,0.83226305,0.16467741,0.0009018058,0.00014773718,2.2752965e-06,3.253626e-07,2.2786222e-07,0.0020071927
3813,118_01728,118,1728,2,RBBB,2,RBBB,0,N,0.8854708,0.8854708,0.111385114,0.000763999,0.00031935138,2.5963332e-06,4.6147807e-07,3.5473298e-07,0.0020572315
3814,118_01729,118,1729,2,RBBB,2,RBBB,0,N,0.8711391,0.8711391,0.12564367,0.00054586696,0.00020817477,2.8540321e-06,5.9870393e-07,4.4279446e-07,0.0024593081
3815,118_01730,118,1730,2,RBBB,2,RBBB,0,N,0.9481837,0.9481837,0.049478192,0.00022312374,0.00022619606,1.7016985e-06,3.8071443e-07,2.5415795e-07,0.0018865059
3816,118_01731,118,1731,2,RBBB,2,RBBB,0,N,0.81531537,0.81531537,0.18169154,0.00096492056,0.00047326044,4.666643e-06,1.0354124e-06,4.078748e-07,0.001548726
3817,118_01732,118,1732,2,RBBB,2,RBBB,0,N,0.9458427,0.9458427,0.051488172,0.000160336,0.00014540581,1.2125289e-06,2.1899629e-07,1.738169e-07,0.0023616971
3818,118_01733,118,1733,2,RBBB,2,RBBB,0,N,0.95820165,0.95820165,0.040067438,0.0003526918,0.0002216076,1.2096375e-06,3.1002781e-07,1.7991061e-07,0.0011548735
3819,118_01734,118,1734,2,RBBB,2,RBBB,0,N,0.89216036,0.89216036,0.1047107,0.0007961735,0.00025525098,2.0096418e-06,5.954744e-07,2.0192174e-07,0.0020747988
3820,118_01735,118,1735,2,RBBB,2,RBBB,0,N,0.93297905,0.93297905,0.06459375,0.0002505454,0.00020372226,1.8413305e-06,2.8481668e-07,2.3048953e-07,0.001970677
3821,118_01736,118,1736,3,APC,2,RBBB,0,N,0.9310232,0.9310232,0.0667679,0.0001797055,0.00027014347,2.1664798e-06,3.7956875e-07,3.0914512e-07,0.0017561605
3822,118_01737,118,1737,2,RBBB,3,APC,0,N,0.8652371,0.8652371,0.1318912,0.00097334903,0.00020756134,1.7463972e-06,5.5305026e-07,1.2702978e-07,0.0016883593
3823,118_01738,118,1738,2,RBBB,2,RBBB,0,N,0.85313934,0.85313934,0.14418724,0.0011616144,0.00011303077,2.8673044e-06,4.0072217e-07,3.831058e-07,0.0013950486
3824,118_01739,118,1739,2,RBBB,2,RBBB,0,N,0.7415253,0.7415253,0.2507885,0.003260832,0.00037262504,4.802204e-06,1.3665177e-06,7.1291583e-07,0.0040458827
3825,118_01740,118,1740,2,RBBB,2,RBBB,0,N,0.9168596,0.9168596,0.080017254,0.00033427085,0.00024438283,2.0106886e-06,4.2376212e-07,4.0216722e-07,0.002541773
3826,118_01741,118,1741,2,RBBB,2,RBBB,0,N,0.8557841,0.8557841,0.14088216,0.0011431066,0.0002320643,2.5592421e-06,6.531013e-07,2.6839498e-07,0.0019551418
3827,118_01742,118,1742,2,RBBB,2,RBBB,0,N,0.8976907,0.8976907,0.09988319,0.0006665096,0.0001981529,1.5853545e-06,2.6349954e-07,2.0653971e-07,0.0015593605
3828,118_01743,118,1743,2,RBBB,2,RBBB,0,N,0.9501295,0.9501295,0.047742035,0.00029702805,0.00018489154,1.1902957e-06,3.0313618e-07,1.9829693e-07,0.0016447135
3829,118_01744,118,1744,2,RBBB,2,RBBB,0,N,0.8663966,0.8663966,0.13074796,0.00080766587,0.0001775575,2.6709245e-06,6.066776e-07,3.1561245e-07,0.0018666388
3830,118_01745,118,1745,2,RBBB,2,RBBB,0,N,0.8747626,0.8747626,0.12108417,0.00088630244,0.0002533953,1.8525221e-06,5.1276544e-07,3.006374e-07,0.003010816
3831,118_01746,118,1746,2,RBBB,2,RBBB,0,N,0.85589314,0.85589314,0.14071372,0.001271502,0.00020759391,2.481784e-06,3.971744e-07,3.4462383e-07,0.0019108086
3832,118_01747,118,1747,2,RBBB,2,RBBB,0,N,0.9102262,0.9102262,0.086698726,0.0005112896,0.00032796327,2.0827395e-06,5.4254565e-07,3.55209e-07,0.002232906
3833,118_01748,118,1748,3,APC,2,RBBB,0,N,0.8276268,0.8276268,0.16898526,0.0008156364,0.00017219671,3.224697e-06,8.063827e-07,4.229874e-07,0.0023957323
3834,118_01749,118,1749,2,RBBB,3,APC,0,N,0.7156669,0.7156669,0.27927706,0.0016694597,0.00028263606,3.9310507e-06,8.0607055e-07,3.5685684e-07,0.0030988243
3835,118_01750,118,1750,2,RBBB,2,RBBB,0,N,0.7564842,0.7564842,0.24010487,0.0015645123,0.00012870425,3.460602e-06,3.378373e-07,4.6696525e-07,0.0017134778
3836,118_01751,118,1751,2,RBBB,2,RBBB,0,N,0.81729597,0.81729597,0.17637017,0.002980688,0.00037073295,2.8896673e-06,1.135622e-06,4.7046504e-07,0.0029778962
3837,118_01752,118,1752,2,RBBB,2,RBBB,0,N,0.9307046,0.9307046,0.066720456,0.0004260956,0.00012415732,1.2817425e-06,2.4380063e-07,2.0850865e-07,0.0020229304
3838,118_01753,118,1753,3,APC,2,RBBB,0,N,0.8741254,0.8741254,0.12284795,0.0014089833,0.00027769632,1.7262004e-06,5.07684e-07,1.44287e-07,0.0013375253
3839,118_01754,118,1754,2,RBBB,3,APC,0,N,0.9057007,0.9057007,0.09174641,0.0005051631,0.000112266855,8.86919e-07,1.6321005e-07,5.9596477e-08,0.0019343552
3840,118_01755,118,1755,2,RBBB,2,RBBB,0,N,0.90026546,0.90026546,0.09749022,0.000608554,0.00013936337,1.7408547e-06,3.6797786e-07,1.7740855e-07,0.001494111
3841,118_01756,118,1756,2,RBBB,2,RBBB,0,N,0.93161416,0.93161416,0.0656197,0.0006828876,0.00017892731,9.35361e-07,2.2156848e-07,1.3032349e-07,0.0019030292
3842,118_01757,118,1757,2,RBBB,2,RBBB,0,N,0.9027179,0.9027179,0.094414696,0.0012486521,0.00019860861,2.0139503e-06,4.0384703e-07,2.5692415e-07,0.0014174831
3843,118_01758,118,1758,3,APC,2,RBBB,0,N,0.88744414,0.88744414,0.10800127,0.0007200664,0.0002582192,2.7056262e-06,6.432643e-07,4.4509454e-07,0.0035725716
3844,118_01759,118,1759,2,RBBB,3,APC,0,N,0.7720504,0.7720504,0.22290571,0.0019272786,0.00026349735,2.964964e-06,7.050047e-07,2.6728026e-07,0.0028492867
3845,118_01760,118,1760,2,RBBB,2,RBBB,0,N,0.83453983,0.83453983,0.16225682,0.0012651822,0.00017174016,2.529598e-06,3.3465594e-07,3.3274776e-07,0.001763207
3846,118_01761,118,1761,2,RBBB,2,RBBB,0,N,0.85825163,0.85825163,0.13693525,0.002155828,0.00037350215,3.0042806e-06,8.375878e-07,3.7654513e-07,0.0022796644
3847,118_01762,118,1762,2,RBBB,2,RBBB,0,N,0.8728819,0.8728819,0.123078406,0.0005398019,0.00024700453,2.096574e-06,4.9953775e-07,3.324587e-07,0.003250006
3848,118_01763,118,1763,2,RBBB,2,RBBB,0,N,0.82397306,0.82397306,0.171429,0.0015648246,0.00019107986,2.6949533e-06,6.6350555e-07,3.597032e-07,0.0028383913
3849,118_01764,118,1764,2,RBBB,2,RBBB,0,N,0.86674666,0.86674666,0.1297071,0.0012831435,0.00023911268,1.7052471e-06,2.7228714e-07,2.0770338e-07,0.0020216745
3850,118_01765,118,1765,2,RBBB,2,RBBB,0,N,0.918143,0.918143,0.07865447,0.0008523595,0.00020632442,1.0462217e-06,2.4749215e-07,1.17414615e-07,0.0021424475
3851,118_01766,118,1766,3,APC,2,RBBB,0,N,0.92452943,0.92452943,0.07270846,0.0007527371,0.00012378486,1.1364597e-06,2.2220043e-07,1.4772476e-07,0.0018840174
3852,118_01767,118,1767,2,RBBB,3,APC,0,N,0.78419214,0.78419214,0.20647798,0.004586842,0.00026858976,1.4987929e-06,5.301875e-07,1.3434445e-07,0.0044723465
3853,118_01768,118,1768,2,RBBB,2,RBBB,0,N,0.847544,0.847544,0.14841427,0.0017887842,0.00014471731,1.7991389e-06,2.3670862e-07,2.3499805e-07,0.0021058966
3854,118_01769,118,1769,2,RBBB,2,RBBB,0,N,0.74029565,0.74029565,0.2519325,0.002252389,0.00048015278,2.9100481e-06,7.231597e-07,3.2913036e-07,0.0050353324
3855,118_01770,118,1770,3,APC,2,RBBB,0,N,0.72121423,0.72121423,0.272866,0.0022336654,0.00024522425,3.7945972e-06,5.7785235e-07,5.263674e-07,0.0034359707
3856,118_01771,118,1771,2,RBBB,3,APC,0,N,0.54507405,0.54507405,0.4475621,0.003938567,0.00031663515,4.1680964e-06,6.639844e-07,2.758186e-07,0.003103516
3857,118_01772,118,1772,2,RBBB,2,RBBB,0,N,0.6291415,0.6291415,0.365719,0.001640475,0.00017085113,6.020231e-06,8.582237e-07,8.8054963e-07,0.003320524
3858,118_01773,118,1773,2,RBBB,2,RBBB,0,N,0.6616347,0.6616347,0.32879212,0.004045514,0.00063014275,5.297584e-06,1.5394884e-06,7.025334e-07,0.00488993
3859,118_01774,118,1774,3,APC,2,RBBB,0,N,0.7405112,0.7405112,0.25467214,0.0013956212,0.00032448795,5.0447998e-06,6.765366e-07,6.5602075e-07,0.0030902189
3860,118_01775,118,1775,2,RBBB,3,APC,0,N,0.8266992,0.8266992,0.16959442,0.001275167,0.0002982912,2.064316e-06,4.5870732e-07,1.4094559e-07,0.0021301978
3861,118_01776,118,1776,2,RBBB,2,RBBB,0,N,0.91816807,0.91816807,0.07977087,0.00058607187,6.187553e-05,1.1016565e-06,1.9723547e-07,1.5393813e-07,0.0014117074
3862,118_01777,118,1777,2,RBBB,2,RBBB,0,N,0.9259576,0.9259576,0.07076273,0.0016679941,0.00027968775,1.0266907e-06,3.5476438e-07,1.2481676e-07,0.0013305246
3863,118_01778,118,1778,2,RBBB,2,RBBB,0,N,0.8748659,0.8748659,0.12197448,0.0006122223,0.00017556982,1.8125116e-06,2.970566e-07,2.378473e-07,0.0023694704
3864,118_01779,118,1779,2,RBBB,2,RBBB,0,N,0.881526,0.881526,0.114712104,0.0007029146,0.00025722815,2.0573718e-06,4.4503423e-07,2.6215835e-07,0.0027989293
3865,118_01780,118,1780,2,RBBB,2,RBBB,0,N,0.8933632,0.8933632,0.10383266,0.0006623534,0.00022724862,2.0092275e-06,3.1570735e-07,2.3297123e-07,0.0019120857
3866,118_01781,118,1781,2,RBBB,2,RBBB,0,N,0.92912245,0.92912245,0.06807683,0.00062423403,0.00026975037,1.325155e-06,3.4758617e-07,1.6251033e-07,0.0019048207
3867,118_01782,118,1782,2,RBBB,2,RBBB,0,N,0.90412045,0.90412045,0.09256254,0.00058532046,0.00016690264,1.5141974e-06,3.534631e-07,2.489121e-07,0.0025627725
3868,118_01783,118,1783,2,RBBB,2,RBBB,0,N,0.8381779,0.8381779,0.15708037,0.0012069904,0.00028192528,3.6253389e-06,9.1149656e-07,4.930472e-07,0.0032478569
3869,118_01784,118,1784,2,RBBB,2,RBBB,0,N,0.8247432,0.8247432,0.17079161,0.0010666543,0.0004077238,3.1302536e-06,5.3665775e-07,3.8907754e-07,0.0029867112
3870,118_01785,118,1785,2,RBBB,2,RBBB,0,N,0.90926117,0.90926117,0.08749192,0.0004259571,0.00018885949,1.7185815e-06,3.0496568e-07,2.4706438e-07,0.002629824
3871,118_01786,118,1786,2,RBBB,2,RBBB,0,N,0.9087414,0.9087414,0.08755982,0.0009738987,0.00036179204,1.6619782e-06,4.2042876e-07,1.802479e-07,0.0023607886
3872,118_01787,118,1787,2,RBBB,2,RBBB,0,N,0.87535685,0.87535685,0.12090568,0.00083247875,0.00026277878,2.028996e-06,3.695971e-07,2.1676375e-07,0.002639682
3873,118_01788,118,1788,2,RBBB,2,RBBB,0,N,0.8644668,0.8644668,0.1299309,0.0006200078,0.0002243687,2.4758306e-06,4.30988e-07,3.4142727e-07,0.00475468
3874,118_01789,118,1789,2,RBBB,2,RBBB,0,N,0.922419,0.922419,0.07367464,0.00079372735,0.00031469786,1.3539401e-06,2.7604403e-07,1.8974634e-07,0.0027961715
3875,118_01790,118,1790,2,RBBB,2,RBBB,0,N,0.87204915,0.87204915,0.12379439,0.0015800884,0.00027304929,1.3730408e-06,2.871377e-07,1.3453626e-07,0.00230155
3876,118_01791,118,1791,2,RBBB,2,RBBB,0,N,0.8839875,0.8839875,0.11133375,0.00058164226,0.00018376834,1.6132241e-06,2.2390105e-07,2.0408791e-07,0.00391135
3877,118_01792,118,1792,2,RBBB,2,RBBB,0,N,0.8075536,0.8075536,0.18684022,0.001474887,0.0003382176,2.736951e-06,4.6869772e-07,3.053681e-07,0.0037896407
3878,118_01793,118,1793,2,RBBB,2,RBBB,0,N,0.88370895,0.88370895,0.112626106,0.0010473581,0.00027645982,1.817146e-06,3.2458314e-07,2.3246494e-07,0.002338761
3879,118_01794,118,1794,2,RBBB,2,RBBB,0,N,0.927665,0.927665,0.06851062,0.00048402633,0.00022591639,1.2403669e-06,2.608743e-07,1.98182e-07,0.003112839
3880,118_01795,118,1795,2,RBBB,2,RBBB,0,N,0.8738029,0.8738029,0.12210724,0.0012578579,0.00023442275,2.1343049e-06,5.0573027e-07,2.782099e-07,0.0025948172
3881,118_01796,118,1796,2,RBBB,2,RBBB,0,N,0.90815294,0.90815294,0.08829174,0.0005457269,0.00026949798,1.8104076e-06,3.0320112e-07,2.2376271e-07,0.0027376297
3882,118_01797,118,1797,2,RBBB,2,RBBB,0,N,0.87519056,0.87519056,0.122059904,0.0007217823,0.00028478232,2.5240977e-06,4.5799553e-07,2.541483e-07,0.0017397193
3883,118_01798,118,1798,2,RBBB,2,RBBB,0,N,0.9156112,0.9156112,0.08108215,0.00043786384,0.00019666045,1.8264182e-06,3.9536746e-07,2.500944e-07,0.002669646
3884,118_01799,118,1799,2,RBBB,2,RBBB,0,N,0.9081282,0.9081282,0.089160696,0.0008592718,0.00016861864,1.7563403e-06,3.1977007e-07,1.9285494e-07,0.0016809267
3885,118_01800,118,1800,2,RBBB,2,RBBB,0,N,0.9303067,0.9303067,0.06719654,0.0007072241,0.00024659382,1.3047717e-06,3.2733942e-07,1.5591719e-07,0.0015412276
3886,118_01801,118,1801,2,RBBB,2,RBBB,0,N,0.8550877,0.8550877,0.14101085,0.0007571298,0.00019431613,2.6402379e-06,5.844045e-07,3.453904e-07,0.0029463354
3887,118_01802,118,1802,2,RBBB,2,RBBB,0,N,0.8508543,0.8508543,0.1449815,0.00047117978,0.00021665209,2.8544205e-06,4.739019e-07,4.3879203e-07,0.003472649
3888,118_01803,118,1803,2,RBBB,2,RBBB,0,N,0.7818509,0.7818509,0.21271464,0.0022405721,0.00046483483,3.057536e-06,5.607178e-07,3.158851e-07,0.0027250357
3889,118_01804,118,1804,2,RBBB,2,RBBB,0,N,0.9115019,0.9115019,0.08569851,0.00044414387,0.00020470844,1.5174733e-06,1.8241772e-07,1.9019741e-07,0.0021488252
3890,118_01805,118,1805,2,RBBB,2,RBBB,0,N,0.8735,0.8735,0.122907184,0.000662004,0.00026438385,2.890107e-06,6.9185967e-07,3.861035e-07,0.0026624827
3891,118_01806,118,1806,2,RBBB,2,RBBB,0,N,0.8675394,0.8675394,0.12878606,0.0009464566,0.0003004546,3.3384524e-06,8.119467e-07,5.736059e-07,0.0024229507
3892,118_01807,118,1807,2,RBBB,2,RBBB,0,N,0.80420583,0.80420583,0.19126427,0.0012280667,0.0002084698,3.7703455e-06,6.305201e-07,5.060857e-07,0.0030885225
3893,118_01808,118,1808,2,RBBB,2,RBBB,0,N,0.92637813,0.92637813,0.07119497,0.0004886504,0.00025271904,1.693644e-06,3.1208523e-07,2.4708584e-07,0.0016832992
3894,118_01809,118,1809,2,RBBB,2,RBBB,0,N,0.93056536,0.93056536,0.06698665,0.00085842144,0.0001824109,1.0809354e-06,3.595516e-07,1.4275457e-07,0.0014056257
3895,118_01810,118,1810,2,RBBB,2,RBBB,0,N,0.93237346,0.93237346,0.06468421,0.00046221702,0.000117889685,1.1652033e-06,2.8326943e-07,2.19916e-07,0.002360516
3896,118_01811,118,1811,2,RBBB,2,RBBB,0,N,0.8017037,0.8017037,0.19333509,0.0019016715,0.0003612388,3.3476965e-06,7.5604885e-07,3.6178778e-07,0.002693838
3897,118_01812,118,1812,2,RBBB,2,RBBB,0,N,0.8718135,0.8718135,0.12480704,0.00054352725,0.0002201358,2.0510988e-06,3.1326368e-07,2.7306987e-07,0.0026132087
3898,118_01813,118,1813,2,RBBB,2,RBBB,0,N,0.92020327,0.92020327,0.07682678,0.00043153102,0.00025366564,1.8360753e-06,4.6721362e-07,2.8105455e-07,0.0022821939
3899,118_01814,118,1814,2,RBBB,2,RBBB,0,N,0.92312694,0.92312694,0.07385223,0.0006880076,0.0002063944,1.2179094e-06,3.1733546e-07,1.4619378e-07,0.0021249074
3900,118_01815,118,1815,2,RBBB,2,RBBB,0,N,0.92118937,0.92118937,0.076624066,0.00084625883,0.0001894077,1.6780286e-06,2.6565112e-07,1.5348044e-07,0.0011488613
3901,118_01816,118,1816,2,RBBB,2,RBBB,0,N,0.91838366,0.91838366,0.07820143,0.00032263502,0.00018751343,1.5121858e-06,3.462297e-07,2.0904862e-07,0.002902681
3902,118_01817,118,1817,2,RBBB,2,RBBB,0,N,0.9021921,0.9021921,0.09444479,0.0007002204,0.00018727417,1.8288102e-06,6.4690414e-07,3.0689478e-07,0.0024728705
3903,118_01818,118,1818,2,RBBB,2,RBBB,0,N,0.91711295,0.91711295,0.07997993,0.0007519564,0.0002044788,1.4392136e-06,3.006975e-07,1.9859299e-07,0.0019487469
3904,118_01819,118,1819,2,RBBB,2,RBBB,0,N,0.89421874,0.89421874,0.10243277,0.0011719042,0.00028114516,1.8416353e-06,4.7086024e-07,2.2056824e-07,0.0018929013
3905,118_01820,118,1820,2,RBBB,2,RBBB,0,N,0.8869143,0.8869143,0.108057655,0.00046757673,0.00034117597,3.0464207e-06,7.1690914e-07,6.403568e-07,0.0042148377
3906,118_01821,118,1821,2,RBBB,2,RBBB,0,N,0.7821235,0.7821235,0.2107809,0.0012621238,0.00033016718,5.2723517e-06,1.4307013e-06,8.0343375e-07,0.0054957173
3907,118_01822,118,1822,2,RBBB,2,RBBB,0,N,0.80972296,0.80972296,0.18559709,0.0017547027,0.00056313054,3.787554e-06,5.899675e-07,4.632925e-07,0.0023572799
3908,118_01823,118,1823,2,RBBB,2,RBBB,0,N,0.9462366,0.9462366,0.051434167,0.00024624958,0.00015795663,1.1139049e-06,1.8973086e-07,1.5818975e-07,0.0019234378
3909,118_01824,118,1824,2,RBBB,2,RBBB,0,N,0.90274185,0.90274185,0.09442387,0.00064067176,0.00018451143,1.5423049e-06,4.3485952e-07,1.8785894e-07,0.0020069596
3910,118_01825,118,1825,2,RBBB,2,RBBB,0,N,0.9106737,0.9106737,0.08607432,0.0007068757,0.00014932688,1.0290744e-06,2.6091854e-07,1.6892969e-07,0.0023943475
3911,118_01826,118,1826,2,RBBB,2,RBBB,0,N,0.9226325,0.9226325,0.07416343,0.0008566463,0.00024931968,1.187612e-06,2.3590471e-07,1.5202912e-07,0.0020964788
3912,118_01827,118,1827,2,RBBB,2,RBBB,0,N,0.9016523,0.9016523,0.095244855,0.00043335516,0.00018540477,1.2869856e-06,1.5625761e-07,1.245653e-07,0.0024824645
3913,118_01828,118,1828,2,RBBB,2,RBBB,0,N,0.8582993,0.8582993,0.13704659,0.0010349003,0.00029236532,2.114768e-06,4.8947385e-07,2.99299e-07,0.0033238404
3914,118_01829,118,1829,2,RBBB,2,RBBB,0,N,0.8212041,0.8212041,0.1734083,0.0015724628,0.00035896627,3.9958045e-06,7.86315e-07,7.1505127e-07,0.0034506472
3915,118_01830,118,1830,2,RBBB,2,RBBB,0,N,0.80684966,0.80684966,0.18597892,0.00090249226,0.00036685247,4.277778e-06,7.34724e-07,7.136132e-07,0.0058964016
3916,118_01831,118,1831,2,RBBB,2,RBBB,0,N,0.8421196,0.8421196,0.15251237,0.0015802855,0.00051158154,2.9473754e-06,5.859122e-07,4.5567742e-07,0.0032721646
3917,118_01832,118,1832,2,RBBB,2,RBBB,0,N,0.9352323,0.9352323,0.06258759,0.00064524496,0.00015185645,1.1200513e-06,1.9192397e-07,1.4830198e-07,0.0013815524
3918,118_01833,118,1833,2,RBBB,2,RBBB,0,N,0.9147472,0.9147472,0.082029626,0.00069472427,0.00022614573,1.4046501e-06,3.5292848e-07,1.7286925e-07,0.0023002967
3919,118_01834,118,1834,2,RBBB,2,RBBB,0,N,0.9392651,0.9392651,0.057915937,0.00069855485,0.00013932152,9.200602e-07,2.4009745e-07,1.3370433e-07,0.0019798635
3920,118_01835,118,1835,2,RBBB,2,RBBB,0,N,0.951228,0.951228,0.046302218,0.0005303111,0.0002119864,8.563888e-07,1.8760498e-07,1.0158872e-07,0.0017262475
3921,118_01836,118,1836,2,RBBB,2,RBBB,0,N,0.9341345,0.9341345,0.06336997,0.0005243869,0.00020124839,1.0566722e-06,2.7560262e-07,1.04381535e-07,0.001768607
3922,118_01837,118,1837,2,RBBB,2,RBBB,0,N,0.92199564,0.92199564,0.074334785,0.00057812314,0.00017406994,1.1132372e-06,3.1722234e-07,1.4280805e-07,0.0029158653
3923,118_01838,118,1838,2,RBBB,2,RBBB,0,N,0.84722304,0.84722304,0.14889291,0.0012245162,0.00026300203,2.795368e-06,5.6130455e-07,3.48369e-07,0.0023927854
3924,118_01839,118,1839,2,RBBB,2,RBBB,0,N,0.8181997,0.8181997,0.1764726,0.0011284959,0.00032917285,3.7099387e-06,8.0605554e-07,5.0914673e-07,0.003864975
3925,118_01840,118,1840,2,RBBB,2,RBBB,0,N,0.94517654,0.94517654,0.05183879,0.00042563598,0.00020871217,1.0447422e-06,2.4636395e-07,1.6636311e-07,0.0023489145
3926,118_01841,118,1841,2,RBBB,2,RBBB,0,N,0.9128633,0.9128633,0.08388776,0.0011181302,0.00025693435,1.3604696e-06,3.8191732e-07,1.6942067e-07,0.0018719415
3927,118_01842,118,1842,2,RBBB,2,RBBB,0,N,0.9229558,0.9229558,0.07406775,0.00057722157,0.00015683171,1.0188177e-06,2.1949145e-07,1.1727296e-07,0.0022410485
3928,118_01843,118,1843,2,RBBB,2,RBBB,0,N,0.87675476,0.87675476,0.1194251,0.000724845,0.000212941,1.6654054e-06,2.6419764e-07,1.9270085e-07,0.002880251
3929,118_01844,118,1844,2,RBBB,2,RBBB,0,N,0.81112874,0.81112874,0.1828742,0.0016696695,0.00037535033,2.5224194e-06,5.7634696e-07,3.520864e-07,0.003948608
3930,118_01845,118,1845,2,RBBB,2,RBBB,0,N,0.896158,0.896158,0.10027309,0.0004972934,0.00016157678,1.6475934e-06,2.3945003e-07,2.0687841e-07,0.0029079702
3931,118_01846,118,1846,2,RBBB,2,RBBB,0,N,0.94485694,0.94485694,0.052447613,0.0004539679,0.0003763214,1.0217751e-06,2.3759348e-07,1.00445135e-07,0.0018639008
3932,118_01847,118,1847,2,RBBB,2,RBBB,0,N,0.9431529,0.9431529,0.054702464,0.00039492708,0.000115555624,5.7631013e-07,1.15300175e-07,5.5605454e-08,0.001633424
3933,118_01848,118,1848,2,RBBB,2,RBBB,0,N,0.90254706,0.90254706,0.09463922,0.0008307345,0.00017437329,1.5477858e-06,3.1678056e-07,1.6656428e-07,0.0018066715
3934,118_01849,118,1849,2,RBBB,2,RBBB,0,N,0.885355,0.885355,0.1103068,0.00068127766,0.00030260213,2.8307481e-06,5.722428e-07,4.8061094e-07,0.0033503468
3935,118_01850,118,1850,2,RBBB,2,RBBB,0,N,0.9006882,0.9006882,0.095397,0.00069948426,0.00020410075,2.5160955e-06,5.4856383e-07,3.8310282e-07,0.0030078464
3936,118_01851,118,1851,2,RBBB,2,RBBB,0,N,0.91658825,0.91658825,0.080414906,0.0010116484,0.00032608642,1.8431534e-06,4.183591e-07,1.9908732e-07,0.0016566106
3937,118_01852,118,1852,2,RBBB,2,RBBB,0,N,0.9662971,0.9662971,0.03207567,0.0002664431,0.00013711562,7.4755206e-07,1.6026854e-07,9.405506e-08,0.0012227773
3938,118_01853,118,1853,2,RBBB,2,RBBB,0,N,0.9232686,0.9232686,0.07408028,0.0007187769,0.00017272418,1.778079e-06,5.281774e-07,2.3761272e-07,0.0017570781
3939,118_01854,118,1854,2,RBBB,2,RBBB,0,N,0.8636909,0.8636909,0.13189252,0.0009394523,0.00020087465,2.7249605e-06,7.759666e-07,4.3516576e-07,0.0032724536
3940,118_01855,118,1855,2,RBBB,2,RBBB,0,N,0.8854723,0.8854723,0.11060469,0.0010710286,0.00027521825,2.2117e-06,5.835681e-07,3.417848e-07,0.0025735789
3941,118_01856,118,1856,2,RBBB,2,RBBB,0,N,0.90882367,0.90882367,0.08765222,0.00076810556,0.00024465006,1.5344538e-06,3.6366512e-07,2.1207727e-07,0.0025093125
3942,118_01857,118,1857,2,RBBB,2,RBBB,0,N,0.855636,0.855636,0.14009263,0.001231334,0.00026572918,2.2898091e-06,4.989095e-07,2.2656207e-07,0.0027714185
3943,118_01858,118,1858,2,RBBB,2,RBBB,0,N,0.8091526,0.8091526,0.18621072,0.00074712187,0.00021777225,2.6117843e-06,3.409924e-07,3.1931154e-07,0.0036685884
3944,118_01859,118,1859,2,RBBB,2,RBBB,0,N,0.93894607,0.93894607,0.05676405,0.00044159134,0.00040453274,9.266529e-07,2.5741033e-07,1.6235084e-07,0.0034425051
3945,118_01860,118,1860,2,RBBB,2,RBBB,0,N,0.84611815,0.84611815,0.14939074,0.0017688066,0.0002737253,1.8384181e-06,3.6387263e-07,1.64496e-07,0.002446255
3946,118_01861,118,1861,2,RBBB,2,RBBB,0,N,0.88479537,0.88479537,0.11092234,0.0005786347,0.00026830344,1.7408192e-06,2.353742e-07,1.9635178e-07,0.0034331754
3947,118_01862,118,1862,2,RBBB,2,RBBB,0,N,0.91563433,0.91563433,0.081577964,0.000398717,0.00022297696,1.7440062e-06,2.520382e-07,2.8314673e-07,0.0021638353
3948,118_01863,118,1863,2,RBBB,2,RBBB,0,N,0.92618406,0.92618406,0.07039468,0.0010663571,0.00022786263,1.5265866e-06,4.2930807e-07,2.2321905e-07,0.0021248283
3949,118_01864,118,1864,2,RBBB,2,RBBB,0,N,0.9066946,0.9066946,0.08943294,0.0014491997,0.0001778526,1.2163997e-06,2.8505576e-07,1.5164252e-07,0.002243825
3950,118_01865,118,1865,2,RBBB,2,RBBB,0,N,0.8862634,0.8862634,0.11022281,0.000952245,0.00023882465,2.0581729e-06,3.7620052e-07,2.333747e-07,0.0023201238
3951,118_01866,118,1866,2,RBBB,2,RBBB,0,N,0.8447579,0.8447579,0.15061614,0.0007367234,0.00032158155,3.2541072e-06,7.095246e-07,5.106033e-07,0.0035631377
3952,118_01867,118,1867,2,RBBB,2,RBBB,0,N,0.93793106,0.93793106,0.059124425,0.00041034239,0.00016906539,1.3359564e-06,2.608644e-07,1.9500631e-07,0.0023631968
3953,118_01868,118,1868,2,RBBB,2,RBBB,0,N,0.8892919,0.8892919,0.10790136,0.0011579526,0.00031323556,1.8373805e-06,3.7934498e-07,1.604247e-07,0.0013332898
3954,118_01869,118,1869,2,RBBB,2,RBBB,0,N,0.89038473,0.89038473,0.10538999,0.00044840085,0.0001942473,1.8425566e-06,3.5358363e-07,2.4697962e-07,0.0035801886
3955,118_01870,118,1870,2,RBBB,2,RBBB,0,N,0.8947827,0.8947827,0.10259155,0.0004609675,0.00018155423,2.4000037e-06,3.360651e-07,3.2604066e-07,0.001980073
3956,118_01871,118,1871,2,RBBB,2,RBBB,0,N,0.89109856,0.89109856,0.10588205,0.0006848079,0.0002751019,2.4639874e-06,4.7460978e-07,2.9794535e-07,0.0020563535
3957,118_01872,118,1872,2,RBBB,2,RBBB,0,N,0.93994963,0.93994963,0.057353403,0.00054327835,0.00018075788,1.1358745e-06,2.7135317e-07,1.6854183e-07,0.0019713747
3958,118_01873,118,1873,2,RBBB,2,RBBB,0,N,0.81845593,0.81845593,0.1762462,0.0018210341,0.00025540683,2.810169e-06,6.154582e-07,3.8130102e-07,0.0032175411
3959,118_01874,118,1874,2,RBBB,2,RBBB,0,N,0.81846064,0.81846064,0.17626485,0.0011770045,0.00026333597,2.936282e-06,4.2397605e-07,3.3347197e-07,0.003830553
3960,118_01875,118,1875,2,RBBB,2,RBBB,0,N,0.9163605,0.9163605,0.080136575,0.00070588244,0.00028773866,1.3690511e-06,2.57061e-07,1.8879727e-07,0.00250745
3961,118_01876,118,1876,2,RBBB,2,RBBB,0,N,0.9665075,0.9665075,0.031772327,0.00050110865,0.00011572942,6.1934384e-07,1.29262e-07,7.0485e-08,0.001102439
3962,118_01877,118,1877,2,RBBB,2,RBBB,0,N,0.9323968,0.9323968,0.064960755,0.0006762755,0.0002193996,1.1892791e-06,2.9933324e-07,1.3585537e-07,0.0017450734
3963,118_01878,118,1878,2,RBBB,2,RBBB,0,N,0.88438463,0.88438463,0.11134931,0.0006053284,0.0001435788,2.2143788e-06,4.0174092e-07,2.77844e-07,0.0035143197
3964,118_01879,118,1879,2,RBBB,2,RBBB,0,N,0.77401423,0.77401423,0.22141254,0.0017322733,0.00043752117,5.2382084e-06,9.2524783e-07,6.048834e-07,0.0023966217
3965,118_01880,118,1880,2,RBBB,2,RBBB,0,N,0.93219715,0.93219715,0.06463028,0.0004922597,0.00020252896,1.3665438e-06,3.1949222e-07,2.3654322e-07,0.0024759453
3966,118_01881,118,1881,2,RBBB,2,RBBB,0,N,0.91066927,0.91066927,0.08661325,0.00091625453,0.00015139603,1.6853438e-06,4.2778413e-07,2.8107473e-07,0.0016474111
3967,118_01882,118,1882,2,RBBB,2,RBBB,0,N,0.9307189,0.9307189,0.06661695,0.0006645407,0.00017524025,1.3785703e-06,4.3911157e-07,2.3922266e-07,0.0018225076
3968,118_01883,118,1883,2,RBBB,2,RBBB,0,N,0.91857773,0.91857773,0.07760407,0.001099394,0.00025670274,1.5056363e-06,4.9986556e-07,2.2701161e-07,0.0024599028
3969,118_01884,118,1884,2,RBBB,2,RBBB,0,N,0.85269696,0.85269696,0.14221336,0.0012708,0.00025278094,2.6070386e-06,5.179197e-07,3.6864895e-07,0.0035625973
3970,118_01885,118,1885,2,RBBB,2,RBBB,0,N,0.7572075,0.7572075,0.23616047,0.0016352367,0.00041730358,4.0295276e-06,8.746194e-07,5.9816284e-07,0.0045739003
3971,118_01886,118,1886,2,RBBB,2,RBBB,0,N,0.877715,0.877715,0.11841691,0.0015805304,0.00024705727,2.1992955e-06,4.0818114e-07,3.070199e-07,0.0020374744
3972,118_01887,118,1887,3,APC,2,RBBB,0,N,0.9045154,0.9045154,0.09138823,0.0010709779,0.0001842765,2.0397313e-06,4.1304008e-07,3.8796122e-07,0.0028383501
3973,118_01888,118,1888,2,RBBB,3,APC,0,N,0.94809854,0.94809854,0.047154095,0.0026543094,0.00014322031,5.116949e-07,3.0222148e-07,6.7024395e-08,0.0019488432
3974,118_01889,118,1889,2,RBBB,2,RBBB,0,N,0.8630569,0.8630569,0.13096012,0.004560142,9.578584e-05,1.0961392e-06,2.3051233e-07,1.0580208e-07,0.0013256287
3975,118_01890,118,1890,2,RBBB,2,RBBB,0,N,0.74225545,0.74225545,0.25024366,0.00311244,0.00048805802,3.3270494e-06,7.5272925e-07,3.4129957e-07,0.0038959058
3976,118_01891,118,1891,2,RBBB,2,RBBB,0,N,0.9123343,0.9123343,0.08454144,0.0006109531,0.0002337679,1.9238687e-06,3.452229e-07,3.04975e-07,0.0022769542
3977,118_01892,118,1892,2,RBBB,2,RBBB,0,N,0.87798005,0.87798005,0.11865199,0.0012312671,0.00023763813,2.1704675e-06,5.9468823e-07,2.9991338e-07,0.0018959746
3978,118_01893,118,1893,2,RBBB,2,RBBB,0,N,0.8760147,0.8760147,0.1212572,0.0009569264,0.00018484841,2.3499797e-06,4.7594847e-07,2.6854852e-07,0.0015832417
3979,118_01894,118,1894,2,RBBB,2,RBBB,0,N,0.8972795,0.8972795,0.099028714,0.00051574234,0.0002424774,2.5365216e-06,4.9528853e-07,4.2773442e-07,0.0029301445
3980,118_01895,118,1895,2,RBBB,2,RBBB,0,N,0.84809715,0.84809715,0.14726444,0.0016366233,0.0004124164,3.9408687e-06,9.78605e-07,6.1965727e-07,0.0025839044
3981,118_01896,118,1896,2,RBBB,2,RBBB,0,N,0.697866,0.697866,0.29576603,0.0016975345,0.00027187617,4.9730343e-06,8.161253e-07,7.272335e-07,0.0043920395
3982,118_01897,118,1897,2,RBBB,2,RBBB,0,N,0.75744593,0.75744593,0.2362105,0.0014226504,0.00052746333,6.169198e-06,1.2314273e-06,1.1674597e-06,0.0043848287
3983,118_01898,118,1898,2,RBBB,2,RBBB,0,N,0.6997863,0.6997863,0.2946397,0.0017225209,0.0004104473,6.1138476e-06,1.1962155e-06,1.0327357e-06,0.003432711
3984,118_01899,118,1899,2,RBBB,2,RBBB,0,N,0.7934702,0.7934702,0.20090798,0.0010168711,0.00031765606,4.4583367e-06,8.287035e-07,6.83373e-07,0.004281422
3985,118_01900,118,1900,2,RBBB,2,RBBB,0,N,0.9109277,0.9109277,0.08685698,0.00053500803,0.00028442865,1.9495621e-06,3.124575e-07,2.380177e-07,0.0013933724
3986,118_01901,118,1901,2,RBBB,2,RBBB,0,N,0.8920162,0.8920162,0.10447495,0.00080366863,0.00027210545,1.8790474e-06,5.16245e-07,2.492135e-07,0.0024302702
3987,118_01902,118,1902,2,RBBB,2,RBBB,0,N,0.9045914,0.9045914,0.09198523,0.000885497,0.00014837524,1.5256849e-06,3.4319217e-07,2.1566541e-07,0.0023874529
3988,118_01903,118,1903,2,RBBB,2,RBBB,0,N,0.7246261,0.7246261,0.26909253,0.0029475836,0.00035839056,4.534358e-06,9.053041e-07,5.473192e-07,0.0029694668
3989,118_01904,118,1904,2,RBBB,2,RBBB,0,N,0.90672743,0.90672743,0.08917645,0.0007195557,0.00026261635,2.371733e-06,6.0968677e-07,4.3640924e-07,0.0031104202
3990,118_01905,118,1905,2,RBBB,2,RBBB,0,N,0.8895991,0.8895991,0.1062426,0.0010140847,0.0002641149,2.0842165e-06,5.851333e-07,2.961143e-07,0.0028771253
3991,118_01906,118,1906,2,RBBB,2,RBBB,0,N,0.86651653,0.86651653,0.12933321,0.0016029892,0.00026757052,2.1980154e-06,5.856728e-07,3.1492277e-07,0.0022765584
3992,118_01907,118,1907,2,RBBB,2,RBBB,0,N,0.79742765,0.79742765,0.19650534,0.0018330482,0.000251847,3.2737457e-06,6.2651895e-07,4.7583845e-07,0.0039777593
3993,118_01908,118,1908,2,RBBB,2,RBBB,0,N,0.8806838,0.8806838,0.11385993,0.00093786523,0.0002997337,2.208684e-06,4.3825148e-07,4.452285e-07,0.004215657
3994,118_01909,118,1909,2,RBBB,2,RBBB,0,N,0.8350934,0.8350934,0.15828724,0.003873458,0.00029708265,1.9336874e-06,5.2303227e-07,2.469188e-07,0.0024460156
3995,118_01910,118,1910,3,APC,2,RBBB,0,N,0.91460854,0.91460854,0.08188394,0.0009400022,0.00013383992,9.655429e-07,1.5496536e-07,1.2938732e-07,0.0024324323
3996,118_01911,118,1911,2,RBBB,3,APC,0,N,0.6922644,0.6922644,0.29856408,0.0051704044,0.00032888338,3.0764322e-06,7.35776e-07,2.8681558e-07,0.0036681932
3997,118_01912,118,1912,2,RBBB,2,RBBB,0,N,0.87640566,0.87640566,0.120038606,0.0014031981,0.00011612104,1.7804844e-06,2.2929986e-07,2.680434e-07,0.0020341014
3998,118_01913,118,1913,2,RBBB,2,RBBB,0,N,0.9117079,0.9117079,0.08454356,0.0013024556,0.00024128116,1.1531179e-06,3.0705573e-07,1.377882e-07,0.0022032454
3999,118_01914,118,1914,2,RBBB,2,RBBB,0,N,0.82596207,0.82596207,0.16980945,0.0025996752,0.00019514299,2.436539e-06,5.1802505e-07,2.2426259e-07,0.0014306098
4000,118_01915,118,1915,2,RBBB,2,RBBB,0,N,0.90637314,0.90637314,0.08996105,0.0005326481,0.00013895288,1.4836962e-06,2.881993e-07,2.1656885e-07,0.002992244
4001,118_01916,118,1916,2,RBBB,2,RBBB,0,N,0.8022553,0.8022553,0.19216897,0.0025868495,0.0003060904,3.272319e-06,8.993962e-07,4.2533074e-07,0.0026783303
4002,118_01917,118,1917,2,RBBB,2,RBBB,0,N,0.87252885,0.87252885,0.1229484,0.0012986768,0.0002450491,2.1231738e-06,4.2342685e-07,3.742331e-07,0.002976119
4003,118_01918,118,1918,2,RBBB,2,RBBB,0,N,0.82559216,0.82559216,0.16913801,0.0019812225,0.00025751954,2.8008342e-06,6.314544e-07,4.0943425e-07,0.0030273155
4004,118_01919,118,1919,2,RBBB,2,RBBB,0,N,0.90012234,0.90012234,0.09562718,0.00081394264,0.0002904832,1.8874904e-06,3.7503105e-07,3.3489601e-07,0.0031434346
4005,118_01920,118,1920,2,RBBB,2,RBBB,0,N,0.7745424,0.7745424,0.22036952,0.002881175,0.00027043608,4.18269e-06,8.663623e-07,4.467458e-07,0.0019309297
4006,118_01921,118,1921,2,RBBB,2,RBBB,0,N,0.8936596,0.8936596,0.10182726,0.00070536335,0.00024659696,2.264002e-06,4.4335943e-07,4.067851e-07,0.0035580082
4007,118_01922,118,1922,2,RBBB,2,RBBB,0,N,0.7877459,0.7877459,0.20536532,0.0031667915,0.0002727737,3.4009317e-06,9.126837e-07,5.116831e-07,0.0034443175
4008,118_01923,118,1923,2,RBBB,2,RBBB,0,N,0.81132865,0.81132865,0.18278317,0.0017563555,0.0002885106,2.5709055e-06,5.339096e-07,4.371954e-07,0.0038396958
4009,118_01924,118,1924,2,RBBB,2,RBBB,0,N,0.85367364,0.85367364,0.14132245,0.0017841114,0.00023943077,2.0682644e-06,3.8445322e-07,2.4294383e-07,0.002977652
4010,118_01925,118,1925,2,RBBB,2,RBBB,0,N,0.8519665,0.8519665,0.1440562,0.0014580585,0.0002311937,1.8324e-06,2.7576306e-07,2.3763921e-07,0.0022856907
4011,118_01926,118,1926,2,RBBB,2,RBBB,0,N,0.9485356,0.9485356,0.048737336,0.00042249967,0.00011649031,7.2294813e-07,1.3175624e-07,1.3236024e-07,0.0021870676
4012,118_01927,118,1927,2,RBBB,2,RBBB,0,N,0.9180496,0.9180496,0.07902513,0.0014932826,0.00022852376,1.2584825e-06,2.6076847e-07,1.0342999e-07,0.0012019604
4013,118_01928,118,1928,2,RBBB,2,RBBB,0,N,0.9682417,0.9682417,0.030171642,0.00016369295,0.00011037637,6.278688e-07,1.1649771e-07,8.722713e-08,0.0013117974
4014,118_01929,118,1929,2,RBBB,2,RBBB,0,N,0.9578472,0.9578472,0.039871056,0.00045095023,0.00012612065,7.9457317e-07,2.4542348e-07,1.003804e-07,0.0017035889
4015,118_01930,118,1930,2,RBBB,2,RBBB,0,N,0.97076017,0.97076017,0.027665857,0.0005150269,0.00013265958,9.813529e-07,2.375615e-07,2.2043398e-07,0.00092489383
4016,118_01931,118,1931,2,RBBB,2,RBBB,0,N,0.9946137,0.9946137,0.004564134,0.00010202385,5.9653743e-05,1.4814731e-07,8.846162e-08,2.3200117e-08,0.0006602145
4017,118_01932,118,1932,2,RBBB,2,RBBB,0,N,0.9807364,0.9807364,0.018103153,0.00023118971,0.00010917556,3.392448e-07,2.574778e-07,3.9029246e-08,0.00081946515
4018,118_01933,118,1933,3,APC,2,RBBB,0,N,0.944654,0.944654,0.051962983,0.0005761948,7.707519e-05,6.0508256e-07,3.994057e-07,1.2190402e-07,0.0027286375
4019,118_01934,118,1934,2,RBBB,3,APC,0,N,0.89130175,0.89130175,0.10270596,0.0025673565,0.00014538954,7.723561e-07,3.1350024e-07,1.0731363e-07,0.0032784468
4020,118_01935,118,1935,2,RBBB,2,RBBB,0,N,0.7684046,0.7684046,0.2230177,0.0044614766,0.000204095,2.8107202e-06,5.546192e-07,6.411253e-07,0.003908079
4021,118_01936,118,1936,2,RBBB,2,RBBB,0,N,0.8300898,0.8300898,0.16217712,0.002064365,0.00033071838,2.236632e-06,6.3209177e-07,3.3976124e-07,0.0053347913
4022,118_01937,118,1937,2,RBBB,2,RBBB,0,N,0.82832277,0.82832277,0.16717643,0.0014446886,0.0004448764,2.7783078e-06,4.2832798e-07,3.8431816e-07,0.0026076066
4023,118_01938,118,1938,2,RBBB,2,RBBB,0,N,0.8980729,0.8980729,0.098726474,0.00079109886,0.00011857139,1.1867502e-06,1.9211603e-07,1.2571948e-07,0.002289471
4024,118_01939,118,1939,2,RBBB,2,RBBB,0,N,0.87316346,0.87316346,0.12354919,0.0010437067,0.00027749417,1.8206689e-06,3.1369254e-07,1.8768915e-07,0.001963901
4025,118_01940,118,1940,2,RBBB,2,RBBB,0,N,0.86296904,0.86296904,0.1327004,0.00108839,0.00016450218,1.7699139e-06,3.3787416e-07,2.6739318e-07,0.003075384
4026,118_01941,118,1941,2,RBBB,2,RBBB,0,N,0.9169158,0.9169158,0.080156624,0.0009168279,0.0001709861,1.4450787e-06,3.074908e-07,1.967787e-07,0.0018379205
4027,118_01942,118,1942,2,RBBB,2,RBBB,0,N,0.90926415,0.90926415,0.087261215,0.00067366514,0.00025032382,1.3636177e-06,2.744246e-07,1.8621306e-07,0.0025488152
4028,118_01943,118,1943,2,RBBB,2,RBBB,0,N,0.8811679,0.8811679,0.11461943,0.0012836026,0.00018386968,1.4750184e-06,3.8267657e-07,2.1514106e-07,0.0027431587
4029,118_01944,118,1944,2,RBBB,2,RBBB,0,N,0.9016304,0.9016304,0.094108924,0.0010627155,0.0002540524,1.8438446e-06,3.2451942e-07,2.7100626e-07,0.0029414413
4030,118_01945,118,1945,2,RBBB,2,RBBB,0,N,0.9360815,0.9360815,0.06200562,0.00031568762,0.00018511449,1.1978225e-06,1.9620227e-07,1.5052449e-07,0.0014105624
4031,118_01946,118,1946,2,RBBB,2,RBBB,0,N,0.9637316,0.9637316,0.03459213,0.0002709554,0.00012234636,6.876216e-07,2.4172434e-07,1.13550165e-07,0.0012819862
4032,118_01947,118,1947,2,RBBB,2,RBBB,0,N,0.93014556,0.93014556,0.06678291,0.0011567003,0.00011819592,1.1573297e-06,3.523871e-07,1.7495357e-07,0.0017950324
4033,118_01948,118,1948,2,RBBB,2,RBBB,0,N,0.9104425,0.9104425,0.08564798,0.001382401,0.00021083339,1.252711e-06,2.5481648e-07,1.9397693e-07,0.0023146619
4034,118_01949,118,1949,2,RBBB,2,RBBB,0,N,0.8739855,0.8739855,0.12109775,0.0011942929,0.00031518165,2.7433944e-06,5.8405163e-07,5.390268e-07,0.003403355
4035,118_01950,118,1950,2,RBBB,2,RBBB,0,N,0.83516777,0.83516777,0.16000468,0.001336527,0.00025832508,3.4813256e-06,9.284265e-07,5.456876e-07,0.0032277876
4036,118_01951,118,1951,2,RBBB,2,RBBB,0,N,0.9200261,0.9200261,0.07665981,0.00068594806,0.00019009174,1.3190696e-06,2.804024e-07,2.3464453e-07,0.0024361275
4037,118_01952,118,1952,2,RBBB,2,RBBB,0,N,0.87317324,0.87317324,0.12297391,0.0016004436,0.0002733267,1.6709208e-06,4.2128204e-07,2.2289866e-07,0.001976729
4038,118_01953,118,1953,2,RBBB,2,RBBB,0,N,0.88414675,0.88414675,0.11161728,0.0005199229,0.00019215715,1.7426931e-06,2.725404e-07,2.7536015e-07,0.003521504
4039,118_01954,118,1954,2,RBBB,2,RBBB,0,N,0.83030236,0.83030236,0.16460758,0.001179585,0.0003427724,2.7129572e-06,4.495745e-07,4.629378e-07,0.0035642504
4040,118_01955,118,1955,2,RBBB,2,RBBB,0,N,0.8033341,0.8033341,0.19014274,0.0020204147,0.00024849758,2.3150067e-06,3.8583778e-07,2.8834762e-07,0.0042513493
4041,118_01956,118,1956,2,RBBB,2,RBBB,0,N,0.91527015,0.91527015,0.08147971,0.00097609253,0.00028358086,1.0382828e-06,1.8630125e-07,1.2030199e-07,0.001989174
4042,118_01957,118,1957,2,RBBB,2,RBBB,0,N,0.9089267,0.9089267,0.08774592,0.00086084544,0.00014602035,1.1255033e-06,2.2036063e-07,1.3811638e-07,0.0023191217
4043,118_01958,118,1958,2,RBBB,2,RBBB,0,N,0.87547034,0.87547034,0.11989586,0.0010985073,0.00020025882,1.7271705e-06,4.0228423e-07,2.4018465e-07,0.003332566
4044,118_01959,118,1959,2,RBBB,2,RBBB,0,N,0.8892653,0.8892653,0.10649635,0.0009434837,0.00025747844,1.3493897e-06,2.6559937e-07,1.8152386e-07,0.0030355598
4045,118_01960,118,1960,2,RBBB,2,RBBB,0,N,0.9159581,0.9159581,0.080603614,0.0010062389,0.00017609847,1.0744437e-06,1.7991461e-07,1.4797256e-07,0.0022544765
4046,118_01961,118,1961,2,RBBB,2,RBBB,0,N,0.865354,0.865354,0.12947597,0.0019640669,0.00021384856,1.751701e-06,3.5135966e-07,2.3298303e-07,0.0029897662
4047,118_01962,118,1962,2,RBBB,2,RBBB,0,N,0.9120447,0.9120447,0.0845719,0.000777018,0.0001640164,1.3270411e-06,2.4905154e-07,1.9707329e-07,0.0024406346
4048,118_01963,118,1963,2,RBBB,2,RBBB,0,N,0.95044506,0.95044506,0.04697875,0.0005027581,0.00015526431,8.522967e-07,2.0548715e-07,1.3585293e-07,0.0019170061
4049,118_01964,118,1964,2,RBBB,2,RBBB,0,N,0.92224896,0.92224896,0.07437833,0.0010791599,0.00027305062,1.1388155e-06,3.279676e-07,1.2500328e-07,0.002018851
4050,118_01965,118,1965,2,RBBB,2,RBBB,0,N,0.88780296,0.88780296,0.10861884,0.00040005194,0.00019860473,1.6250196e-06,2.4196854e-07,2.0322948e-07,0.0029774932
4051,118_01966,118,1966,2,RBBB,2,RBBB,0,N,0.76002496,0.76002496,0.23376617,0.0008341391,0.00041161763,4.452925e-06,7.459909e-07,5.780144e-07,0.0049573914
4052,118_01967,118,1967,2,RBBB,2,RBBB,0,N,0.8904596,0.8904596,0.105659105,0.0008033113,0.00033216196,2.0700347e-06,3.5136512e-07,3.5612211e-07,0.0027429825
4053,118_01968,118,1968,2,RBBB,2,RBBB,0,N,0.9216726,0.9216726,0.07475141,0.0007073586,0.00026300663,1.7108537e-06,3.2995484e-07,2.670349e-07,0.0026032906
4054,118_01969,118,1969,2,RBBB,2,RBBB,0,N,0.9288278,0.9288278,0.067566864,0.0007012287,0.00034791668,1.4337917e-06,4.1120757e-07,1.8307658e-07,0.002554123
4055,118_01970,118,1970,2,RBBB,2,RBBB,0,N,0.9009977,0.9009977,0.09616202,0.0007910339,0.00019258897,1.8793559e-06,3.2641026e-07,2.0189914e-07,0.001854207
4056,118_01971,118,1971,2,RBBB,2,RBBB,0,N,0.9147373,0.9147373,0.08137851,0.00034731167,0.00024330309,1.5991104e-06,3.206537e-07,2.593904e-07,0.0032913806
4057,118_01972,118,1972,2,RBBB,2,RBBB,0,N,0.9579455,0.9579455,0.040273454,0.000473738,0.00014638105,8.688303e-07,2.1204609e-07,1.1990241e-07,0.0011597117
4058,118_01973,118,1973,2,RBBB,2,RBBB,0,N,0.95597845,0.95597845,0.04190258,0.0003649719,0.00017817105,8.61104e-07,1.9767671e-07,9.078792e-08,0.0015746283
4059,118_01974,118,1974,2,RBBB,2,RBBB,0,N,0.93046606,0.93046606,0.06653284,0.0004415993,0.0002292388,1.268401e-06,3.1274277e-07,1.5613796e-07,0.0023285933
4060,118_01975,118,1975,2,RBBB,2,RBBB,0,N,0.94628817,0.94628817,0.05066041,0.00027436359,0.0001770465,1.0098269e-06,2.2470736e-07,1.5928534e-07,0.0025986356
4061,118_01976,118,1976,2,RBBB,2,RBBB,0,N,0.94027346,0.94027346,0.057211567,0.00045405797,0.0002798907,1.1408013e-06,2.7464324e-07,1.3159531e-07,0.0017794186
4062,118_01977,118,1977,2,RBBB,2,RBBB,0,N,0.9513146,0.9513146,0.046484746,0.00042700552,0.00021891473,9.722336e-07,2.2615467e-07,1.2032194e-07,0.0015533783
4063,118_01978,118,1978,2,RBBB,2,RBBB,0,N,0.87420547,0.87420547,0.12177912,0.00045276555,0.0001613795,2.0003718e-06,3.0679797e-07,2.41527e-07,0.0033987826
4064,118_01979,118,1979,2,RBBB,2,RBBB,0,N,0.9151559,0.9151559,0.081287466,0.000571121,0.00027255662,1.3850963e-06,2.7931657e-07,2.0741965e-07,0.0027110905
4065,118_01980,118,1980,2,RBBB,2,RBBB,0,N,0.8635863,0.8635863,0.13234472,0.0015223394,0.00037262603,2.3112395e-06,5.751331e-07,3.0311517e-07,0.0021708722
4066,118_01981,118,1981,2,RBBB,2,RBBB,0,N,0.9417662,0.9417662,0.05524322,0.00018337945,0.00019020135,1.6913323e-06,3.0838103e-07,2.9526728e-07,0.00261474
4067,118_01982,118,1982,2,RBBB,2,RBBB,0,N,0.91976,0.91976,0.07775929,0.00050758105,0.00042369278,3.0079896e-06,7.61128e-07,3.204406e-07,0.00154541
4068,118_01983,118,1983,2,RBBB,2,RBBB,0,N,0.90751845,0.90751845,0.09114375,0.000152951,0.000371624,4.8300844e-06,7.964469e-07,3.7598065e-07,0.00080708467
4069,118_01984,118,1984,2,RBBB,2,RBBB,0,N,0.9065215,0.9065215,0.086654335,0.00013591442,0.00030060616,7.974486e-06,4.660753e-06,1.7300943e-06,0.006373259
4070,118_01985,118,1985,2,RBBB,2,RBBB,0,N,0.98483866,0.98483866,0.014674752,0.00019233588,0.00019179701,1.8260235e-06,2.0359946e-06,3.1616776e-07,9.8240715e-05
4071,118_01986,118,1986,2,RBBB,2,RBBB,0,N,0.9834008,0.9834008,0.015485695,0.0001129138,0.00016324969,1.3516939e-06,1.9691274e-06,1.8198753e-07,0.0008336893
4072,118_01987,118,1987,2,RBBB,2,RBBB,0,N,0.9941194,0.9941194,0.0045325374,0.000854488,5.683487e-05,2.098983e-07,4.1470628e-07,2.8048778e-08,0.00043612334
4073,118_01988,118,1988,2,RBBB,2,RBBB,0,N,0.9963126,0.9963126,0.0033134634,0.00021811665,8.033588e-05,1.0012488e-07,3.5098772e-08,1.5928894e-08,7.528333e-05
4074,118_01989,118,1989,2,RBBB,2,RBBB,0,N,0.99363077,0.99363077,0.0057912963,7.5130105e-05,4.749177e-05,1.955957e-07,4.8212934e-07,2.5400361e-08,0.00045463254
4075,118_01990,118,1990,2,RBBB,2,RBBB,0,N,0.97620654,0.97620654,0.022914244,0.00015281021,0.00011319615,1.0523365e-06,5.121997e-07,1.1397307e-07,0.0006115659
4076,118_01991,118,1991,3,APC,2,RBBB,0,N,0.8892919,0.8892919,0.10871404,0.00044025993,0.0001965905,4.8126676e-06,1.2467292e-06,6.2736495e-07,0.0013507163
4077,118_01992,118,1992,2,RBBB,3,APC,0,N,0.91059405,0.91059405,0.0881047,0.00045048082,0.00016443674,4.3620726e-06,2.0768837e-06,6.320283e-07,0.0006793128
4078,118_01993,118,1993,2,RBBB,2,RBBB,0,N,0.90626013,0.90626013,0.090362445,0.0006960266,0.00015142129,3.1242346e-06,2.0864256e-06,5.8541514e-07,0.002524142
4079,118_01994,118,1994,2,RBBB,2,RBBB,0,N,0.97110873,0.97110873,0.027703173,0.00043716148,0.00016881897,2.2171923e-06,1.5235402e-06,6.558635e-07,0.00057772687
4080,118_01995,118,1995,2,RBBB,2,RBBB,0,N,0.9449129,0.9449129,0.05274746,0.0006132725,0.00027573676,4.3823734e-06,3.171641e-06,6.5680484e-07,0.0014423247
4081,118_01996,118,1996,2,RBBB,2,RBBB,0,N,0.9778963,0.9778963,0.020668056,0.00010833763,0.00018001931,1.7226874e-06,9.742072e-07,4.595167e-07,0.0011442708
4082,118_01997,118,1997,3,APC,2,RBBB,0,N,0.90514696,0.90514696,0.09195149,0.0008264498,0.00033793965,3.7650666e-06,2.5227416e-06,5.7082485e-07,0.0017303408
4083,118_01998,118,1998,2,RBBB,3,APC,0,N,0.86182433,0.86182433,0.13692231,0.00034620025,0.00018054836,4.635351e-06,9.2574766e-07,3.2185008e-07,0.0007206476
4084,118_01999,118,1999,2,RBBB,2,RBBB,0,N,0.9524038,0.9524038,0.046118133,0.00029856103,0.00018280021,4.1954345e-06,1.9681431e-06,5.5846806e-07,0.0009901028
4085,118_02000,118,2000,2,RBBB,2,RBBB,0,N,0.98212266,0.98212266,0.01713612,0.0004123958,0.000105220366,1.8642191e-06,4.4935092e-07,2.4905776e-07,0.0002209896
4086,118_02001,118,2001,2,RBBB,2,RBBB,0,N,0.9673623,0.9673623,0.030775035,0.000620449,0.00012475667,1.6471963e-06,2.28553e-06,3.3789203e-07,0.0011131823
4087,118_02002,118,2002,2,RBBB,2,RBBB,0,N,0.9751266,0.9751266,0.02146483,0.000748925,0.00016905331,9.03574e-07,2.3349298e-06,2.0311124e-07,0.0024871132
4088,118_02003,118,2003,2,RBBB,2,RBBB,0,N,0.9938277,0.9938277,0.005604341,0.00015322723,9.146197e-05,2.555105e-07,1.1477168e-07,3.5134185e-08,0.0003229178
4089,118_02004,118,2004,2,RBBB,2,RBBB,0,N,0.9145028,0.9145028,0.08043585,0.001180978,0.0002391615,1.6332743e-06,1.2418083e-06,1.9941274e-07,0.0036382184
4090,118_02005,118,2005,2,RBBB,2,RBBB,0,N,0.9115638,0.9115638,0.084578425,0.00046708997,0.00031188485,2.3696668e-06,6.461446e-07,4.3403682e-07,0.0030752767
4091,118_02006,118,2006,2,RBBB,2,RBBB,0,N,0.8919681,0.8919681,0.10191769,0.0013611976,0.00042804584,2.176807e-06,8.247144e-07,4.1691146e-07,0.004321696
4092,118_02007,118,2007,2,RBBB,2,RBBB,0,N,0.89053154,0.89053154,0.105098054,0.0014718369,0.00035424414,2.4937347e-06,7.158235e-07,3.5675052e-07,0.0025407365
4093,118_02008,118,2008,2,RBBB,2,RBBB,0,N,0.92148215,0.92148215,0.07506465,0.0009495488,0.00026193363,1.5616818e-06,3.3807126e-07,1.4672078e-07,0.002239698
4094,118_02009,118,2009,2,RBBB,2,RBBB,0,N,0.99748784,0.99748784,0.0021953753,2.0171234e-05,0.0001129277,1.8298945e-07,4.3724558e-08,2.7838965e-08,0.00018341954
4095,118_02010,118,2010,2,RBBB,2,RBBB,0,N,0.9876027,0.9876027,0.009934026,0.00060641306,0.00026769176,5.138378e-07,1.3339102e-06,4.620995e-08,0.0015873279
4096,118_02011,118,2011,2,RBBB,2,RBBB,0,N,0.99634373,0.99634373,0.0030886917,0.00017736152,7.406344e-05,7.6646e-08,1.373145e-07,1.7972347e-08,0.0003159939
4097,118_02012,118,2012,2,RBBB,2,RBBB,0,N,0.9782715,0.9782715,0.019709446,0.00042045466,5.6722583e-05,5.7342186e-07,2.6591323e-07,8.901763e-08,0.0015410321
4098,118_02013,118,2013,2,RBBB,2,RBBB,0,N,0.9114138,0.9114138,0.08214737,0.0024259973,0.00043985643,1.07275e-06,4.72139e-07,1.675674e-07,0.003571194
4099,118_02014,118,2014,2,RBBB,2,RBBB,0,N,0.96736896,0.96736896,0.030181998,0.00082190835,0.00013987486,3.315103e-07,8.710995e-08,4.2667494e-08,0.0014867665
4100,118_02015,118,2015,2,RBBB,2,RBBB,0,N,0.88947994,0.88947994,0.105219305,0.0021807465,0.0003056083,1.3261264e-06,2.5316177e-07,7.792769e-08,0.0028126424
4101,118_02016,118,2016,2,RBBB,2,RBBB,0,N,0.98132193,0.98132193,0.013445463,0.00033001098,0.00038100017,2.9494677e-07,2.3247895e-07,1.1235002e-07,0.0045209606
4102,118_02017,118,2017,2,RBBB,2,RBBB,0,N,0.9894754,0.9894754,0.007877745,0.0004756902,0.00027860142,3.6370193e-07,4.3305369e-07,6.1802524e-08,0.0018917681
4103,118_02018,118,2018,2,RBBB,2,RBBB,0,N,0.9785957,0.9785957,0.017137706,0.00015274262,0.0008194165,2.2445404e-07,2.7480394e-07,2.0765684e-08,0.0032940141
4104,118_02019,118,2019,2,RBBB,2,RBBB,0,N,0.960662,0.960662,0.03704431,0.00015860281,0.00019336185,7.248794e-07,2.8569139e-07,8.017025e-08,0.0019405896
4105,118_02020,118,2020,2,RBBB,2,RBBB,0,N,0.8955613,0.8955613,0.08727086,0.00059956475,0.0012626084,1.0804621e-06,7.518709e-07,1.8582286e-07,0.015303665
4106,118_02021,118,2021,2,RBBB,2,RBBB,0,N,0.98661584,0.98661584,0.010550536,0.00071045884,0.00040863795,4.7149962e-07,1.4348774e-07,1.3305969e-07,0.0017138731
4107,118_02022,118,2022,2,RBBB,2,RBBB,0,N,0.9970466,0.9970466,0.00082637527,0.00013952986,0.00033900904,2.0337922e-08,4.423246e-08,6.5384276e-09,0.0016483518
4108,118_02023,118,2023,2,RBBB,2,RBBB,0,N,0.99862045,0.99862045,0.0005962861,0.00027836632,6.916779e-05,9.074851e-09,5.2074455e-08,1.063082e-09,0.00043564732
4109,118_02024,118,2024,2,RBBB,2,RBBB,0,N,0.9881145,0.9881145,0.009234413,0.00046230134,0.000111820234,6.807586e-08,8.331417e-08,6.5552475e-09,0.002076781
4110,118_02025,118,2025,2,RBBB,2,RBBB,0,N,0.9889841,0.9889841,0.0096737975,0.00022167142,0.00023319265,2.287524e-07,1.6206008e-07,2.7854698e-08,0.0008867762
4111,118_02026,118,2026,2,RBBB,2,RBBB,0,N,0.97362906,0.97362906,0.01884166,0.00072571164,0.0003830033,2.3326659e-07,2.5659205e-07,2.9615396e-08,0.006420114
4112,118_02027,118,2027,2,RBBB,2,RBBB,0,N,0.99080807,0.99080807,0.007126545,0.0007895757,0.00032642717,1.05234484e-07,6.736626e-08,1.713596e-08,0.00094920245
4113,118_02028,118,2028,2,RBBB,2,RBBB,0,N,0.9922781,0.9922781,0.0059904517,0.00024745788,0.000108091706,9.917069e-08,6.171394e-08,9.413837e-09,0.0013757622
4114,118_02029,118,2029,2,RBBB,2,RBBB,0,N,0.983549,0.983549,0.012667696,0.00041910537,0.000594298,4.3906385e-07,5.1606054e-07,1.0617495e-07,0.002768744
4115,118_02030,118,2030,2,RBBB,2,RBBB,0,N,0.9860507,0.9860507,0.010828388,0.0005404155,0.00014057856,2.569631e-07,3.7000282e-07,3.7818076e-08,0.0024392596
4116,118_02031,118,2031,2,RBBB,2,RBBB,0,N,0.99079543,0.99079543,0.0063113165,0.0006536917,0.00046335344,1.7796452e-07,1.6686967e-07,2.9398176e-08,0.0017758884
4117,118_02032,118,2032,2,RBBB,2,RBBB,0,N,0.9962561,0.9962561,0.0016004521,0.00062722084,0.00028222232,7.564503e-08,2.0287764e-07,2.5227772e-08,0.0012336567
4118,118_02033,118,2033,2,RBBB,2,RBBB,0,N,0.99561596,0.99561596,0.0022793396,0.000642445,8.073753e-05,5.3184568e-08,1.6893127e-07,1.2565135e-08,0.001381325
4119,118_02034,118,2034,2,RBBB,2,RBBB,0,N,0.99263644,0.99263644,0.00452309,0.0004952959,0.0002452552,8.994157e-08,1.7370287e-07,1.7687016e-08,0.0020995974
4120,118_02035,118,2035,2,RBBB,2,RBBB,0,N,0.9539158,0.9539158,0.040965103,0.0018064019,0.00063022895,8.46962e-07,5.4251234e-07,7.8841744e-08,0.0026810707
4121,118_02036,118,2036,2,RBBB,2,RBBB,0,N,0.97701764,0.97701764,0.015099404,0.00034969847,0.0003127312,2.2670292e-07,2.3805256e-07,5.8926634e-08,0.0072199744
4122,118_02037,118,2037,2,RBBB,2,RBBB,0,N,0.9902818,0.9902818,0.007903053,0.0007839229,0.00036233364,3.139418e-07,2.491778e-07,4.8748294e-08,0.0006682907
4123,118_02038,118,2038,2,RBBB,2,RBBB,0,N,0.98844135,0.98844135,0.008798404,0.000365439,0.0001465004,2.1497935e-07,1.7926996e-07,3.1448266e-08,0.0022479189
4124,118_02039,118,2039,2,RBBB,2,RBBB,0,N,0.9934088,0.9934088,0.005344097,0.0004704021,0.00020883346,2.2083209e-07,1.808357e-07,3.8152198e-08,0.00056742737
4125,118_02040,118,2040,2,RBBB,2,RBBB,0,N,0.9886277,0.9886277,0.009529639,0.00014698035,0.00017599888,3.7320783e-07,1.9648205e-07,4.332758e-08,0.0015189708
4126,118_02041,118,2041,2,RBBB,2,RBBB,0,N,0.9763808,0.9763808,0.018071558,0.00036166093,0.0007519109,9.559283e-07,1.230122e-06,2.0903289e-07,0.0044316803
4127,118_02042,118,2042,2,RBBB,2,RBBB,0,N,0.971582,0.971582,0.02327461,0.0012705717,0.00044796287,6.3108246e-07,6.020085e-07,7.247132e-08,0.0034236314
4128,118_02043,118,2043,2,RBBB,2,RBBB,0,N,0.9412196,0.9412196,0.04851852,0.0018350248,0.0008547333,5.91192e-07,3.327876e-07,8.8612396e-08,0.007570991
4129,118_02044,118,2044,2,RBBB,2,RBBB,0,N,0.98086786,0.98086786,0.010700131,0.0023402951,0.0004254203,2.3528277e-07,3.863271e-07,6.071107e-08,0.0056656078
4130,118_02045,118,2045,2,RBBB,2,RBBB,0,N,0.9927696,0.9927696,0.002518955,0.0015489097,0.0003998752,4.251208e-08,1.4635113e-07,1.1651587e-08,0.0027624601
4131,118_02046,118,2046,2,RBBB,2,RBBB,0,N,0.99665856,0.99665856,0.0019502343,0.00043765068,0.00011626821,2.0101893e-08,5.4772105e-08,2.7675515e-09,0.00083727
4132,118_02047,118,2047,2,RBBB,2,RBBB,0,N,0.9979371,0.9979371,0.001229895,0.0003299459,7.9480036e-05,2.6309893e-08,3.114714e-08,3.1984924e-09,0.00042358902
4133,118_02048,118,2048,2,RBBB,2,RBBB,0,N,0.9979668,0.9979668,0.0010409962,0.00034386668,4.8009075e-05,1.5912642e-08,3.6345767e-08,4.1230956e-09,0.0006002125
4134,118_02049,118,2049,2,RBBB,2,RBBB,0,N,0.9982407,0.9982407,0.00075986405,0.0004692691,3.9959585e-05,1.0442411e-08,6.015053e-08,2.5449851e-09,0.00049017416
4135,118_02050,118,2050,2,RBBB,2,RBBB,0,N,0.99772155,0.99772155,0.00095153006,0.0005799076,7.2235045e-05,1.15468906e-08,5.848402e-08,2.3099598e-09,0.00067469565
4136,118_02051,118,2051,2,RBBB,2,RBBB,0,N,0.9946007,0.9946007,0.0026585131,0.0008920199,0.00011667738,3.319565e-08,7.8929524e-08,4.086374e-09,0.0017319621
4137,118_02052,118,2052,2,RBBB,2,RBBB,0,N,0.9943312,0.9943312,0.0020078802,0.0007347746,0.0002759735,1.6169041e-08,7.0753444e-08,2.980135e-09,0.0026501983
4138,118_02053,118,2053,2,RBBB,2,RBBB,0,N,0.99505436,0.99505436,0.0009616073,0.001022707,0.00025993076,8.546955e-09,6.678876e-08,2.1945203e-09,0.0027012727
4139,118_02054,118,2054,2,RBBB,2,RBBB,0,N,0.99769896,0.99769896,0.001040237,0.000599432,0.00011665516,1.2647167e-08,4.417487e-08,1.5720624e-09,0.0005446516
4140,118_02055,118,2055,2,RBBB,2,RBBB,0,N,0.9940282,0.9940282,0.003031093,0.0007197173,8.802487e-05,2.8703088e-08,6.515741e-08,4.854088e-09,0.0021329147
4141,118_02056,118,2056,2,RBBB,2,RBBB,0,N,0.9929918,0.9929918,0.002205206,0.002244961,0.000281761,2.396043e-08,9.485322e-08,8.603039e-09,0.0022761857
4142,118_02057,118,2057,2,RBBB,2,RBBB,0,N,0.9960445,0.9960445,0.0018020879,0.0009376382,0.00014192997,1.5089284e-08,3.9248295e-08,1.9296498e-09,0.001073819
4143,118_02058,118,2058,2,RBBB,2,RBBB,0,N,0.9958932,0.9958932,0.0019886242,0.0005605314,0.00014221037,2.0578291e-08,2.7245067e-08,2.5678955e-09,0.001415405
4144,118_02059,118,2059,3,APC,2,RBBB,0,N,0.9950858,0.9950858,0.002734747,0.0010132634,0.00024743305,2.6308781e-08,7.95247e-08,2.9901146e-09,0.00091870525
4145,118_02060,118,2060,2,RBBB,3,APC,0,N,0.9872983,0.9872983,0.009652327,0.0010558966,9.3857474e-05,9.9931e-08,1.07673046e-07,8.052054e-09,0.0018993892
4146,118_02061,118,2061,2,RBBB,2,RBBB,0,N,0.974761,0.974761,0.018775808,0.0019870962,0.0004325226,4.0325435e-07,3.138207e-07,8.134468e-08,0.0040427735
4147,118_02062,118,2062,2,RBBB,2,RBBB,0,N,0.9906589,0.9906589,0.0055081183,0.0012443664,0.00026175886,1.7050257e-07,1.7260423e-07,3.2170398e-08,0.0023265237
4148,118_02063,118,2063,2,RBBB,2,RBBB,0,N,0.9898416,0.9898416,0.0063533327,0.0012044527,0.0005511481,8.7948564e-08,1.4176828e-07,1.1315302e-08,0.0020492007
4149,118_02064,118,2064,2,RBBB,2,RBBB,0,N,0.9835024,0.9835024,0.0094937915,0.0011586429,0.00015543209,7.257789e-08,1.6218851e-07,1.48966945e-08,0.0056895646
4150,118_02065,118,2065,2,RBBB,2,RBBB,0,N,0.99084634,0.99084634,0.003351149,0.0012919714,0.0007348167,6.844255e-08,1.8186712e-07,1.6113479e-08,0.0037754488
4151,118_02066,118,2066,2,RBBB,2,RBBB,0,N,0.9880101,0.9880101,0.007857741,0.0010270686,0.0003656305,1.8300992e-07,2.4992218e-07,4.5326303e-08,0.0027388064
4152,118_02067,118,2067,2,RBBB,2,RBBB,0,N,0.99014115,0.99014115,0.004932482,0.00086467416,0.00022595903,5.066725e-08,1.2661806e-07,1.366831e-08,0.0038354502
4153,118_02068,118,2068,2,RBBB,2,RBBB,0,N,0.98442525,0.98442525,0.0085242605,0.0036585391,0.00052677986,5.7654127e-08,7.644621e-08,1.3559268e-08,0.0028650714
4154,118_02069,118,2069,2,RBBB,2,RBBB,0,N,0.9894026,0.9894026,0.006181437,0.0024888336,8.944996e-05,5.407146e-08,4.4611536e-08,7.0589197e-09,0.0018377015
4155,118_02070,118,2070,2,RBBB,2,RBBB,0,N,0.9949534,0.9949534,0.0018380309,0.00068512623,0.00028970715,3.225346e-08,9.1127234e-08,1.0102744e-08,0.0022337039
4156,118_02071,118,2071,2,RBBB,2,RBBB,0,N,0.9962534,0.9962534,0.0015854652,0.0008911368,0.0001875971,4.476118e-08,1.8348146e-07,7.730171e-09,0.0010822563
4157,118_02072,118,2072,2,RBBB,2,RBBB,0,N,0.99737215,0.99737215,0.0017095048,0.00016830678,0.00011753249,3.416424e-08,3.8692267e-08,4.464081e-09,0.00063255656
4158,118_02073,118,2073,2,RBBB,2,RBBB,0,N,0.9921638,0.9921638,0.0061486373,0.000484723,0.00013442076,9.83634e-08,1.2736832e-07,1.0136329e-08,0.0010681072
4159,118_02074,118,2074,2,RBBB,2,RBBB,0,N,0.99091727,0.99091727,0.0073916954,0.00036997037,0.00011551799,1.8016588e-07,1.173111e-07,3.0504527e-08,0.0012052022
4160,118_02075,118,2075,2,RBBB,2,RBBB,0,N,0.97593665,0.97593665,0.01995094,0.0008753375,0.000229443,3.266298e-07,3.1616196e-07,4.3431015e-08,0.0030068434
4161,118_02076,118,2076,2,RBBB,2,RBBB,0,N,0.98021346,0.98021346,0.016418615,0.0015645096,0.00012640248,1.960606e-07,1.0431813e-07,3.71779e-08,0.0016767412
4162,118_02077,118,2077,2,RBBB,2,RBBB,0,N,0.9828826,0.9828826,0.010991199,0.002575329,0.00016792935,8.0511654e-08,8.924654e-08,1.8266423e-08,0.0033827326
4163,118_02078,118,2078,2,RBBB,2,RBBB,0,N,0.9915185,0.9915185,0.004925227,0.001491147,0.00017276597,3.9753164e-08,8.155078e-08,1.11767875e-08,0.0018923344
4164,118_02079,118,2079,2,RBBB,2,RBBB,0,N,0.9816434,0.9816434,0.016097575,0.0007632068,9.6682255e-05,2.2629766e-07,8.227432e-08,2.776066e-08,0.0013987937
4165,118_02080,118,2080,2,RBBB,2,RBBB,0,N,0.98831886,0.98831886,0.007898625,0.00063801376,0.0003682119,9.403467e-08,1.2090469e-07,1.2308577e-08,0.0027760835
4166,118_02081,118,2081,2,RBBB,2,RBBB,0,N,0.994382,0.994382,0.0030128318,0.0012242952,0.00015954774,6.69489e-08,1.05143556e-07,1.6768972e-08,0.0012210234
4167,118_02082,118,2082,2,RBBB,2,RBBB,0,N,0.9971049,0.9971049,0.0010544354,0.000590225,0.00012896089,1.9254259e-08,1.0484909e-07,5.3809153e-09,0.0011214195
4168,118_02083,118,2083,2,RBBB,2,RBBB,0,N,0.9963089,0.9963089,0.0019731366,0.0008992286,0.00010786988,4.0141746e-08,1.0772856e-07,4.8651416e-09,0.0007107212
4169,118_02084,118,2084,2,RBBB,2,RBBB,0,N,0.99390966,0.99390966,0.0041298606,0.0004486154,0.00015112964,1.0367605e-07,1.0749598e-07,1.93045e-08,0.0013605981
4170,118_02085,118,2085,2,RBBB,2,RBBB,0,N,0.99569714,0.99569714,0.0021138322,0.00052954425,0.00016303141,4.716673e-08,1.8588617e-07,8.055237e-09,0.0014962651
4171,118_02086,118,2086,2,RBBB,2,RBBB,0,N,0.9959995,0.9959995,0.0021587575,0.0004167198,0.00022596135,3.990633e-08,7.1504346e-08,6.6359247e-09,0.0011989924
4172,118_02087,118,2087,2,RBBB,2,RBBB,0,N,0.99146324,0.99146324,0.0073554637,0.0003978027,0.00019486915,1.0264265e-07,1.0616379e-07,8.542692e-09,0.0005883958
4173,118_02088,118,2088,2,RBBB,2,RBBB,0,N,0.9589094,0.9589094,0.03528142,0.00031517228,0.00012510686,3.4513525e-07,1.4051668e-07,3.6152223e-08,0.0053684395
4174,118_02089,118,2089,2,RBBB,2,RBBB,0,N,0.9732942,0.9732942,0.02175253,0.0014045393,0.00054130534,3.7779776e-07,2.399936e-07,6.676551e-08,0.0030069263
4175,118_02090,118,2090,2,RBBB,2,RBBB,0,N,0.9896512,0.9896512,0.004786813,0.002149166,0.00026442594,4.5520643e-08,1.3204863e-07,1.5835766e-08,0.0031482931
4176,118_02091,118,2091,2,RBBB,2,RBBB,0,N,0.99398905,0.99398905,0.0032280055,0.001540076,0.00012733442,3.1985653e-08,5.8836115e-08,4.620697e-09,0.0011153321
4177,118_02092,118,2092,2,RBBB,2,RBBB,0,N,0.98958045,0.98958045,0.0073472913,0.0007995877,0.00018286212,1.09322656e-07,8.544708e-08,1.6311999e-08,0.0020896876
4178,118_02093,118,2093,2,RBBB,2,RBBB,0,N,0.9922,0.9922,0.0052280976,0.00068942574,0.00022892214,1.0112796e-07,1.2645494e-07,1.4835002e-08,0.0016533048
4179,118_02094,118,2094,2,RBBB,2,RBBB,0,N,0.99564147,0.99564147,0.0029923029,0.00031162272,0.0002507113,5.784753e-08,7.280687e-08,8.690599e-09,0.000803763
4180,118_02095,118,2095,2,RBBB,2,RBBB,0,N,0.9910255,0.9910255,0.006433789,0.0006805128,9.527073e-05,1.04296326e-07,1.2235014e-07,1.6609217e-08,0.0017646496
4181,118_02096,118,2096,2,RBBB,2,RBBB,0,N,0.9908985,0.9908985,0.005790908,0.001017638,0.00023186805,7.954036e-08,1.3142284e-07,1.7522993e-08,0.0020608301
4182,118_02097,118,2097,2,RBBB,2,RBBB,0,N,0.990217,0.990217,0.0067794584,0.0011676962,0.00015698624,5.339458e-08,6.5282926e-08,6.662395e-09,0.0016788131
4183,118_02098,118,2098,2,RBBB,2,RBBB,0,N,0.9936019,0.9936019,0.0042093163,0.0007174721,0.00016147093,3.2843484e-08,3.8182915e-08,4.896669e-09,0.0013098333
4184,118_02099,118,2099,2,RBBB,2,RBBB,0,N,0.9631033,0.9631033,0.031961452,0.003196979,0.00017761985,3.4148601e-07,2.1480638e-07,2.8851723e-08,0.0015601066
4185,118_02100,118,2100,2,RBBB,2,RBBB,0,N,0.94204897,0.94204897,0.04548325,0.0023401666,0.00026016956,1.197776e-06,5.9396996e-07,3.078917e-07,0.009865279
4186,118_02101,118,2101,2,RBBB,2,RBBB,0,N,0.955815,0.955815,0.035067495,0.005675814,0.0007182154,1.1339124e-06,8.099426e-07,2.2105044e-07,0.0027213446
4187,118_02102,118,2102,2,RBBB,2,RBBB,0,N,0.96553355,0.96553355,0.030370649,0.0017550626,0.00014770977,4.778912e-07,1.5469439e-07,6.017797e-08,0.0021923203
4188,118_02103,118,2103,2,RBBB,2,RBBB,0,N,0.9758034,0.9758034,0.020191858,0.0020257088,0.00016245972,2.926335e-07,2.0667497e-07,5.2338105e-08,0.001816025
4189,118_02104,118,2104,2,RBBB,2,RBBB,0,N,0.9796491,0.9796491,0.01638813,0.0021050533,0.0001378681,2.651337e-07,2.5394013e-07,6.5626445e-08,0.0017191942
4190,118_02105,118,2105,2,RBBB,2,RBBB,0,N,0.9631364,0.9631364,0.025724573,0.0048430413,0.00015572208,4.985846e-07,6.4504786e-07,1.3066419e-07,0.006139092
4191,118_02106,118,2106,2,RBBB,2,RBBB,0,N,0.9889258,0.9889258,0.0071755215,0.0012511194,0.00061773387,1.6393133e-07,2.4363092e-07,3.297667e-08,0.0020293568
4192,118_02107,118,2107,2,RBBB,2,RBBB,0,N,0.9901198,0.9901198,0.008211282,0.00065059157,9.6673815e-05,1.6937318e-07,1.0221853e-07,1.9806368e-08,0.00092146173
4193,118_02108,118,2108,2,RBBB,2,RBBB,0,N,0.9765949,0.9765949,0.020203555,0.00086500426,0.00012566961,4.6015202e-07,2.6459614e-07,8.448375e-08,0.002209912
4194,118_02109,118,2109,2,RBBB,2,RBBB,0,N,0.97809607,0.97809607,0.0189958,0.0015162618,0.00017099016,5.009876e-07,3.5114638e-07,6.006725e-08,0.0012199262
4195,118_02110,118,2110,3,APC,2,RBBB,0,N,0.8549618,0.8549618,0.1378159,0.0033338822,0.0002780891,2.3852758e-06,8.282781e-07,3.8125594e-07,0.0036067653
4196,118_02111,118,2111,2,RBBB,3,APC,0,N,0.9088462,0.9088462,0.081636205,0.003917671,0.00014237674,1.1037963e-06,7.716329e-07,1.9937184e-07,0.005455488
4197,118_02112,118,2112,2,RBBB,2,RBBB,0,N,0.86361706,0.86361706,0.12703195,0.0070235576,0.0004419225,1.4541763e-06,3.056975e-07,2.177298e-07,0.0018835131
4198,118_02113,118,2113,2,RBBB,2,RBBB,0,N,0.9850309,0.9850309,0.010267967,0.00090767664,0.00020251477,1.6303856e-07,1.825705e-07,3.437813e-08,0.0035906928
4199,118_02114,118,2114,2,RBBB,2,RBBB,0,N,0.983608,0.983608,0.008909233,0.005305011,0.00021701033,1.5395433e-07,1.9700843e-07,2.5121807e-08,0.0019604482
4200,118_02115,118,2115,2,RBBB,2,RBBB,0,N,0.9915037,0.9915037,0.0028596863,0.0026296133,0.00020511719,2.0356168e-08,5.92402e-08,5.3769913e-09,0.0028017634
4201,118_02116,118,2116,2,RBBB,2,RBBB,0,N,0.9900464,0.9900464,0.004390795,0.0037911655,0.0001077424,3.6041904e-08,6.3451395e-08,5.5408953e-09,0.0016636836
4202,118_02117,118,2117,2,RBBB,2,RBBB,0,N,0.9927982,0.9927982,0.0047284043,0.0008512062,0.00020461355,4.105328e-08,4.163588e-08,5.732694e-09,0.0014174457
4203,118_02118,118,2118,2,RBBB,2,RBBB,0,N,0.98178387,0.98178387,0.013965744,0.0018752528,0.0001835568,2.5383494e-07,2.235595e-07,3.232385e-08,0.0021910046
4204,118_02119,118,2119,2,RBBB,2,RBBB,0,N,0.98720247,0.98720247,0.010679875,0.00025303755,0.00023111887,3.1313368e-07,1.3165132e-07,5.1042598e-08,0.0016329442
4205,118_02120,118,2120,2,RBBB,2,RBBB,0,N,0.97704273,0.97704273,0.019786097,0.0005237806,0.00030333587,4.872736e-07,2.6875284e-07,7.7418974e-08,0.0023432905
4206,118_02121,118,2121,3,APC,2,RBBB,0,N,0.9923377,0.9923377,0.00448702,0.0011775005,0.00014397383,6.1218316e-08,1.02724556e-07,1.9149928e-08,0.0018537106
4207,118_02122,118,2122,2,RBBB,3,APC,0,N,0.9902429,0.9902429,0.0035529002,0.004664657,0.00015736374,4.047033e-08,1.04393415e-07,6.900177e-09,0.0013820778
4208,118_02123,118,2123,2,RBBB,2,RBBB,0,N,0.99703515,0.99703515,0.0013079046,0.0005539583,6.8629786e-05,1.4468969e-08,4.4745327e-08,4.0959383e-09,0.0010343082
4209,118_02124,118,2124,2,RBBB,2,RBBB,0,N,0.9875761,0.9875761,0.00781491,0.002962902,0.00024519739,7.996692e-08,2.3358538e-07,7.869333e-09,0.0014004624
4210,118_02125,118,2125,2,RBBB,2,RBBB,0,N,0.99152213,0.99152213,0.00567154,0.00048359623,0.00018385402,5.5532546e-08,5.8204716e-08,7.982618e-09,0.0021387893
4211,118_02126,118,2126,3,APC,2,RBBB,0,N,0.9899628,0.9899628,0.0047210287,0.0014016088,0.00034981605,6.684055e-08,1.6526889e-07,1.2838562e-08,0.0035644642
4212,118_02127,118,2127,2,RBBB,3,APC,0,N,0.98763233,0.98763233,0.007635755,0.0017684792,0.00029511837,8.285541e-08,1.5532176e-07,1.3246463e-08,0.0026680927
4213,118_02128,118,2128,2,RBBB,2,RBBB,0,N,0.97570574,0.97570574,0.018838327,0.0021677986,0.00021692875,1.272818e-07,9.163602e-08,1.111934e-08,0.0030709673
4214,118_02129,118,2129,2,RBBB,2,RBBB,0,N,0.9865468,0.9865468,0.0066590705,0.0029492336,0.00032061382,6.0114175e-08,7.263708e-08,1.5127027e-08,0.0035240205
4215,118_02130,118,2130,2,RBBB,2,RBBB,0,N,0.99483496,0.99483496,0.0012416772,0.0017284234,0.00017109426,2.0834115e-08,7.554808e-08,8.748194e-09,0.0020236988
4216,118_02131,118,2131,2,RBBB,2,RBBB,0,N,0.9947801,0.9947801,0.0010665874,0.0016694388,0.00022300266,2.0173871e-08,1.4877402e-07,4.5863047e-09,0.0022607117
4217,118_02132,118,2132,2,RBBB,2,RBBB,0,N,0.99233544,0.99233544,0.0034326965,0.0012730979,0.00032099246,3.3177834e-08,9.407008e-08,5.7678187e-09,0.002637714
4218,118_02133,118,2133,2,RBBB,2,RBBB,0,N,0.99338114,0.99338114,0.0029291264,0.001134868,0.00018165646,1.9381648e-08,5.5569533e-08,2.4257405e-09,0.0023731568
4219,118_02134,118,2134,2,RBBB,2,RBBB,0,N,0.991709,0.991709,0.0049741813,0.001079607,0.0002266836,4.4299394e-08,4.8478476e-08,5.6035763e-09,0.0020105506
4220,118_02135,118,2135,2,RBBB,2,RBBB,0,N,0.99351573,0.99351573,0.0025724005,0.0016780165,0.00013270095,2.0703878e-08,5.465388e-08,4.7342112e-09,0.0021011624
4221,118_02136,118,2136,2,RBBB,2,RBBB,0,N,0.9938235,0.9938235,0.0016727835,0.0020294115,0.00019966494,1.3685455e-08,4.9450914e-08,5.058749e-09,0.002274557
4222,118_02137,118,2137,2,RBBB,2,RBBB,0,N,0.99543905,0.99543905,0.0025846427,0.0006254344,0.00017179937,3.5718067e-08,5.6377274e-08,5.608883e-09,0.0011790197
4223,118_02138,118,2138,2,RBBB,2,RBBB,0,N,0.9848829,0.9848829,0.009869679,0.0007934784,0.00038132592,1.7827655e-07,2.1483287e-07,2.2483125e-08,0.004072227
4224,118_02139,118,2139,2,RBBB,2,RBBB,0,N,0.9824057,0.9824057,0.0111136995,0.0012170455,0.00046215713,1.6131821e-07,2.4824845e-07,3.14797e-08,0.0048010037
4225,118_02140,118,2140,2,RBBB,2,RBBB,0,N,0.9850476,0.9850476,0.011365347,0.0010464751,0.00028598538,1.6072808e-07,1.1152563e-07,2.6667546e-08,0.0022542737
4226,118_02141,118,2141,2,RBBB,2,RBBB,0,N,0.9822446,0.9822446,0.013395266,0.0011670479,0.0003002869,1.2643707e-07,1.1165674e-07,1.6059499e-08,0.0028924972
4227,118_02142,118,2142,2,RBBB,2,RBBB,0,N,0.9814826,0.9814826,0.013907651,0.0012598345,0.0001491817,1.5770385e-07,1.17198006e-07,2.9773306e-08,0.0032004563
4228,118_02143,118,2143,2,RBBB,2,RBBB,0,N,0.99116683,0.99116683,0.004059892,0.0017212615,0.00032014542,5.556996e-08,1.7938375e-07,1.4252016e-08,0.0027316653
4229,118_02144,118,2144,2,RBBB,2,RBBB,0,N,0.9927274,0.9927274,0.0033860912,0.00212537,9.316228e-05,4.1483727e-08,7.1035196e-08,9.639016e-09,0.0016679232
4230,118_02145,118,2145,2,RBBB,2,RBBB,0,N,0.99319136,0.99319136,0.002811043,0.0011868055,0.00024195031,3.0799935e-08,9.482218e-08,8.793432e-09,0.0025687981
4231,118_02146,118,2146,2,RBBB,2,RBBB,0,N,0.9895663,0.9895663,0.005009493,0.0022402494,0.00021063184,8.096566e-08,1.8530996e-07,1.833341e-08,0.002972994
4232,118_02147,118,2147,2,RBBB,2,RBBB,0,N,0.99520534,0.99520534,0.0013665776,0.0006158432,0.00039661466,2.3989807e-08,7.88944e-08,7.1209616e-09,0.0024154803
4233,118_02148,118,2148,2,RBBB,2,RBBB,0,N,0.9942749,0.9942749,0.0032225014,0.0011331689,0.00010357633,3.470757e-08,4.530201e-08,3.850439e-09,0.0012657946
4234,118_02149,118,2149,2,RBBB,2,RBBB,0,N,0.9926329,0.9926329,0.0055699954,0.00081625005,0.00011834665,5.3661804e-09,4.899747e-09,2.9456376e-10,0.0008625501
4235,118_02150,118,2150,2,RBBB,2,RBBB,0,N,0.95611686,0.95611686,0.031801395,0.0085501745,5.5900575e-05,1.881501e-07,1.5261496e-07,3.4550883e-08,0.003475179
4236,118_02151,118,2151,2,RBBB,2,RBBB,0,N,0.99133444,0.99133444,0.006390643,0.0010224516,0.00019394692,2.4834154e-07,2.8461423e-07,6.341626e-08,0.0010579039
4237,118_02152,118,2152,2,RBBB,2,RBBB,0,N,0.98125213,0.98125213,0.01149407,0.00064197823,0.00035685056,3.6184997e-07,6.99113e-07,9.4560164e-08,0.006253922
4238,118_02153,118,2153,2,RBBB,2,RBBB,0,N,0.9899193,0.9899193,0.0066434434,0.00123906,0.0005093714,1.5576325e-07,2.317002e-07,2.552532e-08,0.0016884514
4239,118_02154,118,2154,2,RBBB,2,RBBB,0,N,0.9862379,0.9862379,0.009729619,0.0005184858,0.0002628879,1.5976761e-07,9.983128e-08,2.542632e-08,0.0032508501
4240,118_02155,118,2155,2,RBBB,2,RBBB,0,N,0.98604965,0.98604965,0.007779222,0.0014914371,0.0006649068,1.3271953e-07,3.3862239e-07,3.0092103e-08,0.0040143575
4241,118_02156,118,2156,2,RBBB,2,RBBB,0,N,0.9904111,0.9904111,0.002904128,0.0016573337,0.00017489088,3.528761e-08,1.0724517e-07,9.614563e-09,0.004852489
4242,118_02157,118,2157,3,APC,2,RBBB,0,N,0.99552923,0.99552923,0.0019390637,0.0006924459,0.00054530345,2.1211777e-08,5.7626714e-08,4.217748e-09,0.0012939011
4243,118_02158,118,2158,2,RBBB,3,APC,0,N,0.99504983,0.99504983,0.003523328,0.00038544534,6.456254e-05,2.9740427e-08,4.5762416e-08,2.0586401e-09,0.0009768112
4244,118_02159,118,2159,2,RBBB,2,RBBB,0,N,0.9895473,0.9895473,0.0069824057,0.0008538492,0.0002524556,9.583069e-08,1.0362144e-07,1.8547782e-08,0.0023638501
4245,118_02160,118,2160,2,RBBB,2,RBBB,0,N,0.99557096,0.99557096,0.0027981866,0.0005326907,9.863821e-05,2.743134e-08,4.874809e-08,3.7814063e-09,0.0009994146
4246,118_02161,118,2161,2,RBBB,2,RBBB,0,N,0.99411535,0.99411535,0.0032688086,0.0009671351,0.00020529005,5.1168293e-08,8.493412e-08,1.05388125e-08,0.001443289
4247,118_02162,118,2162,2,RBBB,2,RBBB,0,N,0.99725926,0.99725926,0.0007492398,0.00044112228,9.9311925e-05,1.5920417e-08,8.305188e-08,5.8858993e-09,0.0014509268
4248,118_02163,118,2163,2,RBBB,2,RBBB,0,N,0.9972799,0.9972799,0.0014829936,0.0003368173,0.00020486304,4.345673e-08,1.2874098e-07,9.6226636e-09,0.0006953184
4249,118_02164,118,2164,2,RBBB,2,RBBB,0,N,0.9937875,0.9937875,0.0028603193,0.00018380213,0.00014206515,6.7952165e-08,1.6307905e-07,1.700083e-08,0.0030260184
4250,118_02165,118,2165,2,RBBB,2,RBBB,0,N,0.9854283,0.9854283,0.007876211,0.0024987317,0.0009021491,1.7266217e-07,4.5655966e-07,2.2596849e-08,0.003294095
4251,118_02166,118,2166,2,RBBB,2,RBBB,0,N,0.99621457,0.99621457,0.0014629146,0.00038033826,0.0001726725,1.0208801e-08,2.5232687e-08,2.583371e-09,0.00176945
4252,118_02167,118,2167,2,RBBB,2,RBBB,0,N,0.9924692,0.9924692,0.0031225542,0.0015514476,0.00029835853,2.7614867e-08,9.483875e-08,5.5040967e-09,0.0025585108
4253,118_02168,118,2168,2,RBBB,2,RBBB,0,N,0.99667585,0.99667585,0.001739852,0.00029797468,0.00016046606,1.8877035e-08,3.360129e-08,2.2494548e-09,0.0011258163
4254,118_02169,118,2169,2,RBBB,2,RBBB,0,N,0.9937055,0.9937055,0.004110615,0.00043670656,0.0003933464,8.642329e-08,1.01620415e-07,8.581009e-09,0.0013535261
4255,118_02170,118,2170,3,APC,2,RBBB,0,N,0.9881293,0.9881293,0.0069674477,0.00061262166,0.00025166,1.0025921e-07,1.9355163e-07,1.8230825e-08,0.0040386845
4256,118_02171,118,2171,3,APC,3,APC,0,N,0.99040437,0.99040437,0.0064714383,0.0008491351,0.00053006376,1.2174496e-07,1.8325424e-07,1.6501803e-08,0.0017447314
4257,118_02172,118,2172,2,RBBB,3,APC,0,N,0.9385464,0.9385464,0.024395706,0.014003578,0.00046298487,2.010282e-07,7.429718e-07,4.0592067e-08,0.022590348
4258,118_02173,118,2173,2,RBBB,2,RBBB,0,N,0.9707754,0.9707754,0.0077161966,0.016661337,0.0010484438,2.7269888e-07,3.866544e-07,7.376797e-08,0.0037980108
4259,118_02174,118,2174,2,RBBB,2,RBBB,0,N,0.990057,0.990057,0.004621787,0.00086385186,0.00044781333,1.037476e-07,1.6480612e-07,1.56185e-08,0.004009358
4260,118_02175,118,2175,2,RBBB,2,RBBB,0,N,0.9920326,0.9920326,0.0043641753,0.00087308645,0.0005626937,8.826303e-08,2.987415e-07,2.2706157e-08,0.0021670253
4261,118_02176,118,2176,2,RBBB,2,RBBB,0,N,0.990175,0.990175,0.006396081,0.0011098745,0.00014453736,1.6383439e-07,1.8090937e-07,2.4525951e-08,0.0021742142
4262,118_02177,118,2177,2,RBBB,2,RBBB,0,N,0.9781063,0.9781063,0.008374132,0.0017923545,0.001034607,1.105204e-07,2.7662915e-07,2.4394595e-08,0.010692099
4263,118_02178,118,2178,2,RBBB,2,RBBB,0,N,0.99474597,0.99474597,0.0017847316,0.00080072717,0.0005228674,2.7912863e-08,1.1117322e-07,6.5610752e-09,0.0021456624
4264,118_02179,118,2179,2,RBBB,2,RBBB,0,N,0.997707,0.997707,0.0013095363,0.00014379754,0.000264223,2.9204783e-08,5.5728233e-08,2.9723237e-09,0.0005753293
4265,118_02180,118,2180,2,RBBB,2,RBBB,0,N,0.9934621,0.9934621,0.0032700875,0.000238577,0.0002462738,9.279412e-08,2.1489853e-07,1.4804205e-08,0.0027826126
4266,118_02181,118,2181,2,RBBB,2,RBBB,0,N,0.9923333,0.9923333,0.004623059,0.0006315979,0.0004898598,1.3236901e-07,2.9117004e-07,2.5017437e-08,0.001921826
4267,118_02182,118,2182,2,RBBB,2,RBBB,0,N,0.9909493,0.9909493,0.0059799743,0.00033468785,0.00038459897,1.0209149e-07,1.2300453e-07,1.5284638e-08,0.0023511127
4268,118_02183,118,2183,2,RBBB,2,RBBB,0,N,0.9769387,0.9769387,0.012879589,0.001706221,0.00086805376,1.5714808e-07,3.0837955e-07,3.139241e-08,0.0076070135
4269,118_02184,118,2184,2,RBBB,2,RBBB,0,N,0.99277997,0.99277997,0.004857969,0.0005913724,0.00028925246,1.4083498e-07,1.10512495e-07,2.9314416e-08,0.0014812818
4270,118_02185,118,2185,2,RBBB,2,RBBB,0,N,0.9837849,0.9837849,0.011711309,0.00047816502,0.0004893788,3.4600126e-07,2.6385723e-07,4.311929e-08,0.0035356202
4271,118_02186,118,2186,2,RBBB,2,RBBB,0,N,0.9940941,0.9940941,0.0026946333,0.0003191688,0.0003449374,6.8015794e-08,1.927317e-07,1.5759968e-08,0.0025469053
4272,118_02187,118,2187,2,RBBB,2,RBBB,0,N,0.9967909,0.9967909,0.0018934057,0.00042396993,0.00025267183,3.712792e-08,1.3473704e-07,5.3888636e-09,0.00063896197
4273,118_02188,118,2188,2,RBBB,2,RBBB,0,N,0.9965832,0.9965832,0.002565505,0.00018993739,4.973532e-05,6.521484e-08,6.1766784e-08,7.713316e-09,0.0006114519
4274,118_02189,118,2189,2,RBBB,2,RBBB,0,N,0.99528044,0.99528044,0.0023045721,0.0004379263,0.00041024594,8.2304034e-08,2.671571e-07,2.1355564e-08,0.0015663776
4275,118_02190,118,2190,2,RBBB,2,RBBB,0,N,0.9957175,0.9957175,0.0028963066,0.00043361873,9.0624104e-05,7.2389255e-08,1.6628353e-07,1.1269771e-08,0.0008617274
4276,118_02191,118,2191,2,RBBB,2,RBBB,0,N,0.99580574,0.99580574,0.0022985116,0.00026115013,0.0003296937,6.986593e-08,1.8143531e-07,1.2322265e-08,0.0013045291
4277,118_02192,118,2192,2,RBBB,2,RBBB,0,N,0.99615365,0.99615365,0.0011845173,0.00033886684,0.00020998663,2.325293e-08,1.4768845e-07,6.6422197e-09,0.0021127986
4278,118_02193,118,2193,2,RBBB,2,RBBB,0,N,0.99616885,0.99616885,0.00089008495,0.0008997108,0.0003359605,1.5667569e-08,1.5364627e-07,5.3406355e-09,0.0017052225
4279,118_02194,118,2194,2,RBBB,2,RBBB,0,N,0.99779016,0.99779016,0.00050023996,0.00040003058,0.00016390909,6.9248425e-09,5.2826742e-08,1.8407335e-09,0.0011456833
4280,118_02195,118,2195,2,RBBB,2,RBBB,0,N,0.99818546,0.99818546,0.00048313924,0.00022732517,0.00024175872,8.474833e-09,3.8130732e-08,1.7408667e-09,0.0008621768
4281,118_02196,118,2196,2,RBBB,2,RBBB,0,N,0.99525905,0.99525905,0.0012180395,0.00056153466,0.00030866475,1.733243e-08,1.0864831e-07,3.4754628e-09,0.0026525827
4282,118_02197,118,2197,2,RBBB,2,RBBB,0,N,0.9938392,0.9938392,0.002536687,0.0012815284,0.0002545711,2.2992175e-08,1.3275725e-07,3.305344e-09,0.0020879817
4283,118_02198,118,2198,2,RBBB,2,RBBB,0,N,0.99381495,0.99381495,0.0020969952,0.0006310484,0.00032663345,1.8022144e-08,5.414669e-08,4.5724438e-09,0.0031303372
4284,118_02199,118,2199,2,RBBB,2,RBBB,0,N,0.9914977,0.9914977,0.0023109913,0.0019501331,0.00049519783,3.0578217e-08,1.5777417e-07,7.3765363e-09,0.0037457843
4285,118_02200,118,2200,2,RBBB,2,RBBB,0,N,0.99101055,0.99101055,0.005205958,0.001579578,0.00031054654,6.3149585e-08,9.384903e-08,5.819241e-09,0.001893073
4286,118_02201,118,2201,2,RBBB,2,RBBB,0,N,0.9897467,0.9897467,0.0052074124,0.00063609536,0.00038345583,7.3734206e-08,1.07491765e-07,1.3062037e-08,0.0040261685
4287,118_02202,118,2202,2,RBBB,2,RBBB,0,N,0.99295247,0.99295247,0.0020459595,0.0015409508,0.00041678982,4.5419867e-08,2.1780566e-07,1.1601859e-08,0.00304374
4288,118_02203,118,2203,2,RBBB,2,RBBB,0,N,0.99785864,0.99785864,0.00064871303,0.00031493345,0.00026801619,1.2826986e-08,7.2430716e-08,3.1894685e-09,0.0009097172
4289,118_02204,118,2204,2,RBBB,2,RBBB,0,N,0.9973965,0.9973965,0.00054108485,0.0002842478,0.00017890427,9.936253e-09,7.6551e-08,2.0295439e-09,0.0015992706
4290,118_02205,118,2205,2,RBBB,2,RBBB,0,N,0.99647236,0.99647236,0.0018588328,0.0005329529,0.00026696268,3.463763e-08,9.33628e-08,5.2328124e-09,0.0008687806
4291,118_02206,118,2206,2,RBBB,2,RBBB,0,N,0.99551296,0.99551296,0.0021763325,0.00021894423,0.00015464751,3.2530107e-08,7.576311e-08,6.7946884e-09,0.0019370534
4292,118_02207,118,2207,2,RBBB,2,RBBB,0,N,0.99147385,0.99147385,0.0041928766,0.0016977102,0.0004418423,9.9922744e-08,2.4002338e-07,2.1016657e-08,0.0021933273
4293,118_02208,118,2208,2,RBBB,2,RBBB,0,N,0.99056596,0.99056596,0.003264749,0.0014689325,0.00027359164,4.1252875e-08,1.1734513e-07,1.3955686e-08,0.0044265036
4294,118_02209,118,2209,2,RBBB,2,RBBB,0,N,0.9955343,0.9955343,0.0008439784,0.0011334135,0.00036964356,1.3157226e-08,9.45921e-08,3.983407e-09,0.0021185589
4295,118_02210,118,2210,3,APC,2,RBBB,0,N,0.99777305,0.99777305,0.00041384096,0.0002269967,0.00035305286,5.2505174e-09,4.228869e-08,1.1512536e-09,0.0012329973
4296,118_02211,118,2211,2,RBBB,3,APC,0,N,0.99761117,0.99761117,0.001098697,0.00036112702,0.0001593152,1.7042723e-08,5.1551755e-08,1.295503e-09,0.0007696112
4297,118_02212,118,2212,2,RBBB,2,RBBB,0,N,0.98184425,0.98184425,0.01570702,0.00042112987,0.00021213741,1.3841316e-07,1.01124904e-07,1.0415714e-08,0.0018152776
4298,118_02213,118,2213,2,RBBB,2,RBBB,0,N,0.9735407,0.9735407,0.018388461,0.0013061431,0.00047997606,2.5946218e-07,3.156018e-07,4.371252e-08,0.0062841224
4299,118_02214,118,2214,2,RBBB,2,RBBB,0,N,0.9869947,0.9869947,0.007730043,0.001531475,0.00036401852,1.6619119e-07,1.8552294e-07,4.9616727e-08,0.0033794397
4300,118_02215,118,2215,2,RBBB,2,RBBB,0,N,0.99229175,0.99229175,0.0031048933,0.0013663262,0.0005412015,5.6743602e-08,1.6952633e-07,1.2357797e-08,0.0026957663
4301,118_02216,118,2216,2,RBBB,2,RBBB,0,N,0.99129397,0.99129397,0.0036218965,0.00084736745,0.0002978399,6.2735516e-08,1.5906218e-07,1.464942e-08,0.003938596
4302,118_02217,118,2217,3,APC,2,RBBB,0,N,0.99365246,0.99365246,0.0018379801,0.0006128821,0.0005497723,4.125713e-08,1.8413792e-07,1.2119849e-08,0.003346703
4303,118_02218,118,2218,2,RBBB,3,APC,0,N,0.99603957,0.99603957,0.0012015927,0.0010365363,0.00031913654,1.501869e-08,8.2690605e-08,3.1436842e-09,0.0014031675
4304,118_02219,118,2219,2,RBBB,2,RBBB,0,N,0.99557364,0.99557364,0.002638401,0.0005962389,0.00013469878,4.9677656e-08,8.339619e-08,1.1170498e-08,0.0010568475
4305,118_02220,118,2220,2,RBBB,2,RBBB,0,N,0.9890649,0.9890649,0.0054097394,0.0010569122,0.00031751776,1.0156419e-07,2.2520197e-07,2.1082604e-08,0.0041505825
4306,118_02221,118,2221,2,RBBB,2,RBBB,0,N,0.9935832,0.9935832,0.003191233,0.0009989517,0.0005309687,8.98858e-08,1.8524243e-07,2.496605e-08,0.0016953747
4307,118_02222,118,2222,3,APC,2,RBBB,0,N,0.9854306,0.9854306,0.008502026,0.0012663271,0.00029442256,1.7796874e-07,2.5319173e-07,3.100234e-08,0.004506115
4308,118_02223,118,2223,2,RBBB,3,APC,0,N,0.98782504,0.98782504,0.0028850145,0.0025943895,0.00067309255,3.0579347e-08,1.8990814e-07,9.370304e-09,0.006022347
4309,118_02224,118,2224,2,RBBB,2,RBBB,0,N,0.9893417,0.9893417,0.0031341042,0.0035034188,0.0004233083,4.3346137e-08,1.3846486e-07,1.0894178e-08,0.0035974344
4310,118_02225,118,2225,2,RBBB,2,RBBB,0,N,0.99419206,0.99419206,0.0014587165,0.0006965969,0.0003818274,1.4394561e-08,9.421086e-08,3.0319864e-09,0.0032707273
4311,118_02226,118,2226,2,RBBB,2,RBBB,0,N,0.9879788,0.9879788,0.0052389805,0.0025552898,0.0003954733,9.124686e-08,2.2329435e-07,1.8642739e-08,0.0038311859
4312,118_02227,118,2227,2,RBBB,2,RBBB,0,N,0.99548715,0.99548715,0.0012011583,0.0005543958,0.00036779424,1.8559838e-08,6.7353554e-08,4.893054e-09,0.0023894582
4313,118_02228,118,2228,2,RBBB,2,RBBB,0,N,0.9961515,0.9961515,0.0012588536,0.0006522814,0.00029842122,2.1741805e-08,8.872455e-08,4.997235e-09,0.0016387877
4314,118_02229,118,2229,2,RBBB,2,RBBB,0,N,0.9975109,0.9975109,0.0006315179,0.00039943453,0.00018812092,6.8863457e-09,5.159064e-08,1.777247e-09,0.0012699518
4315,118_02230,118,2230,2,RBBB,2,RBBB,0,N,0.9961314,0.9961314,0.0022480912,0.0007036312,0.00012321456,3.4576086e-08,6.126476e-08,4.9631477e-09,0.00079353515
4316,118_02231,118,2231,2,RBBB,2,RBBB,0,N,0.99008,0.99008,0.0056579625,0.0006086134,0.00022223304,9.466513e-08,1.2889114e-07,1.5126776e-08,0.003430975
4317,118_02232,118,2232,2,RBBB,2,RBBB,0,N,0.9908189,0.9908189,0.005241174,0.0009381131,0.0005408346,1.372207e-07,2.374097e-07,3.382615e-08,0.002460525
4318,118_02233,118,2233,2,RBBB,2,RBBB,0,N,0.9900712,0.9900712,0.0031730835,0.00077439577,0.00047827492,3.21222e-08,1.6044352e-07,8.084733e-09,0.0055029187
4319,118_02234,118,2234,2,RBBB,2,RBBB,0,N,0.98787063,0.98787063,0.0058384333,0.0019137389,0.0006129281,6.177412e-08,1.661535e-07,1.0433214e-08,0.0037640582
4320,118_02235,118,2235,2,RBBB,2,RBBB,0,N,0.9920882,0.9920882,0.0041056373,0.00038256156,0.000373076,5.0308444e-08,6.8261954e-08,9.72263e-09,0.003050569
4321,118_02236,118,2236,2,RBBB,2,RBBB,0,N,0.99262655,0.99262655,0.004807821,0.000663298,0.00043877502,1.04728755e-07,1.2710416e-07,1.0859696e-08,0.001463304
4322,118_02237,118,2237,2,RBBB,2,RBBB,0,N,0.99452615,0.99452615,0.003903042,0.00015713485,0.00018942101,7.963613e-08,7.98451e-08,1.41166066e-08,0.0012240792
4323,118_02238,118,2238,2,RBBB,2,RBBB,0,N,0.98326254,0.98326254,0.012148748,0.0014510945,0.0003368967,4.0991716e-07,6.255142e-07,6.064111e-08,0.0027996493
4324,118_02239,118,2239,2,RBBB,2,RBBB,0,N,0.98758745,0.98758745,0.0068718703,0.0012671727,0.00039890455,1.5058455e-07,2.1668876e-07,4.6255266e-08,0.0038742234
4325,118_02240,118,2240,2,RBBB,2,RBBB,0,N,0.99149936,0.99149936,0.0029635006,0.0023134735,0.0005214811,1.0085859e-07,2.848109e-07,2.6746795e-08,0.0027018397
4326,118_02241,118,2241,2,RBBB,2,RBBB,0,N,0.995414,0.995414,0.0012342384,0.0004814873,0.0002790696,2.4159196e-08,1.266198e-07,7.014024e-09,0.002591035
4327,118_02242,118,2242,2,RBBB,2,RBBB,0,N,0.9958782,0.9958782,0.0013456637,0.00075106614,0.00036251912,2.420728e-08,1.6798153e-07,4.901862e-09,0.0016623854
4328,118_02243,118,2243,2,RBBB,2,RBBB,0,N,0.9977083,0.9977083,0.00052554475,0.00020775631,0.00015820286,1.2979401e-08,6.892167e-08,3.7590664e-09,0.0014001501
4329,118_02244,118,2244,3,APC,2,RBBB,0,N,0.99459225,0.99459225,0.0021031445,0.000551648,0.00065902015,4.8114252e-08,2.1338164e-07,9.090978e-09,0.0020937754
4330,118_02245,118,2245,2,RBBB,3,APC,0,N,0.9880939,0.9880939,0.007406334,0.0010714073,0.00024650162,3.9344325e-08,9.102959e-08,3.3009298e-09,0.0031818375
4331,118_02246,118,2246,2,RBBB,2,RBBB,0,N,0.98119056,0.98119056,0.013807911,0.002343656,0.00033147013,2.5946918e-07,1.3504054e-07,5.4807668e-08,0.0023259479
4332,118_02247,118,2247,2,RBBB,2,RBBB,0,N,0.9900454,0.9900454,0.006283897,0.0006232697,0.0002918593,2.3478863e-07,2.0528881e-07,6.171665e-08,0.0027550994
4333,118_02248,118,2248,2,RBBB,2,RBBB,0,N,0.97663546,0.97663546,0.014366251,0.0024827796,0.00066467846,4.1206928e-07,7.198325e-07,7.370852e-08,0.0058495863
4334,118_02249,118,2249,3,APC,2,RBBB,0,N,0.99017227,0.99017227,0.0033364766,0.0014138523,0.00052130484,3.2318827e-08,9.7668426e-08,1.1524292e-08,0.0045559844
4335,118_02250,118,2250,2,RBBB,3,APC,0,N,0.9918543,0.9918543,0.0038410292,0.0015495153,0.00034098877,2.3726724e-08,9.844738e-08,3.8938066e-09,0.0024140247
4336,118_02251,118,2251,2,RBBB,2,RBBB,0,N,0.99080193,0.99080193,0.0065031685,0.0011620453,0.000106363834,1.14917526e-07,7.469245e-08,1.2402667e-08,0.001426233
4337,118_02252,118,2252,2,RBBB,2,RBBB,0,N,0.9908599,0.9908599,0.0050261696,0.0008649009,0.00044920732,9.1603596e-08,1.5588716e-07,2.9865753e-08,0.0027994623
4338,118_02253,118,2253,2,RBBB,2,RBBB,0,N,0.99344504,0.99344504,0.0029915546,0.0011907398,0.0001811018,4.580798e-08,1.1837486e-07,1.05597655e-08,0.0021914197
4339,118_02254,118,2254,3,APC,2,RBBB,0,N,0.99124175,0.99124175,0.0045380234,0.0017671897,0.0002896193,9.588371e-08,1.221778e-07,1.6886691e-08,0.0021632607
4340,118_02255,118,2255,2,RBBB,3,APC,0,N,0.9901109,0.9901109,0.0068451795,0.00086701504,0.00020869194,9.933988e-08,1.4224746e-07,1.1657079e-08,0.0019680876
4341,118_02256,118,2256,3,APC,2,RBBB,0,N,0.95824254,0.95824254,0.037656937,0.0017478358,0.00016798971,6.5943004e-07,3.3685785e-07,1.0407898e-07,0.0021836574
4342,118_02257,118,2257,2,RBBB,3,APC,0,N,0.9645598,0.9645598,0.025975013,0.003814331,0.0004017692,4.8037737e-07,4.658149e-07,8.1664965e-08,0.005248045
4343,201_00000,201,0,0,N,0,N,0,N,0.99926555,0.99926555,6.5149567e-07,1.08602386e-07,0.00058304623,4.3735807e-05,8.7649605e-05,8.3122995e-06,1.1006358e-05
4344,201_00001,201,1,0,N,0,N,0,N,0.9988236,0.9988236,1.4161709e-05,1.248162e-07,0.0009382783,0.00013041483,5.9758335e-05,1.7424401e-05,1.6253274e-05
4345,201_00002,201,2,0,N,0,N,0,N,0.99931335,0.99931335,5.467592e-07,6.458505e-08,0.0006395031,2.2826716e-06,3.0503095e-05,6.4133687e-06,7.3226347e-06
4346,201_00003,201,3,0,N,0,N,0,N,0.9992604,0.9992604,1.140797e-06,7.368146e-07,0.0004278624,4.7437552e-05,9.751523e-05,0.000110621324,5.4309778e-05
4347,201_00004,201,4,0,N,0,N,0,N,0.99930674,0.99930674,4.5664973e-07,8.864623e-08,0.0006428099,2.5431166e-06,3.513742e-05,5.7538214e-06,6.506368e-06
4348,201_00005,201,5,0,N,0,N,0,N,0.99979645,0.99979645,1.91265e-07,4.374992e-08,0.00017663729,2.5872318e-06,1.07667465e-05,9.881309e-06,3.4244215e-06
4349,201_00006,201,6,0,N,0,N,0,N,0.99968207,0.99968207,5.688595e-07,7.397223e-08,0.00016750753,3.7782615e-06,0.00012243232,6.222146e-06,1.7352462e-05
4350,201_00007,201,7,0,N,0,N,0,N,0.997717,0.997717,6.8776154e-07,1.3781945e-06,0.00127711,4.3497414e-05,0.0007883218,1.9225932e-05,0.0001527594
4351,201_00008,201,8,0,N,0,N,0,N,0.9970145,0.9970145,5.37458e-06,4.9855544e-07,0.002773965,2.7173648e-05,8.8931214e-05,2.7473729e-05,6.2057115e-05
4352,201_00009,201,9,0,N,0,N,0,N,0.9988803,0.9988803,2.043158e-06,1.12497865e-07,0.00091093616,5.6826186e-05,7.687908e-05,2.3195409e-05,4.96892e-05
4353,201_00010,201,10,0,N,0,N,0,N,0.9979133,0.9979133,1.6649398e-06,3.0982972e-07,0.001899423,1.5867821e-05,0.00014447216,5.462247e-06,1.9640278e-05
4354,201_00011,201,11,0,N,0,N,0,N,0.999454,0.999454,1.1595621e-05,4.3523758e-07,0.00041976376,2.3596933e-05,3.52152e-05,4.0949497e-05,1.4422618e-05
4355,201_00012,201,12,0,N,0,N,0,N,0.9993231,0.9993231,1.4367981e-06,2.42593e-08,0.0005929221,1.1439988e-06,2.4559888e-05,6.8862137e-06,4.991069e-05
4356,201_00013,201,13,0,N,0,N,0,N,0.9982903,0.9982903,1.8051546e-06,4.515461e-07,0.0013431804,0.00013050293,0.00012638117,4.1270527e-05,6.6118955e-05
4357,201_00014,201,14,0,N,0,N,0,N,0.99669087,0.99669087,6.105654e-05,1.6566574e-06,0.0022200663,0.0006481056,0.0002593175,8.469395e-05,3.426406e-05
4358,201_00015,201,15,0,N,0,N,0,N,0.99949247,0.99949247,2.278172e-06,3.3107714e-08,0.00045305953,8.0064265e-06,1.6544323e-05,1.8643392e-05,9.070454e-06
4359,201_00016,201,16,0,N,0,N,0,N,0.99374354,0.99374354,8.473444e-06,2.6203682e-06,0.0024754577,0.00043508082,0.0031444873,4.4959506e-05,0.00014530236
4360,201_00017,201,17,0,N,0,N,0,N,0.9995229,0.9995229,3.559099e-07,8.034965e-08,0.00039714313,3.6706937e-05,3.7909685e-05,3.7115815e-06,1.2089798e-06
4361,201_00018,201,18,0,N,0,N,0,N,0.99939275,0.99939275,2.937961e-06,2.8839847e-07,0.0005000384,2.5484742e-05,4.2436084e-05,2.9648225e-05,6.371726e-06
4362,201_00019,201,19,0,N,0,N,0,N,0.9999048,0.9999048,3.6851222e-07,1.6168906e-08,6.8471825e-05,1.4056595e-06,1.4364291e-05,7.613256e-06,2.9687571e-06
4363,201_00020,201,20,0,N,0,N,0,N,0.9996331,0.9996331,8.362754e-08,4.0183675e-08,0.0002945803,5.7425473e-06,4.4475782e-05,8.450172e-06,1.355028e-05
4364,201_00021,201,21,0,N,0,N,0,N,0.99793065,0.99793065,1.0166226e-06,3.8346536e-07,0.0015868566,6.840614e-05,0.00036450464,2.4046227e-05,2.4100476e-05
4365,201_00022,201,22,0,N,0,N,0,N,0.9993417,0.9993417,7.015586e-07,6.777746e-07,0.0003724552,6.0805756e-05,4.5470842e-05,0.0001566114,2.1534735e-05
4366,201_00023,201,23,0,N,0,N,0,N,0.9988251,0.9988251,7.7971043e-07,3.6462416e-07,0.0008495779,7.393095e-06,0.00016980575,7.020283e-05,7.685657e-05
4367,201_00024,201,24,0,N,0,N,0,N,0.9993261,0.9993261,8.768409e-07,4.2348353e-07,0.00037505673,0.00011364644,0.00015361559,1.6773996e-05,1.3468893e-05
4368,201_00025,201,25,0,N,0,N,0,N,0.9992626,0.9992626,7.580811e-07,3.889475e-07,0.0005572357,2.6512209e-05,0.00013150851,1.21202565e-05,8.998415e-06
4369,201_00026,201,26,0,N,0,N,0,N,0.99943227,0.99943227,1.1614011e-06,3.7762672e-07,0.00047029302,8.746601e-06,4.7444217e-05,2.076701e-05,1.8926634e-05
4370,201_00027,201,27,0,N,0,N,0,N,0.9996822,0.9996822,9.842745e-07,2.3280615e-08,0.00028758807,3.4466982e-06,1.3004044e-05,6.7074434e-06,6.0565444e-06
4371,201_00028,201,28,0,N,0,N,0,N,0.99913776,0.99913776,1.9447136e-06,1.7911911e-07,0.0006780627,1.96267e-05,0.00011644421,9.089755e-06,3.6793677e-05
4372,201_00029,201,29,0,N,0,N,0,N,0.99957836,0.99957836,9.702835e-07,3.786115e-08,0.00040205344,3.044069e-06,8.05944e-06,4.2523766e-06,3.1190816e-06
4373,201_00030,201,30,0,N,0,N,0,N,0.9989359,0.9989359,1.84662e-06,1.2750101e-07,0.0008536703,6.3625184e-06,7.699811e-05,2.4864577e-05,0.0001003432
4374,201_00031,201,31,0,N,0,N,0,N,0.99966246,0.99966246,3.932425e-07,5.2481155e-08,0.00027238167,2.6487064e-06,3.750937e-05,9.596396e-06,1.4957765e-05
4375,201_00032,201,32,0,N,0,N,0,N,0.998992,0.998992,1.6376481e-07,9.229658e-08,0.00094380416,3.5772848e-06,3.3485983e-05,6.6375096e-06,2.0191617e-05
4376,201_00033,201,33,0,N,0,N,0,N,0.99950874,0.99950874,6.7284157e-07,7.000693e-08,0.00043251205,4.5792076e-06,4.345e-05,6.1665355e-06,3.8940616e-06
4377,201_00034,201,34,0,N,0,N,0,N,0.99972385,0.99972385,3.6227073e-07,4.2282164e-08,0.0002056514,2.0155471e-06,4.437373e-05,9.22868e-06,1.4469363e-05
4378,201_00035,201,35,0,N,0,N,0,N,0.9983826,0.9983826,2.1148924e-06,5.1423063e-07,0.0009985667,6.0390885e-05,0.0003735377,2.6933754e-05,0.00015536982
4379,201_00036,201,36,0,N,0,N,0,N,0.9838094,0.9838094,1.6532327e-05,1.4697735e-05,0.009834857,0.003160742,0.0011217314,0.0012510268,0.0007908554
4380,201_00037,201,37,0,N,0,N,0,N,0.9977411,0.9977411,2.8041042e-05,5.5852092e-06,0.0011866736,0.00018504864,2.5583697e-05,0.0007915659,3.6377474e-05
4381,201_00038,201,38,0,N,0,N,0,N,0.9980383,0.9980383,1.2862497e-06,1.4984462e-07,0.0017891203,8.241499e-06,3.8189544e-05,6.0200855e-05,6.453271e-05
4382,201_00039,201,39,0,N,0,N,0,N,0.99940664,0.99940664,1.0880039e-07,3.084991e-07,0.0004740302,4.8827756e-06,5.566871e-05,2.3948453e-05,3.4339533e-05
4383,201_00040,201,40,0,N,0,N,0,N,0.9982368,0.9982368,7.494314e-07,1.8875162e-06,0.0014975186,7.841592e-06,0.00018399997,2.8837938e-05,4.224825e-05
4384,201_00041,201,41,0,N,0,N,0,N,0.997586,0.997586,3.7047582e-07,4.3841084e-07,0.0018879237,3.2053038e-06,0.00018745882,3.1757547e-05,0.0003028522
4385,201_00042,201,42,0,N,0,N,0,N,0.9971525,0.9971525,2.7446483e-06,2.2742367e-06,0.0015035819,0.00036279042,0.0006359527,0.00017804481,0.0001621469
4386,201_00043,201,43,0,N,0,N,0,N,0.998289,0.998289,1.7853266e-06,2.2809743e-07,0.0015719262,1.7653156e-05,6.0453618e-05,2.9575855e-05,2.9418687e-05
4387,201_00044,201,44,0,N,0,N,0,N,0.99966437,0.99966437,7.442936e-07,1.19089805e-07,0.00021950633,2.0523508e-05,7.467992e-05,1.0848971e-05,9.227673e-06
4388,201_00045,201,45,0,N,0,N,0,N,0.9966272,0.9966272,7.722003e-07,1.6450518e-07,0.0031996698,4.0698153e-05,8.550096e-05,1.024007e-05,3.568894e-05
4389,201_00046,201,46,0,N,0,N,0,N,0.9994773,0.9994773,8.792535e-06,1.5568281e-06,0.00021254717,0.00017912695,8.6623266e-05,2.8293307e-05,5.843088e-06
4390,201_00047,201,47,0,N,0,N,0,N,0.99913824,0.99913824,6.9786715e-06,7.4773624e-07,0.0007057201,3.598568e-05,4.6541983e-05,5.250747e-05,1.32749165e-05
4391,201_00048,201,48,0,N,0,N,0,N,0.9997969,0.9997969,6.2861915e-07,7.35697e-08,0.00013287437,2.7519086e-06,2.5290952e-05,1.5923642e-05,2.5604697e-05
4392,201_00049,201,49,0,N,0,N,0,N,0.9991693,0.9991693,5.9643486e-07,5.069916e-07,0.00059588655,1.9305931e-05,0.00015647465,3.4169985e-05,2.3745277e-05
4393,201_00050,201,50,0,N,0,N,0,N,0.99909484,0.99909484,2.751348e-06,2.6213078e-07,0.0007617962,1.31936295e-05,9.326034e-05,1.6647055e-05,1.7244947e-05
4394,201_00051,201,51,0,N,0,N,0,N,0.99771905,0.99771905,8.782681e-07,3.325595e-07,0.0020005053,6.88736e-06,0.00010555977,2.9140941e-05,0.00013766145
4395,201_00052,201,52,0,N,0,N,0,N,0.9924806,0.9924806,7.6061688e-06,3.7825048e-06,0.0041543245,0.0008166332,0.0008151284,0.00072705874,0.000994952
4396,201_00053,201,53,0,N,0,N,0,N,0.99802136,0.99802136,6.402567e-06,2.045244e-06,0.0012639962,0.00017390834,0.000121539764,0.00035462584,5.613752e-05
4397,201_00054,201,54,0,N,0,N,0,N,0.9980544,0.9980544,9.233098e-07,1.0199276e-07,0.0018773106,3.7817342e-06,2.9096824e-05,1.6451138e-05,1.801931e-05
4398,201_00055,201,55,0,N,0,N,0,N,0.9986349,0.9986349,2.040376e-06,7.4242314e-07,0.0009783786,1.8831448e-05,0.00022232726,2.0325486e-05,0.00012244459
4399,201_00056,201,56,0,N,0,N,0,N,0.9995459,0.9995459,2.5667066e-06,7.731986e-08,0.00037817628,5.8191085e-06,2.634378e-05,2.3966826e-05,1.7142092e-05
4400,201_00057,201,57,0,N,0,N,0,N,0.9991931,0.9991931,5.578839e-07,8.51814e-08,0.00069278444,2.123394e-06,5.5025914e-05,1.1343388e-05,4.4891745e-05
4401,201_00058,201,58,0,N,0,N,0,N,0.99949425,0.99949425,2.2656515e-07,8.7336076e-08,0.00041739485,3.2414107e-06,7.5389384e-05,2.1534786e-06,7.306052e-06
4402,201_00059,201,59,0,N,0,N,0,N,0.997265,0.997265,4.7809243e-07,1.1989945e-06,0.0021609934,6.06507e-05,0.00045693747,2.0991327e-05,3.3712222e-05
4403,201_00060,201,60,0,N,0,N,0,N,0.999272,0.999272,2.9746382e-06,8.818383e-07,0.0005845251,3.0443449e-05,4.5379427e-05,4.8344264e-05,1.5387302e-05
4404,201_00061,201,61,0,N,0,N,0,N,0.99948186,0.99948186,4.19985e-07,5.8954093e-08,0.00045465035,2.7665033e-06,3.3100056e-05,1.40159e-05,1.3183795e-05
4405,201_00062,201,62,0,N,0,N,0,N,0.9984119,0.9984119,5.164884e-07,6.488851e-07,0.00077704835,2.881924e-05,0.0007290211,1.2111382e-05,3.990249e-05
4406,201_00063,201,63,0,N,0,N,0,N,0.99880916,0.99880916,4.9580575e-07,8.5771694e-07,0.00075594,0.00017629632,0.00016406427,8.14042e-05,1.1750437e-05
4407,201_00064,201,64,0,N,0,N,0,N,0.9996798,0.9996798,3.9367183e-07,9.673498e-08,0.00021985374,1.066449e-05,5.5985147e-05,2.8882214e-05,4.433013e-06
4408,201_00065,201,65,0,N,0,N,0,N,0.9996928,0.9996928,3.0175738e-07,3.8641858e-08,0.00024520743,3.2807088e-06,4.7336125e-05,3.6370868e-06,7.386397e-06
4409,201_00066,201,66,0,N,0,N,0,N,0.99865615,0.99865615,7.3481385e-07,8.929716e-07,0.00097112334,2.5953448e-05,0.00032448387,7.3066335e-06,1.328235e-05
4410,201_00067,201,67,0,N,0,N,0,N,0.9995625,0.9995625,4.488986e-06,2.3170744e-06,0.00032362482,1.3297232e-05,3.0761377e-05,4.3334763e-05,1.9675083e-05
4411,201_00068,201,68,0,N,0,N,0,N,0.997725,0.997725,9.195334e-06,1.1912653e-06,0.0018396125,2.0623174e-05,0.00010745172,0.00017008686,0.00012694784
4412,201_00069,201,69,5,ABERR,0,N,0,N,0.99902105,0.99902105,7.775005e-07,2.8114687e-07,0.0005835944,2.156983e-05,8.7314256e-05,0.00013239826,0.00015303654
4413,201_00070,201,70,0,N,5,ABERR,0,N,0.9982976,0.9982976,5.3147887e-06,3.7892921e-06,0.0016187226,5.2521586e-06,6.051932e-05,3.232353e-06,5.581496e-06
4414,201_00071,201,71,0,N,0,N,0,N,0.99966735,0.99966735,1.1380702e-05,5.3536727e-08,0.00021184138,1.8220022e-05,3.2694297e-05,2.2481008e-05,3.5857665e-05
4415,201_00072,201,72,0,N,0,N,0,N,0.99919534,0.99919534,1.1792472e-05,3.314568e-07,0.00041777195,9.7359225e-06,0.00017115822,2.25412e-05,0.00017122547
4416,201_00073,201,73,0,N,0,N,0,N,0.9992553,0.9992553,6.300234e-07,3.4894864e-08,0.00072363584,1.2544361e-06,1.1401274e-05,2.318966e-06,5.3567414e-06
4417,201_00074,201,74,0,N,0,N,0,N,0.998719,0.998719,5.210744e-07,6.702607e-07,0.00061886973,2.6146055e-05,0.00052261277,1.2683102e-05,9.950264e-05
4418,201_00075,201,75,0,N,0,N,0,N,0.98382384,0.98382384,6.432868e-05,2.6261607e-06,0.013148667,0.0011946786,0.00023217665,0.0012532083,0.00028052815
4419,201_00076,201,76,0,N,0,N,0,N,0.99687606,0.99687606,7.721191e-07,1.3387491e-06,0.0016786057,4.975364e-05,0.0003529446,0.00077585893,0.00026473153
4420,201_00077,201,77,0,N,0,N,0,N,0.9972179,0.9972179,5.861262e-07,9.163219e-07,0.0023062665,2.0877718e-05,6.5176486e-05,0.00022929393,0.0001589109
4421,201_00078,201,78,0,N,0,N,0,N,0.9991492,0.9991492,2.989542e-07,1.0917331e-07,0.00073513464,9.440372e-06,4.8625632e-05,4.35596e-05,1.3612596e-05
4422,201_00079,201,79,0,N,0,N,0,N,0.99765193,0.99765193,4.680939e-06,5.8800754e-07,0.0017696008,1.7977567e-05,0.0003156556,5.6929446e-05,0.00018255318
4423,201_00080,201,80,0,N,0,N,0,N,0.99898607,0.99898607,9.476708e-07,1.5673379e-07,0.0008128161,4.594029e-06,3.325312e-05,5.9042453e-05,0.000103103244
4424,201_00081,201,81,0,N,0,N,0,N,0.9973,0.9973,2.6879452e-06,3.5108388e-07,0.0023960024,6.390823e-06,5.102904e-05,5.1670846e-05,0.00019177207
4425,201_00082,201,82,0,N,0,N,0,N,0.99849063,0.99849063,1.6411504e-06,1.464739e-07,0.0013876895,6.725419e-06,5.4825432e-05,1.6142245e-05,4.2236516e-05
4426,201_00083,201,83,0,N,0,N,0,N,0.99337137,0.99337137,1.3850935e-06,4.2083607e-07,0.006251027,9.782153e-06,0.00010215601,3.23167e-05,0.00023152876
4427,201_00084,201,84,0,N,0,N,0,N,0.99921024,0.99921024,2.9838142e-07,3.577362e-07,0.0006369952,1.4529682e-05,6.632729e-05,4.0839215e-05,3.0385329e-05
4428,201_00085,201,85,0,N,0,N,0,N,0.99737704,0.99737704,7.137026e-07,4.0852902e-07,0.0023795771,8.907522e-06,0.00011158008,5.034534e-05,7.143366e-05
4429,201_00086,201,86,0,N,0,N,0,N,0.99956846,0.99956846,2.9248127e-07,1.3726898e-07,0.0003178813,3.1451777e-06,8.256563e-05,1.2958582e-05,1.4742157e-05
4430,201_00087,201,87,0,N,0,N,0,N,0.9994685,0.9994685,3.6187058e-07,1.9257678e-07,0.0004194893,7.196131e-06,7.346055e-05,6.551783e-06,2.4197658e-05
4431,201_00088,201,88,0,N,0,N,0,N,0.9990094,0.9990094,1.8472456e-06,4.923987e-08,0.0009491669,1.0220688e-05,2.0953037e-05,4.444029e-06,3.8938056e-06
4432,201_00089,201,89,0,N,0,N,0,N,0.9997475,0.9997475,2.740086e-07,1.056756e-07,0.00018623528,2.4945641e-06,4.4694716e-05,8.510131e-06,1.0220595e-05
4433,201_00090,201,90,0,N,0,N,0,N,0.99936146,0.99936146,4.5330367e-07,1.4763314e-07,0.0005293139,2.5966863e-06,7.603414e-05,1.1568768e-05,1.842318e-05
4434,201_00091,201,91,0,N,0,N,0,N,0.99915934,0.99915934,1.0473256e-06,3.5789404e-07,0.00043021733,3.312303e-05,0.00022481683,5.6134308e-05,9.504621e-05
4435,201_00092,201,92,0,N,0,N,0,N,0.9993041,0.9993041,6.575695e-07,2.3690387e-07,0.000499092,3.756747e-05,9.2381124e-05,5.0737788e-05,1.5362592e-05
4436,201_00093,201,93,0,N,0,N,0,N,0.99963236,0.99963236,1.3067056e-07,4.349971e-08,0.00033313417,6.921259e-07,2.8636885e-05,2.1093747e-06,2.9008468e-06
4437,201_00094,201,94,0,N,0,N,0,N,0.99984914,0.99984914,5.823311e-08,3.0102e-08,0.000105808744,4.9541236e-06,3.263952e-05,3.961474e-06,3.4328978e-06
4438,201_00095,201,95,0,N,0,N,0,N,0.9990941,0.9990941,3.1701686e-07,2.3718117e-07,0.00063236407,5.9831782e-05,0.00018337218,1.9330198e-05,1.0486199e-05
4439,201_00096,201,96,0,N,0,N,0,N,0.9996799,0.9996799,2.2874113e-07,4.6477322e-07,0.00023242476,2.0691921e-05,4.1891133e-05,1.9206118e-05,5.1433326e-06
4440,201_00097,201,97,0,N,0,N,0,N,0.9989199,0.9989199,2.720606e-07,9.906173e-08,0.0009960437,3.630977e-06,3.4699257e-05,2.990316e-05,1.540409e-05
4441,201_00098,201,98,0,N,0,N,0,N,0.99976397,0.99976397,1.5207658e-07,5.458949e-08,0.00016292931,1.1474992e-06,6.0496648e-05,3.7793498e-06,7.4114228e-06
4442,201_00099,201,99,0,N,0,N,0,N,0.9997334,0.9997334,1.3276073e-07,2.2598678e-07,0.00016080352,6.4465225e-06,9.02149e-05,3.5829796e-06,5.245656e-06
4443,201_00100,201,100,0,N,0,N,0,N,0.9993994,0.9993994,7.633885e-07,3.5298086e-08,0.00055887894,4.1149237e-06,3.187638e-05,3.0804547e-06,1.8134426e-06
4444,201_00101,201,101,0,N,0,N,0,N,0.99968815,0.99968815,9.4915475e-07,2.0131651e-07,0.00015736363,9.744747e-06,0.00012223252,6.212863e-06,1.5147697e-05
4445,201_00102,201,102,0,N,0,N,0,N,0.9994932,0.9994932,4.7440994e-07,1.5949897e-07,0.0003896537,6.007551e-05,4.5593682e-05,6.70363e-06,4.1545936e-06
4446,201_00103,201,103,0,N,0,N,0,N,0.9995781,0.9995781,8.187358e-07,2.7665627e-07,0.00035286293,6.3902594e-06,3.825058e-05,1.0818229e-05,1.2521308e-05
4447,201_00104,201,104,0,N,0,N,0,N,0.99975884,0.99975884,1.168518e-07,1.01598154e-07,0.0001899488,1.9358329e-06,3.3314405e-05,1.02387585e-05,5.4119014e-06
4448,201_00105,201,105,0,N,0,N,0,N,0.999509,0.999509,1.8298658e-07,5.4640246e-08,0.0003874495,2.8892496e-06,6.328303e-05,5.604136e-06,3.158855e-05
4449,201_00106,201,106,0,N,0,N,0,N,0.9965693,0.9965693,5.854573e-07,9.322191e-07,0.0023720716,8.905959e-05,0.0008833919,2.6256914e-05,5.8338905e-05
4450,201_00107,201,107,0,N,0,N,0,N,0.99869055,0.99869055,1.6247095e-05,7.220893e-07,0.00081546896,9.40765e-05,7.4076364e-05,0.000237197,7.1609975e-05
4451,201_00108,201,108,0,N,0,N,0,N,0.9975865,0.9975865,8.130963e-06,6.9085004e-08,0.0022251436,7.734925e-06,4.0246596e-05,2.1057434e-05,0.00011106011
4452,201_00109,201,109,0,N,0,N,0,N,0.9993348,0.9993348,2.2473034e-07,3.6395104e-08,0.00061312027,8.498201e-06,1.7984054e-05,1.07911055e-05,1.4573184e-05
4453,201_00110,201,110,0,N,0,N,0,N,0.9981775,0.9981775,8.330009e-06,1.0316598e-06,0.0015409607,7.376366e-05,0.00014327442,3.680609e-05,1.8279354e-05
4454,201_00111,201,111,0,N,0,N,0,N,0.9990095,0.9990095,4.315426e-06,8.619516e-07,0.0006303856,3.4319244e-05,6.325804e-05,0.00016216714,9.529924e-05
4455,201_00112,201,112,0,N,0,N,0,N,0.9985243,0.9985243,1.0201223e-06,3.5427252e-07,0.00127718,4.862681e-06,7.134362e-05,5.8662714e-05,6.226114e-05
4456,201_00113,201,113,0,N,0,N,0,N,0.9985592,0.9985592,1.5981675e-06,2.3601652e-07,0.0012205199,2.4293697e-05,0.00010351535,2.1552909e-05,6.909162e-05
4457,201_00114,201,114,0,N,0,N,0,N,0.9978601,0.9978601,8.303522e-06,4.036131e-07,0.0018697799,2.0576084e-05,0.00012713563,4.916032e-05,6.441108e-05
4458,201_00115,201,115,0,N,0,N,0,N,0.999649,0.999649,8.81225e-07,6.850945e-08,0.00029324208,1.5305797e-06,2.0812417e-05,8.309139e-06,2.6261583e-05
4459,201_00116,201,116,0,N,0,N,0,N,0.99932766,0.99932766,2.4776736e-07,2.9936555e-08,0.0006336061,3.3626363e-06,1.8170942e-05,5.036571e-06,1.1841256e-05
4460,201_00117,201,117,0,N,0,N,0,N,0.99839807,0.99839807,6.073153e-07,2.4211747e-07,0.0014350938,1.7590866e-05,0.0001367324,5.3242684e-06,6.359123e-06
4461,201_00118,201,118,0,N,0,N,0,N,0.99915373,0.99915373,1.0763771e-06,7.497015e-07,0.00038337085,0.00015118989,0.00022232019,6.6636734e-05,2.0887986e-05
4462,201_00119,201,119,0,N,0,N,0,N,0.9970505,0.9970505,2.0374382e-06,3.8613575e-07,0.002655569,5.7772195e-05,0.00015112018,3.412466e-05,4.836185e-05
4463,201_00120,201,120,0,N,0,N,0,N,0.9955875,0.9955875,1.3474929e-05,4.064932e-06,0.0029421358,0.00062575797,0.00056680443,0.00014093143,0.000119392585
4464,201_00121,201,121,0,N,0,N,0,N,0.9990502,0.9990502,5.6795075e-06,1.8886065e-07,0.000824523,2.028451e-05,3.281317e-05,5.9874874e-05,6.548454e-06
4465,201_00122,201,122,0,N,0,N,0,N,0.99960977,0.99960977,5.0567394e-07,1.985392e-08,0.00034940083,1.1238023e-06,2.2341477e-05,3.3051688e-06,1.3575121e-05
4466,201_00123,201,123,0,N,0,N,0,N,0.9986909,0.9986909,5.098863e-07,1.8022016e-07,0.0010251557,3.7689028e-05,0.00021242023,5.358875e-06,2.7745446e-05
4467,201_00124,201,124,0,N,0,N,0,N,0.99745023,0.99745023,2.7380418e-06,8.107224e-07,0.0023349142,2.1771599e-05,0.000165468,6.4004594e-06,1.772035e-05
4468,201_00125,201,125,0,N,0,N,0,N,0.9978494,0.9978494,8.8138944e-07,1.6029863e-07,0.001989942,1.5481286e-05,6.19395e-05,4.6165722e-05,3.5953417e-05
4469,201_00126,201,126,0,N,0,N,0,N,0.99926317,0.99926317,2.0103307e-06,2.0813353e-07,0.00042056985,3.0244464e-05,0.00017200454,5.6703775e-05,5.5136046e-05
4470,201_00127,201,127,0,N,0,N,0,N,0.9963397,0.9963397,6.1065657e-07,5.5075276e-07,0.0033874786,3.5530666e-05,0.0001422268,3.69154e-05,5.7017674e-05
4471,201_00128,201,128,0,N,0,N,0,N,0.9993723,0.9993723,1.2480697e-06,1.1217656e-06,0.0003910641,2.4559527e-05,0.00013325326,4.586849e-05,3.0584593e-05
4472,201_00129,201,129,0,N,0,N,0,N,0.99897087,0.99897087,2.2006666e-06,2.4780627e-07,0.000846089,6.377497e-06,6.465723e-05,4.09379e-05,6.8670764e-05
4473,201_00130,201,130,0,N,0,N,0,N,0.999511,0.999511,7.10629e-08,7.788434e-08,0.00043207087,6.41826e-06,3.2635733e-05,7.091836e-06,1.0621444e-05
4474,201_00131,201,131,0,N,0,N,0,N,0.9997197,0.9997197,1.9927248e-07,2.1617037e-08,0.00023587803,4.018375e-06,3.780738e-05,1.2074536e-06,1.1726771e-06
4475,201_00132,201,132,0,N,0,N,0,N,0.9998641,0.9998641,4.0575554e-08,3.459244e-08,4.758178e-05,7.2272032e-06,7.9635334e-05,7.104751e-07,7.197706e-07
4476,201_00133,201,133,0,N,0,N,0,N,0.9998206,0.9998206,2.5321896e-08,7.3631526e-08,0.00013548357,4.336069e-06,3.796223e-05,1.0366015e-06,5.2162727e-07
4477,201_00134,201,134,0,N,0,N,0,N,0.9992796,0.9992796,7.791812e-07,5.471883e-07,0.00050213566,6.691845e-06,0.00019971863,4.0598115e-06,6.4692354e-06
4478,201_00135,201,135,0,N,0,N,0,N,0.99846387,0.99846387,1.6047914e-06,3.1839312e-07,0.0012040229,1.6154963e-05,9.912787e-05,5.8099748e-05,0.00015681623
4479,201_00136,201,136,0,N,0,N,0,N,0.9992289,0.9992289,6.198231e-07,6.979524e-08,0.00064427964,8.423868e-06,6.051192e-05,1.979078e-05,3.7511123e-05
4480,201_00137,201,137,0,N,0,N,0,N,0.997875,0.997875,9.3644536e-07,1.6322336e-06,0.0013495628,0.00023033623,0.00042225388,7.8147714e-05,4.2142656e-05
4481,201_00138,201,138,0,N,0,N,0,N,0.999288,0.999288,8.577767e-06,5.1829073e-07,0.00041190037,0.00010313323,0.00011531211,6.715322e-05,5.402331e-06
4482,201_00139,201,139,0,N,0,N,0,N,0.9989832,0.9989832,1.698033e-06,1.719307e-07,0.00085178774,3.2472373e-05,7.323983e-05,2.2102166e-05,3.534696e-05
4483,201_00140,201,140,0,N,0,N,0,N,0.99920285,0.99920285,4.076e-07,1.1386841e-07,0.00072449655,2.1052695e-06,5.8575413e-05,1.5082015e-06,9.866979e-06
4484,201_00141,201,141,0,N,0,N,0,N,0.99882805,0.99882805,1.6567997e-06,2.1815251e-07,0.001098561,1.7779723e-05,2.8564957e-05,1.229846e-05,1.2933334e-05
4485,201_00142,201,142,0,N,0,N,0,N,0.99918073,0.99918073,8.4505973e-07,6.0392e-08,0.0007553491,2.826265e-06,4.3245527e-05,4.353288e-06,1.2581745e-05
4486,201_00143,201,143,0,N,0,N,0,N,0.99891967,0.99891967,2.587031e-07,3.6843326e-07,0.0009497404,1.8386922e-05,8.117783e-05,9.838881e-06,2.0600957e-05
4487,201_00144,201,144,0,N,0,N,0,N,0.9988143,0.9988143,1.6141734e-05,1.8200689e-07,0.0009961707,6.393038e-05,2.6909318e-05,7.549525e-05,6.84657e-06
4488,201_00145,201,145,0,N,0,N,0,N,0.99977297,0.99977297,7.70602e-07,1.15221994e-07,0.00016183898,2.6310904e-06,3.7591228e-05,1.4032998e-05,1.0024035e-05
4489,201_00146,201,146,0,N,0,N,0,N,0.99944067,0.99944067,5.5971907e-07,1.1197606e-07,0.0005021378,2.1949427e-06,2.5762567e-05,1.4370952e-05,1.4292663e-05
4490,201_00147,201,147,0,N,0,N,0,N,0.9993053,0.9993053,1.4140414e-06,3.58059e-07,0.0003505482,2.410844e-05,0.00020804598,3.8987255e-05,7.133414e-05
4491,201_00148,201,148,0,N,0,N,0,N,0.9951857,0.9951857,3.4125972e-06,1.8782885e-06,0.0036700359,0.00024269939,0.00023194213,0.00045411108,0.00021025266
4492,201_00149,201,149,0,N,0,N,0,N,0.99884117,0.99884117,1.7899583e-06,3.5232492e-07,0.0009108352,6.572849e-05,5.0640527e-05,0.00010543417,2.408911e-05
4493,201_00150,201,150,0,N,0,N,0,N,0.99853563,0.99853563,7.373849e-07,1.15965925e-07,0.0013740907,9.465939e-06,5.9749596e-05,5.2511573e-06,1.4874185e-05
4494,201_00151,201,151,0,N,0,N,0,N,0.99780595,0.99780595,1.1898654e-06,3.1817663e-07,0.0018666676,5.0973144e-05,0.0002486142,6.0898365e-06,2.0081317e-05
4495,201_00152,201,152,0,N,0,N,0,N,0.99951625,0.99951625,9.765636e-07,7.99152e-08,0.0004616971,1.3506414e-06,1.5484464e-05,1.0104844e-06,3.1910631e-06
4496,201_00153,201,153,0,N,0,N,0,N,0.99781877,0.99781877,4.1352965e-07,8.901589e-08,0.0020705138,1.4658425e-06,7.97367e-05,1.5113397e-06,2.7423715e-05
4497,201_00154,201,154,0,N,0,N,0,N,0.9960259,0.9960259,2.8477637e-06,8.1996035e-07,0.0022799966,0.00096434983,0.00052324997,0.00014354361,5.922914e-05
4498,201_00155,201,155,0,N,0,N,0,N,0.9977083,0.9977083,4.7456356e-06,1.335081e-06,0.00079428527,0.00017447215,0.00020337259,0.0009592721,0.00015411864
4499,201_00156,201,156,0,N,0,N,0,N,0.9962168,0.9962168,6.2939e-06,8.8666957e-07,0.003346424,5.714362e-05,4.9184273e-05,0.00025158594,7.178327e-05
4500,201_00157,201,157,0,N,0,N,0,N,0.9993216,0.9993216,3.2539492e-07,4.6334975e-08,0.0005969919,1.1200887e-05,3.1049105e-05,2.0407584e-05,1.84766e-05
4501,201_00158,201,158,0,N,0,N,0,N,0.9971789,0.9971789,8.762675e-06,6.7706605e-07,0.0022555175,0.00020425922,0.00018802637,0.00011025865,5.367313e-05
4502,201_00159,201,159,0,N,0,N,0,N,0.99911195,0.99911195,4.6090845e-05,6.494949e-07,0.00053875917,0.00011123821,5.6211727e-05,0.000107554,2.7563232e-05
4503,201_00160,201,160,0,N,0,N,0,N,0.9964794,0.9964794,3.0443944e-06,8.445069e-08,0.0033715959,6.1173755e-06,3.41712e-05,1.7385977e-05,8.824816e-05
4504,201_00161,201,161,0,N,0,N,0,N,0.99709374,0.99709374,1.0440397e-06,2.1866038e-06,0.002425232,4.1341802e-05,0.00029917844,3.658914e-05,0.00010068479
4505,201_00162,201,162,0,N,0,N,0,N,0.99940264,0.99940264,1.6160818e-06,1.3951046e-07,0.0005191772,1.3914441e-05,3.303191e-05,2.2815884e-05,6.6233e-06
4506,201_00163,201,163,0,N,0,N,0,N,0.9994728,0.9994728,6.738326e-07,9.314443e-08,0.00037536048,8.257083e-06,0.00011589753,8.423739e-06,1.8600227e-05
4507,201_00164,201,164,0,N,0,N,0,N,0.998104,0.998104,2.0684051e-06,3.7121436e-07,0.001395735,0.00010053873,0.00034319414,1.942067e-05,3.463311e-05
4508,201_00165,201,165,0,N,0,N,0,N,0.9988985,0.9988985,9.2611725e-07,7.570403e-08,0.0009573918,7.128025e-06,0.00010477844,1.0377488e-05,2.071605e-05
4509,201_00166,201,166,0,N,0,N,0,N,0.99749076,0.99749076,3.8847676e-07,2.908835e-07,0.0019825764,1.586145e-05,0.0003564726,1.2780818e-05,0.00014091175
4510,201_00167,201,167,0,N,0,N,0,N,0.99592805,0.99592805,5.0383574e-06,2.0602558e-06,0.0021024293,0.0011096428,0.0007937985,4.3402073e-05,1.5631871e-05
4511,201_00168,201,168,0,N,0,N,0,N,0.99932957,0.99932957,1.003389e-06,8.574272e-08,0.0006100468,5.370639e-06,3.0052994e-05,1.8424453e-05,5.4204584e-06
4512,201_00169,201,169,0,N,0,N,0,N,0.99847984,0.99847984,4.7633915e-07,5.062076e-07,0.001267036,5.1403827e-06,0.00013960295,2.6645723e-05,8.066818e-05
4513,201_00170,201,170,0,N,0,N,0,N,0.99952126,0.99952126,1.3855202e-07,1.2522851e-07,0.0002840826,1.541554e-05,6.949809e-05,7.605211e-05,3.351385e-05
4514,201_00171,201,171,0,N,0,N,0,N,0.9988333,0.9988333,2.471339e-06,4.6488873e-07,0.00085837935,1.3034852e-05,0.0002510276,1.2878692e-05,2.8421497e-05
4515,201_00172,201,172,0,N,0,N,0,N,0.9990133,0.9990133,6.207864e-06,6.0441906e-08,0.00087803736,2.4493827e-05,3.0898795e-05,1.4927651e-05,3.2000065e-05
4516,201_00173,201,173,0,N,0,N,0,N,0.9991933,0.9991933,2.3922582e-06,4.249615e-08,0.00068871974,3.4347988e-05,5.3993754e-05,1.4300468e-05,1.290526e-05
4517,201_00174,201,174,0,N,0,N,0,N,0.99917096,0.99917096,2.5139124e-07,1.1011615e-07,0.0007701814,5.9874883e-06,4.1604515e-05,4.7996987e-06,6.1802975e-06
4518,201_00175,201,175,0,N,0,N,0,N,0.99976027,0.99976027,5.004295e-08,6.184999e-08,0.000226529,2.8190684e-07,9.550852e-06,1.3982757e-06,1.8365461e-06
4519,201_00176,201,176,0,N,0,N,0,N,0.9992872,0.9992872,4.7320478e-07,1.2472904e-07,0.00057899783,3.5669077e-06,7.134449e-05,2.1737746e-05,3.652618e-05
4520,201_00177,201,177,0,N,0,N,0,N,0.99977094,0.99977094,8.938201e-07,3.2679278e-08,0.00014951579,5.502438e-06,4.9490973e-05,7.639532e-06,1.5971866e-05
4521,201_00178,201,178,0,N,0,N,0,N,0.9941208,0.9941208,2.334107e-06,5.323382e-07,0.005460874,2.4627903e-05,0.00011654581,3.9938608e-05,0.00023433431
4522,201_00179,201,179,0,N,0,N,0,N,0.99966055,0.99966055,8.2647205e-07,2.8177712e-07,0.0002634684,3.6313204e-06,2.2627893e-05,4.09927e-05,7.5917505e-06
4523,201_00180,201,180,0,N,0,N,0,N,0.9992512,0.9992512,7.181449e-07,2.7653203e-07,0.0005330384,2.1569913e-06,5.5781686e-05,8.7240885e-05,6.962837e-05
4524,201_00181,201,181,0,N,0,N,0,N,0.9976592,0.9976592,1.6457122e-06,1.2103237e-06,0.0013455291,4.9820224e-05,0.00031175168,0.00029219434,0.00033868122
4525,201_00182,201,182,0,N,0,N,0,N,0.9973283,0.9973283,6.5007735e-06,2.7520705e-06,0.0003357109,0.0005821873,0.00012354508,0.0015728115,4.8174916e-05
4526,201_00183,201,183,0,N,0,N,0,N,0.99924344,0.99924344,1.9704032e-06,2.701367e-07,0.00049217633,1.998338e-05,8.4312844e-05,0.00012604448,3.1738768e-05
4527,201_00184,201,184,0,N,0,N,0,N,0.99731684,0.99731684,9.670575e-07,1.3317626e-06,0.001934592,5.4669767e-05,0.00050922384,7.3658106e-05,0.00010879673
4528,201_00185,201,185,0,N,0,N,0,N,0.99951136,0.99951136,6.477623e-07,6.0930904e-07,0.0002777853,2.6274725e-05,0.00013228523,3.106753e-05,1.9862448e-05
4529,201_00186,201,186,0,N,0,N,0,N,0.9975709,0.9975709,2.70302e-07,5.8346508e-08,0.0023559548,7.08923e-06,3.4457473e-05,1.1418869e-05,1.9926847e-05
4530,201_00187,201,187,0,N,0,N,0,N,0.9998328,0.9998328,1.118509e-07,3.2174807e-08,0.00010662995,6.5801246e-06,5.2112406e-05,9.756112e-07,8.1715865e-07
4531,201_00188,201,188,0,N,0,N,0,N,0.99920595,0.99920595,4.0461794e-07,1.4882451e-07,0.00045148883,0.00011046518,0.00021639997,8.132753e-06,7.0770125e-06
4532,201_00189,201,189,0,N,0,N,0,N,0.99984354,0.99984354,7.4673994e-07,1.5869426e-07,0.0001271205,6.031127e-06,1.7823279e-05,3.6420647e-06,8.5930475e-07
4533,201_00190,201,190,0,N,0,N,0,N,0.99981034,0.99981034,5.692315e-07,4.8550426e-08,0.00015524222,4.8811576e-06,1.7517094e-05,8.942566e-06,2.4058722e-06
4534,201_00191,201,191,0,N,0,N,0,N,0.9992595,0.9992595,7.172053e-06,4.03422e-07,0.0003879981,1.2505671e-05,0.00018778868,1.842056e-05,0.00012620841
4535,201_00192,201,192,0,N,0,N,0,N,0.9968206,0.9968206,1.0850439e-05,6.934853e-07,0.0022394296,4.3613367e-05,7.437231e-05,0.00037347153,0.00043705155
4536,201_00193,201,193,0,N,0,N,0,N,0.9981461,0.9981461,8.630908e-06,2.1835635e-06,0.0011276007,1.9972993e-05,4.9318784e-05,0.00031548087,0.00033062015
4537,201_00194,201,194,0,N,0,N,0,N,0.99787956,0.99787956,4.959616e-07,1.6657307e-07,0.0018769675,4.7266108e-06,5.3306692e-05,3.170932e-05,0.00015301716
4538,201_00195,201,195,0,N,0,N,0,N,0.99901617,0.99901617,3.4414455e-07,2.4155307e-07,0.00070820283,3.8307942e-05,0.00020782974,1.3501246e-05,1.530131e-05
4539,201_00196,201,196,0,N,0,N,0,N,0.99936956,0.99936956,2.4264813e-07,1.4144014e-07,0.000579789,3.0360784e-06,3.6400696e-05,4.9663945e-06,5.9039858e-06
4540,201_00197,201,197,0,N,0,N,0,N,0.99947566,0.99947566,1.0222284e-06,4.004782e-08,0.00047733315,3.2353403e-06,2.698279e-05,8.204328e-06,7.570322e-06
4541,201_00198,201,198,0,N,0,N,0,N,0.99977785,0.99977785,1.5638393e-07,1.697623e-08,0.00016905839,4.6255846e-06,2.9528048e-05,5.1262505e-06,1.3596944e-05
4542,201_00199,201,199,0,N,0,N,0,N,0.9985164,0.9985164,1.3522865e-06,5.477249e-07,0.0011701124,6.468566e-05,0.00023846763,4.187445e-06,4.2727434e-06
4543,201_00200,201,200,0,N,0,N,0,N,0.99966973,0.99966973,2.1752444e-06,5.9376998e-08,0.00026855894,2.4902642e-05,2.595619e-05,7.3841697e-06,1.1568865e-06
4544,201_00201,201,201,0,N,0,N,0,N,0.99954146,0.99954146,1.959829e-06,2.3713828e-07,0.00024395165,3.5408422e-05,0.00014004864,2.6800528e-05,1.0121491e-05
4545,201_00202,201,202,0,N,0,N,0,N,0.99940544,0.99940544,2.8648396e-06,1.2263358e-07,0.00040915966,9.665732e-05,7.13773e-05,8.00576e-06,6.364137e-06
4546,201_00203,201,203,0,N,0,N,0,N,0.9997918,0.9997918,9.385945e-08,2.4405824e-07,0.00017011508,8.048671e-06,2.3809722e-05,3.1398201e-06,2.623418e-06
4547,201_00204,201,204,0,N,0,N,0,N,0.9996008,0.9996008,5.0997205e-08,1.3486779e-08,0.0003910504,4.8856055e-08,5.9025597e-06,5.7694376e-07,1.5509236e-06
4548,201_00205,201,205,0,N,0,N,0,N,0.9995355,0.9995355,1.6338221e-07,2.0334949e-07,0.00018599062,1.6964648e-05,0.00022733542,6.18795e-06,2.7653845e-05
4549,201_00206,201,206,0,N,0,N,0,N,0.998773,0.998773,7.2369807e-07,1.2067444e-07,0.001112726,1.3122382e-05,6.9409514e-05,1.2937259e-05,1.8028295e-05
4550,201_00207,201,207,0,N,0,N,0,N,0.9993575,0.9993575,4.9519476e-06,2.8635386e-06,0.00050313305,3.7957492e-05,3.6796362e-05,4.3272074e-05,1.3518475e-05
4551,201_00208,201,208,0,N,0,N,0,N,0.9995977,0.9995977,1.0421933e-06,1.4832986e-07,0.00031787512,3.942837e-06,1.736247e-05,4.6248857e-05,1.5752468e-05
4552,201_00209,201,209,0,N,0,N,0,N,0.9974394,0.9974394,1.6400223e-05,9.4419665e-06,0.0009859448,0.0007210778,0.0006226946,0.000113461305,9.158676e-05
4553,201_00210,201,210,0,N,0,N,0,N,0.9996627,0.9996627,2.7470032e-06,1.2075097e-07,0.00026777934,1.0197044e-05,1.6908478e-05,2.992414e-05,9.560554e-06
4554,201_00211,201,211,0,N,0,N,0,N,0.9980913,0.9980913,7.4037916e-07,3.2453715e-07,0.0016565506,4.436077e-06,0.0001882616,1.4669808e-05,4.383762e-05
4555,201_00212,201,212,0,N,0,N,0,N,0.9968258,0.9968258,1.7612839e-06,1.2541843e-06,0.0014207123,0.000127758,0.0014953007,2.7387177e-05,0.00010003455
4556,201_00213,201,213,0,N,0,N,0,N,0.9969158,0.9969158,1.9985707e-06,6.37433e-07,0.0022717433,0.00019996938,0.00026376633,0.00025152392,9.448542e-05
4557,201_00214,201,214,0,N,0,N,0,N,0.999522,0.999522,1.2903627e-06,7.1271063e-07,0.00021809943,1.49939215e-05,5.975628e-05,0.00014763864,3.5575584e-05
4558,201_00215,201,215,0,N,0,N,0,N,0.99718535,0.99718535,1.7694023e-06,1.5466603e-07,0.0026252784,1.4653376e-05,5.858394e-05,2.5553796e-05,8.869944e-05
4559,201_00216,201,216,0,N,0,N,0,N,0.99768627,0.99768627,7.822366e-07,3.1770523e-07,0.0019501955,5.496783e-05,0.00019942776,1.9521054e-05,8.853816e-05
4560,201_00217,201,217,0,N,0,N,0,N,0.99770087,0.99770087,5.3647733e-07,2.6348067e-07,0.0018150215,0.00014419765,0.0002631624,5.3350286e-05,2.2669374e-05
4561,201_00218,201,218,0,N,0,N,0,N,0.999649,0.999649,3.543801e-07,5.2900432e-08,0.00025496783,5.3900762e-06,8.083476e-05,5.844359e-06,3.682063e-06
4562,201_00219,201,219,0,N,0,N,0,N,0.99967736,0.99967736,1.17871494e-07,1.2632145e-07,0.00014312207,5.8481575e-05,0.00010895081,8.618443e-06,3.1347786e-06
4563,201_00220,201,220,0,N,0,N,0,N,0.99913394,0.99913394,6.192972e-06,2.1009055e-07,0.0005332064,0.00010505351,0.00019736438,1.5616864e-05,8.334517e-06
4564,201_00221,201,221,0,N,0,N,0,N,0.9997167,0.9997167,4.902736e-07,1.2870011e-07,0.00025121777,1.4617071e-06,1.1114659e-05,8.178392e-06,1.0714674e-05
4565,201_00222,201,222,0,N,0,N,0,N,0.9996934,0.9996934,1.02221456e-07,9.371458e-09,0.00028137112,1.4089943e-07,6.3730477e-06,7.875948e-06,1.0765308e-05
4566,201_00223,201,223,0,N,0,N,0,N,0.99929756,0.99929756,5.283156e-07,3.2860095e-07,0.00021941365,1.1566417e-05,0.00032622463,3.9690556e-05,0.00010472278
4567,201_00224,201,224,0,N,0,N,0,N,0.9994944,0.9994944,5.8786657e-07,1.846799e-07,0.00035080346,1.0010057e-05,7.255129e-05,5.264675e-05,1.8873861e-05
4568,201_00225,201,225,0,N,0,N,0,N,0.9995453,0.9995453,2.696396e-07,5.0358278e-08,0.00039920828,6.1726655e-07,2.9563664e-05,4.809971e-06,2.0260082e-05
4569,201_00226,201,226,0,N,0,N,0,N,0.9992206,0.9992206,5.439015e-08,5.4564117e-07,0.0005726258,9.017392e-06,0.00018372168,3.1810598e-06,1.0226866e-05
4570,201_00227,201,227,0,N,0,N,0,N,0.9989367,0.9989367,9.2148985e-06,1.4600897e-07,0.0009479296,3.4175653e-05,3.6810558e-05,2.4628362e-05,1.0367894e-05
4571,201_00228,201,228,0,N,0,N,0,N,0.99986506,0.99986506,4.2452734e-07,1.8393452e-08,7.960132e-05,4.05472e-06,2.2721732e-05,2.234599e-05,5.821633e-06
4572,201_00229,201,229,0,N,0,N,0,N,0.9996154,0.9996154,1.7940019e-07,7.965497e-08,0.00027445165,9.924105e-07,7.439144e-05,1.0895989e-05,2.3677438e-05
4573,201_00230,201,230,0,N,0,N,0,N,0.9998821,0.9998821,5.602833e-08,8.048729e-08,3.6832254e-05,7.643245e-06,6.7804474e-05,4.1331737e-06,1.393301e-06
4574,201_00231,201,231,0,N,0,N,0,N,0.9993217,0.9993217,2.2547124e-07,8.564888e-08,0.0005683476,7.673614e-06,8.211796e-05,7.1600343e-06,1.2781718e-05
4575,201_00232,201,232,0,N,0,N,0,N,0.9997407,0.9997407,5.45946e-07,9.065221e-07,0.00015025599,1.8098537e-05,7.2575596e-05,1.1416269e-05,5.502639e-06
4576,201_00233,201,233,0,N,0,N,0,N,0.9997371,0.9997371,1.7319788e-07,3.7610835e-08,0.00023457519,2.2894094e-06,9.77474e-06,1.1585053e-05,4.513714e-06
4577,201_00234,201,234,0,N,0,N,0,N,0.9992456,0.9992456,5.5617043e-08,1.8554968e-07,0.00058572134,1.187346e-05,0.00013455297,9.006924e-06,1.2958709e-05
4578,201_00235,201,235,0,N,0,N,0,N,0.99975324,0.99975324,1.2533728e-07,1.06746036e-07,0.000103469465,6.249098e-05,6.92954e-05,9.930762e-06,1.5160441e-06
4579,201_00236,201,236,0,N,0,N,0,N,0.9994991,0.9994991,1.8722821e-07,9.713067e-08,0.0004388819,3.2280102e-06,5.517021e-05,1.7809618e-06,1.5111125e-06
4580,201_00237,201,237,0,N,0,N,0,N,0.9997309,0.9997309,6.417125e-08,1.10189625e-07,0.00015030052,2.3534667e-05,5.8777252e-05,3.0489979e-05,5.898291e-06
4581,201_00238,201,238,0,N,0,N,0,N,0.9995092,0.9995092,2.6147984e-07,6.0545113e-07,0.00020847935,2.2251033e-05,0.00022156435,3.0516756e-05,7.0185924e-06
4582,201_00239,201,239,0,N,0,N,0,N,0.9998163,0.9998163,3.2816507e-07,3.8473498e-08,0.00015634052,1.7506251e-06,1.6975271e-05,6.3189846e-06,1.946582e-06
4583,201_00240,201,240,0,N,0,N,0,N,0.9996804,0.9996804,3.8671993e-07,2.2357078e-07,0.00026031764,3.9208345e-07,3.723333e-05,5.354959e-06,1.5669772e-05
4584,201_00241,201,241,0,N,0,N,0,N,0.99951994,0.99951994,5.1885667e-07,4.879272e-07,0.0002680579,5.0968533e-06,9.801332e-05,4.0747207e-05,6.707081e-05
4585,201_00242,201,242,0,N,0,N,0,N,0.9944198,0.9944198,6.08143e-06,1.146508e-06,0.0036599496,9.133667e-05,0.00049333024,0.00016005123,0.0011683168
4586,201_00243,201,243,0,N,0,N,0,N,0.99944174,0.99944174,1.3835728e-06,1.6416715e-07,0.00047411988,9.854704e-06,1.3830339e-05,4.2683485e-05,1.6139818e-05
4587,201_00244,201,244,0,N,0,N,0,N,0.99883926,0.99883926,1.4984951e-07,6.226233e-08,0.0010968874,1.4775828e-06,1.6063052e-05,2.321351e-05,2.2890787e-05
4588,201_00245,201,245,0,N,0,N,0,N,0.99969864,0.99969864,2.665625e-07,2.2771871e-07,0.00017205309,1.819295e-05,8.556446e-05,1.6607024e-05,8.481544e-06
4589,201_00246,201,246,0,N,0,N,0,N,0.99969554,0.99969554,1.4166133e-06,1.0189484e-07,0.00023504464,1.2776383e-05,4.589882e-05,6.6830394e-06,2.5936654e-06
4590,201_00247,201,247,0,N,0,N,0,N,0.9998421,0.9998421,2.0619588e-07,2.8852416e-08,0.00013463946,1.2428528e-06,1.570606e-05,3.0217038e-06,3.1224197e-06
4591,201_00248,201,248,0,N,0,N,0,N,0.9993637,0.9993637,3.464284e-07,6.28686e-07,0.0003993665,8.91385e-06,0.00019564202,9.363022e-06,2.198206e-05
4592,201_00249,201,249,0,N,0,N,0,N,0.99815404,0.99815404,1.5487644e-06,1.2844478e-07,0.0017011409,2.5177364e-06,0.00010053439,5.9128765e-06,3.417269e-05
4593,201_00250,201,250,0,N,0,N,0,N,0.99649036,0.99649036,3.5929572e-06,7.7752964e-07,0.001593977,9.482343e-05,0.0006645499,0.00024817963,0.00090373866
4594,201_00251,201,251,0,N,0,N,0,N,0.99779797,0.99779797,1.826405e-06,3.2425245e-07,0.0017793685,9.465213e-05,0.00013217791,0.00013700344,5.66384e-05
4595,201_00252,201,252,0,N,0,N,0,N,0.9993415,0.9993415,5.253453e-07,8.509287e-08,0.0005771399,1.506396e-05,4.6390927e-05,1.1885033e-05,7.548537e-06
4596,201_00253,201,253,0,N,0,N,0,N,0.9992088,0.9992088,8.860496e-07,5.2906493e-08,0.0006918347,1.1809941e-05,4.588903e-05,2.2798824e-05,1.7812234e-05
4597,201_00254,201,254,0,N,0,N,0,N,0.9997436,0.9997436,3.4701316e-07,3.865325e-08,0.00018372426,6.6277594e-06,4.769748e-05,1.1571426e-05,6.4691785e-06
4598,201_00255,201,255,0,N,0,N,0,N,0.99958396,0.99958396,1.2367255e-07,8.1114024e-08,0.0003485123,1.0014879e-05,4.1352076e-05,8.095474e-06,7.824345e-06
4599,201_00256,201,256,0,N,0,N,0,N,0.999656,0.999656,2.1279172e-07,2.7921374e-07,0.00012732387,3.855579e-05,0.00015670876,1.8120161e-05,2.8077757e-06
4600,201_00257,201,257,0,N,0,N,0,N,0.999192,0.999192,1.4203533e-06,3.721762e-07,0.0006905782,1.8014669e-06,8.609507e-05,6.214193e-06,2.1457467e-05
4601,201_00258,201,258,0,N,0,N,0,N,0.9998244,0.9998244,1.3228924e-07,2.6428266e-08,0.00014915477,4.308934e-07,7.881323e-06,7.815494e-06,1.0058461e-05
4602,201_00259,201,259,0,N,0,N,0,N,0.99958843,0.99958843,1.4162164e-07,5.860988e-08,0.00034532286,9.2650504e-07,4.7754478e-05,4.6478194e-06,1.2707661e-05
4603,201_00260,201,260,0,N,0,N,0,N,0.9998907,0.9998907,1.0389311e-07,5.6446286e-08,8.584189e-05,2.6750472e-06,1.7314373e-05,2.0218542e-06,1.4001716e-06
4604,201_00261,201,261,0,N,0,N,0,N,0.999484,0.999484,1.13274766e-07,2.8132177e-08,0.0004681441,1.4544554e-06,3.5694706e-05,4.3965674e-06,6.1600526e-06
4605,201_00262,201,262,0,N,0,N,0,N,0.9993666,0.9993666,9.521158e-08,4.646364e-07,0.00021052692,1.4438297e-05,0.00036103113,1.1040452e-05,3.5842226e-05
4606,201_00263,201,263,0,N,0,N,0,N,0.9960992,0.9960992,2.1764708e-06,1.3798822e-06,0.0029636035,0.00029384365,0.000506414,6.1609244e-05,7.176842e-05
4607,201_00264,201,264,0,N,0,N,0,N,0.997715,0.997715,3.424071e-06,4.612148e-07,0.001850131,0.00010551687,0.00020987916,7.9248704e-05,3.641113e-05
4608,201_00265,201,265,0,N,0,N,0,N,0.99827754,0.99827754,8.453929e-06,1.8090022e-06,0.001170285,5.243813e-05,4.1526066e-05,0.00031876008,0.00012913016
4609,201_00266,201,266,0,N,0,N,0,N,0.99937063,0.99937063,6.221842e-07,7.5031814e-08,0.00038218687,1.5340935e-05,3.3270873e-05,0.00016228936,3.557739e-05
4610,201_00267,201,267,0,N,0,N,0,N,0.99695253,0.99695253,3.408725e-07,2.1201679e-07,0.0028320097,9.635284e-06,0.000121987934,2.0313317e-05,6.302523e-05
4611,201_00268,201,268,0,N,0,N,0,N,0.99920785,0.99920785,2.8519543e-07,8.1472336e-07,0.0006547302,1.5336842e-05,6.0244394e-05,2.6451411e-05,3.4282937e-05
4612,201_00269,201,269,0,N,0,N,0,N,0.9990876,0.9990876,5.937597e-07,1.9085327e-07,0.0008189337,9.34091e-07,1.6309252e-05,4.737605e-05,2.8100127e-05
4613,201_00270,201,270,0,N,0,N,0,N,0.9998692,0.9998692,1.6670397e-07,4.6512618e-08,9.0077905e-05,1.0973855e-06,2.455911e-05,7.943205e-06,6.966196e-06
4614,201_00271,201,271,0,N,0,N,0,N,0.9990403,0.9990403,4.284399e-07,6.277718e-08,0.0008687153,7.4624363e-06,5.6009714e-05,5.858345e-06,2.1095e-05
4615,201_00272,201,272,0,N,0,N,0,N,0.99826366,0.99826366,4.8324528e-06,4.9050925e-07,0.0013482202,6.160596e-05,0.00024025468,2.422343e-05,5.664268e-05
4616,201_00273,201,273,0,N,0,N,0,N,0.9987504,0.9987504,3.3706501e-06,2.3866062e-07,0.0009848399,2.401861e-05,9.035064e-05,7.0527254e-05,7.630114e-05
4617,201_00274,201,274,0,N,0,N,0,N,0.99928313,0.99928313,3.5505704e-07,8.445232e-08,0.0006613127,3.556099e-06,3.116072e-05,8.139403e-06,1.2179926e-05
4618,201_00275,201,275,0,N,0,N,0,N,0.999143,0.999143,4.4121617e-07,6.92126e-08,0.000802331,2.863268e-06,4.4486802e-05,2.3676507e-06,4.407647e-06
4619,201_00276,201,276,0,N,0,N,0,N,0.99958396,0.99958396,4.80365e-07,1.2821067e-07,0.00024166492,5.3512617e-06,0.0001427976,5.3718936e-06,2.022384e-05
4620,201_00277,201,277,0,N,0,N,0,N,0.9979224,0.9979224,2.1878639e-06,5.060374e-07,0.0012512323,0.00017639431,0.00045426426,8.388263e-05,0.00010906574
4621,201_00278,201,278,0,N,0,N,0,N,0.9915631,0.9915631,1.2007786e-05,3.2615324e-06,0.007755076,7.344683e-05,0.00026038766,0.0001818938,0.00015097183
4622,201_00279,201,279,0,N,0,N,0,N,0.9968581,0.9968581,1.561305e-05,6.0198777e-06,0.0012460856,0.00024528283,0.00011966404,0.0013675854,0.00014163765
4623,201_00280,201,280,0,N,0,N,0,N,0.9925481,0.9925481,1.5360802e-05,9.291858e-07,0.005565598,0.00020462442,0.00025011573,0.00072801503,0.00068718527
4624,201_00281,201,281,0,N,0,N,0,N,0.99845827,0.99845827,5.6723325e-06,4.174367e-06,0.0007721607,0.00016302794,0.0003687771,0.00011681333,0.00011101478
4625,201_00282,201,282,0,N,0,N,0,N,0.9994286,0.9994286,2.8383906e-06,2.4025805e-08,0.00055022666,2.5121292e-06,7.4605964e-06,4.3372265e-06,4.089981e-06
4626,201_00283,201,283,0,N,0,N,0,N,0.99907696,0.99907696,4.5149358e-07,7.3281804e-08,0.00076762034,1.9207434e-06,9.02775e-05,1.8176478e-06,6.0836275e-05
4627,201_00284,201,284,0,N,0,N,0,N,0.9960744,0.9960744,3.0458193e-06,6.76388e-06,0.003485475,5.4699172e-05,0.00027745782,1.4345172e-05,8.385259e-05
4628,201_00285,201,285,0,N,0,N,0,N,0.9995091,0.9995091,3.8851904e-06,1.399092e-07,0.00043318837,1.1008789e-05,3.0541094e-05,8.547162e-06,3.6504423e-06
4629,201_00286,201,286,0,N,0,N,0,N,0.99813265,0.99813265,8.305442e-06,2.1520536e-07,0.0013491017,3.334416e-05,0.0002447799,3.0760995e-05,0.000200925
4630,201_00287,201,287,0,N,0,N,0,N,0.99932384,0.99932384,6.199329e-07,2.0732855e-07,0.0005411853,1.781741e-05,9.491809e-05,1.1375944e-05,9.94614e-06
4631,201_00288,201,288,0,N,0,N,0,N,0.99889183,0.99889183,5.9053605e-07,4.6630248e-08,0.0010289359,6.1557103e-06,3.006746e-05,1.1235164e-05,3.117366e-05
4632,201_00289,201,289,0,N,0,N,0,N,0.99946684,0.99946684,3.8629602e-07,3.799228e-07,0.0005004046,8.7237817e-07,2.1123476e-05,1.4780869e-06,8.479779e-06
4633,201_00290,201,290,0,N,0,N,0,N,0.99971944,0.99971944,1.1247693e-08,4.442612e-09,0.00027681483,9.866691e-09,2.1678825e-06,3.1114297e-07,1.2617176e-06
4634,201_00291,201,291,0,N,0,N,0,N,0.9999317,0.9999317,3.1797402e-08,1.02918506e-07,3.9244842e-05,2.1288572e-07,1.797826e-05,1.8692372e-06,8.790059e-06
4635,201_00292,201,292,0,N,0,N,0,N,0.9998698,0.9998698,7.2281097e-07,6.792949e-08,6.33982e-05,3.2414105e-06,5.1019084e-05,7.7016875e-06,4.047414e-06
4636,201_00293,201,293,0,N,0,N,0,N,0.9999077,0.9999077,7.185574e-08,1.5075576e-08,7.198089e-05,1.3359789e-06,1.2221465e-05,4.3809614e-06,2.3802797e-06
4637,201_00294,201,294,0,N,0,N,0,N,0.99878776,0.99878776,3.1388348e-07,4.6578836e-07,0.00066820387,6.837384e-06,0.00041972662,2.6920667e-05,8.975182e-05
4638,201_00295,201,295,0,N,0,N,0,N,0.9996375,0.9996375,3.4098667e-07,5.254052e-07,0.00024212795,1.5851185e-05,4.8322298e-05,4.328787e-05,1.2092596e-05
4639,201_00296,201,296,0,N,0,N,0,N,0.9993723,0.9993723,1.8000325e-07,1.4372532e-07,0.0005161308,2.0941036e-06,4.53633e-05,3.9970637e-05,2.3803977e-05
4640,201_00297,201,297,0,N,0,N,0,N,0.99943095,0.99943095,2.189881e-07,5.270811e-07,0.00037757138,2.637852e-06,0.00016587772,1.138182e-05,1.0888039e-05
4641,201_00298,201,298,0,N,0,N,0,N,0.9990231,0.9990231,2.884457e-06,9.566239e-07,0.00044502315,1.2461894e-05,0.00018565325,0.000118772536,0.00021117795
4642,201_00299,201,299,0,N,0,N,0,N,0.9988567,0.9988567,1.4748226e-06,3.2716983e-07,0.0007720627,1.3326054e-05,0.00011145113,7.188247e-05,0.00017269414
4643,201_00300,201,300,0,N,0,N,0,N,0.9892434,0.9892434,9.594761e-07,1.1783111e-06,0.009617091,2.2428214e-05,0.0002149675,0.00014454935,0.00075550086
4644,201_00301,201,301,0,N,0,N,0,N,0.99722266,0.99722266,1.4601778e-05,7.0948777e-06,0.0014012,0.0003528216,0.00048607745,0.00035478466,0.00016074927
4645,201_00302,201,302,0,N,0,N,0,N,0.9961115,0.9961115,3.6864365e-06,2.057153e-07,0.0036350565,1.4106754e-05,5.5630342e-05,5.3462914e-05,0.0001261892
4646,201_00303,201,303,0,N,0,N,0,N,0.99627817,0.99627817,2.608662e-06,6.277367e-07,0.0030498656,0.00010779713,0.0002979055,9.765593e-05,0.00016542447
4647,201_00304,201,304,0,N,0,N,0,N,0.99837774,0.99837774,1.6484853e-05,1.1899025e-06,0.0013023188,7.1113136e-05,0.00013811764,5.4406737e-05,3.8569633e-05
4648,201_00305,201,305,0,N,0,N,0,N,0.9993999,0.9993999,9.1409345e-07,2.4473282e-08,0.0005696454,1.8385717e-06,1.3469463e-05,3.0050078e-06,1.1276053e-05
4649,201_00306,201,306,0,N,0,N,0,N,0.99884593,0.99884593,5.022359e-07,2.786535e-07,0.0008423359,6.871137e-05,0.00018849956,2.0892805e-05,3.286928e-05
4650,201_00307,201,307,0,N,0,N,0,N,0.9989864,0.9989864,7.4095724e-06,1.2357335e-06,0.0005279076,0.00017157769,0.0002072903,8.878799e-05,9.347455e-06
4651,201_00308,201,308,0,N,0,N,0,N,0.99923056,0.99923056,1.495014e-06,7.86728e-08,0.00066223653,1.3708198e-05,2.9323077e-05,3.9710878e-05,2.2765795e-05
4652,201_00309,201,309,0,N,0,N,0,N,0.99864554,0.99864554,1.1794422e-06,4.6485545e-07,0.00078287534,2.7888338e-05,0.00044368816,2.333845e-05,7.5042866e-05
4653,201_00310,201,310,5,ABERR,0,N,0,N,0.9992702,0.9992702,7.633364e-07,3.6195271e-07,0.0006180381,2.4299592e-05,3.4323515e-05,3.469524e-05,1.7175176e-05
4654,201_00311,201,311,0,N,5,ABERR,0,N,0.9987963,0.9987963,5.488595e-07,4.7233314e-07,0.0010781183,3.9597107e-06,0.0001071325,4.4956223e-06,9.0989615e-06
4655,201_00312,201,312,0,N,0,N,0,N,0.9995657,0.9995657,1.1798811e-07,5.428216e-08,0.00039698576,2.4578515e-06,2.3548739e-05,4.4647927e-06,6.6129564e-06
4656,201_00313,201,313,0,N,0,N,0,N,0.99961525,0.99961525,3.2498153e-07,1.2227471e-07,0.0002735029,1.5581369e-05,7.628896e-05,1.2779366e-05,6.124325e-06
4657,201_00314,201,314,0,N,0,N,0,N,0.9989416,0.9989416,3.656245e-06,2.812556e-07,0.00070452254,4.2854597e-05,0.00019294934,4.7412606e-05,6.6717774e-05
4658,201_00315,201,315,0,N,0,N,0,N,0.9992589,0.9992589,2.5224012e-06,5.633324e-07,0.000584387,5.2157616e-06,2.0477362e-05,8.3712046e-05,4.428956e-05
4659,201_00316,201,316,0,N,0,N,0,N,0.99924344,0.99924344,2.8982902e-07,1.3403852e-07,0.0006554289,2.0762757e-06,4.5379693e-05,1.5251375e-05,3.800959e-05
4660,201_00317,201,317,0,N,0,N,0,N,0.9991891,0.9991891,5.7388826e-07,7.3310554e-07,0.00042349662,4.8755224e-05,0.000284099,3.0842224e-05,2.250126e-05
4661,201_00318,201,318,0,N,0,N,0,N,0.99948126,0.99948126,4.241099e-07,3.327798e-07,0.00039215197,1.2470083e-05,8.8626766e-05,1.7821952e-05,6.9189095e-06
4662,201_00319,201,319,0,N,0,N,0,N,0.9994183,0.9994183,3.1462366e-07,3.7002323e-07,0.000310672,1.9312842e-05,0.00021268283,1.5372245e-05,2.291734e-05
4663,201_00320,201,320,0,N,0,N,0,N,0.99862903,0.99862903,5.8093343e-07,1.1333357e-06,0.0005850884,8.9464294e-05,0.0005869691,6.135101e-05,4.6317153e-05
4664,201_00321,201,321,0,N,0,N,0,N,0.9965857,0.9965857,7.294754e-06,1.2306014e-06,0.0030675167,2.5255997e-05,0.00015407418,9.101159e-05,6.7886875e-05
4665,201_00322,201,322,0,N,0,N,0,N,0.9987687,0.9987687,5.624753e-07,2.4536288e-07,0.0009132667,4.048185e-06,6.480946e-05,8.533385e-05,0.00016312965
4666,201_00323,201,323,0,N,0,N,0,N,0.996709,0.996709,1.7385645e-06,1.1707589e-06,0.0018252933,0.00029238773,0.00016570889,0.000860904,0.00014377279
4667,201_00324,201,324,0,N,0,N,0,N,0.99882555,0.99882555,1.0784223e-06,4.5569564e-07,0.00093818665,3.4758275e-05,0.00017903301,8.360319e-06,1.2555282e-05
4668,201_00325,201,325,0,N,0,N,0,N,0.9962628,0.9962628,4.7987583e-06,7.986901e-07,0.0013092661,0.0019117164,0.00038345813,9.514232e-05,3.202458e-05
4669,201_00326,201,326,0,N,0,N,0,N,0.9948545,0.9948545,4.6083336e-05,4.872823e-07,0.0044861217,0.000324908,9.6111624e-05,0.0001488951,4.289716e-05
4670,201_00327,201,327,0,N,0,N,0,N,0.999401,0.999401,1.6856552e-06,2.7459944e-07,0.0004844868,2.370896e-05,4.0596715e-05,3.489707e-05,1.3374997e-05
4671,201_00328,201,328,0,N,0,N,0,N,0.9986582,0.9986582,5.2111625e-07,5.7240598e-08,0.0012694607,6.906089e-06,3.165644e-05,1.4994028e-05,1.8215747e-05
4672,201_00329,201,329,0,N,0,N,0,N,0.9981015,0.9981015,2.195531e-06,6.803429e-07,0.0007027441,0.000445736,0.0005205326,0.00017014438,5.648563e-05
4673,201_00330,201,330,0,N,0,N,0,N,0.99949545,0.99949545,5.4334128e-06,1.6301117e-07,0.00024287125,7.505847e-05,0.00012184797,4.7480622e-05,1.1772009e-05
4674,201_00331,201,331,0,N,0,N,0,N,0.9972085,0.9972085,1.2662609e-06,1.3090985e-07,0.0026158697,1.1506309e-05,5.561422e-05,1.6250191e-05,9.100578e-05
4675,201_00332,201,332,0,N,0,N,0,N,0.99762833,0.99762833,1.5314015e-05,8.7974234e-07,0.001763827,0.00012070197,0.00028010466,4.660653e-05,0.00014423297
4676,201_00333,201,333,0,N,0,N,0,N,0.99864626,0.99864626,4.892802e-06,9.199858e-08,0.0012206974,1.932144e-05,2.7116506e-05,5.029483e-05,3.129854e-05
4677,201_00334,201,334,0,N,0,N,0,N,0.99921465,0.99921465,1.3678108e-06,1.332521e-07,0.00069788593,9.658786e-06,4.4637378e-05,1.142847e-05,2.0207752e-05
4678,201_00335,201,335,0,N,0,N,0,N,0.9994076,0.9994076,5.5532166e-07,8.8959396e-08,0.00053992745,2.5936133e-06,2.3745593e-05,1.1179589e-05,1.4295216e-05
4679,201_00336,201,336,0,N,0,N,0,N,0.9997986,0.9997986,2.009371e-07,1.6025724e-07,0.00015517631,9.2725327e-07,2.2651488e-05,6.8228237e-06,1.5459587e-05
4680,201_00337,201,337,0,N,0,N,0,N,0.99956226,0.99956226,4.828526e-07,1.1135304e-07,0.0003532147,2.917656e-06,5.224184e-05,7.309721e-06,2.1643204e-05
4681,201_00338,201,338,0,N,0,N,0,N,0.99928266,0.99928266,3.0861884e-07,1.458595e-07,0.0006386762,4.9399596e-06,4.964265e-05,1.2717945e-05,1.106499e-05
4682,201_00339,201,339,0,N,0,N,0,N,0.9998634,0.9998634,7.14888e-08,4.136886e-08,8.710689e-05,3.574053e-06,2.5144724e-05,1.5895266e-05,4.7613044e-06
4683,201_00340,201,340,0,N,0,N,0,N,0.9994352,0.9994352,2.6311108e-07,1.5254592e-07,0.00028093116,9.191317e-06,0.00023829905,1.4929954e-05,2.1129075e-05
4684,201_00341,201,341,0,N,0,N,0,N,0.99600244,0.99600244,3.0236424e-06,1.7265645e-06,0.002230667,0.0002581798,0.0013187999,4.6865473e-05,0.00013842677
4685,201_00342,201,342,0,N,0,N,0,N,0.99841213,0.99841213,1.8203157e-06,6.122994e-08,0.0013733725,2.221646e-05,6.737822e-05,5.8660153e-05,6.438295e-05
4686,201_00343,201,343,0,N,0,N,0,N,0.9940456,0.9940456,1.3149436e-06,2.6712763e-07,0.0054753567,2.6154255e-05,0.00017303262,4.217765e-05,0.00023608186
4687,201_00344,201,344,0,N,0,N,0,N,0.9978798,0.9978798,4.6420362e-07,6.5845643e-07,0.0016211589,8.809131e-05,0.0003546724,2.9578114e-05,2.5523668e-05
4688,201_00345,201,345,0,N,0,N,0,N,0.99831575,0.99831575,3.4015266e-06,1.0843896e-07,0.001509923,2.1516647e-05,0.00010074763,2.330426e-05,2.5244599e-05
4689,201_00346,201,346,0,N,0,N,0,N,0.999185,0.999185,4.69829e-07,1.2444696e-07,0.00049897487,1.0731253e-05,0.0002624505,6.3225757e-06,3.600072e-05
4690,201_00347,201,347,0,N,0,N,0,N,0.99790573,0.99790573,5.825024e-07,2.9748705e-07,0.0016804917,7.596257e-05,0.00028793025,2.1804673e-05,2.7249993e-05
4691,201_00348,201,348,0,N,0,N,0,N,0.99951434,0.99951434,6.1421747e-07,9.93895e-08,0.00039479262,1.2668085e-05,6.7360554e-05,7.401366e-06,2.8075785e-06
4692,201_00349,201,349,0,N,0,N,0,N,0.9997882,0.9997882,3.2049664e-07,2.8099066e-08,0.00018210629,2.0099376e-06,1.7729966e-05,4.824464e-06,4.7492513e-06
4693,201_00350,201,350,0,N,0,N,0,N,0.99976504,0.99976504,2.4505505e-07,5.877048e-08,0.00015566898,1.2249522e-05,4.255343e-05,1.50449405e-05,9.013567e-06
4694,201_00351,201,351,0,N,0,N,0,N,0.9997174,0.9997174,9.7990466e-08,1.8944785e-07,0.00017491821,1.2279336e-05,7.676042e-05,1.3859825e-05,4.4037342e-06
4695,201_00352,201,352,0,N,0,N,0,N,0.9985206,0.9985206,6.401168e-07,2.8598706e-07,0.0013318204,2.0255698e-06,0.000106180916,1.1843795e-05,2.663802e-05
4696,201_00353,201,353,0,N,0,N,0,N,0.9998863,0.9998863,2.4728462e-07,5.4554633e-08,7.6407814e-05,2.1892424e-06,2.1631438e-05,8.6837035e-06,4.4529725e-06
4697,201_00354,201,354,0,N,0,N,0,N,0.9997673,0.9997673,1.6185032e-07,1.8587377e-08,0.00021598452,1.7760573e-06,9.164284e-06,2.8558368e-06,2.7219392e-06
4698,201_00355,201,355,0,N,0,N,0,N,0.9998612,0.9998612,2.3561111e-07,7.0476766e-08,8.360815e-05,5.090897e-06,4.636471e-05,2.3851683e-06,1.0895669e-06
4699,201_00356,201,356,0,N,0,N,0,N,0.9997016,0.9997016,1.0079382e-06,2.1813185e-07,0.00017478422,1.626449e-05,9.3164475e-05,8.226383e-06,4.793737e-06
4700,201_00357,201,357,0,N,0,N,0,N,0.999795,0.999795,6.99911e-07,3.184142e-08,0.00016933738,6.0236207e-06,1.7507324e-05,6.855901e-06,4.472402e-06
4701,201_00358,201,358,0,N,0,N,0,N,0.9997267,0.9997267,5.1277016e-07,1.7493693e-07,0.0001346455,2.3014047e-05,0.00010548378,5.9712547e-06,3.5504954e-06
4702,201_00359,201,359,0,N,0,N,0,N,0.9989574,0.9989574,2.873639e-06,2.4940988e-07,0.00086759345,2.7603344e-05,0.00012545011,7.599184e-06,1.1189855e-05
4703,201_00360,201,360,0,N,0,N,0,N,0.9988788,0.9988788,6.946604e-06,1.442794e-06,0.00028796156,0.00029361813,0.00017897409,0.0002944018,5.7902034e-05
4704,201_00361,201,361,0,N,0,N,0,N,0.9993824,0.9993824,6.920832e-06,1.11547045e-07,0.0004797753,1.18520275e-05,1.9301175e-05,8.32871e-05,1.6453341e-05
4705,201_00362,201,362,0,N,0,N,0,N,0.99892765,0.99892765,6.161096e-07,5.087141e-07,0.00095175405,1.1152974e-06,5.1960662e-05,8.810651e-06,5.7533205e-05
4706,201_00363,201,363,0,N,0,N,0,N,0.9990976,0.9990976,1.4231422e-06,1.6284849e-06,0.0007459197,1.2976111e-06,1.2395401e-05,3.6897047e-05,0.00010290148
4707,201_00364,201,364,0,N,0,N,0,N,0.9994789,0.9994789,6.238524e-07,1.7126091e-07,0.000441305,5.185292e-07,2.0461486e-05,1.03178945e-05,4.775234e-05
4708,201_00365,201,365,0,N,0,N,0,N,0.9952008,0.9952008,1.0080723e-06,4.5266833e-07,0.0044510784,1.0192672e-05,0.00013110791,2.1612506e-05,0.00018376097
4709,201_00366,201,366,0,N,0,N,0,N,0.9969454,0.9969454,2.57124e-06,1.2722494e-06,0.0009636953,0.00064590934,0.00039316964,0.00084559433,0.000202453
4710,201_00367,201,367,0,N,0,N,0,N,0.99861676,0.99861676,3.234139e-06,1.4491358e-06,0.00078883965,0.00012993625,0.0001448865,0.00028225777,3.2741427e-05
4711,201_00368,201,368,0,N,0,N,0,N,0.9985858,0.9985858,1.3296755e-06,4.4826113e-08,0.0013700954,7.413187e-06,1.4936128e-05,1.0046978e-05,1.03504035e-05
4712,201_00369,201,369,0,N,0,N,0,N,0.9993211,0.9993211,3.8382979e-07,2.1989379e-07,0.0004672893,2.7970324e-05,0.0001349824,2.111504e-05,2.6969665e-05
4713,201_00370,201,370,0,N,0,N,0,N,0.9975413,0.9975413,1.1927106e-05,2.1591648e-06,0.001810307,0.0003721313,0.00014534264,8.550612e-05,3.129583e-05
4714,201_00371,201,371,0,N,0,N,0,N,0.999358,0.999358,2.410195e-06,1.8078411e-07,0.00057123683,1.4695081e-05,2.5571328e-05,2.2330527e-05,5.5497517e-06
4715,201_00372,201,372,0,N,0,N,0,N,0.9992658,0.9992658,4.5956332e-07,1.944511e-07,0.00056220166,1.3132689e-05,7.9041936e-05,4.7385765e-05,3.1886073e-05
4716,201_00373,201,373,0,N,0,N,0,N,0.99964947,0.99964947,1.0294402e-07,3.3742975e-07,0.00022675178,5.1929746e-06,8.4778316e-05,1.716517e-05,1.6277823e-05
4717,201_00374,201,374,0,N,0,N,0,N,0.9997894,0.9997894,4.938794e-08,2.1447159e-08,0.0002028051,8.573768e-08,2.6654004e-06,2.3112545e-06,2.5433988e-06
4718,201_00375,201,375,0,N,0,N,0,N,0.9998077,0.9998077,2.1666507e-07,6.5555504e-08,4.189341e-05,2.0236982e-06,0.0001244442,1.3623115e-05,1.0015592e-05
4719,201_00376,201,376,0,N,0,N,0,N,0.9994372,0.9994372,2.8875672e-07,2.712595e-07,0.00034664292,1.3961446e-05,0.00018421737,4.9227665e-06,1.2504604e-05
4720,201_00377,201,377,0,N,0,N,0,N,0.9989218,0.9989218,1.3047481e-06,4.866754e-07,0.0007708108,9.094704e-05,0.00013680203,6.0462466e-05,1.7277911e-05
4721,201_00378,201,378,0,N,0,N,0,N,0.9986717,0.9986717,3.7466134e-06,4.2432285e-07,0.000647769,0.00021213597,0.0002284901,0.00017410085,6.159183e-05
4722,201_00379,201,379,0,N,0,N,0,N,0.9994944,0.9994944,5.135019e-07,4.9445738e-08,0.00044731068,9.722411e-06,2.5312322e-05,1.5126645e-05,7.542675e-06
4723,201_00380,201,380,0,N,0,N,0,N,0.99947304,0.99947304,1.4834757e-07,6.489596e-08,0.00049781124,5.5180135e-07,1.979739e-05,2.8750703e-06,5.7779584e-06
4724,201_00381,201,381,0,N,0,N,0,N,0.99982154,0.99982154,7.904551e-08,8.693614e-08,0.00011693925,1.6304546e-06,4.5549543e-05,8.001352e-06,6.0872935e-06
4725,201_00382,201,382,0,N,0,N,0,N,0.9996713,0.9996713,9.633332e-08,7.3263465e-08,0.00022802925,3.1315892e-06,7.903164e-05,4.352212e-06,1.3957339e-05
4726,201_00383,201,383,0,N,0,N,0,N,0.99928576,0.99928576,1.9007766e-07,1.7619743e-07,0.0006072661,3.7748266e-06,9.6925425e-05,1.9915021e-06,3.8932712e-06
4727,201_00384,201,384,0,N,0,N,0,N,0.9993456,0.9993456,1.8626391e-06,3.2426922e-07,0.000537413,3.0565536e-06,8.752323e-05,9.094881e-06,1.5135418e-05
4728,201_00385,201,385,0,N,0,N,0,N,0.9996107,0.9996107,1.0739403e-06,1.2496805e-07,0.00024738052,3.4648542e-06,5.9708946e-05,2.9687686e-05,4.7890313e-05
4729,201_00386,201,386,0,N,0,N,0,N,0.9982063,0.9982063,1.3831798e-06,2.817684e-07,0.0014790829,2.6799336e-05,0.00015504166,2.6561027e-05,0.00010458608
4730,201_00387,201,387,0,N,0,N,0,N,0.9974593,0.9974593,3.1092177e-06,5.34552e-07,0.002010467,0.00017621093,0.00014070279,0.00016361848,4.6120484e-05
4731,201_00388,201,388,0,N,0,N,0,N,0.9976007,0.9976007,1.4467083e-05,6.9394096e-06,0.0012483626,8.719128e-05,0.0003720246,0.00047638136,0.00019393457
4732,201_00389,201,389,0,N,0,N,0,N,0.9988031,0.9988031,8.889138e-07,1.4468587e-07,0.0009043403,1.3672663e-05,4.5348446e-05,0.00014253643,9.005466e-05
4733,201_00390,201,390,0,N,0,N,0,N,0.99943984,0.99943984,3.743637e-07,1.5935163e-07,0.00042219937,1.1827145e-05,6.788782e-05,2.9283578e-05,2.8558014e-05
4734,201_00391,201,391,0,N,0,N,0,N,0.9998647,0.9998647,5.0586483e-08,4.3299707e-08,0.00012186671,9.2024993e-07,1.0948315e-05,1.0599712e-06,3.504306e-07
4735,201_00392,201,392,0,N,0,N,0,N,0.9996941,0.9996941,2.5356016e-07,1.0976081e-07,0.00023123616,1.2322788e-06,6.445332e-05,2.7517358e-06,5.951412e-06
4736,201_00393,201,393,0,N,0,N,0,N,0.9997942,0.9997942,7.1567104e-07,7.278996e-08,8.741842e-05,1.8650851e-05,6.471688e-05,1.8214689e-05,1.6107906e-05
4737,201_00394,201,394,0,N,0,N,0,N,0.9995227,0.9995227,9.3740675e-07,9.055896e-08,0.0003512431,2.4910023e-05,5.305393e-05,2.9326502e-05,1.7758066e-05
4738,201_00395,201,395,0,N,0,N,0,N,0.9990815,0.9990815,1.3088609e-05,4.601894e-07,0.0007899877,1.7278793e-05,3.148847e-05,3.8972426e-05,2.72291e-05
4739,201_00396,201,396,0,N,0,N,0,N,0.9981292,0.9981292,1.2224529e-06,9.466372e-08,0.0016867052,5.2432056e-06,2.1613638e-05,7.982063e-05,7.612333e-05
4740,201_00397,201,397,0,N,0,N,0,N,0.9944241,0.9944241,4.2736515e-06,6.7357387e-06,0.0032072845,6.947271e-05,0.0005899169,0.000637333,0.0010608818
4741,201_00398,201,398,0,N,0,N,0,N,0.9974307,0.9974307,4.4885505e-06,1.6001972e-05,0.00077500724,4.8503127e-05,4.8566955e-05,0.0013569823,0.00031979996
4742,201_00399,201,399,0,N,0,N,0,N,0.99755144,0.99755144,1.0179434e-06,4.703496e-07,0.0021509908,4.5072147e-06,7.682961e-05,5.541989e-05,0.00015917339
4743,201_00400,201,400,0,N,0,N,0,N,0.9979278,0.9979278,6.4782375e-07,6.329213e-07,0.001434805,5.7921876e-05,0.0004169331,3.4794164e-05,0.00012649056
4744,201_00401,201,401,0,N,0,N,0,N,0.99527025,0.99527025,2.0581932e-05,1.1677073e-06,0.003988143,0.00016060603,0.0002442612,0.00023722951,7.777198e-05
4745,201_00402,201,402,0,N,0,N,0,N,0.9945149,0.9945149,1.2154474e-05,2.3148334e-06,0.0031716172,5.330041e-05,0.00010120169,0.0010308366,0.0011136301
4746,201_00403,201,403,0,N,0,N,0,N,0.99644065,0.99644065,3.455675e-06,3.696445e-07,0.002811594,2.51814e-05,0.000104909996,0.00034296644,0.0002709345
4747,201_00404,201,404,0,N,0,N,0,N,0.99796695,0.99796695,1.1737377e-06,1.7897679e-07,0.0018569087,2.9723617e-05,8.893692e-05,2.1956694e-05,3.4129487e-05
4748,201_00405,201,405,0,N,0,N,0,N,0.9986485,0.9986485,1.0409177e-06,1.4179022e-07,0.0011874624,1.5303687e-05,0.000100910285,1.9045474e-05,2.748964e-05
4749,201_00406,201,406,0,N,0,N,0,N,0.99744713,0.99744713,9.4173674e-07,1.5786352e-06,0.0016141608,2.6319522e-05,0.0007754233,2.4773854e-05,0.00010971688
4750,201_00407,201,407,0,N,0,N,0,N,0.9932313,0.9932313,7.493245e-06,3.5588482e-06,0.004762899,0.00040390738,0.00071446766,0.00043854874,0.00043780493
4751,201_00408,201,408,0,N,0,N,0,N,0.9992753,0.9992753,1.3287523e-06,1.340019e-07,0.00059326476,9.265113e-06,5.4499604e-05,4.490448e-05,2.1143069e-05
4752,201_00409,201,409,0,N,0,N,0,N,0.99940395,0.99940395,3.064907e-07,6.886692e-08,0.00054674986,2.796684e-06,3.3260272e-05,3.7575505e-06,9.105035e-06
4753,201_00410,201,410,0,N,0,N,0,N,0.99942666,0.99942666,8.0840755e-07,2.257374e-07,0.0004981552,5.8319083e-06,6.0109734e-05,2.5252273e-06,5.7035477e-06
4754,201_00411,201,411,0,N,0,N,0,N,0.9997405,0.9997405,1.5825002e-06,5.0048353e-08,0.0002221192,4.8401466e-06,1.6345655e-05,1.113402e-05,3.4859438e-06
4755,201_00412,201,412,0,N,0,N,0,N,0.9988321,0.9988321,1.2709004e-06,3.438705e-07,0.00060914335,7.587651e-06,0.0003413825,2.9870806e-05,0.0001782233
4756,201_00413,201,413,0,N,0,N,0,N,0.9989442,0.9989442,2.1402691e-07,1.734272e-06,0.00077314983,3.8137438e-05,0.0001688554,3.65359e-05,3.7169702e-05
4757,201_00414,201,414,0,N,0,N,0,N,0.99774134,0.99774134,3.4481093e-06,4.2798814e-07,0.0020213956,2.8894467e-05,0.00017400534,1.4668874e-05,1.5837679e-05
4758,201_00415,201,415,0,N,0,N,0,N,0.9980781,0.9980781,3.3235556e-06,3.801207e-07,0.0009150236,0.00018172251,0.00052957505,7.545515e-05,0.00021642202
4759,201_00416,201,416,0,N,0,N,0,N,0.9934552,0.9934552,3.3385145e-06,6.8623353e-06,0.0042777527,0.00029022564,0.0017395744,7.489258e-05,0.00015212224
4760,201_00417,201,417,0,N,0,N,0,N,0.9991837,0.9991837,4.690944e-06,3.4733353e-07,0.00071963767,1.4530988e-05,2.8890328e-05,3.3273056e-05,1.4921031e-05
4761,201_00418,201,418,0,N,0,N,0,N,0.99944293,0.99944293,7.1263383e-07,6.4447114e-08,0.0004846398,9.068538e-07,3.0348841e-05,4.750818e-06,3.5621415e-05
4762,201_00419,201,419,0,N,0,N,0,N,0.9971232,0.9971232,5.1186714e-07,4.6266675e-07,0.0024853044,7.0916803e-06,0.0002807256,6.6518214e-06,9.5964475e-05
4763,201_00420,201,420,0,N,0,N,0,N,0.99803936,0.99803936,3.827335e-06,3.411813e-07,0.0012237881,0.0001609744,0.00017466741,0.00036116593,3.586495e-05
4764,201_00421,201,421,0,N,0,N,0,N,0.9983832,0.9983832,1.2710696e-06,4.4929166e-07,0.00086093385,2.3228704e-05,0.00018485016,0.00035030604,0.0001956289
4765,201_00422,201,422,0,N,0,N,0,N,0.99951565,0.99951565,5.1645367e-07,7.697409e-08,0.00039326635,9.622891e-06,3.0672934e-05,3.3311833e-05,1.67803e-05
4766,201_00423,201,423,0,N,0,N,0,N,0.9979522,0.9979522,1.8669098e-07,3.5898017e-07,0.0019355108,3.9751158e-06,7.928411e-05,6.9558378e-06,2.1579142e-05
4767,201_00424,201,424,0,N,0,N,0,N,0.9990501,0.9990501,4.945073e-06,4.0430855e-06,0.0007042591,7.7550736e-05,8.459023e-05,4.454201e-05,2.9937675e-05
4768,201_00425,201,425,0,N,0,N,0,N,0.9993346,0.9993346,1.089258e-06,6.944155e-08,0.0006104048,2.0464925e-06,1.9353518e-05,1.6727317e-05,1.5768188e-05
4769,201_00426,201,426,0,N,0,N,0,N,0.99978536,0.99978536,6.9643795e-07,1.5565847e-08,0.00017953159,1.5760692e-06,2.0655518e-05,3.5891542e-06,8.634759e-06
4770,201_00427,201,427,0,N,0,N,0,N,0.99963903,0.99963903,9.922484e-07,1.6892201e-07,0.00015433619,2.3945162e-05,0.00016740004,5.6033955e-06,8.506717e-06
4771,201_00428,201,428,0,N,0,N,0,N,0.99976957,0.99976957,3.5824448e-07,6.500305e-08,0.00020719024,1.5580795e-06,1.6043045e-05,3.1634493e-06,1.983737e-06
4772,201_00429,201,429,0,N,0,N,0,N,0.99975955,0.99975955,7.040417e-08,5.5608517e-08,0.0001926971,1.716625e-06,2.6914526e-05,1.1253764e-05,7.794563e-06
4773,201_00430,201,430,0,N,0,N,0,N,0.99911207,0.99911207,2.5865646e-07,7.572704e-07,0.00034729557,1.4051259e-05,0.00047282738,1.9229436e-05,3.353337e-05
4774,201_00431,201,431,0,N,0,N,0,N,0.9987732,0.9987732,1.1500994e-06,5.197458e-07,0.0010858668,4.8732722e-06,0.000116334806,6.6503544e-06,1.1430669e-05
4775,201_00432,201,432,0,N,0,N,0,N,0.999264,0.999264,4.7298445e-07,9.388884e-08,0.0006232093,5.5980036e-06,4.536851e-05,2.211694e-05,3.913692e-05
4776,201_00433,201,433,0,N,0,N,0,N,0.9961649,0.9961649,5.752963e-07,1.7222462e-06,0.0030999223,3.0482599e-05,0.0005519941,4.8934824e-05,0.00010141582
4777,201_00434,201,434,0,N,0,N,0,N,0.9990926,0.9990926,3.2287599e-06,5.1928714e-07,0.00080415653,5.962347e-06,5.0411643e-05,2.3683162e-05,1.9483188e-05
4778,201_00435,201,435,0,N,0,N,0,N,0.99976194,0.99976194,5.714977e-07,4.1979693e-08,0.00017819538,8.83612e-07,1.8988354e-05,1.6111397e-05,2.3332388e-05
4779,201_00436,201,436,0,N,0,N,0,N,0.9995982,0.9995982,2.6917598e-07,1.9450123e-08,0.00036618044,9.2135684e-07,1.674664e-05,5.1674047e-06,1.2488478e-05
4780,201_00437,201,437,0,N,0,N,0,N,0.9986382,0.9986382,8.538611e-07,6.206986e-07,0.0008634168,6.105356e-05,0.00032674737,3.5099318e-05,7.3950585e-05
4781,201_00438,201,438,0,N,0,N,0,N,0.99692214,0.99692214,5.1743413e-05,1.3383068e-06,0.001625033,0.0004999266,5.7570676e-05,0.00080065837,4.1591953e-05
4782,201_00439,201,439,0,N,0,N,0,N,0.9982221,0.9982221,1.7783269e-06,2.5598007e-07,0.001401812,4.386139e-05,5.6432633e-05,0.00020026596,7.345028e-05
4783,201_00440,201,440,0,N,0,N,0,N,0.99961793,0.99961793,4.4539533e-07,1.5376605e-07,0.00021646649,1.187717e-05,3.6548794e-05,0.00010556307,1.0973749e-05
4784,201_00441,201,441,0,N,0,N,0,N,0.99936205,0.99936205,5.57842e-07,1.0679467e-07,0.0004915395,1.2053485e-05,6.986112e-05,4.5535082e-05,1.8287577e-05
4785,201_00442,201,442,0,N,0,N,0,N,0.9998514,0.9998514,1.0953568e-07,4.238502e-08,8.295006e-05,4.681208e-06,5.4138505e-05,2.5498175e-06,4.240977e-06
4786,201_00443,201,443,0,N,0,N,0,N,0.9985331,0.9985331,2.0667603e-06,2.2351789e-07,0.0012124716,5.4035267e-05,0.0001807277,4.0893024e-06,1.3211336e-05
4787,201_00444,201,444,0,N,0,N,0,N,0.99979335,0.99979335,2.5206944e-07,3.0943642e-08,0.00018031376,4.1904655e-06,1.876291e-05,2.4089236e-06,6.322037e-07
4788,201_00445,201,445,5,ABERR,0,N,0,N,0.9996927,0.9996927,3.0755936e-07,5.526697e-08,0.00023668827,2.5689867e-06,5.6424647e-05,4.2182496e-06,7.042344e-06
4789,201_00446,201,446,0,N,5,ABERR,0,N,0.99964345,0.99964345,1.2064366e-07,1.9335383e-07,0.00022587633,5.7350544e-06,0.00011844597,2.2531906e-06,3.9466477e-06
4790,201_00447,201,447,0,N,0,N,0,N,0.9980616,0.9980616,8.9724126e-05,5.4368998e-06,0.00121048,0.00028579577,0.00027404437,4.9677692e-05,2.3347393e-05
4791,201_00448,201,448,0,N,0,N,0,N,0.9994673,0.9994673,5.6168774e-06,2.0340369e-07,0.0001995448,2.1792128e-05,8.506347e-05,0.00013619158,8.430721e-05
4792,201_00449,201,449,0,N,0,N,0,N,0.99402654,0.99402654,2.0597501e-05,6.302946e-06,0.0033281145,3.7479676e-05,0.0020308127,8.454798e-05,0.00046565296
4793,201_00450,201,450,0,N,0,N,0,N,0.9977511,0.9977511,8.65872e-07,1.9805354e-07,0.0020927286,2.3198594e-05,7.9405e-05,1.3587807e-05,3.896209e-05
4794,201_00451,201,451,0,N,0,N,0,N,0.99954563,0.99954563,1.2627236e-06,5.367102e-07,0.00036125904,1.2987205e-06,6.843215e-05,3.4573143e-06,1.8088862e-05
4795,201_00452,201,452,0,N,0,N,0,N,0.99876714,0.99876714,4.4167505e-06,1.2093514e-07,0.0011478511,5.732689e-06,1.9229123e-05,1.6093094e-05,3.942863e-05
4796,201_00453,201,453,0,N,0,N,0,N,0.9989372,0.9989372,2.0711843e-06,1.037978e-07,0.00089351827,1.42403715e-05,4.8369933e-05,3.4275025e-05,7.0178845e-05
4797,201_00454,201,454,0,N,0,N,0,N,0.9988559,0.9988559,4.684966e-06,4.206601e-07,0.00080732553,7.116335e-05,8.52315e-05,0.00014270093,3.2475542e-05
4798,201_00455,201,455,0,N,0,N,0,N,0.99954444,0.99954444,4.2817564e-07,1.3346933e-07,0.00026956137,7.744551e-06,7.461679e-05,5.9616512e-05,4.340595e-05
4799,201_00456,201,456,0,N,0,N,0,N,0.9993156,0.9993156,3.7150198e-07,1.1922539e-07,0.00056167983,8.566168e-06,7.239138e-05,1.9652522e-05,2.1600545e-05
4800,201_00457,201,457,0,N,0,N,0,N,0.9994125,0.9994125,1.01207725e-07,9.788027e-08,0.0005104623,2.3215946e-06,6.185056e-05,4.385813e-06,8.355091e-06
4801,201_00458,201,458,0,N,0,N,0,N,0.9989679,0.9989679,6.8534797e-07,1.803016e-07,0.00091619533,2.4254705e-06,9.569982e-05,2.724807e-06,1.4308208e-05
4802,201_00459,201,459,0,N,0,N,0,N,0.99845415,0.99845415,1.3324641e-06,2.3747904e-07,0.0012424149,3.4679142e-05,0.00014515207,3.7370894e-05,8.468357e-05
4803,201_00460,201,460,0,N,0,N,0,N,0.9992445,0.9992445,2.3357336e-06,1.5228208e-07,0.0005762744,2.8783452e-05,8.3709085e-05,5.045197e-05,1.3720802e-05
4804,201_00461,201,461,0,N,0,N,0,N,0.9994826,0.9994826,3.2979148e-07,8.277e-08,0.00046392216,1.5328284e-06,3.729817e-05,4.5574875e-06,9.753862e-06
4805,201_00462,201,462,0,N,0,N,0,N,0.9993291,0.9993291,2.2280886e-07,5.455877e-08,0.00062129303,4.9677137e-06,2.369272e-05,1.116668e-05,9.485936e-06
4806,201_00463,201,463,0,N,0,N,0,N,0.9994029,0.9994029,8.807006e-07,5.662388e-07,0.00022432074,4.114948e-05,0.00024712068,6.092732e-05,2.216273e-05
4807,201_00464,201,464,0,N,0,N,0,N,0.9997193,0.9997193,1.5848885e-07,6.444453e-08,0.00021900736,3.3209665e-06,3.132733e-05,2.2524948e-05,4.2534302e-06
4808,201_00465,201,465,0,N,0,N,0,N,0.9997892,0.9997892,1.3086904e-07,5.2767966e-08,0.0001400589,1.3553965e-06,5.6615525e-05,6.2107774e-06,6.447528e-06
4809,201_00466,201,466,0,N,0,N,0,N,0.9996086,0.9996086,2.7447147e-08,2.2419758e-07,0.0002319275,6.3697e-06,0.00013495327,1.0258456e-05,7.7307395e-06
4810,201_00467,201,467,0,N,0,N,0,N,0.99986506,0.99986506,4.56699e-08,1.5278555e-07,0.000105796,7.500313e-07,2.4197796e-05,2.5323484e-06,1.5384039e-06
4811,201_00468,201,468,0,N,0,N,0,N,0.999847,0.999847,9.880196e-08,2.459361e-08,0.00012749925,6.513304e-07,1.8864197e-05,2.6804692e-06,3.3432643e-06
4812,201_00469,201,469,0,N,0,N,0,N,0.9998708,0.9998708,1.076312e-07,5.4386106e-08,4.125269e-05,8.101228e-06,7.389928e-05,3.421245e-06,2.3088123e-06
4813,201_00470,201,470,0,N,0,N,0,N,0.99865603,0.99865603,2.8062111e-06,2.9219314e-07,0.0011132315,1.5303935e-05,0.00017422269,1.1986494e-05,2.6089014e-05
4814,201_00471,201,471,0,N,0,N,0,N,0.9995921,0.9995921,1.959588e-06,4.71368e-07,9.525139e-05,9.681091e-05,9.772275e-05,0.00010644519,9.164103e-06
4815,201_00472,201,472,0,N,0,N,0,N,0.99937403,0.99937403,6.306393e-07,5.3828458e-08,0.0005711581,2.6146079e-06,2.885579e-05,6.133437e-06,1.6399268e-05
4816,201_00473,201,473,0,N,0,N,0,N,0.9997474,0.9997474,1.2975246e-07,8.5333404e-08,0.0001328165,3.149741e-05,8.316962e-05,3.896898e-06,1.1288716e-06
4817,201_00474,201,474,0,N,0,N,0,N,0.9994845,0.9994845,9.609756e-07,5.2167775e-07,0.0001812309,5.112067e-05,0.00027128463,7.4138748e-06,3.0016904e-06
4818,201_00475,201,475,0,N,0,N,0,N,0.9995681,0.9995681,6.5771596e-06,3.5352613e-07,0.0002790017,2.7827478e-05,8.611508e-05,2.2759503e-05,9.303009e-06
4819,201_00476,201,476,0,N,0,N,0,N,0.9976986,0.9976986,3.6894062e-06,4.1660084e-07,0.0016540049,0.000234638,0.00022011994,5.9164187e-05,0.00012929944
4820,201_00477,201,477,0,N,0,N,0,N,0.9965397,0.9965397,1.3002546e-06,7.4754325e-07,0.0029953124,5.344342e-05,0.00016347792,0.00014975003,9.6267635e-05
4821,201_00478,201,478,0,N,0,N,0,N,0.9997405,0.9997405,2.7634112e-06,1.4526714e-06,0.0001878755,1.0971558e-05,1.6662672e-05,3.3459593e-05,6.39098e-06
4822,201_00479,201,479,0,N,0,N,0,N,0.99942786,0.99942786,1.070368e-06,8.870789e-08,0.0005055311,3.8979897e-06,1.693731e-05,2.472526e-05,1.9801364e-05
4823,201_00480,201,480,0,N,0,N,0,N,0.99982214,0.99982214,2.3466995e-07,5.5106334e-08,6.0916496e-05,4.4165567e-06,7.851331e-05,1.869741e-05,1.5022702e-05
4824,201_00481,201,481,0,N,0,N,0,N,0.99934965,0.99934965,2.1203927e-07,2.6645722e-07,0.0005022588,8.391296e-06,0.00012505708,4.9802775e-06,9.227311e-06
4825,201_00482,201,482,0,N,0,N,0,N,0.99805886,0.99805886,4.5598144e-06,1.9049511e-06,0.0010868794,0.00022158872,0.0003038045,0.0002731682,4.928706e-05
4826,201_00483,201,483,0,N,0,N,0,N,0.99935824,0.99935824,5.3549866e-07,4.3781743e-06,0.00029125018,4.632435e-06,8.776841e-05,0.00015713507,9.606198e-05
4827,201_00484,201,484,0,N,0,N,0,N,0.99748874,0.99748874,1.037173e-07,1.6518575e-07,0.0024352786,6.364511e-07,2.505469e-05,1.1940386e-05,3.8082017e-05
4828,201_00485,201,485,0,N,0,N,0,N,0.9977387,0.9977387,1.3533394e-06,9.620529e-07,0.00074438396,0.00016787337,0.0010925302,0.00010473826,0.00014944044
4829,201_00486,201,486,0,N,0,N,0,N,0.9958862,0.9958862,9.082905e-05,2.701433e-06,0.0025966214,0.0003580142,0.0001657187,0.0005787064,0.00032120783
4830,201_00487,201,487,0,N,0,N,0,N,0.99781513,0.99781513,2.3832356e-06,6.2747326e-08,0.002113123,2.8960346e-06,1.3245598e-05,2.1493248e-05,3.1729025e-05
4831,201_00488,201,488,0,N,0,N,0,N,0.99970675,0.99970675,4.5070317e-07,1.8620038e-07,0.00017394488,1.8002613e-06,7.031655e-05,1.5554704e-05,3.1049785e-05
4832,201_00489,201,489,0,N,0,N,0,N,0.9995447,0.9995447,5.6629236e-08,1.6781314e-07,0.00032928947,2.3119694e-06,0.000110842695,6.3834796e-06,6.3071184e-06
4833,201_00490,201,490,0,N,0,N,0,N,0.9988946,0.9988946,1.8532414e-07,3.7833135e-07,0.00031268472,0.0001572225,0.00055890327,5.177207e-05,2.4328083e-05
4834,201_00491,201,491,0,N,0,N,0,N,0.99923664,0.99923664,5.597687e-07,1.3857547e-07,0.0005530165,7.729326e-05,0.000106631844,1.9014755e-05,6.587902e-06
4835,201_00492,201,492,0,N,0,N,0,N,0.99847054,0.99847054,2.1217008e-06,2.4338104e-07,0.0012670428,4.7881418e-05,0.00016038917,3.1872885e-05,2.0044181e-05
4836,201_00493,201,493,0,N,0,N,0,N,0.99959785,0.99959785,4.4100088e-07,2.1778682e-07,0.00029145784,1.207937e-05,5.0541577e-05,3.0658644e-05,1.6838301e-05
4837,201_00494,201,494,0,N,0,N,0,N,0.99886566,0.99886566,3.40573e-07,1.4068507e-07,0.0009934638,1.3134392e-05,7.5040516e-05,2.3338876e-05,2.8858085e-05
4838,201_00495,201,495,0,N,0,N,0,N,0.999387,0.999387,5.047105e-07,4.971355e-07,0.00048122765,7.5920334e-06,8.995027e-05,8.767877e-06,2.4412584e-05
4839,201_00496,201,496,0,N,0,N,0,N,0.99978286,0.99978286,2.3649129e-07,1.1248193e-08,0.00019849143,9.365614e-07,1.1840662e-05,2.893588e-06,2.756908e-06
4840,201_00497,201,497,0,N,0,N,0,N,0.9993149,0.9993149,3.6354714e-07,8.0825046e-08,0.00042585353,1.81474e-05,0.00020743461,4.0079585e-06,2.9312856e-05
4841,201_00498,201,498,0,N,0,N,0,N,0.99954873,0.99954873,1.7935126e-07,7.987924e-08,0.00030156737,6.644417e-05,7.575249e-05,5.917373e-06,1.2740301e-06
4842,201_00499,201,499,0,N,0,N,0,N,0.9995274,0.9995274,2.963424e-07,5.1397624e-08,0.00036980116,7.843049e-06,8.2580664e-05,5.765024e-06,6.138756e-06
4843,201_00500,201,500,0,N,0,N,0,N,0.99898225,0.99898225,2.8872577e-07,2.0226416e-07,0.0007651515,2.026457e-05,0.00019310098,9.7575e-06,2.9028957e-05
4844,201_00501,201,501,0,N,0,N,0,N,0.99845773,0.99845773,1.2613192e-06,2.3162211e-07,0.0013136856,3.369979e-05,0.00013912565,3.258555e-05,2.1662423e-05
4845,201_00502,201,502,0,N,0,N,0,N,0.9998077,0.9998077,3.0934012e-07,4.7261015e-08,0.00012489529,3.975949e-06,4.193326e-05,1.6233951e-05,4.9700643e-06
4846,201_00503,201,503,0,N,0,N,0,N,0.99958795,0.99958795,7.127689e-08,2.6517386e-08,0.0003518264,1.0175895e-06,4.563211e-05,3.1471113e-06,1.0252514e-05
4847,201_00504,201,504,0,N,0,N,0,N,0.9987724,0.9987724,8.3122734e-07,5.772908e-07,0.00031842364,6.986892e-05,0.00081969175,7.5601915e-06,1.0674582e-05
4848,201_00505,201,505,0,N,0,N,0,N,0.9990897,0.9990897,9.259938e-06,7.796218e-07,0.00068997825,2.6211696e-05,0.00014801497,1.9388563e-05,1.664238e-05
4849,201_00506,201,506,0,N,0,N,0,N,0.9996001,0.9996001,2.5082068e-07,6.950188e-08,0.00037503702,2.928626e-07,4.6982727e-06,5.4143925e-06,1.4148196e-05
4850,201_00507,201,507,0,N,0,N,0,N,0.9990761,0.9990761,2.8194103e-07,1.0466916e-07,0.0008046496,1.9655504e-06,5.8379388e-05,1.8447221e-05,3.9867133e-05
4851,201_00508,201,508,0,N,0,N,0,N,0.9985737,0.9985737,6.0501056e-06,3.0100682e-07,0.00067789905,4.064358e-05,0.0003710257,6.1012775e-05,0.00026943185
4852,201_00509,201,509,0,N,0,N,0,N,0.99738145,0.99738145,7.784696e-06,5.275017e-07,0.001975808,5.5895653e-05,0.0001052815,0.0002882465,0.00018504263
4853,201_00510,201,510,0,N,0,N,0,N,0.99743783,0.99743783,5.823859e-07,1.908602e-07,0.0022382224,8.502624e-06,8.394967e-05,6.0007973e-05,0.00017065881
4854,201_00511,201,511,0,N,0,N,0,N,0.9988082,0.9988082,8.599644e-07,4.7794305e-07,0.001045135,2.7413602e-05,8.577571e-05,1.520254e-05,1.6920405e-05
4855,201_00512,201,512,0,N,0,N,0,N,0.99946225,0.99946225,7.784469e-06,1.984335e-07,0.0004121048,1.5609412e-05,8.643901e-05,9.858375e-06,5.733528e-06
4856,201_00513,201,513,0,N,0,N,0,N,0.9995805,0.9995805,1.0337525e-06,1.2106239e-07,0.00031596495,1.8972844e-06,4.6498197e-05,8.723848e-06,4.515368e-05
4857,201_00514,201,514,0,N,0,N,0,N,0.99862593,0.99862593,3.9425908e-07,1.4885741e-06,0.000818881,3.0280686e-05,0.0003055075,4.3496537e-05,0.00017400157
4858,201_00515,201,515,0,N,0,N,0,N,0.98883986,0.98883986,5.4751044e-06,4.921223e-06,0.009917405,3.6814086e-05,0.0007904726,8.8552675e-05,0.00031656062
4859,201_00516,201,516,0,N,0,N,0,N,0.995267,0.995267,1.9322054e-06,2.2117397e-06,0.003325745,3.4789762e-05,0.00021207974,0.00019556361,0.0009606137
4860,201_00517,201,517,0,N,0,N,0,N,0.98937464,0.98937464,8.571232e-06,4.4059407e-06,0.005540647,0.0015136824,0.0006834563,0.0021116321,0.00076295034
4861,201_00518,201,518,0,N,0,N,0,N,0.9979453,0.9979453,6.5720104e-07,3.0046186e-07,0.0018353674,3.1906588e-05,5.961089e-05,9.591692e-05,3.087533e-05
4862,201_00519,201,519,0,N,0,N,0,N,0.9985926,0.9985926,1.1720076e-06,2.7889905e-06,0.0007095392,4.722504e-05,0.0005071891,8.1346894e-05,5.820263e-05
4863,201_00520,201,520,0,N,0,N,0,N,0.9984876,0.9984876,1.1382517e-06,5.3209715e-07,0.0011193546,6.069923e-05,0.00018557959,7.81453e-05,6.69011e-05
4864,201_00521,201,521,0,N,0,N,0,N,0.99715984,0.99715984,5.1735964e-07,6.926523e-07,0.0024654216,1.790486e-05,0.00027296404,2.3132392e-05,5.9503618e-05
4865,201_00522,201,522,0,N,0,N,0,N,0.99677694,0.99677694,2.5176329e-05,1.580086e-06,0.0021534641,0.00027393657,0.00022290947,0.0004720652,7.384951e-05
4866,201_00523,201,523,0,N,0,N,0,N,0.98499215,0.98499215,2.2303691e-05,2.952424e-05,0.0036331408,0.000294789,0.0017278373,0.0038772114,0.0054229125
4867,201_00524,201,524,0,N,0,N,0,N,0.9961592,0.9961592,1.2211564e-06,2.2626907e-06,0.0020965615,3.3607466e-05,3.537736e-05,0.0012916428,0.00038014704
4868,201_00525,201,525,0,N,0,N,0,N,0.98654,0.98654,9.300231e-07,2.752597e-06,0.01227972,7.1685434e-05,0.00044398638,0.00026185307,0.00039896116
4869,201_00526,201,526,0,N,0,N,0,N,0.9995914,0.9995914,1.0412975e-06,1.238442e-06,0.00012876274,9.700446e-05,0.00011332688,5.9909824e-05,7.2924986e-06
4870,201_00527,201,527,0,N,0,N,0,N,0.9963243,0.9963243,1.301884e-06,2.8312544e-07,0.0034839748,1.2016502e-05,3.7591755e-05,8.457992e-05,5.6063982e-05
4871,201_00528,201,528,0,N,0,N,0,N,0.9978087,0.9978087,1.3933759e-06,1.7363448e-06,0.0009273638,0.00015823689,0.0007369423,0.00020396645,0.0001617311
4872,201_00529,201,529,0,N,0,N,0,N,0.99583924,0.99583924,3.2186604e-06,1.1654457e-06,0.0030736583,9.131521e-05,0.00030662277,0.0003654638,0.00031941698
4873,201_00530,201,530,0,N,0,N,0,N,0.99538773,0.99538773,5.7404108e-05,5.1077236e-06,0.00297258,0.00021673425,0.0002284701,0.00069444935,0.00043752827
4874,201_00531,201,531,0,N,0,N,0,N,0.99830115,0.99830115,8.6481066e-07,8.320083e-08,0.0015621224,3.0000444e-06,2.8702496e-05,3.6661124e-05,6.751841e-05
4875,201_00532,201,532,0,N,0,N,0,N,0.9994249,0.9994249,3.9116426e-07,3.9265387e-08,0.0004910784,7.0396923e-06,3.2568812e-05,2.8545986e-05,1.5429776e-05
4876,201_00533,201,533,0,N,0,N,0,N,0.9980269,0.9980269,3.4433974e-06,1.0245287e-06,0.0012646574,3.4686524e-05,0.00058823614,1.0972794e-05,6.998229e-05
4877,201_00534,201,534,0,N,0,N,0,N,0.99903154,0.99903154,5.3268186e-06,4.5278384e-07,0.00075449015,6.2974e-05,3.6599813e-05,8.45606e-05,2.4028532e-05
4878,201_00535,201,535,0,N,0,N,0,N,0.99843067,0.99843067,3.5838398e-06,1.4343962e-07,0.0013318948,1.0873625e-05,0.000119102384,2.9519631e-05,7.415957e-05
4879,201_00536,201,536,0,N,0,N,0,N,0.9989611,0.9989611,1.1162807e-06,4.203739e-07,0.00068931957,4.8378242e-05,0.00024359503,2.7709553e-05,2.8410012e-05
4880,201_00537,201,537,0,N,0,N,0,N,0.99940723,0.99940723,1.42641e-06,4.179958e-07,0.00041889295,1.42676445e-05,0.00013120957,1.7433867e-05,9.071636e-06
4881,201_00538,201,538,0,N,0,N,0,N,0.99954015,0.99954015,2.5832617e-07,2.6975021e-08,0.00038366966,3.5055898e-06,1.7540593e-05,3.0426567e-05,2.4527391e-05
4882,201_00539,201,539,0,N,0,N,0,N,0.99893373,0.99893373,5.596476e-07,3.744297e-07,0.0004689592,7.464847e-05,0.0003766407,9.767169e-05,4.7369565e-05
4883,201_00540,201,540,0,N,0,N,0,N,0.9992241,0.9992241,5.8350565e-07,4.5094464e-07,0.0006029144,1.877044e-05,0.000109036715,2.4324347e-05,1.9821719e-05
4884,201_00541,201,541,0,N,0,N,0,N,0.9981876,0.9981876,6.1676735e-07,2.0012718e-07,0.0016137478,2.8097138e-06,0.0001288586,8.009254e-06,5.8070156e-05
4885,201_00542,201,542,0,N,0,N,0,N,0.98387945,0.98387945,3.2780423e-05,4.5759745e-05,0.011616173,0.0003292054,0.003072709,5.0118302e-05,0.0009736283
4886,201_00543,201,543,0,N,0,N,0,N,0.9960938,0.9960938,8.61398e-05,3.64268e-06,0.0025967662,0.00025425278,9.623447e-05,0.0006489409,0.00022024824
4887,201_00544,201,544,0,N,0,N,0,N,0.98392606,0.98392606,2.2129774e-05,1.2104868e-05,0.013424077,6.683244e-05,0.0015065399,0.00017997017,0.00086223043
4888,201_00545,201,545,0,N,0,N,0,N,0.99892336,0.99892336,1.5446018e-06,2.7431122e-07,0.0008138859,6.45969e-05,0.00015455375,2.3292196e-05,1.8444734e-05
4889,201_00546,201,546,0,N,0,N,0,N,0.99793625,0.99793625,4.0928353e-05,4.979263e-07,0.0016991541,5.837966e-05,0.00018103838,3.5264482e-05,4.8453858e-05
4890,201_00547,201,547,0,N,0,N,0,N,0.9993598,0.9993598,2.0964482e-07,3.5846373e-08,0.0005912394,1.5091081e-07,2.084286e-05,2.468914e-06,2.5215797e-05
4891,201_00548,201,548,0,N,0,N,0,N,0.99962246,0.99962246,1.6861269e-06,3.3765403e-07,0.0002370656,2.4523073e-05,3.7055936e-05,4.287951e-05,3.399293e-05
4892,201_00549,201,549,0,N,0,N,0,N,0.99950933,0.99950933,4.579485e-06,2.084874e-07,0.00035956124,1.780582e-05,9.660184e-05,7.2939374e-06,4.6319915e-06
4893,201_00550,201,550,7,NESC,0,N,0,N,0.99965197,0.99965197,4.3781057e-07,8.391305e-08,0.00027323578,6.356274e-06,4.902129e-05,1.1509901e-05,7.515113e-06
4894,201_00551,201,551,7,NESC,7,NESC,0,N,0.9991124,0.9991124,6.2983395e-06,7.7248563e-07,0.00039272252,0.00010241575,0.00031351173,3.390654e-05,3.7925063e-05
4895,201_00552,201,552,0,N,7,NESC,0,N,0.999101,0.999101,6.819246e-06,2.3477234e-07,0.0007288184,1.7383225e-05,7.913208e-05,2.4252973e-05,4.234714e-05
4896,201_00553,201,553,7,NESC,0,N,0,N,0.9994758,0.9994758,1.2401092e-06,7.927799e-08,0.0004861004,1.1614051e-06,1.9839817e-05,4.7515855e-06,1.100351e-05
4897,201_00554,201,554,0,N,7,NESC,0,N,0.9992188,0.9992188,4.253188e-07,8.514298e-08,0.00063801394,1.7872955e-05,6.685496e-05,1.7970737e-05,3.9944836e-05
4898,201_00555,201,555,0,N,0,N,0,N,0.99962616,0.99962616,1.6210698e-06,1.2147639e-07,0.00024283653,4.0479317e-05,7.80455e-05,8.786115e-06,1.8296344e-06
4899,201_00556,201,556,0,N,0,N,0,N,0.9995906,0.9995906,4.396933e-07,2.7396338e-08,0.00034455676,1.6501039e-05,3.6960875e-05,5.661208e-06,5.3829244e-06
4900,201_00557,201,557,5,ABERR,0,N,0,N,0.9997892,0.9997892,4.1765357e-08,2.7989385e-08,0.00015585813,7.6747965e-06,4.3347693e-05,3.1268014e-06,7.887003e-07
4901,201_00558,201,558,0,N,5,ABERR,0,N,0.9993187,0.9993187,2.6559198e-07,1.145908e-06,0.00034844523,6.8293766e-06,0.00032341693,3.9389985e-07,8.894813e-07
4902,201_00559,201,559,0,N,0,N,0,N,0.99991566,0.99991566,5.8290465e-07,1.8584428e-08,3.00321e-05,2.494383e-05,1.8705849e-05,9.334439e-06,8.209337e-07
4903,201_00560,201,560,0,N,0,N,0,N,0.999657,0.999657,2.0964278e-07,2.9319068e-08,0.00027698607,1.0369696e-06,4.9432736e-05,1.4281754e-06,1.3728206e-05
4904,201_00561,201,561,0,N,0,N,0,N,0.99962294,0.99962294,7.012158e-08,8.9585825e-08,0.00021951064,2.669254e-05,0.00012554064,3.1890033e-06,1.9279373e-06
4905,201_00562,201,562,0,N,0,N,0,N,0.9996709,0.9996709,3.2867982e-07,2.5912575e-08,0.00024976223,8.120677e-06,6.7961046e-05,1.8711536e-06,9.571639e-07
4906,201_00563,201,563,0,N,0,N,0,N,0.9997744,0.9997744,1.352708e-07,3.68477e-08,0.00014901225,1.6185333e-05,5.624535e-05,2.8122515e-06,1.1805378e-06
4907,201_00564,201,564,0,N,0,N,0,N,0.99980164,0.99980164,1.3968348e-07,2.9322083e-08,0.00013453518,1.2961185e-05,4.832788e-05,1.6912688e-06,5.840178e-07
4908,201_00565,201,565,0,N,0,N,0,N,0.9996006,0.9996006,1.6706704e-07,3.9928874e-08,0.00032324446,1.14908735e-05,6.236493e-05,1.3129066e-06,7.9055593e-07
4909,201_00566,201,566,0,N,0,N,0,N,0.99882203,0.99882203,2.4813232e-07,1.583765e-07,0.00094565074,1.6201991e-05,0.00021183936,1.3335194e-06,2.493603e-06
4910,201_00567,201,567,0,N,0,N,0,N,0.9986144,0.9986144,5.6751105e-07,1.3728568e-07,0.0011992718,2.6117026e-05,0.00015626967,1.3749029e-06,2.0151315e-06
4911,201_00568,201,568,0,N,0,N,0,N,0.9974029,0.9974029,3.4778415e-07,1.0202032e-07,0.0024986954,8.894129e-06,8.3040286e-05,9.414803e-07,5.0791505e-06
4912,201_00569,201,569,0,N,0,N,0,N,0.99732554,0.99732554,1.1142076e-06,2.3805845e-07,0.002335904,6.892425e-05,0.00026230683,1.8331641e-06,4.007299e-06
4913,201_00570,201,570,0,N,0,N,0,N,0.9960384,0.9960384,2.1715882e-06,1.9855611e-07,0.0036649138,5.26351e-05,0.00023557605,1.7587599e-06,4.4187273e-06
4914,201_00571,201,571,0,N,0,N,0,N,0.99690837,0.99690837,9.202842e-07,2.1534397e-07,0.0028376898,4.0744708e-05,0.0002046393,2.171403e-06,5.261111e-06
4915,201_00572,201,572,0,N,0,N,0,N,0.99686384,0.99686384,1.9140832e-06,1.2993007e-07,0.0029019825,4.127791e-05,0.00018493568,1.979502e-06,4.0643827e-06
4916,201_00573,201,573,0,N,0,N,0,N,0.99736094,0.99736094,1.0475633e-06,2.8664005e-07,0.0023679256,4.5136978e-05,0.00021695586,2.2093404e-06,5.399709e-06
4917,201_00574,201,574,0,N,0,N,0,N,0.9982746,0.9982746,1.4745269e-06,7.461831e-08,0.0015846266,3.9338327e-05,9.643339e-05,1.5163753e-06,1.862317e-06
4918,201_00575,201,575,0,N,0,N,0,N,0.9958463,0.9958463,8.1775954e-07,1.9042614e-07,0.0038798342,3.2109434e-05,0.0002301024,2.2721242e-06,8.418883e-06
4919,201_00576,201,576,0,N,0,N,0,N,0.9986399,0.9986399,9.1190043e-07,9.730351e-08,0.0010694802,5.684925e-05,0.0002263986,3.9240945e-06,2.424452e-06
4920,201_00577,201,577,0,N,0,N,0,N,0.9991012,0.9991012,2.0298471e-07,8.867704e-08,0.00080188556,7.4621366e-06,8.536365e-05,1.224199e-06,2.515791e-06
4921,201_00578,201,578,0,N,0,N,0,N,0.9992744,0.9992744,3.9823735e-07,5.1120278e-08,0.0005983385,3.014439e-05,9.326313e-05,2.182035e-06,1.2858902e-06
4922,201_00579,201,579,0,N,0,N,0,N,0.99954337,0.99954337,4.6456086e-07,8.0884554e-08,0.00028030478,3.7440142e-05,0.00013250779,4.1768676e-06,1.6458478e-06
4923,201_00580,201,580,0,N,0,N,0,N,0.99875265,0.99875265,3.689567e-07,7.151379e-08,0.0011124939,1.3453399e-05,0.00011827543,9.019088e-07,1.7783594e-06
4924,201_00581,201,581,0,N,0,N,0,N,0.9973289,0.9973289,4.0621293e-07,2.6272917e-07,0.0023319244,1.9235578e-05,0.00031454148,7.7566256e-07,3.9620654e-06
4925,201_00582,201,582,0,N,0,N,0,N,0.9989163,0.9989163,1.1395672e-06,8.458217e-08,0.00085130526,0.0001000726,0.00012407645,4.684718e-06,2.2659844e-06
4926,201_00583,201,583,0,N,0,N,0,N,0.99867576,0.99867576,5.1334956e-07,5.690328e-08,0.0012588335,7.17473e-06,5.4742588e-05,8.344612e-07,2.1261378e-06
4927,201_00584,201,584,0,N,0,N,0,N,0.9980209,0.9980209,4.7352864e-07,1.1297699e-07,0.001812672,2.413921e-05,0.00013854878,1.0258394e-06,2.0363875e-06
4928,201_00585,201,585,0,N,0,N,0,N,0.9978888,0.9978888,6.288655e-07,1.9776564e-07,0.0017565882,3.7828726e-05,0.00030978152,1.8671179e-06,4.2629254e-06
4929,201_00586,201,586,5,ABERR,0,N,0,N,0.99860597,0.99860597,7.4605254e-07,1.9900665e-07,0.0010933272,6.3314736e-05,0.00022668776,6.0604593e-06,3.6035226e-06
4930,201_00587,201,587,0,N,5,ABERR,0,N,0.99884784,0.99884784,2.1579103e-06,5.4914653e-07,0.00092907675,3.6877835e-05,0.00017067856,6.92805e-06,5.829192e-06
4931,201_00588,201,588,5,ABERR,0,N,0,N,0.9995379,0.9995379,1.3370217e-06,2.5731833e-08,0.00041719183,7.707328e-06,2.9308858e-05,3.3877027e-06,3.1638203e-06
4932,201_00589,201,589,0,N,5,ABERR,0,N,0.9971005,0.9971005,2.0451162e-05,1.466722e-06,0.002148736,0.00033155413,0.00031231935,1.7660243e-05,6.7322064e-05
4933,201_00590,201,590,0,N,0,N,0,N,0.99989706,0.99989706,1.3860168e-06,2.7723862e-08,7.285062e-05,5.0762155e-06,2.1237325e-05,1.4639562e-06,8.4921834e-07
4934,201_00591,201,591,0,N,0,N,0,N,0.9965317,0.9965317,3.8322264e-07,1.4781737e-07,0.0032407243,6.073933e-06,0.00018094365,9.075669e-07,3.9169856e-05
4935,201_00592,201,592,0,N,0,N,0,N,0.9988771,0.9988771,1.598956e-07,9.133213e-08,0.0009904527,4.379689e-05,8.545461e-05,1.621257e-06,1.3378885e-06
4936,201_00593,201,593,0,N,0,N,0,N,0.9988408,0.9988408,1.964486e-06,4.521095e-08,0.0010039011,4.7254216e-05,0.00010176527,2.8258075e-06,1.4553531e-06
4937,201_00594,201,594,5,ABERR,0,N,0,N,0.99946225,0.99946225,1.2946298e-07,6.4457694e-08,0.00040603604,7.182558e-06,0.0001223054,6.1873516e-07,1.3123243e-06
4938,201_00595,201,595,0,N,5,ABERR,0,N,0.99570334,0.99570334,3.993013e-06,2.1811695e-06,0.0006134891,0.0025000246,0.0011597424,1.4767268e-05,2.6282717e-06
4939,201_00596,201,596,0,N,0,N,0,N,0.99973315,0.99973315,2.745895e-06,3.0709657e-08,0.00022566189,1.10540595e-05,2.4772778e-05,1.7813518e-06,6.932567e-07
4940,201_00597,201,597,0,N,0,N,0,N,0.99822295,0.99822295,2.6775538e-07,8.084845e-08,0.001523848,2.3801125e-05,0.00019419401,5.6318836e-06,2.9256096e-05
4941,201_00598,201,598,0,N,0,N,0,N,0.99925196,0.99925196,7.604144e-08,7.100168e-08,0.00064559357,5.5497662e-06,9.160263e-05,2.7014944e-06,2.3389318e-06
4942,201_00599,201,599,0,N,0,N,0,N,0.99908364,0.99908364,1.230711e-07,2.0955292e-07,0.0005124729,2.6712483e-05,0.0003723796,1.98596e-06,2.4789983e-06
4943,201_00600,201,600,0,N,0,N,0,N,0.998745,0.998745,2.992625e-07,9.0510774e-08,0.0010813414,5.206514e-05,0.00011778982,1.6068882e-06,1.8850477e-06
4944,201_00601,201,601,5,ABERR,0,N,0,N,0.99913013,0.99913013,1.7082522e-07,9.0879254e-08,0.00066963467,4.7875736e-05,0.00014578225,4.69276e-06,1.5925358e-06
4945,201_00602,201,602,0,N,5,ABERR,0,N,0.99826556,0.99826556,4.4968647e-06,3.1294471e-06,0.00073338836,0.00027520547,0.00071312074,3.8816042e-06,1.2391475e-06
4946,201_00603,201,603,0,N,0,N,0,N,0.999876,0.999876,2.0956447e-06,2.1290788e-08,9.597856e-05,3.0768606e-06,1.8613837e-05,2.0401978e-06,2.1213307e-06
4947,201_00604,201,604,0,N,0,N,0,N,0.9966026,0.9966026,1.0045702e-06,8.27896e-08,0.0032502313,2.2556212e-06,9.667494e-05,9.485852e-07,4.6314242e-05
4948,201_00605,201,605,0,N,0,N,0,N,0.9993022,0.9993022,5.033127e-07,3.7224584e-08,0.0006094954,3.5811867e-05,4.829264e-05,2.304939e-06,1.3034847e-06
4949,201_00606,201,606,0,N,0,N,0,N,0.9994378,0.9994378,3.1179692e-07,4.3227676e-08,0.0004939316,9.3261615e-06,5.479685e-05,2.0212237e-06,1.8166022e-06
4950,201_00607,201,607,0,N,0,N,0,N,0.99917215,0.99917215,3.6058563e-07,1.3535546e-07,0.00064529025,1.32917085e-05,0.00016628833,8.620591e-07,1.6142352e-06
4951,201_00608,201,608,0,N,0,N,0,N,0.99916154,0.99916154,3.0084354e-07,5.3367657e-08,0.0007607035,1.5386158e-05,5.938682e-05,1.074569e-06,1.590549e-06
4952,201_00609,201,609,0,N,0,N,0,N,0.9987308,0.9987308,3.6459392e-07,8.769484e-08,0.0011086926,1.4921694e-05,0.00014243575,8.963566e-07,2.016018e-06
4953,201_00610,201,610,0,N,0,N,0,N,0.9980755,0.9980755,8.645566e-07,2.0038065e-07,0.0015405806,9.774565e-05,0.0002787541,3.5971184e-06,2.6621358e-06
4954,201_00611,201,611,0,N,0,N,0,N,0.998622,0.998622,2.3447099e-07,1.303361e-07,0.0012367279,1.790876e-05,0.00011759283,2.4815254e-06,2.9514406e-06
4955,201_00612,201,612,0,N,0,N,0,N,0.9985576,0.9985576,8.7890487e-07,1.5657993e-07,0.0012131647,4.392009e-05,0.00017934824,2.7831748e-06,2.072547e-06
4956,201_00613,201,613,0,N,0,N,0,N,0.99923617,0.99923617,9.976348e-08,3.5604824e-08,0.0007298976,2.1245817e-06,2.9836956e-05,4.402909e-07,1.3322644e-06
4957,201_00614,201,614,0,N,0,N,0,N,0.9990258,0.9990258,2.9993245e-07,1.756393e-07,0.00078853464,4.5196717e-05,0.00013704952,1.5032477e-06,1.3571209e-06
4958,201_00615,201,615,5,ABERR,0,N,0,N,0.99599916,0.99599916,1.6409022e-06,1.658949e-07,0.0037870817,3.6886566e-05,0.00017125136,1.1872465e-06,2.5629074e-06
4959,201_00616,201,616,0,N,5,ABERR,0,N,0.9967967,0.9967967,8.965079e-06,1.2962732e-06,0.0008368025,0.0018852934,0.00044758763,2.0168987e-05,3.0974954e-06
4960,201_00617,201,617,0,N,0,N,0,N,0.99941546,0.99941546,8.476392e-06,6.722109e-08,0.0005195982,7.753661e-06,4.1273404e-05,2.1759527e-06,5.0931817e-06
4961,201_00618,201,618,0,N,0,N,0,N,0.9984827,0.9984827,2.0149608e-07,2.9759189e-08,0.0014159261,5.8630935e-06,7.926038e-05,9.550849e-07,1.5048216e-05
4962,201_00619,201,619,0,N,0,N,0,N,0.9982388,0.9982388,6.163404e-07,1.4004891e-07,0.0014753392,8.16953e-05,0.00019328253,5.0371855e-06,5.0158346e-06
4963,201_00620,201,620,0,N,0,N,0,N,0.9983929,0.9983929,3.0800194e-07,1.6557169e-07,0.0014089555,2.351956e-05,0.0001708851,1.7094735e-06,1.5530684e-06
4964,201_00621,201,621,0,N,0,N,0,N,0.99930316,0.99930316,4.5898437e-07,4.6392394e-08,0.0005842449,2.252747e-05,8.538937e-05,2.7786546e-06,1.3612766e-06
4965,201_00622,201,622,5,ABERR,0,N,0,N,0.9995657,0.9995657,3.258216e-07,6.002074e-08,0.00030687888,2.89343e-05,9.357367e-05,3.1803413e-06,1.3838803e-06
4966,201_00623,201,623,5,ABERR,5,ABERR,0,N,0.99815184,0.99815184,6.5935587e-06,8.211049e-07,0.0015449523,4.5858244e-05,0.00024618814,8.9884594e-07,2.9445757e-06
4967,201_00624,201,624,0,N,5,ABERR,0,N,0.99975264,0.99975264,1.46496195e-05,4.943827e-07,0.00014773186,1.8497178e-05,5.5474946e-05,6.031919e-06,4.5639517e-06
4968,201_00625,201,625,5,ABERR,0,N,0,N,0.9978111,0.9978111,0.0002898518,3.502345e-07,0.000764398,1.3345725e-05,8.762976e-05,3.3263364e-05,0.0010001857
4969,201_00626,201,626,5,ABERR,5,ABERR,0,N,0.9977077,0.9977077,1.3249957e-05,1.4436141e-06,0.0017856807,8.4354815e-06,0.00026102012,1.25605375e-05,0.00020987363
4970,201_00627,201,627,0,N,5,ABERR,0,N,0.9988326,0.9988326,8.94472e-05,2.6101952e-06,0.00071148324,2.4058276e-05,0.0002442005,8.775474e-06,8.683313e-05
4971,201_00628,201,628,0,N,0,N,0,N,0.99821866,0.99821866,3.2477707e-05,1.9546637e-07,0.0012207538,8.116144e-06,0.000121547215,2.5083667e-05,0.00037324347
4972,201_00629,201,629,0,N,0,N,0,N,0.9974376,0.9974376,1.2278265e-06,1.0341948e-06,0.0020857707,2.2796128e-06,0.00013678831,1.4348676e-05,0.0003208809
4973,201_00630,201,630,0,N,0,N,0,N,0.9986594,0.9986594,4.6733376e-07,5.443264e-08,0.0011889795,3.273497e-06,2.2876779e-05,8.07435e-05,4.4245095e-05
4974,201_00631,201,631,0,N,0,N,0,N,0.9997218,0.9997218,7.2014835e-08,2.1283374e-07,0.00013427399,3.0839738e-06,9.274333e-05,2.436017e-05,2.3406534e-05
4975,201_00632,201,632,0,N,0,N,0,N,0.997931,0.997931,5.651197e-07,2.5666577e-07,0.001726181,4.402412e-05,7.388595e-05,0.00017121818,5.281781e-05
4976,201_00633,201,633,0,N,0,N,0,N,0.99881333,0.99881333,2.3684343e-06,1.5618517e-06,0.0003310018,0.00023347282,0.0003208216,0.00026958314,2.7870634e-05
4977,201_00634,201,634,5,ABERR,0,N,0,N,0.99850553,0.99850553,1.1648361e-05,7.485923e-07,0.0006561189,6.794251e-05,5.459089e-05,0.0005932658,0.00011014588
4978,201_00635,201,635,0,N,5,ABERR,0,N,0.9987246,0.9987246,8.672564e-06,6.5058466e-06,0.001093253,2.0160334e-05,8.213678e-05,3.4946635e-05,2.9771752e-05
4979,201_00636,201,636,0,N,0,N,0,N,0.9953171,0.9953171,0.000772164,1.6415559e-06,0.0021603615,0.0005247607,0.0006081092,0.00021318994,0.0004027088
4980,201_00637,201,637,0,N,0,N,0,N,0.9885248,0.9885248,6.817715e-05,6.3100565e-06,0.007983771,9.9730634e-05,0.00044294892,0.00032353212,0.0025507908
4981,201_00638,201,638,0,N,0,N,0,N,0.9825672,0.9825672,7.115809e-05,5.074239e-05,0.00089696125,0.0009281473,6.949434e-05,0.014978695,0.00043769047
4982,201_00639,201,639,0,N,0,N,0,N,0.9936498,0.9936498,1.4230394e-05,3.2529258e-06,0.002654061,3.789777e-05,0.00026702243,0.0023625165,0.0010113212
4983,201_00640,201,640,0,N,0,N,0,N,0.9990773,0.9990773,5.9656145e-07,1.1148572e-06,0.00044785487,5.365045e-06,6.0734794e-05,0.00026005768,0.00014697688
4984,201_00641,201,641,0,N,0,N,0,N,0.99966305,0.99966305,9.687332e-08,3.028256e-08,0.00031673445,3.8135443e-07,7.797572e-06,6.5887584e-06,5.275694e-06
4985,201_00642,201,642,0,N,0,N,0,N,0.9986338,0.9986338,1.0507724e-06,3.0930062e-07,0.0011394063,1.3173563e-05,0.0001307589,1.0813525e-05,7.059298e-05
4986,201_00643,201,643,0,N,0,N,0,N,0.9986996,0.9986996,3.8298796e-05,1.1816587e-06,0.0009112791,5.267567e-05,5.3877287e-05,0.00018027048,6.287184e-05
4987,201_00644,201,644,0,N,0,N,0,N,0.99950075,0.99950075,4.0005554e-07,2.3023077e-08,0.0004416321,1.9750198e-06,9.010333e-06,3.369153e-05,1.2424362e-05
4988,201_00645,201,645,0,N,0,N,0,N,0.99703944,0.99703944,1.2526228e-06,3.133807e-07,0.002617883,6.1650435e-06,0.000117531155,3.1678093e-05,0.00018575756
4989,201_00646,201,646,0,N,0,N,0,N,0.9988753,0.9988753,1.3739834e-05,7.765376e-06,0.0007219169,4.0427818e-05,9.382938e-05,0.00016611008,8.086323e-05
4990,201_00647,201,647,0,N,0,N,0,N,0.99660486,0.99660486,8.738967e-06,7.231243e-07,0.0024014257,1.2717342e-05,2.3166505e-05,0.000547705,0.00040070165
4991,201_00648,201,648,0,N,0,N,0,N,0.9990576,0.9990576,4.539626e-07,5.786343e-07,0.00069225335,1.13725455e-05,8.693324e-05,8.593978e-05,6.489358e-05
4992,201_00649,201,649,0,N,0,N,0,N,0.9960986,0.9960986,1.1385471e-06,6.0161886e-07,0.0033626808,2.2269733e-05,0.00018598605,7.928619e-05,0.00024939716
4993,201_00650,201,650,0,N,0,N,0,N,0.9952058,0.9952058,2.6576086e-05,3.2092026e-05,0.0015056351,0.00019860778,0.00073997944,0.0012305998,0.001060694
4994,201_00651,201,651,0,N,0,N,0,N,0.9471599,0.9471599,0.00198029,0.00012935427,0.020512216,0.0022198963,0.0003384615,0.022038814,0.005621048
4995,201_00652,201,652,0,N,0,N,0,N,0.9971421,0.9971421,6.59534e-05,8.1657305e-07,0.0015671081,0.000221156,4.6866997e-05,0.00084200845,0.00011396584
4996,201_00653,201,653,0,N,0,N,0,N,0.99804854,0.99804854,8.143732e-06,7.5321265e-07,0.0015977069,2.6684425e-05,9.203559e-05,0.00015191942,7.420177e-05
4997,201_00654,201,654,0,N,0,N,0,N,0.9978659,0.9978659,6.623212e-05,1.4595119e-06,0.0013787335,0.00035507683,0.00010733691,0.00019007378,3.5119167e-05
4998,201_00655,201,655,0,N,0,N,0,N,0.9988119,0.9988119,4.0031784e-05,7.6124485e-07,0.00080801867,3.232065e-05,0.0001171961,5.438178e-05,0.00013541829
4999,201_00656,201,656,0,N,0,N,0,N,0.9988351,0.9988351,2.7453796e-05,5.4046296e-07,0.00094485807,2.1229705e-05,2.3640418e-05,9.502371e-05,5.219592e-05
5000,201_00657,201,657,0,N,0,N,0,N,0.997969,0.997969,4.6783177e-07,3.420068e-07,0.0018197336,4.0218797e-06,0.00010243765,2.7027141e-05,7.698384e-05
5001,201_00658,201,658,0,N,0,N,0,N,0.9981223,0.9981223,1.1918454e-06,2.652807e-06,0.0013206505,8.871047e-06,0.00020742904,0.00014576415,0.00019117279
5002,201_00659,201,659,0,N,0,N,0,N,0.9996369,0.9996369,1.8908514e-07,5.6432526e-07,0.00027662358,3.8268442e-07,3.282032e-05,1.1684279e-05,4.0801984e-05
5003,201_00660,201,660,0,N,0,N,0,N,0.9953223,0.9953223,3.366754e-07,1.8557179e-07,0.0044874474,1.8201002e-06,3.4888548e-05,1.6851513e-05,0.0001362784
5004,201_00661,201,661,0,N,0,N,0,N,0.9991732,0.9991732,1.93025e-06,8.2875204e-07,0.00018660266,0.0003679209,0.00014047396,0.00011436485,1.4561868e-05
5005,201_00662,201,662,0,N,0,N,0,N,0.98851526,0.98851526,2.3727327e-05,1.5511696e-06,0.010137934,0.00019250147,0.00023799656,0.000464173,0.0004267271
5006,201_00663,201,663,0,N,0,N,0,N,0.9992646,0.9992646,7.1384084e-06,3.38553e-06,0.00030728744,0.00011480632,3.8498194e-05,0.00023294563,3.132431e-05
5007,201_00664,201,664,0,N,0,N,0,N,0.9951955,0.9951955,9.363334e-07,1.2441028e-07,0.004621832,3.1109157e-06,4.4327608e-05,1.7474113e-05,0.00011670597
5008,201_00665,201,665,0,N,0,N,0,N,0.99925375,0.99925375,1.7823535e-07,3.3216793e-07,0.00051493145,2.866188e-05,9.644148e-05,7.6444e-05,2.9277428e-05
5009,201_00666,201,666,0,N,0,N,0,N,0.9943927,0.9943927,7.989044e-06,3.103273e-06,0.0015750435,0.00032064598,0.0002563605,0.0032832222,0.00016094533
5010,201_00667,201,667,0,N,0,N,0,N,0.9845051,0.9845051,7.321057e-05,1.4708578e-05,0.003484045,0.0010835542,0.0007828511,0.0062904214,0.003766082
5011,201_00668,201,668,5,ABERR,0,N,0,N,0.9935061,0.9935061,8.8898405e-06,8.0040155e-07,0.0059126844,1.659022e-05,1.7663599e-05,0.00039071921,0.00014661295
5012,201_00669,201,669,5,ABERR,5,ABERR,0,N,0.9992192,0.9992192,3.307241e-06,3.3580363e-07,0.0006487731,1.539244e-06,6.470341e-05,1.1419382e-05,5.0737974e-05
5013,201_00670,201,670,0,N,5,ABERR,0,N,0.99972874,0.99972874,1.1921521e-05,1.64017e-06,0.00021852704,5.1964826e-06,2.9596682e-05,6.8394115e-07,3.6875963e-06
5014,201_00671,201,671,0,N,0,N,0,N,0.99813086,0.99813086,8.985032e-05,1.0821564e-06,0.0006018999,2.9293486e-05,0.00024467023,9.715636e-05,0.00080529286
5015,201_00672,201,672,0,N,0,N,0,N,0.957388,0.957388,0.0021502704,0.00011414555,0.0017983606,0.0009215055,0.001880705,0.0057174405,0.030029558
5016,201_00673,201,673,0,N,0,N,0,N,0.9765171,0.9765171,7.998974e-05,6.9553075e-06,0.0063130143,0.00052770483,0.00023030576,0.014250904,0.0020740372
5017,201_00674,201,674,0,N,0,N,0,N,0.97482234,0.97482234,6.3374726e-05,3.3029915e-05,0.016051646,0.0007363476,0.0007356243,0.004515703,0.0030419722
5018,201_00675,201,675,5,ABERR,0,N,0,N,0.9975027,0.9975027,2.6737827e-05,8.195691e-07,0.0021383634,4.1159226e-05,2.6090414e-05,0.00017378564,9.036436e-05
5019,201_00676,201,676,0,N,5,ABERR,0,N,0.99686503,0.99686503,6.011842e-06,1.4770621e-06,0.002818957,1.5304195e-05,0.00015332703,2.3240942e-05,0.00011664862
5020,201_00677,201,677,0,N,0,N,0,N,0.9989089,0.9989089,3.6582373e-05,4.343924e-07,0.0009517693,2.4208983e-05,2.9473304e-05,2.466674e-05,2.4035415e-05
5021,201_00678,201,678,0,N,0,N,0,N,0.9980109,0.9980109,2.9510581e-06,1.604249e-07,0.0015487965,2.3271705e-06,6.890021e-05,4.700971e-05,0.00031892696
5022,201_00679,201,679,0,N,0,N,0,N,0.9984251,0.9984251,1.1157904e-06,5.5776667e-07,0.0012536002,6.759629e-06,0.00010917742,3.74429e-05,0.00016618824
5023,201_00680,201,680,0,N,0,N,0,N,0.99743915,0.99743915,4.4500284e-06,1.7431474e-07,0.0023153154,9.18258e-06,2.9361901e-05,0.000103105216,9.9257115e-05
5024,201_00681,201,681,0,N,0,N,0,N,0.99912864,0.99912864,6.0139337e-07,1.5451056e-07,0.0007327006,4.0471434e-07,3.030405e-05,1.4534399e-05,9.283126e-05
5025,201_00682,201,682,0,N,0,N,0,N,0.9976902,0.9976902,1.8467717e-05,1.8472869e-06,0.0018799672,1.9248419e-05,3.07991e-05,0.00025320097,0.00010627367
5026,201_00683,201,683,0,N,0,N,0,N,0.99932706,0.99932706,2.031162e-07,1.5369186e-07,0.00038823052,3.7710856e-06,2.205302e-05,0.00017692517,8.152038e-05
5027,201_00684,201,684,7,NESC,0,N,0,N,0.9991425,0.9991425,1.8339443e-07,2.734837e-07,0.0007298392,1.4251186e-06,2.7795397e-05,7.594858e-05,2.1956559e-05
5028,201_00685,201,685,0,N,7,NESC,0,N,0.9992006,0.9992006,5.8475536e-07,4.1962704e-07,0.0003796453,8.4066e-06,0.0003069482,2.0300027e-05,8.295941e-05
5029,201_00686,201,686,7,NESC,0,N,0,N,0.99905556,0.99905556,8.7769433e-07,6.019148e-08,0.00088087923,1.2713798e-06,3.0713072e-05,8.886889e-06,2.1790775e-05
5030,201_00687,201,687,3,APC,7,NESC,0,N,0.9990138,0.9990138,2.0484924e-06,3.3706664e-07,0.0006975031,4.9374226e-05,0.00012684711,4.2355718e-05,6.767534e-05
5031,201_00688,201,688,7,NESC,3,APC,0,N,0.9992462,0.9992462,1.3508367e-06,4.6376122e-08,0.0007016214,3.427835e-06,3.415753e-05,6.647225e-06,6.5455424e-06
5032,201_00689,201,689,3,APC,7,NESC,0,N,0.99839395,0.99839395,2.0556301e-06,1.91927e-07,0.0013560705,2.6744803e-05,9.69156e-05,4.540342e-05,7.858666e-05
5033,201_00690,201,690,0,N,3,APC,0,N,0.99962604,0.99962604,2.599387e-07,6.2604194e-08,0.00032801364,2.3706767e-07,3.6401703e-05,1.9322356e-06,7.001248e-06
5034,201_00691,201,691,0,N,0,N,0,N,0.99808234,0.99808234,3.3496926e-07,9.4375515e-08,0.0017944368,1.6171654e-06,7.937851e-05,1.9040804e-06,3.976095e-05
5035,201_00692,201,692,6,NPC,0,N,0,N,0.99955714,0.99955714,1.8254204e-07,4.6585182e-08,0.0003429808,1.93831e-05,6.956292e-05,5.9950776e-06,4.7454737e-06
5036,201_00693,201,693,0,N,6,NPC,0,N,0.9994754,0.9994754,3.6971633e-07,3.89375e-08,0.00048512837,4.539977e-06,3.107059e-05,2.2149557e-06,1.206881e-06
5037,201_00694,201,694,0,N,0,N,0,N,0.9996099,0.9996099,1.2143596e-07,1.5987434e-08,0.00034726586,9.1713156e-07,3.859643e-05,9.860258e-07,2.2351508e-06
5038,201_00695,201,695,0,N,0,N,0,N,0.99921775,0.99921775,1.7453367e-07,6.9562546e-08,0.0005789435,1.7201453e-05,0.00017325829,3.817603e-06,8.762498e-06
5039,201_00696,201,696,0,N,0,N,0,N,0.9988653,0.9988653,1.0790943e-07,1.0308639e-07,0.0009819563,1.1401944e-05,0.00013209463,4.361607e-06,4.575199e-06
5040,201_00697,201,697,0,N,0,N,0,N,0.9993993,0.9993993,1.4754639e-07,9.7193066e-08,0.00041965253,1.7981132e-05,0.00014693495,1.2141896e-05,3.6622205e-06
5041,201_00698,201,698,0,N,0,N,0,N,0.9994463,0.9994463,5.8052755e-08,8.521224e-08,0.00042707543,4.017732e-06,0.00011619791,3.572981e-06,2.6671805e-06
5042,201_00699,201,699,0,N,0,N,0,N,0.9991074,0.9991074,2.3949892e-07,2.0490195e-07,0.0005762258,4.7527188e-05,0.00026199254,3.5598405e-06,2.746902e-06
5043,201_00700,201,700,0,N,0,N,0,N,0.99911875,0.99911875,3.5013844e-07,1.3905951e-07,0.0006665709,5.1431052e-05,0.0001557306,4.5280544e-06,2.579041e-06
5044,201_00701,201,701,0,N,0,N,0,N,0.99924916,0.99924916,2.3279777e-07,1.5455616e-07,0.0006026772,1.2468769e-05,0.00012887525,4.0266436e-06,2.3450182e-06
5045,201_00702,201,702,0,N,0,N,0,N,0.9995718,0.9995718,7.98127e-08,7.3655194e-08,0.00031999536,8.381107e-06,9.5420466e-05,2.4086105e-06,2.0137902e-06
5046,201_00703,201,703,0,N,0,N,0,N,0.9992257,0.9992257,1.5212783e-07,6.319734e-08,0.000627166,1.6368132e-05,0.00012714084,1.4588883e-06,2.095097e-06
5047,201_00704,201,704,0,N,0,N,0,N,0.9990169,0.9990169,1.8386763e-07,1.206894e-07,0.0007965008,2.5434594e-05,0.00015852612,1.0443807e-06,1.2404079e-06
5048,201_00705,201,705,0,N,0,N,0,N,0.9993392,0.9993392,1.8165417e-07,7.2006365e-08,0.0005463785,1.5484644e-05,9.586604e-05,1.7535901e-06,1.0907266e-06
5049,201_00706,201,706,0,N,0,N,0,N,0.9996647,0.9996647,3.0904937e-07,5.1118793e-08,0.00016725226,6.378748e-05,9.76934e-05,5.505302e-06,7.5305365e-07
5050,201_00707,201,707,0,N,0,N,0,N,0.9992697,0.9992697,1.5694195e-07,5.034334e-08,0.0006522955,6.630186e-06,6.824013e-05,1.3408928e-06,1.5361219e-06
5051,201_00708,201,708,0,N,0,N,0,N,0.99903715,0.99903715,2.6883845e-07,1.2971806e-07,0.0008195635,1.2601478e-05,0.00012764578,1.1511859e-06,1.4517215e-06
5052,201_00709,201,709,0,N,0,N,0,N,0.9995663,0.9995663,7.2619876e-08,3.6455997e-08,0.00039275314,2.8092566e-06,3.6238675e-05,5.3795424e-07,1.2512213e-06
5053,201_00710,201,710,0,N,0,N,0,N,0.99934834,0.99934834,2.0543939e-07,5.4955237e-08,0.00054565526,2.2377872e-05,8.097825e-05,1.1756147e-06,1.2905236e-06
5054,201_00711,201,711,0,N,0,N,0,N,0.9989606,0.9989606,5.759878e-07,5.423937e-08,0.00095701264,1.1586769e-05,6.914346e-05,3.8935207e-07,6.506196e-07
5055,201_00712,201,712,0,N,0,N,0,N,0.99895656,0.99895656,5.2894933e-07,4.710276e-08,0.000954692,2.4530706e-05,6.1889295e-05,7.791597e-07,9.987516e-07
5056,201_00713,201,713,0,N,0,N,0,N,0.9987236,0.9987236,4.1233938e-07,4.8459654e-08,0.001207569,9.231535e-06,5.6828703e-05,7.125524e-07,1.5607064e-06
5057,201_00714,201,714,0,N,0,N,0,N,0.999356,0.999356,3.811137e-07,5.987529e-08,0.00054977316,1.9283352e-05,7.2123694e-05,1.1233466e-06,1.2180772e-06
5058,201_00715,201,715,0,N,0,N,0,N,0.99777853,0.99777853,5.7465263e-07,9.577626e-08,0.0020918043,2.3428707e-05,0.00010276357,6.966054e-07,2.034581e-06
5059,201_00716,201,716,0,N,0,N,0,N,0.99841917,0.99841917,1.3033865e-06,8.9523866e-08,0.0013544323,0.00011626573,0.00010512362,2.4440085e-06,1.1485049e-06
5060,201_00717,201,717,0,N,0,N,0,N,0.99947053,0.99947053,3.3635578e-07,2.3223935e-08,0.000497847,5.641795e-06,2.3851244e-05,1.0651775e-06,7.9683883e-07
5061,201_00718,201,718,0,N,0,N,0,N,0.99871194,0.99871194,1.7134424e-07,1.4039658e-07,0.0011572732,7.848715e-06,0.00011945779,7.266379e-07,2.3711634e-06
5062,201_00719,201,719,0,N,0,N,0,N,0.9984112,0.9984112,9.896545e-07,1.7004815e-07,0.0013431221,5.528872e-05,0.00018536799,1.8402385e-06,1.9740262e-06
5063,201_00720,201,720,0,N,0,N,0,N,0.9989163,0.9989163,6.992432e-07,4.3567574e-08,0.0010314006,1.2082306e-05,3.5581772e-05,2.0786288e-06,1.80181e-06
5064,201_00721,201,721,0,N,0,N,0,N,0.9993563,0.9993563,2.3448145e-07,3.5775624e-08,0.0006021446,3.811631e-06,3.5557852e-05,5.403841e-07,1.3695816e-06
5065,201_00722,201,722,0,N,0,N,0,N,0.998885,0.998885,3.38782e-07,9.295232e-08,0.0009870084,1.8539962e-05,0.00010501501,1.4042217e-06,2.5569598e-06
5066,201_00723,201,723,5,ABERR,0,N,0,N,0.99929494,0.99929494,3.3803497e-07,4.2038028e-08,0.0005961178,2.7732987e-05,7.756686e-05,2.4042672e-06,8.825442e-07
5067,201_00724,201,724,0,N,5,ABERR,0,N,0.99936193,0.99936193,2.5155502e-06,3.4301306e-07,0.00034837954,9.272781e-05,0.00018861816,4.492955e-06,1.131607e-06
5068,201_00725,201,725,0,N,0,N,0,N,0.99990577,0.99990577,8.5411773e-07,1.7337824e-08,7.3592564e-05,1.2212919e-06,1.7648408e-05,3.4053056e-07,6.1758044e-07
5069,201_00726,201,726,0,N,0,N,0,N,0.9982751,0.9982751,1.990857e-07,4.5630422e-08,0.0016050427,3.959442e-06,0.00010458441,1.536959e-07,1.093335e-05
5070,201_00727,201,727,0,N,0,N,0,N,0.99752617,0.99752617,1.2261346e-06,2.0112881e-07,0.0018126955,0.00035235038,0.0003000859,4.619337e-06,2.6416549e-06
5071,201_00728,201,728,0,N,0,N,0,N,0.9984101,0.9984101,1.1154948e-06,7.135603e-08,0.0014811212,1.3762647e-05,9.094823e-05,1.2174687e-06,1.525028e-06
5072,201_00729,201,729,0,N,0,N,0,N,0.9995171,0.9995171,2.4861444e-07,3.980411e-08,0.0004187235,1.5665657e-05,4.4818553e-05,2.1152468e-06,1.4003026e-06
5073,201_00730,201,730,0,N,0,N,0,N,0.9990465,0.9990465,4.6765317e-07,3.7945295e-08,0.00088834873,7.95286e-06,5.4500375e-05,6.183557e-07,1.4538313e-06
5074,201_00731,201,731,0,N,0,N,0,N,0.99727124,0.99727124,9.093922e-07,1.08625095e-07,0.0025513517,1.6782871e-05,0.00015721809,3.461801e-07,2.097336e-06
5075,201_00732,201,732,0,N,0,N,0,N,0.99887985,0.99887985,4.5527258e-07,8.476286e-08,0.0009810185,4.338586e-05,9.114127e-05,2.0747405e-06,2.0489056e-06
5076,201_00733,201,733,0,N,0,N,0,N,0.9990767,0.9990767,1.5147509e-06,2.7451806e-08,0.0008571862,2.2226903e-05,3.6207595e-05,4.244316e-06,1.7175053e-06
5077,201_00734,201,734,0,N,0,N,0,N,0.9996791,0.9996791,2.4899313e-07,4.446376e-08,0.00025426937,4.96395e-06,5.8923943e-05,8.391777e-07,1.5526774e-06
5078,201_00735,201,735,0,N,0,N,0,N,0.9968301,0.9968301,3.7174962e-07,1.1291356e-07,0.0030306736,2.2439512e-05,0.00011036081,1.4678634e-06,4.4881976e-06
5079,201_00736,201,736,0,N,0,N,0,N,0.9977783,0.9977783,9.764043e-07,1.3981271e-07,0.0020301198,1.9949493e-05,0.00016708397,7.7936664e-07,2.5078039e-06
5080,201_00737,201,737,0,N,0,N,0,N,0.9990391,0.9990391,9.602754e-07,8.412867e-08,0.00064002245,0.00022136427,8.009396e-05,1.5717802e-05,2.5858023e-06
5081,201_00738,201,738,0,N,0,N,0,N,0.9993403,0.9993403,4.949551e-07,3.8556095e-08,0.0006052395,2.1581877e-06,4.871222e-05,1.0272829e-06,2.049074e-06
5082,201_00739,201,739,0,N,0,N,0,N,0.99841833,0.99841833,2.1137409e-07,2.269065e-07,0.0013821351,1.2121178e-05,0.00018124559,1.0727676e-06,4.5905954e-06
5083,201_00740,201,740,0,N,0,N,0,N,0.9977393,0.9977393,1.0238731e-06,9.235401e-08,0.0021242315,1.8479586e-05,0.000110379966,1.9570493e-06,4.514982e-06
5084,201_00741,201,741,0,N,0,N,0,N,0.9996387,0.9996387,4.9793977e-07,6.216746e-08,0.00025777367,2.30487e-05,7.4012176e-05,3.8630005e-06,2.100385e-06
5085,201_00742,201,742,0,N,0,N,0,N,0.9992014,0.9992014,4.8453046e-07,4.351589e-08,0.00072025973,1.4753225e-05,5.9896956e-05,1.4670118e-06,1.6263384e-06
5086,201_00743,201,743,0,N,0,N,0,N,0.998187,0.998187,3.8439256e-07,3.7287155e-08,0.001743258,5.846379e-06,6.1812614e-05,3.0340377e-07,1.3504192e-06
5087,201_00744,201,744,0,N,0,N,0,N,0.9985393,0.9985393,3.728771e-07,1.5962371e-07,0.0012428592,4.004113e-05,0.00017251467,1.6528619e-06,3.2067333e-06
5088,201_00745,201,745,0,N,0,N,0,N,0.99893445,0.99893445,1.4261867e-06,6.9513774e-08,0.00092346733,4.7930855e-05,8.762148e-05,3.6338565e-06,1.2737062e-06
5089,201_00746,201,746,0,N,0,N,0,N,0.9987462,0.9987462,2.1824782e-07,2.5115272e-08,0.0012216402,1.2639586e-06,2.7235075e-05,4.905699e-07,2.8080735e-06
5090,201_00747,201,747,0,N,0,N,0,N,0.9985679,0.9985679,4.7578996e-07,1.7711585e-07,0.0012013582,4.2852538e-05,0.00018391659,8.0542605e-07,2.6015916e-06
5091,201_00748,201,748,0,N,0,N,0,N,0.9979691,0.9979691,8.2056084e-07,5.846529e-08,0.001911451,4.34853e-05,7.134952e-05,1.993348e-06,1.6549598e-06
5092,201_00749,201,749,0,N,0,N,0,N,0.9989073,0.9989073,4.63176e-07,4.3421426e-08,0.0010380823,7.785097e-06,4.3831053e-05,1.2850526e-06,1.220219e-06
5093,201_00750,201,750,0,N,0,N,0,N,0.9991423,0.9991423,2.5423694e-07,4.9872273e-08,0.00078368245,5.786599e-06,6.489253e-05,8.3788524e-07,2.1517576e-06
5094,201_00751,201,751,0,N,0,N,0,N,0.99951386,0.99951386,2.7362685e-07,5.7629055e-08,0.00037468667,2.2436523e-05,8.618813e-05,1.3534684e-06,1.1156593e-06
5095,201_00752,201,752,0,N,0,N,0,N,0.99882436,0.99882436,4.3425626e-07,8.357248e-08,0.0010564583,2.022459e-05,9.555284e-05,1.5025577e-06,1.4265709e-06
5096,201_00753,201,753,0,N,0,N,0,N,0.99907327,0.99907327,6.3066904e-07,7.574761e-08,0.0008198445,1.010487e-05,9.373124e-05,1.0718674e-06,1.2680989e-06
5097,201_00754,201,754,0,N,0,N,0,N,0.99906355,0.99906355,3.7359337e-07,1.4520941e-07,0.00078021624,2.4038402e-05,0.00012450134,3.1821012e-06,3.9268007e-06
5098,201_00755,201,755,0,N,0,N,0,N,0.9987337,0.9987337,7.8877883e-07,7.116912e-08,0.0011491517,1.6193515e-05,9.375875e-05,3.0672315e-06,3.2628473e-06
5099,201_00756,201,756,0,N,0,N,0,N,0.9984715,0.9984715,4.8218084e-07,1.913983e-07,0.0013362049,1.6456053e-05,0.00016818102,2.2501285e-06,4.8532743e-06
5100,201_00757,201,757,0,N,0,N,0,N,0.9990497,0.9990497,6.492408e-07,3.6925993e-08,0.0008736728,1.976654e-05,5.2127984e-05,2.192739e-06,1.8495818e-06
5101,201_00758,201,758,0,N,0,N,0,N,0.99848545,0.99848545,3.3332125e-07,1.1041652e-07,0.0014271087,6.7829883e-06,7.578941e-05,1.1153248e-06,3.1767042e-06
5102,201_00759,201,759,0,N,0,N,0,N,0.9951308,0.9951308,2.8274574e-06,2.5692822e-07,0.0045168684,3.8907194e-05,0.00029904314,2.7813262e-06,8.560726e-06
5103,201_00760,201,760,0,N,0,N,0,N,0.99846447,0.99846447,9.85831e-07,2.3019383e-07,0.001345429,2.3879353e-05,0.00014887223,5.9238546e-06,1.0238529e-05
5104,201_00761,201,761,0,N,0,N,0,N,0.9984923,0.9984923,9.3878583e-07,4.0376463e-08,0.0014564696,7.8859985e-06,3.6710273e-05,2.0825332e-06,3.7286895e-06
5105,201_00762,201,762,0,N,0,N,0,N,0.998412,0.998412,4.6008722e-07,1.1976138e-07,0.0014981343,8.515793e-06,7.53753e-05,1.5265122e-06,3.820754e-06
5106,201_00763,201,763,5,ABERR,0,N,0,N,0.9985767,0.9985767,1.0902385e-06,1.1394214e-07,0.0012695738,3.1244974e-05,0.00011468265,3.6077977e-06,3.0245642e-06
5107,201_00764,201,764,0,N,5,ABERR,0,N,0.99885213,0.99885213,5.938239e-06,9.980606e-07,0.00062114134,0.00023871123,0.00026943555,8.028325e-06,3.5627784e-06
5108,201_00765,201,765,0,N,0,N,0,N,0.999758,0.999758,3.6619074e-06,1.6314038e-08,0.00021602165,5.7974034e-06,1.2139769e-05,1.8710149e-06,2.3109042e-06
5109,201_00766,201,766,0,N,0,N,0,N,0.9987331,0.9987331,1.4145309e-07,3.1340583e-08,0.0012191851,1.999264e-06,3.922233e-05,3.0592267e-07,5.9313966e-06
5110,201_00767,201,767,0,N,0,N,0,N,0.99866366,0.99866366,2.6685086e-07,8.931517e-08,0.001231462,2.1756547e-05,7.967562e-05,1.1197745e-06,1.8941979e-06
5111,201_00768,201,768,0,N,0,N,0,N,0.99849445,0.99849445,1.0497574e-06,7.423169e-08,0.0014006855,2.596561e-05,7.489354e-05,1.7176767e-06,1.2238114e-06
5112,201_00769,201,769,0,N,0,N,0,N,0.99929553,0.99929553,2.6690847e-07,3.9744013e-08,0.0006584079,4.4556077e-06,3.9354232e-05,6.548485e-07,1.3682671e-06
5113,201_00770,201,770,0,N,0,N,0,N,0.9990991,0.9990991,2.9614648e-07,4.942543e-08,0.0008470284,9.245827e-06,4.1753196e-05,8.052921e-07,1.6780994e-06
5114,201_00771,201,771,0,N,0,N,0,N,0.9989931,0.9989931,4.9450625e-07,7.276966e-08,0.00087950676,4.157411e-05,8.1855884e-05,2.2258332e-06,1.1729204e-06
5115,201_00772,201,772,0,N,0,N,0,N,0.9988495,0.9988495,8.8125785e-07,5.447562e-08,0.0010744656,1.732084e-05,5.407817e-05,2.1301917e-06,1.5547347e-06
5116,201_00773,201,773,0,N,0,N,0,N,0.9992916,0.9992916,2.5725504e-07,4.659751e-08,0.0006586779,6.4941687e-06,4.0417865e-05,9.992305e-07,1.5792152e-06
5117,201_00774,201,774,0,N,0,N,0,N,0.99838763,0.99838763,2.821549e-07,6.0452585e-08,0.0015395891,8.6431055e-06,6.0405706e-05,8.200881e-07,2.4954795e-06
5118,201_00775,201,775,0,N,0,N,0,N,0.9978441,0.9978441,1.1343981e-06,2.9474896e-07,0.0017506513,9.1130765e-05,0.00030503262,3.9547813e-06,3.6440485e-06
5119,201_00776,201,776,0,N,0,N,0,N,0.99923724,0.99923724,1.5728034e-06,5.622861e-08,0.0006236356,5.343912e-05,7.03977e-05,1.0851609e-05,2.7798653e-06
5120,201_00777,201,777,0,N,0,N,0,N,0.99955916,0.99955916,4.3119795e-07,4.9133618e-08,0.00037659952,1.1031401e-05,4.6944457e-05,3.3696274e-06,2.4004555e-06
5121,201_00778,201,778,0,N,0,N,0,N,0.99875754,0.99875754,2.2501688e-07,6.153849e-08,0.0011769506,5.2138807e-06,5.587064e-05,1.7081111e-06,2.4131386e-06
5122,201_00779,201,779,0,N,0,N,0,N,0.99838716,0.99838716,4.4226954e-07,3.573955e-07,0.0012981181,1.8384448e-05,0.00028873366,1.7762208e-06,5.012357e-06
5123,201_00780,201,780,0,N,0,N,0,N,0.99828637,0.99828637,1.0784911e-06,2.1565643e-07,0.001464383,7.135165e-05,0.00015850797,1.1158104e-05,6.8747477e-06
5124,201_00781,201,781,0,N,0,N,0,N,0.99905175,0.99905175,3.6012432e-07,3.750034e-08,0.00091542414,2.3341186e-06,2.404142e-05,2.3585378e-06,3.668244e-06
5125,201_00782,201,782,0,N,0,N,0,N,0.99902165,0.99902165,3.1547359e-07,1.1795313e-07,0.00084736955,1.0871037e-05,0.000112260466,2.0543955e-06,5.3825906e-06
5126,201_00783,201,783,0,N,0,N,0,N,0.99767,0.99767,1.8331713e-06,1.8993978e-07,0.0020714295,5.9582224e-05,0.00018950457,2.9735254e-06,4.4341577e-06
5127,201_00784,201,784,0,N,0,N,0,N,0.99808866,0.99808866,8.727228e-07,7.433979e-08,0.0018250174,2.0609847e-05,5.8666206e-05,2.7541266e-06,3.399112e-06
5128,201_00785,201,785,0,N,0,N,0,N,0.998539,0.998539,4.694952e-07,4.3488118e-08,0.001402045,4.751915e-06,4.7776914e-05,1.9211761e-06,4.0655596e-06
5129,201_00786,201,786,0,N,0,N,0,N,0.99949753,0.99949753,3.0148647e-07,5.1237034e-08,0.00042783335,1.000962e-05,6.0275772e-05,1.7766672e-06,2.2517297e-06
5130,201_00787,201,787,0,N,0,N,0,N,0.99881905,0.99881905,4.7387528e-07,9.5555734e-08,0.0010581946,3.044695e-05,8.799403e-05,1.922773e-06,1.8027964e-06
5131,201_00788,201,788,0,N,0,N,0,N,0.9989367,0.9989367,7.128417e-07,4.473858e-08,0.000988188,1.6349752e-05,5.3945354e-05,2.6936534e-06,1.422837e-06
5132,201_00789,201,789,0,N,0,N,0,N,0.9994385,0.9994385,2.0245884e-07,6.8552666e-08,0.00049697503,3.9491815e-06,5.6828558e-05,1.5116723e-06,1.920255e-06
5133,201_00790,201,790,0,N,0,N,0,N,0.99937737,0.99937737,2.3130741e-07,7.6665295e-08,0.0005389568,1.1450308e-05,6.697822e-05,2.146723e-06,2.7839803e-06
5134,201_00791,201,791,0,N,0,N,0,N,0.99869376,0.99869376,5.4778616e-07,8.663129e-08,0.0012051302,2.6954176e-05,6.8572146e-05,2.9664286e-06,1.9999518e-06
5135,201_00792,201,792,0,N,0,N,0,N,0.9979989,0.9979989,1.1831223e-06,1.17190446e-07,0.0018646583,2.6584092e-05,0.00010314438,2.6019522e-06,2.8769525e-06
5136,201_00793,201,793,0,N,0,N,0,N,0.9981816,0.9981816,1.273963e-06,9.736243e-08,0.0016877969,1.26549585e-05,0.00010927556,1.1602231e-06,6.285724e-06
5137,201_00794,201,794,0,N,0,N,0,N,0.99725485,0.99725485,1.2077029e-06,1.7136843e-07,0.0025524425,5.053759e-05,0.0001335819,1.2295488e-06,5.9279064e-06
5138,201_00795,201,795,0,N,0,N,0,N,0.9984046,0.9984046,1.8262923e-06,3.4419028e-08,0.0014624496,7.8896286e-05,4.7460475e-05,2.8507748e-06,1.7796107e-06
5139,201_00796,201,796,0,N,0,N,0,N,0.9968325,0.9968325,1.1224363e-06,1.4549104e-07,0.0029701765,2.5013886e-05,0.00016423863,2.1825063e-06,4.5590787e-06
5140,201_00797,201,797,0,N,0,N,0,N,0.9980692,0.9980692,1.6233867e-06,1.4421217e-07,0.0016925898,4.3966273e-05,0.00018491894,2.8937045e-06,4.528076e-06
5141,201_00798,201,798,0,N,0,N,0,N,0.9980034,0.9980034,5.956151e-07,8.6502574e-08,0.0019079007,1.6506528e-05,6.390548e-05,2.2463298e-06,5.3272265e-06
5142,201_00799,201,799,0,N,0,N,0,N,0.9984704,0.9984704,4.111363e-07,3.5653144e-08,0.0014804149,6.988741e-06,3.6108784e-05,2.2304894e-06,3.3172544e-06
5143,201_00800,201,800,0,N,0,N,0,N,0.99927604,0.99927604,3.4846022e-07,1.137682e-07,0.0005201013,1.8374003e-05,0.00017248183,6.7322885e-06,5.7853817e-06
5144,201_00801,201,801,0,N,0,N,0,N,0.9989361,0.9989361,5.448542e-07,1.0121564e-07,0.0009413163,1.3780565e-05,0.00010173626,2.9518596e-06,3.4462714e-06
5145,201_00802,201,802,0,N,0,N,0,N,0.9966489,0.9966489,5.147805e-07,1.08517966e-07,0.0032613073,7.3983633e-06,7.41547e-05,1.0096546e-06,6.736949e-06
5146,201_00803,201,803,0,N,0,N,0,N,0.997898,0.997898,7.995967e-07,2.0019928e-07,0.0018027598,3.7624068e-05,0.00025056498,3.0499089e-06,7.0223837e-06
5147,201_00804,201,804,0,N,0,N,0,N,0.9986546,0.9986546,7.748366e-07,9.951714e-08,0.0012042236,3.133407e-05,0.00010111985,4.065968e-06,3.7719892e-06
5148,201_00805,201,805,0,N,0,N,0,N,0.99888575,0.99888575,5.9524575e-07,7.513257e-08,0.0010346042,1.751985e-05,5.6426867e-05,2.7619676e-06,2.2543857e-06
5149,201_00806,201,806,0,N,0,N,0,N,0.9991862,0.9991862,1.0658497e-06,7.130398e-08,0.0007231805,1.6386603e-05,6.756939e-05,3.3155668e-06,2.104309e-06
5150,201_00807,201,807,0,N,0,N,0,N,0.99926317,0.99926317,2.5241192e-07,5.9235234e-08,0.00066098804,7.3818005e-06,6.100967e-05,3.0650203e-06,4.148808e-06
5151,201_00808,201,808,0,N,0,N,0,N,0.9992854,0.9992854,2.6019754e-07,7.500881e-08,0.0006053953,1.0262889e-05,9.408981e-05,1.7574836e-06,2.7853334e-06
5152,201_00809,201,809,0,N,0,N,0,N,0.99788475,0.99788475,6.234344e-07,1.2795196e-07,0.001935594,1.962745e-05,0.00015380389,1.4941955e-06,3.9962997e-06
5153,201_00810,201,810,0,N,0,N,0,N,0.9982022,0.9982022,1.2082589e-06,1.9279796e-07,0.0015557846,4.2457912e-05,0.00018917526,4.3022656e-06,4.601957e-06
5154,201_00811,201,811,0,N,0,N,0,N,0.99876535,0.99876535,5.8815533e-07,4.2995147e-08,0.0011798088,5.2216296e-06,4.319726e-05,1.559568e-06,4.233039e-06
5155,201_00812,201,812,0,N,0,N,0,N,0.9990753,0.9990753,3.0689873e-07,8.241214e-08,0.0008436988,9.624331e-06,6.649629e-05,1.2697135e-06,3.2306227e-06
5156,201_00813,201,813,0,N,0,N,0,N,0.9978671,0.9978671,8.139794e-07,1.0569273e-07,0.0019997815,2.6997748e-05,0.000101202895,1.5250563e-06,2.3438015e-06
5157,201_00814,201,814,0,N,0,N,0,N,0.9975989,0.9975989,1.7428388e-06,1.1359318e-07,0.0022464518,3.102619e-05,0.000115372735,2.7672547e-06,3.508491e-06
5158,201_00815,201,815,0,N,0,N,0,N,0.9994834,0.9994834,3.9841296e-07,2.4779805e-08,0.00047697552,6.7343344e-06,2.9039837e-05,1.518291e-06,1.9061914e-06
5159,201_00816,201,816,0,N,0,N,0,N,0.9985361,0.9985361,2.9370764e-07,5.8690848e-08,0.0013994449,5.0269555e-06,5.5725824e-05,4.0540505e-07,2.8713507e-06
5160,201_00817,201,817,0,N,0,N,0,N,0.9974625,0.9974625,1.1206015e-06,1.5841816e-07,0.0022483575,8.0581536e-05,0.00020243866,2.1505116e-06,2.6586085e-06
5161,201_00818,201,818,0,N,0,N,0,N,0.998733,0.998733,1.2115697e-06,6.143917e-08,0.0011729127,2.1710011e-05,6.644701e-05,2.3210584e-06,2.4710437e-06
5162,201_00819,201,819,0,N,0,N,0,N,0.99855834,0.99855834,3.245856e-07,7.825602e-08,0.0013608966,1.3720169e-05,6.205395e-05,1.5940275e-06,3.0792626e-06
5163,201_00820,201,820,0,N,0,N,0,N,0.9969078,0.9969078,6.933019e-07,9.346954e-08,0.002978606,1.5729476e-05,9.2799884e-05,1.1872274e-06,3.0959384e-06
5164,201_00821,201,821,0,N,0,N,0,N,0.9992412,0.9992412,7.819375e-07,6.000262e-08,0.0006098715,4.6709574e-05,9.5897594e-05,3.4163236e-06,2.031279e-06
5165,201_00822,201,822,0,N,0,N,0,N,0.99923474,0.99923474,2.4183393e-07,4.4692985e-08,0.00070682965,4.3557907e-06,5.130685e-05,6.0037695e-07,1.7693344e-06
5166,201_00823,201,823,0,N,0,N,0,N,0.99440706,0.99440706,5.624714e-07,4.504112e-07,0.0052485866,3.6813137e-05,0.00029865955,1.8154134e-06,6.060116e-06
5167,201_00824,201,824,5,ABERR,0,N,0,N,0.9984617,0.9984617,1.9010204e-06,1.3658894e-07,0.0013448622,3.8995044e-05,0.00014220561,5.4829775e-06,4.627882e-06
5168,201_00825,201,825,0,N,5,ABERR,0,N,0.9983911,0.9983911,5.8842325e-06,8.341422e-07,0.0012123858,0.00013009881,0.00024315625,8.854998e-06,7.719394e-06
5169,201_00826,201,826,0,N,0,N,0,N,0.99989045,0.99989045,1.6387733e-06,9.835045e-09,9.650284e-05,2.569463e-06,6.8748564e-06,1.1060232e-06,7.8718483e-07
5170,201_00827,201,827,0,N,0,N,0,N,0.99898297,0.99898297,2.7581154e-07,2.308637e-08,0.0009688247,2.1560668e-06,3.6754485e-05,4.0698094e-07,8.607365e-06
5171,201_00828,201,828,5,ABERR,0,N,0,N,0.997159,0.997159,3.961834e-07,8.433872e-08,0.0026548854,3.5784855e-05,0.00014489108,1.4555849e-06,3.5909547e-06
5172,201_00829,201,829,0,N,5,ABERR,0,N,0.997879,0.997879,5.1055376e-06,1.2779543e-06,0.0009657134,0.00066106685,0.00047960124,6.3739117e-06,1.8554146e-06
5173,201_00830,201,830,0,N,0,N,0,N,0.99983567,0.99983567,2.1919352e-06,2.2802887e-08,0.00013400373,1.2246077e-05,1.0078749e-05,4.8601923e-06,9.0404046e-07
5174,201_00831,201,831,0,N,0,N,0,N,0.9993125,0.9993125,3.2966554e-07,1.4775189e-08,0.0006479693,1.5072454e-06,2.834238e-05,9.693014e-07,8.273415e-06
5175,201_00832,201,832,0,N,0,N,0,N,0.99953884,0.99953884,1.3901413e-07,1.05638236e-07,0.00034907198,2.1575823e-05,8.4849984e-05,3.3847898e-06,2.0163718e-06
5176,201_00833,201,833,0,N,0,N,0,N,0.99859214,0.99859214,7.0063805e-07,8.301376e-08,0.0013074853,1.734871e-05,7.535101e-05,4.537964e-06,2.3748053e-06
5177,201_00834,201,834,0,N,0,N,0,N,0.9992124,0.9992124,2.6733892e-07,6.4364684e-08,0.0007270385,3.0931267e-06,5.1643e-05,2.0094315e-06,3.4736552e-06
5178,201_00835,201,835,5,ABERR,0,N,0,N,0.998657,0.998657,1.8660576e-07,1.1138638e-07,0.00119843,1.1345674e-05,0.00012608348,1.2795985e-06,5.579008e-06
5179,201_00836,201,836,0,N,5,ABERR,0,N,0.9941796,0.9941796,1.6653541e-05,1.8550738e-06,0.0013774912,0.003261487,0.0011492315,1.0786484e-05,2.921365e-06
5180,201_00837,201,837,0,N,0,N,0,N,0.9998139,0.9998139,6.9611156e-06,2.4919593e-08,0.00014899057,1.0371814e-05,1.7788516e-05,1.091731e-06,7.584162e-07
5181,201_00838,201,838,0,N,0,N,0,N,0.9981053,0.9981053,4.1961502e-07,3.619211e-08,0.0018157269,2.1212038e-06,5.1220522e-05,6.430855e-07,2.446032e-05
5182,201_00839,201,839,0,N,0,N,0,N,0.99908316,0.99908316,2.9600568e-07,5.3335388e-08,0.00085366704,1.1831293e-05,4.8717804e-05,7.718989e-07,1.4252867e-06
5183,201_00840,201,840,5,ABERR,0,N,0,N,0.9956693,0.9956693,6.991805e-07,1.01726904e-07,0.004183471,1.9833175e-05,0.00012307179,5.197618e-07,3.0130473e-06
5184,201_00841,201,841,0,N,5,ABERR,0,N,0.9977486,0.9977486,1.2294311e-05,7.820468e-07,0.0013513159,0.00055334583,0.00032271177,7.742582e-06,3.166737e-06
5185,201_00842,201,842,0,N,0,N,0,N,0.99944496,0.99944496,3.7215275e-06,3.6132807e-08,0.0005042873,3.6458384e-06,3.3628596e-05,4.595465e-06,5.2398686e-06
5186,201_00843,201,843,0,N,0,N,0,N,0.9985177,0.9985177,8.863069e-07,4.2850807e-08,0.0013907385,3.8328485e-06,4.1266387e-05,2.5472882e-06,4.3029177e-05
5187,201_00844,201,844,0,N,0,N,0,N,0.9991996,0.9991996,2.4738787e-07,9.41771e-08,0.00071368314,1.9021325e-05,5.87384e-05,4.6493533e-06,3.8854914e-06
5188,201_00845,201,845,0,N,0,N,0,N,0.9987782,0.9987782,1.3089035e-06,5.932914e-08,0.0011541179,1.046173e-05,5.2110387e-05,2.1184521e-06,1.6504831e-06
5189,201_00846,201,846,0,N,0,N,0,N,0.9989801,0.9989801,2.6983764e-07,4.2699444e-08,0.00094072684,4.399366e-06,6.8857444e-05,1.1515242e-06,4.413692e-06
5190,201_00847,201,847,0,N,0,N,0,N,0.9988371,0.9988371,5.20343e-07,9.363293e-08,0.0009398982,6.9870184e-05,0.00014151026,4.940908e-06,5.9974927e-06
5191,201_00848,201,848,0,N,0,N,0,N,0.999247,0.999247,6.0213154e-07,6.194842e-08,0.00066157896,3.576501e-05,5.0106904e-05,3.828123e-06,9.807069e-07
5192,201_00849,201,849,0,N,0,N,0,N,0.99889994,0.99889994,8.534221e-07,1.0742461e-07,0.00096684654,1.1601124e-05,0.000117780684,5.859508e-07,2.32626e-06
5193,201_00850,201,850,0,N,0,N,0,N,0.9978214,0.9978214,1.099052e-06,1.5140319e-07,0.0019362789,8.311618e-05,0.00014928104,3.3533247e-06,5.2317705e-06
5194,201_00851,201,851,5,ABERR,0,N,0,N,0.9985736,0.9985736,5.09664e-07,3.505217e-08,0.0013442268,1.9788497e-05,5.6003148e-05,3.012246e-06,2.8343968e-06
5195,201_00852,201,852,0,N,5,ABERR,0,N,0.9992702,0.9992702,4.3562864e-06,3.7696108e-07,0.00046707524,8.7759334e-05,0.00016680418,2.1302842e-06,1.247195e-06
5196,201_00853,201,853,0,N,0,N,0,N,0.99985796,0.99985796,1.6022605e-06,8.658677e-09,0.0001261184,1.3036812e-06,1.1352344e-05,4.813364e-07,1.1064535e-06
5197,201_00854,201,854,0,N,0,N,0,N,0.998033,0.998033,3.0217947e-07,8.4666446e-08,0.0018525334,3.4884533e-06,8.719854e-05,7.2124647e-07,2.2826525e-05
5198,201_00855,201,855,0,N,0,N,0,N,0.99784684,0.99784684,9.1911033e-07,6.691107e-08,0.0019963305,1.5028368e-05,0.00013543847,1.6699269e-06,3.7837506e-06
5199,201_00856,201,856,0,N,0,N,0,N,0.99913836,0.99913836,6.9124445e-07,1.17459045e-07,0.0006736123,3.07044e-05,0.00014638167,4.4483177e-06,5.6433682e-06
5200,201_00857,201,857,0,N,0,N,0,N,0.9992829,0.9992829,2.3038407e-07,2.8708355e-08,0.0006804931,6.8872437e-06,2.6716383e-05,1.401031e-06,1.3743978e-06
5201,201_00858,201,858,0,N,0,N,0,N,0.99926615,0.99926615,3.1015213e-07,7.900748e-08,0.0007018141,2.689551e-06,2.7912749e-05,2.2553138e-07,8.09275e-07
5202,201_00859,201,859,0,N,0,N,0,N,0.99917525,0.99917525,1.7272826e-06,4.478299e-08,0.0007367631,1.7336553e-05,4.7589147e-05,1.2043132e-05,9.194292e-06
5203,201_00860,201,860,5,ABERR,0,N,0,N,0.99881524,0.99881524,2.0854141e-07,3.925244e-08,0.0010865274,9.4683355e-06,6.6302775e-05,6.1493415e-06,1.594157e-05
5204,201_00861,201,861,0,N,5,ABERR,0,N,0.9980061,0.9980061,1.8697627e-06,8.8311987e-07,0.0011086185,0.0003888488,0.00044051878,3.87746e-05,1.4439984e-05
5205,201_00862,201,862,0,N,0,N,0,N,0.99963856,0.99963856,6.0954962e-06,1.1184005e-07,0.00026847556,1.27506055e-05,6.7761335e-05,4.40413e-06,1.7584904e-06
5206,201_00863,201,863,0,N,0,N,0,N,0.9976523,0.9976523,4.1096283e-07,5.086208e-08,0.0022645043,2.798313e-06,3.8532307e-05,3.2758958e-06,3.8099595e-05
5207,201_00864,201,864,0,N,0,N,0,N,0.99881524,0.99881524,2.6878462e-07,1.0023385e-07,0.0010936413,4.4665962e-06,8.2432e-05,6.665222e-07,3.06457e-06
5208,201_00865,201,865,0,N,0,N,0,N,0.99888587,0.99888587,9.045859e-07,1.03407146e-07,0.0008823408,0.00010005409,0.00012569166,2.7545266e-06,2.3275852e-06
5209,201_00866,201,866,0,N,0,N,0,N,0.9989826,0.9989826,6.582701e-07,2.9094359e-08,0.000969721,9.562108e-06,3.3790162e-05,1.9274594e-06,1.7870681e-06
5210,201_00867,201,867,0,N,0,N,0,N,0.99873006,0.99873006,4.5786626e-07,1.4196688e-07,0.001114928,8.722412e-06,0.00014277225,5.7663743e-07,2.4233163e-06
5211,201_00868,201,868,0,N,0,N,0,N,0.9972639,0.9972639,1.5179173e-06,1.0842661e-07,0.0025338053,7.888975e-05,0.000115549665,1.945119e-06,4.1877e-06
5212,201_00869,201,869,0,N,0,N,0,N,0.9985115,0.9985115,9.3863196e-07,4.730411e-08,0.0014030745,2.7618742e-05,5.183312e-05,2.675577e-06,2.3327475e-06
5213,201_00870,201,870,0,N,0,N,0,N,0.9993322,0.9993322,6.0833185e-07,3.8197115e-08,0.00060955406,1.416703e-05,4.0780797e-05,1.6218332e-06,1.1426691e-06
5214,201_00871,201,871,0,N,0,N,0,N,0.9984372,0.9984372,5.618437e-07,5.81562e-08,0.0014851049,1.2729247e-05,6.1642764e-05,5.713242e-07,2.09323e-06
5215,201_00872,201,872,0,N,0,N,0,N,0.9984158,0.9984158,6.8412515e-07,1.1068567e-07,0.0013522671,5.4225853e-05,0.00017176414,2.229536e-06,2.7669046e-06
5216,201_00873,201,873,0,N,0,N,0,N,0.9988427,0.9988427,1.0143253e-06,4.8279336e-08,0.0010557751,2.4205163e-05,7.136902e-05,2.54837e-06,2.3096454e-06
5217,201_00874,201,874,0,N,0,N,0,N,0.998872,0.998872,9.051964e-07,1.0753948e-07,0.0009891845,3.5652847e-05,8.542663e-05,1.0953312e-05,5.771995e-06
5218,201_00875,201,875,0,N,0,N,0,N,0.99948484,0.99948484,3.6299085e-07,4.448778e-08,0.00048013212,2.2723436e-06,2.7860793e-05,2.133735e-06,2.441538e-06
5219,201_00876,201,876,0,N,0,N,0,N,0.9986024,0.9986024,1.46832e-07,6.9156016e-08,0.0013543689,6.5755003e-06,2.960004e-05,2.8260438e-06,3.967594e-06
5220,201_00877,201,877,0,N,0,N,0,N,0.9990877,0.9990877,5.588911e-07,4.272726e-08,0.00085802947,6.291772e-06,4.462762e-05,1.116878e-06,1.6163723e-06
5221,201_00878,201,878,0,N,0,N,0,N,0.99943554,0.99943554,2.9271303e-07,5.634037e-08,0.00047217123,2.3950266e-05,6.3986925e-05,1.8343534e-06,2.1424873e-06
5222,201_00879,201,879,0,N,0,N,0,N,0.9973471,0.9973471,8.452378e-07,8.8723176e-08,0.0025144948,3.0677045e-05,0.00010028493,3.0474173e-06,3.4293498e-06
5223,201_00880,201,880,0,N,0,N,0,N,0.9991318,0.9991318,6.013844e-07,8.578987e-08,0.0007499669,1.4912845e-05,9.793472e-05,2.6732896e-06,2.0869e-06
5224,201_00881,201,881,0,N,0,N,0,N,0.99819356,0.99819356,4.1454712e-07,9.0587356e-08,0.001727612,7.5373855e-06,6.5374035e-05,7.486332e-07,4.673201e-06
5225,201_00882,201,882,0,N,0,N,0,N,0.99793196,0.99793196,1.4347022e-06,7.976083e-08,0.0019368046,4.288786e-05,8.2870596e-05,1.1543359e-06,2.744047e-06
5226,201_00883,201,883,0,N,0,N,0,N,0.99787176,0.99787176,7.7027437e-07,7.8103085e-08,0.0020162011,1.8031154e-05,8.869052e-05,1.5205891e-06,2.8675308e-06
5227,201_00884,201,884,0,N,0,N,0,N,0.999242,0.999242,5.7258967e-07,4.14518e-08,0.00067375257,1.9547673e-05,5.694611e-05,4.6520922e-06,2.388463e-06
5228,201_00885,201,885,0,N,0,N,0,N,0.9993918,0.9993918,2.3539496e-07,5.3394725e-08,0.0005531727,7.3641513e-06,4.3428347e-05,2.1889277e-06,1.6149025e-06
5229,201_00886,201,886,0,N,0,N,0,N,0.99818593,0.99818593,6.353071e-07,1.2118332e-07,0.0016521644,2.7573373e-05,0.0001221964,5.9616877e-06,5.434306e-06
5230,201_00887,201,887,0,N,0,N,0,N,0.99875134,0.99875134,8.094978e-07,1.5695854e-07,0.0010430443,1.7980377e-05,0.00017221773,6.6264874e-06,7.928266e-06
5231,201_00888,201,888,0,N,0,N,0,N,0.9988893,0.9988893,3.046649e-07,8.300061e-08,0.0010203844,9.712282e-06,7.030008e-05,3.2449373e-06,6.5616705e-06
5232,201_00889,201,889,0,N,0,N,0,N,0.9974725,0.9974725,4.8464653e-07,1.416846e-07,0.0023888652,2.1018956e-05,0.000110703455,2.4915141e-06,3.784009e-06
5233,201_00890,201,890,0,N,0,N,0,N,0.9987573,0.9987573,1.2813415e-06,7.1397864e-08,0.0011411427,1.8775776e-05,7.585184e-05,3.1609877e-06,2.2536165e-06
5234,201_00891,201,891,0,N,0,N,0,N,0.99945986,0.99945986,2.483232e-07,4.287055e-08,0.0004939689,5.1297543e-06,3.7129244e-05,1.4830028e-06,2.0643663e-06
5235,201_00892,201,892,0,N,0,N,0,N,0.99853766,0.99853766,3.0265682e-07,6.434269e-08,0.0013954868,5.5888368e-06,5.752193e-05,5.2795207e-07,2.8621828e-06
5236,201_00893,201,893,0,N,0,N,0,N,0.9981096,0.9981096,1.1704323e-06,2.492826e-07,0.0014487639,0.0001845237,0.00024654678,6.3759317e-06,2.7421258e-06
5237,201_00894,201,894,0,N,0,N,0,N,0.998637,0.998637,1.2591381e-06,6.811323e-08,0.0012768949,1.3960569e-05,6.4549014e-05,3.5836065e-06,2.6878165e-06
5238,201_00895,201,895,0,N,0,N,0,N,0.9989317,0.9989317,4.011795e-07,7.346749e-08,0.0009861937,7.887588e-06,6.7685716e-05,1.5288747e-06,4.5730512e-06
5239,201_00896,201,896,0,N,0,N,0,N,0.99835825,0.99835825,6.239646e-07,8.4540396e-08,0.0015234902,1.5048995e-05,9.690474e-05,1.3132121e-06,4.49129e-06
5240,201_00897,201,897,0,N,0,N,0,N,0.9986221,0.9986221,5.740754e-07,1.121326e-07,0.0012057088,2.6282036e-05,0.00013930576,3.1680106e-06,2.6572764e-06
5241,201_00898,201,898,0,N,0,N,0,N,0.9993642,0.9993642,6.4103835e-07,3.36521e-08,0.00058040797,5.5884616e-06,4.4989443e-05,1.912218e-06,2.2579834e-06
5242,201_00899,201,899,0,N,0,N,0,N,0.99929065,0.99929065,2.6055847e-07,4.3896087e-08,0.0006597583,4.896141e-06,4.1337105e-05,6.985026e-07,2.4261383e-06
5243,201_00900,201,900,0,N,0,N,0,N,0.99824744,0.99824744,5.324813e-07,7.646389e-08,0.0016514753,1.731058e-05,8.01041e-05,7.201634e-07,2.3479506e-06
5244,201_00901,201,901,0,N,0,N,0,N,0.9978442,0.9978442,1.023559e-06,1.1024631e-07,0.0019248436,5.7810852e-05,0.00016370097,3.6459853e-06,4.66117e-06
5245,201_00902,201,902,0,N,0,N,0,N,0.9991016,0.9991016,6.248479e-07,7.4146044e-08,0.0007785664,1.574872e-05,9.623818e-05,3.2182443e-06,3.9399706e-06
5246,201_00903,201,903,0,N,0,N,0,N,0.9981273,0.9981273,4.476037e-07,1.3846453e-07,0.0017487558,1.7865337e-05,9.771885e-05,3.3705912e-06,4.411375e-06
5247,201_00904,201,904,0,N,0,N,0,N,0.9986208,0.9986208,1.2401928e-06,8.625433e-08,0.0012758267,1.4668564e-05,8.0902544e-05,3.3746771e-06,3.0648705e-06
5248,201_00905,201,905,0,N,0,N,0,N,0.9993342,0.9993342,2.8760542e-07,4.4979227e-08,0.00061652326,3.5308644e-06,3.893707e-05,1.914301e-06,4.609202e-06
5249,201_00906,201,906,0,N,0,N,0,N,0.99915516,0.99915516,2.47851e-07,6.6954215e-08,0.0007860384,9.1221655e-06,4.5835834e-05,1.138713e-06,2.3664404e-06
5250,201_00907,201,907,0,N,0,N,0,N,0.9980211,0.9980211,6.983201e-07,8.362896e-08,0.0018662334,2.2022228e-05,8.6208995e-05,1.3293964e-06,2.392658e-06
5251,201_00908,201,908,0,N,0,N,0,N,0.99863845,0.99863845,1.4492598e-06,1.1580302e-07,0.0011459308,8.305114e-05,0.000117764,9.738861e-06,3.4421246e-06
5252,201_00909,201,909,0,N,0,N,0,N,0.9995117,0.9995117,8.565066e-07,5.2680324e-08,0.00041359107,1.8074592e-05,4.8924652e-05,4.3669115e-06,2.3520545e-06
5253,201_00910,201,910,0,N,0,N,0,N,0.99809587,0.99809587,8.5509515e-07,9.019937e-08,0.0018174284,1.7788458e-05,6.0166847e-05,2.9609794e-06,4.764533e-06
5254,201_00911,201,911,0,N,0,N,0,N,0.9979074,0.9979074,5.795622e-07,1.7263804e-07,0.0019182756,1.4716017e-05,0.00014738356,3.3722888e-06,8.033485e-06
5255,201_00912,201,912,0,N,0,N,0,N,0.9989932,0.9989932,5.809281e-07,1.4168775e-07,0.00086488354,1.7313587e-05,0.00011574352,2.7097576e-06,5.3750305e-06
5256,201_00913,201,913,0,N,0,N,0,N,0.9982714,0.9982714,5.643047e-07,6.944485e-08,0.0016394631,2.2138103e-05,6.0979008e-05,2.1405144e-06,3.3561394e-06
5257,201_00914,201,914,0,N,0,N,0,N,0.99692786,0.99692786,2.800356e-06,1.462445e-07,0.0028406845,3.5071094e-05,0.00018442691,3.7703323e-06,5.2788196e-06
5258,201_00915,201,915,0,N,0,N,0,N,0.9993851,0.9993851,6.058265e-07,5.6445945e-08,0.0005213241,1.0741726e-05,7.616063e-05,2.3156647e-06,3.7053865e-06
5259,201_00916,201,916,0,N,0,N,0,N,0.99844664,0.99844664,2.4604427e-07,5.3009718e-08,0.001498112,6.777933e-06,4.2972722e-05,7.507909e-07,4.463296e-06
5260,201_00917,201,917,0,N,0,N,0,N,0.99681425,0.99681425,1.246455e-06,1.6948142e-07,0.0029461936,5.0045583e-05,0.00018510697,8.379555e-07,2.1375304e-06
5261,201_00918,201,918,0,N,0,N,0,N,0.99837023,0.99837023,1.8384177e-06,1.4658758e-07,0.0013242589,0.00010575294,0.0001881968,6.0441616e-06,3.5014898e-06
5262,201_00919,201,919,0,N,0,N,0,N,0.9986115,0.9986115,8.009564e-07,4.8457167e-08,0.0013251562,8.427894e-06,4.984006e-05,1.1896591e-06,3.0680148e-06
5263,201_00920,201,920,0,N,0,N,0,N,0.9971117,0.9971117,7.77324e-07,1.5427011e-07,0.0027112057,3.965604e-05,0.0001267079,3.214927e-06,6.510348e-06
5264,201_00921,201,921,0,N,0,N,0,N,0.9987048,0.9987048,1.818229e-06,5.9573903e-08,0.0011848528,2.3533978e-05,7.562049e-05,5.3810013e-06,3.8978155e-06
5265,201_00922,201,922,0,N,0,N,0,N,0.9992356,0.9992356,4.697076e-07,8.89429e-08,0.0006543251,9.01059e-06,9.223544e-05,1.7619219e-06,6.532253e-06
5266,201_00923,201,923,0,N,0,N,0,N,0.99711776,0.99711776,6.410716e-07,1.02083206e-07,0.0027468398,3.6217956e-05,9.305422e-05,1.4179064e-06,3.946724e-06
5267,201_00924,201,924,0,N,0,N,0,N,0.9972456,0.9972456,2.273172e-06,1.7075622e-07,0.002506634,5.776614e-05,0.00018196601,2.6134398e-06,2.9298265e-06
5268,201_00925,201,925,0,N,0,N,0,N,0.99857944,0.99857944,8.8737585e-07,4.5968385e-08,0.0013534591,6.4266774e-06,5.2678475e-05,2.129819e-06,4.8998845e-06
5269,201_00926,201,926,0,N,0,N,0,N,0.9989104,0.9989104,6.160085e-07,7.865164e-08,0.0010098513,1.2184408e-05,5.9824033e-05,1.652316e-06,5.377297e-06
5270,201_00927,201,927,0,N,0,N,0,N,0.99589056,0.99589056,1.1324095e-06,1.2225952e-07,0.003945075,3.8158272e-05,0.00010923956,5.8124215e-06,9.924274e-06
5271,201_00928,201,928,0,N,0,N,0,N,0.9984949,0.9984949,1.2389561e-06,1.7346191e-07,0.0013513468,2.1726042e-05,0.00012171775,4.079933e-06,4.8113775e-06
5272,201_00929,201,929,0,N,0,N,0,N,0.9979607,0.9979607,3.7045206e-07,6.8003516e-08,0.0019631041,1.1011607e-05,5.6663575e-05,1.8655223e-06,6.2049608e-06
5273,201_00930,201,930,0,N,0,N,0,N,0.9986175,0.9986175,9.453384e-07,8.3037875e-08,0.0012743346,2.9415462e-05,7.204015e-05,3.1752763e-06,2.6142086e-06
5274,201_00931,201,931,0,N,0,N,0,N,0.9993783,0.9993783,4.873735e-07,3.954276e-08,0.0005733984,5.619854e-06,3.860133e-05,1.7578197e-06,1.8041947e-06
5275,201_00932,201,932,0,N,0,N,0,N,0.99875563,0.99875563,4.6462168e-07,8.1626546e-08,0.0011608617,9.1645925e-06,6.776634e-05,1.1114129e-06,4.927044e-06
5276,201_00933,201,933,0,N,0,N,0,N,0.99809504,0.99809504,7.222068e-07,9.062092e-08,0.0017575587,5.408522e-05,8.786226e-05,2.2644756e-06,2.325423e-06
5277,201_00934,201,934,0,N,0,N,0,N,0.99840796,0.99840796,1.4322646e-06,6.270347e-08,0.0014927394,2.2632325e-05,6.960963e-05,3.1557925e-06,2.3973546e-06
5278,201_00935,201,935,0,N,0,N,0,N,0.9989606,0.9989606,4.8770534e-07,6.0417285e-08,0.0009664568,7.0681936e-06,6.113417e-05,1.1075468e-06,3.136695e-06
5279,201_00936,201,936,0,N,0,N,0,N,0.9983388,0.9983388,6.594369e-07,6.6630435e-08,0.0015788332,2.1779504e-05,5.4407625e-05,1.7631802e-06,3.6193705e-06
5280,201_00937,201,937,0,N,0,N,0,N,0.99938154,0.99938154,7.101898e-07,2.14306e-08,0.0005534877,2.8461976e-05,3.074789e-05,3.8109383e-06,1.2099252e-06
5281,201_00938,201,938,0,N,0,N,0,N,0.99911743,0.99911743,4.3864355e-07,4.034753e-08,0.000838538,4.3943055e-06,3.605384e-05,1.1434744e-06,2.0186383e-06
5282,201_00939,201,939,0,N,0,N,0,N,0.99763215,0.99763215,6.8842616e-07,1.3326901e-07,0.0022293695,1.8564626e-05,0.00011322519,1.5922255e-06,4.2607603e-06
5283,201_00940,201,940,0,N,0,N,0,N,0.99937665,0.99937665,6.4203994e-07,2.4185153e-08,0.0005739539,1.3374685e-05,3.11876e-05,2.4881183e-06,1.7153702e-06
5284,201_00941,201,941,0,N,0,N,0,N,0.99953693,0.99953693,2.2900764e-07,3.7768558e-08,0.0004173705,1.0105983e-05,2.693539e-05,5.453028e-06,2.8836955e-06
5285,201_00942,201,942,0,N,0,N,0,N,0.9988874,0.9988874,6.8906627e-07,1.05608656e-07,0.0010192693,8.657614e-06,7.927542e-05,2.5725858e-06,1.8295922e-06
5286,201_00943,201,943,0,N,0,N,0,N,0.99832433,0.99832433,6.1995576e-07,1.9568871e-07,0.0014944234,7.233533e-06,0.0001570983,2.6071384e-06,1.3453325e-05
5287,201_00944,201,944,0,N,0,N,0,N,0.99756694,0.99756694,1.1992455e-06,2.5399638e-07,0.0021869743,7.064269e-05,0.00014083518,1.5394116e-05,1.7837421e-05
5288,201_00945,201,945,0,N,0,N,0,N,0.99802977,0.99802977,1.2427397e-06,6.1601185e-08,0.0019012967,1.0672668e-05,4.8831105e-05,3.3113663e-06,4.7362387e-06
5289,201_00946,201,946,0,N,0,N,0,N,0.9969695,0.9969695,6.5410416e-07,1.5610804e-07,0.0028657268,1.1626427e-05,0.00014113473,1.4925773e-06,9.700181e-06
5290,201_00947,201,947,0,N,0,N,0,N,0.99808484,0.99808484,1.1640316e-06,1.6408912e-07,0.0016161373,8.121153e-05,0.0002033768,5.726533e-06,7.255326e-06
5291,201_00948,201,948,0,N,0,N,0,N,0.99791586,0.99791586,9.860639e-07,1.1729844e-07,0.0019534589,1.7661627e-05,0.00010292985,4.160382e-06,4.9032546e-06
5292,201_00949,201,949,0,N,0,N,0,N,0.9984538,0.9984538,5.507158e-07,7.9170185e-08,0.0014531947,1.0838447e-05,7.608087e-05,1.7382429e-06,3.7994857e-06
5293,201_00950,201,950,0,N,0,N,0,N,0.99806505,0.99806505,7.770869e-07,1.2949621e-07,0.0017094228,3.4962013e-05,0.00017985827,3.1656245e-06,6.5850054e-06
5294,201_00951,201,951,0,N,0,N,0,N,0.99926984,0.99926984,4.1526687e-07,7.7328444e-08,0.0005820296,2.3897837e-05,0.00011690181,4.179884e-06,2.5525446e-06
5295,201_00952,201,952,0,N,0,N,0,N,0.9990012,0.9990012,8.814253e-07,9.2817324e-08,0.00086529215,3.8294293e-05,8.7662695e-05,4.465498e-06,1.9746276e-06
5296,201_00953,201,953,0,N,0,N,0,N,0.99919784,0.99919784,5.044913e-07,5.0719056e-08,0.0007282884,8.284386e-06,6.0260685e-05,2.0466143e-06,2.6277169e-06
5297,201_00954,201,954,0,N,0,N,0,N,0.9994735,0.9994735,1.7652002e-07,1.7632922e-07,0.000490809,3.0852195e-06,2.8876831e-05,1.0728543e-06,2.2612733e-06
5298,201_00955,201,955,0,N,0,N,0,N,0.9991958,0.9991958,2.0455252e-06,4.610163e-08,0.0007164682,4.48346e-06,6.009081e-05,8.868231e-06,1.2006304e-05
5299,201_00956,201,956,0,N,0,N,0,N,0.9988277,0.9988277,3.3138224e-07,8.392514e-08,0.001009462,2.4420291e-05,9.40826e-05,1.6719487e-05,2.7212112e-05
5300,201_00957,201,957,0,N,0,N,0,N,0.99861485,0.99861485,8.34186e-07,3.8082e-08,0.0013360955,6.2945182e-06,3.5215442e-05,2.5045554e-06,4.193869e-06
5301,201_00958,201,958,0,N,0,N,0,N,0.9990999,0.9990999,2.7393116e-07,9.6994896e-08,0.00080580724,1.1181477e-05,7.690903e-05,1.7303524e-06,4.0588375e-06
5302,201_00959,201,959,0,N,0,N,0,N,0.9963826,0.9963826,1.4600159e-06,2.884062e-07,0.003397742,2.7682136e-05,0.00018395252,2.056788e-06,4.1981366e-06
5303,201_00960,201,960,0,N,0,N,0,N,0.9988526,0.9988526,1.4885157e-06,5.4676796e-08,0.0010545468,1.7062084e-05,6.607416e-05,3.901427e-06,4.3848613e-06
5304,201_00961,201,961,0,N,0,N,0,N,0.99882436,0.99882436,5.137277e-07,8.311894e-08,0.001091792,1.32524965e-05,6.076176e-05,2.815993e-06,6.5111644e-06
5305,201_00962,201,962,0,N,0,N,0,N,0.99751174,0.99751174,8.6010965e-07,1.3967542e-07,0.0022973716,4.2780077e-05,0.00013970242,3.2262467e-06,4.172916e-06
5306,201_00963,201,963,0,N,0,N,0,N,0.99658024,0.99658024,2.0306165e-06,2.411685e-07,0.0031404982,2.6404554e-05,0.0002418499,1.6881218e-06,7.0097008e-06
5307,201_00964,201,964,0,N,0,N,0,N,0.99818134,0.99818134,1.0761461e-06,9.8848304e-08,0.0016731358,5.4800348e-05,7.8409365e-05,4.916478e-06,6.137087e-06
5308,201_00965,201,965,0,N,0,N,0,N,0.99902654,0.99902654,6.159985e-07,1.8947993e-08,0.0009367182,9.301614e-06,2.3171453e-05,2.0226707e-06,1.6573565e-06
5309,201_00966,201,966,0,N,0,N,0,N,0.99789286,0.99789286,6.212778e-07,1.2449136e-07,0.0019481602,9.726589e-06,0.00014355028,8.361921e-07,4.044365e-06
5310,201_00967,201,967,0,N,0,N,0,N,0.99718714,0.99718714,2.6362027e-06,2.0160458e-07,0.0025530665,8.386185e-05,0.00016358522,4.0721497e-06,5.5509463e-06
5311,201_00968,201,968,0,N,0,N,0,N,0.9990308,0.9990308,9.227195e-07,3.409408e-08,0.0009204815,1.16467445e-05,2.8129256e-05,4.3245163e-06,3.637387e-06
5312,201_00969,201,969,0,N,0,N,0,N,0.9971769,0.9971769,1.0182048e-06,1.2361535e-07,0.0027056953,7.0906012e-06,9.4934105e-05,2.3870298e-06,1.1781025e-05
5313,201_00970,201,970,0,N,0,N,0,N,0.9975343,0.9975343,2.3481668e-06,2.9039614e-07,0.0022017478,7.837699e-05,0.00016744313,6.899014e-06,8.60447e-06
5314,201_00971,201,971,0,N,0,N,0,N,0.99419373,0.99419373,1.5442859e-06,9.7843696e-08,0.005662031,1.4898852e-05,8.323737e-05,9.408712e-06,3.5047735e-05
5315,201_00972,201,972,0,N,0,N,0,N,0.9987989,0.9987989,1.0822725e-06,2.1602473e-07,0.0010257903,3.3585195e-05,0.00011906135,1.2846233e-05,8.527082e-06
5316,201_00973,201,973,0,N,0,N,0,N,0.99827045,0.99827045,5.657844e-07,4.5979675e-08,0.0016939978,4.8317393e-06,2.3056831e-05,2.7629317e-06,4.2387683e-06
5317,201_00974,201,974,0,N,0,N,0,N,0.9991394,0.9991394,2.9500438e-07,4.5829793e-08,0.00080832985,3.585423e-06,4.388809e-05,1.264894e-06,3.1118452e-06
5318,201_00975,201,975,0,N,0,N,0,N,0.9982883,0.9982883,7.5470814e-07,2.1590647e-07,0.0014354924,6.787223e-05,0.00018937839,8.5764295e-06,9.512083e-06
5319,201_00976,201,976,0,N,0,N,0,N,0.99869305,0.99869305,1.1982235e-06,5.152013e-08,0.0012191245,2.2464024e-05,5.6739562e-05,4.2951388e-06,2.9684952e-06
5320,201_00977,201,977,0,N,0,N,0,N,0.99938095,0.99938095,2.5314398e-07,2.9667628e-08,0.00058048835,7.552673e-06,2.6170348e-05,2.3409345e-06,2.226311e-06
5321,201_00978,201,978,5,ABERR,0,N,0,N,0.99820256,0.99820256,3.3596623e-07,8.105416e-08,0.0016544,1.651905e-05,0.00012014559,1.7628739e-06,4.22629e-06
5322,201_00979,201,979,0,N,5,ABERR,0,N,0.99862427,0.99862427,5.836787e-06,7.233095e-07,0.0007004101,0.00035065372,0.0003050505,9.267124e-06,3.6571964e-06
5323,201_00980,201,980,0,N,0,N,0,N,0.999578,0.999578,5.5208648e-06,5.9636115e-08,0.00036578142,8.533611e-06,3.2871667e-05,5.2899504e-06,4.0021414e-06
5324,201_00981,201,981,0,N,0,N,0,N,0.9992058,0.9992058,5.717215e-07,1.4886926e-08,0.00075569085,1.2410708e-06,2.0379879e-05,1.2827167e-06,1.49476955e-05
5325,201_00982,201,982,0,N,0,N,0,N,0.9995534,0.9995534,1.0381944e-07,3.1774643e-08,0.00041536358,3.1636944e-06,2.5054334e-05,7.661764e-07,2.0215132e-06
5326,201_00983,201,983,0,N,0,N,0,N,0.9982853,0.9982853,5.0782e-07,1.3186873e-07,0.0015201048,3.8269987e-05,0.00015170974,1.6058973e-06,2.3224552e-06
5327,201_00984,201,984,0,N,0,N,0,N,0.99906343,0.99906343,1.5602476e-06,6.7222146e-08,0.0007950152,4.8393766e-05,8.359221e-05,5.913423e-06,2.1054416e-06
5328,201_00985,201,985,0,N,0,N,0,N,0.9992095,0.9992095,2.0483476e-07,4.050153e-08,0.0007513221,2.373483e-06,3.3154338e-05,8.4243675e-07,2.5085287e-06
5329,201_00986,201,986,0,N,0,N,0,N,0.99765146,0.99765146,6.2738206e-07,8.943132e-08,0.0022179335,2.9215153e-05,9.50768e-05,1.5484202e-06,3.88204e-06
5330,201_00987,201,987,0,N,0,N,0,N,0.99922115,0.99922115,6.631429e-07,5.1456603e-08,0.0006614918,3.2647808e-05,7.8443816e-05,3.522901e-06,2.057657e-06
5331,201_00988,201,988,5,ABERR,0,N,0,N,0.9980921,0.9980921,4.0991114e-07,9.943396e-08,0.0017593228,1.6307955e-05,0.00012468193,2.1647377e-06,4.8930538e-06
5332,201_00989,201,989,0,N,5,ABERR,0,N,0.99489623,0.99489623,1.5685213e-05,1.5809552e-06,0.00088163087,0.0032966707,0.0008857372,1.8683813e-05,3.812041e-06
5333,201_00990,201,990,0,N,0,N,0,N,0.99980485,0.99980485,5.099293e-06,2.154392e-08,0.00015918766,1.4636377e-05,1.32653795e-05,1.9771683e-06,8.784104e-07
5334,201_00991,201,991,0,N,0,N,0,N,0.9976913,0.9976913,2.3776221e-07,1.4478486e-07,0.0021845105,5.5785954e-06,9.4283736e-05,1.6083893e-06,2.2303831e-05
5335,201_00992,201,992,0,N,0,N,0,N,0.9991543,0.9991543,9.923293e-07,5.3817754e-08,0.00076181977,1.913698e-05,5.72344e-05,4.576366e-06,1.8533813e-06
5336,201_00993,201,993,0,N,0,N,0,N,0.9985791,0.9985791,4.790768e-07,9.265909e-08,0.0013100611,4.8593834e-06,8.9242356e-05,2.0498462e-06,1.3967762e-05
5337,201_00994,201,994,0,N,0,N,0,N,0.9982172,0.9982172,6.9861386e-07,1.9169312e-07,0.0015618525,2.702706e-05,0.00018517369,1.5241139e-06,6.3353705e-06
5338,201_00995,201,995,0,N,0,N,0,N,0.99810266,0.99810266,1.3985651e-06,6.129637e-08,0.0017459822,7.934485e-05,6.18101e-05,5.3151552e-06,3.4316172e-06
5339,201_00996,201,996,3,APC,0,N,0,N,0.99847674,0.99847674,1.0166921e-06,5.3485618e-08,0.0014135181,2.3003804e-05,7.443834e-05,6.985713e-06,4.2540946e-06
5340,201_00997,201,997,0,N,3,APC,0,N,0.99929816,0.99929816,4.0579144e-07,1.5810512e-07,0.00060687476,1.0631443e-05,7.364133e-05,5.338713e-06,4.850127e-06
5341,201_00998,201,998,0,N,0,N,0,N,0.99966055,0.99966055,1.2519592e-07,2.5891113e-08,0.00030860736,3.632945e-06,1.8311577e-05,5.960175e-06,2.80196e-06
5342,201_00999,201,999,0,N,0,N,0,N,0.9996008,0.9996008,1.0136803e-07,2.5262885e-08,0.00036245977,2.4837589e-06,2.848726e-05,2.4267501e-06,3.1580719e-06
5343,201_01000,201,1000,0,N,0,N,0,N,0.9995723,0.9995723,1.8265625e-07,5.73342e-08,0.0003439262,1.2896913e-05,6.632108e-05,2.6629011e-06,1.7515335e-06
5344,201_01001,201,1001,0,N,0,N,0,N,0.9994434,0.9994434,1.8384179e-07,3.43264e-08,0.0005170699,7.8950925e-06,2.6793758e-05,2.848477e-06,1.8911915e-06
5345,201_01002,201,1002,0,N,0,N,0,N,0.99913955,0.99913955,3.2279954e-07,5.0583647e-08,0.0008015325,5.8367696e-06,5.0297174e-05,9.1559224e-07,1.4144799e-06
5346,201_01003,201,1003,0,N,0,N,0,N,0.9963069,0.9963069,8.8915306e-07,2.351518e-07,0.0034268338,3.773319e-05,0.0002179848,1.6306544e-06,7.801944e-06
5347,201_01004,201,1004,0,N,0,N,0,N,0.9955273,0.9955273,2.7680314e-06,4.1872843e-07,0.003905626,9.603401e-05,0.00045414787,3.4598609e-06,1.020847e-05
5348,201_01005,201,1005,0,N,0,N,0,N,0.99459547,0.99459547,2.4747933e-06,1.6749291e-07,0.00521925,3.224996e-05,0.00013850437,2.5337592e-06,9.416321e-06
5349,201_01006,201,1006,0,N,0,N,0,N,0.99728703,0.99728703,5.9718667e-07,1.4108956e-07,0.0025321175,3.1060536e-05,0.0001388796,3.4909692e-06,6.6843695e-06
5350,201_01007,201,1007,0,N,0,N,0,N,0.9961234,0.9961234,1.654475e-06,2.3178775e-07,0.0035200827,3.696572e-05,0.00030800555,3.1530697e-06,6.522505e-06
5351,201_01008,201,1008,0,N,0,N,0,N,0.99846494,0.99846494,1.4951812e-06,1.4657633e-07,0.0012631129,5.5643417e-05,0.00020570884,3.3036922e-06,5.7207426e-06
5352,201_01009,201,1009,0,N,0,N,0,N,0.9989029,0.9989029,5.612161e-07,9.956638e-08,0.00091656786,5.9411723e-05,0.000111868714,4.882847e-06,3.713268e-06
5353,201_01010,201,1010,0,N,0,N,0,N,0.99859536,0.99859536,8.0115655e-07,6.637493e-08,0.0012906058,2.0722327e-05,8.4333005e-05,5.825802e-06,2.3590549e-06
5354,201_01011,201,1011,0,N,0,N,0,N,0.99941105,0.99941105,3.3188866e-07,4.172329e-08,0.00053265074,2.226913e-06,5.039079e-05,9.858147e-07,2.2441266e-06
5355,201_01012,201,1012,0,N,0,N,0,N,0.9994325,0.9994325,2.3256331e-07,7.941106e-08,0.00044896896,2.642309e-05,8.554748e-05,2.4553358e-06,3.7690781e-06
5356,201_01013,201,1013,0,N,0,N,0,N,0.9987461,0.9987461,7.189623e-07,6.763982e-08,0.0011166953,5.051874e-05,7.5559816e-05,7.724688e-06,2.6925102e-06
5357,201_01014,201,1014,0,N,0,N,0,N,0.99912184,0.99912184,5.414535e-07,1.1530947e-07,0.0007154354,1.653103e-05,0.00013159587,9.957805e-06,4.048508e-06
5358,201_01015,201,1015,0,N,0,N,0,N,0.9994808,0.9994808,3.0875688e-07,6.166933e-08,0.00045214608,5.454323e-06,5.4047003e-05,3.2197577e-06,4.019289e-06
5359,201_01016,201,1016,0,N,0,N,0,N,0.9990859,0.9990859,2.2546877e-07,3.645961e-08,0.0008748367,5.442573e-06,2.9582758e-05,9.760555e-07,3.0124322e-06
5360,201_01017,201,1017,0,N,0,N,0,N,0.99886173,0.99886173,5.2480374e-07,8.4482586e-08,0.00096845126,5.2448653e-05,0.000110188426,3.8901753e-06,2.6678076e-06
5361,201_01018,201,1018,0,N,0,N,0,N,0.9986302,0.9986302,1.9209745e-06,6.801839e-08,0.0012252824,3.4224257e-05,0.00010234474,3.1548188e-06,2.817737e-06
5362,201_01019,201,1019,0,N,0,N,0,N,0.9990094,0.9990094,4.6599482e-07,5.5547076e-08,0.00091865694,1.5898995e-05,5.147179e-05,1.6029004e-06,2.4407166e-06
5363,201_01020,201,1020,0,N,0,N,0,N,0.9987995,0.9987995,1.2730313e-06,6.449942e-08,0.0010101461,0.00011333412,6.16719e-05,1.124477e-05,2.7720412e-06
5364,201_01021,201,1021,0,N,0,N,0,N,0.9991117,0.9991117,7.5551293e-07,5.9268405e-08,0.00083075254,8.75815e-06,3.9067643e-05,5.573452e-06,3.2651906e-06
5365,201_01022,201,1022,0,N,0,N,0,N,0.99866045,0.99866045,3.8504498e-07,1.585446e-07,0.0011908192,2.3140376e-05,0.0001046142,1.2091508e-05,8.359471e-06
5366,201_01023,201,1023,0,N,0,N,0,N,0.9987536,0.9987536,9.4214505e-07,1.16878454e-07,0.0011036348,1.6449168e-05,9.811027e-05,1.6300253e-05,1.0924901e-05
5367,201_01024,201,1024,0,N,0,N,0,N,0.99931693,0.99931693,3.9281088e-07,1.0383151e-07,0.0005769524,1.0131596e-05,8.381916e-05,4.0253226e-06,7.6296565e-06
5368,201_01025,201,1025,0,N,0,N,0,N,0.9979539,0.9979539,4.7757476e-07,1.5482567e-07,0.0018784548,3.16608e-05,0.00011964555,7.308043e-06,8.369625e-06
5369,201_01026,201,1026,0,N,0,N,0,N,0.99924654,0.99924654,1.7715976e-06,7.239214e-08,0.00065435225,2.3980017e-05,6.164228e-05,9.170234e-06,2.491655e-06
5370,201_01027,201,1027,0,N,0,N,0,N,0.9995712,0.9995712,2.0287172e-07,3.599566e-08,0.0003964779,2.3588034e-06,2.3918841e-05,2.30325e-06,3.638969e-06
5371,201_01028,201,1028,0,N,0,N,0,N,0.99875015,0.99875015,2.6662036e-07,9.1175025e-08,0.0011494419,7.618336e-06,8.222125e-05,2.7794167e-06,7.427103e-06
5372,201_01029,201,1029,0,N,0,N,0,N,0.99895763,0.99895763,7.3838066e-07,1.0774705e-07,0.0008881007,1.9343563e-05,0.00012905964,1.8987784e-06,3.1767972e-06
5373,201_01030,201,1030,0,N,0,N,0,N,0.99839467,0.99839467,3.3361658e-07,6.412192e-08,0.0015279036,9.584811e-06,6.310508e-05,6.7168276e-07,3.5875714e-06
5374,201_01031,201,1031,0,N,0,N,0,N,0.9988684,0.9988684,1.3315176e-06,7.1768596e-08,0.00075621775,0.00029326807,7.313112e-05,6.3555995e-06,1.1689942e-06
5375,201_01032,201,1032,0,N,0,N,0,N,0.99896777,0.99896777,2.554422e-06,5.8882428e-08,0.0009301285,2.6102984e-05,6.4799075e-05,6.306178e-06,2.3152606e-06
5376,201_01033,201,1033,0,N,0,N,0,N,0.99943215,0.99943215,2.7050172e-07,6.93824e-08,0.0004851599,5.84865e-06,6.901361e-05,3.6839472e-06,3.7598215e-06
5377,201_01034,201,1034,0,N,0,N,0,N,0.9994313,0.9994313,1.6341255e-07,8.397666e-08,0.00046176775,1.0661503e-05,8.7181754e-05,3.82929e-06,5.008296e-06
5378,201_01035,201,1035,0,N,0,N,0,N,0.99914646,0.99914646,4.298041e-07,3.5736537e-08,0.0007918063,1.0454634e-05,4.7523874e-05,1.5148755e-06,1.6737995e-06
5379,201_01036,201,1036,0,N,0,N,0,N,0.9987093,0.9987093,3.052442e-07,9.034593e-08,0.001183442,1.1992736e-05,9.162932e-05,7.1944066e-07,2.5351521e-06
5380,201_01037,201,1037,0,N,0,N,0,N,0.9992886,0.9992886,5.0047856e-07,4.808836e-08,0.0005558392,7.6637545e-05,7.212364e-05,4.967067e-06,1.280651e-06
5381,201_01038,201,1038,0,N,0,N,0,N,0.9990385,0.9990385,9.883979e-07,5.091158e-08,0.0008647817,1.7979699e-05,6.6739136e-05,7.6034107e-06,3.2456971e-06
5382,201_01039,201,1039,0,N,0,N,0,N,0.99908304,0.99908304,2.0824471e-07,7.476369e-08,0.0007929148,3.3416818e-06,0.000114429364,1.0208392e-06,4.860078e-06
5383,201_01040,201,1040,0,N,0,N,0,N,0.9992921,0.9992921,3.0042494e-07,1.1205748e-07,0.0005195811,6.3125975e-05,0.000114446644,6.6300495e-06,3.73305e-06
5384,201_01041,201,1041,0,N,0,N,0,N,0.9995492,0.9995492,3.3857114e-07,1.7637444e-08,0.00042334816,6.1069254e-06,1.8652097e-05,1.6901889e-06,7.2192137e-07
5385,201_01042,201,1042,0,N,0,N,0,N,0.9995946,0.9995946,1.7471092e-07,3.2868968e-08,0.0003578962,3.5441979e-06,4.167717e-05,8.847871e-07,1.1785495e-06
5386,201_01043,201,1043,0,N,0,N,0,N,0.99952185,0.99952185,2.7946075e-07,8.4230194e-08,0.0003098739,4.36767e-05,0.00011251512,8.793137e-06,2.833268e-06
5387,201_01044,201,1044,0,N,0,N,0,N,0.99931943,0.99931943,4.708953e-07,4.381078e-08,0.0006215641,8.753266e-06,4.320853e-05,4.574081e-06,1.9884035e-06
5388,201_01045,201,1045,0,N,0,N,0,N,0.9997211,0.9997211,1.6675925e-07,2.7538285e-08,0.00023083038,9.493749e-06,3.4238874e-05,2.5483112e-06,1.4749914e-06
5389,201_01046,201,1046,0,N,0,N,0,N,0.99933076,0.99933076,2.0452795e-07,5.185628e-08,0.0005913246,6.080755e-06,6.8391084e-05,9.1663856e-07,2.2555191e-06
5390,201_01047,201,1047,0,N,0,N,0,N,0.99927545,0.99927545,3.4300692e-07,1.1018271e-07,0.000505108,6.503717e-05,0.00014772275,4.542559e-06,1.5835874e-06
5391,201_01048,201,1048,5,ABERR,0,N,0,N,0.9977392,0.9977392,8.9531295e-07,1.22626e-07,0.002087959,2.1750258e-05,0.00013671072,7.3476845e-06,5.9784697e-06
5392,201_01049,201,1049,5,ABERR,5,ABERR,0,N,0.99942404,0.99942404,1.2570121e-06,4.1501855e-07,0.00042075515,3.3713146e-05,0.000110968926,6.0617863e-06,2.7274423e-06
5393,201_01050,201,1050,0,N,5,ABERR,0,N,0.9993717,0.9993717,3.0429012e-05,7.5168145e-07,0.00031958913,7.863332e-05,0.00016900565,1.455003e-05,1.5414013e-05
5394,201_01051,201,1051,0,N,0,N,0,N,0.9988942,0.9988942,0.00022218318,2.4274073e-07,0.00042318416,0.00014972156,0.00016062365,3.8026577e-05,0.00011178562
5395,201_01052,201,1052,0,N,0,N,0,N,0.9848279,0.9848279,4.2044226e-06,1.053604e-07,0.014825619,3.994125e-06,8.601223e-05,3.191968e-06,0.0002490449
5396,201_01053,201,1053,0,N,0,N,0,N,0.99896693,0.99896693,3.9943407e-07,1.08410596e-07,0.00086835586,5.3071784e-05,0.00010391357,2.8677175e-06,4.2954725e-06
5397,201_01054,201,1054,0,N,0,N,0,N,0.99901354,0.99901354,8.1091736e-07,3.780253e-08,0.0008745181,6.617436e-05,3.967697e-05,4.064673e-06,1.1199489e-06
5398,201_01055,201,1055,0,N,0,N,0,N,0.9994088,0.9994088,1.0541594e-06,2.9994773e-08,0.00052038865,2.4144094e-05,4.010765e-05,4.2855936e-06,1.1841724e-06
5399,201_01056,201,1056,0,N,0,N,0,N,0.9996481,0.9996481,1.2663921e-07,6.099456e-08,0.0003033162,2.0268883e-06,4.3026033e-05,1.5264296e-06,1.8277299e-06
5400,201_01057,201,1057,0,N,0,N,0,N,0.9994012,0.9994012,6.808379e-07,1.6948662e-06,0.0005003949,9.095377e-06,8.358156e-05,4.974532e-07,2.928718e-06
5401,201_01058,201,1058,3,APC,0,N,0,N,0.9991336,0.9991336,1.4768622e-05,3.8952848e-08,0.0008077417,4.2210077e-06,2.2800845e-05,4.996585e-07,1.646524e-05
5402,201_01059,201,1059,0,N,3,APC,0,N,0.9943193,0.9943193,2.6092175e-06,2.038744e-08,0.0054923464,4.4196745e-06,4.4272536e-05,2.5689344e-06,0.00013435572
5403,201_01060,201,1060,0,N,0,N,0,N,0.9996764,0.9996764,1.744743e-07,1.307141e-07,0.00014282469,5.57019e-05,6.7516325e-05,4.9536295e-05,7.750923e-06
5404,201_01061,201,1061,3,APC,0,N,0,N,0.99686503,0.99686503,4.119836e-07,7.1516126e-08,0.0030235916,1.3436197e-05,7.434938e-05,8.56292e-06,1.4590487e-05
5405,201_01062,201,1062,0,N,3,APC,0,N,0.99924856,0.99924856,1.0726067e-06,7.1643115e-08,0.00060591503,1.7584156e-05,0.000117696014,4.3254504e-06,4.721018e-06
5406,201_01063,201,1063,5,ABERR,0,N,0,N,0.9992394,0.9992394,3.5744329e-06,1.3443483e-07,0.0005394701,8.264076e-05,0.00010080296,1.9194398e-05,1.47835735e-05
5407,201_01064,201,1064,7,NESC,5,ABERR,0,N,0.99855286,0.99855286,5.4091324e-06,2.6838518e-07,0.0012703538,2.872715e-05,8.701504e-05,2.0899628e-05,3.4513832e-05
5408,201_01065,201,1065,0,N,7,NESC,0,N,0.99824417,0.99824417,5.9825597e-05,3.7535244e-07,0.0011811238,0.00011435804,6.3997504e-05,0.00024925574,8.688939e-05
5409,201_01066,201,1066,0,N,0,N,0,N,0.99834776,0.99834776,3.7956022e-06,1.9885523e-07,0.0012862547,4.857785e-06,9.291754e-05,4.5360986e-05,0.00021882205
5410,201_01067,201,1067,0,N,0,N,0,N,0.99762535,0.99762535,1.8076197e-07,1.3111291e-07,0.002298225,2.3475886e-06,4.1990315e-05,6.5005083e-06,2.5183224e-05
5411,201_01068,201,1068,0,N,0,N,0,N,0.9991234,0.9991234,2.4448147e-07,1.1809155e-07,0.0007051075,2.5440264e-05,0.00013486782,5.4252973e-06,5.4410802e-06
5412,201_01069,201,1069,3,APC,0,N,0,N,0.998899,0.998899,5.042942e-07,7.7294885e-08,0.0009779604,1.5721502e-05,9.835325e-05,5.321014e-06,3.0508959e-06
5413,201_01070,201,1070,3,APC,3,APC,0,N,0.9994342,0.9994342,4.1784725e-07,6.090108e-08,0.00052187446,3.4534162e-06,3.4615558e-05,2.9282867e-06,2.4252442e-06
5414,201_01071,201,1071,0,N,3,APC,0,N,0.99973565,0.99973565,7.49149e-08,7.718729e-09,0.00025325883,2.692546e-07,8.242637e-06,7.267517e-07,1.7581464e-06
5415,201_01072,201,1072,0,N,0,N,0,N,0.99975634,0.99975634,1.1561379e-07,2.0429908e-08,0.000203799,1.7417186e-05,1.6095135e-05,4.682803e-06,1.5982093e-06
5416,201_01073,201,1073,0,N,0,N,0,N,0.99930304,0.99930304,6.003567e-07,3.436488e-08,0.0006274012,5.1416237e-06,6.0843602e-05,1.169427e-06,1.765868e-06
5417,201_01074,201,1074,0,N,0,N,0,N,0.9993729,0.9993729,3.2010118e-07,7.823894e-08,0.00044074195,2.5892838e-05,0.00015532562,1.8980866e-06,2.9560185e-06
5418,201_01075,201,1075,0,N,0,N,0,N,0.9996516,0.9996516,2.756555e-07,2.0770406e-08,0.00027658232,1.3250451e-05,5.4908603e-05,1.7106448e-06,1.7502366e-06
5419,201_01076,201,1076,0,N,0,N,0,N,0.9994704,0.9994704,2.3129961e-07,2.1470598e-08,0.0004741694,8.0779755e-06,4.541537e-05,9.562411e-07,7.73572e-07
5420,201_01077,201,1077,0,N,0,N,0,N,0.9996437,0.9996437,2.5280949e-07,2.8299105e-08,0.0002810203,1.2961906e-05,5.9885762e-05,1.1153234e-06,9.1890837e-07
5421,201_01078,201,1078,0,N,0,N,0,N,0.99960285,0.99960285,1.414072e-07,6.2140685e-08,0.00025731348,3.0258841e-05,0.00010098534,6.6611683e-06,1.6949269e-06
5422,201_01079,201,1079,0,N,0,N,0,N,0.999817,0.999817,3.3111942e-07,2.5204185e-08,0.00013740419,8.21942e-06,3.1982625e-05,4.344535e-06,6.9131494e-07
5423,201_01080,201,1080,5,ABERR,0,N,0,N,0.9996222,0.9996222,1.85273e-07,3.906493e-08,0.0003096273,3.224574e-06,6.0657447e-05,8.932177e-07,3.0500319e-06
5424,201_01081,201,1081,7,NESC,5,ABERR,0,N,0.9994533,0.9994533,5.549638e-07,4.759172e-07,0.00043133658,1.3759682e-05,9.783813e-05,6.635145e-07,2.1326182e-06
5425,201_01082,201,1082,3,APC,7,NESC,0,N,0.9993795,0.9993795,3.0111962e-05,4.567167e-08,0.00045393966,4.9788996e-05,4.6599638e-05,3.155234e-05,8.374686e-06
5426,201_01083,201,1083,0,N,3,APC,0,N,0.99789786,0.99789786,6.0765665e-06,1.8481411e-07,0.0015077022,5.8354344e-06,0.00016539897,2.8785042e-05,0.0003881814
5427,201_01084,201,1084,0,N,0,N,0,N,0.9993756,0.9993756,1.9624294e-07,6.603582e-08,0.000584932,2.555765e-06,1.4878252e-05,6.9715206e-06,1.4815131e-05
5428,201_01085,201,1085,0,N,0,N,0,N,0.99761474,0.99761474,8.081703e-07,8.233029e-08,0.002233247,1.0167995e-05,0.00010632727,6.891081e-06,2.7829039e-05
5429,201_01086,201,1086,0,N,0,N,0,N,0.9921349,0.9921349,1.202465e-05,8.5617046e-07,0.005889003,0.00043370805,0.001311546,6.907523e-05,0.00014881768
5430,201_01087,201,1087,0,N,0,N,0,N,0.9980532,0.9980532,4.495265e-06,2.577948e-07,0.0017098646,6.9095445e-06,0.00012864773,2.9899818e-05,6.680079e-05
5431,201_01088,201,1088,0,N,0,N,0,N,0.997524,0.997524,7.13094e-07,7.448631e-08,0.0023669952,1.2428855e-05,2.93429e-05,2.1138343e-05,4.530195e-05
5432,201_01089,201,1089,0,N,0,N,0,N,0.99944437,0.99944437,2.3505649e-07,4.4291756e-08,0.0005021605,5.9092217e-06,4.3675856e-05,1.7539754e-06,1.8417089e-06
5433,201_01090,201,1090,0,N,0,N,0,N,0.9988583,0.9988583,2.01182e-07,4.2896833e-08,0.0010901192,4.7163257e-06,4.4186898e-05,5.097923e-07,1.8607262e-06
5434,201_01091,201,1091,0,N,0,N,0,N,0.9987561,0.9987561,7.392166e-07,1.2149528e-07,0.001004643,6.3321175e-05,0.00016963574,2.7188748e-06,2.7775282e-06
5435,201_01092,201,1092,0,N,0,N,0,N,0.9991166,0.9991166,6.5202755e-07,5.782698e-08,0.0007851944,1.8514591e-05,7.583558e-05,1.5205039e-06,1.6904341e-06
5436,201_01093,201,1093,0,N,0,N,0,N,0.9990318,0.9990318,5.0680484e-07,7.3091584e-08,0.00083534105,3.1472733e-05,9.6434494e-05,1.9097308e-06,2.4859198e-06
5437,201_01094,201,1094,0,N,0,N,0,N,0.9991731,0.9991731,1.0458817e-06,4.008926e-08,0.0007118103,5.3823675e-05,5.627503e-05,2.8036693e-06,1.1183336e-06
5438,201_01095,201,1095,3,APC,0,N,0,N,0.9989661,0.9989661,7.285529e-07,6.831187e-08,0.0009054078,2.1179443e-05,0.00010248271,1.6321246e-06,2.3828986e-06
5439,201_01096,201,1096,3,APC,3,APC,0,N,0.9991631,0.9991631,4.6353057e-07,2.2151463e-08,0.0007894606,1.1065438e-05,3.4236087e-05,4.8467365e-07,1.1823752e-06
5440,201_01097,201,1097,0,N,3,APC,0,N,0.99862,0.99862,8.631675e-07,7.622503e-08,0.0012283516,1.2874652e-05,0.00012320577,4.059922e-06,1.0651925e-05
5441,201_01098,201,1098,0,N,0,N,0,N,0.99969256,0.99969256,3.4939958e-07,1.1672038e-08,0.0002860093,4.129467e-06,9.766245e-06,5.352859e-06,1.7997517e-06
5442,201_01099,201,1099,3,APC,0,N,0,N,0.99956965,0.99956965,1.3380227e-07,1.2388721e-08,0.0004136876,1.0572883e-06,1.0516765e-05,8.9417216e-07,4.1499256e-06
5443,201_01100,201,1100,0,N,3,APC,0,N,0.9993711,0.9993711,5.5552067e-07,8.2158714e-08,0.0004433625,0.00010431512,7.3245705e-05,5.5703717e-06,1.7950717e-06
5444,201_01101,201,1101,0,N,0,N,0,N,0.9991369,0.9991369,1.017114e-06,3.9025263e-08,0.0007982201,1.5588193e-05,4.198954e-05,4.4846624e-06,1.7301674e-06
5445,201_01102,201,1102,0,N,0,N,0,N,0.9978688,0.9978688,4.1756414e-07,1.3051854e-07,0.0019837457,7.68697e-06,0.0001273932,2.1096955e-06,9.684186e-06
5446,201_01103,201,1103,0,N,0,N,0,N,0.9988548,0.9988548,4.9368066e-07,1.701521e-07,0.00081772584,0.000108079745,0.00020528618,7.361128e-06,6.153316e-06
5447,201_01104,201,1104,0,N,0,N,0,N,0.99868053,0.99868053,1.240829e-06,4.0694445e-08,0.001242853,2.4030698e-05,4.3111322e-05,5.9228487e-06,2.2056468e-06
5448,201_01105,201,1105,3,APC,0,N,0,N,0.9991142,0.9991142,4.9845653e-07,4.785901e-08,0.0008072317,5.652685e-06,6.848819e-05,9.994237e-07,2.9419161e-06
5449,201_01106,201,1106,3,APC,3,APC,0,N,0.99888176,0.99888176,5.7564307e-07,1.5357004e-07,0.00086770486,8.492174e-05,0.00014850867,9.406655e-06,7.0442456e-06
5450,201_01107,201,1107,0,N,3,APC,0,N,0.99921453,0.99921453,7.5345423e-07,2.5705752e-08,0.00075065973,3.3952508e-06,2.283294e-05,4.9887494e-06,2.724695e-06
5451,201_01108,201,1108,0,N,0,N,0,N,0.9993992,0.9993992,1.8178777e-07,1.5046888e-08,0.00058213907,1.0855701e-06,1.1544726e-05,1.3797903e-06,4.5328434e-06
5452,201_01109,201,1109,0,N,0,N,0,N,0.99948126,0.99948126,2.3794858e-07,6.185502e-08,0.00042531433,3.67979e-05,4.7853388e-05,5.313849e-06,3.1186862e-06
5453,201_01110,201,1110,5,ABERR,0,N,0,N,0.99796045,0.99796045,1.0004303e-06,5.579206e-08,0.0019621605,1.2470478e-05,5.804952e-05,2.7098026e-06,3.124814e-06
5454,201_01111,201,1111,0,N,5,ABERR,0,N,0.9990515,0.9990515,2.1313563e-06,4.2315486e-07,0.0007168712,5.7184865e-05,0.00016771491,1.9346699e-06,2.2042198e-06
5455,201_01112,201,1112,0,N,0,N,0,N,0.99991447,0.99991447,2.2522074e-06,7.768144e-09,6.199805e-05,8.797103e-06,9.26123e-06,2.3123594e-06,9.216932e-07
5456,201_01113,201,1113,0,N,0,N,0,N,0.9993122,0.9993122,6.027511e-07,2.043825e-08,0.0006283231,2.9455568e-06,4.7516714e-05,5.0487876e-07,7.722221e-06
5457,201_01114,201,1114,0,N,0,N,0,N,0.9991134,0.9991134,2.597977e-07,9.392967e-08,0.0007158771,3.266353e-05,0.00013488614,8.691347e-07,1.97627e-06
5458,201_01115,201,1115,0,N,0,N,0,N,0.9980416,0.9980416,1.0750334e-06,1.1331579e-07,0.0016661667,0.00011105569,0.00017237394,5.0799995e-06,2.4816472e-06
5459,201_01116,201,1116,0,N,0,N,0,N,0.999318,0.999318,2.0517289e-06,4.534433e-08,0.00056702265,4.901122e-05,5.3232747e-05,9.233964e-06,1.4455374e-06
5460,201_01117,201,1117,0,N,0,N,0,N,0.9995172,0.9995172,2.3492258e-07,2.9333986e-08,0.00045196037,1.4204526e-06,2.6333604e-05,5.626832e-07,2.2178006e-06
5461,201_01118,201,1118,0,N,0,N,0,N,0.99797904,0.99797904,3.877029e-07,2.471851e-07,0.0016045185,7.8033874e-05,0.00032423573,3.4986126e-06,9.95903e-06
5462,201_01119,201,1119,3,APC,0,N,0,N,0.9981712,0.9981712,3.2214289e-06,9.7054745e-08,0.00154582,0.00011592136,0.00015518916,6.2387835e-06,2.286842e-06
5463,201_01120,201,1120,3,APC,3,APC,0,N,0.9983104,0.9983104,9.814144e-06,1.9158307e-07,0.0014075357,0.00011436268,0.0001104165,2.8099672e-05,1.9192872e-05
5464,201_01121,201,1121,0,N,3,APC,0,N,0.9996345,0.9996345,7.135846e-07,8.0136374e-08,0.00030733758,3.215168e-06,3.2084827e-05,1.429448e-05,7.830504e-06
5465,201_01122,201,1122,0,N,0,N,0,N,0.9986865,0.9986865,4.1598577e-07,7.438276e-08,0.001281571,9.65526e-07,2.1716889e-05,2.4857977e-06,6.283927e-06
5466,201_01123,201,1123,0,N,0,N,0,N,0.99929386,0.99929386,2.4454977e-07,6.687888e-08,0.00060766935,1.7915667e-05,6.790575e-05,4.379053e-06,8.068064e-06
5467,201_01124,201,1124,0,N,0,N,0,N,0.99751824,0.99751824,1.607051e-06,1.5536853e-07,0.0022768716,1.6416418e-05,0.00018127209,1.8873595e-06,3.483882e-06
5468,201_01125,201,1125,0,N,0,N,0,N,0.9992031,0.9992031,5.7601005e-07,1.3780159e-07,0.0005577025,7.935147e-05,0.00014202973,1.1626312e-05,5.4816196e-06
5469,201_01126,201,1126,5,ABERR,0,N,0,N,0.99835956,0.99835956,7.3653314e-07,6.064536e-08,0.0015354491,1.1267753e-05,8.513636e-05,3.6210822e-06,4.164471e-06
5470,201_01127,201,1127,5,ABERR,5,ABERR,0,N,0.99921167,0.99921167,1.5445393e-06,3.1789008e-07,0.0004940323,5.093423e-05,0.00023702989,2.5500922e-06,1.8728588e-06
5471,201_01128,201,1128,0,N,5,ABERR,0,N,0.9995862,0.9995862,1.9510055e-05,8.2392074e-07,0.00013980243,3.3973836e-05,0.00021372245,3.1392944e-06,2.7687033e-06
5472,201_01129,201,1129,0,N,0,N,0,N,0.99958855,0.99958855,1.8920013e-05,4.818691e-08,0.00027749428,8.329049e-06,7.063917e-05,6.3851417e-06,2.9535326e-05
5473,201_01130,201,1130,0,N,0,N,0,N,0.99343145,0.99343145,1.7201742e-06,2.4558332e-07,0.0062550693,1.4011532e-05,0.00017844474,2.9812904e-06,0.0001160852
5474,201_01131,201,1131,0,N,0,N,0,N,0.99894494,0.99894494,9.531007e-07,5.3986167e-08,0.0008746169,8.690835e-05,8.642262e-05,3.51417e-06,2.5450533e-06
5475,201_01132,201,1132,5,ABERR,0,N,0,N,0.9977994,0.9977994,3.5983996e-07,4.3006764e-08,0.0021159218,1.0129804e-05,7.017597e-05,1.4289775e-06,2.6121045e-06
5476,201_01133,201,1133,0,N,5,ABERR,0,N,0.9991835,0.9991835,3.011514e-06,4.4647604e-07,0.00054938847,9.424716e-05,0.00016715628,1.2336797e-06,9.721467e-07
5477,201_01134,201,1134,0,N,0,N,0,N,0.9998421,0.9998421,1.924755e-06,8.529311e-09,0.00014045088,1.8245926e-06,1.1590712e-05,8.3112155e-07,1.3923221e-06
5478,201_01135,201,1135,0,N,0,N,0,N,0.9993148,0.9993148,6.683103e-07,9.0059594e-08,0.0004790772,6.4903485e-05,0.0001251429,4.493476e-06,1.0875763e-05
5479,201_01136,201,1136,0,N,0,N,0,N,0.9990368,0.9990368,1.0614333e-06,3.5678745e-08,0.0008924308,1.9673493e-05,4.413709e-05,4.039791e-06,1.8295743e-06
5480,201_01137,201,1137,0,N,0,N,0,N,0.99934417,0.99934417,2.57804e-07,5.311225e-08,0.0005827733,2.9617972e-06,6.553908e-05,1.1156635e-06,3.0778235e-06
5481,201_01138,201,1138,0,N,0,N,0,N,0.9990907,0.9990907,2.955385e-07,1.1835398e-07,0.0007263033,2.3866613e-05,0.00015234022,1.5251334e-06,4.9106193e-06
5482,201_01139,201,1139,0,N,0,N,0,N,0.9987373,0.9987373,1.4861482e-06,9.724658e-08,0.0009746962,0.00018401149,9.35202e-05,7.180778e-06,1.7172263e-06
5483,201_01140,201,1140,5,ABERR,0,N,0,N,0.9986447,0.9986447,9.550321e-07,2.3097577e-08,0.0013108341,3.4482966e-06,3.815528e-05,4.5552278e-07,1.3022756e-06
5484,201_01141,201,1141,0,N,5,ABERR,0,N,0.99887186,0.99887186,1.5118054e-06,1.4130643e-06,0.0006141866,0.00015878738,0.0003476072,1.5774518e-06,2.9364774e-06
5485,201_01142,201,1142,0,N,0,N,0,N,0.99962807,0.99962807,4.318444e-06,1.1376634e-08,0.00033797568,6.942003e-06,1.960024e-05,1.8547712e-06,1.2674063e-06
5486,201_01143,201,1143,0,N,0,N,0,N,0.9991247,0.9991247,6.757089e-07,6.1424245e-08,0.00068261527,1.7448963e-05,0.00014384513,5.8052015e-06,2.4855217e-05
5487,201_01144,201,1144,0,N,0,N,0,N,0.9994331,0.9994331,2.8126283e-07,6.286226e-08,0.0004718984,1.2815234e-05,7.453899e-05,4.4894114e-06,2.7015178e-06
5488,201_01145,201,1145,0,N,0,N,0,N,0.99939,0.99939,3.1570067e-07,5.0605014e-08,0.0005267357,7.464657e-06,7.071842e-05,1.9840413e-06,2.6792875e-06
5489,201_01146,201,1146,0,N,0,N,0,N,0.99860656,0.99860656,2.7290568e-07,9.885251e-08,0.001252013,1.6975231e-05,0.00011644491,2.6617063e-06,4.9701666e-06
5490,201_01147,201,1147,5,ABERR,0,N,0,N,0.9985705,0.9985705,7.4990936e-07,1.5023296e-07,0.0011371442,5.0175084e-05,0.0002299413,7.027653e-06,4.286391e-06
5491,201_01148,201,1148,5,ABERR,5,ABERR,0,N,0.99919415,0.99919415,2.374402e-06,4.3711162e-07,0.00033035208,0.00023188638,0.00022862686,1.04866085e-05,1.6408759e-06
5492,201_01149,201,1149,0,N,5,ABERR,0,N,0.9992186,0.9992186,4.618403e-05,2.2711902e-06,0.0001965336,9.4105235e-05,0.00043415083,4.182716e-06,4.000386e-06
5493,201_01150,201,1150,0,N,0,N,0,N,0.9985384,0.9985384,6.005522e-05,1.2710653e-07,0.0010349652,2.1459306e-05,0.00020323899,3.2737562e-06,0.00013854897
5494,201_01151,201,1151,0,N,0,N,0,N,0.99015117,0.99015117,1.1079292e-06,3.7214787e-07,0.00931991,7.16124e-05,0.00027133955,1.307389e-05,0.00017141397
5495,201_01152,201,1152,3,APC,0,N,0,N,0.99848235,0.99848235,1.1624148e-06,6.282175e-08,0.0013951034,1.6231908e-05,0.000102152226,1.1448669e-06,1.7538804e-06
5496,201_01153,201,1153,3,APC,3,APC,0,N,0.9974344,0.9974344,2.2881522e-06,3.616942e-07,0.002220854,0.00013596773,0.00017671777,1.3162649e-05,1.622567e-05
5497,201_01154,201,1154,0,N,3,APC,0,N,0.99924976,0.99924976,3.6427075e-06,1.9659528e-07,0.0006430995,4.2599248e-05,2.5073636e-05,3.274419e-05,2.8145498e-06
5498,201_01155,201,1155,0,N,0,N,0,N,0.99867433,0.99867433,9.821556e-07,8.996292e-08,0.0012375579,2.7598799e-06,4.29169e-05,2.0440162e-05,2.0878202e-05
5499,201_01156,201,1156,0,N,0,N,0,N,0.9989167,0.9989167,3.617453e-07,3.6313966e-07,0.0007249238,3.2159875e-05,0.00029229323,1.0801466e-05,2.2290713e-05
5500,201_01157,201,1157,0,N,0,N,0,N,0.99706864,0.99706864,1.0029479e-06,1.3067583e-07,0.002807986,1.02994745e-05,0.00010284531,1.7077631e-06,7.2847843e-06
5501,201_01158,201,1158,5,ABERR,0,N,0,N,0.9953147,0.9953147,7.573737e-07,2.9179623e-07,0.004368016,5.7456255e-05,0.00024531214,1.7540061e-06,1.165496e-05
5502,201_01159,201,1159,0,N,5,ABERR,0,N,0.99810517,0.99810517,1.0159837e-05,4.634803e-07,0.0014728293,0.00019765648,0.00020693825,3.536889e-06,3.1956026e-06
5503,201_01160,201,1160,0,N,0,N,0,N,0.99959093,0.99959093,2.4781882e-06,1.0341774e-08,0.00037885178,2.3335529e-06,1.882779e-05,3.1705097e-06,3.374037e-06
5504,201_01161,201,1161,0,N,0,N,0,N,0.9991798,0.9991798,3.2198054e-07,4.5887713e-08,0.0007073255,6.1100095e-06,7.677726e-05,3.7791986e-06,2.5890971e-05
5505,201_01162,201,1162,0,N,0,N,0,N,0.99954575,0.99954575,1.8223434e-07,3.162777e-08,0.00040216686,8.820711e-06,3.9723174e-05,1.485143e-06,1.7606595e-06
5506,201_01163,201,1163,3,APC,0,N,0,N,0.9986239,0.9986239,5.546778e-07,8.607431e-08,0.0012401979,3.0147618e-05,0.00010121602,1.6563047e-06,2.1613164e-06
5507,201_01164,201,1164,0,N,3,APC,0,N,0.99885345,0.99885345,1.0809721e-06,1.553107e-07,0.0010151947,2.157522e-05,9.997988e-05,5.1311317e-06,3.4463444e-06
5508,201_01165,201,1165,0,N,0,N,0,N,0.9996846,0.9996846,4.3773383e-07,2.2157696e-08,0.000286192,8.1640036e-07,2.4768362e-05,9.758945e-07,2.1238898e-06
5509,201_01166,201,1166,0,N,0,N,0,N,0.99928045,0.99928045,3.3691296e-07,3.821124e-08,0.00063971046,3.4139033e-05,3.660841e-05,3.216338e-06,5.470857e-06
5510,201_01167,201,1167,3,APC,0,N,0,N,0.99899215,0.99899215,1.260719e-06,2.8093458e-08,0.0009362818,1.3752165e-05,5.531942e-05,4.5510973e-07,8.770596e-07
5511,201_01168,201,1168,0,N,3,APC,0,N,0.99803734,0.99803734,3.3272665e-06,3.0421523e-07,0.000876277,0.00080683205,0.00025037208,1.8396277e-05,7.0469546e-06
5512,201_01169,201,1169,0,N,0,N,0,N,0.9986025,0.9986025,1.6682632e-06,6.1881785e-08,0.0013149924,1.21454705e-05,5.968617e-05,5.4379375e-06,3.5396333e-06
5513,201_01170,201,1170,0,N,0,N,0,N,0.99880725,0.99880725,2.9442913e-07,1.08717714e-07,0.0011027899,1.2948936e-05,5.9202543e-05,9.553885e-06,7.7785435e-06
5514,201_01171,201,1171,0,N,0,N,0,N,0.99942046,0.99942046,4.9374165e-07,7.229972e-08,0.0004944108,1.1400613e-05,6.776555e-05,2.6050272e-06,2.6882788e-06
5515,201_01172,201,1172,0,N,0,N,0,N,0.9977739,0.9977739,4.7568193e-07,1.4147028e-07,0.0019950662,1.9514933e-05,0.00019343142,4.1826315e-06,1.3352281e-05
5516,201_01173,201,1173,0,N,0,N,0,N,0.9985079,0.9985079,1.761146e-06,1.4800474e-07,0.0012386568,5.1066145e-05,0.00019157614,4.890612e-06,4.0237446e-06
5517,201_01174,201,1174,0,N,0,N,0,N,0.9989845,0.9989845,5.9523484e-07,6.2675575e-08,0.0009309401,1.5315554e-05,5.773898e-05,5.370541e-06,5.34324e-06
5518,201_01175,201,1175,5,ABERR,0,N,0,N,0.9987323,0.9987323,4.0849665e-07,5.541042e-08,0.0011593322,5.4457287e-06,9.607096e-05,1.652773e-06,4.783967e-06
5519,201_01176,201,1176,5,ABERR,5,ABERR,0,N,0.99922353,0.99922353,1.290146e-06,3.5546614e-07,0.0003874641,0.00014766608,0.00023327552,4.556389e-06,1.8943473e-06
5520,201_01177,201,1177,0,N,5,ABERR,0,N,0.9995983,0.9995983,3.1334355e-05,9.258703e-07,0.00013749616,5.893632e-05,0.00016808555,3.1983511e-06,1.6578765e-06
5521,201_01178,201,1178,0,N,0,N,0,N,0.99914515,0.99914515,2.2501816e-05,3.450196e-08,0.0006711388,5.053437e-06,8.089209e-05,2.4195192e-06,7.286897e-05
5522,201_01179,201,1179,5,ABERR,0,N,0,N,0.99383813,0.99383813,9.122231e-07,5.643687e-07,0.005279712,0.00010811111,0.00060873607,1.16773135e-05,0.00015205539
5523,201_01180,201,1180,0,N,5,ABERR,0,N,0.9985229,0.9985229,9.953193e-06,5.1806137e-07,0.0011216725,0.00012702162,0.00021399044,2.4968058e-06,1.46728e-06
5524,201_01181,201,1181,0,N,0,N,0,N,0.99986625,0.99986625,1.817764e-06,1.5751448e-08,0.00011335988,5.0611998e-06,8.190762e-06,3.4943646e-06,1.8706555e-06
5525,201_01182,201,1182,0,N,0,N,0,N,0.99886173,0.99886173,6.374146e-07,4.5298215e-08,0.0010491982,3.8378203e-06,6.493676e-05,1.7069636e-06,1.7821745e-05
5526,201_01183,201,1183,0,N,0,N,0,N,0.9986113,0.9986113,2.8348944e-07,9.355606e-08,0.0012860453,1.8880452e-05,7.6019394e-05,3.6282631e-06,3.7811317e-06
5527,201_01184,201,1184,0,N,0,N,0,N,0.9986877,0.9986877,9.4565104e-07,7.632084e-08,0.0012208818,1.121802e-05,7.377209e-05,2.3469463e-06,3.0481801e-06
5528,201_01185,201,1185,5,ABERR,0,N,0,N,0.9988715,0.9988715,5.175068e-07,1.097854e-07,0.0009700557,2.8337383e-05,0.00011882453,4.1242306e-06,6.497453e-06
5529,201_01186,201,1186,0,N,5,ABERR,0,N,0.99884045,0.99884045,5.713885e-06,3.6373024e-07,0.00073847896,0.00024549794,0.00016437638,3.6543688e-06,1.48433e-06
5530,201_01187,201,1187,0,N,0,N,0,N,0.99969447,0.99969447,2.7781127e-06,2.162144e-08,0.00027203342,1.0203866e-05,1.5878657e-05,2.673548e-06,1.906443e-06
5531,201_01188,201,1188,0,N,0,N,0,N,0.99790025,0.99790025,6.146512e-07,1.03617886e-07,0.0018817425,9.656196e-06,0.0001840555,1.36409e-06,2.2281329e-05
5532,201_01189,201,1189,0,N,0,N,0,N,0.9987337,0.9987337,7.5469285e-07,1.3403442e-07,0.001045075,6.775529e-05,0.00014693222,2.4395426e-06,3.3385738e-06
5533,201_01190,201,1190,0,N,0,N,0,N,0.9986521,0.9986521,8.1754064e-07,4.4510866e-08,0.0012567848,3.4157867e-05,4.9841514e-05,4.040889e-06,2.0998093e-06
5534,201_01191,201,1191,0,N,0,N,0,N,0.99866354,0.99866354,8.873575e-07,5.578049e-08,0.0012557042,7.3163724e-06,7.008064e-05,7.3478844e-07,1.7509963e-06
5535,201_01192,201,1192,5,ABERR,0,N,0,N,0.9981423,0.9981423,4.112474e-07,1.4950452e-07,0.0015455468,4.6196626e-05,0.00025904705,8.6371284e-07,5.502608e-06
5536,201_01193,201,1193,0,N,5,ABERR,0,N,0.99510294,0.99510294,1.0856697e-05,6.7665337e-07,0.0021642228,0.0020777597,0.00063835044,3.4996262e-06,1.7611867e-06
5537,201_01194,201,1194,0,N,0,N,0,N,0.99970615,0.99970615,5.308738e-06,1.518276e-08,0.0002566455,1.2539631e-05,1.7312315e-05,1.298186e-06,7.9656087e-07
5538,201_01195,201,1195,0,N,0,N,0,N,0.999444,0.999444,2.712872e-07,3.5807847e-08,0.00049297983,7.9556e-06,4.816509e-05,1.5589691e-06,4.958156e-06
5539,201_01196,201,1196,0,N,0,N,0,N,0.99877596,0.99877596,5.1483227e-07,7.111691e-08,0.0011140184,1.2279044e-05,9.334382e-05,1.043437e-06,2.8234824e-06
5540,201_01197,201,1197,0,N,0,N,0,N,0.9980915,0.9980915,1.1276738e-06,1.583887e-07,0.0016652191,6.231141e-05,0.00017274443,3.1549337e-06,3.751056e-06
5541,201_01198,201,1198,0,N,0,N,0,N,0.99915195,0.99915195,5.735802e-07,4.5708674e-08,0.0007776362,1.2196563e-05,4.9648985e-05,4.4288854e-06,3.5686908e-06
5542,201_01199,201,1199,0,N,0,N,0,N,0.998143,0.998143,5.242441e-07,1.5837331e-07,0.0016215758,1.7098553e-05,0.00020733249,2.6679738e-06,7.4826735e-06
5543,201_01200,201,1200,0,N,0,N,0,N,0.99789727,0.99789727,1.2570719e-06,6.7657005e-08,0.0019423326,1.5877133e-05,0.00013882706,7.7710666e-07,3.5980645e-06
5544,201_01201,201,1201,0,N,0,N,0,N,0.99919367,0.99919367,4.5323708e-07,9.994455e-08,0.0006475475,4.9853566e-05,9.8968245e-05,5.809158e-06,3.43084e-06
5545,201_01202,201,1202,0,N,0,N,0,N,0.99930495,0.99930495,8.1898133e-07,3.9725514e-08,0.00064411026,5.933072e-06,4.1097526e-05,1.5468004e-06,1.4807438e-06
5546,201_01203,201,1203,5,ABERR,0,N,0,N,0.99844104,0.99844104,1.878953e-07,1.3090188e-07,0.0013222256,2.6202246e-05,0.00020133528,2.1172623e-06,6.8393792e-06
5547,201_01204,201,1204,0,N,5,ABERR,0,N,0.9980038,0.9980038,6.6377575e-06,6.9331395e-07,0.001664828,7.137207e-05,0.0002473062,2.258788e-06,3.1130517e-06
5548,201_01205,201,1205,0,N,0,N,0,N,0.9998327,0.9998327,2.1034107e-06,1.4003546e-08,0.00013705953,3.4376767e-06,1.714209e-05,5.1343995e-06,2.4333553e-06
5549,201_01206,201,1206,0,N,0,N,0,N,0.99892384,0.99892384,6.2354394e-07,2.8852154e-08,0.0009959696,2.943261e-06,4.4526187e-05,1.5385381e-06,3.0502286e-05
5550,201_01207,201,1207,0,N,0,N,0,N,0.9993199,0.9993199,3.150187e-07,7.322808e-08,0.0005432775,6.5135224e-05,6.142725e-05,6.8717263e-06,2.9917571e-06
5551,201_01208,201,1208,0,N,0,N,0,N,0.99823904,0.99823904,1.1341125e-06,9.002049e-08,0.0016726081,9.38661e-06,7.301406e-05,2.3414595e-06,2.4196083e-06
5552,201_01209,201,1209,0,N,0,N,0,N,0.9986815,0.9986815,8.0135936e-07,9.374288e-08,0.0011868019,8.567788e-06,0.00011028776,3.0665244e-06,8.880325e-06
5553,201_01210,201,1210,0,N,0,N,0,N,0.99903584,0.99903584,6.0101183e-07,1.3977989e-07,0.0007992614,3.209633e-05,0.00012147618,3.350577e-06,7.196899e-06
5554,201_01211,201,1211,0,N,0,N,0,N,0.9975976,0.9975976,7.7148513e-07,5.009544e-08,0.0023170605,2.2450771e-05,5.567063e-05,2.7376263e-06,3.6578049e-06
5555,201_01212,201,1212,0,N,0,N,0,N,0.9981263,0.9981263,7.178429e-07,1.6030641e-07,0.0016265482,1.8585039e-05,0.00022200412,1.8197946e-06,3.864988e-06
5556,201_01213,201,1213,0,N,0,N,0,N,0.9981617,0.9981617,6.4525176e-07,1.7397599e-07,0.0015958193,3.6062316e-05,0.00019749864,2.1596302e-06,6.001359e-06
5557,201_01214,201,1214,0,N,0,N,0,N,0.9975128,0.9975128,9.888074e-07,9.240898e-08,0.0023731142,3.2321892e-05,7.3866475e-05,3.1217746e-06,3.6948381e-06
5558,201_01215,201,1215,0,N,0,N,0,N,0.997999,0.997999,1.0569779e-06,9.00708e-08,0.0018801241,9.915766e-06,0.00010336635,1.9719828e-06,4.4088442e-06
5559,201_01216,201,1216,0,N,0,N,0,N,0.99883664,0.99883664,8.758441e-07,9.375815e-08,0.0010075056,2.3434814e-05,0.00012251102,2.6256273e-06,6.296697e-06
5560,201_01217,201,1217,0,N,0,N,0,N,0.9989089,0.9989089,9.835234e-07,1.1737654e-07,0.0008803393,7.933257e-05,0.00012338607,3.870361e-06,3.1631957e-06
5561,201_01218,201,1218,0,N,0,N,0,N,0.99845,0.99845,1.2053899e-06,4.2963126e-08,0.0014720545,1.7643126e-05,5.4133357e-05,2.9618802e-06,2.0909365e-06
5562,201_01219,201,1219,0,N,0,N,0,N,0.9990773,0.9990773,3.5387762e-07,5.7143293e-08,0.0008463414,3.8541357e-06,6.779127e-05,1.0263565e-06,3.3282918e-06
5563,201_01220,201,1220,0,N,0,N,0,N,0.9993421,0.9993421,3.525786e-07,1.0617389e-07,0.00048584654,5.7948615e-05,0.00010845438,2.7481342e-06,2.5630552e-06
5564,201_01221,201,1221,0,N,0,N,0,N,0.9990206,0.9990206,1.3540368e-06,4.42799e-08,0.00082326576,9.674466e-05,5.3344847e-05,3.7704722e-06,9.867808e-07
5565,201_01222,201,1222,0,N,0,N,0,N,0.9992891,0.9992891,6.585927e-07,4.9139178e-08,0.0006251161,1.9666062e-05,5.952659e-05,4.440354e-06,1.5093505e-06
5566,201_01223,201,1223,0,N,0,N,0,N,0.99963677,0.99963677,2.2506724e-07,4.565564e-08,0.00030314154,3.6626925e-06,5.3223936e-05,1.2539244e-06,1.5737534e-06
5567,201_01224,201,1224,0,N,0,N,0,N,0.9994421,0.9994421,1.3246675e-07,5.3672288e-08,0.0004888342,1.0822948e-05,5.4306598e-05,1.2336225e-06,2.4924327e-06
5568,201_01225,201,1225,0,N,0,N,0,N,0.99852693,0.99852693,5.5477096e-07,7.6060935e-08,0.0013305243,3.886286e-05,9.829945e-05,2.9200285e-06,1.9332003e-06
5569,201_01226,201,1226,0,N,0,N,0,N,0.9989718,0.9989718,1.0258098e-06,9.6490005e-08,0.0008639804,4.2185962e-05,0.0001141619,4.9604187e-06,1.8413491e-06
5570,201_01227,201,1227,0,N,0,N,0,N,0.99906296,0.99906296,5.012496e-07,5.287678e-08,0.00086972606,8.664728e-06,5.3678625e-05,1.2980375e-06,3.1401596e-06
5571,201_01228,201,1228,0,N,0,N,0,N,0.99844855,0.99844855,6.568311e-07,9.14641e-08,0.0014119927,3.3274617e-05,9.7936645e-05,2.842506e-06,4.626974e-06
5572,201_01229,201,1229,0,N,0,N,0,N,0.9992319,0.9992319,7.065789e-07,5.1688815e-08,0.0006636261,2.3501663e-05,7.5793134e-05,2.7405506e-06,1.7375829e-06
5573,201_01230,201,1230,0,N,0,N,0,N,0.99903107,0.99903107,3.4747063e-07,4.585359e-08,0.0008975434,7.567892e-06,5.9492322e-05,1.0051932e-06,2.888758e-06
5574,201_01231,201,1231,0,N,0,N,0,N,0.99901056,0.99901056,5.2110624e-07,5.9291576e-08,0.0008714223,3.1381314e-05,8.214016e-05,1.945954e-06,1.8885273e-06
5575,201_01232,201,1232,0,N,0,N,0,N,0.9985347,0.9985347,5.424989e-07,1.1571206e-07,0.0013476624,1.4633544e-05,9.7120246e-05,2.8120207e-06,2.5182114e-06
5576,201_01233,201,1233,0,N,0,N,0,N,0.99942654,0.99942654,6.048084e-07,4.6318544e-08,0.0004885479,8.493002e-06,7.041399e-05,2.5000998e-06,2.8575164e-06
5577,201_01234,201,1234,0,N,0,N,0,N,0.99917215,0.99917215,2.3813283e-07,8.403579e-08,0.00071988977,1.26214645e-05,8.714917e-05,2.3555356e-06,5.4342927e-06
5578,201_01235,201,1235,0,N,0,N,0,N,0.9989889,0.9989889,4.953514e-07,7.668331e-08,0.0008737501,4.1620904e-05,9.147822e-05,2.4422986e-06,1.2782258e-06
5579,201_01236,201,1236,0,N,0,N,0,N,0.9986024,0.9986024,1.1968219e-06,5.085161e-08,0.0012865546,2.0350777e-05,8.415171e-05,2.6154485e-06,2.6547516e-06
5580,201_01237,201,1237,0,N,0,N,0,N,0.99908054,0.99908054,3.077236e-07,6.1586576e-08,0.0008304494,5.699528e-06,7.84265e-05,1.0239235e-06,3.4917953e-06
5581,201_01238,201,1238,0,N,0,N,0,N,0.9992088,0.9992088,3.0132094e-07,6.909224e-08,0.0006913038,1.6832279e-05,7.935783e-05,8.980857e-07,2.4064204e-06
5582,201_01239,201,1239,0,N,0,N,0,N,0.9970771,0.9970771,1.4040845e-06,1.6981801e-07,0.0025985392,6.9793976e-05,0.00024334394,4.439399e-06,5.247083e-06
5583,201_01240,201,1240,0,N,0,N,0,N,0.9990414,0.9990414,1.6417144e-06,8.618868e-08,0.00078095746,5.868201e-05,0.00010248515,1.2431936e-05,2.3641746e-06
5584,201_01241,201,1241,0,N,0,N,0,N,0.99961,0.99961,2.929169e-07,2.5255648e-08,0.00035890163,2.5770457e-06,2.4657093e-05,1.250361e-06,2.3318464e-06
5585,201_01242,201,1242,0,N,0,N,0,N,0.9991239,0.9991239,2.0904238e-07,8.656518e-08,0.0007277547,1.3093084e-05,0.00013013594,1.0376558e-06,3.866442e-06
5586,201_01243,201,1243,0,N,0,N,0,N,0.9983292,0.9983292,9.740819e-07,2.9211336e-07,0.0012018565,7.9135374e-05,0.00037869127,5.6505824e-06,4.249485e-06
5587,201_01244,201,1244,0,N,0,N,0,N,0.9991701,0.9991701,2.74128e-06,7.294863e-08,0.0007014018,4.171815e-05,7.166978e-05,9.6418735e-06,2.5781997e-06
5588,201_01245,201,1245,0,N,0,N,0,N,0.999151,0.999151,4.9326826e-07,5.7938824e-08,0.0007836063,2.2125776e-06,5.4761065e-05,6.548543e-07,7.12808e-06
5589,201_01246,201,1246,0,N,0,N,0,N,0.99800575,0.99800575,7.715351e-07,1.1214678e-07,0.0018102061,5.0488467e-05,0.0001267896,1.1729061e-06,4.7531794e-06
5590,201_01247,201,1247,0,N,0,N,0,N,0.99770796,0.99770796,1.5820867e-06,7.429471e-08,0.0020650357,0.00011484774,0.00010345986,4.2630477e-06,2.6951448e-06
5591,201_01248,201,1248,0,N,0,N,0,N,0.9986514,0.9986514,7.8212463e-07,7.0942626e-08,0.0012494224,1.4735657e-05,7.70522e-05,3.975637e-06,2.4338553e-06
5592,201_01249,201,1249,0,N,0,N,0,N,0.9993354,0.9993354,4.7301464e-07,6.7540846e-08,0.0005695833,1.311114e-05,7.6653785e-05,2.2425595e-06,2.5664867e-06
5593,201_01250,201,1250,0,N,0,N,0,N,0.9983842,0.9983842,4.070125e-07,7.959041e-08,0.0014971535,2.3949246e-05,8.5835345e-05,2.9346602e-06,5.4318252e-06
5594,201_01251,201,1251,0,N,0,N,0,N,0.9991881,0.9991881,1.1754407e-06,4.6913623e-08,0.0006793331,5.2431726e-05,7.363561e-05,3.5756811e-06,1.7242107e-06
5595,201_01252,201,1252,0,N,0,N,0,N,0.99943036,0.99943036,6.6416845e-07,3.434914e-08,0.00047845405,3.323892e-05,4.9925617e-05,5.02576e-06,2.1811477e-06
5596,201_01253,201,1253,0,N,0,N,0,N,0.99936765,0.99936765,4.796856e-07,5.122715e-08,0.000553759,6.4608407e-06,6.8771056e-05,1.2807571e-06,1.6260258e-06
5597,201_01254,201,1254,0,N,0,N,0,N,0.9989625,0.9989625,2.1789097e-07,1.0640233e-07,0.00090473995,1.8448538e-05,0.00010584808,3.822999e-06,4.2373686e-06
5598,201_01255,201,1255,0,N,0,N,0,N,0.9978565,0.9978565,1.3794023e-06,1.8739208e-07,0.0018577544,1.7151942e-05,0.0002554327,3.4990273e-06,8.147245e-06
5599,201_01256,201,1256,0,N,0,N,0,N,0.9993224,0.9993224,3.1771495e-07,9.3108035e-08,0.000535855,2.3372786e-05,0.000105687664,6.3593798e-06,5.9465165e-06
5600,201_01257,201,1257,0,N,0,N,0,N,0.9990865,0.9990865,8.995718e-07,3.713557e-08,0.00085401395,1.5379781e-05,4.010187e-05,1.4914465e-06,1.6601199e-06
5601,201_01258,201,1258,0,N,0,N,0,N,0.9991606,0.9991606,5.8552934e-07,7.242472e-08,0.0006844139,3.879425e-05,0.000110840156,2.1393582e-06,2.5240543e-06
5602,201_01259,201,1259,0,N,0,N,0,N,0.9973434,0.9973434,1.1444797e-06,1.2674599e-07,0.0024431022,2.0887795e-05,0.00018572932,1.257675e-06,4.255987e-06
5603,201_01260,201,1260,0,N,0,N,0,N,0.9985574,0.9985574,5.585017e-07,2.5173262e-07,0.001139305,8.1012055e-05,0.00020928434,6.0482703e-06,6.049193e-06
5604,201_01261,201,1261,0,N,0,N,0,N,0.99831647,0.99831647,2.660806e-06,4.540909e-08,0.0015885417,2.7298905e-05,6.0314593e-05,2.370265e-06,2.3629864e-06
5605,201_01262,201,1262,0,N,0,N,0,N,0.9990534,0.9990534,7.14158e-07,8.3154816e-08,0.00082711206,3.5073015e-05,7.391483e-05,5.5253395e-06,4.216598e-06
5606,201_01263,201,1263,0,N,0,N,0,N,0.9991416,0.9991416,7.1250935e-07,5.5799315e-08,0.00078481314,7.8111025e-06,6.202444e-05,1.2551644e-06,1.69826e-06
5607,201_01264,201,1264,0,N,0,N,0,N,0.9990357,0.9990357,2.545276e-07,7.474418e-08,0.00086083903,1.7554308e-05,7.7558274e-05,3.4239376e-06,4.7115127e-06
5608,201_01265,201,1265,0,N,0,N,0,N,0.99750185,0.99750185,1.2126559e-06,1.2041356e-07,0.0023081931,1.5780197e-05,0.00016838181,1.0650855e-06,3.313812e-06
5609,201_01266,201,1266,0,N,0,N,0,N,0.99833953,0.99833953,8.3517216e-07,1.764454e-07,0.0013977922,9.060169e-05,0.00015041776,1.1420312e-05,9.276736e-06
5610,201_01267,201,1267,0,N,0,N,0,N,0.99931127,0.99931127,1.5332864e-06,5.30945e-08,0.0006088302,1.631536e-05,5.5872835e-05,3.7331718e-06,2.2618099e-06
5611,201_01268,201,1268,0,N,0,N,0,N,0.9987792,0.9987792,1.9942611e-07,6.824439e-08,0.0011540739,1.2053971e-05,4.7498885e-05,2.6510113e-06,4.288252e-06
5612,201_01269,201,1269,0,N,0,N,0,N,0.99792325,0.99792325,9.921848e-07,8.624061e-08,0.00195344,1.5038766e-05,0.0001048005,6.255202e-07,1.8017602e-06
5613,201_01270,201,1270,0,N,0,N,0,N,0.99818015,0.99818015,7.391173e-07,2.2435083e-07,0.001395075,0.00014157075,0.0002650819,8.232104e-06,8.855846e-06
5614,201_01271,201,1271,0,N,0,N,0,N,0.99729896,0.99729896,3.465519e-06,1.2737272e-07,0.0025236825,3.14678e-05,0.00013575441,2.4628853e-06,3.9936604e-06
5615,201_01272,201,1272,0,N,0,N,0,N,0.9986951,0.9986951,5.387791e-07,9.809136e-08,0.0011511513,5.067254e-05,8.997924e-05,5.9443532e-06,6.6015277e-06
5616,201_01273,201,1273,0,N,0,N,0,N,0.9978415,0.9978415,2.7426e-06,6.178523e-08,0.0020555814,1.5377089e-05,8.1153106e-05,8.3412283e-07,2.8110603e-06
5617,201_01274,201,1274,0,N,0,N,0,N,0.9978714,0.9978714,4.986799e-07,1.1197481e-07,0.0019117414,7.288805e-05,0.00013275843,4.482649e-06,6.09152e-06
5618,201_01275,201,1275,0,N,0,N,0,N,0.9973208,0.9973208,2.4309209e-06,7.324248e-08,0.0025622658,1.1941574e-05,9.845009e-05,8.992134e-07,3.1358768e-06
5619,201_01276,201,1276,0,N,0,N,0,N,0.99914896,0.99914896,5.813473e-07,1.13778036e-07,0.0005961345,0.00013353485,0.00011052568,6.6095436e-06,3.5453959e-06
5620,201_01277,201,1277,0,N,0,N,0,N,0.9984133,0.9984133,1.5882866e-06,2.3782436e-08,0.0015342707,6.3475986e-06,4.1816318e-05,5.058457e-07,2.0897135e-06
5621,201_01278,201,1278,0,N,0,N,0,N,0.99857694,0.99857694,5.229861e-07,1.4797745e-07,0.0011797554,7.236478e-05,0.00016174655,4.1608478e-06,4.393235e-06
5622,201_01279,201,1279,0,N,0,N,0,N,0.9975196,0.9975196,1.9154465e-06,8.303348e-08,0.002359797,1.43318575e-05,9.962199e-05,1.0388172e-06,3.605481e-06
5623,201_01280,201,1280,0,N,0,N,0,N,0.9968166,0.9968166,8.953582e-07,3.0391732e-07,0.002690051,0.0001532943,0.0003065788,1.2736989e-05,1.9527153e-05
5624,201_01281,201,1281,0,N,0,N,0,N,0.99548954,0.99548954,4.0159834e-06,1.3475953e-07,0.0043300237,2.8618218e-05,0.00013842701,2.6025557e-06,6.749615e-06
5625,201_01282,201,1282,0,N,0,N,0,N,0.9983994,0.9983994,1.5015002e-06,1.9106716e-07,0.0012059464,0.00023771542,0.00012388387,2.0839258e-05,1.072395e-05
5626,201_01283,201,1283,0,N,0,N,0,N,0.99877656,0.99877656,1.5256982e-06,2.7529694e-08,0.0011830365,6.5097042e-06,2.7013952e-05,1.6218855e-06,3.6804636e-06
5627,201_01284,201,1284,0,N,0,N,0,N,0.99562216,0.99562216,4.2494452e-07,1.6213234e-07,0.00417855,2.3390136e-05,0.00015268278,4.9270157e-06,1.7744102e-05
5628,201_01285,201,1285,0,N,0,N,0,N,0.9991898,0.9991898,1.8351008e-06,1.1743866e-07,0.000602301,4.3193613e-05,0.00015023994,8.806435e-06,3.6896527e-06
5629,201_01286,201,1286,0,N,0,N,0,N,0.99937004,0.99937004,3.8090394e-07,2.7945438e-08,0.0005953399,5.0859708e-06,2.2171262e-05,2.6582015e-06,4.2843485e-06
5630,201_01287,201,1287,0,N,0,N,0,N,0.9990538,0.9990538,4.542203e-07,2.7334245e-08,0.0008996171,6.4916453e-06,3.7589918e-05,5.1143445e-07,1.5640239e-06
5631,201_01288,201,1288,0,N,0,N,0,N,0.9983931,0.9983931,4.7198222e-07,1.1132976e-07,0.0014194568,5.7924684e-05,0.00012267497,2.714576e-06,3.4522081e-06
5632,201_01289,201,1289,0,N,0,N,0,N,0.99736243,0.99736243,2.5840095e-06,7.699308e-08,0.0025052258,1.2542391e-05,0.00011352529,7.87813e-07,2.861198e-06
5633,201_01290,201,1290,0,N,0,N,0,N,0.9986508,0.9986508,5.7082445e-07,1.3991296e-07,0.0011756454,3.9415274e-05,0.00012679945,1.545157e-06,5.043033e-06
5634,201_01291,201,1291,0,N,0,N,0,N,0.9978038,0.9978038,2.2337779e-06,6.745237e-08,0.0020067012,9.585257e-05,8.481942e-05,3.8285634e-06,2.7467631e-06
5635,201_01292,201,1292,0,N,0,N,0,N,0.997825,0.997825,2.3483408e-06,4.2153342e-08,0.00209152,9.620688e-06,6.879515e-05,5.1377685e-07,2.2152392e-06
5636,201_01293,201,1293,0,N,0,N,0,N,0.9982023,0.9982023,7.273595e-07,2.0770408e-07,0.0014804245,0.0001332757,0.0001674968,7.626992e-06,7.818308e-06
5637,201_01294,201,1294,0,N,0,N,0,N,0.99878824,0.99878824,1.8269295e-06,3.2697567e-08,0.0011569186,1.1477461e-05,3.8597966e-05,1.0483153e-06,1.7940487e-06
5638,201_01295,201,1295,0,N,0,N,0,N,0.99842864,0.99842864,3.8932066e-07,1.12042684e-07,0.0013906901,7.541948e-05,9.3099814e-05,6.0529774e-06,5.6390695e-06
5639,201_01296,201,1296,0,N,0,N,0,N,0.99867684,0.99867684,1.5545356e-06,2.5920999e-08,0.0012698465,8.663453e-06,4.1229963e-05,6.4030064e-07,1.1712126e-06
5640,201_01297,201,1297,0,N,0,N,0,N,0.9988614,0.9988614,2.0935849e-07,1.4257974e-07,0.0009785392,3.611906e-05,0.00011417508,4.6046225e-06,4.8027896e-06
5641,201_01298,201,1298,0,N,0,N,0,N,0.9979533,0.9979533,2.368994e-06,6.135094e-08,0.001944194,1.1747133e-05,8.4979656e-05,9.2867265e-07,2.4098276e-06
5642,201_01299,201,1299,0,N,0,N,0,N,0.99793494,0.99793494,8.609991e-07,1.8861296e-07,0.0017166865,0.00013240524,0.00019246561,1.0157358e-05,1.2376278e-05
5643,201_01300,201,1300,0,N,0,N,0,N,0.99899787,0.99899787,1.6351554e-06,4.3334097e-08,0.0009047828,2.9547671e-05,6.0793358e-05,3.370489e-06,1.964306e-06
5644,201_01301,201,1301,0,N,0,N,0,N,0.9982996,0.9982996,4.4938128e-07,8.6325485e-08,0.0015659796,2.6243548e-05,9.5639625e-05,4.536933e-06,7.4733707e-06
5645,201_01302,201,1302,0,N,0,N,0,N,0.9985943,0.9985943,1.0774767e-06,1.2324531e-07,0.0012096411,3.1964202e-05,0.00015717944,2.2284123e-06,3.5025696e-06
5646,201_01303,201,1303,0,N,0,N,0,N,0.99600613,0.99600613,9.3565205e-07,1.9989521e-07,0.0037389307,5.149894e-05,0.00018519643,5.116759e-06,1.1820393e-05
5647,201_01304,201,1304,0,N,0,N,0,N,0.99781454,0.99781454,1.6436311e-06,9.662634e-08,0.0020380286,2.0216787e-05,0.000117177595,2.4744472e-06,5.746485e-06
5648,201_01305,201,1305,0,N,0,N,0,N,0.99772227,0.99772227,9.2279043e-07,1.3767587e-07,0.0020417706,6.270378e-05,0.0001520496,9.392467e-06,1.0798906e-05
5649,201_01306,201,1306,0,N,0,N,0,N,0.9990084,0.9990084,1.4310419e-06,6.3038904e-08,0.000884297,3.2306394e-05,6.2674895e-05,7.511722e-06,3.317238e-06
5650,201_01307,201,1307,0,N,0,N,0,N,0.99915266,0.99915266,3.8372042e-07,4.488511e-08,0.0007862441,9.44361e-06,4.2616844e-05,4.2974143e-06,4.327812e-06
5651,201_01308,201,1308,0,N,0,N,0,N,0.99561656,0.99561656,7.216814e-07,6.7526486e-07,0.003946943,1.9566596e-05,0.0003878088,6.1306073e-06,2.1504055e-05
5652,201_01309,201,1309,0,N,0,N,0,N,0.9971664,0.9971664,2.25034e-06,2.550228e-07,0.00258236,2.0132009e-05,0.00021034008,3.2279884e-06,1.5194496e-05
5653,201_01310,201,1310,0,N,0,N,0,N,0.997205,0.997205,1.7302672e-06,1.5900062e-07,0.0026051109,7.991216e-05,8.336807e-05,7.759794e-06,1.7010241e-05
5654,201_01311,201,1311,0,N,0,N,0,N,0.99825364,0.99825364,2.2756171e-06,3.0548332e-08,0.0016841338,2.0493451e-05,3.6558413e-05,1.3325814e-06,1.6174938e-06
5655,201_01312,201,1312,0,N,0,N,0,N,0.9990181,0.9990181,3.1682015e-07,7.471777e-08,0.00086356443,3.206798e-05,7.907194e-05,3.982991e-06,2.880514e-06
5656,201_01313,201,1313,0,N,0,N,0,N,0.9985293,0.9985293,1.0560932e-06,8.165492e-08,0.0013543556,8.175481e-06,0.000104942286,3.906092e-07,1.6521045e-06
5657,201_01314,201,1314,0,N,0,N,0,N,0.998103,0.998103,4.57031e-07,2.8125197e-07,0.0014339277,9.875769e-05,0.00034495158,8.5037855e-06,1.0123207e-05
5658,201_01315,201,1315,0,N,0,N,0,N,0.99931234,0.99931234,1.294935e-06,2.7812328e-08,0.00062974944,5.5919672e-06,4.805263e-05,1.4560513e-06,1.4434711e-06
5659,201_01316,201,1316,5,ABERR,0,N,0,N,0.99946994,0.99946994,1.7435842e-07,8.5244494e-08,0.00042550993,2.9540637e-05,6.1608676e-05,7.3354763e-06,5.7091934e-06
5660,201_01317,201,1317,3,APC,5,ABERR,0,N,0.99920607,0.99920607,5.414681e-07,1.4101868e-08,0.00078036514,1.2996519e-06,1.0792958e-05,2.8965957e-07,6.0214643e-07
5661,201_01318,201,1318,0,N,3,APC,0,N,0.99966794,0.99966794,1.4748237e-07,8.089185e-08,0.00028586836,2.502376e-06,2.5942383e-05,4.9506193e-06,1.2456483e-05
5662,201_01319,201,1319,0,N,0,N,0,N,0.99956775,0.99956775,1.828543e-07,2.555666e-08,0.0004054371,1.3704698e-06,1.671151e-05,4.9578853e-06,3.4906273e-06
5663,201_01320,201,1320,5,ABERR,0,N,0,N,0.99917,0.99917,2.7693233e-07,7.448281e-08,0.0007122124,1.8016524e-06,9.2918366e-05,5.397555e-07,2.224242e-05
5664,201_01321,201,1321,0,N,5,ABERR,0,N,0.9972695,0.9972695,3.7092718e-06,1.1902106e-06,0.0010799798,0.0012434593,0.00039236352,6.3743028e-06,3.4791824e-06
5665,201_01322,201,1322,0,N,0,N,0,N,0.99954647,0.99954647,2.147849e-05,1.7199474e-08,0.0003841781,2.4337716e-05,2.0747566e-05,1.4433248e-06,1.3511216e-06
5666,201_01323,201,1323,5,ABERR,0,N,0,N,0.9983807,0.9983807,1.1603959e-06,1.5726688e-07,0.0013287523,4.6273944e-05,0.00020506942,7.185927e-06,3.0701052e-05
5667,201_01324,201,1324,5,ABERR,5,ABERR,0,N,0.9990383,0.9990383,5.0203307e-06,4.798025e-07,0.00082250655,3.871153e-05,8.789759e-05,4.327267e-06,2.7504575e-06
5668,201_01325,201,1325,0,N,5,ABERR,0,N,0.9997774,0.9997774,8.7247e-06,1.5729475e-07,0.00013796966,1.7858185e-05,4.7889986e-05,5.4329403e-06,4.5781453e-06
5669,201_01326,201,1326,0,N,0,N,0,N,0.9991811,0.9991811,9.171142e-05,1.083652e-07,0.00045740168,1.4786462e-05,5.8889083e-05,8.701645e-06,0.00018731554
5670,201_01327,201,1327,0,N,0,N,0,N,0.99439234,0.99439234,3.7876375e-06,7.4791735e-08,0.0052945865,1.8613886e-06,8.0706166e-05,1.1455878e-06,0.00022543027
5671,201_01328,201,1328,5,ABERR,0,N,0,N,0.997212,0.997212,2.881671e-07,1.4900593e-07,0.0026527145,1.949208e-05,0.000108147266,6.3456497e-07,6.652059e-06
5672,201_01329,201,1329,0,N,5,ABERR,0,N,0.99102944,0.99102944,3.325161e-06,1.317292e-07,0.008653773,9.1242626e-05,0.00021547683,7.663881e-07,5.89443e-06
5673,201_01330,201,1330,5,ABERR,0,N,0,N,0.994611,0.994611,9.039231e-06,3.429356e-07,0.0031771993,0.0018244563,0.00031230648,5.3216572e-05,1.245367e-05
5674,201_01331,201,1331,0,N,5,ABERR,0,N,0.99877906,0.99877906,1.1219613e-05,2.7314027e-07,0.000911074,0.000103813996,0.00014789333,3.863308e-05,8.133171e-06
5675,201_01332,201,1332,0,N,0,N,0,N,0.9994109,0.9994109,2.975713e-06,1.13359526e-07,0.0004883956,8.4870635e-06,5.3372663e-05,1.7530316e-05,1.8169458e-05
5676,201_01333,201,1333,5,ABERR,0,N,0,N,0.9986761,0.9986761,4.781568e-06,2.4787778e-07,0.0010718093,1.8219043e-05,0.00011162966,2.2792818e-05,9.429799e-05
5677,201_01334,201,1334,0,N,5,ABERR,0,N,0.99819285,0.99819285,8.418863e-05,9.446851e-05,0.0014919747,4.062108e-06,5.9521593e-05,6.6803193e-07,7.224849e-05
5678,201_01335,201,1335,5,ABERR,0,N,0,N,0.9996252,0.9996252,1.3438162e-05,3.269658e-08,0.00036012495,2.4316918e-07,1.0642277e-07,2.7289538e-08,7.221257e-07
5679,201_01336,201,1336,0,N,5,ABERR,0,N,0.99624634,0.99624634,8.0115096e-05,3.2877426e-06,0.0007516903,0.00014530327,0.0012976578,1.6317166e-05,0.0014593995
5680,201_01337,201,1337,0,N,0,N,0,N,0.999581,0.999581,1.35121e-05,8.885103e-08,0.00026673442,7.06842e-05,6.1000097e-05,5.9160348e-06,1.0317979e-06
5681,201_01338,201,1338,5,ABERR,0,N,0,N,0.9992216,0.9992216,1.7556242e-06,6.2992974e-08,0.00062889233,3.7795537e-05,6.9188056e-05,1.1981508e-05,2.8743896e-05
5682,201_01339,201,1339,0,N,5,ABERR,0,N,0.9992095,0.9992095,2.9372666e-07,1.4281183e-07,0.00076948473,2.048422e-07,1.9486119e-05,4.2600718e-08,7.63515e-07
5683,201_01340,201,1340,5,ABERR,0,N,0,N,0.99966794,0.99966794,6.884508e-07,4.5615543e-08,0.0002556303,5.84282e-06,5.56873e-05,4.3873233e-06,9.795993e-06
5684,201_01341,201,1341,0,N,5,ABERR,0,N,0.99986994,0.99986994,9.190865e-07,7.267894e-08,0.00010476847,6.132409e-06,1.4078087e-05,8.3045853e-07,3.2730206e-06
5685,201_01342,201,1342,5,ABERR,0,N,0,N,0.99966794,0.99966794,2.0224795e-06,3.721605e-08,0.00028465994,7.3328306e-06,2.5771473e-05,4.6242644e-06,7.4940913e-06
5686,201_01343,201,1343,0,N,5,ABERR,0,N,0.9989366,0.9989366,1.2933062e-05,9.914519e-07,0.00045277865,0.00019377156,0.00038133547,6.8851323e-06,1.4779136e-05
5687,201_01344,201,1344,0,N,0,N,0,N,0.9995179,0.9995179,2.6998758e-05,4.4363247e-08,0.0003006627,0.00010634009,3.226189e-05,9.3946655e-06,6.43103e-06
5688,201_01345,201,1345,5,ABERR,0,N,0,N,0.9982438,0.9982438,1.7814685e-06,9.090191e-08,0.0015035616,6.6905624e-05,0.00013594239,9.505538e-06,3.8429975e-05
5689,201_01346,201,1346,0,N,5,ABERR,0,N,0.9931394,0.9931394,8.339115e-05,0.00011191378,0.005506806,7.543547e-05,0.0010626756,7.0168295e-07,1.977865e-05
5690,201_01347,201,1347,5,ABERR,0,N,0,N,0.9997474,0.9997474,2.3550325e-05,1.9187732e-07,0.00022158123,3.9317824e-06,1.2479833e-06,1.2475299e-06,9.5212584e-07
5691,201_01348,201,1348,0,N,5,ABERR,0,N,0.98594934,0.98594934,0.00013280613,3.8805847e-06,0.009933164,8.364474e-07,0.0010356959,7.4682004e-07,0.0029434601
5692,201_01349,201,1349,5,ABERR,0,N,0,N,0.9985128,0.9985128,9.673957e-07,5.395245e-07,0.00055738236,0.00072185346,0.00014733296,4.1220323e-05,1.7889479e-05
5693,201_01350,201,1350,3,APC,5,ABERR,0,N,0.99679637,0.99679637,3.650607e-06,5.996872e-08,0.003160344,1.0464726e-05,2.590724e-05,1.2634811e-06,1.8214924e-06
5694,201_01351,201,1351,0,N,3,APC,0,N,0.9992528,0.9992528,2.1589032e-07,5.4589787e-08,0.00068823516,5.2284895e-06,2.1957034e-05,9.466614e-06,2.2029943e-05
5695,201_01352,201,1352,5,ABERR,0,N,0,N,0.9995534,0.9995534,1.2617842e-07,1.8618275e-08,0.0004112837,2.1061628e-06,1.840808e-05,1.0002604e-05,4.548648e-06
5696,201_01353,201,1353,0,N,5,ABERR,0,N,0.9992289,0.9992289,1.8590783e-06,3.6693933e-07,0.00045797072,5.4253298e-05,0.00024403333,4.479646e-06,8.129279e-06
5697,201_01354,201,1354,0,N,0,N,0,N,0.9998496,0.9998496,1.5980186e-06,1.3677951e-08,0.00012221286,7.0082856e-06,1.5416796e-05,2.3612927e-06,1.7860316e-06
5698,201_01355,201,1355,5,ABERR,0,N,0,N,0.9934515,0.9934515,5.015094e-06,6.543851e-07,0.0057598967,3.699089e-05,0.0006808924,1.2212926e-06,6.388466e-05
5699,201_01356,201,1356,0,N,5,ABERR,0,N,0.984094,0.984094,0.00088823185,0.0006131878,0.010502393,0.0017497021,0.001987842,3.3822243e-06,0.00016111067
5700,201_01357,201,1357,5,ABERR,0,N,0,N,0.9977303,0.9977303,0.000120799305,2.2402101e-07,0.002140542,2.5077074e-06,1.2721963e-06,1.2096945e-06,3.2085354e-06
5701,201_01358,201,1358,5,ABERR,5,ABERR,0,N,0.99545056,0.99545056,0.00013593122,8.890029e-06,0.0012915452,7.1160975e-05,0.00069606234,2.0913647e-05,0.0023249234
5702,201_01359,201,1359,0,N,5,ABERR,0,N,0.9994852,0.9994852,3.1138054e-05,3.1319155e-07,0.0002636808,9.315177e-05,9.2467766e-05,2.727275e-05,6.8132154e-06
5703,201_01360,201,1360,5,ABERR,0,N,0,N,0.9984309,0.9984309,2.903796e-05,1.04386906e-07,0.0010455401,1.2732639e-05,0.00019972035,1.3830932e-05,0.00026807273
5704,201_01361,201,1361,0,N,5,ABERR,0,N,0.9906731,0.9906731,3.617771e-06,1.140189e-06,0.008788113,9.703913e-05,0.00028374017,2.062216e-05,0.0001326355
5705,201_01362,201,1362,0,N,0,N,0,N,0.9996362,0.9996362,1.604271e-05,3.497601e-08,0.00019313452,9.644233e-05,2.8300718e-05,2.7187558e-05,2.732419e-06
5706,201_01363,201,1363,5,ABERR,0,N,0,N,0.9987981,0.9987981,2.218643e-06,1.07283235e-07,0.0009478704,1.4732341e-05,0.00011452269,2.8450677e-05,9.412647e-05
5707,201_01364,201,1364,0,N,5,ABERR,0,N,0.9980698,0.9980698,0.00011361892,0.00047622056,0.0011626291,2.808817e-06,0.00013112048,3.8079457e-07,4.3370568e-05
5708,201_01365,201,1365,5,ABERR,0,N,0,N,0.99965674,0.99965674,1.3374657e-05,2.0589749e-07,0.0003259295,3.4736541e-07,3.613638e-07,1.3004941e-07,2.934525e-06
5709,201_01366,201,1366,0,N,5,ABERR,0,N,0.97956955,0.97956955,0.012690954,9.020663e-05,0.0021222704,0.00024010112,0.0012651003,1.45345975e-05,0.004007276
5710,201_01367,201,1367,5,ABERR,0,N,0,N,0.99974716,0.99974716,7.4227287e-06,1.678008e-08,0.00019282653,2.6385545e-05,1.9471705e-05,3.451152e-06,3.3023746e-06
5711,201_01368,201,1368,0,N,5,ABERR,0,N,0.9952083,0.9952083,1.2593839e-06,1.0058625e-06,0.0045290114,5.6674357e-06,0.00024462107,9.091705e-08,9.971448e-06
5712,201_01369,201,1369,0,N,0,N,0,N,0.99682486,0.99682486,5.3622563e-05,9.055891e-07,0.0028098708,9.6875105e-05,0.00013841284,3.6552592e-05,3.892833e-05
5713,201_01370,201,1370,3,APC,0,N,0,N,0.99927187,0.99927187,2.056245e-06,1.3084225e-07,0.00062940485,3.7576143e-07,5.6184388e-05,9.703497e-07,3.8908176e-05
5714,201_01371,201,1371,0,N,3,APC,0,N,0.97273487,0.97273487,3.102976e-06,4.7385515e-07,0.026849823,2.5928204e-05,0.0001825719,3.7978632e-06,0.00019937458
5715,201_01372,201,1372,5,ABERR,0,N,0,N,0.9973811,0.9973811,2.4290584e-06,1.3469304e-07,0.001068763,0.0013132187,0.0002105096,2.0768131e-05,3.1386364e-06
5716,201_01373,201,1373,0,N,5,ABERR,0,N,0.99479246,0.99479246,4.1219806e-05,1.4858027e-06,0.00416155,0.00034734415,0.00061830063,2.297008e-05,1.47499595e-05
5717,201_01374,201,1374,0,N,0,N,0,N,0.999516,0.999516,2.6224205e-05,2.7911287e-07,0.00030117814,4.41725e-05,9.421381e-05,9.940712e-06,7.971644e-06
5718,201_01375,201,1375,5,ABERR,0,N,0,N,0.9985624,0.9985624,5.2510222e-06,1.0721046e-07,0.0012035212,4.573803e-06,4.8357088e-05,1.7448092e-05,0.00015839946
5719,201_01376,201,1376,0,N,5,ABERR,0,N,0.9988961,0.9988961,5.8926606e-05,0.00012220675,0.00079666777,2.0155271e-06,6.833175e-05,5.0016604e-07,5.510502e-05
5720,201_01377,201,1377,3,APC,0,N,0,N,0.99973065,0.99973065,4.3503267e-05,5.178502e-07,0.00021388016,1.1845099e-06,1.0195573e-06,5.731161e-07,8.611647e-06
5721,201_01378,201,1378,0,N,3,APC,0,N,0.9884423,0.9884423,0.00054824003,3.2610303e-06,0.005402049,8.91312e-07,0.0003426133,6.886245e-07,0.0052598757
5722,201_01379,201,1379,5,ABERR,0,N,0,N,0.99810565,0.99810565,8.228086e-07,2.6995238e-07,0.0013568294,0.0003265859,0.00013219094,3.22816e-05,4.537438e-05
5723,201_01380,201,1380,0,N,5,ABERR,0,N,0.9979254,0.9979254,2.5376898e-05,2.5847766e-07,0.001648776,0.00019953835,0.00016163346,3.1355987e-05,7.677171e-06
5724,201_01381,201,1381,0,N,0,N,0,N,0.9995154,0.9995154,3.2601858e-06,1.4695586e-07,0.00032995193,9.145833e-06,0.000114039205,1.38968335e-05,1.41854325e-05
5725,201_01382,201,1382,5,ABERR,0,N,0,N,0.9972606,0.9972606,2.4763422e-06,2.2365644e-07,0.0024227216,1.657071e-05,0.00012814069,2.5327628e-05,0.00014400267
5726,201_01383,201,1383,5,ABERR,5,ABERR,0,N,0.9945741,0.9945741,0.00023993487,0.00014856353,0.004260153,2.5976557e-05,0.000511398,1.4032912e-06,0.0002384608
5727,201_01384,201,1384,0,N,5,ABERR,0,N,0.99586874,0.99586874,0.002512049,0.00042401036,0.0011265794,2.3623336e-07,7.105582e-07,2.252647e-08,6.757852e-05
5728,201_01385,201,1385,5,ABERR,0,N,0,N,0.9858235,0.9858235,0.0067970753,0.00011599776,0.0050630937,1.1685247e-06,3.260818e-05,2.0347727e-07,0.002166391
5729,201_01386,201,1386,5,ABERR,5,ABERR,0,N,0.9840897,0.9840897,0.00032157876,3.909901e-05,0.005284978,0.0042888047,0.0030643777,4.0175786e-05,0.002871249
5730,201_01387,201,1387,0,N,5,ABERR,0,N,0.9997463,0.9997463,2.0167512e-05,2.207694e-07,6.299995e-05,0.000110684196,5.4732176e-05,4.6917457e-06,2.8735167e-07
5731,201_01388,201,1388,0,N,0,N,0,N,0.9982846,0.9982846,4.7674e-05,4.176541e-07,0.0009414127,2.9539726e-05,0.00056554074,6.8381373e-06,0.0001240479
5732,201_01389,201,1389,0,N,0,N,0,N,0.9292025,0.9292025,1.9519537e-05,9.670689e-06,0.05125288,0.0007924386,0.005854279,0.00022330321,0.012645368
5733,201_01390,201,1390,5,ABERR,0,N,0,N,0.99928045,0.99928045,2.1929076e-05,6.7935144e-07,0.00041741048,9.595397e-05,3.3847107e-05,0.0001364162,1.3403059e-05
5734,201_01391,201,1391,0,N,5,ABERR,0,N,0.9950978,0.9950978,1.8193801e-05,1.1996887e-06,0.00427353,4.6734665e-05,0.00017401134,8.450868e-05,0.0003039953
5735,201_01392,201,1392,0,N,0,N,0,N,0.99949896,0.99949896,3.2955104e-05,4.1310048e-07,0.0002510012,7.515493e-05,0.00010378456,2.7655471e-05,9.952684e-06
5736,201_01393,201,1393,5,ABERR,0,N,0,N,0.99807763,0.99807763,2.3346088e-06,5.4259793e-08,0.001735811,3.7952339e-06,6.805038e-05,2.9033567e-06,0.00010935268
5737,201_01394,201,1394,0,N,5,ABERR,0,N,0.9972992,0.9972992,4.4091554e-05,1.6530532e-05,0.002349261,5.9333565e-06,0.00024864153,1.5132771e-07,3.6185527e-05
5738,201_01395,201,1395,0,N,0,N,0,N,0.9996265,0.9996265,2.6317302e-05,1.4500249e-07,0.00034220802,1.9565016e-06,1.4219199e-06,4.4604062e-07,9.96626e-07
5739,201_01396,201,1396,5,ABERR,0,N,0,N,0.98961264,0.98961264,0.00014453036,2.9002013e-06,0.0046772077,3.9907503e-05,0.0011059041,3.3262215e-05,0.0043835985
5740,201_01397,201,1397,0,N,5,ABERR,0,N,0.9968034,0.9968034,5.056754e-05,0.00016428146,0.0026711123,1.1126567e-05,0.00024382643,8.4981434e-07,5.4884684e-05
5741,201_01398,201,1398,0,N,0,N,0,N,0.9996149,0.9996149,1.9441975e-06,2.7975862e-08,0.00038253373,3.087027e-08,2.396265e-07,4.902054e-09,4.355036e-07
5742,201_01399,201,1399,0,N,0,N,0,N,0.99029773,0.99029773,0.00015139254,1.7431781e-05,0.006076951,0.000119802135,0.0015065871,1.1834244e-05,0.0018182793
5743,201_01400,201,1400,0,N,0,N,0,N,0.99940276,0.99940276,1.1454187e-06,4.613977e-08,0.00053735403,1.3919964e-05,4.0316063e-05,3.2214318e-06,1.1867837e-06
5744,201_01401,201,1401,0,N,0,N,0,N,0.99943614,0.99943614,6.9555887e-07,4.2354166e-08,0.00046352425,5.151377e-05,3.4050503e-05,1.0353805e-05,3.6623487e-06
5745,201_01402,201,1402,0,N,0,N,0,N,0.99936396,0.99936396,5.068119e-07,3.3014928e-08,0.0005587224,1.4089197e-05,5.866419e-05,2.219591e-06,1.7997934e-06
5746,201_01403,201,1403,5,ABERR,0,N,0,N,0.9992659,0.9992659,6.972853e-07,8.728814e-08,0.0005151713,6.238581e-05,0.00013781953,1.3744748e-05,4.2322977e-06
5747,201_01404,201,1404,0,N,5,ABERR,0,N,0.99699813,0.99699813,5.5561937e-05,1.9739779e-05,0.0025166085,1.9140845e-05,0.0003670475,5.4806895e-07,2.3139408e-05
5748,201_01405,201,1405,0,N,0,N,0,N,0.99990076,0.99990076,9.001252e-06,5.3678075e-08,8.846151e-05,6.454329e-07,2.3022179e-07,2.4112776e-07,7.116567e-07
5749,201_01406,201,1406,5,ABERR,0,N,0,N,0.96635765,0.96635765,0.000669437,1.9306297e-05,0.009137126,4.9706694e-05,0.011897453,7.769282e-06,0.011861614
5750,201_01407,201,1407,3,APC,5,ABERR,0,N,0.9929701,0.9929701,7.309395e-05,0.00018891212,0.0061029284,6.4232685e-05,0.00057253847,5.538566e-07,2.7702461e-05
5751,201_01408,201,1408,0,N,3,APC,0,N,0.9990489,0.9990489,9.428557e-06,1.3084448e-07,0.0009395673,1.5028215e-07,9.06587e-07,3.9302005e-08,8.9260834e-07
5752,201_01409,201,1409,0,N,0,N,0,N,0.9762928,0.9762928,3.1802527e-05,1.5559893e-06,0.021101382,1.8332716e-05,0.001139323,7.179845e-06,0.0014076277
5753,201_01410,201,1410,0,N,0,N,0,N,0.9990089,0.9990089,1.0167994e-06,1.06755905e-07,0.0006623473,0.00015614099,0.000124357,3.791759e-05,9.182754e-06
5754,201_01411,201,1411,3,APC,0,N,0,N,0.99913144,0.99913144,1.4254045e-06,1.7446716e-07,0.00069061376,3.7253114e-05,0.00010626015,2.3807343e-05,8.997947e-06
5755,201_01412,201,1412,3,APC,3,APC,0,N,0.9967394,0.9967394,4.136646e-07,5.6897466e-08,0.0032333692,1.2934352e-06,1.7573086e-05,6.626721e-07,7.3267324e-06
5756,201_01413,201,1413,0,N,3,APC,0,N,0.9991412,0.9991412,1.9097713e-07,1.7829554e-07,0.0007718022,1.4979222e-05,5.050399e-05,6.6354305e-06,1.4340939e-05
5757,201_01414,201,1414,3,APC,0,N,0,N,0.99936277,0.99936277,2.7885565e-07,2.2585077e-08,0.00060975645,2.405956e-06,1.9415163e-05,3.3122144e-06,2.0565558e-06
5758,201_01415,201,1415,3,APC,3,APC,0,N,0.99844164,0.99844164,4.0780603e-07,3.2559722e-08,0.001491357,2.1105482e-06,5.6713754e-05,2.1482019e-07,7.4758523e-06
5759,201_01416,201,1416,0,N,3,APC,0,N,0.99910396,0.99910396,1.6645775e-07,1.8416112e-07,0.0007386769,4.9331145e-05,8.947799e-05,8.8479865e-06,9.324709e-06
5760,201_01417,201,1417,3,APC,0,N,0,N,0.9992978,0.9992978,5.365127e-07,3.8869146e-08,0.0006751384,2.6685907e-06,1.7992375e-05,3.9989714e-06,1.8394064e-06
5761,201_01418,201,1418,0,N,3,APC,0,N,0.9994667,0.9994667,1.1664767e-07,2.4648159e-08,0.00049500196,3.4487516e-07,3.0053334e-05,2.6020726e-07,7.4846052e-06
5762,201_01419,201,1419,0,N,0,N,0,N,0.9988714,0.9988714,3.684963e-07,1.1580231e-07,0.00036272328,0.0006026694,0.00012858535,2.8720508e-05,5.433424e-06
5763,201_01420,201,1420,5,ABERR,0,N,0,N,0.99875635,0.99875635,2.6648793e-06,6.2945034e-08,0.0010530805,0.00010812352,6.926646e-05,8.957289e-06,1.4851721e-06
5764,201_01421,201,1421,5,ABERR,5,ABERR,0,N,0.9945336,0.9945336,0.00016095678,0.00011967488,0.0044250265,4.3922515e-05,0.0006958305,3.5057977e-07,2.072012e-05
5765,201_01422,201,1422,0,N,5,ABERR,0,N,0.99453884,0.99453884,0.004165057,0.0005666919,0.0006451486,8.0495425e-07,5.0458843e-06,3.047142e-08,7.838025e-05
5766,201_01423,201,1423,5,ABERR,0,N,0,N,0.9655662,0.9655662,0.028733313,0.00012800447,0.004459318,1.5865819e-05,1.3693556e-05,1.5923941e-06,0.0010820755
5767,201_01424,201,1424,5,ABERR,5,ABERR,0,N,0.97813827,0.97813827,0.00066635356,1.0771383e-05,0.008439408,5.39154e-05,0.0006664673,2.4495888e-05,0.012000406
5768,201_01425,201,1425,0,N,5,ABERR,0,N,0.9997418,0.9997418,1.5293423e-05,1.6646796e-07,0.00020472132,7.966217e-06,2.1117827e-05,1.7857913e-06,7.1520953e-06
5769,201_01426,201,1426,0,N,0,N,0,N,0.9992094,0.9992094,0.00012645122,3.194994e-08,0.00061749946,8.5693255e-06,4.9374967e-06,1.5525089e-06,3.15368e-05
5770,201_01427,201,1427,5,ABERR,0,N,0,N,0.9972607,0.9972607,7.534077e-06,3.7540577e-08,0.0023785417,6.9913726e-06,0.000115711395,6.6983275e-06,0.0002237093
5771,201_01428,201,1428,0,N,5,ABERR,0,N,0.9982088,0.9982088,3.203725e-06,1.625273e-06,0.00041660768,0.0005900352,0.0007675266,7.4912427e-06,4.6498044e-06
5772,201_01429,201,1429,5,ABERR,0,N,0,N,0.99968696,0.99968696,4.3476502e-06,1.1898527e-08,0.0002811236,1.1799792e-05,1.2722883e-05,1.6347204e-06,1.4881318e-06
5773,201_01430,201,1430,0,N,5,ABERR,0,N,0.9976268,0.9976268,6.213545e-05,0.0001751965,0.0014088878,9.590463e-06,0.0005840145,1.5788117e-07,0.00013315809
5774,201_01431,201,1431,5,ABERR,0,N,0,N,0.99938405,0.99938405,0.00016034787,1.1915944e-07,0.0004468812,7.1121676e-06,6.003436e-07,3.74441e-07,4.975775e-07
5775,201_01432,201,1432,0,N,5,ABERR,0,N,0.99114025,0.99114025,0.0010081251,0.00019589142,0.0004114074,2.3629577e-06,5.059956e-05,6.238345e-07,0.007190667
5776,201_01433,201,1433,0,N,0,N,0,N,0.9997137,0.9997137,3.6272133e-05,3.907478e-07,0.00023720622,7.2114663e-06,3.389289e-07,2.6549574e-06,2.1453084e-06
5777,201_01434,201,1434,5,ABERR,0,N,0,N,0.9781101,0.9781101,0.0018315094,2.343822e-05,0.0076385303,0.0005088281,0.0054075406,0.00013201419,0.006348001
5778,201_01435,201,1435,0,N,5,ABERR,0,N,0.9981413,0.9981413,0.00021188604,8.8283115e-05,0.0012123507,7.4728696e-06,0.0002263104,5.557103e-07,0.000111769135
5779,201_01436,201,1436,0,N,0,N,0,N,0.99972135,0.99972135,5.558243e-06,5.6348203e-08,0.00027121493,3.0302252e-07,1.759954e-07,1.3227763e-07,1.1523929e-06
5780,201_01437,201,1437,0,N,0,N,0,N,0.9648085,0.9648085,0.00015553653,9.75735e-06,0.009744787,0.00022027388,0.01214689,9.77935e-05,0.012816436
5781,201_01438,201,1438,5,ABERR,0,N,0,N,0.99940926,0.99940926,1.185901e-06,7.0870236e-08,0.00046751395,3.193615e-05,7.818603e-05,8.593195e-06,3.2896553e-06
5782,201_01439,201,1439,0,N,5,ABERR,0,N,0.9967003,0.9967003,9.912203e-05,3.978674e-05,0.0025607476,1.2401703e-05,0.00045359935,4.7610456e-07,0.00013365487
5783,201_01440,201,1440,0,N,0,N,0,N,0.9996877,0.9996877,4.1396634e-06,4.8962455e-08,0.00030630315,2.6278053e-07,3.631009e-07,1.5193582e-07,1.0596825e-06
5784,201_01441,201,1441,5,ABERR,0,N,0,N,0.9392708,0.9392708,0.0005427221,2.4027666e-05,0.013425267,0.0008486033,0.03222382,0.00011700488,0.013547696
5785,201_01442,201,1442,5,ABERR,5,ABERR,0,N,0.9777528,0.9777528,0.00022168577,4.7481615e-05,0.019326596,0.00021474311,0.0024013247,7.8686173e-07,3.4616096e-05
5786,201_01443,201,1443,3,APC,5,ABERR,0,N,0.99289906,0.99289906,0.005616815,0.0004251528,0.0009779908,1.1565975e-06,4.522953e-06,3.9240934e-08,7.526303e-05
5787,201_01444,201,1444,0,N,3,APC,0,N,0.9357986,0.9357986,0.06093029,0.0001457994,0.0016451733,1.5720347e-05,8.493416e-06,2.1372525e-06,0.001453832
5788,201_01445,201,1445,0,N,0,N,0,N,0.97036046,0.97036046,0.0019695107,6.5135578e-06,0.022726206,0.000118897384,0.0012334207,2.9810419e-05,0.0035551763
5789,201_01446,201,1446,0,N,0,N,0,N,0.99675673,0.99675673,8.777144e-06,5.815954e-07,0.0025905583,0.00019294072,0.00023734015,8.426601e-05,0.00012884481
5790,201_01447,201,1447,5,ABERR,0,N,0,N,0.99911696,0.99911696,7.1933864e-06,1.9710376e-07,0.00078461226,2.9936711e-05,3.798047e-05,1.541589e-05,7.78031e-06
5791,201_01448,201,1448,0,N,5,ABERR,0,N,0.9977887,0.9977887,3.1905308e-06,2.8907388e-07,0.0019306508,2.7048533e-05,0.00015341482,1.8953282e-05,7.7757744e-05
5792,201_01449,201,1449,0,N,0,N,0,N,0.9996572,0.9996572,6.2558224e-06,1.7338498e-07,0.00021242874,3.3311495e-05,8.0401805e-05,7.57213e-06,2.5316288e-06
5793,201_01450,201,1450,5,ABERR,0,N,0,N,0.99669963,0.99669963,1.3462388e-05,2.6898223e-07,0.0031395238,1.20782e-05,0.00010410842,3.6191787e-07,3.0388053e-05
5794,201_01451,201,1451,0,N,5,ABERR,0,N,0.9969938,0.9969938,0.00041012117,6.2205354e-06,0.0022818497,5.243931e-05,0.00019221441,4.218562e-07,6.299082e-05
5795,201_01452,201,1452,0,N,0,N,0,N,0.99973327,0.99973327,2.12581e-05,3.7467633e-08,0.00024325939,3.020967e-07,4.6146513e-07,9.3084864e-08,1.3265119e-06
5796,201_01453,201,1453,0,N,0,N,0,N,0.9884614,0.9884614,7.378289e-05,1.9913173e-06,0.0020414633,0.00010213831,0.0018905981,2.9253684e-05,0.0073993015
5797,201_01454,201,1454,0,N,0,N,0,N,0.9997529,0.9997529,2.3877647e-07,3.2207105e-08,0.00017882076,1.0279104e-05,5.0491646e-05,4.09388e-06,3.1678767e-06
5798,201_01455,201,1455,0,N,0,N,0,N,0.9938656,0.9938656,5.0767467e-06,5.0476234e-07,0.0057936185,3.8722075e-05,0.00021429776,1.088653e-05,7.123893e-05
5799,201_01456,201,1456,0,N,0,N,0,N,0.996799,0.996799,2.8936469e-05,2.4629915e-06,0.0024306793,0.00017055846,7.843194e-05,0.00039937184,9.0482325e-05
5800,201_01457,201,1457,0,N,0,N,0,N,0.99580204,0.99580204,4.5634417e-05,8.930031e-07,0.0033204546,6.969223e-05,0.000111860696,0.00024099293,0.00040844156
5801,201_01458,201,1458,0,N,0,N,0,N,0.99353844,0.99353844,2.9268782e-05,1.1959709e-06,0.005235739,0.00043155075,0.00011503526,0.00031891465,0.00032987102
5802,201_01459,201,1459,0,N,0,N,0,N,0.9940455,0.9940455,4.1493182e-05,2.8289173e-07,0.0055771875,5.202471e-05,1.583278e-05,0.00020700562,6.064575e-05
5803,201_01460,201,1460,0,N,0,N,0,N,0.9996638,0.9996638,4.0731366e-06,3.1340497e-07,0.00019435752,2.6144373e-05,1.2891662e-05,8.187584e-05,1.6634118e-05
5804,201_01461,201,1461,0,N,0,N,0,N,0.99891233,0.99891233,3.410547e-05,2.8087987e-07,0.0007213077,4.5338486e-05,0.000100069905,8.744774e-05,9.903043e-05
5805,201_01462,201,1462,0,N,0,N,0,N,0.99908245,0.99908245,7.400938e-07,1.4699998e-07,0.00081339275,9.448802e-06,6.9716596e-05,4.63109e-06,1.945308e-05
5806,201_01463,201,1463,0,N,0,N,0,N,0.999468,0.999468,1.4946315e-07,1.275412e-07,0.00049194903,9.503283e-06,1.5190026e-05,1.0909635e-05,4.1503704e-06
5807,201_01464,201,1464,0,N,0,N,0,N,0.99936086,0.99936086,1.2797686e-05,1.8050073e-07,0.000501478,3.5944235e-05,4.7779817e-05,3.4715533e-05,6.2983977e-06
5808,201_01465,201,1465,0,N,0,N,0,N,0.9991931,0.9991931,1.6864701e-06,3.5146658e-07,0.0005589605,3.2096132e-06,0.00011052582,3.0558032e-05,0.000101546044
5809,201_01466,201,1466,0,N,0,N,0,N,0.9987215,0.9987215,1.335622e-05,9.581418e-07,0.0008057167,7.106974e-05,3.820581e-05,0.0002993501,4.991381e-05
5810,201_01467,201,1467,0,N,0,N,0,N,0.99530995,0.99530995,3.4549797e-05,1.8383527e-06,0.002987589,0.000115885094,0.00032875704,0.00018138485,0.0010399892
5811,201_01468,201,1468,0,N,0,N,0,N,0.9869781,0.9869781,0.00022463141,5.5397168e-06,0.010869486,0.0001900178,4.7292808e-05,0.0009174466,0.00076750776
5812,201_01469,201,1469,0,N,0,N,0,N,0.9970016,0.9970016,7.9362335e-06,6.027362e-08,0.0028629152,1.5202789e-06,9.467038e-06,3.247689e-05,8.409721e-05
5813,201_01470,201,1470,0,N,0,N,0,N,0.99887556,0.99887556,1.377377e-06,3.0419648e-07,0.0010217179,6.0508955e-06,1.7643848e-05,1.8491157e-05,5.8789334e-05
5814,201_01471,201,1471,0,N,0,N,0,N,0.9956693,0.9956693,1.5891208e-05,8.744858e-07,0.004038844,2.8290617e-05,6.7384746e-05,0.000108877524,7.0545226e-05
5815,201_01472,201,1472,0,N,0,N,0,N,0.9901265,0.9901265,9.4534764e-05,7.839879e-06,0.003686322,0.000224937,0.00011114331,0.0035590595,0.0021895792
5816,201_01473,201,1473,0,N,0,N,0,N,0.9627692,0.9627692,0.00016672006,1.1443796e-05,0.013639061,0.0006723039,0.00033164985,0.019236479,0.003173105
5817,201_01474,201,1474,0,N,0,N,0,N,0.9985667,0.9985667,2.3332789e-06,1.9323668e-06,0.0006494157,2.7738e-05,2.7237218e-05,0.00058579614,0.00013895915
5818,201_01475,201,1475,0,N,0,N,0,N,0.9861009,0.9861009,8.5709835e-06,5.0014773e-07,0.013192368,1.0540922e-05,3.9918672e-05,0.00027821347,0.0003689468
5819,201_01476,201,1476,0,N,0,N,0,N,0.99877834,0.99877834,3.5390873e-05,6.248049e-07,0.0006366443,9.714821e-05,0.00017978849,0.00015581225,0.000116323754
5820,201_01477,201,1477,0,N,0,N,0,N,0.9925165,0.9925165,0.00040891027,2.067913e-06,0.0051110936,0.00047620642,0.000120129436,0.0007105067,0.0006545051
5821,201_01478,201,1478,0,N,0,N,0,N,0.9850396,0.9850396,0.0039729853,9.295586e-05,0.0039188107,0.0011481751,8.0468526e-05,0.0033387875,0.0024081855
5822,201_01479,201,1479,0,N,0,N,0,N,0.98216784,0.98216784,5.654705e-05,2.0742975e-06,0.016593954,1.7616152e-05,3.163404e-05,0.00055235374,0.00057804695
5823,201_01480,201,1480,0,N,0,N,0,N,0.98791003,0.98791003,0.00012842365,4.7386562e-05,0.010209181,0.00013364025,0.00040517305,0.0003856007,0.00078046846
5824,201_01481,201,1481,0,N,0,N,0,N,0.9815604,0.9815604,6.8429163e-06,3.1165227e-06,0.014765315,0.0017719476,0.0002139107,0.0013520282,0.00032648264
5825,201_01482,201,1482,0,N,0,N,0,N,0.9907086,0.9907086,0.00039332965,5.231155e-06,0.0034267977,0.00028414323,4.4248234e-05,0.0043951776,0.0007425001
5826,201_01483,201,1483,0,N,0,N,0,N,0.97776026,0.97776026,0.00014794605,3.2380156e-06,0.011315294,0.0002562957,0.0002552568,0.0071065016,0.0031552238
5827,201_01484,201,1484,0,N,0,N,0,N,0.9972491,0.9972491,2.6387208e-06,2.2164966e-07,0.0024971738,5.9951635e-06,4.193371e-05,8.549191e-05,0.00011750353
5828,201_01485,201,1485,0,N,0,N,0,N,0.99559915,0.99559915,1.7185993e-06,7.3714847e-07,0.0041195876,2.307778e-05,2.1901049e-05,9.8459794e-05,0.00013543646
5829,201_01486,201,1486,0,N,0,N,0,N,0.99757457,0.99757457,2.1272912e-05,7.00119e-07,0.002281725,3.592667e-06,3.3038625e-05,1.2414239e-05,7.259377e-05
5830,201_01487,201,1487,0,N,0,N,0,N,0.99762523,0.99762523,3.6495644e-06,3.596e-08,0.0022978906,2.3656735e-06,1.1051147e-05,9.256564e-06,5.0467243e-05
5831,201_01488,201,1488,0,N,0,N,0,N,0.9980545,0.9980545,2.041031e-06,7.759379e-08,0.0018179355,8.9613295e-06,3.407397e-05,6.9475404e-06,7.551045e-05
5832,201_01489,201,1489,0,N,0,N,0,N,0.99685323,0.99685323,3.484918e-06,4.968175e-07,0.0026026848,0.00018914639,0.00014419694,0.00011253612,9.4091854e-05
5833,201_01490,201,1490,0,N,0,N,0,N,0.99776304,0.99776304,1.0720529e-05,2.6160916e-07,0.0020973631,7.921818e-06,3.4563807e-05,4.6171634e-05,3.987846e-05
5834,201_01491,201,1491,0,N,0,N,0,N,0.992503,0.992503,0.00016451608,2.7981284e-06,0.0031391603,0.00031918017,0.00012282956,0.0024346546,0.0013138568
5835,201_01492,201,1492,0,N,0,N,0,N,0.99887866,0.99887866,1.8450796e-06,1.6575085e-07,0.00092230504,2.9459077e-06,2.192718e-05,8.0127385e-05,9.194942e-05
5836,201_01493,201,1493,0,N,0,N,0,N,0.99704754,0.99704754,1.215361e-06,4.183704e-07,0.0024549456,1.3894776e-05,4.0627656e-05,0.00024761746,0.0001936733
5837,201_01494,201,1494,0,N,0,N,0,N,0.9970833,0.9970833,1.8720617e-05,5.607045e-06,0.002349522,2.7459853e-05,0.00016338781,0.00015334964,0.00019866524
5838,201_01495,201,1495,0,N,0,N,0,N,0.99924606,0.99924606,7.1714885e-07,5.3628077e-07,0.00049141335,2.1803069e-06,1.7941567e-05,0.00014857404,9.259299e-05
5839,201_01496,201,1496,0,N,0,N,0,N,0.99231756,0.99231756,5.346944e-06,1.885071e-06,0.006173986,1.9111054e-05,0.00048579738,0.00039253617,0.0006037169
5840,201_01497,201,1497,0,N,0,N,0,N,0.9941426,0.9941426,2.2817364e-06,6.4474852e-06,0.0037451037,0.00012642908,0.0013952919,0.0001623256,0.0004195221
5841,201_01498,201,1498,0,N,0,N,0,N,0.995709,0.995709,4.422095e-05,5.648477e-06,0.0021181114,5.6247685e-05,3.372829e-05,0.0016636952,0.00036937257
5842,201_01499,201,1499,0,N,0,N,0,N,0.9941222,0.9941222,6.935274e-05,2.1730464e-06,0.0035286495,0.00019315499,0.00019877106,0.0012244914,0.00066121365
5843,201_01500,201,1500,0,N,0,N,0,N,0.9980519,0.9980519,1.3510326e-06,1.5975255e-07,0.0017280809,7.4212214e-05,3.9885253e-05,7.3580144e-05,3.075138e-05
5844,201_01501,201,1501,0,N,0,N,0,N,0.9984974,0.9984974,4.976206e-06,1.1969895e-06,0.0012330508,4.3276992e-05,0.00011192946,5.1984567e-05,5.6047065e-05
5845,201_01502,201,1502,0,N,0,N,0,N,0.99718654,0.99718654,1.6424565e-05,1.2459209e-06,0.0023451736,3.26863e-05,7.9781916e-05,0.00023850506,9.973586e-05
5846,201_01503,201,1503,0,N,0,N,0,N,0.9953266,0.9953266,9.074996e-05,7.9642587e-07,0.0030335125,6.423529e-05,5.7667246e-05,0.0005252338,0.00090129697
5847,201_01504,201,1504,0,N,0,N,0,N,0.98377013,0.98377013,1.1910278e-05,3.4557045e-06,0.015071748,4.364514e-06,8.842644e-05,0.00013709423,0.00091278175
5848,201_01505,201,1505,0,N,0,N,0,N,0.9984972,0.9984972,5.367156e-05,6.4771107e-06,0.00034931998,0.00013796552,2.2991138e-05,0.0008198759,0.0001124284
5849,201_01506,201,1506,0,N,0,N,0,N,0.998146,0.998146,4.3964556e-06,1.1090381e-07,0.001717337,5.8179953e-06,3.7786438e-05,1.7869113e-05,7.056159e-05
5850,201_01507,201,1507,0,N,0,N,0,N,0.99806625,0.99806625,2.2018214e-06,2.2252361e-06,0.0010422383,0.00014062697,0.0004356257,0.00012013903,0.00019066683
5851,201_01508,201,1508,0,N,0,N,0,N,0.9956596,0.9956596,0.00012291447,3.9002393e-06,0.0034570508,0.0003060221,0.00013016794,0.00022489183,9.5582494e-05
5852,201_01509,201,1509,0,N,0,N,0,N,0.9986055,0.9986055,5.6380995e-06,6.511103e-08,0.0012758862,9.853908e-06,1.6234111e-05,5.2537358e-05,3.4196655e-05
5853,201_01510,201,1510,0,N,0,N,0,N,0.99905974,0.99905974,1.276287e-06,1.8276049e-07,0.00067372696,7.606713e-06,9.701464e-05,4.7608115e-05,0.000112920396
5854,201_01511,201,1511,0,N,0,N,0,N,0.9994282,0.9994282,9.3731455e-07,6.9448225e-07,0.0004226918,9.411012e-06,0.00010604346,1.359836e-05,1.8377817e-05
5855,201_01512,201,1512,0,N,0,N,0,N,0.99885803,0.99885803,2.8498522e-07,1.07022544e-07,0.0010874474,1.3974994e-07,1.7881024e-05,3.6822032e-06,3.233127e-05
5856,201_01513,201,1513,0,N,0,N,0,N,0.9993586,0.9993586,1.2906305e-06,3.2420016e-07,0.00046952657,1.0719246e-05,8.1769394e-05,3.7540365e-05,4.0246025e-05
5857,201_01514,201,1514,0,N,0,N,0,N,0.9997336,0.9997336,1.1284848e-06,3.2989366e-08,0.00022030382,3.2082182e-06,2.2813254e-05,8.39003e-06,1.0503383e-05
5858,201_01515,201,1515,0,N,0,N,0,N,0.9972782,0.9972782,2.2878672e-05,7.503423e-07,0.0020355748,0.00024214927,0.00019077775,6.539486e-05,0.00016426695
5859,201_01516,201,1516,0,N,0,N,0,N,0.9927919,0.9927919,0.001244676,3.1848144e-06,0.0048566214,0.0006946603,0.000109188455,0.0001627937,0.00013697128
5860,201_01517,201,1517,0,N,0,N,0,N,0.9902597,0.9902597,0.00219882,7.6506e-07,0.00658585,0.00015391728,2.4645868e-05,0.0002608937,0.0005153418
5861,201_01518,201,1518,0,N,0,N,0,N,0.9981538,0.9981538,4.389035e-05,1.0657709e-07,0.0016952705,5.683413e-06,1.4575909e-05,1.8279723e-05,6.8473724e-05
5862,201_01519,201,1519,0,N,0,N,0,N,0.99854505,0.99854505,5.3466258e-05,1.2102703e-06,0.0012024218,4.2005624e-05,5.7831265e-05,1.787133e-05,8.016788e-05
5863,201_01520,201,1520,0,N,0,N,0,N,0.99901366,0.99901366,9.492217e-06,1.4321847e-07,0.0009254617,1.4812258e-06,1.3458892e-05,3.3147887e-06,3.2951575e-05
5864,201_01521,201,1521,0,N,0,N,0,N,0.9984274,0.9984274,3.1944796e-06,1.0796174e-07,0.0014056268,2.881448e-06,7.806684e-05,7.359073e-06,7.538473e-05
5865,201_01522,201,1522,0,N,0,N,0,N,0.9995004,0.9995004,5.935571e-07,2.680809e-07,0.00026703003,1.7365977e-05,0.00016886341,2.0490104e-05,2.4923225e-05
5866,201_01523,201,1523,0,N,0,N,0,N,0.99722743,0.99722743,5.9133736e-06,3.6356874e-07,0.0026013933,1.061178e-05,9.21771e-05,3.0324367e-05,3.1868283e-05
5867,201_01524,201,1524,0,N,0,N,0,N,0.999484,0.999484,3.739515e-06,9.989487e-08,0.00035778593,5.385251e-06,5.870801e-05,1.5370251e-05,7.4965115e-05
5868,201_01525,201,1525,0,N,0,N,0,N,0.9983643,0.9983643,1.3983909e-05,1.164709e-07,0.0014650086,2.5885658e-05,3.1029245e-05,2.6556696e-05,7.3003306e-05
5869,201_01526,201,1526,0,N,0,N,0,N,0.9976318,0.9976318,5.6310742e-05,2.9731063e-07,0.0021806944,3.210482e-05,2.5597392e-05,2.340137e-05,4.97521e-05
5870,201_01527,201,1527,0,N,0,N,0,N,0.99914706,0.99914706,8.391364e-06,3.311471e-08,0.00074979913,8.646314e-06,1.36036e-05,4.120931e-05,3.1145366e-05
5871,201_01528,201,1528,0,N,0,N,0,N,0.9994428,0.9994428,8.562679e-07,4.1170765e-08,0.00047867408,1.5694347e-06,3.6135232e-05,3.1695654e-06,3.6911068e-05
5872,201_01529,201,1529,0,N,0,N,0,N,0.9987003,0.9987003,9.686216e-07,3.6659242e-07,0.0011109307,8.270148e-05,5.8784626e-05,3.145461e-05,1.444285e-05
5873,201_01530,201,1530,0,N,0,N,0,N,0.9974611,0.9974611,4.851067e-05,3.389406e-06,0.0020218187,4.3167474e-05,0.00032151243,3.206824e-05,6.843071e-05
5874,201_01531,201,1531,0,N,0,N,0,N,0.99846435,0.99846435,1.7020584e-05,4.0838702e-07,0.001210154,1.2544939e-05,2.5115527e-05,0.00013371532,0.00013679964
5875,201_01532,201,1532,0,N,0,N,0,N,0.9981353,0.9981353,3.7641323e-06,6.923345e-08,0.0017468338,2.1392166e-06,3.6969064e-05,9.4419165e-06,6.551926e-05
5876,201_01533,201,1533,0,N,0,N,0,N,0.9991874,0.9991874,9.783197e-07,2.518338e-07,0.0006138907,2.7152117e-05,7.460024e-05,3.9894814e-05,5.5706783e-05
5877,201_01534,201,1534,0,N,0,N,0,N,0.99980676,0.99980676,1.2086371e-06,1.0360934e-07,0.00015174937,6.1411215e-06,2.2622247e-05,9.535915e-06,1.8069401e-06
5878,201_01535,201,1535,0,N,0,N,0,N,0.9954339,0.9954339,6.3033763e-06,2.2687416e-06,0.003652851,3.743197e-05,0.0005950087,2.1779993e-05,0.00025053453
5879,201_01536,201,1536,0,N,0,N,0,N,0.9997316,0.9997316,1.5013201e-06,1.7654119e-07,0.00018150441,1.529767e-05,5.269677e-05,9.1730235e-06,8.109468e-06
5880,201_01537,201,1537,0,N,0,N,0,N,0.99410784,0.99410784,3.0267323e-05,3.0209662e-06,0.004836822,0.00013258884,0.000240275,9.25885e-05,0.00055655825
5881,201_01538,201,1538,0,N,0,N,0,N,0.99938536,0.99938536,2.306974e-06,3.5496845e-07,0.00031752282,4.240818e-05,5.016137e-05,0.0001710217,3.0888732e-05
5882,201_01539,201,1539,0,N,0,N,0,N,0.99717283,0.99717283,2.3982946e-06,2.5672027e-06,0.0019707629,3.8935683e-05,0.00021411687,0.00023961526,0.00035873492
5883,201_01540,201,1540,0,N,0,N,0,N,0.99776363,0.99776363,9.673806e-06,6.444802e-06,0.0017201608,2.605673e-05,0.0001127597,0.00017920803,0.00018209874
5884,201_01541,201,1541,0,N,0,N,0,N,0.9955009,0.9955009,0.0001340454,3.7977156e-06,0.0022641274,0.00010630434,0.00016493765,0.0005185731,0.0013073381
5885,201_01542,201,1542,0,N,0,N,0,N,0.991038,0.991038,7.472347e-05,6.5079564e-07,0.008193951,2.763253e-05,0.00010476045,6.0792874e-05,0.00049946393
5886,201_01543,201,1543,0,N,0,N,0,N,0.9975144,0.9975144,2.2707478e-05,3.9015154e-07,0.0018403139,5.6391713e-05,4.829243e-05,0.00026297045,0.00025454693
5887,201_01544,201,1544,0,N,0,N,0,N,0.9975563,0.9975563,8.272363e-06,2.9109637e-05,0.0016080699,3.725072e-05,5.0873667e-05,0.00044702252,0.00026317744
5888,201_01545,201,1545,0,N,0,N,0,N,0.9944956,0.9944956,1.0498682e-05,9.369977e-06,0.0029209494,7.16697e-05,8.385256e-05,0.0019095378,0.0004984256
5889,201_01546,201,1546,0,N,0,N,0,N,0.9988677,0.9988677,4.2279494e-06,5.060513e-07,0.0007538263,7.998417e-06,0.00013367587,0.0001078218,0.0001243125
5890,201_01547,201,1547,0,N,0,N,0,N,0.99654335,0.99654335,2.8420757e-06,9.820499e-07,0.002331876,8.714889e-05,0.0005344122,6.743611e-05,0.0004319055
5891,201_01548,201,1548,0,N,0,N,0,N,0.99529445,0.99529445,0.0001406935,9.4658327e-07,0.00404201,9.015176e-05,0.00013444261,9.4872164e-05,0.00020246633
5892,201_01549,201,1549,0,N,0,N,0,N,0.9990019,0.9990019,6.1244327e-06,4.3660656e-08,0.0009061871,3.982991e-06,2.277548e-05,1.089672e-05,4.8148282e-05
5893,201_01550,201,1550,0,N,0,N,0,N,0.9963372,0.9963372,1.70574e-05,2.1449726e-07,0.0032329662,2.1144266e-05,5.8582864e-05,4.143476e-05,0.0002914217
5894,201_01551,201,1551,0,N,0,N,0,N,0.9988772,0.9988772,2.799269e-05,1.0733692e-06,0.00091912074,6.085237e-05,6.695332e-05,2.7076698e-05,1.9795043e-05
5895,201_01552,201,1552,0,N,0,N,0,N,0.99943995,0.99943995,8.277895e-06,1.2794463e-07,0.0004603322,7.799714e-06,2.130369e-05,2.7564814e-05,3.4791763e-05
5896,201_01553,201,1553,0,N,0,N,0,N,0.9994206,0.9994206,2.3101134e-06,2.2743254e-07,0.000457541,2.7539095e-06,8.606534e-05,8.917979e-06,2.1585516e-05
5897,201_01554,201,1554,0,N,0,N,0,N,0.9978714,0.9978714,5.2176524e-06,1.1615418e-06,0.0013709588,7.805105e-05,0.0004965359,2.3241519e-05,0.00015343602
5898,201_01555,201,1555,0,N,0,N,0,N,0.99642664,0.99642664,9.364516e-05,3.617908e-07,0.0033218116,4.3760123e-05,4.5849498e-05,1.650544e-05,5.1569452e-05
5899,201_01556,201,1556,0,N,0,N,0,N,0.99804914,0.99804914,5.386559e-06,2.7315354e-08,0.001824511,1.3958239e-06,1.7530703e-05,7.578819e-06,9.43773e-05
5900,201_01557,201,1557,0,N,0,N,0,N,0.9991518,0.9991518,2.6790015e-06,2.3200604e-07,0.0006695336,9.784859e-06,4.389508e-05,1.299691e-05,0.0001090436
5901,201_01558,201,1558,0,N,0,N,0,N,0.9927206,0.9927206,5.9876356e-06,5.818575e-07,0.0069060633,1.4674487e-05,0.00015154772,1.9963622e-05,0.00018065194
5902,201_01559,201,1559,0,N,0,N,0,N,0.99893945,0.99893945,1.1647435e-05,3.1060415e-07,0.0009648326,2.3009404e-06,2.874181e-05,1.1587948e-05,4.117015e-05
5903,201_01560,201,1560,0,N,0,N,0,N,0.99933183,0.99933183,2.1418198e-06,2.2549855e-08,0.00062521914,6.175492e-07,1.1076726e-05,2.892429e-06,2.6253978e-05
5904,201_01561,201,1561,0,N,0,N,0,N,0.99739426,0.99739426,5.097114e-06,5.9288e-07,0.0021687187,3.7156933e-05,0.00015732448,5.2207735e-05,0.0001846607
5905,201_01562,201,1562,0,N,0,N,0,N,0.99366933,0.99366933,5.7962316e-05,4.8448564e-06,0.004484892,0.00040624157,6.82405e-05,0.0009786235,0.00032992577
5906,201_01563,201,1563,0,N,0,N,0,N,0.9987918,0.9987918,3.927661e-06,4.55629e-07,0.00089058315,1.4898687e-05,4.6530593e-05,0.00019738129,5.432315e-05
5907,201_01564,201,1564,0,N,0,N,0,N,0.99743104,0.99743104,4.800598e-06,5.151756e-07,0.0020680241,6.123209e-05,0.000109969136,0.00010889722,0.00021556222
5908,201_01565,201,1565,0,N,0,N,0,N,0.9992081,0.9992081,1.1573828e-06,6.132158e-07,0.00038087624,8.950805e-05,0.00015961604,0.00013049565,2.960012e-05
5909,201_01566,201,1566,0,N,0,N,0,N,0.9977101,0.9977101,6.3315724e-06,2.3191544e-06,0.0020756754,1.4436156e-05,5.662218e-05,5.8934205e-05,7.567677e-05
5910,201_01567,201,1567,0,N,0,N,0,N,0.9994697,0.9994697,2.2692082e-06,5.362371e-07,0.00042003085,5.820041e-06,2.4161644e-05,5.537564e-05,2.2109534e-05
5911,201_01568,201,1568,0,N,0,N,0,N,0.9991913,0.9991913,1.5060008e-06,2.3243622e-07,0.0006084721,6.4653827e-06,0.0001156773,1.5338093e-05,6.104806e-05
5912,201_01569,201,1569,0,N,0,N,0,N,0.9949228,0.9949228,1.47407545e-05,3.3019423e-06,0.0039246464,0.00024680363,0.0007357014,2.0773983e-05,0.00013122438
5913,201_01570,201,1570,0,N,0,N,0,N,0.99789655,0.99789655,0.00010146372,3.4071256e-06,0.0017021518,4.6793306e-05,0.00015467711,3.3308876e-05,6.165652e-05
5914,201_01571,201,1571,0,N,0,N,0,N,0.9979929,0.9979929,2.2096263e-05,4.8262626e-07,0.0016502475,7.441664e-06,3.2239743e-05,5.6610683e-05,0.00023789707
5915,201_01572,201,1572,0,N,0,N,0,N,0.981882,0.981882,2.8568587e-05,2.820892e-05,0.010802041,0.0013877987,0.0018436229,0.0023765487,0.0016512839
5916,201_01573,201,1573,0,N,0,N,0,N,0.9743918,0.9743918,4.6262354e-05,4.9636095e-05,0.008427489,0.0017090755,0.0023680374,0.0096133575,0.0033943432
5917,201_01574,201,1574,0,N,0,N,0,N,0.98297465,0.98297465,0.00012059171,0.000108059685,0.009042831,0.00014467031,0.0001802659,0.003906309,0.0035227246
5918,201_01575,201,1575,0,N,0,N,0,N,0.99651307,0.99651307,2.2858634e-05,4.060208e-07,0.002843078,2.3555516e-05,3.777261e-05,0.00031609312,0.00024321045
5919,201_01576,201,1576,0,N,0,N,0,N,0.9979691,0.9979691,4.5103143e-06,2.6267628e-07,0.0016838206,1.2094459e-05,9.29922e-05,5.1611216e-05,0.00018545403
5920,201_01577,201,1577,0,N,0,N,0,N,0.9988537,0.9988537,9.137172e-06,1.5831727e-06,0.0008742351,1.9193503e-05,5.3813652e-05,9.946084e-05,8.892133e-05
5921,201_01578,201,1578,0,N,0,N,0,N,0.9989505,0.9989505,8.853337e-06,2.0735152e-07,0.00089986855,1.2534132e-05,3.230834e-05,4.6134228e-05,4.9534752e-05
5922,201_01579,201,1579,0,N,0,N,0,N,0.9989753,0.9989753,2.4690446e-06,5.784947e-08,0.00093947654,5.340608e-06,2.9631658e-05,1.1194208e-05,3.6489993e-05
5923,201_01580,201,1580,0,N,0,N,0,N,0.9993807,0.9993807,6.6618253e-07,1.2777329e-07,0.00041393735,6.0577473e-05,8.522304e-05,3.619727e-05,2.2528617e-05
5924,201_01581,201,1581,0,N,0,N,0,N,0.9986688,0.9986688,4.353967e-06,7.521305e-07,0.0011574689,1.1978431e-05,0.00014385972,2.4093993e-06,1.0333116e-05
5925,201_01582,201,1582,0,N,0,N,0,N,0.998372,0.998372,4.8680176e-06,1.6083644e-07,0.0015147281,1.6026432e-06,5.2846597e-05,4.323952e-06,4.951008e-05
5926,201_01583,201,1583,0,N,0,N,0,N,0.9996809,0.9996809,1.3747263e-06,1.3942791e-08,0.00026320806,4.1362233e-07,1.133374e-05,3.584271e-06,3.921491e-05
5927,201_01584,201,1584,0,N,0,N,0,N,0.99870944,0.99870944,6.6542407e-07,1.0374386e-07,0.0011239997,6.992594e-06,8.43309e-05,6.4857263e-06,6.794834e-05
5928,201_01585,201,1585,0,N,0,N,0,N,0.9987217,0.9987217,1.2250908e-06,5.7343e-07,0.0009901932,5.575947e-05,0.00015972804,3.2044925e-05,3.8783386e-05
5929,201_01586,201,1586,0,N,0,N,0,N,0.9968581,0.9968581,6.3962516e-06,2.6891817e-06,0.002657705,8.371513e-05,0.00015606105,0.00018786913,4.7491965e-05
5930,201_01587,201,1587,0,N,0,N,0,N,0.99932253,0.99932253,1.0490202e-06,1.4251272e-07,0.00056776055,7.718701e-06,4.753062e-05,2.8106198e-05,2.5087636e-05
5931,201_01588,201,1588,0,N,0,N,0,N,0.9981528,0.9981528,2.137229e-06,2.3027194e-07,0.0015755431,7.029595e-05,0.000115590025,3.7444544e-05,4.594518e-05
5932,201_01589,201,1589,0,N,0,N,0,N,0.9935123,0.9935123,8.280618e-05,1.9167421e-06,0.0056393063,0.00019222431,0.0004762087,1.6308739e-05,7.893114e-05
5933,201_01590,201,1590,0,N,0,N,0,N,0.99904436,0.99904436,6.234033e-05,1.6229957e-07,0.00074808585,4.03131e-05,3.3362652e-05,3.670235e-05,3.4659162e-05
5934,201_01591,201,1591,0,N,0,N,0,N,0.9988168,0.9988168,2.190135e-05,2.2276517e-07,0.0008637388,2.6645514e-05,9.105178e-05,4.997564e-05,0.00012962423
5935,201_01592,201,1592,0,N,0,N,0,N,0.99942297,0.99942297,4.5624967e-07,1.2965644e-07,0.0004539988,1.8874565e-05,6.8593166e-05,2.1944088e-05,1.3023741e-05
5936,201_01593,201,1593,5,ABERR,0,N,0,N,0.9969436,0.9969436,3.190003e-06,1.0170321e-06,0.0028060386,1.7692002e-05,0.0001516303,1.936955e-05,5.7422545e-05
5937,201_01594,201,1594,0,N,5,ABERR,0,N,0.99941033,0.99941033,6.821527e-06,3.1485845e-06,0.00048481187,3.398306e-05,3.8992468e-05,1.3054578e-05,8.759841e-06
5938,201_01595,201,1595,0,N,0,N,0,N,0.9991319,0.9991319,1.1898326e-05,1.9153742e-08,0.0008237459,3.73586e-06,1.177343e-05,4.1991148e-06,1.270061e-05
5939,201_01596,201,1596,5,ABERR,0,N,0,N,0.99853575,0.99853575,2.9062355e-06,7.639791e-08,0.0012368009,6.3904205e-05,0.00012363192,4.552384e-06,3.2312946e-05
5940,201_01597,201,1597,0,N,5,ABERR,0,N,0.999723,0.999723,4.0135947e-07,1.3498138e-07,0.00017228584,3.4211822e-05,5.2553187e-05,1.4212471e-05,3.1906518e-06
5941,201_01598,201,1598,0,N,0,N,0,N,0.99641085,0.99641085,1.1045698e-05,3.3479807e-06,0.0027243032,0.00013240895,0.00041738676,0.00018947417,0.00011116263
5942,201_01599,201,1599,0,N,0,N,0,N,0.998407,0.998407,7.259184e-06,1.3958119e-06,0.00051420816,6.408698e-05,0.00021780295,0.00056229014,0.00022594487
5943,201_01600,201,1600,0,N,0,N,0,N,0.99543065,0.99543065,3.0210667e-05,1.179918e-06,0.0036697807,0.000114344235,0.00021129572,0.00021435539,0.0003282098
5944,201_01601,201,1601,0,N,0,N,0,N,0.99789846,0.99789846,1.1661869e-05,6.2824336e-07,0.0018690818,5.426856e-05,3.3034637e-05,6.0462422e-05,7.238482e-05
5945,201_01602,201,1602,0,N,0,N,0,N,0.9993096,0.9993096,3.6311917e-06,5.4562495e-08,0.0006377561,4.264153e-06,2.2757911e-05,1.24129865e-05,9.473529e-06
5946,201_01603,201,1603,0,N,0,N,0,N,0.9992302,0.9992302,1.5221829e-06,1.3789774e-07,0.0005826863,6.0075313e-06,0.000110875684,6.7037645e-06,6.175212e-05
5947,201_01604,201,1604,0,N,0,N,0,N,0.9967183,0.9967183,1.819251e-06,3.870728e-07,0.003005573,1.2779241e-05,0.00013127904,1.2860188e-05,0.00011700912
5948,201_01605,201,1605,0,N,0,N,0,N,0.99788713,0.99788713,2.5699423e-05,2.7784307e-07,0.0019342147,2.5856746e-06,2.710499e-05,1.6652972e-05,0.00010639485
5949,201_01606,201,1606,0,N,0,N,0,N,0.99951696,0.99951696,1.8831882e-06,1.8455845e-08,0.0004456117,6.5319773e-07,1.1294013e-05,1.9238926e-06,2.1701106e-05
5950,201_01607,201,1607,0,N,0,N,0,N,0.99678475,0.99678475,6.933641e-06,4.0703688e-07,0.0027216617,4.9948125e-05,0.00010205862,5.7012694e-05,0.00027736588
5951,201_01608,201,1608,0,N,0,N,0,N,0.9988205,0.9988205,3.6933277e-05,3.7902086e-07,0.0009901675,2.8452916e-05,3.319055e-05,4.3894088e-05,4.6422094e-05
5952,201_01609,201,1609,0,N,0,N,0,N,0.9976288,0.9976288,1.0178651e-06,1.4379366e-08,0.0022376182,3.0897874e-07,1.0998847e-05,7.0047067e-06,0.00011419537
5953,201_01610,201,1610,0,N,0,N,0,N,0.9972609,0.9972609,1.9681224e-06,3.962753e-07,0.0018889651,3.2289427e-05,0.00035531636,5.41244e-05,0.00040605132
5954,201_01611,201,1611,0,N,0,N,0,N,0.9991456,0.9991456,2.8757364e-07,5.472281e-07,0.0004370617,0.00015085567,0.0001260979,0.00011647822,2.2993412e-05
5955,201_01612,201,1612,0,N,0,N,0,N,0.99869984,0.99869984,1.1116333e-05,4.452622e-07,0.0012180451,9.427905e-06,4.2467047e-05,7.896903e-06,1.0813405e-05
5956,201_01613,201,1613,0,N,0,N,0,N,0.9989592,0.9989592,3.0614953e-07,6.401552e-08,0.00096602965,1.8914552e-07,4.378658e-05,1.3237087e-06,2.904529e-05
5957,201_01614,201,1614,0,N,0,N,0,N,0.9984357,0.9984357,2.2885276e-06,1.6783387e-06,0.00096269936,4.2159703e-05,0.00015108196,6.221603e-05,0.00034217606
5958,201_01615,201,1615,0,N,0,N,0,N,0.9971912,0.9971912,1.0602341e-05,2.6236293e-07,0.0024950078,2.4962512e-05,0.00010350968,9.033631e-05,8.410207e-05
5959,201_01616,201,1616,0,N,0,N,0,N,0.99919987,0.99919987,1.04789815e-05,7.796056e-08,0.0006375003,1.6355554e-05,4.640599e-05,3.4285116e-05,5.4979813e-05
5960,201_01617,201,1617,0,N,0,N,0,N,0.9979381,0.9979381,6.2170875e-06,7.208392e-08,0.0018853679,2.4087054e-05,6.390099e-05,1.1387189e-05,7.092506e-05
5961,201_01618,201,1618,0,N,0,N,0,N,0.99634385,0.99634385,1.9482708e-05,6.9855946e-07,0.0030234489,0.00015585223,0.00013844568,9.415837e-05,0.00022405638
5962,201_01619,201,1619,0,N,0,N,0,N,0.99947125,0.99947125,2.4507008e-06,8.695725e-08,0.00046321264,2.8808865e-06,1.1553719e-05,3.466944e-05,1.3909253e-05
5963,201_01620,201,1620,0,N,0,N,0,N,0.99584115,0.99584115,1.4820691e-06,2.3826813e-07,0.0037096106,8.045177e-07,0.0001465715,9.363724e-06,0.00029079698
5964,201_01621,201,1621,0,N,0,N,0,N,0.99871445,0.99871445,1.3622001e-06,1.2078073e-06,0.00060494465,0.00012048794,0.00027275964,0.000110492685,0.00017440277
5965,201_01622,201,1622,0,N,0,N,0,N,0.99004304,0.99004304,3.478873e-05,4.7402176e-07,0.008845343,5.2629046e-05,0.00015972625,0.0004009349,0.0004630782
5966,201_01623,201,1623,0,N,0,N,0,N,0.9975196,0.9975196,7.872834e-06,6.2028835e-07,0.0018392566,3.355634e-06,4.2371375e-05,8.640735e-05,0.00050048606
5967,201_01624,201,1624,0,N,0,N,0,N,0.99789906,0.99789906,1.2764807e-06,1.7197085e-08,0.002022658,5.371015e-07,9.960046e-06,6.0179e-06,6.0411163e-05
5968,201_01625,201,1625,0,N,0,N,0,N,0.9990803,0.9990803,2.1218882e-07,5.898067e-08,0.00085045205,5.6366994e-06,2.1934742e-05,1.3414719e-05,2.801681e-05
5969,201_01626,201,1626,0,N,0,N,0,N,0.99943686,0.99943686,2.4752082e-06,4.0028795e-07,0.00041159472,1.4913571e-05,3.9974973e-05,7.4665135e-05,1.9272742e-05
5970,201_01627,201,1627,0,N,0,N,0,N,0.99865687,0.99865687,2.9837835e-07,2.4092773e-07,0.0012022601,8.7274753e-07,3.1026706e-05,3.5020494e-05,7.350218e-05
5971,201_01628,201,1628,5,ABERR,0,N,0,N,0.9997955,0.9997955,9.4336804e-07,4.7962857e-08,0.00015439054,6.116399e-06,1.5391752e-05,2.0132913e-05,7.5869484e-06
5972,201_01629,201,1629,0,N,5,ABERR,0,N,0.99958587,0.99958587,4.911884e-07,8.5699796e-08,0.00036128928,1.3361757e-06,3.9611845e-05,2.3064972e-06,8.917609e-06
5973,201_01630,201,1630,0,N,0,N,0,N,0.9979442,0.9979442,3.402689e-05,3.2309867e-06,0.0016160937,0.00011569367,0.0001145309,0.00011349362,5.8716592e-05
5974,201_01631,201,1631,0,N,0,N,0,N,0.9963738,0.9963738,4.8455426e-05,1.0467156e-05,0.0006521327,9.3129005e-05,0.00012865597,0.000812121,0.0018813707
5975,201_01632,201,1632,0,N,0,N,0,N,0.98883224,0.98883224,1.6918117e-05,7.9659134e-07,0.010843948,2.1420315e-06,5.7075402e-05,4.7403075e-05,0.00019951846
5976,201_01633,201,1633,0,N,0,N,0,N,0.9965519,0.9965519,1.0139379e-06,2.2935635e-06,0.00223164,0.00027744897,0.00048730697,0.00013594242,0.00031243463
5977,201_01634,201,1634,0,N,0,N,0,N,0.9987321,0.9987321,1.1192764e-05,4.1632015e-06,0.00064709905,0.00024430035,0.00020696259,0.00013212778,2.2109953e-05
5978,201_01635,201,1635,0,N,0,N,0,N,0.9986858,0.9986858,5.40749e-06,1.7579951e-07,0.0011437775,3.8364033e-05,3.3844743e-05,6.29105e-05,2.9780278e-05
5979,201_01636,201,1636,0,N,0,N,0,N,0.9990496,0.9990496,7.936391e-06,3.725784e-07,0.0004867393,0.00018945489,0.0001868187,4.5609144e-05,3.3405424e-05
5980,201_01637,201,1637,0,N,0,N,0,N,0.99926627,0.99926627,2.9303171e-06,9.511436e-08,0.0005965716,4.7987854e-05,3.6987207e-05,2.852298e-05,2.0725456e-05
5981,201_01638,201,1638,0,N,0,N,0,N,0.9995589,0.9995589,7.189226e-07,1.7743473e-07,0.0003828846,1.190169e-06,2.2671296e-05,1.191403e-05,2.1592334e-05
5982,201_01639,201,1639,0,N,0,N,0,N,0.9991632,0.9991632,1.7653886e-06,1.8848219e-07,0.00055987155,8.540921e-06,9.666155e-05,2.821663e-05,0.00014153286
5983,201_01640,201,1640,0,N,0,N,0,N,0.99911267,0.99911267,1.2200182e-06,3.0196188e-07,0.0007324674,5.9581926e-06,9.320981e-05,1.6744827e-05,3.7423262e-05
5984,201_01641,201,1641,0,N,0,N,0,N,0.999318,0.999318,6.1680373e-07,8.772432e-08,0.0006245731,9.1453387e-07,7.764558e-06,1.5242798e-05,3.2862492e-05
5985,201_01642,201,1642,0,N,0,N,0,N,0.9991319,0.9991319,5.405844e-07,9.568252e-08,0.0007879215,1.2933648e-06,2.8149092e-05,1.5734755e-05,3.4219254e-05
5986,201_01643,201,1643,0,N,0,N,0,N,0.99886686,0.99886686,6.1919513e-07,1.3671291e-07,0.0008555689,4.2144817e-05,0.00010632374,6.559355e-05,6.2691004e-05
5987,201_01644,201,1644,0,N,0,N,0,N,0.99796546,0.99796546,3.2968696e-06,6.162821e-07,0.0009906001,0.00028819308,0.00035741547,0.00027758454,0.00011686975
5988,201_01645,201,1645,0,N,0,N,0,N,0.9956621,0.9956621,2.7660271e-05,1.9231827e-06,0.003799827,8.763121e-05,0.00016167031,0.00011463333,0.00014472076
5989,201_01646,201,1646,0,N,0,N,0,N,0.99740136,0.99740136,6.6662215e-06,1.8091251e-06,0.0021576858,1.7764489e-05,6.694805e-05,0.00013826985,0.00020961578
5990,201_01647,201,1647,0,N,0,N,0,N,0.9980806,0.9980806,2.4127385e-06,1.3047246e-07,0.0017954916,2.5395188e-06,4.883308e-05,1.2988772e-05,5.6959936e-05
5991,201_01648,201,1648,0,N,0,N,0,N,0.99917513,0.99917513,1.2878708e-06,1.7618414e-07,0.00055366417,3.1329633e-05,0.00010781323,3.377367e-05,9.684863e-05
5992,201_01649,201,1649,0,N,0,N,0,N,0.99701524,0.99701524,9.853324e-06,2.574857e-07,0.0028705755,1.3651352e-05,3.3147568e-05,2.2176555e-05,3.500587e-05
5993,201_01650,201,1650,0,N,0,N,0,N,0.99864864,0.99864864,6.6374076e-07,3.808545e-07,0.0012708124,5.1803124e-07,4.107386e-05,4.109594e-06,3.3807744e-05
5994,201_01651,201,1651,0,N,0,N,0,N,0.99923855,0.99923855,3.5101514e-06,3.1615653e-07,0.0005808857,3.1487457e-06,4.7010613e-05,1.2560725e-05,0.00011403709
5995,201_01652,201,1652,0,N,0,N,0,N,0.9966763,0.9966763,7.1379077e-06,6.124454e-07,0.0020625268,0.00063757505,0.00031231038,0.000147801,0.00015574403
5996,201_01653,201,1653,0,N,0,N,0,N,0.9988641,0.9988641,3.289172e-06,2.2042822e-07,0.00097646023,2.338536e-05,0.000110693196,1.2743388e-05,9.152678e-06
5997,201_01654,201,1654,0,N,0,N,0,N,0.99943876,0.99943876,2.789866e-06,1.328195e-07,0.0005002202,3.5486978e-06,9.480817e-06,2.787915e-05,1.7172424e-05
5998,201_01655,201,1655,0,N,0,N,0,N,0.9995123,0.9995123,6.2382026e-07,4.8092154e-08,0.00040672065,7.3347206e-07,3.8994327e-05,5.584713e-06,3.4959055e-05
5999,201_01656,201,1656,0,N,0,N,0,N,0.9993328,0.9993328,5.754396e-07,1.4113567e-07,0.0005310041,1.3962051e-05,6.386172e-05,1.0047927e-05,4.760891e-05
6000,201_01657,201,1657,0,N,0,N,0,N,0.9970403,0.9970403,3.9365073e-05,3.7730686e-07,0.0026472858,6.322475e-05,8.725806e-05,7.850885e-05,4.376365e-05
6001,201_01658,201,1658,0,N,0,N,0,N,0.9970022,0.9970022,2.250465e-06,6.7004976e-07,0.0025119716,8.6901655e-06,0.00011956075,9.369452e-05,0.00026098656
6002,201_01659,201,1659,0,N,0,N,0,N,0.9978634,0.9978634,4.9370146e-06,7.8344317e-07,0.0018887053,2.6715505e-05,3.913977e-05,8.624421e-05,8.996908e-05
6003,201_01660,201,1660,0,N,0,N,0,N,0.9963617,0.9963617,1.29077e-05,1.6057757e-06,0.0027759306,0.00013791565,0.00033409742,0.0001094143,0.0002664579
6004,201_01661,201,1661,0,N,0,N,0,N,0.9958934,0.9958934,1.5820939e-05,1.139276e-06,0.0038105745,9.040422e-06,7.7823126e-05,3.7001024e-05,0.00015526384
6005,201_01662,201,1662,0,N,0,N,0,N,0.9985592,0.9985592,8.2759055e-07,3.5716334e-07,0.0011553122,1.1529292e-05,0.00012879132,3.635713e-05,0.00010764027
6006,201_01663,201,1663,0,N,0,N,0,N,0.99799013,0.99799013,2.1294777e-06,1.0152046e-06,0.0016804793,4.6727946e-05,0.00016134807,3.1664815e-05,8.644919e-05
6007,201_01664,201,1664,0,N,0,N,0,N,0.998286,0.998286,6.7615714e-05,1.2166431e-06,0.0014609866,2.9275052e-05,4.740698e-05,5.2477444e-05,5.5020177e-05
6008,201_01665,201,1665,0,N,0,N,0,N,0.99901164,0.99901164,2.7620208e-06,1.7574958e-07,0.00089687953,3.322815e-06,2.230676e-05,2.1106307e-05,4.1713683e-05
6009,201_01666,201,1666,0,N,0,N,0,N,0.9998658,0.9998658,6.747851e-07,5.669139e-09,0.00012316962,4.3421596e-07,5.4286347e-06,1.5529125e-06,2.8827687e-06
6010,201_01667,201,1667,0,N,0,N,0,N,0.99975336,0.99975336,1.0035937e-07,7.2434105e-08,0.00019083693,2.7374579e-06,4.3158623e-05,2.7646936e-06,6.966379e-06
6011,201_01668,201,1668,0,N,0,N,0,N,0.9993987,0.9993987,5.75787e-06,8.698216e-07,0.000483554,4.2199765e-05,3.8644474e-05,1.8982126e-05,1.1260521e-05
6012,201_01669,201,1669,0,N,0,N,0,N,0.99942476,0.99942476,1.1685449e-06,2.903342e-07,0.0005087503,4.78796e-06,1.6393298e-05,2.9149754e-05,1.4714505e-05
6013,201_01670,201,1670,0,N,0,N,0,N,0.9994692,0.9994692,1.1513872e-06,1.0161174e-07,0.00040496938,4.7314998e-06,2.8332228e-05,5.3982505e-05,3.7532278e-05
6014,201_01671,201,1671,0,N,0,N,0,N,0.9960336,0.9960336,1.8006532e-06,1.1220213e-06,0.0029355837,8.786059e-05,0.00054417143,0.000111193054,0.00028468596
6015,201_01672,201,1672,0,N,0,N,0,N,0.99834085,0.99834085,2.0901209e-05,7.4005907e-06,0.00096239726,6.6540815e-05,7.8457495e-05,0.00024814563,0.00027534436
6016,201_01673,201,1673,0,N,0,N,0,N,0.99678147,0.99678147,9.697011e-06,2.20508e-07,0.0030493685,9.083317e-06,3.767707e-05,4.0649637e-05,7.186479e-05
6017,201_01674,201,1674,0,N,0,N,0,N,0.9979569,0.9979569,4.3901514e-06,1.917252e-07,0.0015719698,6.927071e-05,0.00010178833,6.601856e-05,0.00022950192
6018,201_01675,201,1675,0,N,0,N,0,N,0.99866796,0.99866796,4.065428e-05,7.2594787e-07,0.0010552094,5.9764185e-05,4.519962e-05,5.5694713e-05,7.487913e-05
6019,201_01676,201,1676,0,N,0,N,0,N,0.9990426,0.9990426,1.628869e-06,4.1071704e-08,0.0008802636,3.2355981e-06,1.6108219e-05,2.6563132e-05,2.9543047e-05
6020,201_01677,201,1677,0,N,0,N,0,N,0.9991958,0.9991958,4.9458015e-07,3.770774e-08,0.00071921543,9.983984e-07,4.8632864e-05,3.532814e-06,3.1291373e-05
6021,201_01678,201,1678,0,N,0,N,0,N,0.9976695,0.9976695,1.0217054e-06,6.373609e-07,0.0014713857,0.000121383884,0.00059617154,2.1165313e-05,0.00011870078
6022,201_01679,201,1679,0,N,0,N,0,N,0.9893909,0.9893909,5.8522608e-05,3.696919e-06,0.006881062,0.0015775034,0.0005612502,0.0011902273,0.00033680632
6023,201_01680,201,1680,0,N,0,N,0,N,0.9980515,0.9980515,2.0678863e-06,1.539682e-07,0.0014043762,2.7476164e-05,4.8869395e-05,0.00035644585,0.000109098895
6024,201_01681,201,1681,0,N,0,N,0,N,0.9992942,0.9992942,2.3585217e-07,3.203748e-08,0.000670066,1.7483131e-06,2.1512958e-05,2.8410013e-06,9.329714e-06
6025,201_01682,201,1682,0,N,0,N,0,N,0.99653924,0.99653924,1.4900705e-06,7.4764625e-07,0.0028288858,0.0002498006,0.00030824522,2.3960498e-05,4.771922e-05
6026,201_01683,201,1683,0,N,0,N,0,N,0.9957366,0.9957366,7.008969e-05,1.7787077e-05,0.00030081286,0.0029372072,0.00019041183,0.0007294284,1.7542468e-05
6027,201_01684,201,1684,0,N,0,N,0,N,0.9982452,0.9982452,1.9552772e-05,1.2157293e-06,0.0015401022,2.7161173e-05,3.7369024e-05,9.558471e-05,3.3801596e-05
6028,201_01685,201,1685,0,N,0,N,0,N,0.99317,0.99317,1.5238673e-05,1.30381e-06,0.0062376275,0.000111072026,0.00022981102,2.8990347e-05,0.00020593074
6029,201_01686,201,1686,0,N,0,N,0,N,0.9946316,0.9946316,2.8010463e-05,2.3662978e-06,0.0019040823,0.0013794185,0.0008628608,0.0006665974,0.0005250097
6030,201_01687,201,1687,0,N,0,N,0,N,0.9976113,0.9976113,8.020761e-06,1.8788745e-07,0.0021439781,9.711518e-06,1.3956714e-05,0.00013442198,7.8388424e-05
6031,201_01688,201,1688,0,N,0,N,0,N,0.99782044,0.99782044,5.499761e-07,3.685046e-08,0.0021111765,2.1000524e-06,2.0540956e-05,7.999813e-06,3.7053076e-05
6032,201_01689,201,1689,0,N,0,N,0,N,0.99944675,0.99944675,5.2510603e-07,8.153734e-08,0.00039387206,6.4476226e-05,6.49292e-05,1.6276479e-05,1.3218608e-05
6033,201_01690,201,1690,0,N,0,N,0,N,0.99950063,0.99950063,1.7656092e-06,6.912903e-08,0.0004388397,1.3950831e-05,3.6040023e-05,5.1000175e-06,3.6445363e-06
6034,201_01691,201,1691,0,N,0,N,0,N,0.99920464,0.99920464,1.060266e-06,2.283097e-07,0.0007298171,3.3370152e-06,4.9798946e-05,4.0127825e-06,7.029628e-06
6035,201_01692,201,1692,0,N,0,N,0,N,0.99981153,0.99981153,5.148714e-07,4.635645e-08,0.00013245955,6.194011e-06,3.0907915e-05,1.13992455e-05,6.8096056e-06
6036,201_01693,201,1693,0,N,0,N,0,N,0.9996908,0.9996908,3.3415705e-07,3.1845087e-08,0.0002731065,4.0668697e-06,2.0841393e-05,4.8793404e-06,5.9108133e-06
6037,201_01694,201,1694,0,N,0,N,0,N,0.9984082,0.9984082,4.677046e-06,2.2711713e-06,0.0008216218,0.00021488218,0.00043411204,6.119092e-05,5.3031174e-05
6038,201_01695,201,1695,0,N,0,N,0,N,0.99972516,0.99972516,1.1348092e-06,5.913145e-07,0.00014585225,1.9857263e-05,6.866578e-06,9.194278e-05,8.497419e-06
6039,201_01696,201,1696,0,N,0,N,0,N,0.9895274,0.9895274,7.5376784e-06,2.4544206e-06,0.009555004,1.02677095e-05,0.0002148935,0.00012444747,0.00055795826
6040,201_01697,201,1697,0,N,0,N,0,N,0.9987024,0.9987024,1.727376e-06,1.5154842e-07,0.0011112895,9.69197e-06,8.171407e-05,1.8383447e-05,7.4591764e-05
6041,201_01698,201,1698,0,N,0,N,0,N,0.99312115,0.99312115,5.5216733e-06,1.9413367e-06,0.0062491777,2.377225e-05,0.00016923777,7.053326e-05,0.00035871466
6042,201_01699,201,1699,0,N,0,N,0,N,0.99736845,0.99736845,3.667906e-05,7.4889276e-06,0.0013410343,0.00016818101,7.805949e-05,0.0007681856,0.00023181904
6043,201_01700,201,1700,0,N,0,N,0,N,0.99913776,0.99913776,1.4112974e-06,6.602514e-08,0.0007711285,4.057838e-06,1.4849227e-05,5.0032762e-05,2.0644718e-05
6044,201_01701,201,1701,0,N,0,N,0,N,0.99937785,0.99937785,7.8627045e-07,2.2257254e-07,0.00039255287,6.213731e-06,0.00015643226,2.0761323e-05,4.515568e-05
6045,201_01702,201,1702,0,N,0,N,0,N,0.9985675,0.9985675,1.2048238e-06,7.800761e-07,0.0008730934,9.662299e-05,0.0002971042,9.5976815e-05,6.765582e-05
6046,201_01703,201,1703,0,N,0,N,0,N,0.9935658,0.9935658,2.8814404e-05,7.468903e-06,0.0044899043,0.0005072167,0.0004706223,0.0003582729,0.00057200843
6047,201_01704,201,1704,0,N,0,N,0,N,0.99364,0.99364,2.4258268e-05,3.325887e-07,0.0057245395,2.2251617e-05,3.683276e-05,0.00024426306,0.00030746337
6048,201_01705,201,1705,0,N,0,N,0,N,0.99828756,0.99828756,2.590242e-06,2.386315e-07,0.0013537288,1.5771042e-05,8.106474e-05,4.5754517e-05,0.00021333103
6049,201_01706,201,1706,0,N,0,N,0,N,0.99585575,0.99585575,1.5529869e-06,6.700456e-07,0.00373325,6.6078144e-05,0.00021142284,4.5080465e-05,8.61764e-05
6050,201_01707,201,1707,0,N,0,N,0,N,0.9976003,0.9976003,2.1575503e-05,8.164117e-07,0.0020920273,3.308075e-05,0.0001616443,3.8950668e-05,5.151481e-05
6051,201_01708,201,1708,0,N,0,N,0,N,0.99951565,0.99951565,3.6108113e-06,2.1712584e-07,0.0003825129,2.630446e-06,1.2209022e-05,4.9478946e-05,3.363559e-05
6052,201_01709,201,1709,0,N,0,N,0,N,0.9997274,0.9997274,2.1406504e-07,1.0126544e-08,0.00023946879,4.7532552e-07,1.137469e-05,7.788806e-06,1.3230228e-05
6053,201_01710,201,1710,0,N,0,N,0,N,0.99865294,0.99865294,1.1887682e-06,3.4644555e-07,0.00079903204,4.320624e-05,0.0003854792,2.9624047e-05,8.811383e-05
6054,201_01711,201,1711,0,N,0,N,0,N,0.9903746,0.9903746,0.00017334634,2.9924495e-06,0.006348342,0.00051221345,0.00092975877,0.0006705611,0.0009881862
6055,201_01712,201,1712,0,N,0,N,0,N,0.98675644,0.98675644,0.00014777621,1.1564163e-06,0.010707146,0.000108739536,9.715554e-05,0.0007209195,0.0014607611
6056,201_01713,201,1713,0,N,0,N,0,N,0.96513397,0.96513397,7.1499744e-05,1.395457e-06,0.030740153,9.471699e-05,0.00013913073,0.0006265933,0.0031924655
6057,201_01714,201,1714,0,N,0,N,0,N,0.9980902,0.9980902,3.7826154e-05,4.819498e-07,0.001523838,1.1162989e-05,2.4465036e-05,0.00014733887,0.00016457403
6058,201_01715,201,1715,0,N,0,N,0,N,0.9986441,0.9986441,1.2927254e-05,3.1652746e-08,0.0012244105,2.1513042e-06,2.4571676e-05,7.026355e-06,8.476222e-05
6059,201_01716,201,1716,0,N,0,N,0,N,0.99786615,0.99786615,7.008064e-06,1.3816532e-07,0.001934352,1.0261056e-05,3.2779528e-05,1.6962225e-05,0.00013244589
6060,201_01717,201,1717,0,N,0,N,0,N,0.99925685,0.99925685,5.1627694e-06,1.3909955e-07,0.0006836102,6.6731473e-06,1.8202956e-05,1.43523275e-05,1.50853975e-05
6061,201_01718,201,1718,0,N,0,N,0,N,0.99910265,0.99910265,1.6487692e-06,5.2812686e-07,0.0007791857,1.4849427e-05,5.5877903e-05,2.5369283e-05,1.9767418e-05
6062,201_01719,201,1719,0,N,0,N,0,N,0.99955964,0.99955964,2.0966138e-05,2.9067903e-07,0.00023883839,5.3382842e-05,4.174986e-05,6.629672e-05,1.8867031e-05
6063,201_01720,201,1720,0,N,0,N,0,N,0.9983995,0.9983995,3.994165e-06,3.9233313e-07,0.0010339491,9.300747e-05,0.00018804175,0.000114670605,0.00016660069
6064,201_01721,201,1721,0,N,0,N,0,N,0.999133,0.999133,2.2871742e-05,2.0769373e-06,0.00069965544,3.0775736e-05,3.1295553e-05,4.9968057e-05,3.0356101e-05
6065,201_01722,201,1722,0,N,0,N,0,N,0.99896705,0.99896705,1.0221555e-06,6.119927e-08,0.0009172222,1.7579545e-06,2.9421408e-05,1.77049e-05,6.5739914e-05
6066,201_01723,201,1723,0,N,0,N,0,N,0.99757063,0.99757063,9.544127e-07,3.188226e-07,0.0021224834,8.496534e-06,0.00013024155,2.3627834e-05,0.0001433834
6067,201_01724,201,1724,0,N,0,N,0,N,0.9995862,0.9995862,6.45356e-07,2.2786972e-07,0.00032948348,6.864733e-06,4.8271962e-05,1.2342858e-05,1.5801728e-05
6068,201_01725,201,1725,0,N,0,N,0,N,0.99790037,0.99790037,2.755614e-06,1.0656893e-07,0.0019834652,3.8624034e-06,5.872578e-05,1.18518565e-05,3.889789e-05
6069,201_01726,201,1726,0,N,0,N,0,N,0.9994395,0.9994395,3.6617374e-07,6.418461e-08,0.00045152995,2.4427454e-06,7.153455e-05,4.039635e-06,3.0587584e-05
6070,201_01727,201,1727,0,N,0,N,0,N,0.9993604,0.9993604,2.506852e-07,1.237821e-07,0.00047661448,5.7457437e-05,3.1104755e-05,5.3115422e-05,2.1025806e-05
6071,201_01728,201,1728,0,N,0,N,0,N,0.9981793,0.9981793,6.3787857e-06,4.953967e-07,0.0012469883,7.836816e-05,0.00045748334,1.6479959e-05,1.4459538e-05
6072,201_01729,201,1729,0,N,0,N,0,N,0.9997297,0.9997297,3.3775723e-07,2.255109e-08,0.00022077281,3.0924537e-06,3.294313e-05,6.772367e-06,6.3582656e-06
6073,201_01730,201,1730,0,N,0,N,0,N,0.99912184,0.99912184,5.7854453e-07,5.6643838e-08,0.0007707645,4.5708002e-06,3.644964e-05,2.2802122e-05,4.2949974e-05
6074,201_01731,201,1731,0,N,0,N,0,N,0.9997131,0.9997131,2.623295e-07,3.5053173e-08,0.00019349526,1.23330465e-05,4.3079825e-05,2.5790536e-05,1.1882074e-05
6075,201_01732,201,1732,0,N,0,N,0,N,0.9993543,0.9993543,6.891911e-07,3.2397745e-07,0.0004279277,2.3632074e-05,0.00017480933,7.701688e-06,1.0709728e-05
6076,201_01733,201,1733,0,N,0,N,0,N,0.9973502,0.9973502,1.5046494e-05,3.3302962e-07,0.00237487,2.6323063e-05,0.00013778522,2.5623256e-05,6.9858586e-05
6077,201_01734,201,1734,0,N,0,N,0,N,0.9989667,0.9989667,1.7987932e-06,1.5227634e-07,0.0007800562,1.0623589e-05,7.035944e-05,4.7199544e-05,0.00012313634
6078,201_01735,201,1735,0,N,0,N,0,N,0.99735534,0.99735534,1.3058066e-06,7.2421244e-08,0.0024724726,1.6668067e-05,3.9822917e-05,3.913234e-05,7.527176e-05
6079,201_01736,201,1736,0,N,0,N,0,N,0.9948233,0.9948233,1.585188e-05,1.0655269e-06,0.00474148,9.104032e-05,0.00018941546,4.268777e-05,9.513096e-05
6080,201_01737,201,1737,0,N,0,N,0,N,0.99892217,0.99892217,4.0189218e-05,3.4697516e-07,0.00085848477,2.2738635e-05,1.6106264e-05,9.096755e-05,4.8928774e-05
6081,201_01738,201,1738,0,N,0,N,0,N,0.9987043,0.9987043,2.7313197e-06,2.2068983e-08,0.0012440151,1.3749664e-06,1.3736905e-05,5.9029708e-06,2.787607e-05
6082,201_01739,201,1739,0,N,0,N,0,N,0.9993775,0.9993775,1.7176324e-06,1.1359923e-07,0.00037135163,2.219419e-05,0.0001258603,1.6751887e-05,8.45685e-05
6083,201_01740,201,1740,0,N,0,N,0,N,0.99764276,0.99764276,1.8339867e-06,2.3621968e-07,0.002204412,1.1539888e-05,0.00010313305,8.501273e-06,2.7535069e-05
6084,201_01741,201,1741,0,N,0,N,0,N,0.99921334,0.99921334,1.2211494e-06,2.429633e-07,0.0006940851,1.5404245e-06,5.2924177e-05,9.85452e-06,2.6759273e-05
6085,201_01742,201,1742,0,N,0,N,0,N,0.997813,0.997813,3.1066381e-06,4.108554e-07,0.0016271281,1.2130672e-05,0.00015330769,0.000100141166,0.00029081092
6086,201_01743,201,1743,0,N,0,N,0,N,0.9899254,0.9899254,1.3933575e-05,2.9423586e-06,0.005045194,0.00071056455,0.001237726,0.00079036783,0.0022738965
6087,201_01744,201,1744,0,N,0,N,0,N,0.9855964,0.9855964,3.346323e-05,9.669194e-07,0.013956205,3.2328157e-05,4.6912202e-05,0.00012683569,0.00020698062
6088,201_01745,201,1745,0,N,0,N,0,N,0.99746895,0.99746895,2.043269e-05,9.761752e-07,0.0017207323,0.00014099808,8.193898e-05,0.0003764805,0.00018948373
6089,201_01746,201,1746,0,N,0,N,0,N,0.9916312,0.9916312,2.3951632e-05,5.2601204e-06,0.0057254485,0.0006950462,0.00085814716,0.0004888573,0.00057203753
6090,201_01747,201,1747,0,N,0,N,0,N,0.9888344,0.9888344,7.98878e-06,1.61127e-05,0.0050137476,0.0043304716,0.00047845,0.0012013725,0.00011740424
6091,201_01748,201,1748,7,NESC,0,N,0,N,0.9993894,0.9993894,6.4869246e-06,5.8934006e-07,0.0004675285,1.830771e-05,1.4269839e-05,9.53623e-05,8.021061e-06
6092,201_01749,201,1749,0,N,7,NESC,0,N,0.9975951,0.9975951,3.9240404e-06,1.5566965e-06,0.0012418906,6.2033534e-05,0.00053584855,0.00015770696,0.00040198056
6093,201_01750,201,1750,7,NESC,0,N,0,N,0.9994312,0.9994312,1.1957072e-06,6.075309e-08,0.00047300116,3.3099073e-05,4.2740554e-05,9.905735e-06,8.753185e-06
6094,201_01751,201,1751,0,N,7,NESC,0,N,0.9933504,0.9933504,3.8001083e-06,3.7347243e-07,0.006182599,3.655778e-05,0.00024424033,2.7223976e-05,0.0001546817
6095,201_01752,201,1752,0,N,0,N,0,N,0.99904794,0.99904794,1.917443e-06,1.3356363e-06,0.00084298284,6.3056013e-06,7.196434e-05,1.106962e-05,1.6549431e-05
6096,201_01753,201,1753,5,ABERR,0,N,0,N,0.99749327,0.99749327,1.2410214e-06,4.190097e-08,0.0023732285,3.3634347e-05,4.1289757e-05,2.0563833e-05,3.6726356e-05
6097,201_01754,201,1754,0,N,5,ABERR,0,N,0.99917537,0.99917537,4.4392223e-06,3.738084e-07,0.00054311863,3.1438016e-05,0.00023611973,4.878876e-06,4.1752023e-06
6098,201_01755,201,1755,0,N,0,N,0,N,0.99990076,0.99990076,6.239877e-07,7.871651e-09,7.0714086e-05,2.321285e-06,2.0500209e-05,3.174373e-06,2.0122566e-06
6099,201_01756,201,1756,0,N,0,N,0,N,0.998767,0.998767,3.6004093e-07,6.0608585e-08,0.0010898028,1.2647982e-05,7.533763e-05,7.84483e-06,4.695689e-05
6100,201_01757,201,1757,5,ABERR,0,N,0,N,0.99980253,0.99980253,4.1809756e-08,2.2943874e-08,0.0001391999,9.860697e-06,4.4401688e-05,3.22534e-06,6.8365125e-07
6101,201_01758,201,1758,0,N,5,ABERR,0,N,0.9994554,0.9994554,4.1894103e-07,5.09178e-07,0.0003179487,6.5006684e-06,0.00021799777,3.054245e-07,8.6414093e-07
6102,201_01759,201,1759,0,N,0,N,0,N,0.9999038,0.9999038,3.3500947e-07,2.3190205e-09,8.437275e-05,1.2763887e-06,7.5720404e-06,1.2221541e-06,1.4500641e-06
