row_index,sequence_id,record_id,window_start,y_true,y_true_label,y_prev,y_prev_label,y_pred,y_pred_label,y_pred_conf,proba_N,proba_LBBB,proba_RBBB,proba_APC,proba_AESC,proba_ABERR,proba_NPC,proba_NESC
0,102_00000,102,0,0,N,0,N,0,N,0.5963103,0.5963103,0.35395962,0.0006959646,0.03777979,0.0026578384,0.0025327313,0.0007072738,0.0053564357
1,102_00001,102,1,0,N,0,N,0,N,0.98268855,0.98268855,0.005665889,0.000379322,0.005973657,0.0006827207,0.0026379065,0.00025228754,0.0017196996
2,102_00002,102,2,0,N,0,N,0,N,0.97124225,0.97124225,0.0068020895,0.0011423251,0.010204847,0.0007404237,0.004138453,0.00045752636,0.005272028
3,102_00003,102,3,0,N,0,N,0,N,0.841744,0.841744,0.012586882,0.006345584,0.03532268,0.0012934533,0.005253402,0.0019516401,0.095502324
4,102_00004,102,4,0,N,0,N,0,N,0.9200979,0.9200979,0.001997645,0.032939814,0.011579226,0.00027613717,0.006585301,0.0031421343,0.023381826
5,102_00005,102,5,0,N,0,N,0,N,0.9623088,0.9623088,0.0027093976,0.0041601723,0.011344923,0.00044704913,0.0059219953,0.0009207603,0.01218682
6,102_00006,102,6,0,N,0,N,0,N,0.9415571,0.9415571,0.007597668,0.0042708893,0.018458067,0.0009223191,0.0069445367,0.0012724688,0.018976968
7,102_00007,102,7,0,N,0,N,0,N,0.9142991,0.9142991,0.026368575,0.0016604683,0.027455337,0.0015882916,0.0034508263,0.0010466212,0.02413089
8,102_00008,102,8,0,N,0,N,0,N,0.95688456,0.95688456,0.0058512925,0.0027723843,0.014222764,0.00072257884,0.005297919,0.0008746895,0.01337378
9,102_00009,102,9,0,N,0,N,0,N,0.9440592,0.9440592,0.0067094243,0.0045891493,0.017498426,0.00077256374,0.0063192463,0.0012439513,0.018807922
10,102_00010,102,10,0,N,0,N,0,N,0.8603725,0.8603725,0.037427366,0.005571769,0.036130846,0.0019750602,0.0056297565,0.002361135,0.0505315
11,102_00011,102,11,0,N,0,N,0,N,0.9525521,0.9525521,0.0017783477,0.013700708,0.010195838,0.00025965253,0.0057786056,0.0016429917,0.014091675
12,102_00012,102,12,0,N,0,N,0,N,0.94005185,0.94005185,0.005705747,0.009970872,0.016519135,0.0006744532,0.0076910616,0.001901241,0.017485607
13,102_00013,102,13,0,N,0,N,0,N,0.9493292,0.9493292,0.004496681,0.008098497,0.014810694,0.00047435728,0.005206649,0.0013648922,0.01621899
14,102_00014,102,14,0,N,0,N,0,N,0.9689619,0.9689619,0.005127536,0.0026883371,0.010195961,0.00057826337,0.00479613,0.0007151122,0.0069369143
15,102_00015,102,15,0,N,0,N,0,N,0.97613996,0.97613996,0.0065687546,0.0013484258,0.007987612,0.0005766829,0.0032199535,0.00046080328,0.003697803
16,102_00016,102,16,0,N,0,N,0,N,0.94625264,0.94625264,0.012618614,0.003046408,0.017198678,0.0010707594,0.005602008,0.0010071505,0.013203836
17,102_00017,102,17,0,N,0,N,0,N,0.97202945,0.97202945,0.0028888346,0.004052085,0.008298322,0.00040929642,0.0056469846,0.0007399282,0.0059351996
18,102_00018,102,18,0,N,0,N,0,N,0.9244384,0.9244384,0.004334359,0.016334573,0.017617945,0.00052289624,0.0068533393,0.0020031428,0.027895303
19,102_00019,102,19,0,N,0,N,0,N,0.936505,0.936505,0.0033712685,0.014715864,0.014866969,0.0004420904,0.0070800674,0.0017709405,0.021247849
20,102_00020,102,20,0,N,0,N,0,N,0.92218536,0.92218536,0.004218691,0.014736317,0.018587923,0.00044668154,0.005650783,0.0017938501,0.032380525
21,102_00021,102,21,0,N,0,N,0,N,0.90715814,0.90715814,0.010792765,0.011886633,0.024708271,0.0010254573,0.00715354,0.0022607928,0.035014417
22,102_00022,102,22,0,N,0,N,0,N,0.92872655,0.92872655,0.016168982,0.008066973,0.019725254,0.0011657808,0.0067656464,0.0019087014,0.017472135
23,102_00023,102,23,0,N,0,N,0,N,0.9712411,0.9712411,0.0038774041,0.0035470985,0.008775557,0.0004899098,0.005274461,0.00078572077,0.006008795
24,102_00024,102,24,0,N,0,N,0,N,0.97141445,0.97141445,0.0044275373,0.0031708353,0.008720151,0.00055018335,0.00566994,0.0007445791,0.0053023337
25,102_00025,102,25,0,N,0,N,0,N,0.95517945,0.95517945,0.0051194057,0.00498609,0.013853276,0.00064357213,0.0066067344,0.0010340108,0.0125774685
26,102_00026,102,26,0,N,0,N,0,N,0.9451728,0.9451728,0.010375396,0.004628223,0.017372334,0.0008900376,0.0058008805,0.0011690814,0.01459123
27,102_00027,102,27,0,N,0,N,0,N,0.906236,0.906236,0.022711605,0.0051820017,0.027664017,0.0015771902,0.0067194463,0.0017740404,0.028135715
28,102_00028,102,28,0,N,0,N,0,N,0.9462165,0.9462165,0.006666315,0.007248161,0.0154212285,0.0007882419,0.00814771,0.0015081044,0.014003618
29,102_00029,102,29,0,N,0,N,0,N,0.9471602,0.9471602,0.004983806,0.009210506,0.014158722,0.0006816438,0.008501283,0.0016577267,0.013646041
30,102_00030,102,30,0,N,0,N,0,N,0.9538336,0.9538336,0.0028784466,0.012146645,0.01032812,0.00045059255,0.007926709,0.0017713517,0.010664595
31,102_00031,102,31,0,N,0,N,0,N,0.9623261,0.9623261,0.0043984717,0.0051195244,0.011275565,0.0005411064,0.006143288,0.0010276643,0.009168272
32,102_00032,102,32,0,N,0,N,0,N,0.9567347,0.9567347,0.00898823,0.0042554927,0.013331697,0.00072001875,0.004796686,0.0010450267,0.010128133
33,102_00033,102,33,0,N,0,N,0,N,0.940721,0.940721,0.012182672,0.004862848,0.018234089,0.00094029127,0.005338095,0.0013142963,0.016406676
34,102_00034,102,34,0,N,0,N,0,N,0.96241736,0.96241736,0.0038087454,0.005327157,0.0115754,0.00042914678,0.0051990263,0.001007635,0.010235456
35,102_00035,102,35,0,N,0,N,0,N,0.9287321,0.9287321,0.0049276818,0.010488524,0.019226627,0.0005637242,0.006192887,0.0018674462,0.02800093
36,102_00036,102,36,0,N,0,N,0,N,0.8843852,0.8843852,0.02026188,0.0051899566,0.03213157,0.0014300428,0.0052337707,0.001925415,0.04944222
37,102_00037,102,37,0,N,0,N,0,N,0.8822649,0.8822649,0.014830219,0.0077209873,0.03077049,0.0013092853,0.0063056895,0.0023288862,0.054469533
38,102_00038,102,38,0,N,0,N,0,N,0.83721054,0.83721054,0.020291781,0.0089300955,0.03741793,0.0015525359,0.005987977,0.0025289573,0.08608025
39,102_00039,102,39,0,N,0,N,0,N,0.88109124,0.88109124,0.010737819,0.010541812,0.029078666,0.0012195297,0.0072925724,0.0026607257,0.057377595
40,102_00040,102,40,0,N,0,N,0,N,0.8463663,0.8463663,0.010233666,0.013031509,0.032443877,0.0011428783,0.0064156484,0.0031869793,0.08717916
41,102_00041,102,41,0,N,0,N,0,N,0.8880712,0.8880712,0.025125464,0.004345415,0.03274138,0.0015293426,0.0047201756,0.0016679601,0.04179912
42,102_00042,102,42,0,N,0,N,0,N,0.9331486,0.9331486,0.008447828,0.006179063,0.019979756,0.00086917856,0.0065120663,0.0015440941,0.023319278
43,102_00043,102,43,0,N,0,N,0,N,0.9251329,0.9251329,0.012479799,0.0058580567,0.022826714,0.0010328342,0.0061392756,0.0015550975,0.024975365
44,102_00044,102,44,0,N,0,N,0,N,0.8848061,0.8848061,0.021536224,0.010290569,0.029732842,0.0016597449,0.008139889,0.0028305517,0.041004032
45,102_00045,102,45,0,N,0,N,0,N,0.9460438,0.9460438,0.0048208763,0.0074921483,0.015340173,0.00066094054,0.007726665,0.0014638645,0.016451437
46,102_00046,102,46,0,N,0,N,0,N,0.95265746,0.95265746,0.0041123806,0.0063741705,0.014066889,0.0005462011,0.0066992417,0.0012520158,0.0142915035
47,102_00047,102,47,0,N,0,N,0,N,0.900022,0.900022,0.02190204,0.0076385327,0.027894005,0.0015430656,0.0073472713,0.002220052,0.03143304
48,102_00048,102,48,0,N,0,N,0,N,0.9451931,0.9451931,0.012987113,0.0022262703,0.018202847,0.0011928146,0.0049493974,0.000977017,0.014271581
49,102_00049,102,49,0,N,0,N,0,N,0.9147314,0.9147314,0.014874171,0.0046758438,0.026197184,0.0013246468,0.00660161,0.001662198,0.029932998
50,102_00050,102,50,0,N,0,N,0,N,0.87226725,0.87226725,0.03175094,0.0040836125,0.035719194,0.0018070798,0.005065609,0.0018318009,0.047474496
51,102_00051,102,51,0,N,0,N,0,N,0.8981041,0.8981041,0.010650227,0.010785351,0.02600038,0.0012143237,0.008425779,0.0026847627,0.04213516
52,102_00052,102,52,0,N,0,N,0,N,0.93065923,0.93065923,0.004714166,0.010341491,0.01853674,0.00062000914,0.0075396807,0.0018333021,0.025755255
53,102_00053,102,53,0,N,0,N,0,N,0.8224398,0.8224398,0.021822827,0.014809091,0.035978913,0.0017908681,0.007595429,0.004055836,0.09150729
54,102_00054,102,54,0,N,0,N,0,N,0.91977286,0.91977286,0.0050147804,0.012446645,0.0203783,0.0005674064,0.0061324798,0.0020919882,0.033595543
55,102_00055,102,55,0,N,0,N,0,N,0.92849004,0.92849004,0.012885816,0.0049505793,0.022151867,0.0010675613,0.006072922,0.0015242839,0.0228569
56,102_00056,102,56,0,N,0,N,0,N,0.94323796,0.94323796,0.015480258,0.0028701473,0.01802807,0.0010035809,0.0039923135,0.0009693008,0.014418402
57,102_00057,102,57,0,N,0,N,0,N,0.97066814,0.97066814,0.0061276453,0.0014006877,0.010203027,0.0006623195,0.0038506736,0.00050472486,0.0065826955
58,102_00058,102,58,0,N,0,N,0,N,0.976202,0.976202,0.0024770503,0.0027523173,0.007664504,0.00035528478,0.004528313,0.000563398,0.005457143
59,102_00059,102,59,0,N,0,N,0,N,0.93199694,0.93199694,0.011999333,0.006103133,0.020473776,0.0010848166,0.0069353753,0.0016466435,0.019760005
60,102_00060,102,60,0,N,0,N,0,N,0.9634417,0.9634417,0.0016991927,0.009394861,0.008720325,0.0002658522,0.005946292,0.0012158677,0.009315853
61,102_00061,102,61,0,N,0,N,0,N,0.9782862,0.9782862,0.0008289631,0.0057613626,0.0055578584,0.00013017189,0.0037465722,0.0006517645,0.005037162
62,102_00062,102,62,0,N,0,N,0,N,0.91482973,0.91482973,0.004948105,0.011949416,0.021215323,0.0005455627,0.005589309,0.0018762639,0.03904621
63,102_00063,102,63,0,N,0,N,0,N,0.94570327,0.94570327,0.003017508,0.009853156,0.014525245,0.00031612642,0.0045831264,0.0013057868,0.020695897
64,102_00064,102,64,0,N,0,N,0,N,0.9136233,0.9136233,0.026854232,0.0056724832,0.023964772,0.001324019,0.004741395,0.0016456569,0.02217423
65,102_00065,102,65,0,N,0,N,0,N,0.95247465,0.95247465,0.00790126,0.0039533414,0.015322982,0.00069450436,0.004593439,0.0010400461,0.01401973
66,102_00066,102,66,0,N,0,N,0,N,0.9738741,0.9738741,0.0050503328,0.0020949482,0.008860821,0.00049487595,0.00364831,0.0005900823,0.00538651
67,102_00067,102,67,0,N,0,N,0,N,0.96849734,0.96849734,0.004858927,0.0032356863,0.010068613,0.0005387038,0.004724855,0.00075944996,0.007316359
68,102_00068,102,68,0,N,0,N,0,N,0.98734623,0.98734623,0.0008854435,0.0022709426,0.0035727897,0.00016398563,0.0035017617,0.00038496757,0.0018738905
69,102_00069,102,69,0,N,0,N,0,N,0.97042763,0.97042763,0.0026428928,0.004639412,0.008752255,0.00036165182,0.0053793364,0.0008033037,0.006993612
70,102_00070,102,70,0,N,0,N,0,N,0.9376349,0.9376349,0.0042750905,0.010046267,0.017142242,0.00048422633,0.006005282,0.0015827841,0.022829203
71,102_00071,102,71,0,N,0,N,0,N,0.86868054,0.86868054,0.018150913,0.013418962,0.031270023,0.0012916728,0.005971891,0.0031784573,0.05803754
72,102_00072,102,72,0,N,0,N,0,N,0.92601955,0.92601955,0.013415723,0.0049547777,0.022645356,0.0010845325,0.0057643466,0.0014983143,0.024617363
73,102_00073,102,73,0,N,0,N,0,N,0.9304992,0.9304992,0.007825131,0.007190117,0.020674022,0.00076683937,0.006178916,0.0016581938,0.02520759
74,102_00074,102,74,0,N,0,N,0,N,0.91938883,0.91938883,0.012355092,0.007969872,0.023513272,0.0011293468,0.0073772073,0.0018804631,0.026385942
75,102_00075,102,75,0,N,0,N,0,N,0.9586521,0.9586521,0.0056744954,0.003684945,0.0132057695,0.0006872304,0.006027475,0.00095925055,0.011108798
76,102_00076,102,76,0,N,0,N,0,N,0.9455245,0.9455245,0.010827137,0.0032588986,0.017867858,0.00091873034,0.00511437,0.0010242572,0.015464267
77,102_00077,102,77,0,N,0,N,0,N,0.91056335,0.91056335,0.024400074,0.003512614,0.0276635,0.0015268128,0.004778157,0.0014391157,0.026116367
78,102_00078,102,78,0,N,0,N,0,N,0.9427119,0.9427119,0.0074871737,0.004620328,0.017805368,0.0007775437,0.005559571,0.0012457529,0.019792419
79,102_00079,102,79,0,N,0,N,0,N,0.95288354,0.95288354,0.004425673,0.0046403995,0.015183396,0.0005041979,0.0048533604,0.0010399688,0.016469445
80,102_00080,102,80,0,N,0,N,0,N,0.89908504,0.89908504,0.014619722,0.0075763566,0.027704287,0.0011852308,0.0056703445,0.0020935424,0.042065516
81,102_00081,102,81,0,N,0,N,0,N,0.93258965,0.93258965,0.00458445,0.0076891338,0.019048356,0.00055043545,0.005606303,0.0015233721,0.028408477
82,102_00082,102,82,0,N,0,N,0,N,0.9431371,0.9431371,0.0019877779,0.0127812205,0.012658068,0.00025073637,0.0052871676,0.0014650605,0.022432992
83,102_00083,102,83,0,N,0,N,0,N,0.868222,0.868222,0.0061619286,0.021149885,0.024880078,0.0006895513,0.006365149,0.0033105991,0.06922089
84,102_00084,102,84,0,N,0,N,0,N,0.88598484,0.88598484,0.0056614787,0.017456701,0.023543248,0.00052491983,0.004905864,0.0027349135,0.059187982
85,102_00085,102,85,0,N,0,N,0,N,0.9430968,0.9430968,0.0034231215,0.0094449455,0.015582423,0.00036383516,0.0048270114,0.0014440428,0.021817857
86,102_00086,102,86,0,N,0,N,0,N,0.81007713,0.81007713,0.010370737,0.02341131,0.031822592,0.0010345093,0.0063878368,0.0042935894,0.1126023
87,102_00087,102,87,0,N,0,N,0,N,0.90279007,0.90279007,0.006776471,0.013005688,0.023895534,0.00075061683,0.0064575016,0.0022988883,0.044025276
88,102_00088,102,88,0,N,0,N,0,N,0.92825574,0.92825574,0.0032552057,0.016911581,0.015510469,0.00040952693,0.006599302,0.0019761876,0.027081912
89,102_00089,102,89,0,N,0,N,0,N,0.9327671,0.9327671,0.0074339937,0.010264186,0.018520247,0.00082517066,0.007820919,0.0019562882,0.020412061
90,102_00090,102,90,0,N,0,N,0,N,0.9414131,0.9414131,0.0022443915,0.016484996,0.011977139,0.00033197313,0.0067480435,0.0019012479,0.01889919
91,102_00091,102,91,0,N,0,N,0,N,0.93874943,0.93874943,0.0026164856,0.013717669,0.013970454,0.0003336423,0.0061312886,0.0016815527,0.02279939
92,102_00092,102,92,0,N,0,N,0,N,0.85018194,0.85018194,0.0050614304,0.030868316,0.022618586,0.00051096315,0.005872695,0.0039064637,0.080979586
93,102_00093,102,93,0,N,0,N,0,N,0.8510953,0.8510953,0.0060232496,0.023693703,0.025299828,0.0006157751,0.0058721453,0.0034805613,0.08391942
94,102_00094,102,94,0,N,0,N,0,N,0.8967786,0.8967786,0.0033679875,0.025590703,0.01757158,0.00035025718,0.005929634,0.0026858828,0.047725372
95,102_00095,102,95,0,N,0,N,0,N,0.87641686,0.87641686,0.005250696,0.023050273,0.022477014,0.00051915826,0.0054543926,0.0030517268,0.06377987
96,104_00000,104,0,0,N,0,N,0,N,0.9052325,0.9052325,0.0006385156,0.0043856287,0.01360685,0.00015028252,0.004570865,0.0014252712,0.06999013
97,104_00001,104,1,0,N,0,N,0,N,0.9455606,0.9455606,0.0002933796,0.0028816937,0.0090274,6.902513e-05,0.0019109,0.0012235639,0.039033547
98,104_00002,104,2,0,N,0,N,0,N,0.97370064,0.97370064,0.00012511389,0.0036852853,0.005155063,3.6753398e-05,0.0016956483,0.0013312177,0.014270269
99,104_00003,104,3,0,N,0,N,0,N,0.8961517,0.8961517,0.0008004084,0.0021049685,0.015984988,0.00022857773,0.0049072946,0.0011504866,0.07867157
100,104_00004,104,4,0,N,0,N,0,N,0.88876235,0.88876235,0.0006969621,0.006519359,0.015807007,0.00028559437,0.0123425145,0.0022216006,0.073364526
101,104_00005,104,5,0,N,0,N,0,N,0.8618828,0.8618828,0.00079269806,0.016573153,0.01406457,0.0016649523,0.04121097,0.004231975,0.059578814
102,104_00006,104,6,0,N,0,N,0,N,0.9301239,0.9301239,0.00041747562,0.006738887,0.0064292736,0.00091650564,0.048072245,0.00124043,0.0060612606
103,104_00007,104,7,0,N,0,N,0,N,0.978897,0.978897,0.00062362343,0.00073297706,0.005785379,0.0011215367,0.008583225,0.00035365918,0.0039025452
104,104_00008,104,8,0,N,0,N,0,N,0.9856173,0.9856173,0.001820163,0.00016782629,0.005995956,0.0015334503,0.0025086207,0.00018895294,0.0021678947
105,104_00009,104,9,0,N,0,N,0,N,0.9868577,0.9868577,0.00038293976,0.00026863665,0.0049508447,0.0012701108,0.0026610454,0.00017630479,0.00343247
106,104_00010,104,10,0,N,0,N,0,N,0.9825241,0.9825241,0.00024053997,0.00046572028,0.0052425,0.00088787015,0.0061365487,0.00020732422,0.00429546
107,104_00011,104,11,0,N,0,N,0,N,0.93862927,0.93862927,0.0005419991,0.0027768724,0.010968811,0.0021786278,0.009221817,0.00096410135,0.034718424
108,104_00012,104,12,0,N,0,N,0,N,0.94945765,0.94945765,0.0003847581,0.01255505,0.0062771356,0.00025672175,0.01677104,0.0019195472,0.012378179
109,104_00013,104,13,0,N,0,N,0,N,0.96302783,0.96302783,0.0002760425,0.0072263326,0.005211665,0.00021266825,0.015971629,0.0008979484,0.0071758875
110,104_00014,104,14,0,N,0,N,0,N,0.9017083,0.9017083,0.0010191611,0.00512814,0.014166766,0.0012038139,0.019681685,0.001936648,0.055155512
111,104_00015,104,15,0,N,0,N,0,N,0.9633118,0.9633118,0.0004943045,0.0032340887,0.0081750415,0.00015496311,0.0051041795,0.000689295,0.018836413
112,104_00016,104,16,0,N,0,N,0,N,0.9811584,0.9811584,7.563648e-05,0.009739333,0.0026420327,2.453015e-05,0.0021361704,0.0015270911,0.0026968594
113,104_00017,104,17,0,N,0,N,0,N,0.97891945,0.97891945,0.00014655628,0.0047006463,0.004507224,3.8425587e-05,0.0016643851,0.00091769756,0.009105755
114,104_00018,104,18,0,N,0,N,0,N,0.955805,0.955805,0.00014097404,0.02474423,0.0042186533,3.5198133e-05,0.0023213439,0.004212022,0.008522657
115,104_00019,104,19,0,N,0,N,0,N,0.91540205,0.91540205,0.00033943116,0.03787185,0.007353186,7.838275e-05,0.0035282553,0.008435793,0.026991049
116,104_00020,104,20,0,N,0,N,0,N,0.9580003,0.9580003,0.0001482422,0.020654596,0.0043698433,3.3633205e-05,0.0020535444,0.004331836,0.010407854
117,104_00021,104,21,0,N,0,N,0,N,0.9545271,0.9545271,0.00016158933,0.023192171,0.0042264075,3.449973e-05,0.0018673161,0.005344537,0.010646498
118,104_00022,104,22,0,N,0,N,0,N,0.9825014,0.9825014,7.641875e-05,0.006556246,0.0026296822,1.78655e-05,0.0009004566,0.0022545073,0.0050633084
119,104_00023,104,23,0,N,0,N,0,N,0.9804344,0.9804344,8.8826266e-05,0.0057839397,0.0032185705,2.7515754e-05,0.0016719098,0.002615927,0.006158904
120,104_00024,104,24,0,N,0,N,0,N,0.96755356,0.96755356,0.000146082,0.007561799,0.005206636,4.791076e-05,0.0034275753,0.003266462,0.012790057
121,104_00025,104,25,0,N,0,N,0,N,0.89233536,0.89233536,0.0004979565,0.018498957,0.014530512,0.0001500896,0.009475634,0.006979363,0.057532173
122,104_00026,104,26,0,N,0,N,0,N,0.9269448,0.9269448,0.00034563115,0.012535912,0.009671734,7.835849e-05,0.0035106805,0.005624328,0.041288625
123,104_00027,104,27,0,N,0,N,0,N,0.972812,0.972812,0.00013769363,0.005702479,0.0044247154,3.1465603e-05,0.0016116495,0.0024939694,0.012786043
124,104_00028,104,28,0,N,0,N,0,N,0.96683145,0.96683145,0.00015599381,0.010633077,0.004370303,4.3638058e-05,0.0024784787,0.005396148,0.01009086
125,104_00029,104,29,0,N,0,N,0,N,0.92155194,0.92155194,0.0003325674,0.028550578,0.008024462,7.8596015e-05,0.004702147,0.010036064,0.026723772
126,104_00030,104,30,0,N,0,N,0,N,0.94268626,0.94268626,0.00021843218,0.02577054,0.0055887685,4.491173e-05,0.0028822713,0.0068805176,0.015928242
127,104_00031,104,31,0,N,0,N,0,N,0.96523803,0.96523803,0.00015513829,0.0122550465,0.004324121,3.2760112e-05,0.0017373654,0.00424063,0.012016894
128,104_00032,104,32,0,N,0,N,0,N,0.97913736,0.97913736,0.000100160956,0.0061912397,0.003420042,2.0601761e-05,0.0009182744,0.0017062686,0.008506012
129,104_00033,104,33,0,N,0,N,0,N,0.9739798,0.9739798,0.00012280172,0.007252703,0.0040171244,2.638189e-05,0.0013735093,0.002365251,0.010862544
130,104_00034,104,34,0,N,0,N,0,N,0.94235086,0.94235086,0.0002791108,0.008326537,0.008190503,5.6672903e-05,0.0023620997,0.0038075394,0.0346268
131,104_00035,104,35,0,N,0,N,0,N,0.96120775,0.96120775,0.00019704502,0.0084647965,0.005640906,4.1167405e-05,0.0019841867,0.0037042152,0.018759964
132,104_00036,104,36,0,N,0,N,0,N,0.9843339,0.9843339,8.063542e-05,0.0037686925,0.0028540152,1.768778e-05,0.00090800284,0.0015458639,0.00649133
133,104_00037,104,37,0,N,0,N,0,N,0.977827,0.977827,9.739274e-05,0.008053264,0.0031883093,2.0993572e-05,0.0011859378,0.0025908735,0.007036273
134,104_00038,104,38,0,N,0,N,0,N,0.95309514,0.95309514,0.00020816874,0.012918074,0.0066063367,5.685218e-05,0.0034674052,0.003645712,0.02000234
135,104_00039,104,39,0,N,0,N,0,N,0.97086453,0.97086453,0.00015361841,0.004952124,0.005418511,3.8843744e-05,0.0016962409,0.0013125708,0.015563614
136,104_00040,104,40,0,N,0,N,0,N,0.96001905,0.96001905,0.0001789847,0.015516737,0.0053435145,5.3828153e-05,0.0032050724,0.0030123498,0.012670486
137,104_00041,104,41,0,N,0,N,0,N,0.9761769,0.9761769,0.00012669538,0.0055317394,0.004091862,3.3329572e-05,0.001270167,0.0021583706,0.010610993
138,104_00042,104,42,0,N,0,N,0,N,0.9893523,0.9893523,4.6888734e-05,0.0029668468,0.0022856027,1.2716109e-05,0.0009344942,0.0009786021,0.0034225434
139,104_00043,104,43,0,N,0,N,0,N,0.9561385,0.9561385,0.00019697218,0.0062477067,0.007316147,5.3162028e-05,0.0029253843,0.00244562,0.024676444
140,104_00044,104,44,0,N,0,N,0,N,0.96936494,0.96936494,0.00014404811,0.005469701,0.0053511234,3.334525e-05,0.0014100807,0.0015724436,0.016654296
141,104_00045,104,45,0,N,0,N,0,N,0.92117923,0.92117923,0.00035707062,0.022065924,0.008988607,0.00011033222,0.005785827,0.009499828,0.032013137
142,104_00046,104,46,0,N,0,N,0,N,0.98150885,0.98150885,8.287319e-05,0.004880204,0.0033248295,2.7103957e-05,0.0019948257,0.0021432983,0.0060380087
143,104_00047,104,47,0,N,0,N,0,N,0.9046591,0.9046591,0.00042463277,0.02460151,0.012218239,0.00012511565,0.010049342,0.0075452556,0.04037683
144,104_00048,104,48,0,N,0,N,0,N,0.9011056,0.9011056,0.00045022505,0.012685261,0.012754071,9.386105e-05,0.004072218,0.003593492,0.06524528
145,104_00049,104,49,0,N,0,N,0,N,0.90108484,0.90108484,0.0004860003,0.017135585,0.011551789,0.00010746841,0.0037533904,0.007985461,0.057895493
146,104_00050,104,50,0,N,0,N,0,N,0.95772356,0.95772356,0.00020154595,0.014839427,0.0043135905,5.247581e-05,0.001989389,0.008834245,0.01204587
147,104_00051,104,51,0,N,0,N,0,N,0.99143654,0.99143654,3.6799443e-05,0.0034068446,0.0016069744,9.665124e-06,0.00067204813,0.0010868926,0.0017441512
148,104_00052,104,52,0,N,0,N,0,N,0.98143506,0.98143506,8.1623315e-05,0.0074160253,0.003184274,2.3727884e-05,0.0016161641,0.0015047874,0.0047383346
149,104_00053,104,53,0,N,0,N,0,N,0.78314936,0.78314936,0.0016746547,0.0022762043,0.025612807,0.0011064385,0.01232226,0.0023323298,0.17152601
150,104_00054,104,54,0,N,0,N,0,N,0.89801633,0.89801633,0.0011785298,0.0027758214,0.01573357,0.003000437,0.005599004,0.0014272471,0.07226896
151,104_00055,104,55,0,N,0,N,0,N,0.9710571,0.9710571,0.00028651865,0.0003644796,0.008935373,0.0036580076,0.0017983937,0.00026239426,0.01363772
152,104_00056,104,56,0,N,0,N,0,N,0.9625689,0.9625689,0.00037263255,0.0017902763,0.008335799,0.0028338605,0.0067369584,0.0006057229,0.016755814
153,104_00057,104,57,0,N,0,N,0,N,0.9791215,0.9791215,0.00023803125,0.00024878772,0.0070201512,0.0027880433,0.0016054665,0.00018816556,0.00878983
154,104_00058,104,58,0,N,0,N,0,N,0.9271848,0.9271848,0.0013582897,0.0011656256,0.01473505,0.0015162141,0.005115739,0.0008979194,0.048026334
155,104_00059,104,59,0,N,0,N,0,N,0.9677573,0.9677573,0.0005290993,0.0024116046,0.0074576125,0.000271313,0.007666663,0.0006766219,0.013229793
156,104_00060,104,60,0,N,0,N,0,N,0.9803373,0.9803373,0.0001966353,0.0019014903,0.005124334,7.252133e-05,0.0032912118,0.00039673017,0.00867975
157,104_00061,104,61,0,N,0,N,0,N,0.91574913,0.91574913,0.0008792469,0.002606749,0.014651301,0.00025624785,0.0061971876,0.0010164632,0.058643665
158,104_00062,104,62,0,N,0,N,0,N,0.85577756,0.85577756,0.0009688494,0.0035590145,0.019194324,0.00059963914,0.016857812,0.0016864876,0.101356275
159,104_00063,104,63,0,N,0,N,0,N,0.92238414,0.92238414,0.0007993573,0.002831296,0.014255433,0.00055745913,0.014231499,0.0010745568,0.043866184
160,104_00064,104,64,0,N,0,N,0,N,0.9156659,0.9156659,0.00036228742,0.02350077,0.010060315,0.00012874103,0.013733745,0.0033501077,0.033198137
161,104_00065,104,65,0,N,0,N,0,N,0.9084951,0.9084951,0.0005180965,0.013084063,0.011865638,0.00016652225,0.0072514275,0.0036188893,0.055000164
162,104_00066,104,66,0,N,0,N,0,N,0.97725016,0.97725016,8.7437125e-05,0.009336571,0.0030596042,2.4044866e-05,0.0014987559,0.0031846073,0.0055588465
163,104_00067,104,67,0,N,0,N,0,N,0.98456377,0.98456377,6.754988e-05,0.004701857,0.0027115103,1.973041e-05,0.0012979581,0.0019400904,0.0046976483
164,104_00068,104,68,0,N,0,N,0,N,0.97140545,0.97140545,0.00010609,0.011668049,0.0037301609,2.7945302e-05,0.0020501364,0.003588941,0.007423286
165,104_00069,104,69,0,N,0,N,0,N,0.9644736,0.9644736,0.00015202121,0.0113264285,0.004888243,4.1961775e-05,0.0027509339,0.0047536,0.01161312
166,104_00070,104,70,0,N,0,N,0,N,0.98125905,0.98125905,7.843606e-05,0.005924545,0.0031164768,2.1610891e-05,0.0016765691,0.002344971,0.005578332
167,104_00071,104,71,0,N,0,N,0,N,0.98052585,0.98052585,8.662382e-05,0.0055556158,0.0033395311,2.341194e-05,0.0016309905,0.0021483237,0.006689638
168,104_00072,104,72,0,N,0,N,0,N,0.9766887,0.9766887,0.000106849446,0.0052498677,0.004033933,2.6247686e-05,0.0014010974,0.001781744,0.010711728
169,104_00073,104,73,0,N,0,N,0,N,0.9641232,0.9641232,0.00016871774,0.005891987,0.0058674696,3.671854e-05,0.0014131062,0.0018309046,0.020668028
170,104_00074,104,74,0,N,0,N,0,N,0.98136264,0.98136264,9.1507165e-05,0.0065738643,0.0032328218,2.1427642e-05,0.0009301492,0.0014474865,0.006340206
171,104_00075,104,75,0,N,0,N,0,N,0.9398141,0.9398141,0.00020162552,0.031116933,0.004996718,4.045213e-05,0.0020577367,0.006798605,0.014973887
172,104_00076,104,76,0,N,0,N,0,N,0.97472334,0.97472334,9.957952e-05,0.011023106,0.002985281,2.4436104e-05,0.0013634623,0.004076574,0.0057042777
173,104_00077,104,77,0,N,0,N,0,N,0.9874909,0.9874909,5.3377007e-05,0.0045010922,0.0021291664,1.4038681e-05,0.00092197175,0.0017453812,0.0031441078
174,104_00078,104,78,0,N,0,N,0,N,0.99097854,0.99097854,4.1994936e-05,0.0023643586,0.0019900214,1.2024123e-05,0.0007873353,0.0009525758,0.0028731206
175,104_00079,104,79,0,N,0,N,0,N,0.9799617,0.9799617,8.562307e-05,0.007769587,0.0033168704,2.249636e-05,0.0013022689,0.0015633568,0.0059780353
176,104_00080,104,80,0,N,0,N,0,N,0.93722826,0.93722826,0.00030613993,0.025142627,0.0064649815,7.574929e-05,0.0029594565,0.006307606,0.021515148
177,104_00081,104,81,0,N,0,N,0,N,0.99080664,0.99080664,6.831497e-05,0.0019627833,0.0024672758,1.9961934e-05,0.00073983415,0.00045683802,0.0034784
178,104_00082,104,82,0,N,0,N,0,N,0.9803611,0.9803611,8.143189e-05,0.008729305,0.0021223533,2.2337674e-05,0.0010056667,0.004484227,0.0031935568
179,104_00083,104,83,0,N,0,N,0,N,0.99237776,0.99237776,4.4789515e-05,0.0013927902,0.0021131006,1.4492778e-05,0.0005786575,0.00045128533,0.0030270473
180,104_00084,104,84,0,N,0,N,0,N,0.9850086,0.9850086,6.208213e-05,0.0046624052,0.0026479308,2.0698633e-05,0.0015433022,0.0020657121,0.0039892904
181,104_00085,104,85,0,N,0,N,0,N,0.98967505,0.98967505,8.131145e-05,0.0012085034,0.002128424,4.358943e-05,0.00045756454,0.002143931,0.004261696
182,104_00086,104,86,0,N,0,N,0,N,0.99901664,0.99901664,7.048449e-06,0.00017022375,0.00037839028,3.070044e-06,0.000105886626,9.781758e-05,0.00022091367
183,104_00087,104,87,0,N,0,N,0,N,0.99912447,0.99912447,9.281577e-06,0.00015052427,0.00035428168,4.4225426e-06,0.0001689437,5.7450063e-05,0.00013066368
184,104_00088,104,88,0,N,0,N,0,N,0.9927229,0.9927229,9.58895e-05,0.0009625315,0.0024129217,2.7898279e-05,0.000731278,0.0002150349,0.002831395
185,104_00089,104,89,0,N,0,N,0,N,0.98330176,0.98330176,6.5132124e-05,0.008535531,0.002106313,1.48172885e-05,0.0007971336,0.0022929364,0.0028864855
186,104_00090,104,90,0,N,0,N,0,N,0.99525774,0.99525774,3.0560248e-05,0.0013984758,0.0013811815,6.8587033e-06,0.00031153977,0.00027692065,0.0013368245
187,104_00091,104,91,0,N,0,N,0,N,0.9923306,0.9923306,3.1474436e-05,0.0038298164,0.0011534878,8.170013e-06,0.0004644577,0.0012242614,0.00095783675
188,104_00092,104,92,0,N,0,N,0,N,0.9946822,0.9946822,4.1341722e-05,0.0015647158,0.0014924573,1.2039713e-05,0.00046428936,0.00036470147,0.001378118
189,104_00093,104,93,0,N,0,N,0,N,0.99700063,0.99700063,1.92098e-05,0.0008956167,0.0009444405,6.4941773e-06,0.000362374,0.00018869131,0.0005823925
190,104_00094,104,94,0,N,0,N,0,N,0.98991394,0.98991394,6.128405e-05,0.0029679353,0.00233337,1.6944832e-05,0.00066999445,0.0007421083,0.0032944132
191,104_00095,104,95,0,N,0,N,0,N,0.9949356,0.9949356,4.1046336e-05,0.00094585004,0.0016190354,1.1650731e-05,0.0003724007,0.00024050692,0.0018340329
192,104_00096,104,96,0,N,0,N,0,N,0.9904666,0.9904666,4.460212e-05,0.0037660112,0.0019004927,9.846701e-06,0.00052903226,0.0008214134,0.002462064
193,104_00097,104,97,0,N,0,N,0,N,0.98535883,0.98535883,6.7822955e-05,0.00632197,0.0024896446,1.5038566e-05,0.0007431689,0.0012327114,0.0037708704
194,104_00098,104,98,0,N,0,N,0,N,0.9704603,0.9704603,0.00015354186,0.0076820957,0.004918339,3.375467e-05,0.0014286768,0.0016844525,0.013638791
195,104_00099,104,99,0,N,0,N,0,N,0.96896136,0.96896136,0.0001053689,0.017055077,0.0031296639,2.7215845e-05,0.0015082714,0.003877827,0.0053350767
196,104_00100,104,100,0,N,0,N,0,N,0.97507155,0.97507155,0.00013249063,0.009725473,0.0037293267,2.8124348e-05,0.0010937543,0.0021152347,0.008104048
197,104_00101,104,101,0,N,0,N,0,N,0.9921985,0.9921985,4.0389295e-05,0.0037873222,0.001032936,1.2368563e-05,0.0004399091,0.0016960736,0.0007923399
198,104_00102,104,102,0,N,0,N,0,N,0.98684686,0.98684686,5.9767153e-05,0.0066686403,0.0017518721,1.1274288e-05,0.00053800317,0.001810651,0.0023129312
199,104_00103,104,103,0,N,0,N,0,N,0.99653304,0.99653304,2.553014e-05,0.0013143051,0.00062229816,9.260224e-06,0.00023750695,0.00088989077,0.00036817664
200,104_00104,104,104,0,N,0,N,0,N,0.9954821,0.9954821,2.7579286e-05,0.0014437372,0.0011759931,6.076998e-06,0.0002745046,0.00041493928,0.0011750704
201,104_00105,104,105,0,N,0,N,0,N,0.9953196,0.9953196,3.333655e-05,0.0013255577,0.0013446222,9.702858e-06,0.00042269158,0.000358509,0.0011861029
202,104_00106,104,106,0,N,0,N,0,N,0.98735344,0.98735344,7.4950876e-05,0.0037149582,0.0024602192,2.126502e-05,0.0006842312,0.0014709319,0.004220036
203,104_00107,104,107,0,N,0,N,0,N,0.98734945,0.98734945,6.821881e-05,0.0045529245,0.002327293,1.6553031e-05,0.00065603823,0.0013401231,0.0036894237
204,104_00108,104,108,0,N,0,N,0,N,0.991433,0.991433,3.6337096e-05,0.004049477,0.0013315423,8.917928e-06,0.00051877124,0.0013176847,0.001304279
205,104_00109,104,109,0,N,0,N,0,N,0.98885727,0.98885727,5.118024e-05,0.00508506,0.0017986003,1.0214185e-05,0.00050868496,0.001284182,0.0024047387
206,104_00110,104,110,0,N,0,N,0,N,0.99749815,0.99749815,1.4538439e-05,0.0006662362,0.00081940094,4.2361435e-06,0.00021403337,0.00017612739,0.0006073142
207,104_00111,104,111,0,N,0,N,0,N,0.9909527,0.9909527,4.5217672e-05,0.003212014,0.0018298791,1.2146888e-05,0.00055015023,0.0010256716,0.0023722223
208,104_00112,104,112,0,N,0,N,0,N,0.99256814,0.99256814,4.679264e-05,0.0022049528,0.0015171982,1.493456e-05,0.00043539898,0.0012897069,0.0019229922
209,104_00113,104,113,0,N,0,N,0,N,0.99705017,0.99705017,1.5263275e-05,0.0008575148,0.00087117485,4.8697625e-06,0.00027985798,0.00027255478,0.0006485467
210,104_00114,104,114,0,N,0,N,0,N,0.99701357,0.99701357,2.1369988e-05,0.00083490973,0.00096337066,6.791378e-06,0.00032107532,0.00019859186,0.0006403768
211,104_00115,104,115,0,N,0,N,0,N,0.96819663,0.96819663,0.00021205356,0.004077051,0.006123817,4.4431596e-05,0.0013413093,0.00091560243,0.019088982
212,104_00116,104,116,0,N,0,N,0,N,0.98629224,0.98629224,8.163863e-05,0.0034916492,0.0030727012,1.8604058e-05,0.0007678629,0.0006939588,0.0055813477
213,104_00117,104,117,0,N,0,N,0,N,0.97815126,0.97815126,0.000115564755,0.0053674453,0.003988905,2.4383986e-05,0.0009368631,0.0012356467,0.010179878
214,104_00118,104,118,0,N,0,N,0,N,0.97351396,0.97351396,0.00015061292,0.005662093,0.0047006835,2.9341792e-05,0.00090964837,0.0013143165,0.013719414
215,104_00119,104,119,0,N,0,N,0,N,0.9886564,0.9886564,6.4011554e-05,0.0028172499,0.0026133044,1.4520011e-05,0.0005627389,0.000629185,0.0046425858
216,104_00120,104,120,0,N,0,N,0,N,0.97877795,0.97877795,0.00010758017,0.005754602,0.0038054194,2.3358976e-05,0.0009719397,0.0013426179,0.00921647
217,104_00121,104,121,0,N,0,N,0,N,0.9892319,0.9892319,7.1291186e-05,0.0026174975,0.002662263,1.7135373e-05,0.00062746566,0.0005364409,0.0042361324
218,104_00122,104,122,0,N,0,N,0,N,0.9711263,0.9711263,0.00014826107,0.009463558,0.0044731745,2.7943e-05,0.0011105877,0.0017859795,0.011864149
219,104_00123,104,123,0,N,0,N,0,N,0.97782177,0.97782177,0.00013170182,0.006770822,0.0040307883,2.7719852e-05,0.0011407472,0.0012674279,0.008808956
220,104_00124,104,124,0,N,0,N,0,N,0.9696439,0.9696439,0.00016117934,0.0069589415,0.0050397087,3.259132e-05,0.0011257724,0.0016412971,0.015396614
221,104_00125,104,125,0,N,0,N,0,N,0.9709439,0.9709439,0.00016119654,0.0066477475,0.004909976,3.3313485e-05,0.0011344568,0.0016047204,0.014564589
222,104_00126,104,126,0,N,0,N,0,N,0.9902062,0.9902062,5.578862e-05,0.0026810723,0.0023497667,1.349728e-05,0.0005687398,0.000573757,0.003551244
223,104_00127,104,127,0,N,0,N,0,N,0.98600465,0.98600465,8.741217e-05,0.0028522133,0.0032931264,2.138127e-05,0.0007979363,0.00063289044,0.006310369
224,104_00128,104,128,0,N,0,N,0,N,0.9800866,0.9800866,0.000118945114,0.004384387,0.004040433,2.7673363e-05,0.0010243531,0.0009876407,0.009329808
225,104_00129,104,129,0,N,0,N,0,N,0.9653318,0.9653318,0.00023944926,0.0018639518,0.0071836426,5.4749227e-05,0.0014730539,0.00063255464,0.023220845
226,104_00130,104,130,0,N,0,N,0,N,0.9812225,0.9812225,0.00010888542,0.004154484,0.0039376128,2.7567487e-05,0.0010985356,0.00094232487,0.008508143
227,104_00131,104,131,0,N,0,N,0,N,0.962608,0.962608,0.00019868885,0.0033952973,0.006932694,4.4738023e-05,0.0014834851,0.000936787,0.024400273
228,104_00132,104,132,0,N,0,N,0,N,0.9942777,0.9942777,3.168234e-05,0.0019596403,0.0015457801,8.030636e-06,0.0004963335,0.00030371957,0.0013770504
229,104_00133,104,133,0,N,0,N,0,N,0.9882194,0.9882194,7.353452e-05,0.003370673,0.0027029016,1.7131848e-05,0.0006834563,0.00065529504,0.004277609
230,104_00134,104,134,0,N,0,N,0,N,0.983789,0.983789,0.0001036769,0.0048144674,0.0033671788,2.187673e-05,0.0008519779,0.0008382351,0.0062134936
231,104_00135,104,135,0,N,0,N,0,N,0.9878854,0.9878854,7.775549e-05,0.0033801114,0.002791889,1.7393017e-05,0.00070193567,0.00063060655,0.0045146914
232,104_00136,104,136,0,N,0,N,0,N,0.98484,0.98484,8.5452484e-05,0.0032462068,0.003313427,2.106984e-05,0.0007785396,0.0007988433,0.006916591
233,104_00137,104,137,0,N,0,N,0,N,0.9782661,0.9782661,0.00012261349,0.00253066,0.0046187327,2.934437e-05,0.00091990654,0.0007603947,0.012752213
234,104_00138,104,138,0,N,0,N,0,N,0.9789644,0.9789644,0.000107651365,0.0034153035,0.0041703247,2.34442e-05,0.0008734426,0.00094296766,0.0115024205
235,104_00139,104,139,0,N,0,N,0,N,0.9720529,0.9720529,0.000138596,0.0034485557,0.0050277496,2.7923179e-05,0.00086574396,0.0011208636,0.017317737
236,104_00140,104,140,0,N,0,N,0,N,0.9828297,0.9828297,8.698026e-05,0.004030914,0.0032337096,1.8165372e-05,0.0007351411,0.0010980837,0.007967247
237,104_00141,104,141,0,N,0,N,0,N,0.9685471,0.9685471,0.0001617985,0.008815841,0.0049257125,2.9926141e-05,0.0011112662,0.0017462176,0.01466212
238,104_00142,104,142,0,N,0,N,0,N,0.9630511,0.9630511,0.00016794706,0.011329651,0.005069091,2.9547184e-05,0.0012674365,0.0026029432,0.016482376
239,104_00143,104,143,0,N,0,N,0,N,0.9770911,0.9770911,0.00010851417,0.0064519783,0.003803978,2.1482783e-05,0.0009487783,0.0015403253,0.010033948
240,104_00144,104,144,0,N,0,N,0,N,0.98440206,0.98440206,7.5286494e-05,0.0047339066,0.0029605476,1.689694e-05,0.0007344142,0.0010895053,0.00598729
241,104_00145,104,145,0,N,0,N,0,N,0.9899744,0.9899744,6.637771e-05,0.0026373835,0.002519051,1.5567553e-05,0.0006368578,0.00046409274,0.0036862653
242,104_00146,104,146,0,N,0,N,0,N,0.9794037,0.9794037,0.0001109816,0.0068929438,0.0035644425,2.1274738e-05,0.0008333577,0.0013152477,0.007858098
243,104_00147,104,147,0,N,0,N,0,N,0.9732946,0.9732946,0.00012632333,0.007795109,0.0041046673,2.3176624e-05,0.0009644801,0.0018262427,0.011865441
244,104_00148,104,148,0,N,0,N,0,N,0.9795418,0.9795418,9.61769e-05,0.006544774,0.0032287752,1.9966066e-05,0.0008563872,0.001871121,0.007841039
245,104_00149,104,149,0,N,0,N,0,N,0.98222387,0.98222387,9.211804e-05,0.0055729537,0.0032381765,1.9232428e-05,0.0007543651,0.0012316182,0.0068677342
246,104_00150,104,150,0,N,0,N,0,N,0.99451846,0.99451846,4.3303833e-05,0.0013139372,0.0016647752,1.2095821e-05,0.0004887615,0.00025619593,0.0017025096
247,104_00151,104,151,0,N,0,N,0,N,0.9882224,0.9882224,7.938136e-05,0.0031357203,0.00281464,1.9136e-05,0.0007679153,0.0005970293,0.0043638377
248,104_00152,104,152,0,N,0,N,0,N,0.9742414,0.9742414,0.00012980108,0.008814199,0.0040454706,2.5145717e-05,0.0010238471,0.0017320381,0.009988153
249,104_00153,104,153,0,N,0,N,0,N,0.98162574,0.98162574,0.00010434214,0.0029747537,0.0041667083,2.7792415e-05,0.0012052527,0.0007100637,0.009185358
250,104_00154,104,154,0,N,0,N,0,N,0.970535,0.970535,0.00014798381,0.004060871,0.0054513225,3.516533e-05,0.001318585,0.0012368443,0.017214213
251,104_00155,104,155,0,N,0,N,0,N,0.9378704,0.9378704,0.00036300367,0.0028470159,0.009755276,6.49401e-05,0.001581315,0.00092340744,0.046594586
252,104_00156,104,156,0,N,0,N,0,N,0.95151097,0.95151097,0.00022186677,0.019204147,0.004699003,4.1747127e-05,0.0013766178,0.0073388917,0.015606831
253,104_00157,104,157,0,N,0,N,0,N,0.99151415,0.99151415,4.607452e-05,0.0027764852,0.0017699907,8.941166e-06,0.00038046553,0.0007977151,0.0027061608
254,104_00158,104,158,0,N,0,N,0,N,0.989151,0.989151,4.8087157e-05,0.005230201,0.0017584703,9.924699e-06,0.0005696955,0.0011521205,0.0020804896
255,104_00159,104,159,0,N,0,N,0,N,0.98210657,0.98210657,8.3948755e-05,0.007791823,0.0026529587,1.78495e-05,0.0007821844,0.0019147592,0.0046499684
256,114_00000,114,0,0,N,0,N,0,N,0.9898808,0.9898808,0.0013533601,4.5710003e-05,0.004852188,0.0020496815,0.00019749423,9.373951e-05,0.0015269158
257,114_00001,114,1,0,N,0,N,0,N,0.99123573,0.99123573,0.00064994296,4.2245676e-05,0.004275132,0.0020477234,0.00016497017,8.289354e-05,0.0015014354
258,114_00002,114,2,0,N,0,N,0,N,0.99085426,0.99085426,0.0006931217,4.439047e-05,0.00445784,0.0020967873,0.00016014185,8.7902015e-05,0.0016055474
259,114_00003,114,3,0,N,0,N,0,N,0.99231035,0.99231035,0.00045125769,3.923965e-05,0.003682535,0.0020363873,0.00017193626,7.298397e-05,0.001235433
260,114_00004,114,4,0,N,0,N,0,N,0.99080783,0.99080783,0.00068964454,4.245392e-05,0.0044604065,0.0020138505,0.0001753463,8.468195e-05,0.0017258773
261,114_00005,114,5,0,N,0,N,0,N,0.988883,0.988883,0.0013414427,4.7512865e-05,0.005425082,0.001996666,0.00018460887,0.000100507365,0.0020211898
262,114_00006,114,6,0,N,0,N,0,N,0.9898338,0.9898338,0.0009164008,4.5542572e-05,0.004952828,0.0019900443,0.00018134642,9.263515e-05,0.0019874524
263,114_00007,114,7,0,N,0,N,0,N,0.9897068,0.9897068,0.0007689808,4.7888538e-05,0.0049108155,0.002049756,0.0002010693,9.521548e-05,0.0022195722
264,114_00008,114,8,0,N,0,N,0,N,0.9868738,0.9868738,0.0015551036,4.9970513e-05,0.0063855173,0.002001496,0.00018586476,0.000113858514,0.0028343278
265,114_00009,114,9,0,N,0,N,0,N,0.98358905,0.98358905,0.00312388,5.695666e-05,0.007905982,0.001964927,0.00018710703,0.0001397186,0.0030324077
266,114_00010,114,10,0,N,0,N,0,N,0.9863377,0.9863377,0.0024027647,5.217539e-05,0.006475622,0.0020009514,0.00021377612,0.0001208198,0.002396116
267,114_00011,114,11,0,N,0,N,0,N,0.9897863,0.9897863,0.0010568564,4.4570294e-05,0.0049770414,0.0019769538,0.00019267252,9.1639224e-05,0.001874016
268,114_00012,114,12,0,N,0,N,0,N,0.98536336,0.98536336,0.0025199992,5.185547e-05,0.007169522,0.00198432,0.00017636568,0.0001254769,0.0026090313
269,114_00013,114,13,0,N,0,N,0,N,0.97679085,0.97679085,0.0079894895,6.785482e-05,0.009699231,0.002279266,0.00026696626,0.00017462486,0.0027317056
270,114_00014,114,14,0,N,0,N,0,N,0.98349595,0.98349595,0.004149709,5.493234e-05,0.0075217956,0.0020364986,0.00023271299,0.00013592579,0.0023725317
271,114_00015,114,15,0,N,0,N,0,N,0.9854919,0.9854919,0.0017381813,5.286137e-05,0.0069572493,0.0020989547,0.00019336182,0.00012555324,0.0033420154
272,114_00016,114,16,0,N,0,N,0,N,0.9851212,0.9851212,0.0020008597,5.538649e-05,0.007031969,0.0021079585,0.00021783078,0.00013049752,0.003334329
273,114_00017,114,17,0,N,0,N,0,N,0.9849889,0.9849889,0.001993975,5.401562e-05,0.0072149765,0.0020127487,0.00020010852,0.00012791369,0.003407324
274,114_00018,114,18,0,N,0,N,0,N,0.98431337,0.98431337,0.0019802472,5.5989356e-05,0.0075096297,0.0020830352,0.00019442399,0.00013492642,0.0037283688
275,114_00019,114,19,0,N,0,N,0,N,0.9720594,0.9720594,0.009468632,7.4463875e-05,0.011730811,0.0023054725,0.00026936064,0.00020426864,0.003887435
276,114_00020,114,20,0,N,0,N,0,N,0.97693235,0.97693235,0.0065432726,6.785403e-05,0.010201078,0.0022250826,0.00023726543,0.00018347167,0.0036096703
277,114_00021,114,21,0,N,0,N,0,N,0.97754693,0.97754693,0.0071701305,6.622328e-05,0.009604412,0.0022589264,0.00026160385,0.00017344684,0.0029183198
278,114_00022,114,22,0,N,0,N,0,N,0.9828382,0.9828382,0.0044251913,5.684847e-05,0.0078070206,0.0020962085,0.00022649179,0.00014174616,0.002408174
279,114_00023,114,23,0,N,0,N,0,N,0.97973025,0.97973025,0.006270871,6.0794202e-05,0.008818631,0.00220311,0.00025145637,0.00015607743,0.002508914
280,114_00024,114,24,0,N,0,N,0,N,0.9797678,0.9797678,0.0060134097,6.4126914e-05,0.008842811,0.0022467845,0.00024954072,0.00016427264,0.002651222
281,114_00025,114,25,0,N,0,N,0,N,0.9772834,0.9772834,0.0076949494,6.538683e-05,0.009577368,0.0023071244,0.00026294607,0.00017080686,0.0026381293
282,114_00026,114,26,0,N,0,N,0,N,0.98454726,0.98454726,0.003368675,5.2448122e-05,0.007237496,0.0020189318,0.00021198366,0.00012971704,0.002433566
283,114_00027,114,27,0,N,0,N,0,N,0.98012936,0.98012936,0.0059014815,6.0783943e-05,0.00873018,0.002154677,0.00024875824,0.00015624796,0.002618467
284,114_00028,114,28,0,N,0,N,0,N,0.9851174,0.9851174,0.0026732043,5.3150645e-05,0.0070840637,0.002031951,0.00020878614,0.00012809422,0.0027033791
285,114_00029,114,29,0,N,0,N,0,N,0.9824264,0.9824264,0.0041154413,5.7959947e-05,0.008126651,0.0021091776,0.00022058665,0.00014805899,0.002795695
286,114_00030,114,30,0,N,0,N,0,N,0.9806988,0.9806988,0.0040198183,6.31768e-05,0.008968558,0.0021705816,0.00021000112,0.00016561126,0.003703272
287,114_00031,114,31,0,N,0,N,0,N,0.9872221,0.9872221,0.001198052,5.161475e-05,0.0060962997,0.0021320712,0.00019740006,0.00011447302,0.0029879494
288,114_00032,114,32,0,N,0,N,0,N,0.98594445,0.98594445,0.0010876135,5.4209955e-05,0.0066588325,0.002148569,0.00018176054,0.000122007885,0.0038025302
289,114_00033,114,33,0,N,0,N,0,N,0.9820182,0.9820182,0.0031474726,5.95565e-05,0.008667317,0.0020107578,0.00018360672,0.00015124597,0.0037619318
290,114_00034,114,34,0,N,0,N,0,N,0.97841084,0.97841084,0.004961845,6.8999776e-05,0.009958831,0.0021562483,0.00020783715,0.0001831538,0.004052315
291,114_00035,114,35,0,N,0,N,0,N,0.9751479,0.9751479,0.0080865845,7.127873e-05,0.010576653,0.002322504,0.00025281377,0.0001921117,0.0033501822
292,114_00036,114,36,0,N,0,N,0,N,0.9856897,0.9856897,0.002365654,5.170447e-05,0.006899573,0.0020472852,0.00018594226,0.00012430541,0.0026358706
293,114_00037,114,37,0,N,0,N,0,N,0.98379034,0.98379034,0.003259824,5.5639783e-05,0.0075600822,0.0021587503,0.00020489092,0.00014130378,0.002829178
294,114_00038,114,38,0,N,0,N,0,N,0.9844058,0.9844058,0.0030372683,5.4271324e-05,0.007470322,0.0021427255,0.00018692143,0.00013651435,0.002566179
295,114_00039,114,39,0,N,0,N,0,N,0.9830932,0.9830932,0.0039356234,5.515936e-05,0.007856687,0.0020929584,0.00020838615,0.00014095755,0.0026170842
296,114_00040,114,40,0,N,0,N,0,N,0.96958405,0.96958405,0.011447575,8.059211e-05,0.012315415,0.00239994,0.00028052714,0.00021743981,0.0036744778
297,114_00041,114,41,0,N,0,N,0,N,0.97311896,0.97311896,0.009615465,7.2279785e-05,0.011180509,0.0023374106,0.00026448607,0.00019363634,0.0032172762
298,114_00042,114,42,0,N,0,N,0,N,0.97346234,0.97346234,0.007826045,7.526424e-05,0.0116050085,0.002257488,0.00024019068,0.00020824112,0.0043255477
299,114_00043,114,43,0,N,0,N,0,N,0.97707087,0.97707087,0.0075924187,6.667849e-05,0.009691326,0.0022240297,0.0002775268,0.00017284285,0.0029042843
300,114_00044,114,44,0,N,0,N,0,N,0.97414523,0.97414523,0.008065303,7.3543415e-05,0.011206051,0.0022612344,0.0002448237,0.0001987366,0.0038050099
301,114_00045,114,45,0,N,0,N,0,N,0.97029924,0.97029924,0.011516475,7.705813e-05,0.011909938,0.0024354581,0.00028402565,0.00020622436,0.003271518
302,114_00046,114,46,0,N,0,N,0,N,0.95021,0.95021,0.025939282,0.00010200245,0.016634278,0.0027901242,0.0003747066,0.0002684796,0.0036810907
303,114_00047,114,47,0,N,0,N,0,N,0.96095973,0.96095973,0.017972192,8.605431e-05,0.0143571375,0.0025098128,0.00031927164,0.00023256056,0.003563226
304,114_00048,114,48,0,N,0,N,0,N,0.97702694,0.97702694,0.0060733,6.7796565e-05,0.010299693,0.0022106818,0.00023257258,0.00018580521,0.0039031594
305,114_00049,114,49,0,N,0,N,0,N,0.97955734,0.97955734,0.0046097934,6.267564e-05,0.009389573,0.0021518397,0.00022495196,0.00016845921,0.0038352811
306,114_00050,114,50,0,N,0,N,0,N,0.94266534,0.94266534,0.029800557,0.00010861129,0.019410746,0.0028603997,0.00036314558,0.0002961091,0.0044951676
307,114_00051,114,51,0,N,0,N,0,N,0.98244023,0.98244023,0.004260541,5.618934e-05,0.00802746,0.0021256793,0.0002197507,0.00014526685,0.0027249735
308,114_00052,114,52,0,N,0,N,0,N,0.9422255,0.9422255,0.033304214,0.000103375605,0.017540256,0.0029050708,0.00041079268,0.00026346077,0.003247274
309,114_00053,114,53,0,N,0,N,0,N,0.9832304,0.9832304,0.0028281908,5.7141835e-05,0.007942432,0.0020559689,0.00020210048,0.00014222799,0.0035416146
310,114_00054,114,54,0,N,0,N,0,N,0.97577363,0.97577363,0.0060758637,7.234845e-05,0.01089534,0.0022669563,0.00022412537,0.0001999547,0.0044917124
311,114_00055,114,55,0,N,0,N,0,N,0.955773,0.955773,0.02081424,9.730933e-05,0.015955564,0.002684383,0.00033407286,0.00026562644,0.0040759137
312,114_00056,114,56,0,N,0,N,0,N,0.83781296,0.83781296,0.1167514,0.00019746606,0.034047477,0.004608659,0.00062818895,0.0005126938,0.0054412135
313,114_00057,114,57,0,N,0,N,0,N,0.96605814,0.96605814,0.01568533,8.238103e-05,0.012298296,0.0025646398,0.00033544068,0.00021218455,0.0027635458
314,114_00058,114,58,0,N,0,N,0,N,0.68388623,0.68388623,0.26370877,0.00023883294,0.041020144,0.005523787,0.00086378254,0.0005527196,0.0042057997
315,114_00059,114,59,0,N,0,N,0,N,0.9643824,0.9643824,0.017171705,7.977379e-05,0.012626778,0.0024350986,0.0003261872,0.00020200359,0.0027760176
316,114_00060,114,60,0,N,0,N,0,N,0.9730901,0.9730901,0.012351842,6.79966e-05,0.009741401,0.002223129,0.0003536087,0.00015939883,0.0020125336
317,114_00061,114,61,0,N,0,N,0,N,0.9865146,0.9865146,0.0019001254,5.113355e-05,0.0064420854,0.0020281547,0.00021364876,0.0001173417,0.002732888
318,114_00062,114,62,0,N,0,N,0,N,0.97826254,0.97826254,0.0044112564,6.6564644e-05,0.010083764,0.0021795807,0.0002052368,0.00018016902,0.0046109
319,114_00063,114,63,0,N,0,N,0,N,0.95316786,0.95316786,0.023427406,9.7486e-05,0.016162906,0.0026680918,0.000352404,0.0002607383,0.003863123
320,114_00064,114,64,0,N,0,N,0,N,0.9756195,0.9756195,0.0072248774,6.951284e-05,0.010689312,0.0021741625,0.00024030822,0.00018921932,0.0037932282
321,114_00065,114,65,0,N,0,N,0,N,0.9800822,0.9800822,0.0046933186,6.14643e-05,0.0090247,0.0021502338,0.00023833048,0.00016366973,0.0035861095
322,114_00066,114,66,0,N,0,N,0,N,0.9831726,0.9831726,0.0027284082,5.48476e-05,0.008084072,0.001997356,0.00018608593,0.00013851012,0.0036381758
323,114_00067,114,67,0,N,0,N,0,N,0.96867645,0.96867645,0.011881212,7.570769e-05,0.012729138,0.0023156912,0.00027650446,0.00020926523,0.0038360448
324,114_00068,114,68,0,N,0,N,0,N,0.9737308,0.9737308,0.009289596,6.9708556e-05,0.010926275,0.0022277804,0.0002761224,0.00018538546,0.003294373
325,114_00069,114,69,0,N,0,N,0,N,0.9641609,0.9641609,0.015370007,8.363508e-05,0.013750899,0.0023965428,0.000309173,0.00022474822,0.0037041027
326,114_00070,114,70,0,N,0,N,0,N,0.9629901,0.9629901,0.015448486,8.8389075e-05,0.014345651,0.0024619545,0.00030226394,0.00024065695,0.004122416
327,114_00071,114,71,0,N,0,N,0,N,0.9632643,0.9632643,0.015807245,8.98099e-05,0.013953843,0.0024432254,0.00032194998,0.00023823608,0.003881518
328,114_00072,114,72,0,N,0,N,0,N,0.9737718,0.9737718,0.008825651,7.346476e-05,0.011067968,0.0022659923,0.00026888418,0.00019549823,0.0035307219
329,114_00073,114,73,0,N,0,N,0,N,0.9815283,0.9815283,0.0041370825,5.9603706e-05,0.008541693,0.0020690237,0.00021988217,0.00015330456,0.0032910362
330,114_00074,114,74,0,N,0,N,0,N,0.98057705,0.98057705,0.0052520474,6.2922925e-05,0.008594407,0.0021856346,0.00024587207,0.00016157117,0.0029204781
331,114_00075,114,75,0,N,0,N,0,N,0.9888201,0.9888201,0.0014671135,4.7214267e-05,0.0054063015,0.0019584782,0.00020121702,9.995441e-05,0.0019997042
332,114_00076,114,76,0,N,0,N,0,N,0.99135464,0.99135464,0.00018534795,4.601069e-05,0.003999564,0.0022347157,0.00016686415,7.5698656e-05,0.0019371224
333,114_00077,114,77,0,N,0,N,0,N,0.9933968,0.9933968,8.7241686e-05,3.5256257e-05,0.0031190098,0.002108997,0.00017995675,5.2654854e-05,0.0010201036
334,114_00078,114,78,0,N,0,N,0,N,0.9926479,0.9926479,4.556377e-05,3.2056432e-05,0.0034625027,0.002675352,0.00014180428,4.553471e-05,0.0009493421
335,114_00079,114,79,0,N,0,N,0,N,0.9892556,0.9892556,0.0015865425,4.5250923e-05,0.005227445,0.0019172136,0.00019348007,9.55442e-05,0.0016788995
336,114_00080,114,80,0,N,0,N,0,N,0.9872161,0.9872161,0.0025267932,5.0107024e-05,0.0061137383,0.0019831676,0.00020045812,0.0001130095,0.0017967364
337,114_00081,114,81,0,N,0,N,0,N,0.9870696,0.9870696,0.002367441,5.0577783e-05,0.006126236,0.0019683873,0.00021667361,0.000114557115,0.0020865337
338,114_00082,114,82,0,N,0,N,0,N,0.98941725,0.98941725,0.0011034562,4.509692e-05,0.0051597087,0.0020057876,0.00018834823,9.462899e-05,0.0019857232
339,114_00083,114,83,0,N,0,N,0,N,0.9864164,0.9864164,0.0013507036,5.150568e-05,0.0065692393,0.0020974334,0.00017683033,0.00011856835,0.0032194094
340,114_00084,114,84,0,N,0,N,0,N,0.97257507,0.97257507,0.009720951,7.260198e-05,0.011380442,0.0023190663,0.00026786615,0.00019695594,0.003467107
341,114_00085,114,85,0,N,0,N,0,N,0.97510374,0.97510374,0.0078953765,7.163203e-05,0.010746322,0.0022578712,0.00025075892,0.00019110291,0.0034832114
342,114_00086,114,86,0,N,0,N,0,N,0.977876,0.977876,0.0057158032,6.896745e-05,0.009944184,0.0021561487,0.00023201406,0.00018332954,0.0038234547
343,114_00087,114,87,0,N,0,N,0,N,0.98066765,0.98066765,0.004897779,6.213702e-05,0.008695009,0.0021193454,0.00024225666,0.0001605465,0.003155142
344,114_00088,114,88,0,N,0,N,0,N,0.98132557,0.98132557,0.003810221,6.0699313e-05,0.008801567,0.0020481136,0.00020073178,0.00015605749,0.0035970598
345,114_00089,114,89,0,N,0,N,0,N,0.9728006,0.9728006,0.009180618,7.426312e-05,0.011412163,0.002298562,0.00027049592,0.00020178976,0.0037615541
346,114_00090,114,90,0,N,0,N,0,N,0.98021764,0.98021764,0.0053945733,6.063101e-05,0.0088207,0.0021434978,0.00024321057,0.00015868162,0.0029610652
347,114_00091,114,91,0,N,0,N,0,N,0.97059757,0.97059757,0.011142961,8.045062e-05,0.011902334,0.0024062677,0.00027405343,0.00021060472,0.0033857317
348,114_00092,114,92,0,N,0,N,0,N,0.9805316,0.9805316,0.0055583273,6.215442e-05,0.008592459,0.0021344402,0.00025044073,0.00015760146,0.0027131033
349,114_00093,114,93,0,N,0,N,0,N,0.9856621,0.9856621,0.00298209,5.150371e-05,0.0067333016,0.0019905642,0.00021956975,0.0001230056,0.00223798
350,114_00094,114,94,0,N,0,N,0,N,0.9820097,0.9820097,0.0028818708,6.1196544e-05,0.008559145,0.0020942977,0.00019327966,0.00015424991,0.0040462706
351,114_00095,114,95,0,N,0,N,0,N,0.98591894,0.98591894,0.0020283668,5.2460324e-05,0.0066959923,0.0020584776,0.00020557015,0.0001233205,0.0029170471
352,114_00096,114,96,0,N,0,N,0,N,0.98432255,0.98432255,0.0031880843,5.237448e-05,0.007395614,0.001988351,0.00021084202,0.00012995597,0.0027123198
353,114_00097,114,97,0,N,0,N,0,N,0.98013085,0.98013085,0.005175076,6.1797444e-05,0.008992642,0.002127643,0.00022418691,0.00016160365,0.0031261817
354,114_00098,114,98,0,N,0,N,0,N,0.9730659,0.9730659,0.010740854,7.3830095e-05,0.010592187,0.0024053862,0.0003018239,0.00018738634,0.00263259
355,114_00099,114,99,0,N,0,N,0,N,0.9811011,0.9811011,0.0050016325,6.038442e-05,0.008495294,0.0022608847,0.00023095674,0.00015725223,0.0026923746
356,114_00100,114,100,0,N,0,N,0,N,0.9761812,0.9761812,0.0076147188,6.951613e-05,0.010252824,0.0023216694,0.00024451528,0.00018597982,0.0031295896
357,114_00101,114,101,0,N,0,N,0,N,0.9794668,0.9794668,0.0050078654,6.434045e-05,0.009326269,0.0021852534,0.0002208435,0.00017258493,0.0035560275
358,114_00102,114,102,0,N,0,N,0,N,0.9840502,0.9840502,0.0034200472,5.2578154e-05,0.007477707,0.0020211975,0.0002085015,0.00013272931,0.0026370157
359,114_00103,114,103,0,N,0,N,0,N,0.98797184,0.98797184,0.0012415363,4.8205813e-05,0.0058251605,0.0020236883,0.00018295302,0.00010630022,0.0026003239
360,114_00104,114,104,0,N,0,N,0,N,0.99073946,0.99073946,0.001015255,4.3215503e-05,0.004493534,0.0019121714,0.00020600375,8.3699335e-05,0.001506711
361,114_00105,114,105,0,N,0,N,0,N,0.9898844,0.9898844,0.00060573954,4.5698314e-05,0.0048635816,0.002066023,0.00017030763,9.2194176e-05,0.002272157
362,114_00106,114,106,0,N,0,N,0,N,0.9862179,0.9862179,0.0016131623,5.4368425e-05,0.0066999267,0.002171857,0.0001838541,0.0001250565,0.0029338617
363,114_00107,114,107,0,N,0,N,0,N,0.9680299,0.9680299,0.011788733,8.316337e-05,0.013042201,0.0024209726,0.00027253688,0.00022910086,0.0041334387
364,114_00108,114,108,0,N,0,N,0,N,0.92600703,0.92600703,0.04384319,0.00011802147,0.02162521,0.0029904274,0.00042731524,0.00032181735,0.0046670097
365,114_00109,114,109,0,N,0,N,0,N,0.7693729,0.7693729,0.17867176,0.00020493729,0.04010729,0.004455475,0.000689347,0.00053785974,0.005960393
366,114_00110,114,110,0,N,0,N,0,N,0.5815521,0.5815521,0.3492485,0.00030273534,0.05420545,0.0047709644,0.00084693875,0.00076350063,0.008309837
367,114_00111,114,111,0,N,0,N,1,LBBB,0.81095093,0.1295941,0.81095093,0.00033523454,0.04946035,0.0035214564,0.0007901514,0.00068066316,0.004667103
368,114_00112,114,112,0,N,0,N,1,LBBB,0.6051764,0.32105443,0.6051764,0.0003706882,0.059182085,0.004484864,0.0009378318,0.0008615678,0.007932106
369,114_00113,114,113,0,N,0,N,0,N,0.9584557,0.9584557,0.020323874,8.855816e-05,0.014583502,0.0024618674,0.00035166572,0.00023379475,0.0035010553
370,114_00114,114,114,0,N,0,N,0,N,0.93204224,0.93204224,0.038631614,0.00011568299,0.020798001,0.0029147104,0.00040858117,0.0003162876,0.004772884
371,114_00115,114,115,0,N,0,N,0,N,0.9720466,0.9720466,0.011064164,6.962888e-05,0.011162077,0.0024202254,0.00027898845,0.00018553983,0.0027727191
372,114_00116,114,116,0,N,0,N,0,N,0.8704326,0.8704326,0.09078951,0.00015550706,0.028960712,0.0037026717,0.0005694557,0.00041291144,0.0049766107
373,114_00117,114,117,0,N,0,N,1,LBBB,0.5487567,0.3828589,0.5487567,0.00032381786,0.055396926,0.0051409896,0.0009807989,0.0007316448,0.0058102184
374,114_00118,114,118,0,N,0,N,0,N,0.554649,0.554649,0.37895012,0.0003047647,0.052357815,0.0054586353,0.0009055147,0.0007266993,0.006647465
375,114_00119,114,119,0,N,0,N,0,N,0.6860377,0.6860377,0.26019335,0.00023300512,0.04188082,0.0048497412,0.0008523054,0.0005810763,0.0053719995
376,114_00120,114,120,0,N,0,N,1,LBBB,0.8730862,0.07813296,0.8730862,0.00028620023,0.041249756,0.0029146452,0.00068488513,0.0005462211,0.0030991503
377,114_00121,114,121,0,N,0,N,0,N,0.9232298,0.9232298,0.04542054,0.00012118289,0.022553843,0.0029344363,0.00043158457,0.0003267934,0.0049819
378,114_00122,114,122,0,N,0,N,0,N,0.7999657,0.7999657,0.1550433,0.00018813532,0.034832668,0.004377501,0.0007187555,0.0004591335,0.004414823
379,114_00123,114,123,0,N,0,N,0,N,0.94952065,0.94952065,0.025157237,0.00010495791,0.017569793,0.0027309991,0.00035932986,0.00028085618,0.0042761043
380,114_00124,114,124,0,N,0,N,1,LBBB,0.7384694,0.1965801,0.7384694,0.00040014452,0.052340087,0.0048801443,0.0009454499,0.0008332791,0.0055513782
381,114_00125,114,125,0,N,0,N,0,N,0.89215356,0.89215356,0.0761137,0.00014318268,0.023386944,0.004039558,0.0005845746,0.00035500838,0.0032234546
382,114_00126,114,126,0,N,0,N,0,N,0.9104291,0.9104291,0.05676158,0.00013402173,0.024120742,0.0033637276,0.0004795463,0.00035096836,0.0043603866
383,114_00127,114,127,0,N,0,N,0,N,0.90135425,0.90135425,0.06290772,0.00013965426,0.026267407,0.003341244,0.00048388186,0.00037561904,0.005130154
384,114_00128,114,128,0,N,0,N,0,N,0.67963666,0.67963666,0.2574401,0.00027026897,0.04880323,0.0050702435,0.00077944243,0.000682989,0.0073170294
385,114_00129,114,129,0,N,0,N,1,LBBB,0.85119367,0.09910909,0.85119367,0.00030480497,0.041548125,0.0034006336,0.00079551846,0.0005786714,0.0030694974
386,114_00130,114,130,0,N,0,N,0,N,0.749771,0.749771,0.19934252,0.00021872946,0.039014652,0.004635025,0.00076730497,0.00055994524,0.005690843
387,114_00131,114,131,0,N,0,N,1,LBBB,0.7110315,0.22315808,0.7110315,0.00033929403,0.05418391,0.004371519,0.00092228357,0.00072409725,0.005269301
388,114_00132,114,132,0,N,0,N,0,N,0.9018734,0.9018734,0.059450347,0.00015323529,0.027638497,0.0031216368,0.00047480332,0.0004216059,0.0068663927
389,114_00133,114,133,0,N,0,N,0,N,0.5710086,0.5710086,0.36061057,0.00030252463,0.054000597,0.0050598206,0.000882246,0.00073633506,0.007399273
390,114_00134,114,134,0,N,0,N,0,N,0.9561273,0.9561273,0.018048644,0.00010054434,0.016851455,0.0024013973,0.00031529623,0.00028365312,0.005871586
391,114_00135,114,135,0,N,0,N,0,N,0.7188683,0.7188683,0.22076051,0.000251283,0.046563,0.004490162,0.0007434449,0.00064898364,0.007674249
392,114_00136,114,136,0,N,0,N,0,N,0.77704686,0.77704686,0.16742383,0.00021748427,0.042490233,0.004244683,0.0006616895,0.00057833426,0.007336924
393,114_00137,114,137,0,N,0,N,0,N,0.9355162,0.9355162,0.03407727,0.000115502975,0.021138355,0.0026572247,0.00038287413,0.0003264867,0.005786133
394,114_00138,114,138,0,N,0,N,0,N,0.614536,0.614536,0.32145444,0.0002728908,0.05056461,0.005112508,0.00084376417,0.0006709311,0.006544974
395,114_00139,114,139,0,N,0,N,1,LBBB,0.9711106,0.006514075,0.9711106,0.00017774827,0.019531038,0.0011870385,0.00026136375,0.00026629382,0.00095177646
396,114_00140,114,140,0,N,0,N,0,N,0.647275,0.647275,0.30466375,0.00022965095,0.037593372,0.005304352,0.0009842003,0.00051550585,0.003434165
397,114_00141,114,141,0,N,0,N,0,N,0.91118336,0.91118336,0.062474597,0.00010899842,0.019866044,0.0030923646,0.0005498897,0.00025183975,0.0024729809
398,114_00142,114,142,0,N,0,N,0,N,0.9731406,0.9731406,0.0071187997,7.170726e-05,0.011945338,0.0021244087,0.00024316485,0.00020004733,0.0051559024
399,114_00143,114,143,0,N,0,N,0,N,0.96950805,0.96950805,0.009546756,7.843083e-05,0.012951687,0.0022218062,0.00027260702,0.00022061553,0.005200155
400,114_00144,114,144,0,N,0,N,0,N,0.8585005,0.8585005,0.096761815,0.0001707423,0.033504248,0.0035762477,0.00055686536,0.00045601765,0.006473541
401,114_00145,114,145,0,N,0,N,0,N,0.76376575,0.76376575,0.17600133,0.00024668392,0.04547303,0.0043096296,0.00067734235,0.00065902,0.008867174
402,114_00146,114,146,0,N,0,N,1,LBBB,0.96919024,0.008706318,0.96919024,0.00018068665,0.01903302,0.0013462651,0.00031184708,0.00027948807,0.0009520981
403,114_00147,114,147,0,N,0,N,1,LBBB,0.9227979,0.03834003,0.9227979,0.0002726918,0.03276303,0.0023637065,0.00053717836,0.00049366994,0.0024317969
404,114_00148,114,148,0,N,0,N,0,N,0.6141639,0.6141639,0.32211158,0.00028532874,0.04987382,0.005287397,0.0008713894,0.0007160837,0.00669058
405,114_00149,114,149,0,N,0,N,0,N,0.66791385,0.66791385,0.27192304,0.00026044692,0.04683509,0.005039402,0.0008185094,0.000653132,0.0065566045
406,114_00150,114,150,0,N,0,N,0,N,0.5224902,0.5224902,0.4059189,0.0003464328,0.056010395,0.0056730704,0.0009286132,0.0008306898,0.00780167
407,114_00151,114,151,0,N,0,N,0,N,0.76394105,0.76394105,0.18529233,0.00022410261,0.03877786,0.004754448,0.0007580878,0.00056731387,0.005684886
408,114_00152,114,152,0,N,0,N,0,N,0.7473158,0.7473158,0.1962613,0.0002383371,0.043154538,0.004620182,0.0007315127,0.00061736576,0.0070609846
409,114_00153,114,153,0,N,0,N,0,N,0.7847141,0.7847141,0.16133997,0.00021419188,0.041109294,0.004295413,0.00066244043,0.00057278044,0.007091884
410,114_00154,114,154,0,N,0,N,0,N,0.727771,0.727771,0.21494749,0.00023415475,0.044279136,0.0043881354,0.0007410135,0.000601329,0.0070377053
411,114_00155,114,155,0,N,0,N,0,N,0.81101346,0.81101346,0.14425457,0.00017501008,0.03450252,0.0040211496,0.00065897644,0.00044543162,0.0049288454
412,114_00156,114,156,0,N,0,N,0,N,0.90263504,0.90263504,0.063274495,0.00012928489,0.025234338,0.003108634,0.00048529834,0.0003407165,0.004792151
413,114_00157,114,157,0,N,0,N,1,LBBB,0.6066276,0.32263207,0.6066276,0.00035510515,0.0571587,0.0050562033,0.0009683864,0.00080494373,0.0063970676
414,114_00158,114,158,0,N,0,N,0,N,0.836926,0.836926,0.11782743,0.00018857737,0.033885546,0.004168337,0.00062557234,0.00050018233,0.0058783484
415,114_00159,114,159,0,N,0,N,0,N,0.85571027,0.85571027,0.09992567,0.00017750658,0.033051167,0.003786507,0.00057312776,0.00047690142,0.006298889
416,114_00160,114,160,0,N,0,N,0,N,0.9470644,0.9470644,0.027336467,0.000100968035,0.017763799,0.0026041116,0.00036699124,0.0002773145,0.0044859555
417,114_00161,114,161,0,N,0,N,0,N,0.761105,0.761105,0.18204956,0.00023460097,0.0434275,0.0044577266,0.0007038872,0.00061283226,0.0074088946
418,114_00162,114,162,0,N,0,N,1,LBBB,0.5988735,0.32990968,0.5988735,0.00038242698,0.056624684,0.005224277,0.0009924431,0.000880635,0.007112416
419,114_00163,114,163,0,N,0,N,0,N,0.6655861,0.6655861,0.27597514,0.00025560672,0.045507398,0.0052104224,0.0008394653,0.0006385173,0.0059873336
420,114_00164,114,164,0,N,0,N,0,N,0.7623533,0.7623533,0.18333997,0.00022119714,0.041580178,0.00442316,0.00070449256,0.0005811662,0.0067965207
421,114_00165,114,165,0,N,0,N,0,N,0.89668274,0.89668274,0.06617161,0.00013861337,0.027245598,0.00316043,0.00048041093,0.00038342635,0.0057372176
422,114_00166,114,166,0,N,0,N,0,N,0.72350395,0.72350395,0.21457002,0.00026129323,0.047380105,0.0045018657,0.000734296,0.0006789645,0.00836931
423,114_00167,114,167,0,N,0,N,0,N,0.7218935,0.7218935,0.21802445,0.00025933684,0.045854934,0.0046328646,0.0007523622,0.0006731762,0.00790941
424,114_00168,114,168,0,N,0,N,1,LBBB,0.84363234,0.10251624,0.84363234,0.00033638792,0.04467338,0.003526593,0.0007810911,0.0006565736,0.0038773087
425,114_00169,114,169,0,N,0,N,0,N,0.7430335,0.7430335,0.20462117,0.00022910145,0.040111415,0.0048276023,0.0007743007,0.0005801662,0.005822775
426,114_00170,114,170,0,N,0,N,1,LBBB,0.9445374,0.023135021,0.9445374,0.00022412349,0.02779518,0.0018639085,0.00043748872,0.00037942606,0.0016275262
427,114_00171,114,171,0,N,0,N,1,LBBB,0.71784806,0.21635261,0.71784806,0.00036654682,0.053565234,0.0044738455,0.0009441042,0.000781188,0.005668424
428,114_00172,114,172,0,N,0,N,1,LBBB,0.79132193,0.14962558,0.79132193,0.0003492145,0.048547186,0.003826174,0.00089062605,0.00071440736,0.004724942
429,114_00173,114,173,0,N,0,N,0,N,0.9459345,0.9459345,0.028068464,0.00010768411,0.017967217,0.0027033302,0.0003801569,0.0002929509,0.0045457752
430,114_00174,114,174,0,N,0,N,0,N,0.9340999,0.9340999,0.035698835,0.00012624782,0.020886624,0.0029364221,0.00040964683,0.00034853618,0.0054937885
431,114_00175,114,175,0,N,0,N,0,N,0.95425564,0.95425564,0.020644775,0.00010272249,0.016933097,0.0027328515,0.0003241175,0.00028625195,0.004720494
432,114_00176,114,176,0,N,0,N,0,N,0.82672143,0.82672143,0.12609062,0.00019536543,0.035448313,0.004127889,0.00063855475,0.0005163846,0.006261431
433,114_00177,114,177,0,N,0,N,0,N,0.72856325,0.72856325,0.21384215,0.0002443214,0.044284366,0.0047219,0.00075416,0.0006271692,0.006962628
434,114_00178,114,178,0,N,0,N,0,N,0.86332095,0.86332095,0.09308025,0.00017468557,0.032280333,0.0037459163,0.0005637107,0.00046939083,0.0063647763
435,114_00179,114,179,0,N,0,N,0,N,0.89136356,0.89136356,0.07079924,0.00015174523,0.027687332,0.0032928032,0.0005161254,0.00040473655,0.005784387
436,114_00180,114,180,0,N,0,N,0,N,0.89805305,0.89805305,0.064711004,0.00014221456,0.027277775,0.0031783725,0.00048337434,0.00038616286,0.005768062
437,114_00181,114,181,0,N,0,N,0,N,0.7428261,0.7428261,0.19461079,0.00025659436,0.04754767,0.004324577,0.00069215795,0.000678256,0.009063819
438,114_00182,114,182,0,N,0,N,1,LBBB,0.855059,0.09183913,0.855059,0.00032283363,0.044360004,0.003199551,0.00072697754,0.00063060154,0.0038618231
439,114_00183,114,183,0,N,0,N,0,N,0.6243072,0.6243072,0.31415287,0.00028267247,0.047870547,0.0053744274,0.0008918578,0.00069762993,0.006422757
440,114_00184,114,184,0,N,0,N,0,N,0.85265726,0.85265726,0.10321488,0.00017797631,0.033039063,0.003873802,0.0005890827,0.00047261885,0.00597532
441,114_00185,114,185,0,N,0,N,0,N,0.87666655,0.87666655,0.082946956,0.00015607476,0.030099884,0.00358506,0.0005305155,0.0004207361,0.0055942894
442,114_00186,114,186,0,N,0,N,0,N,0.8481448,0.8481448,0.104016766,0.00019004944,0.03548122,0.003900043,0.00057299616,0.0005193916,0.0071745906
443,114_00187,114,187,0,N,0,N,0,N,0.66223615,0.66223615,0.26969096,0.0002967728,0.05256228,0.004789239,0.0007869826,0.00075228163,0.008885258
444,114_00188,114,188,0,N,0,N,0,N,0.6186218,0.6186218,0.3133497,0.0003009837,0.053176608,0.0052388967,0.0008414351,0.00074342266,0.0077271624
445,114_00189,114,189,0,N,0,N,0,N,0.8338108,0.8338108,0.11675436,0.00019604339,0.03699923,0.0040210704,0.0005955929,0.00052847737,0.0070943665
446,114_00190,114,190,0,N,0,N,0,N,0.95794266,0.95794266,0.01996657,8.978772e-05,0.015108458,0.0024429434,0.0003365385,0.00024170868,0.0038713259
447,114_00191,114,191,0,N,0,N,0,N,0.97441125,0.97441125,0.008026862,6.653531e-05,0.011039978,0.0021883738,0.00025971612,0.0001850254,0.003822398
448,114_00192,114,192,0,N,0,N,0,N,0.97123104,0.97123104,0.007969807,7.857261e-05,0.0126148,0.0022313667,0.00024136862,0.00022104492,0.0054119145
449,114_00193,114,193,0,N,0,N,0,N,0.9537713,0.9537713,0.021217188,9.69804e-05,0.016857017,0.0024752996,0.00033544487,0.00027232437,0.004974449
450,114_00194,114,194,0,N,0,N,0,N,0.9593372,0.9593372,0.016625151,9.6245e-05,0.015689937,0.0024615421,0.00030993423,0.00027041146,0.0052096955
451,114_00195,114,195,0,N,0,N,0,N,0.9660689,0.9660689,0.011707257,8.829649e-05,0.013866185,0.0023792891,0.00028237584,0.00025079458,0.0053569498
452,114_00196,114,196,0,N,0,N,0,N,0.96905255,0.96905255,0.010903724,7.7740006e-05,0.012804273,0.0022941222,0.0002793474,0.00021649482,0.0043717916
453,114_00197,114,197,0,N,0,N,0,N,0.95407724,0.95407724,0.019386165,0.00010169454,0.017324654,0.0024893954,0.00031510997,0.00029401493,0.0060116625
454,114_00198,114,198,0,N,0,N,0,N,0.93598896,0.93598896,0.033736724,0.00012066616,0.02072433,0.0027340187,0.00039431266,0.00034023562,0.0059608575
455,114_00199,114,199,0,N,0,N,0,N,0.821958,0.821958,0.12840356,0.00019673699,0.03748525,0.004183407,0.000615167,0.0005277102,0.006630183
456,114_00200,114,200,0,N,0,N,0,N,0.9103753,0.9103753,0.055853494,0.00014000823,0.024397776,0.0033954484,0.00047957097,0.0003755719,0.0049829553
457,114_00201,114,201,0,N,0,N,0,N,0.8529352,0.8529352,0.10343726,0.00017401899,0.032874607,0.003853058,0.0005858594,0.0004585647,0.0056814263
458,114_00202,114,202,0,N,0,N,0,N,0.94185793,0.94185793,0.029619101,0.00011476546,0.019553026,0.002686656,0.00037867893,0.00031957892,0.0054701306
459,114_00203,114,203,0,N,0,N,0,N,0.9708236,0.9708236,0.007906651,8.0518104e-05,0.012668436,0.0022849825,0.00024902713,0.00022824724,0.005758564
460,114_00204,114,204,0,N,0,N,0,N,0.98169756,0.98169756,0.00422638,5.957028e-05,0.008331642,0.0021268988,0.0002260523,0.00015390647,0.0031781318
461,114_00205,114,205,0,N,0,N,0,N,0.9735563,0.9735563,0.009191594,7.296802e-05,0.01113784,0.0022798355,0.00025074065,0.00019269594,0.003318114
462,114_00206,114,206,0,N,0,N,0,N,0.94946575,0.94946575,0.024564872,0.00010799667,0.017829146,0.002694307,0.0003621719,0.0002941536,0.004681655
463,114_00207,114,207,0,N,0,N,1,LBBB,0.7346208,0.19621532,0.7346208,0.00037775713,0.056560438,0.0038263397,0.0008744491,0.00081269635,0.0067122215
464,114_00208,114,208,0,N,0,N,0,N,0.90734255,0.90734255,0.054573704,0.00015533587,0.02618955,0.002794989,0.00048031475,0.00042861764,0.008034934
465,114_00209,114,209,0,N,0,N,1,LBBB,0.93874705,0.025997419,0.93874705,0.00023282453,0.03027678,0.0017533755,0.00042135883,0.00040898198,0.0021622665
466,114_00210,114,210,0,N,0,N,0,N,0.9675335,0.9675335,0.013777356,7.167642e-05,0.012522336,0.0022141307,0.00032224672,0.00019055362,0.003368132
467,114_00211,114,211,0,N,0,N,1,LBBB,0.5184997,0.41181517,0.5184997,0.00031018007,0.057090607,0.0047305203,0.0009700313,0.0006930551,0.005890732
468,114_00212,114,212,0,N,0,N,1,LBBB,0.588246,0.3352765,0.588246,0.00036686446,0.062109713,0.004701105,0.0009230134,0.00081077707,0.007566075
469,114_00213,114,213,0,N,0,N,1,LBBB,0.9761249,0.0047768964,0.9761249,0.00015231862,0.016650977,0.00102979,0.00023632665,0.00022722306,0.000801661
470,114_00214,114,214,0,N,0,N,1,LBBB,0.95945597,0.013354141,0.95945597,0.00018655194,0.023605406,0.0013047747,0.00032758122,0.0003089176,0.0014567124
471,114_00215,114,215,0,N,0,N,1,LBBB,0.74293983,0.18743758,0.74293983,0.00037021615,0.05676982,0.00340245,0.0008080806,0.0008024481,0.0074695516
472,114_00216,114,216,0,N,0,N,0,N,0.74392444,0.74392444,0.19022574,0.00027812397,0.04849137,0.003699452,0.00067804207,0.00074809743,0.011954705
473,114_00217,114,217,0,N,0,N,1,LBBB,0.57680726,0.34270748,0.57680726,0.00040546956,0.06366971,0.004333964,0.0008965708,0.0009539551,0.01022564
474,114_00218,114,218,0,N,0,N,0,N,0.7793727,0.7793727,0.15974922,0.00024942585,0.045252543,0.0040889224,0.0006462138,0.00067720073,0.00996387
475,114_00219,114,219,6,NPC,0,N,1,LBBB,0.9439104,0.022265378,0.9439104,0.00022986763,0.029170845,0.001713762,0.0004096263,0.00039015812,0.0019099899
476,114_00220,114,220,0,N,6,NPC,1,LBBB,0.9597326,0.01255435,0.9597326,0.00021842649,0.023745954,0.0015474127,0.0003400784,0.00035889493,0.0015023706
477,114_00221,114,221,0,N,0,N,1,LBBB,0.9820033,0.0028513595,0.9820033,0.00015164707,0.01300417,0.0009848651,0.00021444687,0.0002081575,0.00058207265
478,114_00222,114,222,0,N,0,N,0,N,0.8365935,0.8365935,0.11170334,0.00021522216,0.038062662,0.0039990605,0.00059302204,0.00058664463,0.008246473
479,114_00223,114,223,0,N,0,N,0,N,0.92376226,0.92376226,0.042403556,0.00014197222,0.023437716,0.0029010833,0.00044300387,0.00038766678,0.006522799
480,114_00224,114,224,0,N,0,N,0,N,0.92386204,0.92386204,0.038709667,0.00014616287,0.02525806,0.0027445022,0.0003976117,0.00041497796,0.008466946
481,114_00225,114,225,0,N,0,N,1,LBBB,0.8716498,0.07728397,0.8716498,0.0003151451,0.042610615,0.002750369,0.0006494478,0.000617448,0.0041231583
482,114_00226,114,226,0,N,0,N,1,LBBB,0.5174445,0.4114014,0.5174445,0.00032909124,0.05719623,0.0048873574,0.00094892055,0.00077375694,0.007018739
483,114_00227,114,227,0,N,0,N,0,N,0.62666607,0.62666607,0.31217042,0.00025376948,0.048322074,0.004692827,0.0008445973,0.0006343653,0.006415903
484,114_00228,114,228,0,N,0,N,0,N,0.6937373,0.6937373,0.24341859,0.00025553402,0.048760314,0.0044207745,0.00075442804,0.00066129264,0.007991629
485,114_00229,114,229,0,N,0,N,0,N,0.60954326,0.60954326,0.3204337,0.0003012861,0.05468099,0.0046555717,0.0008250105,0.00075228105,0.008807924
486,114_00230,114,230,0,N,0,N,1,LBBB,0.6104743,0.3161174,0.6104743,0.00036141975,0.059400864,0.004617718,0.00094215415,0.00081739377,0.0072687375
487,114_00231,114,231,0,N,0,N,1,LBBB,0.5449776,0.3814413,0.5449776,0.00034577397,0.05929161,0.0048295436,0.000945811,0.0007981955,0.0073701856
488,114_00232,114,232,0,N,0,N,1,LBBB,0.851681,0.09566159,0.851681,0.00030619238,0.044384304,0.0032030381,0.00075691973,0.00058466574,0.0034223266
489,114_00233,114,233,0,N,0,N,0,N,0.94549876,0.94549876,0.027888963,0.000110403664,0.01826292,0.002663234,0.00038102688,0.0002989953,0.0048955604
490,114_00234,114,234,0,N,0,N,0,N,0.93617004,0.93617004,0.0377707,0.00010944268,0.018746037,0.0030348995,0.0004248212,0.0002807997,0.003463276
491,114_00235,114,235,0,N,0,N,0,N,0.9772538,0.9772538,0.005406242,6.645137e-05,0.010353671,0.0021649627,0.00022768661,0.00018188891,0.0043452824
492,114_00236,114,236,0,N,0,N,0,N,0.84107655,0.84107655,0.11453343,0.0001751303,0.033666957,0.003935953,0.0006041998,0.000458161,0.0055495407
493,114_00237,114,237,0,N,0,N,0,N,0.93240225,0.93240225,0.03659797,0.000120006414,0.021660624,0.0027653656,0.00039817847,0.00033375053,0.00572187
494,114_00238,114,238,0,N,0,N,0,N,0.6530273,0.6530273,0.2838365,0.00027453544,0.04910845,0.004855632,0.0008266299,0.00069052866,0.007380443
495,114_00239,114,239,0,N,0,N,0,N,0.80351067,0.80351067,0.141752,0.00021997983,0.040940702,0.0041070394,0.00063285924,0.00060070213,0.008236117
496,114_00240,114,240,0,N,0,N,0,N,0.7297465,0.7297465,0.20781614,0.0002604418,0.047533605,0.0043705585,0.0007136374,0.00069209345,0.008867046
497,114_00241,114,241,0,N,0,N,0,N,0.84740925,0.84740925,0.10790145,0.00017534445,0.033551775,0.0038539376,0.00058748334,0.00046976638,0.0060509993
498,114_00242,114,242,0,N,0,N,0,N,0.67208344,0.67208344,0.2666036,0.0002611101,0.0476531,0.0048082164,0.0007946551,0.0006637896,0.0071320585
499,114_00243,114,243,0,N,0,N,1,LBBB,0.86635864,0.084409446,0.86635864,0.0002944035,0.041517787,0.003118265,0.0007273709,0.00055459264,0.0030194754
500,114_00244,114,244,0,N,0,N,0,N,0.70778215,0.70778215,0.23709904,0.00022970838,0.042759255,0.00470099,0.00078305305,0.00058926997,0.0060564764
501,114_00245,114,245,0,N,0,N,1,LBBB,0.6602943,0.27514926,0.6602943,0.00032152288,0.052811805,0.0047949594,0.00096442236,0.0007048265,0.0049589723
502,114_00246,114,246,0,N,0,N,1,LBBB,0.9032826,0.052961733,0.9032826,0.00027573493,0.037102103,0.002526169,0.0005854641,0.0005118879,0.0027543819
503,114_00247,114,247,0,N,0,N,0,N,0.7169441,0.7169441,0.22638647,0.00024203981,0.043614686,0.0047057457,0.0007759947,0.0006248954,0.006705962
504,114_00248,114,248,0,N,0,N,1,LBBB,0.48646703,0.44445765,0.48646703,0.0003158538,0.055567138,0.0049913106,0.0009591581,0.00074039644,0.006501502
505,114_00249,114,249,0,N,0,N,0,N,0.9071808,0.9071808,0.057432808,0.00013564526,0.02568639,0.003060296,0.00046732544,0.00036766444,0.0056690387
506,114_00250,114,250,0,N,0,N,0,N,0.8255852,0.8255852,0.12388426,0.00019437616,0.03776682,0.0036572248,0.00059445703,0.00053388765,0.007783875
507,114_00251,114,251,0,N,0,N,0,N,0.60972995,0.60972995,0.32190055,0.00028160922,0.05399506,0.0044759796,0.0008140112,0.0007001386,0.008102692
508,114_00252,114,252,0,N,0,N,1,LBBB,0.75691694,0.17303263,0.75691694,0.00040182823,0.05684158,0.0037074627,0.00080685416,0.0008452969,0.0074474504
509,114_00253,114,253,0,N,0,N,1,LBBB,0.52705246,0.40469792,0.52705246,0.0003011723,0.055646602,0.004660566,0.0009501979,0.00069441233,0.0059967423
510,114_00254,114,254,0,N,0,N,0,N,0.89610493,0.89610493,0.06566597,0.0001416231,0.02772617,0.0030116197,0.00047495306,0.0003942974,0.006480386
511,114_00255,114,255,0,N,0,N,0,N,0.7815534,0.7815534,0.16468246,0.00020017859,0.041299187,0.003723009,0.00064840674,0.0005345779,0.0073587187
512,114_00256,114,256,0,N,0,N,0,N,0.9492817,0.9492817,0.021209545,0.00011253212,0.01892992,0.0024006865,0.00033313435,0.00032345226,0.00740907
513,114_00257,114,257,0,N,0,N,0,N,0.78700864,0.78700864,0.15674336,0.00022709521,0.04226535,0.0040234476,0.00065279315,0.00061609776,0.008463282
514,114_00258,114,258,0,N,0,N,0,N,0.9597809,0.9597809,0.016184822,0.00010086898,0.01568351,0.0025038298,0.00030762525,0.00027588475,0.0051625487
515,114_00259,114,259,0,N,0,N,0,N,0.6532048,0.6532048,0.28721762,0.00026077533,0.046595987,0.0052769645,0.0008440857,0.000641677,0.0059579993
516,114_00260,114,260,0,N,0,N,0,N,0.93858266,0.93858266,0.035059463,0.00011338669,0.018630603,0.0030085512,0.000418492,0.0002964464,0.0038904038
517,114_00261,114,261,0,N,0,N,0,N,0.8727474,0.8727474,0.08930896,0.00015594858,0.02836142,0.0038715557,0.0005692514,0.0004071063,0.0045783785
518,114_00262,114,262,0,N,0,N,0,N,0.9427406,0.9427406,0.028142424,0.00011569926,0.019965399,0.0028248292,0.00035736818,0.00032763404,0.00552601
519,114_00263,114,263,0,N,0,N,0,N,0.9147123,0.9147123,0.050378494,0.00013113949,0.025102794,0.0028979853,0.00043901455,0.00036357233,0.0059746904
520,114_00264,114,264,0,N,0,N,0,N,0.9581257,0.9581257,0.018360121,9.7160584e-05,0.015551707,0.002482248,0.00033129024,0.000266631,0.004785051
521,114_00265,114,265,0,N,0,N,0,N,0.9710659,0.9710659,0.009977169,7.780752e-05,0.012066937,0.002271536,0.00027634294,0.00020903611,0.0040551526
522,114_00266,114,266,0,N,0,N,0,N,0.9629949,0.9629949,0.017313488,8.7911096e-05,0.013281505,0.0025546185,0.0003477518,0.00022688002,0.0031930588
523,114_00267,114,267,0,N,0,N,0,N,0.9587709,0.9587709,0.018040959,9.15431e-05,0.015485933,0.0023335933,0.0003340798,0.00024996308,0.004693233
524,114_00268,114,268,0,N,0,N,0,N,0.9442501,0.9442501,0.028826537,0.000103157145,0.018649139,0.0024732405,0.00036976993,0.00028373045,0.005044157
525,114_00269,114,269,0,N,0,N,0,N,0.9844872,0.9844872,0.0015588365,5.595856e-05,0.0073144026,0.0020479774,0.00020526869,0.00013032164,0.0042001577
526,114_00270,114,270,0,N,0,N,0,N,0.97740215,0.97740215,0.0067612045,6.238626e-05,0.009848651,0.002048114,0.00026768827,0.00016563434,0.0034441978
527,114_00271,114,271,0,N,0,N,0,N,0.97928363,0.97928363,0.0043132924,6.0693746e-05,0.009714858,0.0019489101,0.00021346968,0.0001596792,0.004305549
528,114_00272,114,272,0,N,0,N,1,LBBB,0.6824244,0.24836858,0.6824244,0.00033330324,0.057280738,0.003955955,0.00089755916,0.00070883124,0.006030598
529,114_00273,114,273,0,N,0,N,0,N,0.88625425,0.88625425,0.07253176,0.00015238438,0.029644987,0.0028227149,0.0004931344,0.00042679172,0.0076740026
530,114_00274,114,274,0,N,0,N,0,N,0.7997829,0.7997829,0.14142583,0.00023367273,0.043046974,0.0033865354,0.00060270855,0.00064880314,0.010872628
531,114_00275,114,275,0,N,0,N,1,LBBB,0.46149138,0.447979,0.46149138,0.00044925584,0.069576226,0.0046671666,0.0008517459,0.0010935799,0.0138916755
532,114_00276,114,276,0,N,0,N,1,LBBB,0.9907814,0.00043110206,0.9907814,0.00010289387,0.007603992,0.00055095716,0.00010998707,0.00013265025,0.00028704855
533,114_00277,114,277,0,N,0,N,0,N,0.5397805,0.5397805,0.40000522,0.00028719447,0.047440607,0.0052573546,0.0009864367,0.00068438466,0.0055583413
534,114_00278,114,278,0,N,0,N,0,N,0.8958333,0.8958333,0.06935934,0.00013356686,0.02586352,0.0030885062,0.0005090782,0.00034978942,0.0048629004
535,114_00279,114,279,0,N,0,N,0,N,0.9507047,0.9507047,0.018867427,0.000114126444,0.018852783,0.0023612147,0.0003152969,0.0003302541,0.008454153
536,114_00280,114,280,0,N,0,N,0,N,0.9534912,0.9534912,0.019272957,0.00010407317,0.01760751,0.0024339347,0.00032044537,0.0003012224,0.006468719
537,114_00281,114,281,0,N,0,N,0,N,0.91962224,0.91962224,0.043865692,0.0001440462,0.025373548,0.0029046063,0.00042937387,0.00040449988,0.0072560403
538,114_00282,114,282,0,N,0,N,0,N,0.7307583,0.7307583,0.20542987,0.000283336,0.048135284,0.0047391267,0.0007367148,0.00073891296,0.0091785155
539,114_00283,114,283,0,N,0,N,1,LBBB,0.9600492,0.011991399,0.9600492,0.00021327833,0.023978563,0.0014270401,0.00031620453,0.00036046797,0.0016638156
540,114_00284,114,284,0,N,0,N,1,LBBB,0.98443377,0.0015084994,0.98443377,0.0001347688,0.012189684,0.0007449109,0.00015792686,0.000200821,0.0006296528
541,114_00285,114,285,0,N,0,N,1,LBBB,0.9801027,0.0027987412,0.9801027,0.00014666111,0.01489111,0.0008864219,0.00019328864,0.00022115387,0.0007599175
542,114_00286,114,286,0,N,0,N,1,LBBB,0.9525062,0.016845072,0.9525062,0.00021305023,0.026397241,0.0015072977,0.00035453503,0.00036495988,0.0018116896
543,114_00287,114,287,0,N,0,N,1,LBBB,0.86958075,0.07983116,0.86958075,0.00030557936,0.042367596,0.00284156,0.0006714189,0.0005991718,0.0038028187
544,114_00288,114,288,0,N,0,N,1,LBBB,0.5452726,0.3809514,0.5452726,0.0003514779,0.059318576,0.0046855947,0.00095262873,0.0008172671,0.007650457
545,114_00289,114,289,0,N,0,N,1,LBBB,0.8572173,0.088911295,0.8572173,0.0003232276,0.044907887,0.0028782599,0.0006817611,0.0006404294,0.0044397605
546,114_00290,114,290,0,N,0,N,1,LBBB,0.9169092,0.041333225,0.9169092,0.00027627722,0.0353208,0.0021938295,0.0005146682,0.0005090436,0.0029429016
547,114_00291,114,291,0,N,0,N,0,N,0.6743146,0.6743146,0.26906225,0.00024471295,0.044050455,0.004930978,0.00084449485,0.0006112995,0.005941089
548,114_00292,114,292,0,N,0,N,0,N,0.9659969,0.9659969,0.013928316,7.850772e-05,0.013333668,0.0022568584,0.00030907357,0.00021314232,0.0038835616
549,114_00293,114,293,0,N,0,N,0,N,0.9715407,0.9715407,0.0101015,7.0483184e-05,0.011874153,0.0021443374,0.00027958537,0.00019102922,0.0037981314
550,114_00294,114,294,0,N,0,N,0,N,0.88789546,0.88789546,0.07115876,0.00016018907,0.030115047,0.0034022343,0.00050287927,0.00042727025,0.0063382117
551,114_00295,114,295,0,N,0,N,0,N,0.95112294,0.95112294,0.02593489,9.5499934e-05,0.015974665,0.0025953832,0.00037905842,0.00025228856,0.0036453903
552,114_00296,114,296,0,N,0,N,0,N,0.958341,0.958341,0.020089982,9.289418e-05,0.014727558,0.0025259915,0.000346414,0.00024376546,0.0036323043
553,114_00297,114,297,0,N,0,N,0,N,0.9481739,0.9481739,0.02457195,0.000107605825,0.018469283,0.0026372308,0.00034621338,0.000302378,0.0053914296
554,114_00298,114,298,0,N,0,N,0,N,0.9552916,0.9552916,0.019562598,0.00010365656,0.016727058,0.0025694778,0.0003264876,0.00028636874,0.005132767
555,114_00299,114,299,0,N,0,N,1,LBBB,0.49231315,0.43228757,0.49231315,0.00035879583,0.05996512,0.005289951,0.0009316539,0.0008553398,0.0079982355
556,114_00300,114,300,0,N,0,N,0,N,0.85557276,0.85557276,0.09489245,0.00019876673,0.036113147,0.0036955876,0.0005515941,0.00054297457,0.00843268
557,114_00301,114,301,0,N,0,N,1,LBBB,0.68749225,0.24549542,0.68749225,0.00034775876,0.05506243,0.004666984,0.0009638318,0.0007372546,0.005234047
558,114_00302,114,302,0,N,0,N,0,N,0.8448066,0.8448066,0.107225135,0.00018799349,0.035773274,0.0039087087,0.000574658,0.00050877273,0.0070148194
559,114_00303,114,303,0,N,0,N,1,LBBB,0.48973632,0.4416819,0.48973632,0.0003283235,0.054712243,0.0053386963,0.0009801734,0.00077125983,0.0064511797
560,114_00304,114,304,0,N,0,N,0,N,0.75988835,0.75988835,0.18782538,0.00021628341,0.040344443,0.0046863495,0.0007223077,0.0005529299,0.005763929
561,114_00305,114,305,0,N,0,N,0,N,0.8058463,0.8058463,0.14333092,0.00020864021,0.038283516,0.0042242073,0.0006576156,0.0005599446,0.0068888776
562,114_00306,114,306,0,N,0,N,0,N,0.8423703,0.8423703,0.114634864,0.00017566852,0.032413702,0.00404738,0.0006201166,0.00046048008,0.005277482
563,114_00307,114,307,0,N,0,N,0,N,0.9217416,0.9217416,0.048071586,0.00011866509,0.021910891,0.0030343086,0.00044525543,0.0003164508,0.0043612504
564,114_00308,114,308,0,N,0,N,0,N,0.9021363,0.9021363,0.06364719,0.00013244998,0.02526139,0.0032399413,0.0004884811,0.00035233464,0.004741855
565,114_00309,114,309,0,N,0,N,0,N,0.872454,0.872454,0.08858553,0.00015608895,0.029144594,0.0035842592,0.00056695234,0.00040429636,0.0051044743
566,114_00310,114,310,0,N,0,N,0,N,0.87724835,0.87724835,0.083815984,0.00015731038,0.029057156,0.0036472257,0.000554558,0.00040757938,0.0051119034
567,114_00311,114,311,0,N,0,N,0,N,0.826518,0.826518,0.12756197,0.00019652661,0.034208946,0.004139416,0.0006564975,0.0005224412,0.006196284
568,114_00312,114,312,0,N,0,N,1,LBBB,0.6785758,0.25582346,0.6785758,0.00033835083,0.05374123,0.0047520776,0.0009626289,0.00072668307,0.0050798897
569,114_00313,114,313,0,N,0,N,0,N,0.9062523,0.9062523,0.0589234,0.00013825906,0.025277179,0.0032811174,0.0004748377,0.00037561284,0.005277275
570,114_00314,114,314,0,N,0,N,0,N,0.6205703,0.6205703,0.31983224,0.00026100822,0.046935476,0.0052845445,0.00088188326,0.00063792,0.0055966065
571,114_00315,114,315,0,N,0,N,0,N,0.90774184,0.90774184,0.05967335,0.00012903986,0.024008133,0.0032482832,0.00048567206,0.0003366118,0.004377058
572,114_00316,114,316,0,N,0,N,0,N,0.6582482,0.6582482,0.28144294,0.0002658475,0.046974767,0.004788823,0.00085531146,0.00065796793,0.0067661027
573,114_00317,114,317,0,N,0,N,0,N,0.8356155,0.8356155,0.118353575,0.00018504124,0.03461519,0.0038833907,0.00061613275,0.00048681113,0.0062443204
574,114_00318,114,318,0,N,0,N,0,N,0.82954496,0.82954496,0.12180974,0.00019828102,0.036574457,0.004088439,0.0006213636,0.0005226466,0.006640154
575,114_00319,114,319,0,N,0,N,0,N,0.96381044,0.96381044,0.015046704,8.8554094e-05,0.013965596,0.0024378786,0.00031218524,0.0002397461,0.0040989607
576,114_00320,114,320,0,N,0,N,0,N,0.93443537,0.93443537,0.039278656,0.00010870478,0.018931514,0.003007293,0.00042635895,0.000281593,0.0035304069
577,114_00321,114,321,0,N,0,N,0,N,0.94262165,0.94262165,0.031142771,0.00010357541,0.01847054,0.0027253467,0.0003826369,0.00028074038,0.004272751
578,114_00322,114,322,0,N,0,N,1,LBBB,0.70417094,0.2341657,0.70417094,0.00031877006,0.05077222,0.0046794093,0.0009629323,0.00066841097,0.004261608
579,114_00323,114,323,0,N,0,N,0,N,0.48893246,0.48893246,0.44658366,0.00030475974,0.05142105,0.0054955743,0.00096989603,0.00070637115,0.0055863294
580,114_00324,114,324,0,N,0,N,0,N,0.86430657,0.86430657,0.09829241,0.00016549476,0.028008185,0.0043723215,0.000627127,0.00041430173,0.0038135082
581,114_00325,114,325,0,N,0,N,0,N,0.9325566,0.9325566,0.04159769,0.0001122834,0.01860075,0.0031799616,0.00045777403,0.00028527196,0.0032095837
582,114_00326,114,326,0,N,0,N,0,N,0.93229884,0.93229884,0.037183106,0.00012892522,0.021563498,0.0032220366,0.00040951767,0.0003504728,0.0048435363
583,114_00327,114,327,0,N,0,N,1,LBBB,0.9037133,0.052863955,0.9037133,0.000288257,0.036671907,0.002704926,0.0006149306,0.0005228463,0.002619907
584,114_00328,114,328,0,N,0,N,1,LBBB,0.9804798,0.0033374242,0.9804798,0.00014574052,0.014043042,0.0009813108,0.00021968626,0.00020184054,0.00059122004
585,114_00329,114,329,0,N,0,N,1,LBBB,0.8206168,0.12898637,0.8206168,0.00030709905,0.04170151,0.003864196,0.00090152386,0.00058757706,0.00303492
586,114_00330,114,330,0,N,0,N,0,N,0.74306464,0.74306464,0.20690487,0.00021068488,0.03885951,0.0046799555,0.00078424264,0.00052244664,0.004973698
587,114_00331,114,331,0,N,0,N,0,N,0.95391667,0.95391667,0.022878785,9.5384385e-05,0.01587453,0.0025075017,0.00036322014,0.00025526012,0.0041085156
588,114_00332,114,332,0,N,0,N,0,N,0.96853334,0.96853334,0.011918515,7.68401e-05,0.012734457,0.0022899222,0.00029265307,0.00021031962,0.0039439728
589,114_00333,114,333,0,N,0,N,0,N,0.68747586,0.68747586,0.24921757,0.00026438045,0.049408935,0.004857364,0.000771595,0.00065940956,0.007344869
590,114_00334,114,334,0,N,0,N,0,N,0.6369215,0.6369215,0.30031475,0.00029100827,0.048576612,0.005182137,0.0008677473,0.0007167082,0.0071294825
591,114_00335,114,335,0,N,0,N,1,LBBB,0.92275846,0.039872937,0.92275846,0.00025677637,0.031769834,0.0023949223,0.0005734186,0.0004437908,0.0019298868
592,114_00336,114,336,0,N,0,N,0,N,0.88875693,0.88875693,0.072325334,0.00015353266,0.028662862,0.0034168824,0.0005090778,0.00041169385,0.005763639
593,114_00337,114,337,0,N,0,N,0,N,0.89289045,0.89289045,0.07073385,0.00014226472,0.027053207,0.0034891195,0.0005030545,0.00037867422,0.004809374
594,114_00338,114,338,0,N,0,N,0,N,0.9740927,0.9740927,0.0070095183,7.07317e-05,0.011492983,0.0021880998,0.00024039207,0.00019882806,0.004706747
595,114_00339,114,339,0,N,0,N,0,N,0.7370586,0.7370586,0.20501447,0.00023469554,0.044698253,0.0044402163,0.0007213561,0.00061124144,0.0072212247
596,114_00340,114,340,0,N,0,N,0,N,0.8063056,0.8063056,0.14044267,0.00021174854,0.04029408,0.0041830223,0.00063271925,0.00056300015,0.0073671937
597,114_00341,114,341,0,N,0,N,1,LBBB,0.94697595,0.02121089,0.94697595,0.00022642151,0.02730377,0.0017549522,0.0004189707,0.00038200195,0.0017271339
598,114_00342,114,342,0,N,0,N,1,LBBB,0.9438722,0.022705857,0.9438722,0.00023306896,0.028645754,0.0018017449,0.00041322922,0.0004028148,0.0019253485
599,114_00343,114,343,0,N,0,N,1,LBBB,0.6658175,0.2678526,0.6658175,0.0003399609,0.054056656,0.004504663,0.00095438224,0.00075220113,0.0057220384
600,114_00344,114,344,0,N,0,N,1,LBBB,0.5683872,0.36199576,0.5683872,0.00031620564,0.056858834,0.0045371843,0.00094705995,0.0007203375,0.0062374063
601,114_00345,114,345,0,N,0,N,1,LBBB,0.9431211,0.023220148,0.9431211,0.00021955339,0.029100666,0.0016911752,0.00040656893,0.00037610892,0.001864833
602,114_00346,114,346,0,N,0,N,0,N,0.8106248,0.8106248,0.1436966,0.00018246016,0.034809567,0.0040986915,0.00066302146,0.00047770585,0.00544715
603,114_00347,114,347,0,N,0,N,1,LBBB,0.6916481,0.24537289,0.6916481,0.0003151272,0.05208061,0.004482463,0.00096920464,0.00066286384,0.0044685765
604,114_00348,114,348,0,N,0,N,0,N,0.8680863,0.8680863,0.08860743,0.00015986143,0.032233544,0.0034397172,0.00052621146,0.00043938067,0.0065075834
605,114_00349,114,349,0,N,0,N,1,LBBB,0.84789616,0.09833179,0.84789616,0.00030669675,0.045114513,0.0030160933,0.0007160939,0.0006089835,0.0040096296
606,114_00350,114,350,0,N,0,N,1,LBBB,0.98959726,0.00053629675,0.98959726,0.0001049484,0.008645879,0.00056200684,0.00011507918,0.00013313438,0.00030538475
607,114_00351,114,351,0,N,0,N,1,LBBB,0.6334997,0.2983604,0.6334997,0.00033112746,0.05556085,0.0045089778,0.00096218404,0.0007417222,0.0060350946
608,114_00352,114,352,0,N,0,N,0,N,0.96756744,0.96756744,0.013987882,7.402285e-05,0.012411088,0.0022403707,0.00032687912,0.0001957995,0.0031964334
609,114_00353,114,353,0,N,0,N,0,N,0.9729664,0.9729664,0.0073848395,7.284811e-05,0.011984085,0.0021568125,0.0002358191,0.0002046387,0.004994631
610,114_00354,114,354,0,N,0,N,0,N,0.9722814,0.9722814,0.009011797,7.295925e-05,0.011947375,0.0022775861,0.0002406991,0.00020367504,0.003964561
611,114_00355,114,355,0,N,0,N,0,N,0.81771165,0.81771165,0.13486543,0.0001798565,0.036143392,0.0038229877,0.00062350434,0.00048039004,0.0061726994
612,114_00356,114,356,0,N,0,N,0,N,0.97601134,0.97601134,0.006320097,6.802839e-05,0.010688686,0.0021245244,0.00024517553,0.00018698508,0.0043551647
613,114_00357,114,357,0,N,0,N,0,N,0.9701947,0.9701947,0.008848132,7.980976e-05,0.012822175,0.0022326002,0.00025287576,0.00022513622,0.00534455
614,114_00358,114,358,0,N,0,N,0,N,0.97854805,0.97854805,0.0043232213,6.416116e-05,0.010115419,0.0020478342,0.00019614336,0.00017186372,0.004533323
615,114_00359,114,359,0,N,0,N,0,N,0.74179983,0.74179983,0.20018493,0.00022866,0.04476316,0.0042203604,0.00070531986,0.0006012898,0.0074963397
616,114_00360,114,360,0,N,0,N,0,N,0.90321106,0.90321106,0.059713207,0.00014164746,0.026760926,0.003030775,0.00047067145,0.0003888734,0.0062828474
617,114_00361,114,361,0,N,0,N,0,N,0.63170654,0.63170654,0.30218953,0.000283962,0.051706597,0.0048820013,0.00082603464,0.0007064222,0.0076989024
618,114_00362,114,362,0,N,0,N,0,N,0.94701165,0.94701165,0.0275658,0.00010298789,0.01773232,0.0026665723,0.00037203787,0.00027639032,0.004272279
619,114_00363,114,363,0,N,0,N,0,N,0.9806427,0.9806427,0.006756584,6.544048e-05,0.008036358,0.002107409,0.00028456375,0.00014834979,0.0019585965
620,114_00364,114,364,0,N,0,N,0,N,0.99487644,0.99487644,0.00010545917,3.4179313e-05,0.002428079,0.0017120953,0.0001993117,4.6693618e-05,0.00059779285
621,114_00365,114,365,0,N,0,N,0,N,0.99409205,0.99409205,7.898364e-06,2.1388763e-05,0.003138533,0.0022232442,0.00027739117,2.4462543e-05,0.00021507738
622,114_00366,114,366,0,N,0,N,0,N,0.98685443,0.98685443,3.1641769e-06,1.6813257e-05,0.009094078,0.0026795797,0.0012307742,3.0161546e-05,9.109467e-05
623,114_00367,114,367,0,N,0,N,0,N,0.98402834,0.98402834,7.4619106e-06,2.5525102e-05,0.0052032606,0.00979649,0.0006910726,4.0994822e-05,0.00020669113
624,114_00368,114,368,0,N,0,N,0,N,0.9957175,0.9957175,6.938326e-05,2.2557586e-05,0.002015901,0.0016637411,0.0001804217,3.3107135e-05,0.00029740014
625,114_00369,114,369,0,N,0,N,0,N,0.9838162,0.9838162,0.0063854423,5.6726338e-05,0.006351092,0.0020436142,0.00030986525,0.00010880436,0.00092817785
626,114_00370,114,370,0,N,0,N,0,N,0.9928783,0.9928783,0.0008209186,3.7699356e-05,0.0034564005,0.0016101472,0.0002471824,6.3295316e-05,0.00088613475
627,114_00371,114,371,0,N,0,N,0,N,0.99214476,0.99214476,0.00035348322,4.175936e-05,0.0037334184,0.0020682618,0.0001770098,7.4465475e-05,0.0014068639
628,114_00372,114,372,0,N,0,N,0,N,0.9900056,0.9900056,0.00023376568,4.923918e-05,0.0045111026,0.0025923084,0.00015436504,8.718706e-05,0.0023663437
629,114_00373,114,373,0,N,0,N,0,N,0.99081045,0.99081045,0.00044310556,4.551032e-05,0.004343655,0.0021007124,0.00018299113,8.498402e-05,0.0019886417
630,114_00374,114,374,0,N,0,N,0,N,0.98137844,0.98137844,0.0015653707,6.4264685e-05,0.008792766,0.002396405,0.00015558649,0.00016261608,0.0054845447
631,114_00375,114,375,0,N,0,N,0,N,0.9862797,0.9862797,0.0025220637,4.871406e-05,0.0065521593,0.0019169062,0.00020715533,0.00011504931,0.0023581577
632,114_00376,114,376,0,N,0,N,0,N,0.8741133,0.8741133,0.08924007,0.00015645353,0.027452162,0.0038387384,0.0005965646,0.00038895762,0.0042137704
633,114_00377,114,377,0,N,0,N,0,N,0.9713038,0.9713038,0.011422789,7.299483e-05,0.011434429,0.002311579,0.00029856552,0.00018878769,0.002966997
634,114_00378,114,378,0,N,0,N,0,N,0.83233273,0.83233273,0.124827884,0.00019010321,0.03227591,0.0046560727,0.00066294667,0.00048010325,0.0045742383
635,114_00379,114,379,0,N,0,N,0,N,0.9419571,0.9419571,0.035083733,9.749687e-05,0.016457526,0.0028300474,0.00043591016,0.00024407353,0.0028939457
636,114_00380,114,380,0,N,0,N,0,N,0.9796741,0.9796741,0.0058810585,6.0313963e-05,0.008961003,0.002036007,0.00025565014,0.00015620547,0.0029757773
637,114_00381,114,381,0,N,0,N,0,N,0.9750045,0.9750045,0.008376257,6.6631204e-05,0.010609221,0.002170308,0.00026534297,0.00017773236,0.0033300752
638,114_00382,114,382,0,N,0,N,0,N,0.9823294,0.9823294,0.0034142653,5.7654615e-05,0.0083449995,0.002021924,0.00020186772,0.00014652977,0.0034833658
639,114_00383,114,383,0,N,0,N,0,N,0.78558356,0.78558356,0.16827035,0.0001949031,0.03555942,0.004732484,0.0007247346,0.00048616304,0.004448446
640,114_00384,114,384,0,N,0,N,0,N,0.9701766,0.9701766,0.011548187,7.3932955e-05,0.012007344,0.0023833406,0.00027893597,0.00020053257,0.0033312154
641,114_00385,114,385,0,N,0,N,1,LBBB,0.8029425,0.14063637,0.8029425,0.00031365943,0.047037903,0.0038417897,0.00085194333,0.00062445767,0.0037513007
642,114_00386,114,386,0,N,0,N,0,N,0.97717106,0.97717106,0.006684168,6.695373e-05,0.010031144,0.0021435905,0.00024340567,0.00017883282,0.0034808596
643,114_00387,114,387,0,N,0,N,0,N,0.9747637,0.9747637,0.009229823,6.613127e-05,0.010411504,0.0021547044,0.00028536542,0.00017208791,0.0029166178
644,114_00388,114,388,0,N,0,N,0,N,0.982897,0.982897,0.0032700582,5.6622768e-05,0.008265826,0.0019397767,0.0001829874,0.00014206645,0.0032456887
645,114_00389,114,389,0,N,0,N,0,N,0.94980943,0.94980943,0.028330568,9.095614e-05,0.015516698,0.0027041184,0.0003919199,0.00023338593,0.00292306
646,114_00390,114,390,0,N,0,N,0,N,0.974254,0.974254,0.009120357,6.995665e-05,0.010755342,0.00219662,0.0002726584,0.00018267802,0.0031482086
647,114_00391,114,391,0,N,0,N,0,N,0.9738641,0.9738641,0.010083896,6.775649e-05,0.010538696,0.002269434,0.00027806213,0.00017513761,0.0027230142
648,114_00392,114,392,0,N,0,N,0,N,0.9858088,0.9858088,0.0030021672,5.1125284e-05,0.006660866,0.0019914217,0.00021537916,0.00012093537,0.0021493512
649,114_00393,114,393,0,N,0,N,0,N,0.9820822,0.9820822,0.005406755,5.8832582e-05,0.00790334,0.0020409678,0.00024846807,0.00014111695,0.0021183873
650,114_00394,114,394,0,N,0,N,0,N,0.9818083,0.9818083,0.004714817,5.7553458e-05,0.00823836,0.0021042936,0.00023264711,0.00014799096,0.0026961092
651,114_00395,114,395,0,N,0,N,0,N,0.98398954,0.98398954,0.0033159913,5.4450466e-05,0.0075671785,0.0020447462,0.00020523401,0.00013562824,0.002687252
652,114_00396,114,396,0,N,0,N,0,N,0.980937,0.980937,0.0044900095,6.1036844e-05,0.008699293,0.0021163044,0.00023171338,0.00015914587,0.0033054238
653,114_00397,114,397,0,N,0,N,0,N,0.97631276,0.97631276,0.0069727562,7.111684e-05,0.010385641,0.0022762534,0.00024231077,0.0001902946,0.0035488652
654,114_00398,114,398,0,N,0,N,0,N,0.9805657,0.9805657,0.004317963,6.0383245e-05,0.009036436,0.0020668074,0.00021431151,0.00015845,0.0035800228
655,114_00399,114,399,0,N,0,N,0,N,0.9520383,0.9520383,0.02436538,0.000101881276,0.016367793,0.0028544525,0.00036088063,0.00027049857,0.0036409367
656,114_00400,114,400,0,N,0,N,0,N,0.98274064,0.98274064,0.0031534296,5.806553e-05,0.008172376,0.002111929,0.00020175453,0.00014809491,0.0034137536
657,114_00401,114,401,0,N,0,N,0,N,0.98374546,0.98374546,0.0021122985,5.7419238e-05,0.007738203,0.0022948254,0.00018921742,0.00014406328,0.0037185089
658,114_00402,114,402,0,N,0,N,0,N,0.985189,0.985189,0.0018862773,5.4804223e-05,0.007029912,0.0021210546,0.00020231119,0.00012984022,0.003386723
659,114_00403,114,403,0,N,0,N,0,N,0.97602665,0.97602665,0.0074237497,6.775261e-05,0.010378073,0.002200563,0.0002462587,0.00018198251,0.003474943
660,114_00404,114,404,0,N,0,N,0,N,0.9877265,0.9877265,0.0017224768,4.7337922e-05,0.0059365775,0.001919527,0.00019661653,0.000105995576,0.0023449084
661,114_00405,114,405,0,N,0,N,0,N,0.9810638,0.9810638,0.005198391,5.944485e-05,0.008390514,0.0020884646,0.00025476504,0.00015220145,0.0027924688
662,114_00406,114,406,0,N,0,N,0,N,0.9807917,0.9807917,0.0031288236,6.081296e-05,0.009119704,0.0020603535,0.00018871154,0.00015792059,0.0044920254
663,114_00407,114,407,0,N,0,N,0,N,0.9793237,0.9793237,0.004976654,6.177742e-05,0.009410728,0.0021001766,0.00023861206,0.00016515584,0.0037232966
664,114_00408,114,408,0,N,0,N,0,N,0.9614655,0.9614655,0.015882747,8.9531124e-05,0.014947563,0.002367441,0.00030508282,0.0002476354,0.0046945885
665,114_00409,114,409,0,N,0,N,0,N,0.92747366,0.92747366,0.043959033,0.000109710294,0.020833373,0.0028716794,0.00042802712,0.00028783694,0.0040367553
666,114_00410,114,410,0,N,0,N,0,N,0.9217243,0.9217243,0.049365234,0.000118849166,0.02113327,0.0031311885,0.00047163013,0.00030442947,0.0037511461
667,114_00411,114,411,0,N,0,N,0,N,0.9596305,0.9596305,0.01822293,8.8862165e-05,0.014939837,0.0023462153,0.00034007416,0.00024010707,0.004191569
668,114_00412,114,412,0,N,0,N,0,N,0.9753423,0.9753423,0.0070217308,6.833732e-05,0.0108461045,0.0021603438,0.00024927311,0.00018788867,0.004123967
669,114_00413,114,413,0,N,0,N,0,N,0.97921693,0.97921693,0.0034805608,6.472858e-05,0.009731228,0.0019999621,0.00020178194,0.00016710818,0.005137663
670,114_00414,114,414,0,N,0,N,0,N,0.9403075,0.9403075,0.035059653,0.000100813515,0.01774749,0.0029025807,0.00040640074,0.00025826428,0.0032173635
671,114_00415,114,415,0,N,0,N,0,N,0.99010414,0.99010414,0.000859381,4.4821383e-05,0.0048299953,0.00188122,0.00018518353,8.898602e-05,0.0020061638
672,114_00416,114,416,0,N,0,N,0,N,0.9895347,0.9895347,0.001384264,4.7060414e-05,0.005026343,0.0019487694,0.00022472003,9.525341e-05,0.0017389139
673,114_00417,114,417,0,N,0,N,0,N,0.98866266,0.98866266,0.0009656474,4.76887e-05,0.0055486057,0.0019942652,0.00017924354,0.00010050442,0.0025013355
674,114_00418,114,418,0,N,0,N,0,N,0.9824271,0.9824271,0.004337101,5.9659367e-05,0.008056946,0.0021232266,0.00022276,0.00014875259,0.0026244153
675,114_00419,114,419,0,N,0,N,1,LBBB,0.78812194,0.15670873,0.78812194,0.00034469675,0.045144457,0.004655204,0.00091446366,0.0006628508,0.0034477205
676,114_00420,114,420,0,N,0,N,0,N,0.95161235,0.95161235,0.027612602,9.352271e-05,0.014603465,0.002925132,0.00040636654,0.00023299998,0.002513764
677,114_00421,114,421,0,N,0,N,1,LBBB,0.5609228,0.37657553,0.5609228,0.00031004334,0.05061082,0.005447437,0.0010513066,0.00067268603,0.00440936
678,114_00422,114,422,0,N,0,N,0,N,0.9486356,0.9486356,0.027019491,0.00010319086,0.016958885,0.0028314234,0.00037554238,0.00027422965,0.0038016343
679,114_00423,114,423,0,N,0,N,0,N,0.86557865,0.86557865,0.09518256,0.00016783968,0.029347656,0.0042862385,0.0005942698,0.00043125663,0.0044115637
680,114_00424,114,424,0,N,0,N,0,N,0.98905134,0.98905134,0.0015483091,4.7317182e-05,0.0053475024,0.001874135,0.00020384754,9.855524e-05,0.0018290917
681,114_00425,114,425,0,N,0,N,0,N,0.9884963,0.9884963,0.001723959,4.890248e-05,0.005559351,0.0019755187,0.00020264529,0.00010480905,0.0018884375
682,114_00426,114,426,0,N,0,N,0,N,0.9904032,0.9904032,0.0004096583,4.7444617e-05,0.004554831,0.002103219,0.00017001398,8.836745e-05,0.0022232584
683,114_00427,114,427,0,N,0,N,0,N,0.98396295,0.98396295,0.002584881,5.8653102e-05,0.0076633226,0.0020612003,0.00021321668,0.0001407491,0.0033150131
684,114_00428,114,428,0,N,0,N,0,N,0.98681045,0.98681045,0.00062387186,5.9831043e-05,0.0060121296,0.0022098254,0.00019143468,0.00011933963,0.0039731497
685,114_00429,114,429,0,N,0,N,0,N,0.9849687,0.9849687,0.0016708694,5.8420606e-05,0.0071986807,0.002138727,0.000194992,0.00013507293,0.0036345376
686,114_00430,114,430,0,N,0,N,0,N,0.9894583,0.9894583,0.00038859222,4.8866117e-05,0.0049731405,0.0021820532,0.00015867237,9.3777904e-05,0.0026965262
687,114_00431,114,431,0,N,0,N,0,N,0.9793483,0.9793483,0.0057289833,6.0738115e-05,0.00917742,0.002150605,0.00024077023,0.00016291343,0.0031302955
688,114_00432,114,432,0,N,0,N,0,N,0.98638666,0.98638666,0.0014630517,4.9714086e-05,0.006591576,0.0019823962,0.00018609787,0.000114958355,0.0032255307
689,114_00433,114,433,0,N,0,N,0,N,0.9733918,0.9733918,0.008278324,6.8506255e-05,0.011468986,0.0021992454,0.00025785464,0.00019252306,0.0041427244
690,114_00434,114,434,0,N,0,N,0,N,0.9713274,0.9713274,0.0092038885,7.613645e-05,0.012350773,0.0022531406,0.000244874,0.00021219038,0.004331446
691,114_00435,114,435,0,N,0,N,0,N,0.96956223,0.96956223,0.009527571,8.253135e-05,0.013005022,0.0022638221,0.00025228015,0.0002322999,0.005074257
692,114_00436,114,436,0,N,0,N,0,N,0.8889455,0.8889455,0.0739168,0.00014649915,0.027800735,0.0035681468,0.0005176097,0.00038208737,0.0047226623
693,114_00437,114,437,0,N,0,N,0,N,0.98027235,0.98027235,0.003890586,6.2997504e-05,0.009312236,0.002066866,0.00019417853,0.00016467871,0.0040360796
694,114_00438,114,438,0,N,0,N,0,N,0.96756124,0.96756124,0.015173343,7.57446e-05,0.01180681,0.0023767774,0.00032074106,0.00018966704,0.0024957822
695,114_00439,114,439,0,N,0,N,0,N,0.9827784,0.9827784,0.003411421,5.6402092e-05,0.008127054,0.0020962819,0.00019599906,0.00014554457,0.0031888268
696,114_00440,114,440,0,N,0,N,0,N,0.9834458,0.9834458,0.0038930436,5.3482378e-05,0.007726969,0.001957673,0.0002103228,0.00013502123,0.0025776452
697,114_00441,114,441,0,N,0,N,0,N,0.91835785,0.91835785,0.050460525,0.000121437755,0.022780815,0.003157093,0.0004440253,0.00032423434,0.0043539824
698,114_00442,114,442,0,N,0,N,0,N,0.97828114,0.97828114,0.0057476787,6.319161e-05,0.009730783,0.0021739912,0.00023270042,0.00017248142,0.0035979666
699,114_00443,114,443,0,N,0,N,0,N,0.9817062,0.9817062,0.00435449,5.97901e-05,0.008296056,0.002100349,0.00024291388,0.00015331319,0.0030869346
700,114_00444,114,444,0,N,0,N,0,N,0.9852349,0.9852349,0.001475338,5.6660916e-05,0.006956629,0.0021537358,0.00019554682,0.00013099877,0.0037962352
701,114_00445,114,445,0,N,0,N,0,N,0.98708004,0.98708004,0.0011252824,5.141642e-05,0.0062483973,0.0020574995,0.00017559555,0.00011371041,0.0031481392
702,114_00446,114,446,0,N,0,N,0,N,0.98249424,0.98249424,0.0037945195,5.504438e-05,0.008128696,0.0020866725,0.0002122244,0.0001437052,0.0030848416
703,114_00447,114,447,0,N,0,N,0,N,0.59410906,0.59410906,0.33907953,0.00028634578,0.05275377,0.0050304835,0.00085025,0.0007023911,0.0071882294
704,114_00448,114,448,0,N,0,N,0,N,0.9060054,0.9060054,0.06046355,0.00013334266,0.024478683,0.0033012026,0.00048538396,0.00035611834,0.004776332
705,114_00449,114,449,0,N,0,N,0,N,0.95868117,0.95868117,0.02022813,8.665977e-05,0.014522355,0.0024167204,0.00034842815,0.00022882184,0.0034876543
706,114_00450,114,450,0,N,0,N,0,N,0.9342772,0.9342772,0.037653487,0.000109095636,0.020188678,0.0028880187,0.00040179674,0.00029123787,0.0041903155
707,114_00451,114,451,0,N,0,N,0,N,0.9647867,0.9647867,0.013681002,8.453176e-05,0.014118056,0.002354438,0.0002870783,0.00023423698,0.004454048
708,114_00452,114,452,0,N,0,N,1,LBBB,0.61458933,0.3188759,0.61458933,0.0003259519,0.0543683,0.0050152373,0.0009947283,0.0007082023,0.0051224027
709,114_00453,114,453,0,N,0,N,1,LBBB,0.63538677,0.28728944,0.63538677,0.00040109488,0.06233778,0.0045946892,0.0009168759,0.0008857395,0.008187569
710,114_00454,114,454,0,N,0,N,1,LBBB,0.92427415,0.03621169,0.92427415,0.00026656652,0.033630196,0.0022257816,0.00051527534,0.00047324208,0.0024031748
711,114_00455,114,455,0,N,0,N,0,N,0.52317554,0.52317554,0.40349662,0.00035140256,0.057249688,0.0052594845,0.0009218749,0.00086198875,0.008683365
712,114_00456,114,456,0,N,0,N,0,N,0.93119496,0.93119496,0.040759563,0.000110947934,0.020165043,0.0029412243,0.00042222056,0.00029919628,0.0041068853
713,114_00457,114,457,0,N,0,N,0,N,0.94415015,0.94415015,0.02858395,0.00010612105,0.018784994,0.0026349195,0.0003673934,0.00029775302,0.00507468
714,114_00458,114,458,0,N,0,N,0,N,0.9322249,0.9322249,0.039659668,0.00010903678,0.020223921,0.00285101,0.00041390432,0.00029244137,0.004225082
715,114_00459,114,459,0,N,0,N,0,N,0.96046114,0.96046114,0.017637478,8.6442364e-05,0.014772096,0.0024142454,0.00032179317,0.00023664447,0.0040701577
716,114_00460,114,460,0,N,0,N,0,N,0.9083778,0.9083778,0.060000785,0.00012475658,0.023336593,0.0032897082,0.00048519287,0.00032736154,0.0040576924
717,114_00461,114,461,0,N,0,N,0,N,0.9768386,0.9768386,0.0072514773,6.63046e-05,0.0099973185,0.002202672,0.000257059,0.00017597553,0.003210692
718,114_00462,114,462,0,N,0,N,0,N,0.9619105,0.9619105,0.017417349,8.451325e-05,0.014046011,0.0024330101,0.00032413402,0.00022672418,0.003557647
719,114_00463,114,463,0,N,0,N,0,N,0.9749565,0.9749565,0.0072706365,7.023795e-05,0.010984093,0.0022169938,0.00024572096,0.00019377549,0.0040620803
720,114_00464,114,464,0,N,0,N,0,N,0.7748739,0.7748739,0.17186846,0.00021060281,0.04104799,0.0042232564,0.0006910342,0.00054457894,0.0065401876
721,114_00465,114,465,0,N,0,N,0,N,0.68884414,0.68884414,0.24659847,0.00028362812,0.049395487,0.004537247,0.00078419666,0.0007250971,0.008831712
722,114_00466,114,466,0,N,0,N,0,N,0.73004335,0.73004335,0.21259984,0.00023556469,0.044364665,0.004459551,0.00074447016,0.0006056492,0.00694682
723,114_00467,114,467,0,N,0,N,0,N,0.80799913,0.80799913,0.140908,0.00020632111,0.03869255,0.004288739,0.00064377015,0.0005457363,0.006715754
724,114_00468,114,468,0,N,0,N,0,N,0.90336597,0.90336597,0.062507614,0.0001319797,0.025081798,0.0031323633,0.0004911262,0.00035026096,0.004938972
725,114_00469,114,469,0,N,0,N,0,N,0.94558454,0.94558454,0.02496699,0.00011976163,0.019654116,0.0027489513,0.0003485563,0.00034143863,0.0062356284
726,114_00470,114,470,0,N,0,N,0,N,0.9585344,0.9585344,0.016514136,9.9559125e-05,0.016100524,0.0024218077,0.0003098353,0.00028119527,0.0057385806
727,114_00471,114,471,0,N,0,N,0,N,0.9640772,0.9640772,0.012862105,9.030671e-05,0.014607013,0.0023713016,0.00028130284,0.00025805747,0.005452779
728,114_00472,114,472,0,N,0,N,0,N,0.97028273,0.97028273,0.009969893,7.675055e-05,0.012514143,0.002241871,0.00026855772,0.00021275016,0.0044333646
729,114_00473,114,473,0,N,0,N,0,N,0.8449004,0.8449004,0.1116627,0.0001706241,0.03305195,0.0039821304,0.00059855386,0.0004430695,0.0051904833
730,114_00474,114,474,0,N,0,N,0,N,0.52993107,0.52993107,0.4030959,0.0003035998,0.05311104,0.0052522523,0.0009150146,0.0007254729,0.0066656396
731,114_00475,114,475,0,N,0,N,1,LBBB,0.71548057,0.22690658,0.71548057,0.000303775,0.04756064,0.0046440093,0.00100303,0.00060534733,0.003496004
732,114_00476,114,476,0,N,0,N,0,N,0.9321601,0.9321601,0.04094372,0.00010522239,0.019496158,0.0027762766,0.00043130768,0.0002747264,0.0038125855
733,114_00477,114,477,0,N,0,N,0,N,0.9202034,0.9202034,0.048836164,0.00012602108,0.02248792,0.003204484,0.00045573554,0.00033180614,0.004354519
734,114_00478,114,478,0,N,0,N,0,N,0.98202807,0.98202807,0.0040441104,5.8601778e-05,0.008256372,0.002106111,0.00022902753,0.00015007363,0.0031276525
735,114_00479,114,479,0,N,0,N,0,N,0.92838186,0.92838186,0.041851953,0.00012065432,0.021417402,0.0031285158,0.00042556575,0.00032300455,0.0043511135
736,114_00480,114,480,0,N,0,N,0,N,0.96686035,0.96686035,0.011259722,8.506123e-05,0.013796777,0.0023006606,0.00026838284,0.00024112462,0.0051879697
737,114_00481,114,481,0,N,0,N,0,N,0.9539471,0.9539471,0.020252623,9.819728e-05,0.017150918,0.002390264,0.00032982387,0.00027928167,0.005551767
738,114_00482,114,482,0,N,0,N,0,N,0.93628985,0.93628985,0.032029703,0.00011916645,0.021779949,0.0026562335,0.00036616033,0.0003396543,0.006419276
739,114_00483,114,483,0,N,0,N,0,N,0.94504476,0.94504476,0.026534088,0.000107002954,0.019259263,0.0025306426,0.0003488274,0.00030591516,0.005869483
740,114_00484,114,484,0,N,0,N,0,N,0.98465276,0.98465276,0.0022489948,5.4695985e-05,0.007346195,0.0020140882,0.00020296594,0.00013192529,0.0033484271
741,114_00485,114,485,0,N,0,N,0,N,0.9821397,0.9821397,0.0018362394,6.0241975e-05,0.0084260125,0.0021226378,0.0001854529,0.00014944281,0.0050802003
742,114_00486,114,486,0,N,0,N,0,N,0.9921923,0.9921923,0.0002470392,3.98965e-05,0.0037564354,0.0020310795,0.00014645343,7.112808e-05,0.0015156043
743,114_00487,114,487,0,N,0,N,0,N,0.9910555,0.9910555,0.00087059557,4.370092e-05,0.0043296586,0.001953556,0.00019558254,8.334603e-05,0.0014680637
744,114_00488,114,488,0,N,0,N,0,N,0.9955412,0.9955412,2.6711987e-05,2.5553374e-05,0.0018626653,0.0020542447,0.00018174807,3.0728304e-05,0.00027715042
745,114_00489,114,489,0,N,0,N,0,N,0.9932226,0.9932226,3.9938463e-05,3.5309353e-05,0.002785224,0.0029936798,0.00019121727,4.522139e-05,0.00068686245
746,114_00490,114,490,0,N,0,N,0,N,0.9940475,0.9940475,3.377531e-05,3.5856283e-05,0.0024319931,0.0025975606,0.00027640435,3.9990126e-05,0.00053685345
747,114_00491,114,491,0,N,0,N,0,N,0.99141616,0.99141616,0.00035036603,4.2590815e-05,0.004128069,0.0018102416,0.00016907422,7.617445e-05,0.002007317
748,114_00492,114,492,0,N,0,N,0,N,0.9927095,0.9927095,0.000906752,3.73887e-05,0.0035826555,0.0014519138,0.00029392986,6.138285e-05,0.0009564363
749,114_00493,114,493,0,N,0,N,0,N,0.9907186,0.9907186,0.00067962374,4.4329397e-05,0.0046792654,0.0018075573,0.0001524286,8.566467e-05,0.0018325271
750,114_00494,114,494,0,N,0,N,0,N,0.9936857,0.9936857,0.00025338327,3.5503166e-05,0.002911551,0.0020776924,0.00021780664,5.8037003e-05,0.0007602786
751,114_00495,114,495,0,N,0,N,0,N,0.98467934,0.98467934,0.003702924,5.2486484e-05,0.0070735835,0.0019852645,0.00022839349,0.00012657743,0.002151526
752,114_00496,114,496,0,N,0,N,0,N,0.976561,0.976561,0.0075629856,6.761008e-05,0.010045563,0.0022066848,0.00026220302,0.00017663834,0.0031173094
753,114_00497,114,497,0,N,0,N,0,N,0.95474833,0.95474833,0.020872517,9.896408e-05,0.016375393,0.0025823785,0.00033617174,0.000274782,0.0047114505
754,114_00498,114,498,0,N,0,N,0,N,0.98339933,0.98339933,0.0037593737,5.6091747e-05,0.0076500527,0.002053876,0.00022956199,0.00013997116,0.0027117692
755,114_00499,114,499,0,N,0,N,0,N,0.97171885,0.97171885,0.01057532,7.442586e-05,0.011501585,0.0023604888,0.0002696602,0.00019903209,0.0033005085
756,114_00500,114,500,0,N,0,N,0,N,0.9851565,0.9851565,0.0039420426,5.3057694e-05,0.0067134984,0.0020696588,0.00023447667,0.00012272436,0.001708177
757,114_00501,114,501,0,N,0,N,0,N,0.9873722,0.9873722,0.0035850483,5.1632152e-05,0.0056195334,0.0019161229,0.000249685,0.00010412321,0.0011016545
758,114_00502,114,502,0,N,0,N,0,N,0.9906389,0.9906389,0.0018321848,4.5963836e-05,0.0042822156,0.0019739375,0.00025180305,8.5405736e-05,0.0008896253
759,114_00503,114,503,0,N,0,N,0,N,0.99482125,0.99482125,7.8770565e-05,2.91298e-05,0.0025976559,0.0016838958,0.00015433533,4.2614225e-05,0.0005923465
760,114_00504,114,504,0,N,0,N,0,N,0.9949598,0.9949598,3.9651826e-05,2.7815604e-05,0.002258941,0.0021009743,0.0001850871,3.5652647e-05,0.00039207836
761,114_00505,114,505,0,N,0,N,0,N,0.9925374,0.9925374,6.369159e-06,2.1145503e-05,0.003127172,0.0038637372,0.000254371,2.8093982e-05,0.00016179911
762,114_00506,114,506,0,N,0,N,0,N,0.9959277,0.9959277,1.9152578e-05,1.9881656e-05,0.0015807428,0.0021065348,0.00017280215,2.565307e-05,0.00014755115
763,114_00507,114,507,0,N,0,N,0,N,0.9960106,0.9960106,3.6201654e-05,2.0253116e-05,0.0016791674,0.001869012,0.0001832356,2.8377011e-05,0.00017319816
764,114_00508,114,508,0,N,0,N,0,N,0.9943909,0.9943909,0.00037480722,3.3675162e-05,0.0026519112,0.0018143405,0.00020500376,5.4862237e-05,0.0004744566
765,114_00509,114,509,0,N,0,N,0,N,0.98636836,0.98636836,0.004257301,6.019419e-05,0.0057545686,0.0021856548,0.00027825736,0.00011571892,0.000979976
766,114_00510,114,510,0,N,0,N,0,N,0.9886496,0.9886496,0.0017933922,5.237405e-05,0.005342538,0.0020993522,0.00024093878,0.00010761338,0.001714108
767,114_00511,114,511,0,N,0,N,0,N,0.9192056,0.9192056,0.052672368,0.0001267564,0.020742787,0.0035588823,0.0005028151,0.0002988574,0.002891937
768,114_00512,114,512,0,N,0,N,0,N,0.7818833,0.7818833,0.16802514,0.00022902498,0.038344905,0.005092163,0.00074283435,0.00054571364,0.0051369565
769,114_00513,114,513,0,N,0,N,0,N,0.9881825,0.9881825,0.0034762516,5.090964e-05,0.0050454577,0.0019118764,0.00032460882,9.4463765e-05,0.0009139015
770,114_00514,114,514,0,N,0,N,0,N,0.98623043,0.98623043,0.0028823044,5.9573096e-05,0.006498158,0.0019879083,0.00022651337,0.00012891949,0.0019861127
771,114_00515,114,515,0,N,0,N,0,N,0.9914923,0.9914923,0.0002643606,5.224124e-05,0.0039347075,0.0021596854,0.00017358053,8.4997904e-05,0.001838142
772,114_00516,114,516,0,N,0,N,0,N,0.9950811,0.9950811,8.559507e-06,2.0369065e-05,0.002834991,0.001661752,0.00015816788,2.3948587e-05,0.00021107492
773,114_00517,114,517,0,N,0,N,0,N,0.9891488,0.9891488,5.6336485e-06,2.63951e-05,0.005745428,0.0044038724,0.0004208168,3.6355483e-05,0.00021258218
774,114_00518,114,518,0,N,0,N,0,N,0.9838923,0.9838923,9.776941e-06,3.4652614e-05,0.0068993145,0.008195514,0.0005476906,5.0738963e-05,0.0003700356
775,114_00519,114,519,0,N,0,N,0,N,0.9848903,0.9848903,0.00020308499,7.631574e-05,0.006036899,0.0039776675,0.00021189357,0.00012729148,0.0044766306
776,114_00520,114,520,0,N,0,N,0,N,0.9838078,0.9838078,0.0005388092,6.8375644e-05,0.006884565,0.0024058165,0.0001965559,0.00013698931,0.0059609897
777,114_00521,114,521,0,N,0,N,0,N,0.981902,0.981902,0.0014936271,6.295905e-05,0.0084351385,0.0020418742,0.00017242729,0.00014984886,0.0057421857
778,114_00522,114,522,0,N,0,N,0,N,0.988372,0.988372,0.00092878175,4.840527e-05,0.006041304,0.0017688891,0.0001299856,0.00010142431,0.0026091987
779,114_00523,114,523,0,N,0,N,0,N,0.8438637,0.8438637,0.12478022,0.00017056336,0.023392433,0.0048794877,0.0008736163,0.00033354532,0.0017063852
780,114_00524,114,524,0,N,0,N,0,N,0.76230544,0.76230544,0.19074073,0.00021965127,0.035490647,0.005129599,0.00080063764,0.00054866675,0.0047646477
781,114_00525,114,525,0,N,0,N,0,N,0.96476406,0.96476406,0.019651644,8.213091e-05,0.010638797,0.0027475916,0.000441181,0.00017679945,0.0014977532
782,114_00526,114,526,0,N,0,N,0,N,0.9766829,0.9766829,0.008386284,7.6288175e-05,0.009535913,0.0023572112,0.0002969529,0.00018346225,0.0024810338
783,114_00527,114,527,0,N,0,N,0,N,0.98424053,0.98424053,0.0038455145,5.813574e-05,0.007136471,0.0021901461,0.0002530306,0.00013833075,0.0021379215
784,114_00528,114,528,0,N,0,N,0,N,0.9920857,0.9920857,0.0008275308,4.2283595e-05,0.0037906077,0.0019498545,0.00018285886,7.760584e-05,0.0010436303
785,114_00529,114,529,0,N,0,N,0,N,0.9909018,0.9909018,0.00095976074,4.6364654e-05,0.004353887,0.0019351568,0.00019956152,8.6735316e-05,0.001516854
786,114_00530,114,530,0,N,0,N,0,N,0.9963942,0.9963942,5.8096823e-05,2.1591322e-05,0.001535587,0.0015361166,0.00021972966,2.8631035e-05,0.00020595797
787,114_00531,114,531,0,N,0,N,0,N,0.9936382,0.9936382,0.00012690028,3.746868e-05,0.0028852103,0.002149418,0.00017150803,5.664123e-05,0.0009346655
788,114_00532,114,532,0,N,0,N,0,N,0.99363965,0.99363965,0.00020330765,3.746037e-05,0.0029163763,0.0020444596,0.00022223902,5.8532278e-05,0.0008779189
789,114_00533,114,533,0,N,0,N,0,N,0.9879694,0.9879694,0.0016187127,4.9140017e-05,0.0058201016,0.0020214592,0.00019032405,0.00010785692,0.002222999
790,114_00534,114,534,0,N,0,N,0,N,0.98697305,0.98697305,0.0018425108,5.1407515e-05,0.006268842,0.0020434821,0.00019593384,0.00011596203,0.0025088105
791,114_00535,114,535,0,N,0,N,0,N,0.96765447,0.96765447,0.016602015,8.188757e-05,0.010838616,0.0026044785,0.00036500578,0.00017717243,0.0016763867
792,114_00536,114,536,0,N,0,N,0,N,0.97298956,0.97298956,0.010168138,7.927355e-05,0.010686173,0.0025053127,0.00032397648,0.0002023773,0.003045228
793,114_00537,114,537,0,N,0,N,1,LBBB,0.8940969,0.06633045,0.8940969,0.00025542497,0.033670954,0.0029118585,0.00072962197,0.00041837533,0.001586382
794,114_00538,114,538,0,N,0,N,0,N,0.9735162,0.9735162,0.01014535,7.240038e-05,0.01058985,0.0022713705,0.00029721457,0.00018391346,0.0029235247
795,114_00539,114,539,0,N,0,N,0,N,0.9904707,0.9904707,0.0026221368,4.2489653e-05,0.004139145,0.0016706146,0.00032588997,7.2350995e-05,0.00065672246
796,114_00540,114,540,0,N,0,N,0,N,0.99318814,0.99318814,0.00031169556,3.767377e-05,0.0032715532,0.0018850706,0.00017289836,6.433361e-05,0.0010686212
797,114_00541,114,541,0,N,0,N,0,N,0.9942536,0.9942536,0.00024156041,3.3999706e-05,0.002756341,0.0017444518,0.00021225006,5.3628588e-05,0.00070415204
798,114_00542,114,542,0,N,0,N,0,N,0.9956409,0.9956409,4.167392e-05,2.553581e-05,0.0019260043,0.0018143565,0.00018855422,3.2367156e-05,0.0003305684
799,114_00543,114,543,0,N,0,N,0,N,0.99593586,0.99593586,5.2496143e-05,2.2765356e-05,0.0018560601,0.001622082,0.00017235639,3.0962063e-05,0.00030739917
800,114_00544,114,544,0,N,0,N,0,N,0.99637604,0.99637604,2.1411262e-05,1.780327e-05,0.0015175057,0.001705526,0.00017237634,2.2765842e-05,0.00016661844
801,114_00545,114,545,0,N,0,N,0,N,0.995341,0.995341,5.8781203e-05,2.789327e-05,0.0020902832,0.0018737974,0.00016980752,3.75692e-05,0.0004008379
802,114_00546,114,546,0,N,0,N,0,N,0.9933733,0.9933733,5.935301e-05,3.66974e-05,0.002805118,0.002738834,0.0001721677,5.0353945e-05,0.000764284
803,114_00547,114,547,0,N,0,N,0,N,0.99256814,0.99256814,0.0005749928,4.1302468e-05,0.0036141484,0.0018314783,0.00017463592,7.3423325e-05,0.0011218913
804,114_00548,114,548,0,N,0,N,0,N,0.9914153,0.9914153,0.0004502457,4.4001798e-05,0.0040706038,0.0021348267,0.00016337383,8.230039e-05,0.0016393546
805,114_00549,114,549,0,N,0,N,0,N,0.99040014,0.99040014,0.0014575018,4.494215e-05,0.0045804544,0.0019263764,0.00020926657,8.9071465e-05,0.0012923154
806,114_00550,114,550,0,N,0,N,0,N,0.99237406,0.99237406,0.00028698647,4.3195956e-05,0.0036726526,0.0020801646,0.00013774674,7.5907046e-05,0.0013293794
807,114_00551,114,551,0,N,0,N,0,N,0.9933039,0.9933039,0.00022873882,3.9214487e-05,0.0030845657,0.002055792,0.00019185364,6.368157e-05,0.0010323817
808,114_00552,114,552,0,N,0,N,0,N,0.9926758,0.9926758,1.8233382e-05,3.3479377e-05,0.0028583251,0.0037554817,0.00020011069,3.8281934e-05,0.00042029508
809,114_00553,114,553,0,N,0,N,0,N,0.9938328,0.9938328,3.9978706e-05,3.4701323e-05,0.0024158624,0.002888683,0.00019846414,4.2866475e-05,0.00054663094
810,114_00554,114,554,0,N,0,N,0,N,0.99280834,0.99280834,4.1506582e-06,2.2240181e-05,0.0022226423,0.004370959,0.00045576502,2.6344333e-05,8.956496e-05
811,114_00555,114,555,0,N,0,N,0,N,0.9959162,0.9959162,8.360919e-06,1.74066e-05,0.0012965364,0.0024047242,0.00025374387,2.0431899e-05,8.254128e-05
812,114_00556,114,556,0,N,0,N,0,N,0.9940904,0.9940904,5.337497e-06,1.908038e-05,0.002028567,0.0034316464,0.00029976902,2.329987e-05,0.000101796926
813,114_00557,114,557,0,N,0,N,0,N,0.9919706,0.9919706,3.0287281e-05,4.1119933e-05,0.0028663818,0.0042006983,0.00022604731,4.82626e-05,0.00061659527
814,114_00558,114,558,0,N,0,N,0,N,0.98792106,0.98792106,7.953407e-05,5.754891e-05,0.0047755335,0.0046397434,0.00020711712,8.295701e-05,0.0022364266
815,114_00559,114,559,0,N,0,N,0,N,0.98894465,0.98894465,0.00020339176,5.9085418e-05,0.0045636822,0.0034336275,0.00017322815,9.900458e-05,0.0025233072
816,114_00560,114,560,0,N,0,N,0,N,0.99161243,0.99161243,0.00044806412,4.3762648e-05,0.003979322,0.0020014977,0.0001880684,7.862199e-05,0.0016482172
817,114_00561,114,561,0,N,0,N,0,N,0.994969,0.994969,0.0002456,3.1297786e-05,0.0023665128,0.0016191755,0.00023177046,4.6399382e-05,0.0004902498
818,114_00562,114,562,0,N,0,N,0,N,0.9946637,0.9946637,0.00030791695,3.343993e-05,0.0025242567,0.0016004562,0.00020387598,5.085557e-05,0.00061543146
819,114_00563,114,563,0,N,0,N,0,N,0.9951231,0.9951231,0.00036942694,3.0949723e-05,0.0021181018,0.0016342365,0.00033688196,4.4591194e-05,0.00034274152
820,114_00564,114,564,0,N,0,N,0,N,0.9960962,0.9960962,0.00011432546,2.5255486e-05,0.0017462977,0.0014803404,0.00024173474,3.3919983e-05,0.0002618144
821,114_00565,114,565,0,N,0,N,0,N,0.99463266,0.99463266,0.00018601934,3.5595032e-05,0.0024248706,0.0018220538,0.00024305638,5.0853938e-05,0.0006047968
822,114_00566,114,566,0,N,0,N,0,N,0.99588394,0.99588394,1.749796e-05,2.2678429e-05,0.0015146416,0.0021203025,0.00024056887,2.541574e-05,0.00017495567
823,114_00567,114,567,0,N,0,N,0,N,0.9949728,0.9949728,1.6601898e-05,2.6382213e-05,0.0019781801,0.0025271552,0.00018206626,2.9112576e-05,0.00026769866
824,114_00568,114,568,0,N,0,N,0,N,0.9951419,0.9951419,1.6797856e-05,2.5753925e-05,0.0018573098,0.0024750745,0.00022591346,2.852448e-05,0.00022866193
825,114_00569,114,569,0,N,0,N,0,N,0.9949503,0.9949503,1.131766e-05,2.4972918e-05,0.0018544657,0.0027146498,0.00023531691,2.7023158e-05,0.0001819835
826,114_00570,114,570,0,N,0,N,0,N,0.9943844,0.9943844,2.6631096e-05,3.2616594e-05,0.0022368068,0.0026486472,0.00019761629,3.6185527e-05,0.00043703537
827,114_00571,114,571,0,N,0,N,0,N,0.9957011,0.9957011,1.5752925e-05,2.5144838e-05,0.001608113,0.002196655,0.00023101823,2.6551126e-05,0.00019573493
828,114_00572,114,572,0,N,0,N,0,N,0.9865527,0.9865527,2.390344e-05,6.6152956e-05,0.0051555214,0.0066793608,0.00036394034,6.965695e-05,0.0010888046
829,114_00573,114,573,0,N,0,N,0,N,0.99138016,0.99138016,1.2923235e-05,4.343995e-05,0.00299239,0.0048023174,0.00036718656,4.4265646e-05,0.0003572864
830,114_00574,114,574,0,N,0,N,0,N,0.986475,0.986475,1.1774327e-05,6.190417e-05,0.0047748187,0.0075659323,0.0005211501,6.257143e-05,0.0005268115
831,114_00575,114,575,0,N,0,N,0,N,0.99233866,0.99233866,7.4960344e-06,2.9078923e-05,0.0028200943,0.004234503,0.00034285377,3.318435e-05,0.000194096
832,114_00576,114,576,0,N,0,N,0,N,0.98865366,0.98865366,5.0550384e-06,3.4199424e-05,0.0038881889,0.0065943813,0.00060204364,3.9329974e-05,0.00018321114
833,114_00577,114,577,0,N,0,N,0,N,0.98915195,0.98915195,1.704185e-05,4.5371402e-05,0.004256992,0.005536664,0.0003139303,5.084022e-05,0.0006272277
834,114_00578,114,578,0,N,0,N,0,N,0.98589194,0.98589194,8.378537e-06,4.677239e-05,0.0049643824,0.008027675,0.00062514737,5.1977924e-05,0.00038374471
835,114_00579,114,579,0,N,0,N,0,N,0.99164313,0.99164313,8.390276e-06,3.106409e-05,0.003509101,0.0042085424,0.00028531757,3.5802113e-05,0.00027860852
836,114_00580,114,580,0,N,0,N,0,N,0.9883444,0.9883444,4.001863e-06,2.5396317e-05,0.0038296916,0.007040556,0.00060129794,3.42424e-05,0.00012034362
837,114_00581,114,581,0,N,0,N,0,N,0.9913467,0.9913467,3.7712466e-06,2.1674703e-05,0.0027261344,0.00526945,0.0005139104,2.8010872e-05,9.032298e-05
838,114_00582,114,582,0,N,0,N,0,N,0.9938972,0.9938972,1.5454332e-05,2.9790393e-05,0.002202049,0.0033248407,0.00023489997,3.3371707e-05,0.00026230665
839,114_00583,114,583,0,N,0,N,0,N,0.99490136,0.99490136,2.0268295e-05,2.7038868e-05,0.0020172496,0.002530159,0.00019768132,3.1081032e-05,0.00027515306
840,114_00584,114,584,0,N,0,N,0,N,0.99526954,0.99526954,3.6946367e-05,2.8605755e-05,0.0020165176,0.0020651415,0.00019287289,3.472323e-05,0.00035575547
841,114_00585,114,585,0,N,0,N,0,N,0.9927186,0.9927186,3.5998688e-05,4.3009008e-05,0.0028676705,0.0033444348,0.00022250338,4.9469603e-05,0.0007183884
842,114_00586,114,586,0,N,0,N,0,N,0.99468744,0.99468744,1.0471257e-05,2.4006282e-05,0.00212294,0.002696814,0.0002306552,2.655105e-05,0.00020108439
843,114_00587,114,587,0,N,0,N,0,N,0.9945028,0.9945028,1.5897162e-05,2.645592e-05,0.002190521,0.0027509255,0.00021088868,2.9719757e-05,0.00027276712
844,114_00588,114,588,0,N,0,N,0,N,0.9950899,0.9950899,3.075962e-06,1.3419332e-05,0.0015948943,0.0028118903,0.00042582522,1.7452556e-05,4.3515556e-05
845,114_00589,114,589,0,N,0,N,0,N,0.9961046,0.9961046,2.6245296e-05,2.4078068e-05,0.0016674176,0.0016944236,0.00021720062,2.78021e-05,0.00023836242
846,114_00590,114,590,0,N,0,N,0,N,0.9959234,0.9959234,2.403061e-05,2.3011267e-05,0.001820651,0.0017107103,0.00019488727,2.6776783e-05,0.0002765839
847,114_00591,114,591,0,N,0,N,0,N,0.99349904,0.99349904,3.286238e-05,3.2444354e-05,0.0028035275,0.0027456644,0.00018600466,4.0179744e-05,0.00066024077
848,114_00592,114,592,0,N,0,N,0,N,0.9923935,0.9923935,2.9390987e-05,3.5439047e-05,0.003429247,0.0030567008,0.00017541334,4.3112104e-05,0.00083725253
849,114_00593,114,593,0,N,0,N,0,N,0.99113506,0.99113506,3.0776868e-05,4.256591e-05,0.0036637129,0.0039309184,0.00019637671,5.0350525e-05,0.00095022225
850,114_00594,114,594,0,N,0,N,0,N,0.98934513,0.98934513,8.139337e-06,4.051781e-05,0.0050367867,0.004706033,0.00041730932,4.3481e-05,0.00040267405
851,114_00595,114,595,0,N,0,N,0,N,0.9832808,0.9832808,1.0277845e-05,5.2093856e-05,0.005882195,0.009391545,0.0008169829,5.8220627e-05,0.00050778274
852,114_00596,114,596,0,N,0,N,0,N,0.9886988,0.9886988,1.6930293e-05,4.277876e-05,0.004338125,0.0059180856,0.00038862365,4.990614e-05,0.0005467397
853,114_00597,114,597,0,N,0,N,0,N,0.9923966,0.9923966,7.8967045e-05,4.1490777e-05,0.0034011307,0.002640809,0.00015468105,6.0474456e-05,0.0012259138
854,114_00598,114,598,0,N,0,N,0,N,0.995137,0.995137,5.3953783e-05,2.8931785e-05,0.002147704,0.0020080705,0.00019117592,3.8001832e-05,0.00039517804
855,114_00599,114,599,0,N,0,N,0,N,0.9921452,0.9921452,3.0433166e-05,3.935656e-05,0.0031436314,0.0037054704,0.0001915056,4.7216523e-05,0.0006973317
856,114_00600,114,600,0,N,0,N,0,N,0.9934313,0.9934313,1.9883864e-05,3.1580315e-05,0.0026570125,0.003211933,0.00021303089,3.5695783e-05,0.00039941884
857,114_00601,114,601,0,N,0,N,0,N,0.9874923,0.9874923,1.9691428e-05,5.984396e-05,0.0053598727,0.00569212,0.00036109253,6.1505416e-05,0.000953448
858,114_00602,114,602,0,N,0,N,0,N,0.9856707,0.9856707,1.1131165e-05,4.9599512e-05,0.005491213,0.007447782,0.00077202584,5.386349e-05,0.0005037473
859,114_00603,114,603,0,N,0,N,0,N,0.98225474,0.98225474,1.6608048e-05,9.081477e-05,0.0066085793,0.009167591,0.0007759137,8.348897e-05,0.0010022031
860,114_00604,114,604,0,N,0,N,0,N,0.9880423,0.9880423,2.3643213e-05,4.9209113e-05,0.005783665,0.004595853,0.00023959391,5.6688838e-05,0.0012090355
861,114_00605,114,605,0,N,0,N,0,N,0.9896304,0.9896304,6.3148373e-06,3.1704054e-05,0.0037931541,0.0058345133,0.00043222925,3.7669353e-05,0.00023403435
862,114_00606,114,606,0,N,0,N,0,N,0.9884181,0.9884181,9.6144295e-06,3.3641387e-05,0.0049614757,0.005842054,0.0002951023,4.371029e-05,0.00039622688
863,114_00607,114,607,0,N,0,N,0,N,0.9915113,0.9915113,5.7367715e-06,2.6966401e-05,0.0030627833,0.0048211347,0.00037512748,3.2264095e-05,0.00016469484
864,114_00608,114,608,0,N,0,N,0,N,0.98705804,0.98705804,1.5247425e-05,4.923967e-05,0.0056363717,0.0060050674,0.00044952444,5.4274547e-05,0.00073224754
865,114_00609,114,609,0,N,0,N,0,N,0.9901856,0.9901856,8.668878e-06,3.8463895e-05,0.003427104,0.005381746,0.0006326659,4.0041923e-05,0.0002856461
866,114_00610,114,610,0,N,0,N,0,N,0.9946841,0.9946841,1.2846897e-05,2.7966298e-05,0.0022075418,0.0025548814,0.00019588442,2.8642555e-05,0.00028824215
867,114_00611,114,611,0,N,0,N,0,N,0.9957839,0.9957839,1.8738348e-05,2.2538252e-05,0.0015808116,0.0021393276,0.00023974154,2.5874682e-05,0.0001890823
868,114_00612,114,612,0,N,0,N,0,N,0.99326825,0.99326825,4.391548e-05,3.629447e-05,0.0027180337,0.0029870912,0.00021818925,4.631247e-05,0.00068198453
869,114_00613,114,613,0,N,0,N,0,N,0.99029,0.99029,0.00033647628,4.9780898e-05,0.004397049,0.0022723805,0.00018758522,8.900424e-05,0.0023777513
870,114_00614,114,614,0,N,0,N,0,N,0.99084395,0.99084395,0.0005170579,4.553908e-05,0.0043702056,0.0019635968,0.0001767575,8.538994e-05,0.0019974504
871,114_00615,114,615,0,N,0,N,0,N,0.99125206,0.99125206,0.000375182,4.5942834e-05,0.004131558,0.0020124214,0.0001822258,8.1125516e-05,0.0019195811
872,114_00616,114,616,0,N,0,N,0,N,0.99323964,0.99323964,0.00016701537,4.0945626e-05,0.0030631518,0.002203925,0.00021031493,6.242051e-05,0.0010125035
873,114_00617,114,617,0,N,0,N,0,N,0.9888518,0.9888518,0.0014041957,4.8104575e-05,0.005412018,0.0019537967,0.00019454541,0.000100615725,0.0020351438
874,114_00618,114,618,0,N,0,N,0,N,0.98808205,0.98808205,0.0020458456,5.2915762e-05,0.0056006047,0.0021705406,0.00020757644,0.00011368145,0.0017269028
875,114_00619,114,619,0,N,0,N,0,N,0.99320984,0.99320984,0.00059319596,3.92297e-05,0.0031214561,0.00196438,0.00026548764,6.4508575e-05,0.00074192573
876,114_00620,114,620,3,APC,0,N,0,N,0.98450196,0.98450196,0.003794205,5.8855956e-05,0.0070715505,0.0021166152,0.00023708411,0.00013690071,0.0020828561
877,114_00621,114,621,3,APC,3,APC,0,N,0.90383315,0.90383315,0.061579216,0.0001451316,0.025315372,0.0035802852,0.0004967542,0.00038126225,0.0046688733
878,114_00622,114,622,3,APC,3,APC,0,N,0.54046375,0.54046375,0.37992063,0.00037576395,0.061661825,0.004983938,0.0008549176,0.00092402723,0.010815175
879,114_00623,114,623,3,APC,3,APC,1,LBBB,0.8044343,0.13533737,0.8044343,0.00032479013,0.050120763,0.0030656476,0.00077360024,0.00067451387,0.0052689817
880,114_00624,114,624,3,APC,3,APC,0,N,0.71426785,0.71426785,0.22354455,0.00024889488,0.047382884,0.0037269825,0.00071918673,0.0006608125,0.009448877
881,114_00625,114,625,6,NPC,3,APC,0,N,0.9534032,0.9534032,0.024210282,9.147006e-05,0.015400036,0.002662404,0.00036470033,0.00024813827,0.003619901
882,114_00626,114,626,0,N,6,NPC,0,N,0.90833277,0.90833277,0.06368441,0.00011383791,0.020612814,0.0034668145,0.00051299535,0.00029344836,0.002982869
883,114_00627,114,627,0,N,0,N,0,N,0.94723684,0.94723684,0.02770096,0.00011210268,0.017414328,0.0032287405,0.0003706135,0.00030259645,0.0036338577
884,114_00628,114,628,0,N,0,N,0,N,0.7310405,0.7310405,0.21356158,0.0002551122,0.04263314,0.0055284016,0.0007856102,0.0006273683,0.005568298
885,114_00629,114,629,0,N,0,N,0,N,0.95813835,0.95813835,0.020140193,9.392639e-05,0.01474122,0.0026975474,0.00034060265,0.0002526338,0.0035954625
886,114_00630,114,630,0,N,0,N,0,N,0.96730477,0.96730477,0.015449056,8.5515734e-05,0.011559568,0.0026433922,0.00033353048,0.00020710415,0.0024170687
887,114_00631,114,631,0,N,0,N,0,N,0.977587,0.977587,0.008508904,7.010439e-05,0.008838701,0.0023927833,0.00031319106,0.00016785748,0.0021215721
888,114_00632,114,632,0,N,0,N,0,N,0.9803301,0.9803301,0.007076929,6.347046e-05,0.008018144,0.0022455864,0.00029618904,0.0001473429,0.0018223637
889,114_00633,114,633,0,N,0,N,0,N,0.72177166,0.72177166,0.22577995,0.00024527914,0.040405463,0.0056735827,0.0008123036,0.0005880367,0.0047237263
890,114_00634,114,634,0,N,0,N,0,N,0.96524036,0.96524036,0.018958854,8.602678e-05,0.010651823,0.0028412363,0.00040109333,0.00018856775,0.0016320399
891,114_00635,114,635,0,N,0,N,0,N,0.9865324,0.9865324,0.004674905,5.3121155e-05,0.005396261,0.0020775194,0.00032976991,0.00010028021,0.00083592715
892,114_00636,114,636,0,N,0,N,0,N,0.9854722,0.9854722,0.0037978448,5.552132e-05,0.00641052,0.0021804883,0.00027118155,0.00012461087,0.0016876501
893,114_00637,114,637,0,N,0,N,0,N,0.92812264,0.92812264,0.043549523,0.00012350932,0.020344427,0.003300833,0.00045377325,0.00031939909,0.003785846
894,114_00638,114,638,0,N,0,N,0,N,0.8856908,0.8856908,0.077090114,0.00015869334,0.027362902,0.0039383387,0.00054184423,0.00041992622,0.004797467
895,114_00639,114,639,0,N,0,N,0,N,0.9717798,0.9717798,0.011569394,7.622118e-05,0.010965273,0.0024530848,0.00030075107,0.00019383387,0.0026614973
896,114_00640,114,640,0,N,0,N,0,N,0.92317647,0.92317647,0.044342272,0.00012637436,0.023039872,0.0028634956,0.0004277943,0.00035123082,0.0056725363
897,114_00641,114,641,0,N,0,N,0,N,0.7115782,0.7115782,0.22213112,0.0002736305,0.050514203,0.0040463847,0.00071820116,0.00072063133,0.01001764
898,114_00642,114,642,0,N,0,N,1,LBBB,0.90295964,0.0478633,0.90295964,0.0003342007,0.04096494,0.0022434457,0.00050357805,0.0006373565,0.0044935825
899,114_00643,114,643,0,N,0,N,0,N,0.71599084,0.71599084,0.22710393,0.00025314465,0.043502044,0.004528659,0.00079905434,0.00064920547,0.007173085
900,114_00644,114,644,0,N,0,N,0,N,0.8609044,0.8609044,0.095326014,0.00017502371,0.032495365,0.0036322416,0.0005670444,0.00046922424,0.0064307237
901,114_00645,114,645,0,N,0,N,0,N,0.97469544,0.97469544,0.00716639,7.551915e-05,0.011094743,0.002311589,0.00024238738,0.00020695414,0.004206973
902,114_00646,114,646,0,N,0,N,0,N,0.9829437,0.9829437,0.0034411456,6.0024628e-05,0.008010037,0.0021582074,0.00020067391,0.00015124264,0.0030348895
903,114_00647,114,647,0,N,0,N,0,N,0.9929713,0.9929713,0.00044267552,3.788515e-05,0.0033651134,0.001916223,0.00019526051,6.6454195e-05,0.001005091
904,114_00648,114,648,0,N,0,N,0,N,0.9910222,0.9910222,0.0010979915,4.419842e-05,0.0042992937,0.001991611,0.00020316562,8.43975e-05,0.0012570448
905,114_00649,114,649,0,N,0,N,0,N,0.98869,0.98869,0.0016794293,4.8155453e-05,0.0055072145,0.0019369492,0.00018587399,0.00010291323,0.0018496208
906,114_00650,114,650,0,N,0,N,0,N,0.99192446,0.99192446,0.000101349186,4.8845814e-05,0.0035065184,0.0027436758,0.00019550254,7.0209026e-05,0.0014094881
907,114_00651,114,651,0,N,0,N,0,N,0.98961943,0.98961943,4.3945933e-05,5.6196128e-05,0.0041402597,0.004475456,0.00021826146,6.681332e-05,0.0013795733
908,114_00652,114,652,0,N,0,N,0,N,0.9815985,0.9815985,9.172056e-06,5.8319514e-05,0.0055658957,0.011414129,0.0008815529,6.5563516e-05,0.0004068133
909,114_00653,114,653,0,N,0,N,0,N,0.99436593,0.99436593,1.7675296e-05,3.0634917e-05,0.0018959381,0.0031714083,0.0002656735,3.384134e-05,0.0002189998
910,114_00654,114,654,0,N,0,N,0,N,0.99527586,0.99527586,3.6117282e-05,2.674238e-05,0.0019101186,0.0022375272,0.00019926626,3.3718283e-05,0.0002806366
911,114_00655,114,655,0,N,0,N,0,N,0.9924415,0.9924415,0.0003796655,4.3485295e-05,0.0035185942,0.0021726915,0.00022492472,7.34143e-05,0.0011458084
912,114_00656,114,656,0,N,0,N,0,N,0.98701775,0.98701775,0.0014152081,5.4963475e-05,0.0063269455,0.0021895638,0.0001920984,0.00012081217,0.0026826877
913,114_00657,114,657,0,N,0,N,0,N,0.98839706,0.98839706,0.0011670985,5.6006033e-05,0.00561691,0.0020963433,0.00019007224,0.00011277969,0.0023637025
914,114_00658,114,658,0,N,0,N,0,N,0.9908466,0.9908466,0.0006551478,4.7920235e-05,0.0042988374,0.0021064878,0.00021513607,8.8835935e-05,0.0017410167
915,114_00659,114,659,0,N,0,N,0,N,0.9939145,0.9939145,0.00012242833,3.621281e-05,0.0027964457,0.001967898,0.00022851802,5.243108e-05,0.0008816463
916,114_00660,114,660,0,N,0,N,0,N,0.99129975,0.99129975,0.00037472745,4.3960055e-05,0.0041758465,0.001942037,0.00017446683,7.9100784e-05,0.0019101962
917,114_00661,114,661,0,N,0,N,0,N,0.9894983,0.9894983,0.00078954065,5.1471456e-05,0.0050253095,0.0020727485,0.00017993356,0.00010100956,0.0022816386
918,114_00662,114,662,0,N,0,N,0,N,0.99474597,0.99474597,9.9351906e-05,3.052051e-05,0.0024056009,0.001929285,0.00017055392,4.5359608e-05,0.0005734388
919,114_00663,114,663,0,N,0,N,0,N,0.9959304,0.9959304,1.9395811e-05,2.1575446e-05,0.0016544582,0.0019559239,0.00019084195,2.5486588e-05,0.00020189998
920,114_00664,114,664,0,N,0,N,0,N,0.99297035,0.99297035,4.8002254e-05,4.0229505e-05,0.0029971097,0.0028546099,0.00016985134,5.1388954e-05,0.00086856843
921,114_00665,114,665,0,N,0,N,0,N,0.9909323,0.9909323,1.0097343e-05,3.91378e-05,0.0046544312,0.0035431425,0.0003172792,4.1041614e-05,0.0004626705
922,114_00666,114,666,0,N,0,N,0,N,0.98417306,0.98417306,1.730366e-05,6.264286e-05,0.0068784337,0.0074475417,0.00044697736,6.915955e-05,0.0009048754
923,114_00667,114,667,0,N,0,N,0,N,0.9848344,0.9848344,1.2412289e-05,4.745518e-05,0.0066947658,0.0073085153,0.00042794266,5.8452315e-05,0.00061603443
924,114_00668,114,668,0,N,0,N,0,N,0.9909711,0.9909711,1.9901203e-05,3.5710695e-05,0.0034076425,0.0048032505,0.00021063838,4.386358e-05,0.0005077455
925,114_00669,114,669,0,N,0,N,0,N,0.98972774,0.98972774,2.0932192e-05,3.7814843e-05,0.0037884766,0.0056131515,0.00020547726,4.8276706e-05,0.0005580898
926,114_00670,114,670,0,N,0,N,0,N,0.9921894,0.9921894,2.11292e-05,3.443678e-05,0.002929968,0.0041566784,0.00017886936,4.132047e-05,0.00044819378
927,114_00671,114,671,0,N,0,N,0,N,0.9899858,0.9899858,1.105011e-05,3.6525627e-05,0.004429209,0.0048179543,0.0002826855,4.3959226e-05,0.00039281222
928,114_00672,114,672,0,N,0,N,0,N,0.989541,0.989541,3.1857376e-06,1.9050965e-05,0.006190145,0.0035921966,0.00051756814,2.8688377e-05,0.00010820006
929,114_00673,114,673,0,N,0,N,0,N,0.99027234,0.99027234,1.9711783e-06,9.118053e-06,0.0061930753,0.00044985037,0.0030413938,1.5567754e-05,1.667512e-05
930,114_00674,114,674,0,N,0,N,0,N,0.99223286,0.99223286,1.4846108e-06,6.953843e-06,0.00548574,0.0004592575,0.0017874888,1.3356886e-05,1.2789001e-05
931,114_00675,114,675,0,N,0,N,0,N,0.99068743,0.99068743,1.9916872e-06,9.7721495e-06,0.006424854,0.00052414555,0.0023155739,1.6311156e-05,1.9954909e-05
932,114_00676,114,676,0,N,0,N,0,N,0.9906849,0.9906849,2.017515e-06,9.00641e-06,0.006589388,0.00035959034,0.002319962,1.45244885e-05,2.0605263e-05
933,114_00677,114,677,0,N,0,N,0,N,0.99078166,0.99078166,2.0498285e-06,1.223631e-05,0.005910627,0.0024266224,0.00079844584,2.1596219e-05,4.686351e-05
934,114_00678,114,678,0,N,0,N,0,N,0.9859795,0.9859795,3.2569965e-06,1.6278911e-05,0.007468419,0.005758439,0.0006447525,3.0694366e-05,9.8735225e-05
935,114_00679,114,679,0,N,0,N,0,N,0.993242,0.993242,4.330238e-06,1.5921862e-05,0.0025445756,0.0037602158,0.00032070835,2.2159646e-05,9.010865e-05
936,114_00680,114,680,0,N,0,N,0,N,0.99346316,0.99346316,7.1974455e-06,2.0922973e-05,0.0023662518,0.0037073367,0.00027178877,2.6559777e-05,0.00013676765
937,114_00681,114,681,0,N,0,N,0,N,0.99567276,0.99567276,1.0097403e-05,1.8769952e-05,0.0017463554,0.0022334042,0.0001663272,2.2769394e-05,0.00012944832
938,114_00682,114,682,0,N,0,N,0,N,0.9951475,0.9951475,2.9721657e-06,1.26823215e-05,0.00202967,0.002493674,0.00024420035,1.6930377e-05,5.2291263e-05
939,114_00683,114,683,0,N,0,N,0,N,0.99399155,0.99399155,1.2611725e-06,8.649122e-06,0.002281197,0.0031939468,0.00048907247,1.4204303e-05,2.0047064e-05
940,114_00684,114,684,0,N,0,N,0,N,0.9913271,0.9913271,4.287332e-06,1.565748e-05,0.0030884487,0.005017538,0.00042721126,2.4264178e-05,9.558151e-05
941,114_00685,114,685,0,N,0,N,0,N,0.9871082,0.9871082,7.7964305e-06,2.4075785e-05,0.0055027073,0.0066774134,0.00037163967,3.7131922e-05,0.0002709376
942,114_00686,114,686,0,N,0,N,0,N,0.98381704,0.98381704,1.2409391e-05,3.5612804e-05,0.007880537,0.00730711,0.00033247645,5.184677e-05,0.0005627879
943,114_00687,114,687,0,N,0,N,0,N,0.9904209,0.9904209,2.434571e-06,7.30304e-06,0.004247601,0.00053119636,0.0047657453,1.8748777e-05,6.1637925e-06
944,114_00688,114,688,0,N,0,N,0,N,0.98871434,0.98871434,3.3461965e-06,7.564021e-06,0.0038708085,0.00013495614,0.0072441855,1.6105965e-05,8.744052e-06
945,114_00689,114,689,0,N,0,N,0,N,0.9908708,0.9908708,3.1028192e-06,8.327698e-06,0.0030212114,7.785953e-05,0.0059972527,1.5195581e-05,6.3541424e-06
946,114_00690,114,690,0,N,0,N,0,N,0.98482114,0.98482114,3.119584e-06,1.594274e-05,0.009054929,0.0046520634,0.0013555666,3.6750203e-05,6.0446895e-05
947,114_00691,114,691,0,N,0,N,0,N,0.97887224,0.97887224,3.0430872e-06,2.6024698e-05,0.006922419,0.011428171,0.0026384206,5.215585e-05,5.759258e-05
948,114_00692,114,692,0,N,0,N,0,N,0.9810541,0.9810541,6.0151947e-06,3.31285e-05,0.0054205824,0.0126408,0.0005786103,4.9003862e-05,0.00021769662
949,114_00693,114,693,0,N,0,N,0,N,0.9767665,0.9767665,3.204053e-06,2.5969952e-05,0.0033860644,0.018308574,0.0014011383,4.423915e-05,6.413162e-05
950,114_00694,114,694,0,N,0,N,0,N,0.9923832,0.9923832,4.6820223e-06,2.3140336e-05,0.0026011562,0.00440698,0.00043122965,2.7522054e-05,0.0001221247
951,114_00695,114,695,0,N,0,N,0,N,0.9933417,0.9933417,6.306556e-06,2.3807366e-05,0.0026470877,0.0035040416,0.0002844079,2.7575656e-05,0.0001650656
952,114_00696,114,696,0,N,0,N,0,N,0.9873379,0.9873379,3.7598957e-06,2.3858738e-05,0.0040682117,0.0077769156,0.00063816604,3.4050485e-05,0.00011724065
953,114_00697,114,697,0,N,0,N,0,N,0.9888687,0.9888687,4.624581e-06,2.2358801e-05,0.0031573891,0.0073235943,0.0004655271,3.1661468e-05,0.00012622385
954,114_00698,114,698,0,N,0,N,0,N,0.9824691,0.9824691,1.1842697e-05,3.817099e-05,0.006940703,0.009599537,0.00032876045,5.4687327e-05,0.00055718253
955,114_00699,114,699,0,N,0,N,0,N,0.9604639,0.9604639,5.1661386e-06,1.827272e-05,0.011140577,0.026353579,0.0018773584,6.518748e-05,7.591071e-05
956,114_00700,114,700,0,N,0,N,0,N,0.99768496,0.99768496,5.1558573e-06,5.826105e-06,0.0006090992,9.945812e-05,0.0015143079,7.368101e-05,7.496607e-06
957,114_00701,114,701,0,N,0,N,0,N,0.99873596,0.99873596,4.4562394e-06,7.666469e-06,0.00032915393,6.413268e-05,0.0007400598,0.00011073231,7.887976e-06
958,114_00702,114,702,0,N,0,N,0,N,0.9917268,0.9917268,8.928451e-06,8.0664695e-06,0.0025010775,0.00012702403,0.0055627697,4.3522577e-05,2.1935908e-05
959,114_00703,114,703,0,N,0,N,0,N,0.9874556,0.9874556,2.7813905e-06,8.38035e-06,0.0057470803,0.0005668198,0.006186515,1.9955796e-05,1.2916381e-05
960,114_00704,114,704,0,N,0,N,0,N,0.98996544,0.98996544,2.2437596e-06,1.2922786e-05,0.00651358,0.0027421352,0.00068382727,2.2889688e-05,5.6820634e-05
961,114_00705,114,705,0,N,0,N,0,N,0.98619264,0.98619264,2.6953714e-06,2.2341996e-05,0.006200156,0.0060497555,0.0014268404,3.6475383e-05,6.897325e-05
962,114_00706,114,706,0,N,0,N,0,N,0.9864448,0.9864448,3.0015008e-06,2.9584226e-05,0.006578443,0.0052930126,0.001515987,3.9382165e-05,9.583635e-05
963,114_00707,114,707,0,N,0,N,0,N,0.98738015,0.98738015,3.605615e-06,1.5133864e-05,0.0089380415,0.0014239604,0.0021715693,2.7905473e-05,3.9539238e-05
964,114_00708,114,708,0,N,0,N,0,N,0.9904725,0.9904725,3.634833e-06,7.611831e-06,0.0029520916,0.00016894037,0.0063679926,2.081468e-05,6.415174e-06
965,114_00709,114,709,0,N,0,N,0,N,0.98409927,0.98409927,3.7747443e-06,1.6516582e-05,0.009133484,0.0035709587,0.0030823085,3.9525476e-05,5.4269636e-05
966,114_00710,114,710,0,N,0,N,0,N,0.98346704,0.98346704,3.5805906e-06,2.8876424e-05,0.0065606125,0.008728924,0.0010494676,4.4278684e-05,0.00011725295
967,114_00711,114,711,0,N,0,N,0,N,0.98932534,0.98932534,9.9139315e-06,4.058766e-05,0.0048442837,0.004936737,0.00036264193,4.582049e-05,0.00043476108
968,114_00712,114,712,0,N,0,N,0,N,0.9902332,0.9902332,5.372282e-06,2.6534037e-05,0.0048269657,0.0042844904,0.00038772853,3.4377732e-05,0.0002014189
969,114_00713,114,713,0,N,0,N,0,N,0.9903031,0.9903031,5.592003e-06,2.423234e-05,0.0050665424,0.004031676,0.00032663348,3.300703e-05,0.00020925065
970,114_00714,114,714,0,N,0,N,0,N,0.9903892,0.9903892,3.3859271e-06,1.8902303e-05,0.004078899,0.0049601253,0.00042672668,2.7982162e-05,9.470199e-05
971,114_00715,114,715,0,N,0,N,0,N,0.99234194,0.99234194,3.6175843e-06,1.7330605e-05,0.0031503418,0.003999031,0.00037181162,2.4017512e-05,9.191115e-05
972,114_00716,114,716,0,N,0,N,0,N,0.9943625,0.9943625,3.6212598e-06,1.50249425e-05,0.0027996225,0.0024587165,0.00025215626,1.9733989e-05,8.8683664e-05
973,114_00717,114,717,0,N,0,N,0,N,0.9877017,0.9877017,7.885386e-06,2.720125e-05,0.0055859326,0.005971283,0.0003486955,3.883015e-05,0.00031857565
974,114_00718,114,718,0,N,0,N,0,N,0.99078035,0.99078035,3.6959975e-06,2.0679163e-05,0.004128194,0.0044853473,0.00042905594,2.76352e-05,0.00012507079
975,114_00719,114,719,0,N,0,N,0,N,0.98954386,0.98954386,6.3259417e-06,2.5460842e-05,0.005200505,0.0045963214,0.00032916822,3.392864e-05,0.00026447442
976,114_00720,114,720,0,N,0,N,0,N,0.99177617,0.99177617,1.3595939e-06,1.2827065e-05,0.0039418517,0.0031240433,0.0010976217,2.1139545e-05,2.505652e-05
977,114_00721,114,721,0,N,0,N,0,N,0.99225014,0.99225014,1.1750795e-06,9.912365e-06,0.0041831597,0.0025010922,0.0010175962,1.9097095e-05,1.7690481e-05
978,114_00722,114,722,0,N,0,N,0,N,0.99411905,0.99411905,1.3828101e-06,1.0567541e-05,0.002689937,0.0026113791,0.00052589795,1.5457235e-05,2.6439584e-05
979,114_00723,114,723,0,N,0,N,0,N,0.99422735,0.99422735,1.4787984e-06,1.0637636e-05,0.0029075372,0.002348885,0.00045761417,1.5425681e-05,3.105535e-05
980,114_00724,114,724,0,N,0,N,0,N,0.9949823,0.9949823,1.6545132e-06,9.12264e-06,0.002635915,0.0020247207,0.00030024492,1.3796929e-05,3.2327986e-05
981,114_00725,114,725,0,N,0,N,0,N,0.9924742,0.9924742,1.2649284e-06,8.879591e-06,0.003900829,0.0028381138,0.0007416651,1.8044844e-05,1.7086146e-05
982,114_00726,114,726,0,N,0,N,0,N,0.99370277,0.99370277,1.1089667e-06,9.254253e-06,0.0036409975,0.0016175753,0.0009972415,1.7312155e-05,1.3742848e-05
983,114_00727,114,727,0,N,0,N,0,N,0.9887292,0.9887292,2.235587e-06,1.4407898e-05,0.0046404637,0.0058799274,0.0006576157,2.6230213e-05,4.9868755e-05
984,114_00728,114,728,0,N,0,N,0,N,0.9894435,0.9894435,1.8700939e-06,1.4609525e-05,0.0044490215,0.005269905,0.00075663516,2.557926e-05,3.883743e-05
985,114_00729,114,729,0,N,0,N,0,N,0.9913885,0.9913885,2.8699826e-06,1.4526808e-05,0.0039793076,0.0041596573,0.00035918262,2.3083765e-05,7.2936054e-05
986,114_00730,114,730,0,N,0,N,0,N,0.9910679,0.9910679,1.3035256e-06,9.295497e-06,0.004427758,0.0033112874,0.0011449151,2.123945e-05,1.6344331e-05
987,114_00731,114,731,0,N,0,N,0,N,0.9923738,0.9923738,1.5135773e-06,1.2522397e-05,0.0044865883,0.0020871272,0.0009902641,2.0547985e-05,2.7613944e-05
988,114_00732,114,732,0,N,0,N,0,N,0.98684406,0.98684406,3.5123217e-06,2.262266e-05,0.0063926703,0.00577737,0.00081247755,3.5157587e-05,0.00011220501
989,114_00733,114,733,0,N,0,N,0,N,0.989492,0.989492,2.2020101e-06,2.1450755e-05,0.0043884367,0.005137614,0.0008660109,2.953332e-05,6.289047e-05
990,114_00734,114,734,0,N,0,N,0,N,0.9909784,0.9909784,4.15489e-06,2.2306382e-05,0.0034154698,0.0050391564,0.00039114268,2.9383973e-05,0.00012010627
991,114_00735,114,735,0,N,0,N,0,N,0.987918,0.987918,2.6615287e-06,2.4723093e-05,0.0032385355,0.007814147,0.00090437545,3.3375938e-05,6.410291e-05
992,114_00736,114,736,0,N,0,N,0,N,0.9869692,0.9869692,1.07417e-05,4.1711108e-05,0.0054312376,0.0065681953,0.00046743662,5.0137794e-05,0.00046146612
993,114_00737,114,737,0,N,0,N,0,N,0.9664366,0.9664366,1.26888635e-05,5.748994e-05,0.02086901,0.010150941,0.001664381,8.8966524e-05,0.0007198328
994,114_00738,114,738,0,N,0,N,0,N,0.9821881,0.9821881,3.4615805e-06,1.6826476e-05,0.009479469,0.005308623,0.0028996896,4.059981e-05,6.323214e-05
995,114_00739,114,739,0,N,0,N,0,N,0.98423254,0.98423254,2.5568638e-06,1.7231128e-05,0.005634016,0.0057324725,0.0043134145,4.3588003e-05,2.4201772e-05
996,114_00740,114,740,0,N,0,N,0,N,0.9912581,0.9912581,1.8356014e-06,1.6007296e-05,0.003087256,0.004929541,0.00064222584,2.2938359e-05,4.2097094e-05
997,114_00741,114,741,0,N,0,N,0,N,0.98495585,0.98495585,2.9089633e-06,2.0900678e-05,0.007715973,0.0055562183,0.0016463615,3.9338775e-05,6.251727e-05
998,114_00742,114,742,0,N,0,N,0,N,0.98317796,0.98317796,4.1785556e-06,2.6695576e-05,0.009731721,0.005456581,0.0014146134,4.4399396e-05,0.00014396082
999,114_00743,114,743,0,N,0,N,0,N,0.98312575,0.98312575,4.609621e-06,2.192625e-05,0.011279511,0.0026479503,0.0027703675,4.0470175e-05,0.0001093195
1000,114_00744,114,744,0,N,0,N,0,N,0.98872864,0.98872864,3.2531304e-06,2.5801013e-05,0.004931012,0.005413401,0.0007473771,3.292967e-05,0.0001175464
1001,114_00745,114,745,0,N,0,N,0,N,0.99026674,0.99026674,2.204243e-06,1.685785e-05,0.0038215485,0.0052548,0.0005523772,2.51686e-05,6.0248465e-05
1002,114_00746,114,746,0,N,0,N,0,N,0.98847127,0.98847127,4.0863483e-06,2.5751258e-05,0.0053777294,0.005360977,0.0005540378,3.361151e-05,0.00017259544
1003,114_00747,114,747,0,N,0,N,0,N,0.9850916,0.9850916,4.47988e-06,1.2736797e-05,0.010914509,0.0016476283,0.0022549937,2.8848948e-05,4.5138775e-05
1004,114_00748,114,748,0,N,0,N,0,N,0.98660964,0.98660964,6.175832e-06,1.02516e-05,0.0074565336,0.0002492277,0.0056216395,2.2515256e-05,2.4077446e-05
1005,114_00749,114,749,0,N,0,N,0,N,0.99597865,0.99597865,4.9118594e-06,6.2890717e-06,0.0011162981,5.1197978e-05,0.002796488,3.7471855e-05,8.776543e-06
1006,114_00750,114,750,0,N,0,N,0,N,0.9965139,0.9965139,4.3051837e-06,4.887134e-06,0.0010795378,4.283517e-05,0.0023180458,2.9237108e-05,7.282551e-06
1007,114_00751,114,751,0,N,0,N,0,N,0.99867684,0.99867684,3.357842e-06,5.527588e-06,0.0004233992,1.784186e-05,0.0008184031,4.4268745e-05,1.0261922e-05
1008,114_00752,114,752,0,N,0,N,0,N,0.9977387,0.9977387,5.011778e-06,8.298269e-06,0.00062867056,2.877425e-05,0.0015108114,6.367284e-05,1.6095606e-05
1009,114_00753,114,753,0,N,0,N,0,N,0.99354714,0.99354714,7.201089e-06,1.0199772e-05,0.0019273201,5.0306262e-05,0.0044018053,3.8614282e-05,1.7334949e-05
1010,114_00754,114,754,0,N,0,N,0,N,0.9934037,0.9934037,5.4677384e-06,9.310131e-06,0.00223338,3.2313033e-05,0.0042757797,2.4847597e-05,1.5160479e-05
1011,114_00755,114,755,0,N,0,N,0,N,0.9894386,0.9894386,4.0068744e-06,7.6260853e-06,0.006122607,0.00013527309,0.00426298,1.5187719e-05,1.3759721e-05
1012,114_00756,114,756,0,N,0,N,0,N,0.9916016,0.9916016,4.7125463e-06,7.4175673e-06,0.0032099118,8.917008e-05,0.005056526,2.0952652e-05,9.840119e-06
1013,114_00757,114,757,0,N,0,N,0,N,0.99195,0.99195,3.619806e-06,6.071141e-06,0.0038084663,0.00015380757,0.0040558954,1.5680936e-05,6.5039985e-06
1014,114_00758,114,758,0,N,0,N,0,N,0.9957813,0.9957813,4.503449e-06,7.758351e-06,0.0010528173,5.1339488e-05,0.0030576822,3.8332542e-05,6.423519e-06
1015,114_00759,114,759,0,N,0,N,0,N,0.9965786,0.9965786,4.3622963e-06,8.328158e-06,0.00078161346,5.5330474e-05,0.0025167167,4.9626495e-05,5.480058e-06
1016,114_00760,114,760,0,N,0,N,0,N,0.9968277,0.9968277,4.0198365e-06,6.17277e-06,0.0007918745,4.802975e-05,0.0022742585,4.163611e-05,6.434349e-06
1017,114_00761,114,761,0,N,0,N,0,N,0.99729764,0.99729764,3.6105068e-06,6.9717034e-06,0.000662093,2.7862756e-05,0.0019567066,3.8935952e-05,6.1001288e-06
1018,114_00762,114,762,0,N,0,N,0,N,0.9908775,0.9908775,4.095351e-06,8.189909e-06,0.0027809716,9.218868e-05,0.0062076044,2.1112997e-05,8.50374e-06
1019,114_00763,114,763,0,N,0,N,0,N,0.993886,0.993886,4.9430314e-06,9.945539e-06,0.0018784531,4.4041048e-05,0.0041404786,2.7689695e-05,8.541574e-06
1020,114_00764,114,764,0,N,0,N,0,N,0.9950707,0.9950707,3.7680816e-06,6.6618286e-06,0.0015740724,3.709916e-05,0.003280999,2.0834592e-05,5.8190963e-06
1021,114_00765,114,765,0,N,0,N,0,N,0.9976841,0.9976841,4.429956e-06,8.201167e-06,0.00061470334,2.5752188e-05,0.0015995526,5.4078937e-05,9.173839e-06
1022,114_00766,114,766,0,N,0,N,0,N,0.9973849,0.9973849,3.9442407e-06,6.5250065e-06,0.00072408625,2.1747264e-05,0.0018151442,3.549945e-05,8.140405e-06
1023,114_00767,114,767,0,N,0,N,0,N,0.9927002,0.9927002,4.7755007e-06,9.068264e-06,0.0022815485,3.657928e-05,0.0049317908,2.3213053e-05,1.2893091e-05
1024,114_00768,114,768,0,N,0,N,0,N,0.995166,0.995166,5.65775e-06,6.8983927e-06,0.0014203094,5.4924854e-05,0.0032997415,3.6012218e-05,1.0570572e-05
1025,114_00769,114,769,0,N,0,N,0,N,0.99420744,0.99420744,4.750259e-06,6.3042617e-06,0.0016829243,5.9595037e-05,0.004002955,2.6986918e-05,9.05695e-06
1026,114_00770,114,770,0,N,0,N,0,N,0.98827887,0.98827887,5.990182e-06,8.545432e-06,0.0030372953,0.00030800694,0.008313487,3.6091053e-05,1.1642743e-05
1027,114_00771,114,771,0,N,0,N,0,N,0.98277473,0.98277473,4.2396405e-06,2.2277052e-05,0.005759973,0.0098628765,0.0014329948,3.9641774e-05,0.00010327776
1028,114_00772,114,772,0,N,0,N,0,N,0.9948337,0.9948337,8.004098e-06,1.9952307e-05,0.0019097955,0.002681159,0.0003996193,2.3468325e-05,0.00012434852
1029,114_00773,114,773,0,N,0,N,0,N,0.9952959,0.9952959,4.4089054e-05,2.9755372e-05,0.0021158205,0.0018179306,0.00020652806,3.664601e-05,0.00045343995
1030,114_00774,114,774,0,N,0,N,0,N,0.99428046,0.99428046,1.6765174e-05,2.9615709e-05,0.0028159097,0.0022253722,0.0001704928,3.1345015e-05,0.00043006073
1031,114_00775,114,775,0,N,0,N,0,N,0.98926955,0.98926955,2.4543122e-06,2.1218588e-05,0.005983754,0.0036005955,0.0010287918,3.148847e-05,6.200676e-05
1032,114_00776,114,776,0,N,0,N,0,N,0.98747665,0.98747665,2.5431686e-06,1.8400442e-05,0.0061770785,0.005044306,0.0011938814,3.3474706e-05,5.3699998e-05
1033,114_00777,114,777,0,N,0,N,0,N,0.98492736,0.98492736,3.9804886e-06,3.2630964e-05,0.0047678803,0.00919941,0.0009004145,4.3847787e-05,0.00012442611
1034,114_00778,114,778,0,N,0,N,0,N,0.9919908,0.9919908,7.984347e-06,2.8400498e-05,0.0029512,0.0044769617,0.00030002184,3.3872024e-05,0.00021073953
1035,114_00779,114,779,0,N,0,N,0,N,0.99157137,0.99157137,7.720005e-06,3.1426523e-05,0.0029946016,0.004800114,0.00033820706,3.598597e-05,0.00022053102
1036,114_00780,114,780,0,N,0,N,0,N,0.99328804,0.99328804,5.6601807e-06,2.5055093e-05,0.003124655,0.0030621272,0.00028623323,2.8172804e-05,0.00018008743
1037,114_00781,114,781,0,N,0,N,0,N,0.9891219,0.9891219,4.496797e-06,2.8539676e-05,0.004307134,0.00573953,0.00060400437,3.4823814e-05,0.00015960397
1038,114_00782,114,782,0,N,0,N,0,N,0.9900842,0.9900842,2.6275266e-06,2.2973158e-05,0.0043312144,0.0046722703,0.00077983644,2.9965502e-05,7.6875214e-05
1039,114_00783,114,783,0,N,0,N,0,N,0.9939706,0.9939706,3.5991172e-06,1.6353384e-05,0.002905679,0.0026879492,0.0003023255,2.0675217e-05,9.2789625e-05
1040,114_00784,114,784,0,N,0,N,0,N,0.99122465,0.99122465,1.950656e-06,1.6485437e-05,0.0043591303,0.0035959363,0.00072403514,2.3299466e-05,5.456955e-05
1041,114_00785,114,785,0,N,0,N,0,N,0.9912203,0.9912203,1.6343533e-06,1.3789022e-05,0.0033852465,0.0045479024,0.0007725025,2.0820245e-05,3.799212e-05
1042,114_00786,114,786,0,N,0,N,0,N,0.9769549,0.9769549,4.0056593e-06,1.7647657e-05,0.009973966,0.010444032,0.0024940823,5.0730414e-05,6.063546e-05
1043,114_00787,114,787,0,N,0,N,0,N,0.9889431,0.9889431,6.26654e-06,4.8505044e-06,0.0028332206,0.002260281,0.0058912872,5.1839867e-05,9.110044e-06
1044,114_00788,114,788,0,N,0,N,0,N,0.99806136,0.99806136,4.0166246e-06,6.0973703e-06,0.00048408733,4.985029e-05,0.0013186131,6.706318e-05,8.845331e-06
1045,114_00789,114,789,0,N,0,N,0,N,0.9740379,0.9740379,1.1057137e-05,1.7600587e-05,0.018205723,0.002820073,0.004680543,5.3503332e-05,0.00017365458
1046,114_00790,114,790,0,N,0,N,0,N,0.98086363,0.98086363,5.659831e-06,2.8938966e-05,0.007851823,0.01014901,0.0008410507,4.6612502e-05,0.00021324026
1047,114_00791,114,791,0,N,0,N,0,N,0.9891377,0.9891377,9.802572e-06,2.800136e-05,0.006093526,0.0040098797,0.00024114118,3.7567675e-05,0.00044228428
1048,114_00792,114,792,0,N,0,N,0,N,0.99210954,0.99210954,5.6869535e-06,1.979962e-05,0.0032759963,0.004164052,0.00025051212,2.7375405e-05,0.00014716221
1049,114_00793,114,793,0,N,0,N,0,N,0.9788635,0.9788635,4.7362937e-06,1.9047715e-05,0.011885277,0.0063675693,0.0027150267,4.8201404e-05,9.675036e-05
1050,114_00794,114,794,0,N,0,N,0,N,0.9782424,0.9782424,9.538182e-06,4.0980765e-05,0.0076528904,0.012798566,0.0008252326,6.047745e-05,0.00036994854
1051,114_00795,114,795,0,N,0,N,0,N,0.9688961,0.9688961,1.3506672e-05,4.7746955e-05,0.010308151,0.019192496,0.0008502319,7.868052e-05,0.0006131626
1052,114_00796,114,796,0,N,0,N,0,N,0.98889494,0.98889494,7.097639e-05,4.848911e-05,0.004490848,0.0045431806,0.0001764645,7.447057e-05,0.0017006247
1053,114_00797,114,797,0,N,0,N,0,N,0.9936724,0.9936724,3.033554e-05,3.0699623e-05,0.0025498231,0.0030153797,0.00017101414,3.843874e-05,0.0004919049
1054,114_00798,114,798,0,N,0,N,0,N,0.9949046,0.9949046,3.4916906e-05,2.7682963e-05,0.0022630093,0.0021338589,0.0001615886,3.524779e-05,0.00043906664
1055,114_00799,114,799,0,N,0,N,0,N,0.99487305,0.99487305,1.9887452e-06,1.1344562e-05,0.00258092,0.002199566,0.0002753266,1.5934096e-05,4.1936695e-05
1056,114_00800,114,800,0,N,0,N,0,N,0.99284357,0.99284357,2.1559556e-06,1.2163963e-05,0.004524649,0.0021440121,0.00040414804,1.8912173e-05,5.0331895e-05
1057,114_00801,114,801,0,N,0,N,0,N,0.9925089,0.9925089,1.3090912e-06,7.878224e-06,0.0049846736,0.0013668345,0.0010985709,1.7720122e-05,1.4157966e-05
1058,114_00802,114,802,0,N,0,N,0,N,0.99140716,0.99140716,1.5578944e-06,9.005673e-06,0.0048384806,0.003133346,0.00056564086,1.9088915e-05,2.5864125e-05
1059,114_00803,114,803,0,N,0,N,0,N,0.991894,0.991894,1.933472e-06,1.1462607e-05,0.0033884393,0.004181623,0.0004629811,1.961063e-05,3.9924616e-05
1060,114_00804,114,804,0,N,0,N,0,N,0.99390805,0.99390805,2.3127945e-06,1.2672688e-05,0.002527122,0.0031098188,0.00037218555,1.7941027e-05,4.9824448e-05
1061,114_00805,114,805,0,N,0,N,0,N,0.9948708,0.9948708,2.8104132e-06,1.1238941e-05,0.0025973478,0.0022279425,0.00021052295,1.5970923e-05,6.3311745e-05
1062,114_00806,114,806,0,N,0,N,0,N,0.99325204,0.99325204,1.7137123e-06,1.170535e-05,0.003035368,0.0032065029,0.00043537957,1.7462638e-05,3.9836326e-05
1063,114_00807,114,807,0,N,0,N,0,N,0.99349874,0.99349874,1.4730377e-06,1.0013742e-05,0.0029334973,0.003099765,0.0004120998,1.6253383e-05,2.8124841e-05
1064,114_00808,114,808,0,N,0,N,0,N,0.9938351,0.9938351,2.0641933e-06,1.1960149e-05,0.0022964033,0.0034263937,0.00037018568,1.7425762e-05,4.046155e-05
1065,114_00809,114,809,0,N,0,N,0,N,0.99401087,0.99401087,2.226403e-06,1.2660408e-05,0.0020333705,0.003527132,0.00035851117,1.8211456e-05,3.703774e-05
1066,114_00810,114,810,0,N,0,N,0,N,0.9952403,0.9952403,3.0271517e-06,1.3351325e-05,0.0016215326,0.0027657216,0.00029224576,1.7121056e-05,4.6640143e-05
1067,114_00811,114,811,0,N,0,N,0,N,0.99347544,0.99347544,2.4289955e-06,1.6284745e-05,0.0026592663,0.0033664205,0.00040564672,2.129261e-05,5.3174062e-05
1068,114_00812,114,812,0,N,0,N,0,N,0.9908409,0.9908409,2.1699054e-06,1.6541155e-05,0.0052110697,0.0029817002,0.0008769715,2.6366928e-05,4.414215e-05
1069,114_00813,114,813,0,N,0,N,0,N,0.9906237,0.9906237,1.4963049e-06,1.1558331e-05,0.0045625414,0.0024016262,0.0023583628,2.5991394e-05,1.4699696e-05
1070,114_00814,114,814,0,N,0,N,0,N,0.99152595,0.99152595,1.5464072e-06,1.2103184e-05,0.0032538006,0.0044129263,0.00074776454,2.0724056e-05,2.5244839e-05
1071,114_00815,114,815,0,N,0,N,0,N,0.9940135,0.9940135,1.5536808e-06,1.08853665e-05,0.0024990973,0.0029922503,0.00043666988,1.6129852e-05,2.9986319e-05
1072,114_00816,114,816,0,N,0,N,0,N,0.9927068,0.9927068,2.249548e-06,1.3269202e-05,0.0034763885,0.0033065744,0.0004159839,1.9448742e-05,5.9449383e-05
1073,114_00817,114,817,0,N,0,N,0,N,0.99164116,0.99164116,1.2786818e-06,9.930544e-06,0.00473814,0.0024656537,0.0011057414,2.0634969e-05,1.7323373e-05
1074,114_00818,114,818,0,N,0,N,0,N,0.99162817,0.99162817,1.3921682e-06,1.0310469e-05,0.0042642234,0.0014904205,0.0025733414,2.1442273e-05,1.0653983e-05
1075,114_00819,114,819,0,N,0,N,0,N,0.99110353,0.99110353,1.5843225e-06,1.16129095e-05,0.0048915735,0.0026908785,0.0012565624,2.3918918e-05,2.0344822e-05
1076,114_00820,114,820,0,N,0,N,0,N,0.98877025,0.98877025,2.1379606e-06,1.3722328e-05,0.0063155885,0.0025106298,0.002330771,2.8944116e-05,2.7966675e-05
1077,114_00821,114,821,0,N,0,N,0,N,0.989757,0.989757,2.1970968e-06,1.0442791e-05,0.006433792,0.0017440317,0.002010082,2.3767761e-05,1.8723116e-05
1078,114_00822,114,822,0,N,0,N,0,N,0.9899245,0.9899245,4.179802e-06,8.241723e-06,0.0023373794,0.00045319708,0.007233927,3.3377928e-05,5.2281666e-06
1079,114_00823,114,823,0,N,0,N,0,N,0.99379706,0.99379706,4.4157064e-06,7.0377905e-06,0.0014541451,0.00019426487,0.004504145,3.488126e-05,3.948957e-06
1080,114_00824,114,824,0,N,0,N,0,N,0.98842627,0.98842627,3.818258e-06,9.319324e-06,0.003370141,0.00025067964,0.0079101585,2.2666842e-05,6.9723533e-06
1081,114_00825,114,825,0,N,0,N,0,N,0.9867349,0.9867349,2.6508076e-06,1.1585817e-05,0.0041495236,0.00034023056,0.0087313885,2.0503838e-05,9.243046e-06
1082,114_00826,114,826,0,N,0,N,0,N,0.9929584,0.9929584,1.2443315e-06,1.1684392e-05,0.0040442557,0.0014593852,0.0014876638,1.9671199e-05,1.7777245e-05
1083,114_00827,114,827,0,N,0,N,0,N,0.99298435,0.99298435,1.1752124e-06,1.170302e-05,0.0038039358,0.0015768552,0.0015867042,2.0440719e-05,1.4772941e-05
1084,114_00828,114,828,0,N,0,N,0,N,0.994433,0.994433,8.8325555e-07,7.973362e-06,0.0032268781,0.0010318513,0.0012765916,1.5596976e-05,7.2720786e-06
1085,114_00829,114,829,0,N,0,N,0,N,0.9922498,0.9922498,1.4138261e-06,1.0212318e-05,0.00397658,0.0007606903,0.0029739912,1.840875e-05,9.05773e-06
1086,114_00830,114,830,0,N,0,N,0,N,0.9916088,0.9916088,1.78431e-06,1.4459606e-05,0.0049956557,0.0010717732,0.0022609562,2.2658127e-05,2.3897634e-05
1087,114_00831,114,831,0,N,0,N,0,N,0.9834134,0.9834134,4.5294073e-06,2.2610095e-05,0.010106736,0.0051961653,0.0010574237,3.9339437e-05,0.00015966529
1088,114_00832,114,832,0,N,0,N,0,N,0.98527324,0.98527324,3.419492e-06,1.5540032e-05,0.010410966,0.0028982437,0.0012931806,3.2414166e-05,7.304562e-05
1089,114_00833,114,833,0,N,0,N,0,N,0.98921686,0.98921686,2.6717107e-06,7.5972966e-06,0.0072891214,0.001151435,0.0022958242,2.0535268e-05,1.6092037e-05
1090,114_00834,114,834,0,N,0,N,0,N,0.9876756,0.9876756,2.8757843e-06,8.734792e-06,0.0047240555,0.00031759255,0.0072430754,1.854372e-05,9.636461e-06
1091,114_00835,114,835,0,N,0,N,0,N,0.9895422,0.9895422,2.1170933e-06,1.1268376e-05,0.0052168434,0.00036287608,0.0048343255,1.6959691e-05,1.34417705e-05
1092,114_00836,114,836,0,N,0,N,0,N,0.99167174,0.99167174,1.7554386e-06,1.0329287e-05,0.0059829387,0.0006865441,0.001607817,1.7075668e-05,2.1795566e-05
1093,114_00837,114,837,0,N,0,N,0,N,0.98956114,0.98956114,2.704921e-06,1.7158576e-05,0.0067899586,0.002602368,0.0009239478,2.676136e-05,7.595945e-05
1094,114_00838,114,838,0,N,0,N,0,N,0.9880897,0.9880897,4.5226625e-06,2.299603e-05,0.005133367,0.0060421303,0.00052356045,3.3898206e-05,0.0001497983
1095,114_00839,114,839,0,N,0,N,0,N,0.9921104,0.9921104,4.194892e-06,1.9789857e-05,0.0036222825,0.0037576046,0.00032967812,2.6105354e-05,0.00013001132
1096,114_00840,114,840,0,N,0,N,0,N,0.9902887,0.9902887,4.489432e-06,2.006509e-05,0.0042796545,0.0048804763,0.00035763753,2.8909468e-05,0.00014001955
1097,114_00841,114,841,0,N,0,N,0,N,0.9916502,0.9916502,1.2645293e-06,1.0387018e-05,0.004432283,0.002634543,0.0012340633,2.1487047e-05,1.5851956e-05
1098,114_00842,114,842,0,N,0,N,0,N,0.99263537,0.99263537,1.1249265e-06,8.686464e-06,0.0038154547,0.0019347302,0.0015750433,1.992157e-05,9.651603e-06
1099,114_00843,114,843,0,N,0,N,0,N,0.99279654,0.99279654,1.6069633e-06,1.3123868e-05,0.0040035443,0.0020864415,0.0010522996,2.118902e-05,2.5383408e-05
1100,114_00844,114,844,0,N,0,N,0,N,0.9937385,0.9937385,1.8874878e-06,1.3128453e-05,0.003449923,0.00220611,0.0005296093,1.7980203e-05,4.2727275e-05
1101,114_00845,114,845,0,N,0,N,0,N,0.9935149,0.9935149,4.5661513e-06,1.8514018e-05,0.002912496,0.0030397943,0.00036938628,2.3110939e-05,0.000117334246
1102,114_00846,114,846,0,N,0,N,0,N,0.993119,0.993119,2.3802584e-06,1.6250593e-05,0.003007916,0.0033468432,0.00042236663,2.1014795e-05,6.416431e-05
1103,114_00847,114,847,0,N,0,N,0,N,0.9926187,0.9926187,2.9639118e-06,1.7187776e-05,0.0039223726,0.002987456,0.00033772195,2.317874e-05,9.046225e-05
1104,114_00848,114,848,0,N,0,N,0,N,0.99347353,0.99347353,1.0172793e-06,9.0646545e-06,0.0035349955,0.0012224665,0.0017324204,1.811886e-05,8.408642e-06
1105,114_00849,114,849,0,N,0,N,0,N,0.99196047,0.99196047,1.5853265e-06,1.3024003e-05,0.0047931923,0.0016217,0.001564506,2.263646e-05,2.2850385e-05
1106,114_00850,114,850,0,N,0,N,0,N,0.99246526,0.99246526,1.995526e-06,1.3503609e-05,0.00416304,0.0027331407,0.00055334385,1.9872221e-05,4.992599e-05
1107,114_00851,114,851,0,N,0,N,0,N,0.9940514,0.9940514,2.6718078e-06,1.44374735e-05,0.003260872,0.0021867002,0.0003921493,1.8340132e-05,7.3389354e-05
1108,114_00852,114,852,0,N,0,N,0,N,0.9912575,0.9912575,4.9729197e-06,1.9828474e-05,0.0038552422,0.004317397,0.00037009915,2.7535727e-05,0.00014740508
1109,114_00853,114,853,0,N,0,N,0,N,0.99195516,0.99195516,3.9940005e-06,2.1433434e-05,0.0037809932,0.0036411202,0.00043859243,2.6519461e-05,0.00013225948
1110,114_00854,114,854,0,N,0,N,0,N,0.99251145,0.99251145,8.168821e-06,2.5752784e-05,0.0035428135,0.0033639544,0.00026661938,3.101101e-05,0.0002503093
1111,114_00855,114,855,0,N,0,N,0,N,0.9905518,0.9905518,3.2848693e-06,1.8742085e-05,0.0041863676,0.0046095653,0.0005028146,2.6441314e-05,0.000100859856
1112,114_00856,114,856,0,N,0,N,0,N,0.9907211,0.9907211,4.261166e-06,2.035228e-05,0.004421003,0.0042443853,0.00041933949,2.7898768e-05,0.00014161787
1113,114_00857,114,857,0,N,0,N,0,N,0.9905332,0.9905332,3.2526775e-06,1.5361476e-05,0.005446527,0.0035065007,0.00036869568,2.4659234e-05,0.00010176578
1114,114_00858,114,858,0,N,0,N,0,N,0.98841953,0.98841953,2.2929446e-06,1.3204124e-05,0.005905937,0.004861936,0.000720621,2.5738593e-05,5.077235e-05
1115,114_00859,114,859,0,N,0,N,0,N,0.9899752,0.9899752,1.9011627e-06,1.0759886e-05,0.0064992676,0.0025153176,0.00094047585,2.3185854e-05,3.3917517e-05
1116,114_00860,114,860,0,N,0,N,0,N,0.98911476,0.98911476,3.0955277e-06,1.5146129e-05,0.0069489456,0.0032393138,0.00056367036,2.5787738e-05,8.93272e-05
1117,114_00861,114,861,0,N,0,N,0,N,0.9814987,0.9814987,4.0325035e-06,2.3887498e-05,0.0069344034,0.010488952,0.0008886098,4.263348e-05,0.00011883985
1118,114_00862,114,862,0,N,0,N,0,N,0.9893295,0.9893295,3.548981e-06,2.2744443e-05,0.004362598,0.0056059114,0.0005356048,3.161978e-05,0.00010836868
1119,114_00863,114,863,0,N,0,N,0,N,0.98714966,0.98714966,3.8337644e-06,2.1337859e-05,0.0063633802,0.00574335,0.00055140676,3.366743e-05,0.0001333816
1120,114_00864,114,864,0,N,0,N,0,N,0.9917984,0.9917984,1.9140268e-06,6.8534987e-06,0.0045880415,0.00046608524,0.0031170112,1.5246796e-05,6.459854e-06
1121,114_00865,114,865,0,N,0,N,0,N,0.9896629,0.9896629,3.1031889e-06,7.860287e-06,0.0030870417,0.0002221157,0.006992221,1.9395819e-05,5.414458e-06
1122,114_00866,114,866,0,N,0,N,0,N,0.9912764,0.9912764,1.707841e-06,7.4879526e-06,0.0047856173,0.0010956664,0.0028041652,1.9372843e-05,9.495026e-06
1123,114_00867,114,867,0,N,0,N,0,N,0.98875225,0.98875225,1.6208985e-06,1.1776638e-05,0.005320394,0.0044660326,0.0013969382,2.6292058e-05,2.484835e-05
1124,114_00868,114,868,0,N,0,N,0,N,0.9923493,0.9923493,1.6861716e-06,1.0726319e-05,0.0035978986,0.0035434968,0.00044140028,1.7936583e-05,3.754436e-05
1125,114_00869,114,869,0,N,0,N,0,N,0.98974293,0.98974293,2.150096e-06,1.3923383e-05,0.0032927464,0.0063207136,0.0005567853,2.3403674e-05,4.7357586e-05
1126,114_00870,114,870,0,N,0,N,0,N,0.99017674,0.99017674,1.6151885e-06,1.2053287e-05,0.003670589,0.005481908,0.00060239376,2.16648e-05,3.3003984e-05
1127,114_00871,114,871,0,N,0,N,0,N,0.98546076,0.98546076,2.5513998e-06,1.504952e-05,0.005181012,0.008700103,0.00055565755,3.058194e-05,5.4313372e-05
1128,114_00872,114,872,0,N,0,N,0,N,0.99137765,0.99137765,1.4773215e-06,5.1616325e-06,0.004404656,0.0016627025,0.0025241873,1.8230145e-05,5.9671856e-06
1129,114_00873,114,873,0,N,0,N,0,N,0.9904158,0.9904158,1.615372e-06,6.703121e-06,0.004855035,0.002276575,0.002413318,2.2013992e-05,8.957098e-06
1130,114_00874,114,874,0,N,0,N,0,N,0.99130094,0.99130094,1.6708884e-06,8.798866e-06,0.006014898,0.0015115144,0.0011233564,1.983674e-05,1.894433e-05
1131,114_00875,114,875,0,N,0,N,0,N,0.9932902,0.9932902,1.9170009e-06,1.049235e-05,0.0041621113,0.002048538,0.00042989533,1.686841e-05,3.9962935e-05
1132,114_00876,114,876,0,N,0,N,0,N,0.9915068,0.9915068,2.9959017e-06,1.3587147e-05,0.004322873,0.0036745733,0.00037584125,2.1866821e-05,8.140813e-05
1133,114_00877,114,877,0,N,0,N,0,N,0.99216014,0.99216014,4.317303e-06,1.6008451e-05,0.0041943346,0.0031944697,0.00027111697,2.3379622e-05,0.00013618285
1134,114_00878,114,878,0,N,0,N,0,N,0.9908868,0.9908868,4.444426e-06,1.784737e-05,0.0053673834,0.0032266306,0.0003045514,2.6074898e-05,0.00016619252
1135,114_00879,114,879,0,N,0,N,0,N,0.9878192,0.9878192,3.8753396e-06,1.9723644e-05,0.007792763,0.0036392517,0.00055309443,3.1234387e-05,0.0001408022
1136,114_00880,114,880,0,N,0,N,0,N,0.9906229,0.9906229,2.2228048e-06,1.4695786e-05,0.00573875,0.002798152,0.0007431833,2.3724324e-05,5.637362e-05
1137,114_00881,114,881,0,N,0,N,0,N,0.9920149,0.9920149,3.1702962e-06,1.6476819e-05,0.004729013,0.002681186,0.0004293487,2.251719e-05,0.0001035293
1138,114_00882,114,882,0,N,0,N,0,N,0.9925567,0.9925567,2.6026553e-06,1.4356111e-05,0.0040657753,0.0028923224,0.00036870813,2.0378207e-05,7.911804e-05
1139,114_00883,114,883,0,N,0,N,0,N,0.99324393,0.99324393,3.275275e-06,1.4876998e-05,0.0035836014,0.0027445836,0.0002886674,2.0218211e-05,0.00010084696
1140,114_00884,114,884,0,N,0,N,0,N,0.9930917,0.9930917,2.9608254e-06,1.4184435e-05,0.003504991,0.0029613355,0.00031831072,1.9829997e-05,8.6650056e-05
1141,114_00885,114,885,0,N,0,N,0,N,0.9913852,0.9913852,2.8595423e-06,1.4000163e-05,0.00527998,0.002878973,0.00032412502,2.2242597e-05,9.2591006e-05
1142,114_00886,114,886,0,N,0,N,0,N,0.99359274,0.99359274,1.403109e-06,6.52628e-06,0.004938819,0.00086769584,0.0005647938,1.4174561e-05,1.3936293e-05
1143,114_00887,114,887,0,N,0,N,0,N,0.9933224,0.9933224,1.7377424e-06,7.2493e-06,0.003818381,0.00027267262,0.0025593552,1.3371068e-05,4.926918e-06
1144,114_00888,114,888,0,N,0,N,0,N,0.9932035,0.9932035,1.4070918e-06,6.8208738e-06,0.00407709,0.00049547444,0.0021952298,1.417524e-05,6.2537324e-06
1145,114_00889,114,889,0,N,0,N,0,N,0.9943644,0.9943644,1.2219091e-06,5.8449164e-06,0.0040313005,0.00025503474,0.0013261592,1.0464094e-05,5.5833625e-06
1146,114_00890,114,890,0,N,0,N,0,N,0.991839,0.991839,1.7250414e-06,8.401856e-06,0.0052560754,0.00046685745,0.0024006097,1.5129961e-05,1.22241845e-05
1147,114_00891,114,891,0,N,0,N,0,N,0.98533946,0.98533946,4.436461e-06,2.3880259e-05,0.010075005,0.0030082294,0.0013437598,3.6678277e-05,0.00016853673
1148,114_00892,114,892,0,N,0,N,0,N,0.98503363,0.98503363,1.7707494e-05,4.8056125e-05,0.0065152114,0.0069520515,0.00054918183,5.7557736e-05,0.0008265782
1149,114_00893,114,893,0,N,0,N,0,N,0.9880829,0.9880829,2.2486922e-05,4.591551e-05,0.0052224663,0.0052551855,0.00030141504,5.4644657e-05,0.0010150363
1150,114_00894,114,894,0,N,0,N,0,N,0.9914223,0.9914223,3.4907964e-05,3.9325034e-05,0.0037043775,0.003561896,0.00018563248,4.9383758e-05,0.0010022583
1151,114_00895,114,895,0,N,0,N,0,N,0.99276555,0.99276555,4.917928e-06,2.241848e-05,0.0033820497,0.003295498,0.00033716994,2.6524958e-05,0.00016574826
1152,114_00896,114,896,0,N,0,N,0,N,0.9941797,0.9941797,6.944514e-06,1.8072958e-05,0.002460719,0.0028915121,0.00027035997,2.2873546e-05,0.0001497653
1153,114_00897,114,897,0,N,0,N,0,N,0.98837376,0.98837376,8.81786e-06,2.9518376e-05,0.005091595,0.005627812,0.0004744051,3.7591537e-05,0.00035643007
1154,114_00898,114,898,0,N,0,N,0,N,0.9895615,0.9895615,1.8497836e-05,3.5530295e-05,0.0048656687,0.004466279,0.00031372407,4.353275e-05,0.0006952442
1155,114_00899,114,899,0,N,0,N,0,N,0.98960024,0.98960024,1.5375957e-05,4.673934e-05,0.0043806876,0.004941437,0.00030636377,4.924367e-05,0.00065993384
1156,114_00900,114,900,0,N,0,N,0,N,0.99095446,0.99095446,4.665301e-06,3.3879904e-05,0.0034243627,0.004873768,0.0005136647,3.6041696e-05,0.00015909957
1157,114_00901,114,901,0,N,0,N,0,N,0.9934441,0.9934441,4.112083e-06,2.158551e-05,0.0023879951,0.0035989494,0.00041654546,2.4497896e-05,0.0001022401
1158,114_00902,114,902,3,APC,0,N,0,N,0.9903483,0.9903483,2.7348015e-06,3.307493e-05,0.0039920397,0.00420579,0.0012921694,3.3179913e-05,9.2751114e-05
1159,114_00903,114,903,0,N,3,APC,0,N,0.99131393,0.99131393,6.0472494e-06,3.0793522e-05,0.0029934386,0.0046670004,0.00077494205,3.2276228e-05,0.0001816008
1160,114_00904,114,904,0,N,0,N,0,N,0.98872334,0.98872334,1.1637365e-05,5.031416e-05,0.0049364013,0.0051408857,0.00054587255,5.061717e-05,0.00054097
1161,114_00905,114,905,0,N,0,N,0,N,0.99433595,0.99433595,3.3991302e-05,2.98453e-05,0.0021346163,0.002812292,0.0002458223,3.6407087e-05,0.00037102416
1162,114_00906,114,906,0,N,0,N,0,N,0.99197507,0.99197507,8.477916e-06,2.9196543e-05,0.0031388523,0.0042859246,0.00029893892,3.461486e-05,0.00022891739
1163,114_00907,114,907,0,N,0,N,0,N,0.99357754,0.99357754,5.2648666e-05,3.7460173e-05,0.002548092,0.0028593861,0.00023803358,4.8000697e-05,0.00063892774
1164,114_00908,114,908,0,N,0,N,0,N,0.9917569,0.9917569,1.7717237e-05,3.4592595e-05,0.0029284742,0.004445492,0.00036607237,3.8579827e-05,0.00041231993
1165,114_00909,114,909,0,N,0,N,0,N,0.9903105,0.9903105,0.00040949087,4.690658e-05,0.0045085703,0.002074,0.0001874042,8.718713e-05,0.0023760526
1166,114_00910,114,910,0,N,0,N,0,N,0.9916408,0.9916408,0.00051373866,4.2138458e-05,0.00402964,0.0019056614,0.00016999299,7.8036115e-05,0.0016198871
1167,114_00911,114,911,0,N,0,N,0,N,0.9920782,0.9920782,0.0011595543,4.129244e-05,0.0037168586,0.0017977573,0.0002402823,7.193882e-05,0.0008942713
1168,114_00912,114,912,0,N,0,N,0,N,0.9954662,0.9954662,0.00022699147,2.8605215e-05,0.0019533534,0.0016644232,0.00031695853,4.051389e-05,0.00030297975
1169,114_00913,114,913,0,N,0,N,0,N,0.99405235,0.99405235,0.00058000395,3.8292674e-05,0.0026889974,0.0017580772,0.0003004808,5.7900164e-05,0.00052390795
1170,114_00914,114,914,0,N,0,N,0,N,0.9947985,0.9947985,0.00013778519,3.3255445e-05,0.0023217315,0.0018916884,0.00022523905,4.7536432e-05,0.00054424565
1171,114_00915,114,915,0,N,0,N,0,N,0.9947414,0.9947414,0.00016430787,3.4244098e-05,0.0023332045,0.0019229325,0.00022941788,4.9154445e-05,0.0005253882
1172,114_00916,114,916,0,N,0,N,0,N,0.9938333,0.9938333,0.00015506994,3.776319e-05,0.002854852,0.0020746496,0.00014445151,5.919081e-05,0.0008408403
1173,114_00917,114,917,0,N,0,N,0,N,0.9927279,0.9927279,0.0003818209,4.413697e-05,0.0032818133,0.0022651954,0.00021228947,7.34813e-05,0.0010134131
1174,114_00918,114,918,0,N,0,N,0,N,0.9950938,0.9950938,0.00013900049,3.0510544e-05,0.0021970486,0.0018724257,0.00020671843,4.441109e-05,0.00041619557
1175,114_00919,114,919,0,N,0,N,0,N,0.99025255,0.99025255,0.0015479292,4.6115663e-05,0.0046200403,0.0019192536,0.00021732194,9.0499314e-05,0.0013062522
1176,114_00920,114,920,0,N,0,N,0,N,0.99487054,0.99487054,0.00024537483,3.1840453e-05,0.0022795117,0.0018762128,0.00024300185,4.7655354e-05,0.00040586162
1177,114_00921,114,921,0,N,0,N,0,N,0.9917031,0.9917031,0.0009993404,4.7115933e-05,0.0038332683,0.002087545,0.00024480434,8.179525e-05,0.0010030203
1178,114_00922,114,922,0,N,0,N,0,N,0.993984,0.993984,0.00028032553,3.630823e-05,0.0027664525,0.001983808,0.00022408574,5.761143e-05,0.0006673766
1179,114_00923,114,923,0,N,0,N,0,N,0.99342036,0.99342036,0.00036112024,3.8043192e-05,0.0031040094,0.001919434,0.00016720626,6.543553e-05,0.00092453253
1180,114_00924,114,924,0,N,0,N,0,N,0.9942737,0.9942737,0.00020534803,3.2173677e-05,0.0026816232,0.0019087906,0.00018048013,5.251665e-05,0.0006654142
1181,114_00925,114,925,0,N,0,N,0,N,0.9942513,0.9942513,0.00022400926,3.3517554e-05,0.002660974,0.0019476318,0.00019049096,5.3781245e-05,0.0006383204
1182,114_00926,114,926,0,N,0,N,0,N,0.983395,0.983395,0.005168586,5.7798236e-05,0.0071570594,0.0021588583,0.00025965352,0.00013265258,0.001670384
1183,114_00927,114,927,0,N,0,N,0,N,0.9926747,0.9926747,0.000955149,4.2364256e-05,0.003401972,0.0018814825,0.00023860605,7.1488896e-05,0.00073436176
1184,114_00928,114,928,0,N,0,N,0,N,0.99255896,0.99255896,0.0011776512,4.1761177e-05,0.0033464092,0.0018855534,0.00029150344,6.798921e-05,0.00063009554
1185,114_00929,114,929,0,N,0,N,0,N,0.9937142,0.9937142,0.00034168962,3.6519275e-05,0.0029193265,0.0019686774,0.0002109364,6.0081962e-05,0.0007486426
1186,114_00930,114,930,0,N,0,N,0,N,0.98438543,0.98438543,0.0027812256,6.216854e-05,0.0074684005,0.0022647157,0.00018829915,0.00014877404,0.0027009933
1187,114_00931,114,931,0,N,0,N,0,N,0.989101,0.989101,0.0016480371,4.9998198e-05,0.005156038,0.0021055036,0.00021014405,0.00010328152,0.0016260237
1188,114_00932,114,932,0,N,0,N,0,N,0.9913087,0.9913087,0.0009433472,4.68605e-05,0.00405534,0.0021698184,0.00019935676,8.719083e-05,0.0011894245
1189,114_00933,114,933,0,N,0,N,0,N,0.9933648,0.9933648,0.00030779006,3.7534857e-05,0.002984181,0.0021927645,0.00022427575,6.197707e-05,0.0008267231
1190,114_00934,114,934,0,N,0,N,0,N,0.9913223,0.9913223,0.0008701388,4.3094944e-05,0.0041105114,0.0020629545,0.00020490332,8.136364e-05,0.0013047585
1191,114_00935,114,935,0,N,0,N,0,N,0.98795235,0.98795235,0.0018511126,4.84838e-05,0.005810692,0.0020320658,0.0001900159,0.000107828935,0.0020074015
1192,114_00936,114,936,0,N,0,N,0,N,0.98766136,0.98766136,0.001987523,4.9738846e-05,0.0059453896,0.0019436346,0.00020146348,0.00011021058,0.0021007208
1193,114_00937,114,937,0,N,0,N,0,N,0.97309613,0.97309613,0.0105448775,7.26625e-05,0.0107224025,0.0023431852,0.00028572965,0.00018530792,0.0027496822
1194,114_00938,114,938,0,N,0,N,0,N,0.9858634,0.9858634,0.0030274473,5.2789692e-05,0.0066999905,0.0019911749,0.00019907448,0.000122664,0.0020434246
1195,114_00939,114,939,0,N,0,N,0,N,0.9868755,0.9868755,0.0032525826,5.1527884e-05,0.0058928374,0.002007721,0.0002599468,0.00011264399,0.0015473396
1196,114_00940,114,940,0,N,0,N,0,N,0.9914546,0.9914546,0.00053290743,4.3825174e-05,0.004056939,0.0020722318,0.00018837895,8.134634e-05,0.0015697378
1197,114_00941,114,941,0,N,0,N,0,N,0.98955256,0.98955256,0.0012263927,4.6546575e-05,0.005065665,0.001982318,0.00018761402,9.536011e-05,0.0018435583
1198,114_00942,114,942,0,N,0,N,0,N,0.98838705,0.98838705,0.00196841,4.7009242e-05,0.0055584097,0.0019995281,0.00019916634,0.000103368126,0.0017370197
1199,114_00943,114,943,0,N,0,N,0,N,0.98797715,0.98797715,0.0024247398,4.968732e-05,0.0057087755,0.0018284377,0.0002140849,0.000106443724,0.0016906084
1200,114_00944,114,944,0,N,0,N,0,N,0.9902276,0.9902276,0.0016256263,4.6095025e-05,0.00460883,0.0018483723,0.00022597703,9.0275156e-05,0.0013272372
1201,114_00945,114,945,0,N,0,N,0,N,0.99394923,0.99394923,0.00020652871,3.5767804e-05,0.002822676,0.0019020811,0.00018672555,5.6546625e-05,0.0008405062
1202,114_00946,114,946,0,N,0,N,0,N,0.99514574,0.99514574,0.00018601611,3.1931282e-05,0.0022226514,0.0017068187,0.00021143477,4.5928457e-05,0.00044946387
1203,114_00947,114,947,0,N,0,N,0,N,0.994583,0.994583,0.00019115423,3.470232e-05,0.0024034479,0.0020094817,0.0002117962,5.1523442e-05,0.00051483634
1204,114_00948,114,948,0,N,0,N,0,N,0.99580795,0.99580795,0.00016227872,2.6242586e-05,0.0018303024,0.001605906,0.00027007237,3.7115176e-05,0.0002602167
1205,114_00949,114,949,0,N,0,N,0,N,0.98807496,0.98807496,0.002921478,5.20962e-05,0.0053003924,0.0020765762,0.00026655488,0.000105661595,0.0012022892
1206,114_00950,114,950,0,N,0,N,0,N,0.9906265,0.9906265,0.0014975447,4.4363846e-05,0.0044617024,0.0018405593,0.00023271787,8.4912266e-05,0.0012116482
1207,114_00951,114,951,0,N,0,N,0,N,0.94314784,0.94314784,0.034666047,9.723703e-05,0.015925132,0.002908336,0.00044468013,0.00023553421,0.0025751519
1208,114_00952,114,952,0,N,0,N,0,N,0.9895554,0.9895554,0.0023216915,4.5747212e-05,0.0047806567,0.00184124,0.00025845686,8.888862e-05,0.0011079012
1209,114_00953,114,953,0,N,0,N,0,N,0.9911809,0.9911809,0.0016974256,4.2694926e-05,0.0039311806,0.0018978717,0.00033956475,7.488664e-05,0.0008353647
1210,114_00954,114,954,0,N,0,N,0,N,0.9912707,0.9912707,0.00091571425,4.3874836e-05,0.004214184,0.0019107616,0.00019955721,8.199658e-05,0.0013630856
1211,114_00955,114,955,0,N,0,N,0,N,0.9892828,0.9892828,0.0012652931,5.0100236e-05,0.0051736357,0.002010534,0.0001868947,0.000101279984,0.0019295459
1212,114_00956,114,956,0,N,0,N,0,N,0.99168503,0.99168503,0.00089487224,4.4142525e-05,0.0039650835,0.0019394004,0.00020858186,7.928888e-05,0.0011836084
1213,114_00957,114,957,0,N,0,N,0,N,0.99411327,0.99411327,0.00023403372,3.5984278e-05,0.0026061668,0.002122782,0.00024412692,5.491512e-05,0.0005886682
1214,114_00958,114,958,0,N,0,N,0,N,0.98057216,0.98057216,0.0062379446,6.538787e-05,0.008202149,0.0023285542,0.00027600428,0.00015857168,0.0021592316
1215,114_00959,114,959,0,N,0,N,0,N,0.9715741,0.9715741,0.010869824,7.737189e-05,0.011445282,0.0023567071,0.00028945133,0.00020076016,0.0031864147
1216,114_00960,114,960,0,N,0,N,0,N,0.93386173,0.93386173,0.03693514,0.00011882069,0.020661332,0.0029391763,0.00040992376,0.00032033102,0.004753569
1217,114_00961,114,961,0,N,0,N,0,N,0.988372,0.988372,0.0013565046,4.889265e-05,0.005638041,0.0019205333,0.00020490229,0.00010345097,0.002355637
1218,114_00962,114,962,0,N,0,N,0,N,0.98652107,0.98652107,0.0022884107,5.163844e-05,0.0064249053,0.0019642808,0.00020853602,0.00011838229,0.002422716
1219,114_00963,114,963,0,N,0,N,0,N,0.9918658,0.9918658,0.00055341277,4.044543e-05,0.0039617214,0.0019089999,0.00017418347,7.5110605e-05,0.001420318
1220,114_00964,114,964,0,N,0,N,0,N,0.9784208,0.9784208,0.007269002,6.4388485e-05,0.0091214795,0.0021924844,0.00026698137,0.00016166188,0.0025031508
1221,114_00965,114,965,0,N,0,N,0,N,0.9733944,0.9733944,0.010833269,7.0298156e-05,0.010475519,0.0022706974,0.0002901809,0.0001747059,0.002490882
1222,114_00966,114,966,0,N,0,N,0,N,0.9532099,0.9532099,0.025890341,9.208883e-05,0.014657417,0.0028161732,0.0003820295,0.0002306285,0.0027215306
1223,114_00967,114,967,0,N,0,N,0,N,0.91306055,0.91306055,0.058511626,0.00013338575,0.020892212,0.0039309906,0.00053412997,0.00031138345,0.0026257187
1224,114_00968,114,968,0,N,0,N,0,N,0.9670546,0.9670546,0.017628437,8.783862e-05,0.010459819,0.002783695,0.00039950525,0.00017815306,0.0014079621
1225,114_00969,114,969,0,N,0,N,0,N,0.9937089,0.9937089,0.00035770907,4.1358184e-05,0.0028391404,0.002020982,0.00021859311,6.452222e-05,0.00074877066
1226,114_00970,114,970,0,N,0,N,0,N,0.9932989,0.9932989,8.6751905e-05,3.8769038e-05,0.0028031846,0.0027635652,0.00017957558,5.5581448e-05,0.0007736582
1227,114_00971,114,971,0,N,0,N,0,N,0.98550665,0.98550665,0.00038135058,6.914477e-05,0.006122617,0.003631596,0.00018195363,0.00013454615,0.003972078
1228,114_00972,114,972,0,N,0,N,0,N,0.98764974,0.98764974,0.0010064399,5.0008228e-05,0.0059463577,0.0023373207,0.00017367199,0.00011206949,0.0027243823
1229,114_00973,114,973,0,N,0,N,0,N,0.9540327,0.9540327,0.023120401,9.587975e-05,0.015780125,0.0025906672,0.00035685397,0.00025282928,0.0037704057
1230,114_00974,114,974,0,N,0,N,0,N,0.96111447,0.96111447,0.01868938,9.478565e-05,0.013677977,0.0026792812,0.00035314338,0.0002400609,0.0031509115
1231,114_00975,114,975,0,N,0,N,0,N,0.9407104,0.9407104,0.033787165,0.000115068244,0.017922979,0.003016981,0.00043553565,0.00029658648,0.003715325
1232,114_00976,114,976,0,N,0,N,0,N,0.982341,0.982341,0.0040646596,6.2926796e-05,0.008127755,0.002101243,0.00022210603,0.00015570092,0.00292468
1233,114_00977,114,977,0,N,0,N,0,N,0.9855679,0.9855679,0.003395441,5.30152e-05,0.006597008,0.0020153683,0.00023076261,0.00012350312,0.0020170198
1234,114_00978,114,978,0,N,0,N,0,N,0.9847181,0.9847181,0.003586897,5.405348e-05,0.007082127,0.0020683412,0.00021072628,0.00013006561,0.0021495987
1235,114_00979,114,979,0,N,0,N,0,N,0.98416346,0.98416346,0.005153609,5.5337812e-05,0.0066237296,0.0022278118,0.00027867017,0.00012294349,0.0013743285
1236,114_00980,114,980,0,N,0,N,0,N,0.97837025,0.97837025,0.008616361,7.072486e-05,0.008540299,0.002294697,0.0002951361,0.00015526275,0.0016572197
1237,114_00981,114,981,0,N,0,N,0,N,0.98782027,0.98782027,0.0026433952,5.1786537e-05,0.005579596,0.0020224375,0.0002331578,0.00011093573,0.0015383449
1238,114_00982,114,982,0,N,0,N,0,N,0.9941438,0.9941438,0.00017571669,3.3967626e-05,0.0027068688,0.001965349,0.00019523005,5.3326323e-05,0.0007256835
1239,114_00983,114,983,0,N,0,N,0,N,0.99363774,0.99363774,0.00027396544,3.6524685e-05,0.002985653,0.0019322111,0.0001839596,6.0348724e-05,0.0008896532
1240,114_00984,114,984,0,N,0,N,0,N,0.99420935,0.99420935,0.00018234969,3.6422105e-05,0.0025878227,0.0020595603,0.00018194251,5.5737648e-05,0.00068675453
1241,114_00985,114,985,0,N,0,N,0,N,0.99534935,0.99534935,3.1456133e-05,2.6034615e-05,0.0016944724,0.0024209418,0.00021825558,3.213969e-05,0.00022733634
1242,114_00986,114,986,0,N,0,N,0,N,0.9931077,0.9931077,7.4067095e-05,4.325791e-05,0.0027172717,0.0031012574,0.00017505008,5.8417707e-05,0.00072300463
1243,114_00987,114,987,0,N,0,N,0,N,0.99201405,0.99201405,9.5241056e-05,4.6692854e-05,0.0032137223,0.0032841922,0.00017772208,6.809142e-05,0.0011003069
1244,114_00988,114,988,0,N,0,N,0,N,0.99384654,0.99384654,6.767123e-05,3.6922545e-05,0.0025427404,0.002651802,0.00018083597,4.9781185e-05,0.0006236539
1245,114_00989,114,989,0,N,0,N,0,N,0.99376595,0.99376595,0.0001362601,4.340241e-05,0.0026809913,0.0023348245,0.00016265408,6.2159525e-05,0.0008137188
1246,114_00990,114,990,0,N,0,N,0,N,0.99479115,0.99479115,0.0002239593,3.4750952e-05,0.002268287,0.0019520642,0.00023769967,5.0228795e-05,0.00044191477
1247,114_00991,114,991,0,N,0,N,0,N,0.99517286,0.99517286,0.00013047695,3.12379e-05,0.0020074928,0.0020334222,0.0002491661,4.354667e-05,0.00033181286
1248,114_00992,114,992,0,N,0,N,0,N,0.99014986,0.99014986,0.0005851039,5.0553674e-05,0.0047251442,0.0021290155,0.00016912856,9.6675285e-05,0.0020945014
1249,114_00993,114,993,0,N,0,N,0,N,0.99133646,0.99133646,0.000455946,4.493593e-05,0.0041113268,0.0020873835,0.00017340749,8.3248815e-05,0.0017072558
1250,114_00994,114,994,0,N,0,N,0,N,0.9919039,0.9919039,4.8705115e-05,4.2077947e-05,0.0030788437,0.0037499429,0.00016018648,5.56913e-05,0.0009606598
1251,114_00995,114,995,0,N,0,N,0,N,0.99612004,0.99612004,2.4829555e-05,2.2240032e-05,0.0014740201,0.0019557544,0.00019397851,2.6777956e-05,0.00018227566
1252,114_00996,114,996,0,N,0,N,0,N,0.99303055,0.99303055,6.4050664e-06,2.5343355e-05,0.0018691554,0.004533559,0.0003919934,2.8988876e-05,0.00011400144
1253,114_00997,114,997,0,N,0,N,0,N,0.9934868,0.9934868,2.0475398e-05,3.2873257e-05,0.002110331,0.0037840535,0.00022891145,3.7471116e-05,0.00029903583
1254,114_00998,114,998,0,N,0,N,0,N,0.99162,0.99162,7.7715056e-05,4.4547127e-05,0.0033571562,0.003575104,0.00017253781,6.523919e-05,0.0010876926
1255,114_00999,114,999,0,N,0,N,0,N,0.9901904,0.9901904,0.00042376012,5.2428266e-05,0.0044842414,0.0026986704,0.00016759678,9.803001e-05,0.0018848635
1256,114_01000,114,1000,0,N,0,N,0,N,0.9905716,0.9905716,0.000596993,4.663247e-05,0.004406104,0.0023908452,0.00018240522,9.155629e-05,0.0017138605
1257,114_01001,114,1001,0,N,0,N,0,N,0.99154377,0.99154377,0.00034949902,4.3446955e-05,0.003978098,0.0021983415,0.00016416362,7.991232e-05,0.0016427803
1258,114_01002,114,1002,0,N,0,N,0,N,0.99189824,0.99189824,0.0007871954,4.0639887e-05,0.0039208885,0.0018550467,0.00017104842,7.60358e-05,0.0012510268
1259,114_01003,114,1003,0,N,0,N,0,N,0.9934355,0.9934355,0.0001014312,3.5863715e-05,0.0028824054,0.0024438591,0.00013840196,5.564107e-05,0.000906909
1260,114_01004,114,1004,0,N,0,N,0,N,0.9950113,0.9950113,0.00023479198,3.0793075e-05,0.0022657358,0.0016816665,0.0002551851,4.566106e-05,0.0004747739
1261,114_01005,114,1005,0,N,0,N,0,N,0.98991245,0.98991245,0.0002588864,5.5111635e-05,0.004399892,0.0029379476,0.00016428647,9.562387e-05,0.002175833
1262,114_01006,114,1006,0,N,0,N,0,N,0.9927491,0.9927491,0.00020251538,4.1699128e-05,0.003326495,0.0021976454,0.0001656455,6.844734e-05,0.0012483544
1263,114_01007,114,1007,0,N,0,N,0,N,0.99181443,0.99181443,0.00018492142,4.776446e-05,0.0035765008,0.0025695672,0.00018678422,7.5795324e-05,0.0015441497
1264,114_01008,114,1008,0,N,0,N,0,N,0.9919808,0.9919808,0.00011197389,4.4314645e-05,0.003404152,0.0029457642,0.00016733618,6.781567e-05,0.001277769
1265,114_01009,114,1009,0,N,0,N,0,N,0.9898907,0.9898907,0.0007118181,4.6344074e-05,0.0048197364,0.0022096958,0.000169631,9.470308e-05,0.002057261
1266,114_01010,114,1010,0,N,0,N,0,N,0.98938805,0.98938805,0.0016382913,4.7773006e-05,0.0050296467,0.0021038635,0.00020534289,9.9657555e-05,0.001487365
1267,114_01011,114,1011,0,N,0,N,0,N,0.9879629,0.9879629,0.001873353,4.7229383e-05,0.005855446,0.0019827352,0.00018042563,0.00010700156,0.001990993
1268,114_01012,114,1012,0,N,0,N,0,N,0.98832166,0.98832166,0.0010714898,4.9973198e-05,0.005573265,0.0021655178,0.00019377413,0.00010729357,0.0025169821
1269,114_01013,114,1013,0,N,0,N,0,N,0.9902557,0.9902557,0.00049158145,4.6420402e-05,0.004592008,0.002076134,0.00019214574,8.815306e-05,0.002257828
1270,114_01014,114,1014,0,N,0,N,0,N,0.9887283,0.9887283,0.0005246571,5.2441093e-05,0.0052616103,0.0022238188,0.0001718461,0.00010362721,0.0029338233
1271,114_01015,114,1015,0,N,0,N,0,N,0.99061954,0.99061954,0.0008882867,4.496857e-05,0.004571324,0.001985421,0.00018210396,8.7758825e-05,0.0016205453
1272,114_01016,114,1016,0,N,0,N,0,N,0.9933528,0.9933528,0.0002052267,3.9293085e-05,0.0031058176,0.0020075159,0.00017406106,6.308909e-05,0.0010522207
1273,114_01017,114,1017,0,N,0,N,0,N,0.9929575,0.9929575,0.00043283348,3.917185e-05,0.003357402,0.0018012453,0.00023662724,6.5294225e-05,0.001109951
1274,114_01018,114,1018,0,N,0,N,0,N,0.98775333,0.98775333,0.0005841226,5.6295514e-05,0.0056283707,0.0022983633,0.00017712252,0.00011227487,0.0033900829
1275,114_01019,114,1019,0,N,0,N,0,N,0.9881559,0.9881559,0.0019264916,4.9957715e-05,0.0056614773,0.0019735524,0.00019499041,0.000107992775,0.0019294593
1276,114_01020,114,1020,0,N,0,N,0,N,0.9911738,0.9911738,0.0011310576,5.1121828e-05,0.0040302575,0.0020988681,0.00022473621,9.118267e-05,0.001199151
1277,114_01021,114,1021,0,N,0,N,0,N,0.9964273,0.9964273,4.4704215e-05,1.9899258e-05,0.0013799907,0.0017131657,0.00023401274,2.6796513e-05,0.00015415461
1278,114_01022,114,1022,0,N,0,N,0,N,0.9954368,0.9954368,7.1543225e-05,2.9032995e-05,0.0019912617,0.0018561175,0.00020501712,3.8481296e-05,0.0003717473
1279,114_01023,114,1023,0,N,0,N,0,N,0.99400723,0.99400723,0.0005157163,3.750687e-05,0.0027962946,0.0017004298,0.00026108875,5.788495e-05,0.000623769
1280,114_01024,114,1024,0,N,0,N,0,N,0.99227595,0.99227595,0.00050368934,4.8156704e-05,0.003688076,0.0020593165,0.00016626307,8.166778e-05,0.0011769596
1281,114_01025,114,1025,0,N,0,N,0,N,0.99002075,0.99002075,0.002668129,5.235983e-05,0.004273155,0.0019273848,0.00028179726,8.8996174e-05,0.0006874557
1282,114_01026,114,1026,0,N,0,N,0,N,0.9949268,0.9949268,0.00030483512,3.2852942e-05,0.002157177,0.0018357842,0.000324058,4.7289424e-05,0.0003712278
1283,114_01027,114,1027,0,N,0,N,0,N,0.9898679,0.9898679,0.0016084204,5.0622442e-05,0.004755634,0.002034025,0.00022763171,9.816177e-05,0.0013575202
1284,114_01028,114,1028,0,N,0,N,0,N,0.94745296,0.94745296,0.029449698,0.0001009407,0.016263574,0.0028534413,0.0004041993,0.00025854402,0.0032166396
1285,114_01029,114,1029,0,N,0,N,0,N,0.91877735,0.91877735,0.051017974,0.00012402398,0.022013854,0.003001972,0.00047729383,0.00031799337,0.004269542
1286,114_01030,114,1030,0,N,0,N,0,N,0.97245383,0.97245383,0.010019831,7.550659e-05,0.011309508,0.0022949942,0.00027904863,0.00019851852,0.0033689397
1287,114_01031,114,1031,0,N,0,N,0,N,0.9763647,0.9763647,0.007582121,7.113399e-05,0.010121992,0.0022309197,0.00025389707,0.00018345128,0.003191845
1288,114_01032,114,1032,0,N,0,N,0,N,0.99065226,0.99065226,0.0013068855,4.6795452e-05,0.004471744,0.0019266766,0.00020560194,8.9120054e-05,0.0013009167
1289,114_01033,114,1033,0,N,0,N,0,N,0.99115914,0.99115914,0.00090371893,4.5636705e-05,0.004223619,0.001943341,0.00021212934,8.4159496e-05,0.0014282903
1290,114_01034,114,1034,0,N,0,N,0,N,0.9912729,0.9912729,0.0008296039,4.3687796e-05,0.004205357,0.0019700988,0.00018047608,8.297384e-05,0.0014148942
1291,114_01035,114,1035,0,N,0,N,0,N,0.98987514,0.98987514,0.0014322428,4.742823e-05,0.004865737,0.0020159623,0.00018933481,9.518909e-05,0.0014789584
1292,114_01036,114,1036,0,N,0,N,0,N,0.94661623,0.94661623,0.033889107,0.00010481423,0.013742594,0.0034679498,0.00049490744,0.00021679442,0.0014676377
1293,114_01037,114,1037,0,N,0,N,0,N,0.9785139,0.9785139,0.010061193,7.047258e-05,0.0074495096,0.0024452722,0.00037487273,0.00013246264,0.0009523721
1294,114_01038,114,1038,0,N,0,N,0,N,0.99183637,0.99183637,0.0012193467,4.62383e-05,0.0036997995,0.0019771087,0.00028041858,7.8558565e-05,0.0008622233
1295,114_01039,114,1039,0,N,0,N,0,N,0.9936473,0.9936473,0.00028270466,3.7438804e-05,0.0029140052,0.0020016178,0.00023321589,5.9542435e-05,0.00082412275
1296,114_01040,114,1040,0,N,0,N,0,N,0.9841418,0.9841418,0.0025183025,5.6072997e-05,0.007494882,0.0021524886,0.00020393894,0.00013771854,0.003294677
1297,114_01041,114,1041,0,N,0,N,0,N,0.98589844,0.98589844,0.0021947834,5.2226515e-05,0.0066880803,0.0020351587,0.00021507443,0.00012226088,0.0027941712
1298,114_01042,114,1042,0,N,0,N,0,N,0.97223127,0.97223127,0.009679671,7.438263e-05,0.011449191,0.002317359,0.00029185842,0.00020105274,0.0037551513
1299,114_01043,114,1043,0,N,0,N,0,N,0.9881473,0.9881473,0.0012968398,4.9666793e-05,0.005727,0.0020385047,0.0001941689,0.00010690646,0.002439565
1300,114_01044,114,1044,0,N,0,N,0,N,0.98951286,0.98951286,0.0012637349,4.7917478e-05,0.0050597237,0.0020505488,0.00018837415,9.815446e-05,0.0017787033
1301,114_01045,114,1045,0,N,0,N,0,N,0.9927912,0.9927912,0.00035810028,3.7900216e-05,0.003446266,0.0020284464,0.00016994415,6.810533e-05,0.0011001222
1302,114_01046,114,1046,0,N,0,N,0,N,0.991731,0.991731,0.00064499903,4.1479558e-05,0.004041672,0.0019445491,0.00016564202,7.859675e-05,0.0013520818
1303,114_01047,114,1047,0,N,0,N,0,N,0.9904329,0.9904329,0.0006697735,4.4719432e-05,0.0045928955,0.0021662326,0.00017237959,9.0035486e-05,0.0018311244
1304,114_01048,114,1048,0,N,0,N,0,N,0.9915643,0.9915643,0.00029718585,4.4156182e-05,0.0038536799,0.0023544393,0.00015935226,7.9881516e-05,0.0016471692
1305,114_01049,114,1049,0,N,0,N,0,N,0.9910026,0.9910026,0.00015762044,4.5581313e-05,0.0038099324,0.0030737312,0.00015442091,7.754862e-05,0.0016786491
1306,114_01050,114,1050,0,N,0,N,0,N,0.99351966,0.99351966,0.00011161538,3.5493747e-05,0.0029570314,0.0021693364,0.0001659984,5.468124e-05,0.0009863296
1307,114_01051,114,1051,0,N,0,N,0,N,0.99154705,0.99154705,0.00024377275,4.5728473e-05,0.0038347254,0.0023459534,0.00016581596,7.8670884e-05,0.0017383249
1308,114_01052,114,1052,0,N,0,N,0,N,0.9938022,0.9938022,0.00013340854,3.4509798e-05,0.0028878807,0.0020651815,0.00014830983,5.4919303e-05,0.0008735935
1309,114_01053,114,1053,0,N,0,N,0,N,0.9927912,0.9927912,0.00062869175,4.0128416e-05,0.003427647,0.0018937145,0.00021615073,6.872568e-05,0.0009336844
1310,114_01054,114,1054,0,N,0,N,0,N,0.99348366,0.99348366,0.00036829812,3.7973667e-05,0.0029601771,0.0021244055,0.0001970885,6.351428e-05,0.00076486665
1311,114_01055,114,1055,0,N,0,N,0,N,0.9894071,0.9894071,0.0020770412,4.7191323e-05,0.0048156385,0.0020869956,0.00027475876,9.3527444e-05,0.0011977005
1312,114_01056,114,1056,0,N,0,N,0,N,0.96397644,0.96397644,0.015615695,8.794709e-05,0.0136820255,0.0025753712,0.00030511944,0.00023542593,0.003521994
1313,114_01057,114,1057,0,N,0,N,0,N,0.98630685,0.98630685,0.0031472547,5.5223158e-05,0.0062852115,0.0020272895,0.00021901274,0.00012273276,0.0018364857
1314,114_01058,114,1058,0,N,0,N,0,N,0.9923796,0.9923796,0.00025896644,4.77331e-05,0.0033576265,0.0023608606,0.00019294351,7.62452e-05,0.001326104
1315,114_01059,114,1059,0,N,0,N,0,N,0.9941035,0.9941035,2.1075304e-05,3.0165813e-05,0.0020553935,0.0032112922,0.00022941163,3.4006112e-05,0.00031511296
1316,114_01060,114,1060,0,N,0,N,0,N,0.9888599,0.9888599,8.338144e-05,5.365018e-05,0.004345168,0.0046273526,0.00016819933,8.115039e-05,0.0017812756
1317,114_01061,114,1061,0,N,0,N,0,N,0.9919658,0.9919658,0.00016037625,4.3927797e-05,0.003535688,0.0026813168,0.00015363118,7.1908726e-05,0.0013874279
1318,114_01062,114,1062,0,N,0,N,0,N,0.9904228,0.9904228,0.00096776517,5.0475872e-05,0.0045726704,0.0022117652,0.00018567522,9.705366e-05,0.0014918356
1319,114_01063,114,1063,0,N,0,N,0,N,0.9925725,0.9925725,0.0006501008,4.6148736e-05,0.0034460083,0.0020944036,0.00019848144,7.8322395e-05,0.0009140444
1320,114_01064,114,1064,0,N,0,N,0,N,0.99392426,0.99392426,0.000551785,3.7910773e-05,0.0028438072,0.0017240134,0.00024888362,5.9545517e-05,0.00060990424
1321,114_01065,114,1065,0,N,0,N,0,N,0.99562997,0.99562997,0.00013848972,2.6313523e-05,0.0019150343,0.0017248356,0.00023708903,3.8328544e-05,0.0002900366
1322,114_01066,114,1066,0,N,0,N,0,N,0.99549544,0.99549544,5.771494e-05,2.7010465e-05,0.0018518772,0.0020404432,0.00018699034,3.65438e-05,0.00030393526
1323,114_01067,114,1067,0,N,0,N,0,N,0.9954989,0.9954989,0.0001337633,2.655789e-05,0.0018932596,0.001868843,0.00024975408,3.8676302e-05,0.0002902829
1324,114_01068,114,1068,0,N,0,N,0,N,0.99535215,0.99535215,9.3238516e-05,2.7082844e-05,0.001927247,0.0019876908,0.000245573,3.8093767e-05,0.00032895632
1325,114_01069,114,1069,0,N,0,N,0,N,0.98934644,0.98934644,0.000733942,4.858329e-05,0.005032415,0.002253006,0.0001840664,9.985371e-05,0.002301683
1326,114_01070,114,1070,0,N,0,N,0,N,0.99019426,0.99019426,0.00073367025,4.5108023e-05,0.0047332603,0.0021133188,0.00017014453,9.130678e-05,0.0019189457
1327,114_01071,114,1071,0,N,0,N,0,N,0.98473895,0.98473895,0.0037541175,5.3761687e-05,0.0069934875,0.0021028828,0.0002155944,0.00012894385,0.0020122908
1328,114_01072,114,1072,0,N,0,N,0,N,0.9835591,0.9835591,0.005157254,5.769134e-05,0.007059538,0.0021643252,0.00025918023,0.00013133037,0.0016116343
1329,114_01073,114,1073,0,N,0,N,0,N,0.98781085,0.98781085,0.0033264174,4.789947e-05,0.0054137683,0.0018866907,0.00026933395,9.7738026e-05,0.0011472239
1330,114_01074,114,1074,0,N,0,N,0,N,0.991361,0.991361,0.00077222585,4.3490472e-05,0.004154848,0.0019668166,0.00019636267,8.1567196e-05,0.0014237196
1331,114_01075,114,1075,0,N,0,N,0,N,0.9904518,0.9904518,0.0005410409,4.5219134e-05,0.004545369,0.0021805188,0.00016303848,8.991638e-05,0.0019830165
1332,114_01076,114,1076,0,N,0,N,0,N,0.9917617,0.9917617,0.00025600404,4.4139793e-05,0.0037013013,0.0024569684,0.00016340394,7.720341e-05,0.0015393714
1333,114_01077,114,1077,0,N,0,N,0,N,0.9902258,0.9902258,0.00046660894,4.9770406e-05,0.0044989637,0.0023685964,0.00017326757,9.46953e-05,0.0021222255
1334,114_01078,114,1078,0,N,0,N,0,N,0.9898699,0.9898699,0.0002279389,5.3328018e-05,0.0042864615,0.0030778488,0.00018327148,9.15452e-05,0.0022097104
1335,114_01079,114,1079,0,N,0,N,0,N,0.9906897,0.9906897,0.0005811378,4.6694062e-05,0.004439781,0.002254525,0.00016600266,9.081582e-05,0.0017313521
1336,114_01080,114,1080,0,N,0,N,0,N,0.99006605,0.99006605,0.0012083312,4.835805e-05,0.00476912,0.0021211507,0.00017965466,9.577005e-05,0.0015115619
1337,114_01081,114,1081,0,N,0,N,0,N,0.9934874,0.9934874,0.00068765786,3.9084323e-05,0.003045502,0.0017036861,0.00027910728,6.1963205e-05,0.0006956977
1338,114_01082,114,1082,0,N,0,N,0,N,0.9916848,0.9916848,0.0004868124,4.727741e-05,0.0038767718,0.0022238935,0.00017549966,8.491425e-05,0.0014201178
1339,114_01083,114,1083,0,N,0,N,0,N,0.9925978,0.9925978,0.0003225357,4.0783823e-05,0.0034572766,0.0021656172,0.00015209029,7.249689e-05,0.0011914064
1340,114_01084,114,1084,0,N,0,N,0,N,0.99520856,0.99520856,9.262572e-05,2.8296463e-05,0.001983216,0.002108581,0.0002187625,4.0823143e-05,0.00031907318
1341,114_01085,114,1085,0,N,0,N,0,N,0.9923298,0.9923298,4.7552643e-05,3.9053415e-05,0.002753895,0.003959897,0.00020037431,5.2049745e-05,0.00061743474
1342,114_01086,114,1086,0,N,0,N,0,N,0.9896449,0.9896449,0.00012899919,5.0938273e-05,0.0041314596,0.0040047737,0.00017117885,8.517134e-05,0.0017827092
1343,114_01087,114,1087,0,N,0,N,0,N,0.9867777,0.9867777,0.000232473,6.7772584e-05,0.0052223112,0.004064579,0.00018349958,0.000119908924,0.003331844
1344,114_01088,114,1088,0,N,0,N,0,N,0.9919856,0.9919856,0.0002279606,4.400629e-05,0.0035967138,0.0024663408,0.00015973103,7.582822e-05,0.0014439101
1345,114_01089,114,1089,0,N,0,N,0,N,0.9924713,0.9924713,9.8979435e-05,4.0995892e-05,0.0032598705,0.0027360064,0.00016788994,6.214477e-05,0.0011629468
1346,114_01090,114,1090,0,N,0,N,0,N,0.9928603,0.9928603,0.00012345932,4.1015366e-05,0.0031618776,0.0025074307,0.0001623333,6.317959e-05,0.0010804426
1347,114_01091,114,1091,0,N,0,N,0,N,0.9921736,0.9921736,3.034023e-05,3.7890874e-05,0.0031104165,0.0037531077,0.00017222122,4.647905e-05,0.0006758184
1348,114_01092,114,1092,0,N,0,N,0,N,0.993024,0.993024,5.8970094e-05,3.6703255e-05,0.0030181045,0.0027248885,0.0001710374,5.1643085e-05,0.0009145701
1349,114_01093,114,1093,0,N,0,N,0,N,0.9924593,0.9924593,4.9540566e-05,3.7364454e-05,0.00308189,0.0033473514,0.00016072036,5.1224266e-05,0.0008126287
1350,114_01094,114,1094,0,N,0,N,0,N,0.993292,0.993292,3.7943966e-05,3.465136e-05,0.0028228224,0.002941757,0.00015512816,4.4045544e-05,0.0006716598
1351,114_01095,114,1095,0,N,0,N,0,N,0.9961417,0.9961417,1.6142418e-05,1.8223554e-05,0.001620801,0.0018568067,0.00016910263,2.2710054e-05,0.0001544911
1352,114_01096,114,1096,0,N,0,N,0,N,0.9928106,0.9928106,2.4486371e-06,1.4017672e-05,0.0024066537,0.0042614085,0.0004319059,2.0016181e-05,5.3006075e-05
1353,114_01097,114,1097,0,N,0,N,0,N,0.9932735,0.9932735,2.9650696e-06,1.4358823e-05,0.002144687,0.004030115,0.00045637685,1.9897965e-05,5.8114645e-05
1354,114_01098,114,1098,0,N,0,N,0,N,0.9939912,0.9939912,6.0817197e-06,2.0543488e-05,0.0021135388,0.0034430884,0.00028258818,2.4676367e-05,0.00011835566
1355,114_01099,114,1099,0,N,0,N,0,N,0.99326265,0.99326265,7.2281678e-06,2.2575332e-05,0.0026406595,0.0036513894,0.00022719381,2.8244016e-05,0.00015993789
1356,114_01100,114,1100,0,N,0,N,0,N,0.99213964,0.99213964,7.779729e-06,2.9212471e-05,0.0024652726,0.0048062643,0.00036003732,3.411163e-05,0.00015773207
1357,114_01101,114,1101,0,N,0,N,0,N,0.9913427,0.9913427,7.0726783e-06,2.6385314e-05,0.0033484518,0.0047176853,0.0003379743,3.35688e-05,0.0001861938
1358,114_01102,114,1102,0,N,0,N,0,N,0.99330115,0.99330115,7.0410774e-06,2.2369093e-05,0.003058092,0.0031406994,0.00025984153,2.7313514e-05,0.00018348456
1359,114_01103,114,1103,0,N,0,N,0,N,0.99303246,0.99303246,2.662779e-06,1.4286737e-05,0.0037037244,0.0027517576,0.00040263825,1.9814446e-05,7.269033e-05
1360,114_01104,114,1104,0,N,0,N,0,N,0.99144256,0.99144256,4.365185e-06,1.950152e-05,0.004445617,0.0035534508,0.00036903188,2.7057731e-05,0.0001385223
1361,114_01105,114,1105,0,N,0,N,0,N,0.9889959,0.9889959,5.905257e-06,2.776146e-05,0.00445291,0.005822055,0.0004556684,3.6766734e-05,0.00020303446
1362,114_01106,114,1106,0,N,0,N,0,N,0.9898788,0.9898788,6.5973945e-06,3.0789084e-05,0.004015621,0.0054167164,0.00038088506,3.810507e-05,0.000232481
1363,114_01107,114,1107,0,N,0,N,0,N,0.99361336,0.99361336,5.105747e-06,2.0966027e-05,0.0027856252,0.0031013852,0.0003117927,2.4762847e-05,0.00013692158
1364,114_01108,114,1108,0,N,0,N,0,N,0.99071586,0.99071586,3.8832873e-06,1.856734e-05,0.004847388,0.0038503604,0.00039836884,2.6100377e-05,0.00013949524
1365,114_01109,114,1109,0,N,0,N,0,N,0.9888108,0.9888108,3.605248e-06,1.7672692e-05,0.006112872,0.004408371,0.00049179007,2.7529679e-05,0.0001272224
1366,114_01110,114,1110,0,N,0,N,0,N,0.9835339,0.9835339,8.072429e-06,2.6415419e-05,0.009369291,0.006207731,0.00042672473,4.2245585e-05,0.0003856637
1367,114_01111,114,1111,0,N,0,N,0,N,0.9886553,0.9886553,5.804535e-06,1.9708981e-05,0.0052243103,0.005489932,0.00039138467,3.1225936e-05,0.00018235574
1368,114_01112,114,1112,0,N,0,N,0,N,0.9893598,0.9893598,1.1933745e-05,2.9223587e-05,0.005568724,0.0042628925,0.0002616473,3.9164483e-05,0.0004665293
1369,114_01113,114,1113,0,N,0,N,0,N,0.99391377,0.99391377,7.6088036e-06,1.6842965e-05,0.0035585458,0.00208471,0.00021172455,2.283685e-05,0.00018405775
1370,114_01114,114,1114,0,N,0,N,0,N,0.990229,0.990229,3.748889e-06,1.7574253e-05,0.005158028,0.003985648,0.00045786827,2.6154687e-05,0.00012193482
1371,114_01115,114,1115,0,N,0,N,0,N,0.9906656,0.9906656,2.408177e-06,1.5406433e-05,0.00431825,0.0043458105,0.00056338916,2.3762732e-05,6.532001e-05
1372,114_01116,114,1116,0,N,0,N,0,N,0.99359107,0.99359107,2.5611303e-06,1.248696e-05,0.003112838,0.0028837556,0.00031648943,1.8212657e-05,6.256945e-05
1373,114_01117,114,1117,0,N,0,N,0,N,0.99109185,0.99109185,4.1483095e-06,1.805785e-05,0.0037821673,0.0045972513,0.00036502728,2.6530668e-05,0.000115036215
1374,114_01118,114,1118,0,N,0,N,0,N,0.9890863,0.9890863,1.1380584e-05,3.2249674e-05,0.0039637224,0.006178167,0.00033807248,4.2055606e-05,0.00034806106
1375,114_01119,114,1119,0,N,0,N,0,N,0.99140954,0.99140954,1.8142711e-05,3.137528e-05,0.004002283,0.0037375262,0.00020089938,3.951931e-05,0.0005608738
1376,114_01120,114,1120,0,N,0,N,0,N,0.9891876,0.9891876,2.3331593e-05,3.8146944e-05,0.0048215357,0.004824259,0.00021156891,4.9804024e-05,0.00084385433
1377,114_01121,114,1121,0,N,0,N,0,N,0.9900075,0.9900075,5.2814717e-06,2.28616e-05,0.0046039997,0.0047925524,0.00033993847,3.174467e-05,0.00019606447
1378,114_01122,114,1122,0,N,0,N,0,N,0.9938551,0.9938551,7.2597895e-06,2.1615397e-05,0.0027147306,0.0029569734,0.00024244195,2.5972857e-05,0.00017586329
1379,114_01123,114,1123,0,N,0,N,0,N,0.99165225,0.99165225,6.520563e-06,2.2737959e-05,0.0035961377,0.0041430076,0.00034650965,2.9309967e-05,0.0002035464
1380,114_01124,114,1124,0,N,0,N,0,N,0.9909874,0.9909874,6.2799254e-06,2.286778e-05,0.0041718343,0.0042467453,0.0003081435,3.0432864e-05,0.00022634871
1381,114_01125,114,1125,0,N,0,N,0,N,0.9919128,0.9919128,1.3721101e-05,2.8032078e-05,0.0039534224,0.0033946503,0.00021693234,3.4276512e-05,0.00044611262
1382,114_01126,114,1126,0,N,0,N,0,N,0.9885221,0.9885221,1.4435782e-05,3.505442e-05,0.006372136,0.003996413,0.00028126338,4.3312077e-05,0.0007352215
1383,114_01127,114,1127,0,N,0,N,0,N,0.9869566,0.9869566,1.2113202e-05,3.9170645e-05,0.0061375983,0.005831441,0.00039983558,4.8051315e-05,0.0005752942
1384,114_01128,114,1128,0,N,0,N,0,N,0.99100745,0.99100745,7.1820446e-06,2.488532e-05,0.00518807,0.0031450237,0.00028223338,3.115953e-05,0.00031396176
1385,114_01129,114,1129,0,N,0,N,0,N,0.9931903,0.9931903,4.409502e-06,1.5749823e-05,0.0042021605,0.002172651,0.0002579539,2.1681055e-05,0.00013525574
1386,114_01130,114,1130,0,N,0,N,0,N,0.9900937,0.9900937,3.0886638e-06,1.6302716e-05,0.0066729807,0.0026115486,0.0004723128,2.5260524e-05,0.0001047514
1387,114_01131,114,1131,0,N,0,N,0,N,0.9919582,0.9919582,2.3692444e-06,1.4373997e-05,0.0039415415,0.003554821,0.00044546704,2.1708704e-05,6.157986e-05
1388,114_01132,114,1132,0,N,0,N,0,N,0.9914788,0.9914788,3.6892568e-06,1.785769e-05,0.0032720407,0.00477682,0.00033719453,2.6414116e-05,8.714709e-05
1389,114_01133,114,1133,0,N,0,N,0,N,0.9938345,0.9938345,5.790688e-06,1.9762221e-05,0.001968298,0.0037615045,0.0002947531,2.4885107e-05,9.048499e-05
1390,114_01134,114,1134,0,N,0,N,0,N,0.99582916,0.99582916,1.910517e-05,2.2176637e-05,0.001558331,0.0021977425,0.00018174273,2.7010272e-05,0.0001646792
1391,114_01135,114,1135,0,N,0,N,0,N,0.99623585,0.99623585,1.1164351e-05,1.776415e-05,0.0014249985,0.0019861786,0.00018835803,2.0955391e-05,0.00011467467
1392,114_01136,114,1136,0,N,0,N,0,N,0.9943378,0.9943378,6.321248e-06,2.006097e-05,0.0016200553,0.0036482685,0.00025907464,2.43567e-05,8.4042185e-05
1393,114_01137,114,1137,0,N,0,N,0,N,0.99295247,0.99295247,1.3969599e-05,2.8264481e-05,0.0022971053,0.004194911,0.00023322247,3.4069097e-05,0.00024612207
1394,114_01138,114,1138,0,N,0,N,0,N,0.99414605,0.99414605,5.3612253e-05,3.6742593e-05,0.0022899194,0.0025891145,0.00025704913,4.5413948e-05,0.0005821612
1395,114_01139,114,1139,0,N,0,N,0,N,0.99211484,0.99211484,0.000153855,4.3938882e-05,0.003509592,0.0023534899,0.00017832963,6.807133e-05,0.0015778336
1396,114_01140,114,1140,0,N,0,N,0,N,0.9964873,0.9964873,7.658395e-05,1.8779843e-05,0.0014696885,0.0014533115,0.0002873116,2.5971332e-05,0.0001810547
1397,114_01141,114,1141,0,N,0,N,0,N,0.993235,0.993235,0.0010251462,4.0071194e-05,0.0032715793,0.0014030781,0.00027532902,6.195295e-05,0.000687915
1398,114_01142,114,1142,0,N,0,N,0,N,0.9962063,0.9962063,2.9311013e-05,2.0198933e-05,0.001677849,0.0016486628,0.00017994495,2.5824409e-05,0.00021189943
1399,114_01143,114,1143,0,N,0,N,0,N,0.9950655,0.9950655,2.0329235e-05,2.6148376e-05,0.0019930066,0.0023964422,0.00019783257,3.0125513e-05,0.00027059493
1400,114_01144,114,1144,0,N,0,N,0,N,0.99399024,0.99399024,1.0356675e-05,2.7077222e-05,0.0021023985,0.0033946384,0.00026957528,3.052817e-05,0.00017523239
1401,114_01145,114,1145,0,N,0,N,0,N,0.9945145,0.9945145,1.5708454e-05,2.803151e-05,0.0021530972,0.0027939647,0.00020335436,3.1314146e-05,0.0002598584
1402,114_01146,114,1146,0,N,0,N,0,N,0.99424225,0.99424225,2.2868855e-05,3.0971376e-05,0.002129256,0.0030182272,0.00019807366,3.5644163e-05,0.00032272484
1403,114_01147,114,1147,0,N,0,N,0,N,0.9932842,0.9932842,1.2782911e-05,3.3320004e-05,0.00237033,0.0037678243,0.00022986198,3.570435e-05,0.000266071
1404,114_01148,114,1148,0,N,0,N,0,N,0.99591875,0.99591875,1.104435e-05,1.9447727e-05,0.0014688219,0.0022463622,0.00019629634,2.2575467e-05,0.000116718074
1405,114_01149,114,1149,0,N,0,N,0,N,0.99564666,0.99564666,5.378304e-06,1.5954305e-05,0.0014697333,0.0024962528,0.00027737438,1.9356494e-05,6.932349e-05
1406,114_01150,114,1150,0,N,0,N,0,N,0.995906,0.995906,4.298571e-06,1.3665468e-05,0.0014860013,0.002270856,0.00024426787,1.7187087e-05,5.759899e-05
1407,114_01151,114,1151,0,N,0,N,0,N,0.9959132,0.9959132,5.5698542e-06,1.4906626e-05,0.0014755556,0.0022693102,0.00023042093,1.8156083e-05,7.293694e-05
1408,114_01152,114,1152,0,N,0,N,0,N,0.99494696,0.99494696,6.5258264e-06,1.7648168e-05,0.0018252631,0.0028271994,0.0002484218,2.1709378e-05,0.000106093
1409,114_01153,114,1153,0,N,0,N,0,N,0.9951912,0.9951912,6.439795e-06,1.7553088e-05,0.001690982,0.0027389664,0.00023406239,2.1071843e-05,9.970588e-05
1410,114_01154,114,1154,0,N,0,N,0,N,0.99560815,0.99560815,1.0253792e-05,1.750902e-05,0.0017176114,0.0022988084,0.00018838859,2.1387988e-05,0.00013780162
1411,114_01155,114,1155,0,N,0,N,0,N,0.99563503,0.99563503,3.40721e-06,1.1502361e-05,0.0015183619,0.0024863803,0.00028489085,1.5776415e-05,4.471274e-05
1412,114_01156,114,1156,0,N,0,N,0,N,0.99443847,0.99443847,4.2053874e-05,2.7055428e-05,0.0024093266,0.0024499558,0.00017465491,3.6745165e-05,0.00042164192
1413,114_01157,114,1157,0,N,0,N,0,N,0.99297357,0.99297357,3.6055288e-05,3.0843545e-05,0.0029759489,0.0031270995,0.00023975811,4.0924235e-05,0.00057574525
1414,114_01158,114,1158,0,N,0,N,0,N,0.9883875,0.9883875,0.0012067107,5.656821e-05,0.0055981944,0.0020816314,0.0001855184,0.00011376899,0.0023700574
1415,114_01159,114,1159,0,N,0,N,0,N,0.99228305,0.99228305,0.00020836,4.4396096e-05,0.0035779038,0.0020978793,0.00017690992,7.1543e-05,0.001539975
1416,114_01160,114,1160,0,N,0,N,0,N,0.99544156,0.99544156,8.521431e-05,3.0524818e-05,0.0019638808,0.0018587055,0.00021886402,4.0344592e-05,0.00036103543
1417,114_01161,114,1161,0,N,0,N,0,N,0.99207145,0.99207145,0.00032051772,4.3873188e-05,0.0037573176,0.0020115855,0.00016670204,7.6128534e-05,0.0015524513
1418,114_01162,114,1162,0,N,0,N,0,N,0.99444115,0.99444115,0.00017159639,3.322797e-05,0.0026025265,0.0018497766,0.00020554052,5.0874216e-05,0.0006453809
1419,114_01163,114,1163,0,N,0,N,0,N,0.9927841,0.9927841,0.00026232642,4.2086296e-05,0.0034057961,0.002013596,0.00017089353,7.007841e-05,0.0012511062
1420,114_01164,114,1164,0,N,0,N,0,N,0.9961089,0.9961089,2.622712e-05,2.0069754e-05,0.0015378941,0.0018972934,0.00020695377,2.560367e-05,0.00017708821
1421,114_01165,114,1165,0,N,0,N,0,N,0.994795,0.994795,1.9396162e-05,2.6465284e-05,0.0017498926,0.0028745595,0.00027886228,3.0186338e-05,0.00022562633
1422,114_01166,114,1166,0,N,0,N,0,N,0.99516684,0.99516684,0.00011405944,2.8196739e-05,0.0022015693,0.0017860396,0.00020678724,4.1507315e-05,0.0004549341
1423,114_01167,114,1167,0,N,0,N,0,N,0.98245126,0.98245126,0.004249472,6.13578e-05,0.00808081,0.0020634828,0.00021583246,0.00014986278,0.002727851
1424,114_01168,114,1168,0,N,0,N,0,N,0.9789706,0.9789706,0.005472236,6.834667e-05,0.009527675,0.0022349837,0.00021885228,0.00017907521,0.0033282344
1425,114_01169,114,1169,0,N,0,N,0,N,0.9729417,0.9729417,0.009368649,7.609139e-05,0.011253357,0.002319778,0.00027894962,0.0002027566,0.0035586061
1426,114_01170,114,1170,0,N,0,N,0,N,0.98630375,0.98630375,0.0020672926,5.574274e-05,0.006543377,0.002058465,0.00019742343,0.00012541853,0.002648506
1427,114_01171,114,1171,0,N,0,N,0,N,0.9918645,0.9918645,0.0008708423,4.500984e-05,0.003938169,0.0018532092,0.00018049219,8.0724254e-05,0.0011669572
1428,114_01172,114,1172,0,N,0,N,0,N,0.9964708,0.9964708,3.7198974e-05,2.0216614e-05,0.0014085368,0.001657759,0.0002258866,2.6543841e-05,0.00015300134
1429,114_01173,114,1173,0,N,0,N,0,N,0.9967036,0.9967036,1.7077267e-05,1.8126824e-05,0.0012216299,0.0016639703,0.00024649015,2.1470616e-05,0.000107643624
1430,114_01174,114,1174,0,N,0,N,0,N,0.995535,0.995535,6.30368e-06,2.093983e-05,0.001568612,0.0024285119,0.00032629448,2.2333359e-05,9.1987145e-05
1431,114_01175,114,1175,0,N,0,N,0,N,0.9936553,0.9936553,7.214659e-06,2.4154644e-05,0.0021894872,0.003591687,0.00035776928,2.7495198e-05,0.0001468383
1432,114_01176,114,1176,0,N,0,N,0,N,0.9904152,0.9904152,9.112032e-06,3.4097968e-05,0.0040370724,0.0047693346,0.00036581204,3.9614017e-05,0.00032975167
1433,114_01177,114,1177,0,N,0,N,0,N,0.991518,0.991518,1.4111468e-05,3.768923e-05,0.0043815672,0.0031667494,0.0002829781,3.956772e-05,0.0005593463
1434,114_01178,114,1178,0,N,0,N,0,N,0.9760935,0.9760935,1.1630278e-05,5.3283897e-05,0.015138871,0.0067437887,0.0010520773,6.7504094e-05,0.0008392136
1435,114_01179,114,1179,0,N,0,N,0,N,0.9789974,0.9789974,9.809931e-06,5.341027e-05,0.010253001,0.009169125,0.0008360853,6.5889195e-05,0.00061529037
1436,114_01180,114,1180,0,N,0,N,0,N,0.98521966,0.98521966,1.5953116e-05,4.7171558e-05,0.0060730856,0.0074548568,0.00037479817,5.7640573e-05,0.000756864
1437,114_01181,114,1181,0,N,0,N,0,N,0.9886781,0.9886781,1.653984e-05,4.028831e-05,0.0040263655,0.0063688583,0.00032401094,4.9377006e-05,0.0004965685
1438,114_01182,114,1182,0,N,0,N,0,N,0.99425215,0.99425215,3.2794207e-05,2.8117543e-05,0.0024755488,0.0025872102,0.00014348626,3.636606e-05,0.0004442711
1439,114_01183,114,1183,0,N,0,N,0,N,0.9938967,0.9938967,9.01714e-05,3.298847e-05,0.0027040846,0.0023578438,0.00016553266,5.0099425e-05,0.0007025831
1440,114_01184,114,1184,0,N,0,N,0,N,0.9941551,0.9941551,1.7900808e-05,2.4597279e-05,0.002266965,0.0030575981,0.00016286448,3.0491618e-05,0.00028452816
1441,114_01185,114,1185,0,N,0,N,0,N,0.9946499,0.9946499,5.3807064e-05,3.107569e-05,0.0023069878,0.0022341886,0.0001654522,4.1468946e-05,0.00051700487
1442,114_01186,114,1186,0,N,0,N,0,N,0.9954106,0.9954106,1.34275115e-05,2.0977466e-05,0.0015680293,0.0025851175,0.00023214017,2.4739971e-05,0.00014500081
1443,114_01187,114,1187,0,N,0,N,0,N,0.9939893,0.9939893,4.8457856e-05,3.3069915e-05,0.0025225717,0.0026053523,0.00018280062,4.363002e-05,0.0005748318
1444,114_01188,114,1188,0,N,0,N,0,N,0.9933554,0.9933554,0.00010101807,3.7848557e-05,0.0029481237,0.0024377394,0.00016320687,5.6801156e-05,0.00089988526
1445,114_01189,114,1189,0,N,0,N,0,N,0.9944656,0.9944656,6.247384e-05,3.3942317e-05,0.0023806044,0.002278823,0.00017473515,4.517563e-05,0.0005585681
1446,114_01190,114,1190,0,N,0,N,0,N,0.9937016,0.9937016,1.4734081e-05,2.8036176e-05,0.002418871,0.0033112883,0.00021413002,3.2435466e-05,0.00027890768
1447,114_01191,114,1191,0,N,0,N,0,N,0.9947313,0.9947313,8.643211e-06,2.0096488e-05,0.0017450628,0.0030570384,0.00029996858,2.4455243e-05,0.00011343234
1448,114_01192,114,1192,0,N,0,N,0,N,0.99245995,0.99245995,9.648305e-06,2.6440961e-05,0.0027863176,0.0042188796,0.0002382425,3.2283755e-05,0.00022831094
1449,114_01193,114,1193,0,N,0,N,0,N,0.9950194,0.9950194,1.2480475e-05,2.5587959e-05,0.0018225111,0.0026812002,0.00023326416,2.8014572e-05,0.00017760649
1450,114_01194,114,1194,0,N,0,N,0,N,0.99310136,0.99310136,6.6437005e-06,2.505994e-05,0.0023018369,0.004042104,0.0003520645,2.905607e-05,0.00014192333
1451,114_01195,114,1195,0,N,0,N,0,N,0.99430335,0.99430335,1.02963295e-05,2.508197e-05,0.002218722,0.002989608,0.00023129953,2.8387301e-05,0.00019339683
1452,114_01196,114,1196,0,N,0,N,0,N,0.99328667,0.99328667,1.0594076e-05,2.6837657e-05,0.0028237752,0.0033400357,0.00022896007,3.1432046e-05,0.00025164505
1453,114_01197,114,1197,0,N,0,N,0,N,0.9919671,0.9919671,1.2507193e-05,3.0188236e-05,0.002933327,0.0044456664,0.0002889872,3.6317757e-05,0.00028594665
1454,114_01198,114,1198,0,N,0,N,0,N,0.98955256,0.98955256,1.7988654e-05,4.0152412e-05,0.003987467,0.0055185854,0.00027687705,4.8103007e-05,0.0005581997
1455,114_01199,114,1199,0,N,0,N,0,N,0.9934745,0.9934745,5.9802027e-05,3.7928763e-05,0.0026930978,0.0027915875,0.0001779878,5.051709e-05,0.00071471924
1456,114_01200,114,1200,0,N,0,N,0,N,0.9937136,0.9937136,1.7964087e-05,3.6776488e-05,0.0020658395,0.0035841097,0.0002645862,3.8246162e-05,0.0002789329
1457,114_01201,114,1201,0,N,0,N,0,N,0.99584234,0.99584234,4.388516e-05,2.5835983e-05,0.0017641805,0.001814407,0.00020380304,3.276797e-05,0.00027291867
1458,114_01202,114,1202,0,N,0,N,0,N,0.99447626,0.99447626,7.707457e-06,2.3636338e-05,0.0019420058,0.0031155206,0.00026900938,2.6143785e-05,0.00013972857
1459,114_01203,114,1203,0,N,0,N,0,N,0.9922715,0.9922715,8.337261e-06,2.4122315e-05,0.0032013461,0.004006991,0.0002303075,3.0916297e-05,0.00022659705
1460,114_01204,114,1204,0,N,0,N,0,N,0.98794985,0.98794985,4.3450473e-06,2.5005405e-05,0.0042093107,0.007119927,0.00051325915,3.4568027e-05,0.00014372556
1461,114_01205,114,1205,0,N,0,N,0,N,0.9897399,0.9897399,3.6452684e-06,2.0154474e-05,0.004916732,0.0047182576,0.0004465815,2.897341e-05,0.00012577078
1462,114_01206,114,1206,0,N,0,N,0,N,0.98170066,0.98170066,4.9404184e-06,2.4019802e-05,0.0075808126,0.009677517,0.00078781234,3.9916977e-05,0.00018447128
1463,114_01207,114,1207,0,N,0,N,0,N,0.98522884,0.98522884,2.9463272e-06,1.7792874e-05,0.0059007695,0.007809276,0.0009245871,3.16151e-05,8.421805e-05
1464,114_01208,114,1208,0,N,0,N,0,N,0.9845604,0.9845604,2.825054e-06,1.5267073e-05,0.0060780807,0.008508601,0.0007240578,2.9661209e-05,8.106692e-05
1465,114_01209,114,1209,0,N,0,N,0,N,0.9884321,0.9884321,1.8389978e-06,1.215147e-05,0.0050396477,0.0056334683,0.00081769034,2.3856881e-05,3.9219292e-05
1466,114_01210,114,1210,0,N,0,N,0,N,0.98848563,0.98848563,1.7196061e-06,1.0791436e-05,0.005957588,0.0042576515,0.0012326405,2.4921497e-05,2.8992077e-05
1467,114_01211,114,1211,0,N,0,N,0,N,0.98546886,0.98546886,3.371349e-06,1.5633566e-05,0.008622522,0.004769717,0.0009934754,3.0374365e-05,9.615458e-05
1468,114_01212,114,1212,0,N,0,N,0,N,0.9776321,0.9776321,9.192524e-06,3.4426284e-05,0.009413239,0.011574844,0.0008567366,5.3594802e-05,0.0004259644
1469,114_01213,114,1213,0,N,0,N,0,N,0.9871413,0.9871413,9.656282e-06,2.8689392e-05,0.0045888056,0.007455022,0.00041924222,4.031671e-05,0.00031693166
1470,114_01214,114,1214,0,N,0,N,0,N,0.9913767,0.9913767,1.7011918e-05,3.1419873e-05,0.0034007798,0.0044843717,0.00020615297,3.9223898e-05,0.00044442047
1471,114_01215,114,1215,0,N,0,N,0,N,0.9948968,0.9948968,4.676095e-06,1.4900817e-05,0.0018220285,0.002901433,0.00026604842,1.9337951e-05,7.470252e-05
1472,114_01216,114,1216,0,N,0,N,0,N,0.99386466,0.99386466,2.9447572e-06,1.3792108e-05,0.0022116357,0.0034886084,0.00034167696,1.9098658e-05,5.7623194e-05
1473,114_01217,114,1217,0,N,0,N,0,N,0.9942254,0.9942254,9.687774e-06,2.1876043e-05,0.0018753555,0.0033947453,0.0003017845,2.6543703e-05,0.00014456955
1474,114_01218,114,1218,0,N,0,N,0,N,0.99328876,0.99328876,1.3771699e-05,2.6670059e-05,0.002345456,0.0038069512,0.0002484822,3.228866e-05,0.00023757438
1475,114_01219,114,1219,0,N,0,N,0,N,0.99105597,0.99105597,0.00033192907,4.8215985e-05,0.0041313968,0.0024223593,0.0001545922,8.733252e-05,0.0017682104
1476,114_01220,114,1220,0,N,0,N,0,N,0.9945305,0.9945305,0.00013155148,3.3405617e-05,0.0025447465,0.0019178139,0.00017863158,5.0114548e-05,0.00061333535
1477,114_01221,114,1221,0,N,0,N,0,N,0.9905869,0.9905869,0.00024506412,5.27177e-05,0.00409333,0.0027692115,0.0001857671,8.831467e-05,0.001978667
1478,114_01222,114,1222,0,N,0,N,0,N,0.98986053,0.98986053,0.0004974759,5.1096467e-05,0.0047367644,0.0023884422,0.00017104854,9.832454e-05,0.0021963527
1479,114_01223,114,1223,0,N,0,N,0,N,0.98673695,0.98673695,0.0020151355,5.209933e-05,0.006465645,0.0020869717,0.00017065568,0.00012072505,0.0023519127
1480,114_01224,114,1224,0,N,0,N,0,N,0.99482703,0.99482703,0.00018343933,3.3355056e-05,0.0023760218,0.0018157499,0.00020581883,4.934134e-05,0.0005093042
1481,114_01225,114,1225,0,N,0,N,0,N,0.995869,0.995869,1.7391607e-05,2.4378369e-05,0.001675909,0.0019837099,0.00020295371,2.6850215e-05,0.00019976035
1482,114_01226,114,1226,0,N,0,N,0,N,0.990248,0.990248,1.137392e-05,3.9211238e-05,0.003473607,0.005458443,0.0003839209,4.384387e-05,0.00034142984
1483,114_01227,114,1227,0,N,0,N,0,N,0.9873098,0.9873098,1.0589938e-05,4.0799576e-05,0.0038604895,0.007841153,0.00056313106,4.8479626e-05,0.000325463
1484,114_01228,114,1228,0,N,0,N,0,N,0.9921237,0.9921237,4.131151e-05,4.077309e-05,0.003001425,0.0037913695,0.00019782246,5.1912935e-05,0.0007516421
1485,114_01229,114,1229,0,N,0,N,0,N,0.9924095,0.9924095,0.000114075614,4.248931e-05,0.0033101444,0.002632338,0.0001618025,6.541054e-05,0.0012641875
1486,114_01230,114,1230,0,N,0,N,0,N,0.9928233,0.9928233,8.815779e-05,4.0141236e-05,0.0031348923,0.0025582765,0.00016947802,5.9169124e-05,0.0011265251
1487,114_01231,114,1231,0,N,0,N,0,N,0.9918473,0.9918473,0.00011014488,4.4345205e-05,0.003509929,0.0027514566,0.00017343085,6.800198e-05,0.001495391
1488,114_01232,114,1232,0,N,0,N,0,N,0.99289286,0.99289286,4.7111716e-05,3.960147e-05,0.0030211827,0.0028606155,0.00017884363,5.046157e-05,0.0009094442
1489,114_01233,114,1233,0,N,0,N,0,N,0.9937134,0.9937134,1.7867906e-05,2.9504323e-05,0.0025329746,0.0031130502,0.00020602928,3.3350683e-05,0.00035395447
1490,114_01234,114,1234,0,N,0,N,0,N,0.99209976,0.99209976,3.9974066e-06,2.0112984e-05,0.0028821982,0.0044018906,0.00046066596,2.5793488e-05,0.00010563152
1491,114_01235,114,1235,0,N,0,N,0,N,0.9930457,0.9930457,2.818236e-06,1.4511387e-05,0.002450563,0.0039769565,0.00043164368,2.0549918e-05,5.7284557e-05
1492,114_01236,114,1236,0,N,0,N,0,N,0.9919652,0.9919652,3.3992058e-06,1.5681253e-05,0.0039830143,0.0035826655,0.0003297132,2.2991375e-05,9.732557e-05
1493,114_01237,114,1237,0,N,0,N,0,N,0.987531,0.987531,4.8845523e-06,2.3355024e-05,0.0048589874,0.0068403683,0.0005523022,3.4563163e-05,0.00015448326
1494,114_01238,114,1238,0,N,0,N,0,N,0.9815466,0.9815466,4.3061823e-06,2.9648094e-05,0.005731778,0.011209629,0.001292325,4.4198965e-05,0.0001416147
1495,114_01239,114,1239,0,N,0,N,0,N,0.9893871,0.9893871,1.818461e-05,3.9901035e-05,0.004226593,0.005285464,0.00035128585,4.5921035e-05,0.0006456106
1496,114_01240,114,1240,0,N,0,N,0,N,0.9856099,0.9856099,4.6212776e-06,2.5023952e-05,0.0035697955,0.009746968,0.0008871762,3.6055117e-05,0.000120620396
1497,114_01241,114,1241,0,N,0,N,0,N,0.98350775,0.98350775,5.664404e-06,2.6639134e-05,0.0038802559,0.011463737,0.00092478516,3.971847e-05,0.00015149792
1498,114_01242,114,1242,0,N,0,N,0,N,0.98337954,0.98337954,8.101608e-06,3.8783903e-05,0.005309386,0.010061919,0.000851843,4.9070484e-05,0.00030133338
1499,114_01243,114,1243,0,N,0,N,0,N,0.975688,0.975688,2.4544256e-06,1.3547758e-05,0.006555296,0.01416341,0.0034956143,3.9675146e-05,4.2008498e-05
1500,114_01244,114,1244,0,N,0,N,0,N,0.98736435,0.98736435,3.0524336e-06,5.8967235e-06,0.0034202575,0.00060383114,0.008573773,2.261036e-05,6.3418884e-06
1501,114_01245,114,1245,0,N,0,N,0,N,0.9859904,0.9859904,1.878488e-06,5.9574813e-06,0.0039366414,0.0024599268,0.007573525,2.457561e-05,7.0935052e-06
1502,114_01246,114,1246,0,N,0,N,0,N,0.9837248,0.9837248,2.7142605e-06,9.535054e-06,0.0035032493,0.0012097822,0.011513439,2.9448061e-05,6.9838097e-06
1503,114_01247,114,1247,0,N,0,N,0,N,0.9884507,0.9884507,1.4493509e-06,1.0422784e-05,0.004011662,0.0056599886,0.0018237705,2.5329504e-05,1.660953e-05
1504,114_01248,114,1248,0,N,0,N,0,N,0.98345095,0.98345095,1.8433918e-06,1.8669729e-05,0.003619974,0.010950307,0.0018948369,3.623856e-05,2.7241085e-05
1505,114_01249,114,1249,0,N,0,N,0,N,0.99488395,0.99488395,2.031877e-06,1.1862674e-05,0.0017478166,0.0027901211,0.0005200237,1.6180338e-05,2.7878734e-05
1506,114_01250,114,1250,0,N,0,N,0,N,0.99292415,0.99292415,3.0678657e-06,1.5127719e-05,0.0024969238,0.004047705,0.0004272332,2.1103368e-05,6.4707616e-05
1507,114_01251,114,1251,0,N,0,N,0,N,0.9908311,0.9908311,2.970998e-06,1.6194936e-05,0.0035622444,0.004963211,0.00052070507,2.4261359e-05,7.9210484e-05
1508,114_01252,114,1252,0,N,0,N,0,N,0.9908024,0.9908024,3.6339984e-06,1.7830846e-05,0.0042607193,0.0043202513,0.00045779732,2.5517451e-05,0.00011187416
1509,114_01253,114,1253,0,N,0,N,0,N,0.99269676,0.99269676,2.8579288e-06,1.5943471e-05,0.0030669966,0.0036600544,0.00046310242,2.1578942e-05,7.259615e-05
1510,114_01254,114,1254,0,N,0,N,0,N,0.9909867,0.9909867,1.8258834e-06,1.5685458e-05,0.0030566645,0.005074601,0.0008054548,2.3291652e-05,3.571916e-05
1511,114_01255,114,1255,0,N,0,N,0,N,0.9954765,0.9954765,2.318356e-06,1.2165147e-05,0.0018442284,0.0022243347,0.00038717137,1.5469855e-05,3.7875587e-05
1512,114_01256,114,1256,0,N,0,N,0,N,0.9923517,0.9923517,1.5499255e-06,1.1730908e-05,0.003246337,0.0037102308,0.000629666,1.8612245e-05,3.0094254e-05
1513,114_01257,114,1257,0,N,0,N,0,N,0.9909096,0.9909096,1.6245884e-06,1.1955493e-05,0.004193457,0.003937677,0.00089307135,2.1127862e-05,3.1545125e-05
1514,114_01258,114,1258,0,N,0,N,0,N,0.9875807,0.9875807,3.120257e-06,1.7133223e-05,0.005864308,0.005731502,0.0006813783,2.9143814e-05,9.274224e-05
1515,114_01259,114,1259,0,N,0,N,0,N,0.9906577,0.9906577,2.9369742e-06,1.6130143e-05,0.004370307,0.004343302,0.000494252,2.3950446e-05,9.1381226e-05
1516,114_01260,114,1260,0,N,0,N,0,N,0.98892766,0.98892766,3.4045306e-06,1.8249984e-05,0.0059324084,0.0045080152,0.00045627053,2.8020228e-05,0.00012609974
1517,114_01261,114,1261,0,N,0,N,0,N,0.9897252,0.9897252,2.7760013e-06,1.5012259e-05,0.0052922745,0.004219995,0.0006338682,2.3493196e-05,8.738758e-05
1518,114_01262,114,1262,0,N,0,N,0,N,0.9876727,0.9876727,2.772737e-06,1.6808448e-05,0.0070830015,0.0042153117,0.00089961296,2.8772969e-05,8.110972e-05
1519,114_01263,114,1263,0,N,0,N,0,N,0.9909393,0.9909393,2.8421023e-06,1.2897903e-05,0.00511464,0.0034330147,0.00039670736,2.1522219e-05,7.904888e-05
1520,114_01264,114,1264,0,N,0,N,0,N,0.99052876,0.99052876,2.0344962e-06,1.1304077e-05,0.005511987,0.00328966,0.000593123,2.1716405e-05,4.1386073e-05
1521,114_01265,114,1265,0,N,0,N,0,N,0.98787564,0.98787564,3.4919203e-06,1.713373e-05,0.005143748,0.006284001,0.0005517126,2.9330462e-05,9.4886804e-05
1522,114_01266,114,1266,0,N,0,N,0,N,0.9907511,0.9907511,2.6957998e-06,1.51907325e-05,0.005019934,0.0036003627,0.00050886074,2.3422623e-05,7.849963e-05
1523,114_01267,114,1267,0,N,0,N,0,N,0.9864271,0.9864271,7.1313025e-06,2.3503997e-05,0.0073270192,0.0055076703,0.00036634225,3.6646696e-05,0.0003045392
1524,114_01268,114,1268,0,N,0,N,0,N,0.980185,0.980185,3.7126722e-06,2.0745576e-05,0.008130829,0.010468281,0.0010337031,4.004413e-05,0.00011768962
1525,114_01269,114,1269,0,N,0,N,0,N,0.9834299,0.9834299,3.6369781e-06,1.9076224e-05,0.006401287,0.009464848,0.0005264975,3.445401e-05,0.00012021709
1526,114_01270,114,1270,0,N,0,N,0,N,0.9844763,0.9844763,3.0308418e-06,1.6603914e-05,0.0041957614,0.010608405,0.000595867,3.1013304e-05,7.301194e-05
1527,114_01271,114,1271,0,N,0,N,0,N,0.9836346,0.9836346,1.8387e-06,1.4653364e-05,0.0041816984,0.011079754,0.001022918,3.0370758e-05,3.4187688e-05
1528,114_01272,114,1272,0,N,0,N,0,N,0.9824872,0.9824872,4.218294e-06,1.8487219e-05,0.0055736345,0.011324298,0.00043639034,3.5563036e-05,0.00012024604
1529,114_01273,114,1273,0,N,0,N,0,N,0.9854858,0.9854858,2.2955135e-06,5.32228e-06,0.006538845,0.0032015862,0.0047252118,2.4980865e-05,1.5975666e-05
1530,114_01274,114,1274,0,N,0,N,0,N,0.97804594,0.97804594,3.4889445e-06,1.0755802e-05,0.008140502,0.008634209,0.0050817835,4.4315693e-05,3.8995728e-05
1531,114_01275,114,1275,0,N,0,N,0,N,0.9780635,0.9780635,2.990269e-06,1.8067438e-05,0.007543782,0.012498735,0.0017632883,4.1583116e-05,6.8008245e-05
1532,114_01276,114,1276,0,N,0,N,0,N,0.9866244,0.9866244,3.0730573e-06,1.640558e-05,0.004616896,0.008035394,0.0005918758,2.8875022e-05,8.316288e-05
1533,114_01277,114,1277,0,N,0,N,0,N,0.98850566,0.98850566,2.2133736e-06,1.3880062e-05,0.004301859,0.0064086723,0.0006928941,2.5121371e-05,4.9620263e-05
1534,114_01278,114,1278,0,N,0,N,0,N,0.987653,0.987653,3.9759047e-06,1.5603335e-05,0.0060743983,0.005680134,0.00041653222,2.7936221e-05,0.00012840898
1535,114_01279,114,1279,0,N,0,N,0,N,0.99196875,0.99196875,2.4988915e-06,1.20348295e-05,0.0032012484,0.004315886,0.00042206058,1.975869e-05,5.7921527e-05
1536,114_01280,114,1280,0,N,0,N,0,N,0.9860673,0.9860673,4.888754e-06,1.9388135e-05,0.006343619,0.0068712393,0.00048714093,3.2762517e-05,0.0001735125
1537,114_01281,114,1281,0,N,0,N,0,N,0.9926444,0.9926444,4.678109e-06,1.8121516e-05,0.0029108517,0.0039533195,0.0003257016,2.4425826e-05,0.000118367774
1538,114_01282,114,1282,0,N,0,N,0,N,0.9909397,0.9909397,5.2806754e-06,1.9610025e-05,0.004718696,0.0038125617,0.00028564504,2.7910115e-05,0.000190464
1539,114_01283,114,1283,0,N,0,N,0,N,0.9916442,0.9916442,5.2920655e-06,2.1370919e-05,0.0036829575,0.004086438,0.00036553649,2.7960126e-05,0.0001663037
1540,114_01284,114,1284,0,N,0,N,0,N,0.9901849,0.9901849,8.813048e-06,2.5898049e-05,0.003261788,0.005943316,0.00033235003,3.5048346e-05,0.00020789068
1541,114_01285,114,1285,0,N,0,N,0,N,0.9960794,0.9960794,2.021754e-05,2.161548e-05,0.0014669629,0.0020215737,0.00019611206,2.5471203e-05,0.00016860817
1542,114_01286,114,1286,0,N,0,N,0,N,0.99714017,0.99714017,3.1399664e-05,1.6034519e-05,0.0011327389,0.0012567684,0.00031212394,2.0306894e-05,9.0496986e-05
1543,114_01287,114,1287,0,N,0,N,0,N,0.9906747,0.9906747,4.8807046e-06,1.8764618e-05,0.0032798816,0.0054274863,0.00043179496,2.6618192e-05,0.00013585022
1544,114_01288,114,1288,0,N,0,N,0,N,0.9853507,0.9853507,3.7398172e-06,2.1128228e-05,0.0044626244,0.009290983,0.0007267398,3.38861e-05,0.00011021941
1545,114_01289,114,1289,0,N,0,N,0,N,0.9939561,0.9939561,4.858161e-06,1.532642e-05,0.0024355664,0.003171005,0.00029232661,2.0549249e-05,0.000104238636
1546,114_01290,114,1290,0,N,0,N,0,N,0.99170715,0.99170715,6.3034663e-06,2.4424811e-05,0.0030408362,0.0046222666,0.00040444362,3.0604653e-05,0.00016389905
1547,114_01291,114,1291,0,N,0,N,0,N,0.9912208,0.9912208,4.9289624e-06,1.958411e-05,0.003238306,0.0049791825,0.0003833774,2.760612e-05,0.00012630214
1548,114_01292,114,1292,0,N,0,N,0,N,0.9886251,0.9886251,1.7198301e-05,3.5975772e-05,0.003587638,0.0069839894,0.0003009257,4.741539e-05,0.00040174622
1549,114_01293,114,1293,0,N,0,N,0,N,0.9940264,0.9940264,1.8167922e-05,2.6682485e-05,0.002162479,0.0032985697,0.00018320188,3.2636643e-05,0.00025186536
1550,114_01294,114,1294,0,N,0,N,0,N,0.9955362,0.9955362,3.323282e-05,2.6321584e-05,0.0018717098,0.002025468,0.00019398614,3.2270495e-05,0.0002807293
1551,114_01295,114,1295,0,N,0,N,0,N,0.9945203,0.9945203,7.22612e-06,2.0169691e-05,0.0020393447,0.0030097412,0.00026072204,2.450634e-05,0.00011794923
1552,114_01296,114,1296,0,N,0,N,0,N,0.99215055,0.99215055,6.6385237e-06,2.4514718e-05,0.0028773649,0.0044073127,0.00034448865,3.056063e-05,0.00015856938
1553,114_01297,114,1297,0,N,0,N,0,N,0.98933524,0.98933524,1.1784211e-05,3.379153e-05,0.0038495003,0.006039889,0.00034241003,4.3066968e-05,0.00034444378
1554,114_01298,114,1298,0,N,0,N,0,N,0.9903424,0.9903424,1.41436685e-05,3.2843796e-05,0.003277387,0.00568859,0.00027231494,4.1572574e-05,0.0003307535
1555,114_01299,114,1299,0,N,0,N,0,N,0.9910438,0.9910438,2.430177e-05,3.862602e-05,0.0035202967,0.0045356853,0.00019360866,4.6812074e-05,0.00059694983
1556,114_01300,114,1300,0,N,0,N,0,N,0.9949654,0.9949654,2.9109442e-05,3.0087713e-05,0.002208303,0.0021738622,0.00020032047,3.5110177e-05,0.00035783977
1557,114_01301,114,1301,0,N,0,N,0,N,0.9892226,0.9892226,1.858219e-05,4.6693705e-05,0.0039214087,0.005744164,0.00043808116,5.100596e-05,0.00055740087
1558,114_01302,114,1302,0,N,0,N,0,N,0.9937677,0.9937677,3.59174e-05,3.4593577e-05,0.0024632544,0.0029045097,0.00023564206,4.150798e-05,0.0005168134
1559,114_01303,114,1303,0,N,0,N,0,N,0.9944849,0.9944849,0.00028382725,3.4528864e-05,0.0025583704,0.0017356741,0.00022006326,5.231199e-05,0.0006304094
1560,114_01304,114,1304,0,N,0,N,0,N,0.9966326,0.9966326,5.6979312e-05,1.8401524e-05,0.0013924247,0.0014685877,0.0002511596,2.5259786e-05,0.00015464185
1561,114_01305,114,1305,0,N,0,N,0,N,0.99725044,0.99725044,1.557163e-05,1.3856909e-05,0.0010168661,0.0013551898,0.00026433164,1.747171e-05,6.637015e-05
1562,114_01306,114,1306,0,N,0,N,0,N,0.9932518,0.9932518,5.7946436e-06,2.0638683e-05,0.0021113737,0.0040897154,0.00038242704,2.5447729e-05,0.0001128467
1563,114_01307,114,1307,0,N,0,N,0,N,0.9913321,0.9913321,7.921951e-06,2.6787402e-05,0.0031793087,0.004865641,0.00035440666,3.372065e-05,0.00019999596
1564,114_01308,114,1308,0,N,0,N,0,N,0.9895466,0.9895466,2.9361474e-05,4.9688857e-05,0.0038623763,0.0053434134,0.00028423034,5.7133413e-05,0.00082734483
1565,114_01309,114,1309,0,N,0,N,0,N,0.99395764,0.99395764,1.249868e-05,2.7762266e-05,0.0020114959,0.0034862338,0.00028911294,3.1624542e-05,0.00018368463
1566,114_01310,114,1310,0,N,0,N,0,N,0.9942461,0.9942461,7.850314e-06,2.1183461e-05,0.0017930502,0.003486077,0.00030498905,2.5494639e-05,0.00011521231
1567,114_01311,114,1311,0,N,0,N,0,N,0.99634826,0.99634826,7.987408e-06,1.6576278e-05,0.0012273467,0.0020360337,0.00027117354,1.9179259e-05,7.347662e-05
1568,114_01312,114,1312,0,N,0,N,0,N,0.9940156,0.9940156,7.20704e-06,2.1708922e-05,0.0021786639,0.0033004344,0.00030620984,2.5545136e-05,0.00014459102
1569,114_01313,114,1313,0,N,0,N,0,N,0.9941603,0.9941603,1.01923515e-05,2.5732126e-05,0.0022067202,0.0030841778,0.00028703018,2.8550749e-05,0.00019728369
1570,114_01314,114,1314,0,N,0,N,0,N,0.99162424,0.99162424,1.6296866e-05,3.814293e-05,0.0033879327,0.0041435286,0.00024673183,4.150453e-05,0.00050166354
1571,114_01315,114,1315,0,N,0,N,0,N,0.99512476,0.99512476,8.1749795e-06,2.067918e-05,0.0017316522,0.002663027,0.00030752868,2.3491966e-05,0.00012070465
1572,114_01316,114,1316,0,N,0,N,0,N,0.99233,0.99233,4.969411e-06,2.2713368e-05,0.0031169173,0.0039736982,0.00038514164,2.795367e-05,0.00013863809
1573,114_01317,114,1317,0,N,0,N,0,N,0.991384,0.991384,1.7301563e-05,3.389314e-05,0.0031945275,0.0046579144,0.00026224743,4.086948e-05,0.00040920064
1574,114_01318,114,1318,0,N,0,N,0,N,0.98548114,0.98548114,1.5860658e-05,3.809087e-05,0.005188366,0.008301912,0.00036891928,5.204469e-05,0.00055371627
1575,114_01319,114,1319,0,N,0,N,0,N,0.9899386,0.9899386,6.173763e-05,4.594931e-05,0.0040586973,0.0041151866,0.00018541198,6.601277e-05,0.0015284298
1576,114_01320,114,1320,0,N,0,N,0,N,0.992676,0.992676,5.441719e-05,4.0662253e-05,0.002993715,0.002997526,0.00021157665,5.2703526e-05,0.0009732531
1577,114_01321,114,1321,0,N,0,N,0,N,0.9948263,0.9948263,9.371874e-05,3.1886746e-05,0.0023854994,0.0017883304,0.0001946249,4.4557746e-05,0.00063512864
1578,114_01322,114,1322,0,N,0,N,0,N,0.9957065,0.9957065,5.2734107e-05,2.8120996e-05,0.0017697328,0.0018131329,0.0002740297,3.396811e-05,0.00032185845
1579,114_01323,114,1323,0,N,0,N,0,N,0.9918554,0.9918554,0.00053742435,4.6166744e-05,0.0038926494,0.0019656254,0.00021111284,7.98317e-05,0.0014118411
1580,114_01324,114,1324,0,N,0,N,0,N,0.9934658,0.9934658,0.0001728428,4.399716e-05,0.0028376917,0.0023270336,0.00019838422,6.419902e-05,0.00089004956
1581,114_01325,114,1325,0,N,0,N,0,N,0.99387383,0.99387383,0.0007213914,4.3726963e-05,0.002671057,0.0017788003,0.00034083854,6.203077e-05,0.0005083041
1582,114_01326,114,1326,0,N,0,N,0,N,0.9950552,0.9950552,9.8529774e-05,3.2883137e-05,0.0020966548,0.0019926818,0.00024245384,4.4009463e-05,0.00043755045
1583,114_01327,114,1327,0,N,0,N,0,N,0.9953224,0.9953224,7.545384e-05,3.2176602e-05,0.0018237904,0.0021334412,0.00026189684,4.0613097e-05,0.00031023673
1584,114_01328,114,1328,0,N,0,N,0,N,0.99239683,0.99239683,0.00016696534,4.47049e-05,0.0034135089,0.002480023,0.00014979257,7.134658e-05,0.0012768696
1585,114_01329,114,1329,0,N,0,N,0,N,0.9911034,0.9911034,0.0022393053,5.0442155e-05,0.0037513,0.0018669786,0.00033730996,7.8574514e-05,0.00057268504
1586,114_01330,114,1330,0,N,0,N,0,N,0.9951678,0.9951678,0.00011640116,3.2296906e-05,0.0021426934,0.0018829638,0.00021554825,4.43773e-05,0.00039792474
1587,114_01331,114,1331,0,N,0,N,0,N,0.9945409,0.9945409,0.00027363218,3.534294e-05,0.0025708051,0.0016979487,0.0002493301,5.2522548e-05,0.00057938986
1588,114_01332,114,1332,0,N,0,N,0,N,0.99480027,0.99480027,8.427957e-05,3.1239015e-05,0.002361229,0.0019722627,0.00019780663,4.3693362e-05,0.0005092454
1589,114_01333,114,1333,0,N,0,N,0,N,0.99114853,0.99114853,0.000117720425,4.6123947e-05,0.0037041635,0.0032217107,0.00017872892,7.270536e-05,0.0015103966
1590,114_01334,114,1334,0,N,0,N,0,N,0.99027354,0.99027354,0.0017141643,4.5602716e-05,0.004493953,0.0019500479,0.00025999345,8.757663e-05,0.0011751212
1591,114_01335,114,1335,0,N,0,N,0,N,0.99162805,0.99162805,0.00086247973,4.460509e-05,0.004001694,0.0019626867,0.00018369699,8.159453e-05,0.0012352113
1592,114_01336,114,1336,0,N,0,N,0,N,0.99448955,0.99448955,0.0002725976,3.4570934e-05,0.0025148457,0.0018370601,0.0002387477,5.2500855e-05,0.00056006917
1593,114_01337,114,1337,0,N,0,N,0,N,0.9963024,0.9963024,6.4850225e-05,2.322149e-05,0.0015663569,0.0015748698,0.00021897665,3.046219e-05,0.00021881361
1594,114_01338,114,1338,0,N,0,N,0,N,0.9959414,0.9959414,2.0972926e-05,2.151146e-05,0.001577456,0.0020325447,0.00018600601,2.5793375e-05,0.00019440483
1595,114_01339,114,1339,0,N,0,N,0,N,0.9951629,0.9951629,1.660469e-05,2.3092187e-05,0.0015665219,0.0027866454,0.00024701344,2.7184398e-05,0.00017008619
1596,114_01340,114,1340,0,N,0,N,0,N,0.99377716,0.99377716,1.9854513e-05,2.8766384e-05,0.002410087,0.0032129318,0.00018166164,3.4161254e-05,0.00033539993
1597,114_01341,114,1341,0,N,0,N,0,N,0.9931618,0.9931618,0.00017453718,3.9065108e-05,0.003140356,0.0021520355,0.0001745893,6.270618e-05,0.0010948936
1598,114_01342,114,1342,0,N,0,N,0,N,0.9954581,0.9954581,0.00011444776,2.863618e-05,0.0020135634,0.0017778185,0.00021513605,3.9909846e-05,0.0003524345
1599,114_01343,114,1343,0,N,0,N,0,N,0.9945643,0.9945643,0.00023901853,3.4615598e-05,0.0024432258,0.001893545,0.00023818934,5.1276256e-05,0.0005358128
1600,114_01344,114,1344,0,N,0,N,0,N,0.9957467,0.9957467,0.00011692193,3.2228592e-05,0.0017319117,0.0017540958,0.00030196793,3.994137e-05,0.00027628438
1601,114_01345,114,1345,0,N,0,N,0,N,0.99344003,0.99344003,0.00011857556,4.805281e-05,0.0027217087,0.0025705418,0.0002061471,6.381963e-05,0.0008310145
1602,114_01346,114,1346,0,N,0,N,0,N,0.9892554,0.9892554,0.00014854348,6.647109e-05,0.0041368287,0.0041240207,0.00019197947,0.00010134704,0.0019753037
1603,114_01347,114,1347,0,N,0,N,0,N,0.99183935,0.99183935,0.00027632876,4.9106115e-05,0.0036939615,0.002374963,0.00019167109,8.098755e-05,0.0014936774
1604,114_01348,114,1348,0,N,0,N,0,N,0.9925685,0.9925685,0.00025913358,4.3331347e-05,0.0033985549,0.002259237,0.00017950618,7.231591e-05,0.001219462
1605,114_01349,114,1349,0,N,0,N,0,N,0.99417204,0.99417204,0.00013690465,3.5102497e-05,0.0026694795,0.0020011389,0.00018942455,5.2988886e-05,0.0007429562
1606,114_01350,114,1350,0,N,0,N,0,N,0.99433714,0.99433714,9.9488345e-05,3.4622117e-05,0.002583805,0.0020158114,0.00019363649,4.9511196e-05,0.0006859643
1607,114_01351,114,1351,0,N,0,N,0,N,0.9899626,0.9899626,0.0009987497,5.0757233e-05,0.0049273684,0.0020225677,0.0001764974,9.829257e-05,0.0017630957
1608,114_01352,114,1352,0,N,0,N,0,N,0.99447685,0.99447685,0.00026073822,3.5453413e-05,0.0025862614,0.0017860646,0.00021616144,5.328236e-05,0.0005851337
1609,114_01353,114,1353,0,N,0,N,0,N,0.99273133,0.99273133,0.0009771988,5.2872547e-05,0.0032194552,0.0019201196,0.0003178855,7.863665e-05,0.0007026416
1610,114_01354,114,1354,0,N,0,N,0,N,0.9939058,0.9939058,3.3200293e-05,3.888599e-05,0.002178928,0.0031083187,0.0002449782,4.2870808e-05,0.0004469919
1611,114_01355,114,1355,0,N,0,N,0,N,0.9901344,0.9901344,7.9506885e-05,5.479578e-05,0.0038859989,0.0040082526,0.00019431979,7.753464e-05,0.0015650865
1612,114_01356,114,1356,0,N,0,N,0,N,0.9887506,0.9887506,0.00021174325,6.18198e-05,0.004632976,0.0033101926,0.00018190136,0.000101907885,0.0027488207
1613,114_01357,114,1357,0,N,0,N,0,N,0.99114156,0.99114156,0.0009493105,4.7195488e-05,0.0042350553,0.0019797534,0.00018436012,8.710565e-05,0.0013755526
1614,114_01358,114,1358,0,N,0,N,0,N,0.99340546,0.99340546,0.000463517,3.9010647e-05,0.003092537,0.0018683826,0.00020811762,6.4154614e-05,0.00085892616
1615,114_01359,114,1359,0,N,0,N,0,N,0.9947922,0.9947922,0.00018179847,3.458888e-05,0.0022653579,0.0019269742,0.000262933,4.8975962e-05,0.00048719163
1616,114_01360,114,1360,0,N,0,N,0,N,0.9945982,0.9945982,5.9428978e-05,3.494992e-05,0.0021661522,0.002432041,0.00019950506,4.4266162e-05,0.00046553323
1617,114_01361,114,1361,0,N,0,N,0,N,0.9917934,0.9917934,0.00013616808,5.0816536e-05,0.0034232275,0.0029252702,0.00017148307,7.5626136e-05,0.0014241083
1618,114_01362,114,1362,0,N,0,N,0,N,0.9958621,0.9958621,3.095812e-05,2.5499307e-05,0.0016959121,0.0018828836,0.00022594376,3.00863e-05,0.00024657414
1619,114_01363,114,1363,0,N,0,N,0,N,0.9941943,0.9941943,4.5509456e-05,3.865742e-05,0.0023277863,0.0025859606,0.00020458807,4.6165726e-05,0.0005570559
1620,114_01364,114,1364,0,N,0,N,0,N,0.9954368,0.9954368,2.4858331e-05,2.552522e-05,0.0018747704,0.0021281762,0.00019945212,2.9860366e-05,0.00028073738
1621,114_01365,114,1365,0,N,0,N,0,N,0.9948955,0.9948955,1.9433155e-05,2.8747718e-05,0.001833236,0.002726315,0.00022774294,3.1976455e-05,0.00023709291
1622,114_01366,114,1366,0,N,0,N,0,N,0.99159676,0.99159676,5.747046e-06,2.3612736e-05,0.003027008,0.004847353,0.0003192213,3.0368954e-05,0.00015000775
1623,114_01367,114,1367,0,N,0,N,0,N,0.99427444,0.99427444,4.6215628e-06,1.870682e-05,0.002665032,0.0025991003,0.00030827822,2.222416e-05,0.00010767415
1624,114_01368,114,1368,0,N,0,N,0,N,0.9910923,0.9910923,1.5459211e-06,1.1074039e-05,0.004166874,0.0038936185,0.0007849417,2.0191892e-05,2.9369055e-05
1625,114_01369,114,1369,0,N,0,N,0,N,0.9892181,0.9892181,2.6371952e-06,1.6721224e-05,0.0055504553,0.004291668,0.00082362193,2.7033271e-05,6.9728136e-05
1626,114_01370,114,1370,0,N,0,N,0,N,0.9918253,0.9918253,2.2028203e-06,1.3107728e-05,0.0039360346,0.0036802082,0.00046846282,2.0681004e-05,5.407616e-05
1627,114_01371,114,1371,0,N,0,N,0,N,0.9925609,0.9925609,4.2726024e-06,1.4549245e-05,0.003460262,0.0035021289,0.00032856988,2.1540976e-05,0.00010771516
1628,114_01372,114,1372,0,N,0,N,0,N,0.9898609,0.9898609,1.9395675e-06,1.1442549e-05,0.005294469,0.0041205557,0.0006458567,2.197865e-05,4.2764106e-05
1629,114_01373,114,1373,0,N,0,N,0,N,0.9849806,0.9849806,4.0082914e-06,1.7277394e-05,0.005773831,0.00854055,0.00053228426,3.204825e-05,0.000119417586
1630,114_01374,114,1374,0,N,0,N,0,N,0.9822253,0.9822253,4.162751e-06,2.5119618e-05,0.006173606,0.010643759,0.0007536263,4.203059e-05,0.00013238705
1631,114_01375,114,1375,0,N,0,N,0,N,0.98879695,0.98879695,1.3712193e-05,3.142026e-05,0.004195915,0.006206092,0.0003040508,4.2389707e-05,0.00040946496
1632,114_01376,114,1376,0,N,0,N,0,N,0.9890227,0.9890227,1.1118782e-05,3.091002e-05,0.0046998155,0.005533666,0.00026330282,4.1823652e-05,0.000396688
1633,114_01377,114,1377,0,N,0,N,0,N,0.9887203,0.9887203,1.0448511e-05,2.374778e-05,0.004851281,0.0057331114,0.0002894101,3.547207e-05,0.00033630963
1634,114_01378,114,1378,0,N,0,N,0,N,0.98840094,0.98840094,5.55441e-06,2.1334406e-05,0.005483303,0.0054962607,0.00035628118,3.2650903e-05,0.00020367968
1635,114_01379,114,1379,0,N,0,N,0,N,0.9879441,0.9879441,4.233915e-06,1.7587827e-05,0.0047893324,0.0067247045,0.00035745525,2.9320665e-05,0.00013323521
1636,114_01380,114,1380,0,N,0,N,0,N,0.98738027,0.98738027,2.5318136e-06,1.8626712e-05,0.003540893,0.008347455,0.0006184692,2.9523851e-05,6.213791e-05
1637,114_01381,114,1381,0,N,0,N,0,N,0.9828369,0.9828369,1.8747047e-06,1.27974345e-05,0.0048330557,0.011202881,0.0010521237,3.0409023e-05,2.994934e-05
1638,114_01382,114,1382,0,N,0,N,0,N,0.98319376,0.98319376,5.1844e-06,5.33804e-06,0.0048830486,0.005419251,0.0064403703,4.3940036e-05,9.202272e-06
1639,114_01383,114,1383,0,N,0,N,0,N,0.998356,0.998356,4.136898e-06,4.1101143e-06,0.00045070765,8.428836e-05,0.0010279652,6.507729e-05,7.866371e-06
1640,114_01384,114,1384,0,N,0,N,0,N,0.9991086,0.9991086,3.5253036e-06,4.2759752e-06,0.00027206415,5.6854784e-05,0.00047160283,7.5177544e-05,7.896227e-06
1641,114_01385,114,1385,0,N,0,N,0,N,0.9981775,0.9981775,3.5558758e-06,3.9736024e-06,0.00047269402,5.5999993e-05,0.0012276756,5.0558017e-05,7.968724e-06
1642,114_01386,114,1386,0,N,0,N,0,N,0.9870812,0.9870812,4.8006973e-06,6.226247e-06,0.0037254735,0.00048177058,0.008659401,2.9699062e-05,1.1417972e-05
1643,114_01387,114,1387,0,N,0,N,0,N,0.9717875,0.9717875,7.0248966e-06,3.0269672e-05,0.01132852,0.015386083,0.0011367449,5.9750306e-05,0.00026405216
1644,114_01388,114,1388,0,N,0,N,0,N,0.98170227,0.98170227,9.17621e-06,3.3654098e-05,0.00566904,0.011540217,0.0006529672,4.8743063e-05,0.00034383204
1645,114_01389,114,1389,0,N,0,N,0,N,0.989376,0.989376,0.00012742181,5.0547897e-05,0.004503732,0.0036468091,0.00014555358,8.411519e-05,0.002065928
1646,114_01390,114,1390,0,N,0,N,0,N,0.99164915,0.99164915,0.00038450153,4.270585e-05,0.004054435,0.0020058232,0.00015016942,7.8912e-05,0.0016342616
1647,114_01391,114,1391,0,N,0,N,0,N,0.99158764,0.99158764,0.0006772043,4.309008e-05,0.004021644,0.0019869558,0.0002081306,7.9165045e-05,0.0013961772
1648,114_01392,114,1392,0,N,0,N,0,N,0.9877971,0.9877971,0.0001597306,5.765864e-05,0.0049084094,0.003798143,0.00017446057,9.9663775e-05,0.003004763
1649,114_01393,114,1393,0,N,0,N,0,N,0.98650074,0.98650074,0.00029476028,5.9329715e-05,0.005732118,0.003272615,0.00016614645,0.000114083465,0.0038603728
1650,114_01394,114,1394,0,N,0,N,0,N,0.98620653,0.98620653,9.442163e-05,5.9842347e-05,0.0055346736,0.0050402284,0.00017197696,9.308532e-05,0.0027992257
1651,114_01395,114,1395,0,N,0,N,0,N,0.9927312,0.9927312,5.2093303e-05,3.6966114e-05,0.0031026741,0.002968851,0.00019304169,5.0318715e-05,0.0008649763
1652,114_01396,114,1396,0,N,0,N,0,N,0.9927182,0.9927182,2.7737566e-05,3.7290534e-05,0.0027019253,0.003745613,0.00022647844,4.2883214e-05,0.0004998822
1653,114_01397,114,1397,0,N,0,N,0,N,0.99560887,0.99560887,4.5023582e-05,2.1606711e-05,0.001726755,0.0021286341,0.00022281203,3.022112e-05,0.00021609051
1654,114_01398,114,1398,0,N,0,N,0,N,0.99356496,0.99356496,0.00075456215,3.9175746e-05,0.0028341953,0.001795134,0.00035343884,6.038604e-05,0.00059824274
1655,114_01399,114,1399,0,N,0,N,0,N,0.953627,0.953627,0.028953245,8.868408e-05,0.01216724,0.0029794492,0.00046402987,0.0001882972,0.0015320977
1656,114_01400,114,1400,0,N,0,N,1,LBBB,0.7267872,0.215531,0.7267872,0.00031645116,0.04743946,0.0047641397,0.0009865474,0.00061335275,0.003561796
1657,114_01401,114,1401,0,N,0,N,0,N,0.600087,0.600087,0.3545257,0.00020826033,0.03608786,0.0047692633,0.0011180494,0.00043861638,0.0027652308
1658,114_01402,114,1402,0,N,0,N,1,LBBB,0.98058486,0.0032957322,0.98058486,0.00012207427,0.014213773,0.00087344745,0.0002078612,0.00017354274,0.0005288196
1659,114_01403,114,1403,0,N,0,N,1,LBBB,0.9090708,0.04852958,0.9090708,0.0002523581,0.036436673,0.0021695527,0.0005524201,0.00045331524,0.002535307
1660,114_01404,114,1404,0,N,0,N,0,N,0.5865954,0.5865954,0.36481723,0.00021319992,0.039069027,0.004598926,0.001079034,0.00046040447,0.0031667587
1661,114_01405,114,1405,0,N,0,N,1,LBBB,0.9092215,0.049824573,0.9092215,0.0002348927,0.03541525,0.0021685513,0.00057442643,0.00041299048,0.002147823
1662,114_01406,114,1406,0,N,0,N,1,LBBB,0.9857173,0.0015206399,0.9857173,0.000118671014,0.011211454,0.0007475118,0.00016888812,0.00014879188,0.00036678696
1663,114_01407,114,1407,0,N,0,N,1,LBBB,0.99680007,2.8250637e-05,0.99680007,5.503241e-05,0.0027188617,0.00024185666,6.0966988e-05,4.382602e-05,5.111575e-05
1664,114_01408,114,1408,0,N,0,N,1,LBBB,0.9971074,1.4617422e-05,0.9971074,5.4619257e-05,0.0024640625,0.0002134435,5.077382e-05,4.253383e-05,5.253179e-05
1665,114_01409,114,1409,0,N,0,N,1,LBBB,0.99256355,0.0002427764,0.99256355,8.4299325e-05,0.006271149,0.00044456296,9.482665e-05,9.9940036e-05,0.00019891113
1666,114_01410,114,1410,0,N,0,N,0,N,0.53919774,0.53919774,0.39630073,0.00027059493,0.05201129,0.0045839325,0.00091402995,0.0006417201,0.0060799555
1667,114_01411,114,1411,0,N,0,N,0,N,0.9175371,0.9175371,0.049609482,0.000120889286,0.023445122,0.002553535,0.00044651685,0.0003290913,0.00595827
1668,114_01412,114,1412,0,N,0,N,0,N,0.6197771,0.6197771,0.31264967,0.00027818617,0.053409353,0.0046595414,0.000810907,0.0006770776,0.007738179
1669,114_01413,114,1413,0,N,0,N,1,LBBB,0.88629127,0.06766501,0.88629127,0.00028685614,0.03908558,0.002686115,0.00068867905,0.0005113564,0.0027852643
1670,114_01414,114,1414,0,N,0,N,1,LBBB,0.9939654,0.00023357819,0.9939654,7.764151e-05,0.005002542,0.00044016558,0.00010786633,7.359128e-05,9.925416e-05
1671,114_01415,114,1415,0,N,0,N,0,N,0.9330401,0.9330401,0.043158066,0.000112742055,0.016919205,0.0032505665,0.00050858565,0.0002709131,0.002739815
1672,114_01416,114,1416,0,N,0,N,0,N,0.97745186,0.97745186,0.009671953,6.3386615e-05,0.0085064825,0.0021036144,0.00035602527,0.00014042671,0.0017063522
1673,114_01417,114,1417,0,N,0,N,0,N,0.9687542,0.9687542,0.011141671,7.867657e-05,0.012908452,0.0023167718,0.00027157876,0.00021975655,0.004308983
1674,114_01418,114,1418,0,N,0,N,0,N,0.614837,0.614837,0.31397742,0.0003155625,0.05559825,0.005247847,0.0008080064,0.00077322155,0.00844268
1675,114_01419,114,1419,0,N,0,N,0,N,0.8744377,0.8744377,0.08806868,0.00015465898,0.027717698,0.0035654893,0.00057459873,0.00040892063,0.005072284
1676,114_01420,114,1420,0,N,0,N,1,LBBB,0.7416886,0.20225498,0.7416886,0.00029661402,0.04656118,0.0044279187,0.0009787815,0.0005728448,0.0032190701
1677,114_01421,114,1421,0,N,0,N,1,LBBB,0.9314511,0.032873202,0.9314511,0.00026096942,0.030647658,0.0022289278,0.0005470574,0.00040135186,0.0015898295
1678,114_01422,114,1422,0,N,0,N,0,N,0.89641434,0.89641434,0.08005602,0.00012578716,0.017109325,0.0038236722,0.0008544232,0.00023996634,0.0013763672
1679,114_01423,114,1423,0,N,0,N,0,N,0.74974227,0.74974227,0.20649299,0.00018944858,0.034099817,0.004524852,0.0008405219,0.00044300736,0.003667053
1680,114_01424,114,1424,0,N,0,N,1,LBBB,0.94405144,0.021327496,0.94405144,0.00025804067,0.029762724,0.0018430892,0.00041633027,0.00041754122,0.0019234371
1681,114_01425,114,1425,0,N,0,N,1,LBBB,0.9944396,9.797825e-05,0.9944396,8.3117615e-05,0.0046838233,0.00038832222,8.063599e-05,8.8257024e-05,0.00013832824
1682,114_01426,114,1426,0,N,0,N,0,N,0.68470925,0.68470925,0.2654911,0.00026632604,0.038294915,0.0060045784,0.0009944823,0.0005826637,0.0036566663
1683,114_01427,114,1427,0,N,0,N,0,N,0.98746735,0.98746735,0.0033109782,5.4431282e-05,0.005439595,0.002092336,0.0003054846,0.000108347645,0.0012214835
1684,114_01428,114,1428,0,N,0,N,0,N,0.99568486,0.99568486,0.0001021085,2.8172646e-05,0.0018438651,0.0017426475,0.00027530594,3.7533286e-05,0.00028541038
1685,114_01429,114,1429,0,N,0,N,0,N,0.99523795,0.99523795,9.643408e-05,2.9558607e-05,0.0020995352,0.0018604533,0.00023236677,4.0992843e-05,0.0004027236
1686,114_01430,114,1430,0,N,0,N,0,N,0.9939437,0.9939437,5.006487e-05,3.3956483e-05,0.002590305,0.0025048628,0.00020791565,4.423547e-05,0.000625122
1687,114_01431,114,1431,0,N,0,N,0,N,0.98823845,0.98823845,0.0005940575,5.4735985e-05,0.0054519214,0.0023879784,0.00017832486,0.000110386616,0.0029841987
1688,114_01432,114,1432,0,N,0,N,0,N,0.98501384,0.98501384,0.0017205226,5.505323e-05,0.0072468184,0.0021462021,0.00017596633,0.00013143345,0.0035101005
1689,114_01433,114,1433,0,N,0,N,0,N,0.9860179,0.9860179,0.002186501,5.464227e-05,0.0066459766,0.0020229998,0.00022295694,0.00012482097,0.0027241434
1690,114_01434,114,1434,0,N,0,N,0,N,0.98890626,0.98890626,0.0009912105,5.0796676e-05,0.005325957,0.0020571055,0.0001993143,0.00010356228,0.0023657447
1691,114_01435,114,1435,0,N,0,N,0,N,0.9917874,0.9917874,0.00031141183,4.624082e-05,0.003845797,0.0020334506,0.00019776897,7.7535165e-05,0.0017004374
1692,114_01436,114,1436,0,N,0,N,0,N,0.9901415,0.9901415,0.0015445155,4.540285e-05,0.004711879,0.0018899434,0.00020298605,9.10765e-05,0.0013726434
1693,114_01437,114,1437,0,N,0,N,0,N,0.99003005,0.99003005,0.0014410382,4.6581605e-05,0.0047471747,0.0019405755,0.00021667614,9.17601e-05,0.0014861111
1694,114_01438,114,1438,0,N,0,N,0,N,0.99197924,0.99197924,0.0009564051,4.306149e-05,0.003879946,0.0017293668,0.00024314145,7.395472e-05,0.001094923
1695,114_01439,114,1439,0,N,0,N,0,N,0.97292733,0.97292733,0.011162221,7.274849e-05,0.010542052,0.002283002,0.00029776286,0.00017858113,0.0025362566
1696,114_01440,114,1440,0,N,0,N,0,N,0.9893868,0.9893868,0.0021926016,4.709504e-05,0.004913993,0.0018742719,0.00023532053,9.366879e-05,0.001256302
1697,114_01441,114,1441,0,N,0,N,0,N,0.96645194,0.96645194,0.020815335,7.00268e-05,0.008545977,0.0025675576,0.0006240016,0.00012606556,0.00079921767
1698,114_01442,114,1442,0,N,0,N,0,N,0.9268471,0.9268471,0.04993789,0.00011303305,0.01697998,0.0035616271,0.0005422907,0.00024058014,0.0017774566
1699,114_01443,114,1443,0,N,0,N,0,N,0.98920316,0.98920316,0.0024753509,4.4360557e-05,0.0049409405,0.0017498529,0.0002814872,8.69421e-05,0.0012180009
1700,114_01444,114,1444,0,N,0,N,0,N,0.9519292,0.9519292,0.032269526,8.912611e-05,0.011094199,0.0029646312,0.00059715164,0.00015529082,0.000900895
1701,114_01445,114,1445,0,N,0,N,0,N,0.9708179,0.9708179,0.014739215,7.254384e-05,0.009857468,0.002418784,0.00034300974,0.00015756501,0.0015934232
1702,114_01446,114,1446,0,N,0,N,1,LBBB,0.60031843,0.3556016,0.60031843,0.0003119256,0.034577902,0.0058853766,0.0014771014,0.0004795044,0.0013481316
1703,114_01447,114,1447,0,N,0,N,0,N,0.99271107,0.99271107,0.0011396101,4.084979e-05,0.0032629396,0.0018152511,0.0003239181,6.532723e-05,0.0006411111
1704,114_01448,114,1448,0,N,0,N,0,N,0.9796429,0.9796429,0.00821535,6.520087e-05,0.007814343,0.0022435822,0.0003389954,0.00014147692,0.001538097
1705,114_01449,114,1449,0,N,0,N,0,N,0.9747509,0.9747509,0.011283883,6.97039e-05,0.009265706,0.0023473378,0.00031584938,0.00015915275,0.0018075075
1706,114_01450,114,1450,0,N,0,N,0,N,0.9938544,0.9938544,0.0007234883,3.7583202e-05,0.0027420872,0.0016752317,0.00035406667,5.6904802e-05,0.0005562338
1707,114_01451,114,1451,0,N,0,N,0,N,0.99062324,0.99062324,0.0026187655,4.373292e-05,0.0040279105,0.0016968185,0.00030815043,7.289943e-05,0.00060853665
1708,114_01452,114,1452,0,N,0,N,0,N,0.9948679,0.9948679,0.00011757564,3.069798e-05,0.0024934835,0.0016733999,0.00015583937,4.5847988e-05,0.0006152221
1709,114_01453,114,1453,0,N,0,N,0,N,0.9967209,0.9967209,3.2957287e-05,1.7066995e-05,0.0013121129,0.0015154006,0.00024872093,2.303459e-05,0.00012975698
1710,114_01454,114,1454,0,N,0,N,0,N,0.99205714,0.99205714,6.819944e-06,2.1751344e-05,0.0026089172,0.004818536,0.0003087422,2.8733168e-05,0.0001494541
1711,114_01455,114,1455,0,N,0,N,0,N,0.9951598,0.9951598,1.1240211e-05,1.8451332e-05,0.0017027368,0.0027283959,0.0002158026,2.2953134e-05,0.00014057939
1712,114_01456,114,1456,0,N,0,N,0,N,0.9955176,0.9955176,1.2466852e-05,2.2592516e-05,0.0014862473,0.002518124,0.0002747158,2.4820574e-05,0.00014335684
1713,114_01457,114,1457,0,N,0,N,0,N,0.9949246,0.9949246,8.017134e-05,3.166231e-05,0.0021532178,0.0021418899,0.00018958276,4.3185886e-05,0.00043583268
1714,114_01458,114,1458,0,N,0,N,0,N,0.9958723,0.9958723,6.041054e-05,2.3612747e-05,0.0018295229,0.0017096123,0.00017534448,3.2536773e-05,0.00029654993
1715,114_01459,114,1459,0,N,0,N,0,N,0.9955015,0.9955015,0.0003645844,2.84887e-05,0.0019605437,0.0014747973,0.00033537188,4.0820323e-05,0.00029405014
1716,114_01460,114,1460,0,N,0,N,0,N,0.99384135,0.99384135,0.0003083206,3.6028752e-05,0.0028683264,0.0019433572,0.00016521638,6.016741e-05,0.0007772383
1717,114_01461,114,1461,0,N,0,N,0,N,0.989155,0.989155,0.0025897713,4.7346788e-05,0.0049117273,0.0018622886,0.00024950542,9.226138e-05,0.0010921368
1718,114_01462,114,1462,0,N,0,N,0,N,0.9919187,0.9919187,0.0020118773,4.2109004e-05,0.0033288307,0.0017541078,0.00041452132,6.342826e-05,0.000466504
1719,114_01463,114,1463,0,N,0,N,0,N,0.9786697,0.9786697,0.007524592,6.401144e-05,0.008845322,0.0022185503,0.00028470278,0.00015717819,0.002235906
1720,114_01464,114,1464,0,N,0,N,0,N,0.9434996,0.9434996,0.03429836,0.000102418446,0.01604962,0.0030923565,0.00043899048,0.00023405079,0.0022845573
1721,114_01465,114,1465,0,N,0,N,0,N,0.6078707,0.6078707,0.34218955,0.0003096256,0.03818478,0.00676193,0.0011443303,0.0006038455,0.0029352447
1722,114_01466,114,1466,0,N,0,N,0,N,0.9901758,0.9901758,0.0032688205,5.1998966e-05,0.0036843456,0.0019658802,0.00039962694,7.738304e-05,0.00037616878
1723,114_01467,114,1467,0,N,0,N,0,N,0.99620813,0.99620813,0.00011923686,2.6379119e-05,0.0015759114,0.0015656829,0.00028351005,3.466825e-05,0.00018660403
1724,114_01468,114,1468,0,N,0,N,0,N,0.99645734,0.99645734,3.111492e-05,2.1711545e-05,0.001400546,0.0016851089,0.00023116768,2.7101592e-05,0.00014589717
1725,114_01469,114,1469,0,N,0,N,0,N,0.99546796,0.99546796,2.4568368e-05,2.5177676e-05,0.0015646121,0.0024472165,0.00025141888,3.0069774e-05,0.00018902392
1726,114_01470,114,1470,0,N,0,N,0,N,0.9949202,0.9949202,9.239794e-05,2.9701e-05,0.0022986182,0.0019168619,0.00019604157,4.2919637e-05,0.000503233
1727,114_01471,114,1471,0,N,0,N,0,N,0.99110293,0.99110293,0.0006985333,4.2589094e-05,0.0042907163,0.001955107,0.0001912103,8.1593564e-05,0.0016372837
1728,114_01472,114,1472,0,N,0,N,0,N,0.99041605,0.99041605,0.0008595845,4.1996605e-05,0.0046743937,0.0019102942,0.00019226172,8.40071e-05,0.0018213611
1729,114_01473,114,1473,0,N,0,N,0,N,0.9864022,0.9864022,0.0031565635,4.6884023e-05,0.006310081,0.001881406,0.00022295877,0.00011015619,0.0018697713
1730,114_01474,114,1474,0,N,0,N,0,N,0.9909965,0.9909965,0.0008529771,4.246189e-05,0.00436717,0.0018735313,0.00019802102,8.1107006e-05,0.0015881866
1731,114_01475,114,1475,0,N,0,N,0,N,0.99145544,0.99145544,0.00075822143,4.148789e-05,0.004144054,0.0018857511,0.00021418805,7.716331e-05,0.001423771
1732,114_01476,114,1476,0,N,0,N,0,N,0.9894816,0.9894816,0.001917902,4.4086977e-05,0.0050320947,0.00183444,0.00018599017,9.28745e-05,0.0014109164
1733,114_01477,114,1477,0,N,0,N,0,N,0.99347985,0.99347985,0.000661851,3.573421e-05,0.0030106122,0.0017510342,0.00026132303,5.8755337e-05,0.00074089627
1734,114_01478,114,1478,0,N,0,N,0,N,0.9939113,0.9939113,0.00095509883,3.490544e-05,0.0027740623,0.0014814008,0.0003096817,5.250442e-05,0.00048099572
1735,114_01479,114,1479,0,N,0,N,0,N,0.98074055,0.98074055,0.005914526,6.110848e-05,0.008431962,0.0021264988,0.00023423131,0.00015073693,0.0023404185
1736,114_01480,114,1480,0,N,0,N,0,N,0.99379164,0.99379164,0.0007524826,3.599803e-05,0.0028093683,0.0017656987,0.0003055581,5.6523804e-05,0.00048279826
1737,114_01481,114,1481,0,N,0,N,0,N,0.98349714,0.98349714,0.0076835533,5.8777325e-05,0.0054654568,0.0021395558,0.00047858234,9.667629e-05,0.00058020937
1738,114_01482,114,1482,0,N,0,N,0,N,0.8645565,0.8645565,0.10408626,0.00016351104,0.02336714,0.0047729067,0.00075501966,0.00033281546,0.0019658043
1739,114_01483,114,1483,0,N,0,N,0,N,0.513153,0.513153,0.43530488,0.00030655134,0.040471554,0.0062906286,0.0011937908,0.0005739173,0.002705661
1740,114_01484,114,1484,0,N,0,N,0,N,0.98770875,0.98770875,0.0049910257,5.2275227e-05,0.004333285,0.0018910909,0.00050912536,7.7320874e-05,0.00043718744
1741,114_01485,114,1485,0,N,0,N,0,N,0.97777975,0.97777975,0.009327032,7.2513445e-05,0.008412059,0.0023384667,0.00031855717,0.00015514757,0.0015965103
1742,114_01486,114,1486,0,N,0,N,0,N,0.99390495,0.99390495,0.00040010843,3.6905425e-05,0.0028581813,0.0017940486,0.00022834656,5.801494e-05,0.0007195248
1743,114_01487,114,1487,0,N,0,N,0,N,0.9885913,0.9885913,0.003737619,5.1626826e-05,0.004488701,0.0020010679,0.00038898273,8.764315e-05,0.0006530205
1744,114_01488,114,1488,0,N,0,N,0,N,0.9922123,0.9922123,0.0012586077,4.5776436e-05,0.0035921584,0.0018277147,0.00022767068,7.653845e-05,0.0007593004
1745,114_01489,114,1489,0,N,0,N,0,N,0.9923434,0.9923434,0.0012660199,4.7997848e-05,0.0033679958,0.001940008,0.00029654053,7.481148e-05,0.0006632068
1746,114_01490,114,1490,0,N,0,N,0,N,0.9954927,0.9954927,0.00022271571,3.2173208e-05,0.001956394,0.0016104673,0.00030794236,4.290279e-05,0.00033465264
1747,114_01491,114,1491,0,N,0,N,0,N,0.9924626,0.9924626,0.00015308418,4.8087644e-05,0.0032118624,0.0025830509,0.0001963637,7.110228e-05,0.001273841
1748,114_01492,114,1492,0,N,0,N,0,N,0.9894771,0.9894771,9.188814e-05,5.283304e-05,0.0040764953,0.0041537224,0.0001897309,7.9746525e-05,0.0018783333
1749,114_01493,114,1493,0,N,0,N,0,N,0.99185896,0.99185896,0.00021437375,4.7685768e-05,0.0035225453,0.0026247306,0.00015810246,7.877432e-05,0.0014947976
1750,114_01494,114,1494,0,N,0,N,0,N,0.99407876,0.99407876,3.634443e-05,3.2346867e-05,0.0022085889,0.002990019,0.00018094257,3.9819326e-05,0.00043314832
1751,114_01495,114,1495,0,N,0,N,0,N,0.99659324,0.99659324,2.8344346e-05,1.9624382e-05,0.0012595565,0.0017161575,0.00022947966,2.469608e-05,0.00012905116
1752,114_01496,114,1496,0,N,0,N,0,N,0.9951918,0.9951918,1.98005e-05,2.49027e-05,0.0017168842,0.0026129659,0.00020767782,2.9709334e-05,0.00019634323
1753,114_01497,114,1497,0,N,0,N,0,N,0.99533004,0.99533004,8.858399e-05,3.0762803e-05,0.001942037,0.002019236,0.00022269375,4.165114e-05,0.00032498024
1754,114_01498,114,1498,0,N,0,N,0,N,0.9954355,0.9954355,0.00010478608,2.8532597e-05,0.00200594,0.0017834022,0.00023522203,3.9457263e-05,0.00036724837
1755,114_01499,114,1499,0,N,0,N,0,N,0.9905644,0.9905644,0.0006315405,5.1028117e-05,0.0044642356,0.002269219,0.00018157063,9.57428e-05,0.0017421268
1756,114_01500,114,1500,0,N,0,N,0,N,0.99194485,0.99194485,0.00038107755,4.1274765e-05,0.0038644036,0.0019987985,0.00017934224,7.4192976e-05,0.0015161261
1757,114_01501,114,1501,0,N,0,N,0,N,0.95130014,0.95130014,0.027626151,9.4034796e-05,0.014852573,0.002844253,0.00040417007,0.0002336172,0.0026450253
1758,114_01502,114,1502,0,N,0,N,0,N,0.9884129,0.9884129,0.0016102308,4.589617e-05,0.0056279493,0.0018496519,0.00019656861,9.969405e-05,0.0021571429
1759,114_01503,114,1503,0,N,0,N,0,N,0.95228493,0.95228493,0.026557764,8.7012435e-05,0.01497783,0.0025106203,0.00039223334,0.0002214872,0.002968048
1760,114_01504,114,1504,0,N,0,N,0,N,0.9496656,0.9496656,0.026672946,9.3006536e-05,0.016845318,0.0026624112,0.00035204226,0.0002436575,0.0034649693
1761,114_01505,114,1505,0,N,0,N,1,LBBB,0.9800046,0.0035853777,0.9800046,0.00015646992,0.014139932,0.0010586259,0.00022619251,0.00021867514,0.0006101589
1762,114_01506,114,1506,0,N,0,N,1,LBBB,0.7138956,0.23757948,0.7138956,0.00035805753,0.038500853,0.0058110356,0.0012010153,0.0006082489,0.0020456095
1763,114_01507,114,1507,0,N,0,N,0,N,0.9905131,0.9905131,0.002434136,5.8110923e-05,0.003955794,0.0020171376,0.0003178929,9.125808e-05,0.0006125504
1764,114_01508,114,1508,0,N,0,N,0,N,0.9966283,0.9966283,2.923631e-05,2.25341e-05,0.0012584344,0.0016400428,0.00026677691,2.6416506e-05,0.00012823567
1765,114_01509,114,1509,0,N,0,N,0,N,0.99612397,0.99612397,9.620935e-06,2.040905e-05,0.0011484176,0.0022802101,0.00031968145,2.2536662e-05,7.525063e-05
1766,114_01510,114,1510,0,N,0,N,0,N,0.99512464,0.99512464,1.1502936e-05,2.2441212e-05,0.0016301064,0.0027817853,0.00025324518,2.5435338e-05,0.0001507952
1767,114_01511,114,1511,0,N,0,N,0,N,0.99391437,0.99391437,2.5799296e-05,3.438684e-05,0.0022319928,0.0030944678,0.00023241632,3.7638736e-05,0.00042901078
1768,114_01512,114,1512,0,N,0,N,0,N,0.98288673,0.98288673,9.688516e-05,6.9539616e-05,0.00693852,0.0054940633,0.00020651573,0.00010302037,0.0042047305
1769,114_01513,114,1513,0,N,0,N,0,N,0.97751033,0.97751033,8.793604e-05,8.1272956e-05,0.008798939,0.008241745,0.00025528335,0.0001185457,0.0049060537
1770,114_01514,114,1514,0,N,0,N,0,N,0.98856527,0.98856527,4.2648506e-05,4.803224e-05,0.0045282976,0.005149222,0.00019428939,6.392995e-05,0.0014083446
1771,114_01515,114,1515,0,N,0,N,0,N,0.99074125,0.99074125,3.9693285e-05,3.7448757e-05,0.003945552,0.0039571924,0.00015971182,5.273532e-05,0.0010663795
1772,114_01516,114,1516,0,N,0,N,0,N,0.9931952,0.9931952,9.858988e-06,2.0424168e-05,0.0026790488,0.003629229,0.00022777518,2.707962e-05,0.00021137643
1773,114_01517,114,1517,0,N,0,N,0,N,0.9947589,0.9947589,1.3770278e-05,1.9221614e-05,0.0021375646,0.0026715305,0.00015549126,2.4735731e-05,0.00021885164
1774,114_01518,114,1518,0,N,0,N,0,N,0.99619496,0.99619496,5.474564e-06,1.0951118e-05,0.0016175354,0.0019203715,0.0001647441,1.51994955e-05,7.07318e-05
1775,114_01519,114,1519,0,N,0,N,0,N,0.9959643,0.9959643,6.3234174e-06,1.3401633e-05,0.0015429967,0.002082091,0.0002978142,1.7369252e-05,7.564276e-05
1776,114_01520,114,1520,0,N,0,N,0,N,0.9932909,0.9932909,2.9005973e-06,1.4922675e-05,0.0020314397,0.0038939118,0.00069603487,1.9910463e-05,4.9910755e-05
1777,114_01521,114,1521,0,N,0,N,0,N,0.9956929,0.9956929,6.257371e-06,1.31081015e-05,0.0014105407,0.0024378754,0.000353501,1.7356639e-05,6.84878e-05
1778,114_01522,114,1522,0,N,0,N,0,N,0.99212587,0.99212587,3.3377567e-06,1.3863713e-05,0.0023198838,0.004924765,0.00052682287,2.0740272e-05,6.459236e-05
1779,114_01523,114,1523,0,N,0,N,0,N,0.98780024,0.98780024,2.4930819e-06,1.7424985e-05,0.0035474095,0.0075843446,0.0009605186,2.7388527e-05,6.0136703e-05
1780,114_01524,114,1524,0,N,0,N,0,N,0.98857766,0.98857766,9.038834e-06,2.5645675e-05,0.003820087,0.006712001,0.00052413385,3.329452e-05,0.00029810323
1781,114_01525,114,1525,0,N,0,N,0,N,0.97460496,0.97460496,8.547474e-06,3.8067166e-05,0.006866524,0.016663454,0.0013766177,5.4983524e-05,0.0003870076
1782,114_01526,114,1526,0,N,0,N,0,N,0.96775144,0.96775144,9.6776375e-06,4.298111e-05,0.007982602,0.022203546,0.0014443456,6.3563355e-05,0.0005017758
1783,114_01527,114,1527,0,N,0,N,0,N,0.9899813,0.9899813,1.07298665e-05,3.0306992e-05,0.003316335,0.005668629,0.00064109714,3.4681023e-05,0.00031708565
1784,114_01528,114,1528,0,N,0,N,0,N,0.9906277,0.9906277,4.12276e-06,2.1434123e-05,0.0020021861,0.0062270085,0.0010177098,2.6821366e-05,7.294684e-05
1785,114_01529,114,1529,0,N,0,N,0,N,0.9895498,0.9895498,4.6076234e-06,1.8126526e-05,0.0026599027,0.007060928,0.000571323,2.6176183e-05,0.000109082626
1786,114_01530,114,1530,0,N,0,N,0,N,0.98638594,0.98638594,4.3131045e-06,2.1280357e-05,0.0037368552,0.008155495,0.0015633332,3.2004697e-05,0.00010073679
1787,114_01531,114,1531,0,N,0,N,0,N,0.9744857,0.9744857,3.5552075e-06,1.0900089e-05,0.007033105,0.0070622177,0.011305751,3.7908583e-05,6.0919207e-05
1788,114_01532,114,1532,0,N,0,N,0,N,0.9809469,0.9809469,7.958345e-06,3.2910477e-05,0.004845071,0.011852666,0.0019830682,4.433085e-05,0.00028705725
1789,114_01533,114,1533,0,N,0,N,0,N,0.98651975,0.98651975,4.390287e-06,2.6046155e-05,0.0025962645,0.0090941675,0.0016349413,3.387173e-05,9.052054e-05
1790,114_01534,114,1534,0,N,0,N,0,N,0.9794339,0.9794339,9.377315e-06,3.2452983e-05,0.005290123,0.014008258,0.00079655094,4.5762074e-05,0.0003836158
1791,114_01535,114,1535,0,N,0,N,0,N,0.9740478,0.9740478,2.8986935e-06,1.5858337e-05,0.004782083,0.019740878,0.0013164959,3.765071e-05,5.6183344e-05
1792,114_01536,114,1536,0,N,0,N,0,N,0.98177934,0.98177934,3.5825444e-06,6.914135e-06,0.0075540273,0.0032686847,0.0073345294,3.1799955e-05,2.1168615e-05
1793,114_01537,114,1537,0,N,0,N,0,N,0.9828648,0.9828648,2.9158473e-06,1.3382399e-05,0.005073826,0.01042699,0.0015261631,2.9921443e-05,6.199595e-05
1794,114_01538,114,1538,0,N,0,N,0,N,0.9723828,0.9723828,2.6719251e-06,1.7630486e-05,0.00591591,0.017460309,0.004114525,4.1051575e-05,6.5176806e-05
1795,114_01539,114,1539,0,N,0,N,0,N,0.9829264,0.9829264,1.128044e-05,3.5559533e-05,0.004705808,0.010899673,0.00097077666,4.5504024e-05,0.0004050233
1796,114_01540,114,1540,0,N,0,N,0,N,0.97845274,0.97845274,5.823163e-06,3.735793e-05,0.0033409842,0.01641207,0.0015649272,5.1239367e-05,0.00013480657
1797,114_01541,114,1541,0,N,0,N,0,N,0.96675366,0.96675366,6.136319e-06,4.4368127e-05,0.0053138905,0.025725916,0.0019079592,6.64743e-05,0.00018167334
1798,114_01542,114,1542,0,N,0,N,0,N,0.99134034,0.99134034,7.297199e-06,2.5391104e-05,0.0028847696,0.0049751927,0.0005566412,3.0553474e-05,0.00017977905
1799,114_01543,114,1543,0,N,0,N,0,N,0.97237945,0.97237945,8.181952e-06,3.2545882e-05,0.014076318,0.011048702,0.0020029265,5.9093883e-05,0.00039277412
1800,114_01544,114,1544,0,N,0,N,0,N,0.97818595,0.97818595,7.3526853e-06,2.7937593e-05,0.012912749,0.0075133196,0.00091538567,4.5452358e-05,0.0003917758
1801,114_01545,114,1545,0,N,0,N,0,N,0.9839359,0.9839359,5.7680018e-06,2.2078644e-05,0.0066785645,0.008445509,0.0006643439,3.598914e-05,0.0002117797
1802,114_01546,114,1546,0,N,0,N,0,N,0.98667383,0.98667383,3.93e-06,2.307077e-05,0.0037554202,0.008377441,0.0010197811,3.230087e-05,0.00011435643
1803,114_01547,114,1547,0,N,0,N,0,N,0.9923978,0.9923978,5.613047e-06,1.6879989e-05,0.0023980564,0.004688685,0.00034440597,2.3255629e-05,0.0001252998
1804,114_01548,114,1548,0,N,0,N,0,N,0.98722667,0.98722667,3.6160006e-06,1.7817092e-05,0.003746443,0.008045024,0.0008312385,2.795187e-05,0.00010123531
1805,114_01549,114,1549,0,N,0,N,0,N,0.9860418,0.9860418,3.0263304e-06,2.0129057e-05,0.0037172532,0.008472771,0.0016419194,3.088073e-05,7.2184186e-05
1806,114_01550,114,1550,0,N,0,N,0,N,0.98826194,0.98826194,5.3879185e-06,1.7871462e-05,0.0037217005,0.007233423,0.0005777265,2.7454767e-05,0.00015438456
1807,114_01551,114,1551,0,N,0,N,0,N,0.98825186,0.98825186,8.911705e-06,2.5901407e-05,0.0036280733,0.007298359,0.0005138157,3.5762558e-05,0.00023727397
1808,114_01552,114,1552,0,N,0,N,0,N,0.98547804,0.98547804,4.383577e-06,1.9735402e-05,0.0046998253,0.008952937,0.0006935261,3.3847355e-05,0.00011774779
1809,114_01553,114,1553,0,N,0,N,0,N,0.99560225,0.99560225,1.5936821e-05,2.4306522e-05,0.0019142752,0.002000304,0.00019762863,2.6854035e-05,0.00021849558
1810,114_01554,114,1554,0,N,0,N,0,N,0.9945349,0.9945349,7.795937e-06,1.834333e-05,0.002321018,0.0026825948,0.0002613943,2.2930868e-05,0.00015085135
1811,114_01555,114,1555,0,N,0,N,0,N,0.9913878,0.9913878,9.905952e-06,3.2872573e-05,0.0032320279,0.0045454013,0.00048579578,3.666456e-05,0.00026957042
1812,114_01556,114,1556,0,N,0,N,0,N,0.99276197,0.99276197,3.4024863e-05,3.8631042e-05,0.0028181092,0.003426012,0.00021143683,4.617115e-05,0.00066367735
1813,114_01557,114,1557,0,N,0,N,0,N,0.99444854,0.99444854,2.082218e-05,2.8672033e-05,0.0020448812,0.002929093,0.00019956409,3.272314e-05,0.00029575935
1814,114_01558,114,1558,0,N,0,N,0,N,0.9945283,0.9945283,8.15805e-06,2.3312623e-05,0.0017349189,0.0032692745,0.00028695603,2.6210486e-05,0.00012286149
1815,114_01559,114,1559,0,N,0,N,0,N,0.99683857,0.99683857,1.16287265e-05,1.7869363e-05,0.0010246868,0.0017123909,0.00030971915,2.0264115e-05,6.491045e-05
1816,114_01560,114,1560,0,N,0,N,0,N,0.993517,0.993517,3.2470552e-06,1.8662717e-05,0.0021572874,0.0038221024,0.00039676166,2.2757198e-05,6.220419e-05
1817,114_01561,114,1561,0,N,0,N,0,N,0.98801374,0.98801374,2.03355e-06,1.0340671e-05,0.006030001,0.0042743534,0.0016210261,2.9258985e-05,1.9313022e-05
1818,114_01562,114,1562,0,N,0,N,0,N,0.98703784,0.98703784,3.6027463e-06,5.532787e-06,0.0041158125,0.00034688093,0.008460539,1.9905434e-05,9.847244e-06
1819,114_01563,114,1563,0,N,0,N,0,N,0.98282206,0.98282206,4.3877517e-06,8.368794e-06,0.008888351,0.00042890414,0.0077919313,2.018204e-05,3.5915506e-05
1820,114_01564,114,1564,0,N,0,N,0,N,0.97060174,0.97060174,1.33001395e-05,4.6126424e-05,0.017734671,0.008732621,0.0019388804,7.1405084e-05,0.0008612461
1821,114_01565,114,1565,0,N,0,N,0,N,0.98466957,0.98466957,9.299013e-06,3.4296685e-05,0.009773795,0.004441202,0.00043313333,4.337823e-05,0.00059525
1822,114_01566,114,1566,0,N,0,N,0,N,0.9826327,0.9826327,2.8068984e-05,5.2425366e-05,0.007833581,0.0074653514,0.00033996964,6.9876725e-05,0.0015778885
1823,114_01567,114,1567,0,N,0,N,0,N,0.9884142,0.9884142,2.8719785e-05,3.9252707e-05,0.0051122536,0.005060089,0.00031130572,5.131636e-05,0.0009827507
1824,114_01568,114,1568,0,N,0,N,0,N,0.99165577,0.99165577,6.754911e-05,4.1649946e-05,0.003425102,0.0033473696,0.0001690306,6.046275e-05,0.001233139
1825,114_01569,114,1569,0,N,0,N,0,N,0.99434894,0.99434894,0.00015814816,3.2152857e-05,0.0026765983,0.0017738419,0.00018871782,5.01677e-05,0.00077137287
1826,114_01570,114,1570,0,N,0,N,0,N,0.9953915,0.9953915,1.612471e-05,2.104477e-05,0.0020022546,0.002130952,0.00017048858,2.4861254e-05,0.00024275422
1827,114_01571,114,1571,0,N,0,N,0,N,0.9943368,0.9943368,1.5294961e-05,2.2000937e-05,0.0026916591,0.0023899372,0.00019440411,2.6873873e-05,0.00032313835
1828,114_01572,114,1572,0,N,0,N,0,N,0.99133265,0.99133265,4.0105224e-06,1.5406034e-05,0.003681177,0.004483221,0.00034584675,2.331125e-05,0.00011448328
1829,114_01573,114,1573,0,N,0,N,0,N,0.9930044,0.9930044,2.6928094e-06,9.878937e-06,0.002831782,0.0037818246,0.00029876662,1.7137256e-05,5.353082e-05
1830,114_01574,114,1574,0,N,0,N,0,N,0.9888717,0.9888717,3.2780001e-06,1.3809822e-05,0.004766254,0.0057750135,0.0004681157,2.5557922e-05,7.632078e-05
1831,114_01575,114,1575,0,N,0,N,0,N,0.97741,0.97741,3.9067545e-06,1.7784549e-05,0.007883718,0.013447907,0.0011026151,4.2076703e-05,9.19771e-05
1832,114_01576,114,1576,0,N,0,N,0,N,0.97433907,0.97433907,4.969984e-06,2.4876024e-05,0.0077291424,0.016644299,0.0010317706,4.6385754e-05,0.00017944386
1833,114_01577,114,1577,0,N,0,N,0,N,0.98753417,0.98753417,4.6793302e-06,1.9431647e-05,0.006451822,0.005369657,0.00040399624,3.086041e-05,0.0001853736
1834,114_01578,114,1578,0,N,0,N,0,N,0.978561,0.978561,5.3404046e-06,2.3822338e-05,0.010186196,0.010051776,0.0009035105,4.2105406e-05,0.00022633237
1835,114_01579,114,1579,0,N,0,N,0,N,0.9759166,0.9759166,4.461529e-06,2.533007e-05,0.008100816,0.014268257,0.0014910108,4.7005607e-05,0.00014629801
1836,114_01580,114,1580,0,N,0,N,0,N,0.9827949,0.9827949,3.6650094e-06,1.9929781e-05,0.004855861,0.011613138,0.0005709488,3.4951176e-05,0.00010665675
1837,114_01581,114,1581,0,N,0,N,0,N,0.9854508,0.9854508,2.9897533e-06,1.6503407e-05,0.004700973,0.0090757925,0.00064350525,2.9813013e-05,7.97967e-05
1838,114_01582,114,1582,3,APC,0,N,0,N,0.98128587,0.98128587,3.2021605e-06,1.6826289e-05,0.008775694,0.007887561,0.0019210947,4.0212366e-05,6.958199e-05
1839,114_01583,114,1583,0,N,3,APC,0,N,0.98541695,0.98541695,2.733283e-06,1.6809721e-05,0.0064342674,0.0071565085,0.00087198045,3.18316e-05,6.894595e-05
1840,114_01584,114,1584,0,N,0,N,0,N,0.9872615,0.9872615,2.8358263e-06,1.5527869e-05,0.004266836,0.00766388,0.00068820606,2.7157483e-05,7.395953e-05
1841,114_01585,114,1585,0,N,0,N,0,N,0.9937305,0.9937305,2.1548028e-06,1.1688672e-05,0.0020028339,0.0036889974,0.00051173475,1.7398772e-05,3.469358e-05
1842,114_01586,114,1586,0,N,0,N,0,N,0.9958536,0.9958536,3.3267308e-06,9.677375e-06,0.0016464886,0.0021986966,0.00022261974,1.3801165e-05,5.1743784e-05
1843,114_01587,114,1587,0,N,0,N,0,N,0.9954157,0.9954157,3.3629638e-06,1.2519403e-05,0.00179627,0.0024800573,0.00022099008,1.6733618e-05,5.4378488e-05
1844,114_01588,114,1588,0,N,0,N,0,N,0.9919006,0.9919006,6.407053e-06,2.0649031e-05,0.0028506482,0.0047081024,0.00033074705,2.8072585e-05,0.00015478669
1845,114_01589,114,1589,3,APC,0,N,0,N,0.9914649,0.9914649,3.9283917e-05,3.722634e-05,0.0032801023,0.004157007,0.00019246056,5.0916933e-05,0.0007779974
1846,114_01590,114,1590,0,N,3,APC,0,N,0.9882309,0.9882309,0.00015219412,5.273148e-05,0.0048866114,0.003629221,0.00015343446,9.247958e-05,0.0028023955
1847,114_01591,114,1591,0,N,0,N,0,N,0.9878331,0.9878331,0.0002967955,5.4326643e-05,0.0052038813,0.0031387236,0.00016307096,0.000105346095,0.0032047678
1848,114_01592,114,1592,0,N,0,N,0,N,0.9899999,0.9899999,0.0003912662,4.5869925e-05,0.004588596,0.002276155,0.00017075754,8.917211e-05,0.0024382323
1849,114_01593,114,1593,0,N,0,N,0,N,0.98704207,0.98704207,0.00047913182,5.237014e-05,0.0058341487,0.002764244,0.00015885486,0.00011271868,0.0035564667
1850,114_01594,114,1594,0,N,0,N,0,N,0.98835945,0.98835945,0.000773561,4.9039965e-05,0.005596194,0.0020630034,0.00016839035,0.00010357838,0.0028866567
1851,114_01595,114,1595,0,N,0,N,0,N,0.98949,0.98949,0.0005900723,4.8160095e-05,0.004918121,0.0021199589,0.00018198602,9.61233e-05,0.0025556958
1852,114_01596,114,1596,0,N,0,N,0,N,0.98730206,0.98730206,0.00093043677,5.3921874e-05,0.006039223,0.0021383173,0.00018013513,0.00011508162,0.0032408636
1853,114_01597,114,1597,0,N,0,N,0,N,0.9915885,0.9915885,0.00028683615,4.290113e-05,0.0038832587,0.0022417165,0.00017404527,7.6644035e-05,0.0017062686
1854,114_01598,114,1598,3,APC,0,N,0,N,0.98958117,0.98958117,0.00045143487,4.985426e-05,0.0047445316,0.0023336383,0.00018706077,9.626207e-05,0.0025561983
1855,114_01599,114,1599,0,N,3,APC,0,N,0.98962563,0.98962563,0.00033589956,4.8474478e-05,0.004678895,0.0024745276,0.00016453594,9.2297974e-05,0.002579834
1856,114_01600,114,1600,0,N,0,N,0,N,0.99180096,0.99180096,0.00029631908,4.1424923e-05,0.0038490824,0.0020904117,0.00016119886,7.448917e-05,0.0016859762
1857,114_01601,114,1601,0,N,0,N,0,N,0.9923691,0.9923691,0.0002893501,4.179737e-05,0.0035851535,0.002134112,0.00015274342,7.385372e-05,0.001353941
1858,114_01602,114,1602,0,N,0,N,0,N,0.9961604,0.9961604,1.6646112e-05,1.4434875e-05,0.0013455861,0.0021079395,0.0002322169,1.9802654e-05,0.00010285417
1859,114_01603,114,1603,0,N,0,N,0,N,0.99283934,0.99283934,3.684027e-05,3.2141543e-05,0.0024404333,0.0039839568,0.00022274214,4.3212087e-05,0.00040130882
1860,114_01604,114,1604,0,N,0,N,0,N,0.983716,0.983716,0.004773013,6.9419046e-05,0.007094721,0.0022760965,0.0002349863,0.0001468189,0.0016889513
1861,114_01605,114,1605,0,N,0,N,0,N,0.9904569,0.9904569,0.0025118217,4.467797e-05,0.003876584,0.0019788896,0.00042177291,7.48929e-05,0.00063444633
1862,114_01606,114,1606,0,N,0,N,0,N,0.99495703,0.99495703,0.00037503295,3.619155e-05,0.0020901805,0.0017650252,0.00036742332,4.9057704e-05,0.0003600493
1863,114_01607,114,1607,0,N,0,N,0,N,0.9837104,0.9837104,0.0037326736,5.8263788e-05,0.0074755633,0.0020913116,0.00022557116,0.00014239666,0.00256375
1864,114_01608,114,1608,0,N,0,N,0,N,0.65719473,0.65719473,0.28349254,0.00027865442,0.046326336,0.005940992,0.0008262197,0.0006444143,0.0052960822
1865,114_01609,114,1609,0,N,0,N,1,LBBB,0.95623785,0.018860387,0.95623785,0.00018890979,0.021548284,0.0016629248,0.00046800947,0.0002654183,0.0007682037
1866,114_01610,114,1610,0,N,0,N,0,N,0.9835278,0.9835278,0.008011717,5.569373e-05,0.005267689,0.0019695726,0.00055932184,8.743589e-05,0.00052073685
1867,114_01611,114,1611,0,N,0,N,0,N,0.9681322,0.9681322,0.013808578,7.492583e-05,0.012108331,0.0022515361,0.0003444065,0.0001926764,0.003087365
1868,114_01612,114,1612,0,N,0,N,0,N,0.9594638,0.9594638,0.019669643,9.3608716e-05,0.014569896,0.002710202,0.00032761015,0.00023240589,0.0029328917
1869,114_01613,114,1613,0,N,0,N,1,LBBB,0.9974222,9.48034e-06,0.9974222,5.3611326e-05,0.0021827638,0.00019797534,4.6527184e-05,4.0613515e-05,4.683659e-05
1870,114_01614,114,1614,0,N,0,N,0,N,0.5135788,0.5135788,0.4365771,0.0002664875,0.039526574,0.0056734737,0.001188393,0.0005261644,0.0026629749
1871,114_01615,114,1615,0,N,0,N,0,N,0.8208796,0.8208796,0.1453225,0.00015666289,0.026001893,0.0043375418,0.0008607047,0.0003279137,0.0021132033
1872,114_01616,114,1616,0,N,0,N,0,N,0.9907036,0.9907036,0.0012991312,4.5944307e-05,0.0043674093,0.0018773428,0.00024715005,8.502617e-05,0.0013744722
1873,114_01617,114,1617,0,N,0,N,0,N,0.9925139,0.9925139,0.0018264414,4.0062343e-05,0.0031352725,0.0016201432,0.00038556012,5.856904e-05,0.000420024
1874,114_01618,114,1618,0,N,0,N,0,N,0.99541223,0.99541223,8.402187e-05,3.0841577e-05,0.001953881,0.0019114137,0.00018120551,4.1043917e-05,0.0003853615
1875,114_01619,114,1619,0,N,0,N,0,N,0.9966817,0.9966817,4.8353733e-05,1.9769852e-05,0.001304297,0.0014762866,0.00029862617,2.4987643e-05,0.00014610936
1876,114_01620,114,1620,0,N,0,N,0,N,0.9959784,0.9959784,1.0231852e-05,1.7479955e-05,0.0012793824,0.002347366,0.00024825352,2.0479996e-05,9.844349e-05
1877,114_01621,114,1621,0,N,0,N,0,N,0.9962963,0.9962963,9.690156e-06,1.3236186e-05,0.0012346098,0.0020906858,0.0002606121,1.7288383e-05,7.76584e-05
1878,114_01622,114,1622,0,N,0,N,0,N,0.99604225,0.99604225,5.588417e-06,1.283329e-05,0.001207823,0.0023255001,0.00033813342,1.6888584e-05,5.0948598e-05
1879,114_01623,114,1623,0,N,0,N,0,N,0.994449,0.994449,1.3016197e-05,2.1190048e-05,0.0019664615,0.0031003472,0.00023734049,2.652004e-05,0.00018612375
1880,114_01624,114,1624,0,N,0,N,0,N,0.9932188,0.9932188,1.983348e-05,2.5145142e-05,0.002367229,0.003851533,0.00019249476,3.2953332e-05,0.00029195496
1881,114_01625,114,1625,0,N,0,N,0,N,0.993358,0.993358,6.477924e-05,3.31002e-05,0.002768841,0.0028245759,0.00017587408,4.804394e-05,0.0007268744
1882,114_01626,114,1626,0,N,0,N,0,N,0.9953389,0.9953389,0.0002320564,3.1051346e-05,0.002101909,0.0016227554,0.00024374237,4.348226e-05,0.00038612806
1883,114_01627,114,1627,0,N,0,N,0,N,0.9919797,0.9919797,0.00045074118,4.464543e-05,0.0037633982,0.0021524401,0.00017652103,7.96139e-05,0.0013529556
1884,114_01628,114,1628,0,N,0,N,0,N,0.99545765,0.99545765,0.00012801288,3.2735796e-05,0.0019657903,0.001795182,0.00024251026,4.352068e-05,0.0003346276
1885,114_01629,114,1629,0,N,0,N,0,N,0.99660957,0.99660957,4.0328152e-05,2.0109565e-05,0.0013952849,0.001531883,0.00022281148,2.621749e-05,0.00015380788
1886,114_01630,114,1630,0,N,0,N,0,N,0.99516517,0.99516517,5.672765e-06,1.8549828e-05,0.0016918468,0.0027372914,0.00027429214,2.1665861e-05,8.552816e-05
1887,114_01631,114,1631,0,N,0,N,0,N,0.99543667,0.99543667,3.7564907e-06,1.4246947e-05,0.0017127736,0.0024366055,0.00032135568,1.7863218e-05,5.677666e-05
1888,114_01632,114,1632,0,N,0,N,0,N,0.99029034,0.99029034,8.956014e-06,3.256506e-05,0.0039113923,0.005011753,0.00041364337,3.8886465e-05,0.00029245592
1889,114_01633,114,1633,0,N,0,N,0,N,0.9880069,0.9880069,2.5088973e-05,4.4084496e-05,0.00483424,0.0058406205,0.00031523788,5.5295506e-05,0.00087842677
1890,114_01634,114,1634,0,N,0,N,0,N,0.98315257,0.98315257,6.143306e-05,5.8787504e-05,0.0069342107,0.0066669057,0.0002359387,8.5233056e-05,0.0028049226
1891,114_01635,114,1635,0,N,0,N,0,N,0.9897406,0.9897406,0.00016472857,4.805194e-05,0.004449867,0.0030196826,0.00014917197,8.378266e-05,0.002344068
1892,114_01636,114,1636,0,N,0,N,0,N,0.99159217,0.99159217,7.206999e-05,4.0434352e-05,0.0037375484,0.0030009567,0.00013044826,6.0687915e-05,0.0013657706
1893,114_01637,114,1637,0,N,0,N,0,N,0.9949396,0.9949396,4.5004515e-05,2.9403625e-05,0.0022025092,0.0020836678,0.00020532179,3.7426445e-05,0.00045690945
1894,114_01638,114,1638,0,N,0,N,0,N,0.9867452,0.9867452,4.1322222e-05,4.8006397e-05,0.0053182472,0.0060370085,0.00020876728,6.655355e-05,0.0015349409
1895,114_01639,114,1639,0,N,0,N,0,N,0.98482996,0.98482996,5.8018526e-05,5.3339692e-05,0.006016506,0.00663584,0.00019577166,7.9913836e-05,0.0021306018
1896,114_01640,114,1640,0,N,0,N,0,N,0.98507446,0.98507446,6.38601e-05,5.7769426e-05,0.005312963,0.0071841655,0.00021475003,8.611906e-05,0.00200595
1897,114_01641,114,1641,0,N,0,N,0,N,0.99030274,0.99030274,7.187064e-05,4.1013973e-05,0.0037925127,0.0042614006,0.00015675461,6.5568594e-05,0.0013081131
1898,114_01642,114,1642,0,N,0,N,0,N,0.9882999,0.9882999,0.00010041543,5.2325177e-05,0.004440253,0.004770977,0.00016928848,8.575483e-05,0.0020810114
1899,114_01643,114,1643,0,N,0,N,0,N,0.9914747,0.9914747,0.0007180821,3.994829e-05,0.0042146654,0.0019283616,0.00014196245,7.913338e-05,0.0014032568
1900,114_01644,114,1644,0,N,0,N,0,N,0.9928194,0.9928194,0.00019843069,4.0203107e-05,0.0033456995,0.0022427544,0.0001314062,6.828358e-05,0.0011537804
1901,114_01645,114,1645,0,N,0,N,0,N,0.9955706,0.9955706,0.0001817555,3.029891e-05,0.001955521,0.0015943635,0.00027543795,4.0911196e-05,0.00035111775
1902,114_01646,114,1646,0,N,0,N,0,N,0.99214774,0.99214774,0.00012465772,4.5914585e-05,0.0033570149,0.0028780336,0.00016432378,7.01318e-05,0.0012122677
1903,114_01647,114,1647,0,N,0,N,0,N,0.99318993,0.99318993,0.00018352842,3.7916197e-05,0.0031232308,0.0022034291,0.00017611285,6.177516e-05,0.0010240743
1904,114_01648,114,1648,0,N,0,N,0,N,0.9753746,0.9753746,0.010024177,7.6677265e-05,0.009560914,0.0024229123,0.00031242447,0.0001773612,0.0020510366
1905,114_01649,114,1649,0,N,0,N,0,N,0.98810285,0.98810285,0.0023179948,5.5005225e-05,0.0054666847,0.0021237126,0.00022905275,0.00011410321,0.0015906555
1906,114_01650,114,1650,0,N,0,N,0,N,0.9962846,0.9962846,5.9989714e-05,2.1951582e-05,0.001594817,0.001588532,0.0002355653,2.990219e-05,0.00018462844
1907,114_01651,114,1651,0,N,0,N,0,N,0.996866,0.996866,1.0272976e-05,1.2999294e-05,0.0011360743,0.0016617316,0.00023395529,1.6996642e-05,6.207279e-05
1908,114_01652,114,1652,0,N,0,N,0,N,0.9942135,0.9942135,1.6033408e-06,9.8255505e-06,0.0022806635,0.0030800398,0.00037430497,1.571432e-05,2.4219273e-05
1909,114_01653,114,1653,0,N,0,N,0,N,0.99350685,0.99350685,1.6383672e-06,1.0687389e-05,0.0028135616,0.0030903611,0.0005335046,1.6837403e-05,2.6755202e-05
1910,114_01654,114,1654,0,N,0,N,0,N,0.9864477,0.9864477,2.9526461e-06,1.9723608e-05,0.0073154247,0.004727204,0.0013819453,3.6001136e-05,6.911345e-05
1911,114_01655,114,1655,0,N,0,N,0,N,0.98900974,0.98900974,5.1168827e-06,2.4263552e-05,0.004348473,0.0057892287,0.0006168873,3.228512e-05,0.00017408172
1912,114_01656,114,1656,0,N,0,N,0,N,0.9915277,0.9915277,5.9047884e-06,2.434779e-05,0.002894768,0.0049805813,0.0003776975,3.0474966e-05,0.0001586171
1913,114_01657,114,1657,0,N,0,N,0,N,0.9958594,0.9958594,4.81379e-06,1.4001935e-05,0.0017490431,0.0020417995,0.0002251724,1.6758313e-05,8.914268e-05
1914,114_01658,114,1658,0,N,0,N,0,N,0.99570614,0.99570614,6.874697e-06,1.78784e-05,0.0016473512,0.0021958041,0.0002964846,2.0156107e-05,0.0001093783
1915,114_01659,114,1659,0,N,0,N,0,N,0.9955331,0.9955331,6.7490087e-06,1.5759642e-05,0.0017887154,0.0023086376,0.00022398916,1.9393254e-05,0.00010362247
1916,114_01660,114,1660,0,N,0,N,0,N,0.99623084,0.99623084,5.1524516e-05,2.0712512e-05,0.0016101543,0.0016299526,0.00020560648,2.833712e-05,0.00022286043
1917,114_01661,114,1661,0,N,0,N,0,N,0.99543077,0.99543077,0.00010170347,2.7464952e-05,0.0020118938,0.0018161926,0.0002143597,3.916261e-05,0.0003586063
1918,114_01662,114,1662,0,N,0,N,0,N,0.9928515,0.9928515,1.1416098e-05,2.6233858e-05,0.0023888345,0.004209492,0.00025306098,3.1657866e-05,0.00022778845
1919,114_01663,114,1663,0,N,0,N,0,N,0.99387103,0.99387103,1.52094735e-05,2.5430201e-05,0.002234532,0.003343349,0.00021076176,3.0272611e-05,0.00026953575
1920,114_01664,114,1664,0,N,0,N,0,N,0.9950009,0.9950009,8.801547e-06,2.1381999e-05,0.0015912545,0.0029671134,0.0002726025,2.4376173e-05,0.00011363655
1921,114_01665,114,1665,0,N,0,N,0,N,0.99490017,0.99490017,6.2673494e-06,1.7844279e-05,0.0019050888,0.0028500275,0.00020163902,2.2375167e-05,9.666528e-05
1922,114_01666,114,1666,0,N,0,N,0,N,0.9961228,0.9961228,8.308573e-06,1.6402868e-05,0.0013528386,0.002096049,0.00030720097,1.991381e-05,7.648799e-05
1923,114_01667,114,1667,0,N,0,N,0,N,0.9953217,0.9953217,2.7896972e-06,1.0450909e-05,0.0017826261,0.0024954334,0.00032921994,1.4873568e-05,4.2950105e-05
1924,114_01668,114,1668,0,N,0,N,0,N,0.9917049,0.9917049,6.6913235e-06,1.6441334e-05,0.0031503662,0.004582814,0.00035564206,2.435853e-05,0.00015888149
1925,114_01669,114,1669,0,N,0,N,0,N,0.99361336,0.99361336,1.0960335e-05,2.2618953e-05,0.0021055476,0.0037194253,0.0003159748,2.7808128e-05,0.0001842866
1926,114_01670,114,1670,0,N,0,N,0,N,0.99443144,0.99443144,6.3563502e-06,1.5317366e-05,0.0018320516,0.003299097,0.00029400282,2.0484413e-05,0.00010115374
1927,114_01671,114,1671,0,N,0,N,0,N,0.99593157,0.99593157,1.237976e-05,1.5071719e-05,0.0013012078,0.0023003446,0.00033566225,2.0060728e-05,8.355377e-05
1928,114_01672,114,1672,0,N,0,N,0,N,0.99291813,0.99291813,5.0987987e-06,1.8351588e-05,0.0020743269,0.0045169108,0.00035039807,2.4461751e-05,9.235916e-05
1929,114_01673,114,1673,0,N,0,N,0,N,0.9950374,0.9950374,1.0293931e-05,1.7492841e-05,0.0019187869,0.0026544186,0.00019262021,2.2482729e-05,0.00014649762
1930,114_01674,114,1674,0,N,0,N,0,N,0.9913982,0.9913982,5.654435e-06,2.1878193e-05,0.0030149382,0.0048849336,0.00048472604,2.7458891e-05,0.00016220665
1931,114_01675,114,1675,0,N,0,N,0,N,0.9803401,0.9803401,3.6119334e-06,2.2153647e-05,0.0049608354,0.012872933,0.0016569046,3.760743e-05,0.00010573671
1932,114_01676,114,1676,0,N,0,N,0,N,0.98106855,0.98106855,3.876177e-06,1.8390867e-05,0.0049424605,0.013052047,0.0007647484,3.4072982e-05,0.000115850184
1933,114_01677,114,1677,0,N,0,N,0,N,0.9785878,0.9785878,6.7459214e-06,2.432123e-05,0.006467657,0.013821386,0.00080259837,4.227987e-05,0.00024723596
1934,114_01678,114,1678,0,N,0,N,0,N,0.96511793,0.96511793,6.0728757e-06,2.6586365e-05,0.010035547,0.022962634,0.0015809904,5.827234e-05,0.00021197723
1935,114_01679,114,1679,0,N,0,N,0,N,0.9642505,0.9642505,8.134594e-06,3.077606e-05,0.010221158,0.02412946,0.0009451575,5.941685e-05,0.00035548056
1936,114_01680,114,1680,0,N,0,N,0,N,0.985371,0.985371,3.5288865e-06,1.5667953e-05,0.004128005,0.009787924,0.0005703425,2.8702028e-05,9.485786e-05
1937,114_01681,114,1681,0,N,0,N,0,N,0.9789841,0.9789841,4.6245937e-06,2.1953458e-05,0.005112936,0.014788423,0.00092054834,4.0722844e-05,0.00012672957
1938,114_01682,114,1682,0,N,0,N,0,N,0.9945824,0.9945824,9.726789e-06,1.6587379e-05,0.0017774526,0.003215713,0.00024817119,2.224608e-05,0.00012781046
1939,114_01683,114,1683,0,N,0,N,0,N,0.99516433,0.99516433,3.0785915e-05,2.783507e-05,0.0017715488,0.0025108443,0.00019220235,3.357182e-05,0.00026883045
1940,114_01684,114,1684,0,N,0,N,0,N,0.9966951,0.9966951,1.3358046e-05,1.6760081e-05,0.001243675,0.0016993568,0.00021492076,1.9943767e-05,9.684448e-05
1941,114_01685,114,1685,0,N,0,N,0,N,0.99662805,0.99662805,6.4215055e-06,1.2752968e-05,0.0012697,0.001718186,0.00029646803,1.6210157e-05,5.2348987e-05
1942,114_01686,114,1686,0,N,0,N,0,N,0.9925754,0.9925754,1.3403709e-06,9.610305e-06,0.003845446,0.0026342864,0.00089595246,1.7982124e-05,2.006334e-05
1943,114_01687,114,1687,0,N,0,N,0,N,0.98799694,0.98799694,2.7075669e-06,1.6772376e-05,0.0065108654,0.0039232285,0.0014507767,2.7747756e-05,7.099125e-05
1944,114_01688,114,1688,0,N,0,N,0,N,0.98715013,0.98715013,2.5795357e-06,1.5682504e-05,0.0077320863,0.0030705866,0.0019352516,2.8511347e-05,6.52973e-05
1945,114_01689,114,1689,0,N,0,N,0,N,0.98749864,0.98749864,2.6970447e-06,1.3513018e-05,0.0083502,0.0013455395,0.0027142735,2.4706022e-05,5.0537747e-05
1946,114_01690,114,1690,0,N,0,N,0,N,0.98874664,0.98874664,3.2684866e-06,7.132341e-06,0.0054539265,0.00018058754,0.005581785,1.4964415e-05,1.178828e-05
1947,114_01691,114,1691,0,N,0,N,0,N,0.9907966,0.9907966,3.6245663e-06,6.2312574e-06,0.0034821685,0.000109204964,0.0055782506,1.6145183e-05,7.774341e-06
1948,114_01692,114,1692,0,N,0,N,0,N,0.98755217,0.98755217,4.4068765e-06,7.788193e-06,0.0047923434,0.00021189684,0.007398561,2.0260615e-05,1.2556046e-05
1949,114_01693,114,1693,0,N,0,N,0,N,0.9881089,0.9881089,3.1355646e-06,1.1191119e-05,0.00885586,0.00030495165,0.0026659265,1.6786196e-05,3.3200813e-05
1950,114_01694,114,1694,0,N,0,N,0,N,0.98352385,0.98352385,4.4049098e-06,1.889877e-05,0.011084953,0.0042706174,0.0008961625,3.49285e-05,0.00016622744
1951,114_01695,114,1695,0,N,0,N,0,N,0.98991805,0.98991805,6.1150467e-06,1.9063133e-05,0.004670945,0.004884986,0.00027985914,2.9733019e-05,0.0001912212
1952,114_01696,114,1696,0,N,0,N,0,N,0.99541676,0.99541676,1.2908353e-05,1.631487e-05,0.0017689893,0.0024273435,0.00019309174,2.1783044e-05,0.00014276482
1953,114_01697,114,1697,0,N,0,N,0,N,0.99339986,0.99339986,0.0006952471,3.7621656e-05,0.0031312641,0.0016420214,0.00026520388,6.0609073e-05,0.00076823635
1954,114_01698,114,1698,0,N,0,N,0,N,0.9711939,0.9711939,0.013487157,6.82061e-05,0.010530664,0.0023369126,0.00028672634,0.00016374468,0.0019326445
1955,114_01699,114,1699,0,N,0,N,0,N,0.97015184,0.97015184,0.013867763,7.301374e-05,0.010742596,0.002321078,0.00032663124,0.00017693854,0.00234006
1956,114_01700,114,1700,0,N,0,N,0,N,0.9751925,0.9751925,0.0128069315,5.995577e-05,0.00824287,0.0021161074,0.00040074962,0.00011826743,0.0010624982
1957,114_01701,114,1701,0,N,0,N,0,N,0.85610646,0.85610646,0.10620108,0.000150732,0.028823948,0.004104409,0.0005895647,0.00037285863,0.003650993
1958,114_01702,114,1702,0,N,0,N,0,N,0.9903951,0.9903951,0.0016597324,4.4859877e-05,0.0045358445,0.0017714706,0.00024239322,8.5466265e-05,0.001265144
1959,114_01703,114,1703,0,N,0,N,0,N,0.6045993,0.6045993,0.35240096,0.0002421435,0.033829495,0.0056184363,0.0013064531,0.0004149667,0.0015882681
1960,114_01704,114,1704,0,N,0,N,0,N,0.9891909,0.9891909,0.0019176622,5.0295435e-05,0.005276278,0.0018546064,0.0001902113,0.00010058143,0.0014194363
1961,114_01705,114,1705,0,N,0,N,1,LBBB,0.58333856,0.3711336,0.58333856,0.0003126376,0.035587512,0.0061029056,0.0013946195,0.00051422475,0.0016159134
1962,114_01706,114,1706,0,N,0,N,0,N,0.9941606,0.9941606,0.0006736954,3.6219495e-05,0.0025919108,0.0016705223,0.00034528895,5.4353186e-05,0.00046736645
1963,114_01707,114,1707,0,N,0,N,0,N,0.8177618,0.8177618,0.15044463,0.00017025456,0.024127482,0.004910135,0.00094616227,0.00030357233,0.0013361247
1964,114_01708,114,1708,0,N,0,N,0,N,0.9912965,0.9912965,0.0014546366,4.1986383e-05,0.0040093083,0.0019185964,0.00026230732,7.605957e-05,0.00094052125
1965,114_01709,114,1709,0,N,0,N,0,N,0.97161084,0.97161084,0.016463645,6.3318956e-05,0.00816128,0.0023129084,0.0005002196,0.00011465997,0.000773126
1966,114_01710,114,1710,0,N,0,N,0,N,0.9764459,0.9764459,0.009142089,6.332162e-05,0.009572245,0.0022544132,0.00024857206,0.000157254,0.002116101
1967,114_01711,114,1711,0,N,0,N,0,N,0.9932225,0.9932225,0.00075755117,3.715679e-05,0.0031714386,0.0017225932,0.0002656754,6.12293e-05,0.0007619027
1968,114_01712,114,1712,0,N,0,N,0,N,0.99270415,0.99270415,0.0014871502,3.773054e-05,0.003285604,0.0015801829,0.00030214252,5.9980153e-05,0.0005430815
1969,114_01713,114,1713,0,N,0,N,0,N,0.9902242,0.9902242,0.0010639634,4.634037e-05,0.0048339446,0.0019932133,0.00016007146,9.262238e-05,0.0015857174
1970,114_01714,114,1714,0,N,0,N,1,LBBB,0.88570815,0.07320425,0.88570815,0.00032613863,0.033827662,0.003717184,0.0007608064,0.0005369267,0.0019188962
1971,114_01715,114,1715,0,N,0,N,0,N,0.8255655,0.8255655,0.14197543,0.00021299603,0.02352617,0.0058639143,0.0010210043,0.00037250083,0.0014625684
1972,114_01716,114,1716,0,N,0,N,0,N,0.99555683,0.99555683,0.00029380745,3.116383e-05,0.001988837,0.001481516,0.00030834807,4.3015352e-05,0.0002964727
1973,114_01717,114,1717,0,N,0,N,0,N,0.99527466,0.99527466,1.6746893e-05,2.3971686e-05,0.0018301214,0.002400091,0.00020078139,2.7225904e-05,0.00022645917
1974,114_01718,114,1718,0,N,0,N,0,N,0.9902058,0.9902058,1.8789719e-05,3.7351925e-05,0.0036599832,0.0052286056,0.00026930962,4.5006494e-05,0.0005350072
1975,114_01719,114,1719,0,N,0,N,0,N,0.9901286,0.9901286,7.373717e-05,4.6292615e-05,0.0040831314,0.0037892754,0.00016701147,6.9421636e-05,0.0016424659
1976,114_01720,114,1720,0,N,0,N,0,N,0.99213624,0.99213624,0.00038089434,3.9812607e-05,0.0038683391,0.0019597816,0.00013850174,7.436336e-05,0.0014020026
1977,114_01721,114,1721,0,N,0,N,0,N,0.9911883,0.9911883,0.0010823687,4.2733212e-05,0.004260101,0.0018386742,0.00018672418,8.129246e-05,0.0013197555
1978,114_01722,114,1722,0,N,0,N,0,N,0.99522454,0.99522454,0.00023861742,2.8329345e-05,0.0022341337,0.0015554603,0.00024150431,4.265655e-05,0.0004347859
1979,114_01723,114,1723,0,N,0,N,0,N,0.991616,0.991616,0.00048136082,4.1425257e-05,0.0041544703,0.002003427,0.00013523415,8.077603e-05,0.0014873062
1980,114_01724,114,1724,0,N,0,N,0,N,0.9953086,0.9953086,0.00010037464,2.5249912e-05,0.0020691936,0.001887856,0.00020842506,3.7966398e-05,0.0003623282
1981,114_01725,114,1725,0,N,0,N,0,N,0.99395514,0.99395514,0.0004482797,3.291194e-05,0.002890062,0.0016628646,0.00022108079,5.494693e-05,0.00073462666
1982,114_01726,114,1726,0,N,0,N,0,N,0.99244416,0.99244416,0.00019926272,3.8372043e-05,0.0034534496,0.0022486872,0.00015174034,6.713534e-05,0.0013971981
1983,114_01727,114,1727,0,N,0,N,0,N,0.99302053,0.99302053,0.00018976607,3.720646e-05,0.0032957944,0.0019984294,0.0001588644,6.2580766e-05,0.0012368308
1984,114_01728,114,1728,0,N,0,N,0,N,0.98409915,0.98409915,0.0045035686,5.369464e-05,0.007309243,0.0020176973,0.00019460017,0.00012500556,0.0016969849
1985,114_01729,114,1729,0,N,0,N,0,N,0.9935171,0.9935171,0.0007779037,3.5033438e-05,0.0029694806,0.0018022553,0.00026777163,5.7973662e-05,0.0005725027
1986,114_01730,114,1730,0,N,0,N,0,N,0.99171597,0.99171597,0.002037576,4.071795e-05,0.0036705637,0.0015688202,0.00031292165,6.578388e-05,0.000587698
1987,114_01731,114,1731,0,N,0,N,0,N,0.98878443,0.98878443,0.00065869093,4.9042246e-05,0.005342966,0.0020676248,0.00016801126,0.00010118273,0.002828033
1988,114_01732,114,1732,0,N,0,N,0,N,0.9850292,0.9850292,0.002343268,5.5851033e-05,0.0074226023,0.0018998027,0.00016556877,0.00013015758,0.0029534462
1989,114_01733,114,1733,0,N,0,N,1,LBBB,0.94528455,0.022951134,0.94528455,0.00023051049,0.02736769,0.001900014,0.00045550242,0.0003668805,0.0014437619
1990,114_01734,114,1734,0,N,0,N,1,LBBB,0.9866167,0.001776009,0.9866167,0.00012695875,0.010030953,0.00082246086,0.00019400982,0.00014720141,0.00028566644
1991,114_01735,114,1735,0,N,0,N,0,N,0.9714599,0.9714599,0.015456072,7.663158e-05,0.00872083,0.002668589,0.00044561332,0.00014835388,0.001024041
1992,114_01736,114,1736,0,N,0,N,0,N,0.996024,0.996024,6.035265e-05,2.3306085e-05,0.0018787204,0.0015143317,0.00020116112,3.1815474e-05,0.00026633486
1993,114_01737,114,1737,0,N,0,N,0,N,0.99555224,0.99555224,4.9736936e-06,1.3003847e-05,0.0022531142,0.0018782022,0.00018724639,1.7006667e-05,9.415654e-05
1994,114_01738,114,1738,0,N,0,N,0,N,0.9932095,0.9932095,1.4274716e-06,7.0832875e-06,0.005283883,0.00076249643,0.00070640247,1.4351641e-05,1.48132e-05
1995,114_01739,114,1739,0,N,0,N,0,N,0.99230045,0.99230045,1.7651848e-06,6.08697e-06,0.004490413,0.00026521672,0.0029173049,1.2327497e-05,6.420305e-06
1996,114_01740,114,1740,0,N,0,N,0,N,0.98797894,0.98797894,3.5631144e-06,7.720197e-06,0.007852826,0.00021585307,0.003906811,1.4931691e-05,1.9274989e-05
1997,114_01741,114,1741,0,N,0,N,0,N,0.9769879,0.9769879,4.8482043e-06,1.9442503e-05,0.009361296,0.009734337,0.0036944118,4.360248e-05,0.00015400283
1998,114_01742,114,1742,0,N,0,N,0,N,0.9924534,0.9924534,6.699242e-06,1.8291326e-05,0.0027095485,0.004212194,0.00043060878,2.4748944e-05,0.0001445215
1999,114_01743,114,1743,0,N,0,N,0,N,0.9965699,0.9965699,2.1530228e-05,1.45982885e-05,0.0012652352,0.0016762275,0.0003290062,1.9229281e-05,0.000104244085
2000,114_01744,114,1744,0,N,0,N,0,N,0.99500006,0.99500006,3.3286586e-05,2.3239689e-05,0.002015491,0.002380014,0.00018844688,3.0756768e-05,0.00032870012
2001,114_01745,114,1745,0,N,0,N,0,N,0.9943863,0.9943863,1.6513686e-05,2.342837e-05,0.0020195432,0.003027312,0.0002456072,2.7770664e-05,0.0002536403
2002,114_01746,114,1746,0,N,0,N,0,N,0.9856707,0.9856707,3.7062717e-05,4.5231383e-05,0.0065288795,0.0056646126,0.00028186647,6.207026e-05,0.0017096491
2003,114_01747,114,1747,0,N,0,N,0,N,0.98237604,0.98237604,5.7820143e-06,2.7220629e-05,0.0057800026,0.010393221,0.0011322605,3.855954e-05,0.0002469024
2004,114_01748,114,1748,0,N,0,N,0,N,0.98549926,0.98549926,6.861988e-06,2.3392771e-05,0.003960708,0.009501653,0.00077745167,3.4660086e-05,0.00019605311
2005,114_01749,114,1749,0,N,0,N,0,N,0.99409395,0.99409395,9.916797e-06,1.8963623e-05,0.0018781769,0.0033837794,0.0004439713,2.3416726e-05,0.00014788115
2006,114_01750,114,1750,0,N,0,N,0,N,0.99169284,0.99169284,1.0438538e-05,2.5578067e-05,0.0025292905,0.0048143095,0.0006867012,3.0076711e-05,0.00021066981
2007,114_01751,114,1751,0,N,0,N,0,N,0.98054916,0.98054916,1.3915926e-05,5.286574e-05,0.00603894,0.010342613,0.002326948,5.937923e-05,0.0006162112
2008,114_01752,114,1752,0,N,0,N,0,N,0.9861583,0.9861583,1.5144053e-05,4.03821e-05,0.0042207222,0.008304713,0.0006415595,4.7103837e-05,0.0005720205
2009,114_01753,114,1753,0,N,0,N,0,N,0.9521671,0.9521671,1.0502639e-05,3.3529817e-05,0.014228547,0.02980647,0.0031530207,7.449891e-05,0.00052625494
2010,114_01754,114,1754,0,N,0,N,0,N,0.9661876,0.9661876,1.264607e-05,1.3029918e-05,0.012933273,0.0064064045,0.014274452,7.582782e-05,9.665322e-05
2011,114_01755,114,1755,0,N,0,N,0,N,0.9592478,0.9592478,1.8644416e-05,1.4898827e-05,0.018693997,0.011293215,0.010440148,9.473889e-05,0.00019655643
2012,114_01756,114,1756,0,N,0,N,0,N,0.9952316,0.9952316,5.6139093e-06,6.064997e-06,0.0011319495,6.43659e-05,0.0034888436,4.640716e-05,2.512347e-05
2013,114_01757,114,1757,0,N,0,N,0,N,0.9897625,0.9897625,9.923023e-06,1.2994229e-05,0.002363884,7.089573e-05,0.0076534864,5.587536e-05,7.045304e-05
2014,114_01758,114,1758,0,N,0,N,0,N,0.98158723,0.98158723,2.2460708e-05,2.0040032e-05,0.0054076877,0.00024668864,0.0122411465,0.000100874866,0.00037392732
2015,114_01759,114,1759,0,N,0,N,0,N,0.977203,0.977203,1.292646e-05,1.9699748e-05,0.0040244632,0.000240224,0.01828068,7.502342e-05,0.00014397348
2016,114_01760,114,1760,0,N,0,N,0,N,0.9787227,0.9787227,3.266513e-05,2.1187263e-05,0.0058208327,0.0016542317,0.013413015,0.00016939476,0.0001659692
2017,114_01761,114,1761,0,N,0,N,0,N,0.99364674,0.99364674,7.691963e-06,7.347791e-06,0.0014496007,0.00042398743,0.004376056,7.837629e-05,1.0286018e-05
2018,114_01762,114,1762,0,N,0,N,0,N,0.99204296,0.99204296,1.447648e-05,1.299997e-05,0.0020049787,0.00033769608,0.005441725,0.000117792726,2.7324793e-05
2019,114_01763,114,1763,0,N,0,N,0,N,0.9565553,0.9565553,1.4989134e-05,1.4121197e-05,0.012919736,0.012656265,0.017591873,9.46156e-05,0.0001531571
2020,114_01764,114,1764,0,N,0,N,0,N,0.9388369,0.9388369,1.9467858e-05,2.3795945e-05,0.02071823,0.0334749,0.006523124,0.00012503834,0.00027852305
2021,114_01765,114,1765,0,N,0,N,0,N,0.8552743,0.8552743,1.8723955e-05,2.2648252e-05,0.017928947,0.12212772,0.004249971,0.00015711215,0.00022043375
2022,114_01766,114,1766,0,N,0,N,0,N,0.9866189,0.9866189,1.696038e-05,1.1899526e-05,0.0034322478,0.0006980723,0.009059337,0.00010368756,5.88896e-05
2023,114_01767,114,1767,0,N,0,N,0,N,0.9247304,0.9247304,3.1757187e-05,4.8149104e-05,0.01586078,0.028735628,0.029541878,0.00019983396,0.0008514576
2024,114_01768,114,1768,0,N,0,N,0,N,0.87787926,0.87787926,1.3212988e-05,4.422217e-05,0.013990345,0.102926925,0.0045907917,0.00012660619,0.0004286203
2025,114_01769,114,1769,0,N,0,N,0,N,0.97465396,0.97465396,3.063343e-06,2.0160245e-05,0.004128999,0.019120416,0.0019617854,3.8942177e-05,7.263737e-05
2026,114_01770,114,1770,0,N,0,N,0,N,0.9796897,0.9796897,4.238049e-06,3.0679075e-05,0.004876267,0.012837773,0.0023887672,4.4393983e-05,0.00012815722
2027,114_01771,114,1771,0,N,0,N,0,N,0.986148,0.986148,1.8513803e-05,3.948982e-05,0.0049396143,0.0075172903,0.0004918097,4.8997994e-05,0.0007962756
2028,114_01772,114,1772,0,N,0,N,0,N,0.9664503,0.9664503,7.829332e-06,4.28571e-05,0.007983646,0.023766138,0.0013180594,6.505826e-05,0.00036613655
2029,114_01773,114,1773,0,N,0,N,0,N,0.953549,0.953549,6.441629e-06,3.706534e-05,0.010408058,0.033970244,0.0017490912,7.913971e-05,0.0002008859
2030,114_01774,114,1774,0,N,0,N,0,N,0.9832692,0.9832692,5.1215643e-06,2.1806032e-05,0.008945176,0.006797228,0.0007522758,3.870669e-05,0.00017052544
2031,114_01775,114,1775,0,N,0,N,0,N,0.9800198,0.9800198,2.9558491e-06,1.6225387e-05,0.005934299,0.0123239,0.0016162841,3.945984e-05,4.7040878e-05
2032,114_01776,114,1776,0,N,0,N,0,N,0.9868477,0.9868477,2.6646842e-06,1.7821398e-05,0.0046847197,0.0075624557,0.00078371505,2.9989022e-05,7.0906644e-05
2033,114_01777,114,1777,0,N,0,N,0,N,0.99633825,0.99633825,1.0673964e-05,1.6324384e-05,0.00132049,0.0018543875,0.0003482678,1.9410214e-05,9.217417e-05
2034,114_01778,114,1778,0,N,0,N,0,N,0.98855615,0.98855615,3.2609676e-06,2.1908274e-05,0.004134622,0.0061667054,0.0009754196,2.8657309e-05,0.00011321104
2035,114_01779,114,1779,0,N,0,N,0,N,0.9940534,0.9940534,6.333969e-06,2.0001884e-05,0.002177107,0.0030555844,0.00052064285,2.1815848e-05,0.00014515512
2036,114_01780,114,1780,0,N,0,N,0,N,0.9702332,0.9702332,5.2915693e-06,2.1916596e-05,0.010799992,0.011681714,0.0070036226,4.9274735e-05,0.00020491959
2037,114_01781,114,1781,0,N,0,N,0,N,0.9790018,0.9790018,4.113328e-06,1.4207875e-05,0.008963885,0.0051437765,0.00678627,4.2831543e-05,4.303873e-05
2038,114_01782,114,1782,0,N,0,N,0,N,0.9755213,0.9755213,9.079024e-06,8.929593e-06,0.008219756,0.006674503,0.009471976,6.269995e-05,3.164186e-05
2039,114_01783,114,1783,0,N,0,N,0,N,0.9949438,0.9949438,6.494465e-06,9.659575e-06,0.0012043752,0.00010401277,0.0036682202,5.626876e-05,7.1986374e-06
2040,114_01784,114,1784,0,N,0,N,0,N,0.9964701,0.9964701,6.184801e-06,1.0538374e-05,0.00082560646,4.023297e-05,0.002557806,7.2212446e-05,1.7282264e-05
2041,114_01785,114,1785,0,N,0,N,0,N,0.9966589,0.9966589,5.195904e-06,9.222946e-06,0.00086350297,2.356683e-05,0.002377983,4.722128e-05,1.433627e-05
2042,114_01786,114,1786,3,APC,0,N,0,N,0.9969378,0.9969378,5.426082e-06,7.505681e-06,0.0008525431,3.884429e-05,0.0020942679,5.143231e-05,1.2001299e-05
2043,114_01787,114,1787,0,N,3,APC,0,N,0.99573237,0.99573237,7.1366035e-06,8.2523475e-06,0.0011106083,0.000120849785,0.0029472427,6.590005e-05,7.750834e-06
2044,114_01788,114,1788,0,N,0,N,0,N,0.9947565,0.9947565,7.664325e-06,9.557974e-06,0.0013885456,6.976201e-05,0.0036901028,5.974663e-05,1.8106291e-05
2045,114_01789,114,1789,0,N,0,N,0,N,0.9846661,0.9846661,7.636289e-06,9.591608e-06,0.0052801115,0.00044130805,0.0095387325,3.5221594e-05,2.1196991e-05
2046,114_01790,114,1790,0,N,0,N,0,N,0.9760571,0.9760571,1.9403316e-05,1.8800996e-05,0.010412725,0.000514238,0.012789922,5.775572e-05,0.00012992733
2047,114_01791,114,1791,0,N,0,N,0,N,0.96956384,0.96956384,2.2947164e-05,1.9825262e-05,0.016151115,0.00081632606,0.013124849,6.0682138e-05,0.00024043022
2048,114_01792,114,1792,0,N,0,N,0,N,0.93677133,0.93677133,7.596246e-05,4.248152e-05,0.04148364,0.00509815,0.013668935,0.00019247051,0.0026670394
2049,114_01793,114,1793,0,N,0,N,0,N,0.9513238,0.9513238,3.0351724e-05,6.338838e-05,0.019223459,0.024672795,0.0020750859,0.00011884348,0.002492329
2050,114_01794,114,1794,0,N,0,N,0,N,0.9855455,0.9855455,2.178337e-05,4.160965e-05,0.0052878014,0.007584047,0.0006121726,5.2341973e-05,0.00085461815
2051,114_01795,114,1795,0,N,0,N,0,N,0.9935399,0.9935399,2.1129528e-05,2.6758875e-05,0.0024632302,0.003260618,0.0002782322,3.226207e-05,0.0003777832
2052,114_01796,114,1796,0,N,0,N,0,N,0.99545187,0.99545187,8.00735e-05,2.4398294e-05,0.0020017049,0.0018242155,0.00019629828,3.5737186e-05,0.0003856816
2053,114_01797,114,1797,0,N,0,N,0,N,0.9955496,0.9955496,7.293981e-05,2.3997847e-05,0.0019810447,0.0017957358,0.00016891012,3.523541e-05,0.00037246995
2054,114_01798,114,1798,0,N,0,N,0,N,0.9944438,0.9944438,0.0006344444,3.22587e-05,0.0025532998,0.0015076275,0.000276562,5.0032435e-05,0.00050182105
2055,114_01799,114,1799,0,N,0,N,0,N,0.9909685,0.9909685,0.00072395673,4.057764e-05,0.0043939897,0.0019760127,0.00015378279,8.170513e-05,0.0016614578
2056,114_01800,114,1800,0,N,0,N,0,N,0.9920777,0.9920777,0.0013626239,3.804936e-05,0.0036882907,0.0016888223,0.00026661647,6.665088e-05,0.0008112858
2057,114_01801,114,1801,0,N,0,N,0,N,0.9949371,0.9949371,0.0005999852,3.0402984e-05,0.0020508948,0.0015532466,0.00053433934,4.135748e-05,0.00025266848
2058,114_01802,114,1802,0,N,0,N,0,N,0.99398446,0.99398446,0.00038380892,3.0557672e-05,0.0028726584,0.0017780034,0.00021729506,5.2921827e-05,0.00068028766
2059,114_01803,114,1803,0,N,0,N,0,N,0.9819081,0.9819081,0.0061041946,5.2194315e-05,0.0076403865,0.0019786344,0.00028836,0.00012536059,0.001902707
2060,114_01804,114,1804,0,N,0,N,0,N,0.9962889,0.9962889,4.608579e-05,2.180086e-05,0.0015308345,0.0016233093,0.00024170036,2.7980368e-05,0.00021936411
2061,114_01805,114,1805,0,N,0,N,0,N,0.9967499,0.9967499,3.510435e-05,1.6380278e-05,0.0012754515,0.0013693382,0.00042556186,2.1466782e-05,0.000106846855
2062,114_01806,114,1806,0,N,0,N,0,N,0.9955014,0.9955014,5.196551e-06,1.5469785e-05,0.0015011416,0.002370479,0.00052442204,1.8840854e-05,6.305088e-05
2063,114_01807,114,1807,0,N,0,N,0,N,0.9965261,0.9965261,1.799508e-05,1.4146312e-05,0.0011477773,0.0017074439,0.00050694257,1.9594616e-05,5.9982973e-05
2064,114_01808,114,1808,0,N,0,N,0,N,0.996225,0.996225,4.8550086e-05,2.115348e-05,0.001473068,0.001624537,0.00040310784,2.6504895e-05,0.00017807847
2065,114_01809,114,1809,0,N,0,N,0,N,0.9962959,0.9962959,9.83011e-05,2.286235e-05,0.0014026093,0.0014738712,0.0005309168,2.8960314e-05,0.00014658223
2066,114_01810,114,1810,0,N,0,N,0,N,0.9942842,0.9942842,1.9676943e-05,2.5037085e-05,0.001983445,0.0029592728,0.0004451487,2.8432734e-05,0.0002547028
2067,114_01811,114,1811,0,N,0,N,0,N,0.9952685,0.9952685,3.087476e-05,2.417271e-05,0.0018528912,0.0022658599,0.0002583648,2.9597455e-05,0.00026963843
2068,114_01812,114,1812,0,N,0,N,0,N,0.9942808,0.9942808,2.0261428e-05,2.2436856e-05,0.0018953762,0.003205445,0.00031548613,2.8067398e-05,0.00023206385
2069,114_01813,114,1813,0,N,0,N,0,N,0.9950769,0.9950769,9.175675e-05,2.499256e-05,0.0022681367,0.0018235397,0.00019986375,3.8733604e-05,0.00047606952
2070,114_01814,114,1814,0,N,0,N,0,N,0.99344134,0.99344134,0.00058808277,3.4591783e-05,0.0031384476,0.0017196306,0.00020027896,5.9080012e-05,0.000818453
2071,114_01815,114,1815,0,N,0,N,0,N,0.9941851,0.9941851,0.00061768806,3.4249173e-05,0.0027329545,0.0015284516,0.0002487088,5.3372038e-05,0.0005994685
2072,114_01816,114,1816,0,N,0,N,0,N,0.996928,0.996928,8.880985e-05,1.9408373e-05,0.0012286372,0.0012893094,0.00030016975,2.536111e-05,0.000120256926
2073,114_01817,114,1817,0,N,0,N,0,N,0.9961264,0.9961264,0.00015458645,2.2079119e-05,0.0016991195,0.0015128107,0.00023380847,3.275454e-05,0.00021833496
2074,114_01818,114,1818,0,N,0,N,0,N,0.9954808,0.9954808,0.00038339308,3.090786e-05,0.002051718,0.0015038888,0.00023418943,4.495468e-05,0.000270116
2075,114_01819,114,1819,0,N,0,N,0,N,0.99393314,0.99393314,0.0009867392,3.8002407e-05,0.0027447206,0.0014811325,0.00030981997,5.5319175e-05,0.00045107372
2076,114_01820,114,1820,0,N,0,N,0,N,0.99392474,0.99392474,0.0005384578,3.6025176e-05,0.0028431253,0.0016924143,0.00022055957,5.7620906e-05,0.00068712485
2077,114_01821,114,1821,0,N,0,N,0,N,0.7510869,0.7510869,0.19531894,0.00025504312,0.041338667,0.0056365775,0.00073166616,0.00059504237,0.005037226
2078,114_01822,114,1822,0,N,0,N,1,LBBB,0.98730135,0.0027504845,0.98730135,0.00012876836,0.008332067,0.00093961076,0.0002800598,0.0001272803,0.00014027175
2079,114_01823,114,1823,0,N,0,N,0,N,0.88354,0.88354,0.09378686,0.00014005206,0.016078645,0.004289242,0.0010056762,0.00023292076,0.0009266972
2080,114_01824,114,1824,0,N,0,N,0,N,0.9928607,0.9928607,0.0017252525,3.542754e-05,0.0029043031,0.0015885936,0.00046242858,5.1731342e-05,0.00037155795
2081,114_01825,114,1825,0,N,0,N,0,N,0.99480736,0.99480736,0.00022301152,2.9241814e-05,0.0022898684,0.0018361642,0.00024207488,4.5644865e-05,0.0005265786
2082,114_01826,114,1826,0,N,0,N,0,N,0.9954114,0.9954114,0.00013152142,2.6075597e-05,0.0019319827,0.0018026943,0.00029477006,3.7584185e-05,0.00036395044
2083,114_01827,114,1827,0,N,0,N,0,N,0.99473614,0.99473614,0.00012315702,2.845651e-05,0.0024174207,0.0019285908,0.0001878988,4.46653e-05,0.00053366827
2084,114_01828,114,1828,0,N,0,N,0,N,0.99197096,0.99197096,0.0009977212,3.683537e-05,0.0037868633,0.0019960774,0.0001980234,7.0147595e-05,0.0009434086
2085,118_00000,118,0,2,RBBB,2,RBBB,0,N,0.9788841,0.9788841,0.0048638126,0.00010665219,0.009517334,0.0018110514,0.0006354591,0.00018643822,0.0039951457
2086,118_00001,118,1,2,RBBB,2,RBBB,0,N,0.9755814,0.9755814,0.0074011646,0.000108096014,0.0107129635,0.0017621587,0.0007087498,0.00018942804,0.0035360383
2087,118_00002,118,2,2,RBBB,2,RBBB,0,N,0.9721458,0.9721458,0.008559118,0.00010966097,0.012189789,0.001752954,0.0006525909,0.00020463817,0.0043855836
2088,118_00003,118,3,2,RBBB,2,RBBB,0,N,0.9537855,0.9537855,0.01707009,0.00015023534,0.01854578,0.0017977423,0.0006347893,0.00030088722,0.0077150567
2089,118_00004,118,4,2,RBBB,2,RBBB,0,N,0.9678851,0.9678851,0.0076430747,0.00014658415,0.013765731,0.001861223,0.000593898,0.00027558728,0.0078289155
2090,118_00005,118,5,2,RBBB,2,RBBB,0,N,0.9695774,0.9695774,0.0077391476,0.00015579502,0.013108363,0.0019186512,0.0006911407,0.0002716963,0.0065377974
2091,118_00006,118,6,2,RBBB,2,RBBB,0,N,0.9749396,0.9749396,0.0050017564,0.00015891783,0.0111402925,0.0018641771,0.0007955976,0.0002475048,0.0058522066
2092,118_00007,118,7,2,RBBB,2,RBBB,0,N,0.968713,0.968713,0.008568822,0.00014458716,0.013467158,0.0018741392,0.00067191164,0.00026038178,0.0062999562
2093,118_00008,118,8,2,RBBB,2,RBBB,0,N,0.9739499,0.9739499,0.006554995,0.00013018615,0.011427433,0.0018911668,0.0006656653,0.00022912491,0.0051515363
2094,118_00009,118,9,2,RBBB,2,RBBB,0,N,0.9805908,0.9805908,0.0037803915,0.000118298514,0.008779743,0.0018309944,0.0007429309,0.00019058057,0.003966281
2095,118_00010,118,10,2,RBBB,2,RBBB,0,N,0.97728616,0.97728616,0.004247289,0.00014370999,0.010147045,0.0018537205,0.0007392965,0.00022663326,0.0053560743
2096,118_00011,118,11,2,RBBB,2,RBBB,0,N,0.97326106,0.97326106,0.0050669825,0.0001659129,0.011827039,0.0018135795,0.00076091656,0.00025848177,0.006846052
2097,118_00012,118,12,2,RBBB,2,RBBB,0,N,0.9677443,0.9677443,0.007128628,0.00018430318,0.01403043,0.0018086283,0.000762403,0.00029587565,0.008045343
2098,118_00013,118,13,2,RBBB,2,RBBB,0,N,0.9759047,0.9759047,0.005323276,0.00013860497,0.010877523,0.0017795695,0.0007884879,0.00022169299,0.00496608
2099,118_00014,118,14,2,RBBB,2,RBBB,0,N,0.96869457,0.96869457,0.0074431607,0.00016888548,0.0135859605,0.0018573392,0.00074551307,0.00028262017,0.007221989
2100,118_00015,118,15,2,RBBB,2,RBBB,0,N,0.9776524,0.9776524,0.0051143533,0.00011694518,0.010027394,0.0018412153,0.00068202626,0.00020137502,0.0043644183
2101,118_00016,118,16,2,RBBB,2,RBBB,0,N,0.9741099,0.9741099,0.0068356893,0.00012142038,0.011322963,0.0018821897,0.00063785573,0.00021938173,0.004870468
2102,118_00017,118,17,2,RBBB,2,RBBB,0,N,0.97947365,0.97947365,0.0047583375,0.000107173226,0.009192524,0.001856908,0.00065404153,0.00018580566,0.0037715663
2103,118_00018,118,18,2,RBBB,2,RBBB,0,N,0.97463655,0.97463655,0.0075928005,0.00010736308,0.010935098,0.0018834722,0.00061709346,0.00020031187,0.0040273103
2104,118_00019,118,19,2,RBBB,2,RBBB,0,N,0.9689976,0.9689976,0.0070012836,0.00018132527,0.013654458,0.0017667789,0.0007903476,0.0002831992,0.0073251
2105,118_00020,118,20,2,RBBB,2,RBBB,0,N,0.9736807,0.9736807,0.005443907,0.00018014004,0.01188077,0.0017357394,0.0009841518,0.00025808348,0.005836601
2106,118_00021,118,21,2,RBBB,2,RBBB,0,N,0.9425053,0.9425053,0.008450029,0.00052007707,0.021690348,0.0016560794,0.0012457174,0.0006026257,0.023329854
2107,118_00022,118,22,2,RBBB,2,RBBB,0,N,0.9639114,0.9639114,0.0070533874,0.0002623821,0.015708754,0.0017208693,0.0010437232,0.0003543853,0.009945026
2108,118_00023,118,23,2,RBBB,2,RBBB,0,N,0.96363604,0.96363604,0.009242655,0.00020751587,0.015718201,0.0017586787,0.0009315031,0.00032166232,0.008183601
2109,118_00024,118,24,2,RBBB,2,RBBB,0,N,0.9653976,0.9653976,0.0076540755,0.00022452202,0.01509521,0.0017474649,0.0010068772,0.00032702953,0.008547346
2110,118_00025,118,25,2,RBBB,2,RBBB,0,N,0.97512466,0.97512466,0.005455359,0.00014696515,0.011163771,0.0017974026,0.0008126414,0.00023254518,0.00526675
2111,118_00026,118,26,2,RBBB,2,RBBB,0,N,0.9724569,0.9724569,0.0062673315,0.00015492788,0.012257284,0.0017988711,0.00079627347,0.00025036294,0.0060182223
2112,118_00027,118,27,2,RBBB,2,RBBB,0,N,0.9695435,0.9695435,0.007846153,0.00015233055,0.013320542,0.0018276888,0.0007394946,0.00026139108,0.0063089547
2113,118_00028,118,28,2,RBBB,2,RBBB,0,N,0.9650685,0.9650685,0.010346942,0.00015758885,0.014935582,0.0018074234,0.000733996,0.0002784819,0.0066714883
2114,118_00029,118,29,2,RBBB,2,RBBB,0,N,0.9648728,0.9648728,0.010184374,0.00015838306,0.014995329,0.00182696,0.00070593785,0.00028274956,0.0069735157
2115,118_00030,118,30,2,RBBB,2,RBBB,0,N,0.9708451,0.9708451,0.007834237,0.00014955153,0.012761018,0.0018269939,0.00076443027,0.00025148684,0.005567082
2116,118_00031,118,31,2,RBBB,2,RBBB,0,N,0.9718443,0.9718443,0.0075911833,0.00014480796,0.012387151,0.0018140285,0.000778291,0.00024204604,0.0051981285
2117,118_00032,118,32,2,RBBB,2,RBBB,0,N,0.97116864,0.97116864,0.0065657618,0.00016583272,0.0127596175,0.001800177,0.00079851,0.000264554,0.006476878
2118,118_00033,118,33,2,RBBB,2,RBBB,0,N,0.96840197,0.96840197,0.008365421,0.00016532151,0.013732889,0.0018080685,0.0007858398,0.0002739043,0.0064665866
2119,118_00034,118,34,2,RBBB,2,RBBB,0,N,0.96926564,0.96926564,0.0079130735,0.00015954189,0.013288002,0.0018931096,0.0007278114,0.0002729207,0.006479997
2120,118_00035,118,35,2,RBBB,2,RBBB,0,N,0.97117466,0.97117466,0.008168277,0.000134102,0.012506949,0.0018532152,0.00070748344,0.00023746458,0.005217927
2121,118_00036,118,36,2,RBBB,2,RBBB,0,N,0.973552,0.973552,0.00644396,0.00014015846,0.011613385,0.0018975043,0.0007160741,0.00023930597,0.005397587
2122,118_00037,118,37,2,RBBB,2,RBBB,0,N,0.96786284,0.96786284,0.008452527,0.00016070493,0.013787685,0.0018916745,0.00070270925,0.00028063598,0.006861313
2123,118_00038,118,38,2,RBBB,2,RBBB,0,N,0.96691895,0.96691895,0.008623994,0.00016167722,0.014149089,0.0018964991,0.00069013104,0.00028723656,0.0072724405
2124,118_00039,118,39,2,RBBB,2,RBBB,0,N,0.9715596,0.9715596,0.0071537816,0.00014815544,0.012441946,0.0018791633,0.0007269074,0.00025301115,0.0058375015
2125,118_00040,118,40,2,RBBB,2,RBBB,0,N,0.97171575,0.97171575,0.007152076,0.00014677577,0.012415586,0.0018519388,0.0007288514,0.00024938938,0.0057396768
2126,118_00041,118,41,2,RBBB,2,RBBB,0,N,0.9716099,0.9716099,0.003495146,0.0002368428,0.0125402985,0.0015021637,0.001078255,0.0002893193,0.009248162
2127,118_00042,118,42,2,RBBB,2,RBBB,0,N,0.9750999,0.9750999,0.0029164026,0.00020987507,0.011062287,0.0015351904,0.0010734173,0.00026046243,0.007842403
2128,118_00043,118,43,2,RBBB,2,RBBB,0,N,0.97903854,0.97903854,0.0013984606,0.00024573106,0.008917087,0.0013145744,0.0012636443,0.00023410283,0.007587866
2129,118_00044,118,44,2,RBBB,2,RBBB,0,N,0.98454964,0.98454964,0.0022567385,0.00011171814,0.007071077,0.0017169212,0.00082955434,0.00016328073,0.0033010282
2130,118_00045,118,45,2,RBBB,2,RBBB,0,N,0.9799911,0.9799911,0.006569201,8.285882e-05,0.008483307,0.0018152171,0.00072816503,0.0001491193,0.002181023
2131,118_00046,118,46,2,RBBB,2,RBBB,0,N,0.9756885,0.9756885,0.0075076898,0.0001098733,0.01050151,0.0018377027,0.0007327671,0.00019347892,0.0034284904
2132,118_00047,118,47,2,RBBB,2,RBBB,0,N,0.9740287,0.9740287,0.010370567,9.324449e-05,0.010482681,0.0017775593,0.0008025153,0.00016828517,0.0022763761
2133,118_00048,118,48,2,RBBB,2,RBBB,0,N,0.96229774,0.96229774,0.009375069,0.00021294442,0.016153721,0.0017679372,0.0008300811,0.0003330703,0.009029409
2134,118_00049,118,49,2,RBBB,2,RBBB,0,N,0.96721286,0.96721286,0.008042938,0.00017904636,0.014338654,0.0017839961,0.000781428,0.00028940177,0.007371744
2135,118_00050,118,50,2,RBBB,2,RBBB,0,N,0.9671498,0.9671498,0.008069576,0.00018565652,0.014365441,0.0017716475,0.0007996972,0.00029233174,0.0073658735
2136,118_00051,118,51,2,RBBB,2,RBBB,0,N,0.9681421,0.9681421,0.007844453,0.00017370557,0.013889271,0.0018197548,0.00074780796,0.0002848134,0.0070980666
2137,118_00052,118,52,2,RBBB,2,RBBB,0,N,0.96527517,0.96527517,0.008621921,0.00018868985,0.014951058,0.0018018809,0.00076288974,0.00030797208,0.008090367
2138,118_00053,118,53,2,RBBB,2,RBBB,0,N,0.9649959,0.9649959,0.010095932,0.00016495024,0.0149103645,0.0018491979,0.0007127223,0.000290348,0.006980674
2139,118_00054,118,54,2,RBBB,2,RBBB,0,N,0.9631233,0.9631233,0.011353156,0.00016446036,0.015447161,0.0018786306,0.0007065383,0.0002969544,0.0070298016
2140,118_00055,118,55,2,RBBB,2,RBBB,0,N,0.9652149,0.9652149,0.011215518,0.00014697318,0.014581525,0.0018826458,0.0006973321,0.00026910097,0.005991967
2141,118_00056,118,56,2,RBBB,2,RBBB,0,N,0.9672181,0.9672181,0.01016958,0.00014497523,0.013885566,0.0018714692,0.0007093281,0.00025997724,0.005741017
2142,118_00057,118,57,2,RBBB,2,RBBB,0,N,0.96148026,0.96148026,0.012395973,0.00016178911,0.015977785,0.0018887303,0.0006916369,0.00029986587,0.007103879
2143,118_00058,118,58,2,RBBB,2,RBBB,0,N,0.960158,0.960158,0.014519329,0.00015033118,0.016129203,0.0019027226,0.0007113298,0.00028395926,0.0061451015
2144,118_00059,118,59,2,RBBB,2,RBBB,0,N,0.9681155,0.9681155,0.010393943,0.0001328028,0.013435095,0.0018671479,0.0006977404,0.00024305622,0.0051147826
2145,118_00060,118,60,2,RBBB,2,RBBB,0,N,0.96671194,0.96671194,0.011263212,0.00012850504,0.013921633,0.0018615964,0.00066132983,0.00024251526,0.0052092634
2146,118_00061,118,61,2,RBBB,2,RBBB,0,N,0.96926486,0.96926486,0.009673929,0.0001264461,0.013093882,0.001862581,0.0006608343,0.0002348373,0.0050827586
2147,118_00062,118,62,2,RBBB,2,RBBB,0,N,0.9699364,0.9699364,0.009004918,0.0001263186,0.012826453,0.0018856802,0.00062186515,0.00023714123,0.0053613014
2148,118_00063,118,63,2,RBBB,2,RBBB,0,N,0.9698648,0.9698648,0.008428774,0.00013426691,0.012983207,0.001866287,0.0006359882,0.0002465393,0.0058401898
2149,118_00064,118,64,2,RBBB,2,RBBB,0,N,0.9695808,0.9695808,0.0075627957,0.00014270641,0.0131581025,0.0018667373,0.0006155626,0.0002620041,0.006811273
2150,118_00065,118,65,2,RBBB,2,RBBB,0,N,0.96191347,0.96191347,0.009378591,0.00019294722,0.016186178,0.0017451779,0.00069478655,0.00032639137,0.009562477
2151,118_00066,118,66,2,RBBB,2,RBBB,0,N,0.9557585,0.9557585,0.009961103,0.00023716892,0.018395513,0.0016671704,0.0007532061,0.00037822002,0.01284906
2152,118_00067,118,67,2,RBBB,2,RBBB,0,N,0.9534822,0.9534822,0.013666236,0.00020466516,0.019051924,0.0018030117,0.00067369966,0.00037058766,0.010747579
2153,118_00068,118,68,2,RBBB,2,RBBB,0,N,0.9593962,0.9593962,0.012077264,0.00018542379,0.016848367,0.001862899,0.00068871095,0.000335026,0.008606125
2154,118_00069,118,69,2,RBBB,2,RBBB,0,N,0.9709075,0.9709075,0.008398866,0.00013522101,0.01255211,0.0018675284,0.000692853,0.00023991079,0.0052060382
2155,118_00070,118,70,2,RBBB,2,RBBB,0,N,0.96693885,0.96693885,0.00983442,0.0001453991,0.013988004,0.0018736153,0.0006550305,0.00026703023,0.0062978077
2156,118_00071,118,71,2,RBBB,2,RBBB,0,N,0.9635205,0.9635205,0.01118893,0.00015112029,0.015235537,0.001869576,0.0006398848,0.000286558,0.0071078516
2157,118_00072,118,72,2,RBBB,2,RBBB,0,N,0.96233505,0.96233505,0.011845681,0.0001521685,0.015626557,0.0018610242,0.00063547736,0.00029059668,0.00725355
2158,118_00073,118,73,2,RBBB,2,RBBB,0,N,0.9561898,0.9561898,0.015632028,0.00015594273,0.017480664,0.001898395,0.0006270992,0.00031180235,0.0077041453
2159,118_00074,118,74,2,RBBB,2,RBBB,0,N,0.95771843,0.95771843,0.015703712,0.0001467315,0.016758613,0.0019281138,0.00062924565,0.00029497014,0.006820087
2160,118_00075,118,75,2,RBBB,2,RBBB,0,N,0.961025,0.961025,0.015055707,0.00013120979,0.015629167,0.0018919607,0.00066759327,0.0002576756,0.0053417115
2161,118_00076,118,76,2,RBBB,2,RBBB,0,N,0.9696849,0.9696849,0.009734142,0.00012545627,0.012924995,0.0018257009,0.00069367926,0.00022912274,0.0047819545
2162,118_00077,118,77,2,RBBB,2,RBBB,0,N,0.96295035,0.96295035,0.012175776,0.00014862284,0.015479732,0.0018493123,0.00067821343,0.00027658706,0.006441396
2163,118_00078,118,78,2,RBBB,2,RBBB,0,N,0.96549743,0.96549743,0.011952299,0.00013260936,0.014293165,0.0018807793,0.0006665134,0.00025025834,0.005326926
2164,118_00079,118,79,2,RBBB,2,RBBB,0,N,0.9649638,0.9649638,0.011272536,0.00014362267,0.014699235,0.0018661967,0.00067122374,0.0002671403,0.006116308
2165,118_00080,118,80,2,RBBB,2,RBBB,0,N,0.9724803,0.9724803,0.008011165,0.00012719388,0.011952412,0.0018480076,0.0007028116,0.00022479301,0.004653355
2166,118_00081,118,81,2,RBBB,2,RBBB,0,N,0.9629685,0.9629685,0.010511699,0.00017174153,0.015733646,0.0018246634,0.00069803325,0.0003050345,0.007786718
2167,118_00082,118,82,2,RBBB,2,RBBB,0,N,0.96652097,0.96652097,0.008227035,0.00016454846,0.014339367,0.0018512347,0.0006590273,0.00029360104,0.007944109
2168,118_00083,118,83,2,RBBB,2,RBBB,0,N,0.96052086,0.96052086,0.009868495,0.00019633304,0.01646174,0.0017853549,0.0006740086,0.00034193872,0.010151306
2169,118_00084,118,84,2,RBBB,2,RBBB,0,N,0.9620089,0.9620089,0.010027111,0.00016951107,0.015818993,0.0018448291,0.0006057756,0.00032123126,0.00920357
2170,118_00085,118,85,2,RBBB,2,RBBB,0,N,0.9641443,0.9641443,0.010849003,0.00015329156,0.015054213,0.0018498474,0.0006562955,0.00028410836,0.0070088287
2171,118_00086,118,86,2,RBBB,2,RBBB,0,N,0.96439606,0.96439606,0.011452754,0.0001439486,0.014873205,0.0018669532,0.0006539238,0.00027102564,0.0063421554
2172,118_00087,118,87,2,RBBB,2,RBBB,0,N,0.96982646,0.96982646,0.00895972,0.0001310268,0.012992064,0.001846313,0.0006615089,0.00023866589,0.0053442544
2173,118_00088,118,88,2,RBBB,2,RBBB,0,N,0.9676319,0.9676319,0.009329532,0.00014648041,0.0138188,0.0018574552,0.00067409716,0.00026405376,0.006277626
2174,118_00089,118,89,2,RBBB,2,RBBB,0,N,0.96527153,0.96527153,0.009512969,0.00016386984,0.014685704,0.0018548082,0.00065762014,0.00029571098,0.007557833
2175,118_00090,118,90,2,RBBB,2,RBBB,0,N,0.96376973,0.96376973,0.010208636,0.00016456383,0.015187269,0.0018793887,0.0006459774,0.00030474202,0.007839768
2176,118_00091,118,91,2,RBBB,2,RBBB,0,N,0.9691662,0.9691662,0.0070553203,0.00017440117,0.013446182,0.0018368623,0.00075523485,0.0002834641,0.007282304
2177,118_00092,118,92,2,RBBB,2,RBBB,0,N,0.968623,0.968623,0.0062954943,0.00017667215,0.013534935,0.0018290383,0.00068420055,0.00029425975,0.008562398
2178,118_00093,118,93,2,RBBB,2,RBBB,0,N,0.96124715,0.96124715,0.0102064,0.00018330096,0.016143551,0.0018380142,0.0006436154,0.000334262,0.00940371
2179,118_00094,118,94,2,RBBB,2,RBBB,0,N,0.9645206,0.9645206,0.010420761,0.00015302269,0.014940788,0.0018546719,0.0006402817,0.00028524347,0.007184701
2180,118_00095,118,95,2,RBBB,2,RBBB,0,N,0.9655086,0.9655086,0.01095112,0.00014510762,0.014594707,0.0018421211,0.00069382094,0.00026403676,0.00600047
2181,118_00096,118,96,2,RBBB,2,RBBB,0,N,0.9687169,0.9687169,0.009181696,0.00014556592,0.01346948,0.0018302643,0.0007197942,0.00025463285,0.0056816596
2182,118_00097,118,97,2,RBBB,2,RBBB,0,N,0.964079,0.964079,0.009217862,0.00017838541,0.015358753,0.0017874251,0.00070756057,0.00030631994,0.0083646085
2183,118_00098,118,98,2,RBBB,2,RBBB,0,N,0.9650902,0.9650902,0.008871165,0.00017642847,0.015022615,0.0017809401,0.00072273676,0.00029840425,0.0080373995
2184,118_00099,118,99,2,RBBB,2,RBBB,0,N,0.9603014,0.9603014,0.010411003,0.00019179276,0.016598105,0.001797182,0.0006772359,0.00033749169,0.009685796
2185,118_00100,118,100,2,RBBB,2,RBBB,0,N,0.962038,0.962038,0.010947371,0.00018042666,0.016045935,0.0018340113,0.0007350979,0.0003143113,0.007904777
2186,118_00101,118,101,2,RBBB,2,RBBB,0,N,0.96098363,0.96098363,0.0117975455,0.00017526724,0.016350342,0.0018522551,0.00071721134,0.00031452993,0.0078091435
2187,118_00102,118,102,2,RBBB,2,RBBB,0,N,0.966399,0.966399,0.010060629,0.00015407823,0.014351559,0.0018361263,0.00071931037,0.0002707979,0.0062084855
2188,118_00103,118,103,2,RBBB,2,RBBB,0,N,0.96848375,0.96848375,0.008962786,0.00015181182,0.0135907,0.0018367964,0.0007207793,0.00026261093,0.00599077
2189,118_00104,118,104,2,RBBB,2,RBBB,0,N,0.96735716,0.96735716,0.008796768,0.00015862286,0.0139858695,0.0018674582,0.000690043,0.00027922457,0.0068648243
2190,118_00105,118,105,2,RBBB,2,RBBB,0,N,0.9683999,0.9683999,0.009167348,0.00014394314,0.013508919,0.0018730885,0.0006764335,0.00025874627,0.005971666
2191,118_00106,118,106,2,RBBB,2,RBBB,0,N,0.9643883,0.9643883,0.011330899,0.00014952983,0.014878604,0.0018899125,0.00067135785,0.00027802642,0.0064133666
2192,118_00107,118,107,2,RBBB,2,RBBB,0,N,0.9708858,0.9708858,0.008132593,0.00014132395,0.012590404,0.0018810856,0.0007090296,0.0002467325,0.005412995
2193,118_00108,118,108,3,APC,2,RBBB,0,N,0.9657649,0.9657649,0.009556382,0.00016606967,0.0145986015,0.0018645267,0.0007203911,0.00029066027,0.007038469
2194,118_00109,118,109,2,RBBB,3,APC,0,N,0.9186626,0.9186626,0.02998182,0.00036817323,0.03032783,0.0019744695,0.0008842682,0.0005998578,0.017200874
2195,118_00110,118,110,2,RBBB,2,RBBB,0,N,0.9079984,0.9079984,0.041828115,0.000305993,0.032262884,0.0021279783,0.0008343151,0.00056655536,0.014075718
2196,118_00111,118,111,2,RBBB,2,RBBB,0,N,0.87126976,0.87126976,0.05497317,0.0006191425,0.041969914,0.0022620393,0.0011299368,0.000959318,0.026816688
2197,118_00112,118,112,2,RBBB,2,RBBB,0,N,0.96764964,0.96764964,0.010241043,0.00014031619,0.013836013,0.0017991476,0.0007400306,0.00024843367,0.0053452956
2198,118_00113,118,113,2,RBBB,2,RBBB,0,N,0.9614004,0.9614004,0.011540546,0.00017550838,0.016350647,0.0018130693,0.00073152524,0.00030824632,0.00768004
2199,118_00114,118,114,3,APC,2,RBBB,0,N,0.9550658,0.9550658,0.015269841,0.00017695951,0.018307596,0.0018572871,0.0006973793,0.0003325841,0.008292526
2200,118_00115,118,115,2,RBBB,3,APC,0,N,0.85994065,0.85994065,0.06131154,0.0006208678,0.04712787,0.002071946,0.0011043192,0.00089630426,0.026926408
2201,118_00116,118,116,2,RBBB,2,RBBB,0,N,0.91058135,0.91058135,0.04244826,0.0002757998,0.03100414,0.0021071811,0.0008263896,0.00051930087,0.012237708
2202,118_00117,118,117,2,RBBB,2,RBBB,0,N,0.8852321,0.8852321,0.042407643,0.00064344937,0.0392157,0.002076069,0.0011659355,0.0009245977,0.028334506
2203,118_00118,118,118,2,RBBB,2,RBBB,0,N,0.9700675,0.9700675,0.007559592,0.00015868548,0.013106224,0.001830238,0.0007391495,0.00026480024,0.006273796
2204,118_00119,118,119,2,RBBB,2,RBBB,0,N,0.9677776,0.9677776,0.008197133,0.00017787392,0.014026297,0.0018106097,0.0007997372,0.0002865574,0.0069241817
2205,118_00120,118,120,2,RBBB,2,RBBB,0,N,0.9651506,0.9651506,0.008812705,0.00018201531,0.014963256,0.0018129281,0.0007353722,0.00030530847,0.0080378605
2206,118_00121,118,121,2,RBBB,2,RBBB,0,N,0.9624453,0.9624453,0.012466774,0.00015435227,0.015619496,0.0018638041,0.00071510347,0.00028284034,0.006452263
2207,118_00122,118,122,2,RBBB,2,RBBB,0,N,0.96348435,0.96348435,0.011752264,0.0001524335,0.015381297,0.0018382852,0.00070844975,0.00027711442,0.006405837
2208,118_00123,118,123,3,APC,2,RBBB,0,N,0.9672333,0.9672333,0.010381322,0.00014185566,0.013964342,0.0018117965,0.0007329841,0.000252394,0.005482104
2209,118_00124,118,124,2,RBBB,3,APC,0,N,0.8863714,0.8863714,0.044299174,0.00051371864,0.040384393,0.0019177591,0.0009930462,0.0007589859,0.024761517
2210,118_00125,118,125,2,RBBB,2,RBBB,0,N,0.9135444,0.9135444,0.035334997,0.00031147996,0.031370625,0.0020247851,0.0007794478,0.00056968763,0.01606451
2211,118_00126,118,126,2,RBBB,2,RBBB,0,N,0.8694941,0.8694941,0.0529528,0.0006453916,0.04226641,0.0022444602,0.0010816256,0.001010817,0.030304488
2212,118_00127,118,127,2,RBBB,2,RBBB,0,N,0.96878964,0.96878964,0.009102711,0.00014413902,0.013329251,0.0018830701,0.00069841376,0.00025694212,0.0057958127
2213,118_00128,118,128,2,RBBB,2,RBBB,0,N,0.9654857,0.9654857,0.010244289,0.00014905182,0.01459338,0.0018671803,0.0006621181,0.00027613694,0.006722141
2214,118_00129,118,129,2,RBBB,2,RBBB,0,N,0.9654419,0.9654419,0.008447977,0.00018413563,0.015009004,0.0017520322,0.0007485967,0.00029968764,0.008116689
2215,118_00130,118,130,2,RBBB,2,RBBB,0,N,0.9607164,0.9607164,0.012144014,0.0001689535,0.016616028,0.0018135635,0.0007071934,0.00030448224,0.0075293346
2216,118_00131,118,131,3,APC,2,RBBB,0,N,0.9562414,0.9562414,0.012691624,0.00021360663,0.01788234,0.0018923561,0.0007237861,0.0003763464,0.009978461
2217,118_00132,118,132,2,RBBB,3,APC,0,N,0.901732,0.901732,0.047638454,0.00038945477,0.033351853,0.002300591,0.0010569117,0.00064010493,0.012890607
2218,118_00133,118,133,2,RBBB,2,RBBB,0,N,0.93173915,0.93173915,0.021187473,0.0003960038,0.02670923,0.0019522696,0.0010044756,0.00059432053,0.016417017
2219,118_00134,118,134,2,RBBB,2,RBBB,0,N,0.8855629,0.8855629,0.017216459,0.0014249823,0.035435066,0.0016161046,0.0018383767,0.0012821265,0.055623952
2220,118_00135,118,135,2,RBBB,2,RBBB,0,N,0.97479653,0.97479653,0.0047071707,0.00015966616,0.011186931,0.0018391253,0.00075324817,0.00024874217,0.006308482
2221,118_00136,118,136,2,RBBB,2,RBBB,0,N,0.9650553,0.9650553,0.007831909,0.00018807544,0.014990851,0.0017646659,0.0007063132,0.00031135106,0.009151601
2222,118_00137,118,137,2,RBBB,2,RBBB,0,N,0.96267194,0.96267194,0.009406156,0.00018726615,0.01580038,0.0017937347,0.0007006683,0.00032277728,0.009117041
2223,118_00138,118,138,2,RBBB,2,RBBB,0,N,0.95651793,0.95651793,0.009042235,0.0002383334,0.017859757,0.0016902732,0.00071482745,0.00038452464,0.013552033
2224,118_00139,118,139,2,RBBB,2,RBBB,0,N,0.96198195,0.96198195,0.009668795,0.00019079476,0.015988354,0.0018093265,0.0006905204,0.00033098843,0.009339173
2225,118_00140,118,140,2,RBBB,2,RBBB,0,N,0.9595025,0.9595025,0.010094437,0.00021171017,0.017015683,0.0017670341,0.0007376013,0.00035133006,0.010319633
2226,118_00141,118,141,2,RBBB,2,RBBB,0,N,0.96627975,0.96627975,0.007961695,0.00018155486,0.014570253,0.0018095754,0.0007457355,0.00030069696,0.0081507
2227,118_00142,118,142,2,RBBB,2,RBBB,0,N,0.9642561,0.9642561,0.009147294,0.0001854334,0.015107104,0.001845028,0.0007107046,0.0003179835,0.008430358
2228,118_00143,118,143,2,RBBB,2,RBBB,0,N,0.97321904,0.97321904,0.0064394623,0.00013798501,0.011722822,0.0019092802,0.0006739835,0.00024104519,0.0056564193
2229,118_00144,118,144,2,RBBB,2,RBBB,0,N,0.9649957,0.9649957,0.011082003,0.00014867104,0.014504693,0.0019203834,0.0006561638,0.00027868376,0.006413634
2230,118_00145,118,145,2,RBBB,2,RBBB,0,N,0.967398,0.967398,0.009633127,0.00014992015,0.013812602,0.0019008254,0.000689953,0.0002694137,0.006146083
2231,118_00146,118,146,2,RBBB,2,RBBB,0,N,0.96166617,0.96166617,0.012422663,0.00015614057,0.015836576,0.0018956792,0.0006674267,0.00029547536,0.007059819
2232,118_00147,118,147,2,RBBB,2,RBBB,0,N,0.9635042,0.9635042,0.01193609,0.00014563595,0.015258414,0.0018526742,0.0006743991,0.00027267812,0.006355905
2233,118_00148,118,148,2,RBBB,2,RBBB,0,N,0.961228,0.961228,0.012837199,0.00014682452,0.015928634,0.0018643427,0.0006099012,0.00028837155,0.0070967614
2234,118_00149,118,149,2,RBBB,2,RBBB,0,N,0.95937276,0.95937276,0.013214291,0.00015585765,0.016583746,0.0018657295,0.00061075547,0.00030653056,0.0078902375
2235,118_00150,118,150,2,RBBB,2,RBBB,0,N,0.950435,0.950435,0.01844871,0.00016699146,0.019260116,0.0019487148,0.00059176097,0.00034377116,0.008804995
2236,118_00151,118,151,2,RBBB,2,RBBB,0,N,0.9600877,0.9600877,0.0129373865,0.0001572286,0.016298804,0.0018990483,0.0006161146,0.00030783835,0.0076958677
2237,118_00152,118,152,2,RBBB,2,RBBB,0,N,0.96770155,0.96770155,0.009881513,0.00013811697,0.013624958,0.0018890275,0.0006414029,0.00025730126,0.0058661047
2238,118_00153,118,153,2,RBBB,2,RBBB,0,N,0.9673425,0.9673425,0.008294858,0.00015377672,0.01376474,0.0019113738,0.00059264596,0.00028916742,0.0076509262
2239,118_00154,118,154,2,RBBB,2,RBBB,0,N,0.9645682,0.9645682,0.009081034,0.0001681717,0.014867406,0.0018574717,0.00061479636,0.00031061308,0.008532391
2240,118_00155,118,155,2,RBBB,2,RBBB,0,N,0.96310896,0.96310896,0.010139628,0.00016314727,0.015309702,0.0018885876,0.0006027898,0.00031221606,0.008474962
2241,118_00156,118,156,2,RBBB,2,RBBB,0,N,0.96128875,0.96128875,0.011194895,0.0001677632,0.015920732,0.0018872245,0.00060613814,0.00032141045,0.00861312
2242,118_00157,118,157,2,RBBB,2,RBBB,0,N,0.9678198,0.9678198,0.010005038,0.00012960199,0.013596481,0.001872404,0.0006102749,0.00024800698,0.0057183793
2243,118_00158,118,158,2,RBBB,2,RBBB,0,N,0.97139525,0.97139525,0.007531005,0.0001326426,0.012465772,0.0018628238,0.00062946527,0.00024039004,0.005742557
2244,118_00159,118,159,2,RBBB,2,RBBB,0,N,0.9646301,0.9646301,0.010525365,0.0001519647,0.014961214,0.0018323793,0.0006558683,0.00028007847,0.0069629177
2245,118_00160,118,160,2,RBBB,2,RBBB,0,N,0.95680255,0.95680255,0.013879636,0.00016162997,0.017585319,0.0018514416,0.00059328676,0.0003222351,0.008803888
2246,118_00161,118,161,2,RBBB,2,RBBB,0,N,0.94818646,0.94818646,0.019784488,0.00017001772,0.02008077,0.0018962434,0.00061606616,0.00034514605,0.008920832
2247,118_00162,118,162,2,RBBB,2,RBBB,0,N,0.95260966,0.95260966,0.017176982,0.00016226317,0.018746203,0.0018773923,0.00060482783,0.0003277948,0.0084949555
2248,118_00163,118,163,2,RBBB,2,RBBB,0,N,0.9564237,0.9564237,0.015037202,0.0001559031,0.017537586,0.0018692563,0.0006010431,0.00031270983,0.008062698
2249,118_00164,118,164,2,RBBB,2,RBBB,0,N,0.9610168,0.9610168,0.013135729,0.00014595526,0.016049774,0.0018534136,0.000624826,0.00028428808,0.006889285
2250,118_00165,118,165,2,RBBB,2,RBBB,0,N,0.9637527,0.9637527,0.011366041,0.00015054083,0.015253269,0.0018310983,0.00066988537,0.00027775974,0.0066987034
2251,118_00166,118,166,2,RBBB,2,RBBB,0,N,0.9629763,0.9629763,0.012554967,0.00014281084,0.01527602,0.0018747235,0.0006511633,0.00027279966,0.0062513463
2252,118_00167,118,167,2,RBBB,2,RBBB,0,N,0.965964,0.965964,0.010543479,0.00014603979,0.014157369,0.001919892,0.00063471834,0.0002750875,0.006359465
2253,118_00168,118,168,2,RBBB,2,RBBB,0,N,0.96870786,0.96870786,0.008913616,0.00014577739,0.013405132,0.00187377,0.0006679413,0.0002609636,0.0060249995
2254,118_00169,118,169,2,RBBB,2,RBBB,0,N,0.96836287,0.96836287,0.0072877053,0.00017275021,0.013817467,0.0018096929,0.00071989145,0.0002853724,0.0075442144
2255,118_00170,118,170,2,RBBB,2,RBBB,0,N,0.954588,0.954588,0.011264321,0.00022802962,0.018581256,0.001781881,0.00069007097,0.00039296265,0.01247345
2256,118_00171,118,171,2,RBBB,2,RBBB,0,N,0.9593503,0.9593503,0.010921125,0.0001969069,0.01696861,0.0018137882,0.0006774513,0.00034682744,0.00972491
2257,118_00172,118,172,2,RBBB,2,RBBB,0,N,0.96522135,0.96522135,0.010282241,0.00015842667,0.014759916,0.0018485666,0.000704783,0.00028252686,0.006742197
2258,118_00173,118,173,2,RBBB,2,RBBB,0,N,0.9640668,0.9640668,0.011851344,0.00014473943,0.014901756,0.0018836992,0.00065744424,0.00027246965,0.0062218
2259,118_00174,118,174,2,RBBB,2,RBBB,0,N,0.96425515,0.96425515,0.011509885,0.00014384056,0.014878374,0.0018797795,0.000639153,0.00027371844,0.0064201453
2260,118_00175,118,175,2,RBBB,2,RBBB,0,N,0.9705531,0.9705531,0.0077165123,0.00014052531,0.012812395,0.0018601335,0.0006532507,0.00025021928,0.0060138945
2261,118_00176,118,176,2,RBBB,2,RBBB,0,N,0.9607359,0.9607359,0.011078507,0.00018141374,0.016368465,0.0018512673,0.0006710546,0.0003297697,0.00878355
2262,118_00177,118,177,2,RBBB,2,RBBB,0,N,0.9557295,0.9557295,0.014442897,0.00017966678,0.017928235,0.0019044781,0.00065665843,0.00034396234,0.008814619
2263,118_00178,118,178,2,RBBB,2,RBBB,0,N,0.958964,0.958964,0.015340401,0.00014621783,0.01643245,0.0019181712,0.00067395746,0.0002850275,0.0062398505
2264,118_00179,118,179,2,RBBB,2,RBBB,0,N,0.95893985,0.95893985,0.015773227,0.00014109584,0.016335055,0.0019142615,0.0006758212,0.00027719646,0.005943405
2265,118_00180,118,180,2,RBBB,2,RBBB,0,N,0.95995677,0.95995677,0.01447338,0.00014572433,0.016203696,0.001898085,0.0006653676,0.00028329447,0.006373752
2266,118_00181,118,181,2,RBBB,2,RBBB,0,N,0.96439487,0.96439487,0.010765241,0.00015116656,0.014956189,0.0018631233,0.00066151196,0.00028192252,0.0069260537
2267,118_00182,118,182,2,RBBB,2,RBBB,0,N,0.9628331,0.9628331,0.010105417,0.00017217276,0.015566465,0.0018430705,0.0006548769,0.0003143075,0.0085104825
2268,118_00183,118,183,2,RBBB,2,RBBB,0,N,0.9592734,0.9592734,0.010983328,0.00017347615,0.016783094,0.0018433282,0.0005793937,0.00033761817,0.010026472
2269,118_00184,118,184,2,RBBB,2,RBBB,0,N,0.9604795,0.9604795,0.010999377,0.00018081717,0.01636352,0.00186029,0.00063905894,0.000334731,0.009142771
2270,118_00185,118,185,2,RBBB,2,RBBB,0,N,0.9625515,0.9625515,0.011610952,0.00016291621,0.0155317485,0.0018997464,0.0006733455,0.0003015431,0.0072683496
2271,118_00186,118,186,2,RBBB,2,RBBB,0,N,0.9634766,0.9634766,0.011985766,0.00015067536,0.015051199,0.0019192685,0.0006736701,0.00028326875,0.006459617
2272,118_00187,118,187,2,RBBB,2,RBBB,0,N,0.966275,0.966275,0.010694837,0.00014151118,0.014138917,0.001889608,0.00066868967,0.00026284266,0.005928637
2273,118_00188,118,188,2,RBBB,2,RBBB,0,N,0.9666005,0.9666005,0.0106003275,0.0001401793,0.014011061,0.0018887821,0.0006623632,0.00026020373,0.00583645
2274,118_00189,118,189,2,RBBB,2,RBBB,0,N,0.9648863,0.9648863,0.009766954,0.00015751929,0.01479948,0.0018673002,0.00064751017,0.00029200854,0.0075829425
2275,118_00190,118,190,2,RBBB,2,RBBB,0,N,0.9608521,0.9608521,0.013363341,0.00014127341,0.01609525,0.0018407155,0.0006207547,0.00027876347,0.006807752
2276,118_00191,118,191,2,RBBB,2,RBBB,0,N,0.9663921,0.9663921,0.009615904,0.00014107637,0.014226945,0.0018438849,0.0005930724,0.00026945124,0.0069175404
2277,118_00192,118,192,2,RBBB,2,RBBB,0,N,0.9747155,0.9747155,0.0065798,0.00012515283,0.011217029,0.0018068671,0.00070016395,0.00021492907,0.004640611
2278,118_00193,118,193,2,RBBB,2,RBBB,0,N,0.97566015,0.97566015,0.0047716456,0.00014237312,0.010833644,0.0018548734,0.0006981009,0.00023373417,0.0058055334
2279,118_00194,118,194,2,RBBB,2,RBBB,0,N,0.96827084,0.96827084,0.007213775,0.00016528873,0.01378305,0.0018302086,0.0006865855,0.00028321033,0.0077669304
2280,118_00195,118,195,2,RBBB,2,RBBB,0,N,0.9707634,0.9707634,0.0057504415,0.00017474157,0.0129674245,0.001741954,0.0007776456,0.00027080873,0.0075535094
2281,118_00196,118,196,2,RBBB,2,RBBB,0,N,0.9577489,0.9577489,0.0113225,0.0002055667,0.017605275,0.0017763402,0.000729188,0.00035216866,0.010260139
2282,118_00197,118,197,2,RBBB,2,RBBB,0,N,0.95205104,0.95205104,0.016277244,0.00018941543,0.01920269,0.0018972638,0.00069125165,0.00036109512,0.00933002
2283,118_00198,118,198,2,RBBB,2,RBBB,0,N,0.95887524,0.95887524,0.014071411,0.00016505299,0.016814418,0.0018861423,0.00071776955,0.00030715272,0.007162758
2284,118_00199,118,199,2,RBBB,2,RBBB,0,N,0.9685031,0.9685031,0.009626363,0.00014069854,0.013568496,0.0017975756,0.00073982484,0.00024746408,0.0053764507
2285,118_00200,118,200,3,APC,2,RBBB,0,N,0.9695164,0.9695164,0.008068643,0.00015551965,0.013423834,0.0017533771,0.00078864844,0.00025756165,0.006035911
2286,118_00201,118,201,2,RBBB,3,APC,0,N,0.930769,0.930769,0.021457473,0.00034285957,0.027472224,0.0016559064,0.0009516487,0.0005027646,0.016848136
2287,118_00202,118,202,2,RBBB,2,RBBB,0,N,0.922753,0.922753,0.0329798,0.000261081,0.028373135,0.0019411304,0.00078368944,0.00048141475,0.012426652
2288,118_00203,118,203,2,RBBB,2,RBBB,0,N,0.8737322,0.8737322,0.043028265,0.00067017594,0.042953357,0.0018733785,0.0010424112,0.0009376178,0.035762522
2289,118_00204,118,204,2,RBBB,2,RBBB,0,N,0.9652379,0.9652379,0.008632391,0.0001767674,0.0149645535,0.001779497,0.00070513156,0.00030025878,0.008203383
2290,118_00205,118,205,2,RBBB,2,RBBB,0,N,0.9591964,0.9591964,0.0109028425,0.00018485449,0.016932203,0.0018076368,0.0006370899,0.00034031834,0.009998631
2291,118_00206,118,206,2,RBBB,2,RBBB,0,N,0.9645704,0.9645704,0.010417256,0.00015562054,0.015098739,0.0018143299,0.00066187343,0.00028190124,0.0069998964
2292,118_00207,118,207,2,RBBB,2,RBBB,0,N,0.9667801,0.9667801,0.010984806,0.00014076255,0.013969937,0.0018654831,0.00072062144,0.00025287698,0.005285389
2293,118_00208,118,208,2,RBBB,2,RBBB,0,N,0.9644076,0.9644076,0.011306573,0.00015791677,0.01501718,0.0018633772,0.00074484595,0.00027990362,0.0062226374
2294,118_00209,118,209,2,RBBB,2,RBBB,0,N,0.9671443,0.9671443,0.010682451,0.00014216764,0.0139002595,0.0018404466,0.0007464458,0.0002527721,0.0052912137
2295,118_00210,118,210,2,RBBB,2,RBBB,0,N,0.96403897,0.96403897,0.011036019,0.00016044569,0.015198024,0.0018559799,0.0007191911,0.00028676772,0.006704586
2296,118_00211,118,211,2,RBBB,2,RBBB,0,N,0.9630547,0.9630547,0.011478593,0.00016293362,0.01556587,0.0018521242,0.0007253981,0.0002918656,0.0068684355
2297,118_00212,118,212,2,RBBB,2,RBBB,0,N,0.9597824,0.9597824,0.013342126,0.0001616273,0.01665601,0.0018553763,0.0006946868,0.00030100814,0.007206827
2298,118_00213,118,213,2,RBBB,2,RBBB,0,N,0.9644968,0.9644968,0.011357539,0.0001477152,0.014960945,0.0018480053,0.0006832533,0.00027088157,0.006234794
2299,118_00214,118,214,2,RBBB,2,RBBB,0,N,0.96759236,0.96759236,0.011427911,0.00012538566,0.0134818945,0.0018684593,0.0006898366,0.00023246976,0.0045816344
2300,118_00215,118,215,2,RBBB,2,RBBB,0,N,0.9687819,0.9687819,0.009099136,0.00014101394,0.013419589,0.0018497858,0.0006742155,0.00025256898,0.0057817744
2301,118_00216,118,216,2,RBBB,2,RBBB,0,N,0.96761084,0.96761084,0.009965525,0.00014553817,0.013824827,0.0018423013,0.0007191424,0.0002570292,0.0056347786
2302,118_00217,118,217,2,RBBB,2,RBBB,0,N,0.9559094,0.9559094,0.014184583,0.00017227877,0.017880714,0.0018731117,0.0006180676,0.0003365298,0.009025294
2303,118_00218,118,218,2,RBBB,2,RBBB,0,N,0.95762324,0.95762324,0.0137179205,0.00016457375,0.017250208,0.0018708546,0.00062321604,0.00032193933,0.008428097
2304,118_00219,118,219,2,RBBB,2,RBBB,0,N,0.9612919,0.9612919,0.012653296,0.00014752682,0.015979087,0.0018464302,0.00061619177,0.00028748374,0.0071780207
2305,118_00220,118,220,2,RBBB,2,RBBB,0,N,0.9539719,0.9539719,0.01538099,0.0001709879,0.018536678,0.0018644982,0.0006133961,0.00033817368,0.009123369
2306,118_00221,118,221,2,RBBB,2,RBBB,0,N,0.9542693,0.9542693,0.015709318,0.00016784818,0.018408695,0.0018610763,0.0006333491,0.00033016884,0.008620245
2307,118_00222,118,222,2,RBBB,2,RBBB,0,N,0.9589674,0.9589674,0.011939391,0.00017668158,0.01688871,0.0018484218,0.0006268615,0.0003342289,0.009218285
2308,118_00223,118,223,2,RBBB,2,RBBB,0,N,0.9640249,0.9640249,0.010457826,0.00015994743,0.01510882,0.0018529895,0.0006564465,0.00029396624,0.0074450634
2309,118_00224,118,224,2,RBBB,2,RBBB,0,N,0.96094424,0.96094424,0.010748474,0.00017339143,0.01614142,0.0018755076,0.00061218865,0.00032988618,0.009174952
2310,118_00225,118,225,2,RBBB,2,RBBB,0,N,0.961269,0.961269,0.011415401,0.00016836304,0.016118297,0.0018603584,0.0006504237,0.00031444756,0.008203649
2311,118_00226,118,226,2,RBBB,2,RBBB,0,N,0.9626958,0.9626958,0.010859918,0.00016026967,0.0156098,0.001847528,0.0006314768,0.0003013376,0.007893791
2312,118_00227,118,227,2,RBBB,2,RBBB,0,N,0.96158326,0.96158326,0.011853517,0.00016297304,0.016056456,0.0018464915,0.00066812383,0.000301457,0.0075276946
2313,118_00228,118,228,2,RBBB,2,RBBB,0,N,0.9645786,0.9645786,0.0117826685,0.0001393063,0.01467123,0.0018817098,0.00063960376,0.00026562833,0.006041186
2314,118_00229,118,229,2,RBBB,2,RBBB,0,N,0.9621582,0.9621582,0.012400717,0.0001540492,0.015635863,0.0018824844,0.00066109526,0.00028973998,0.0068177893
2315,118_00230,118,230,2,RBBB,2,RBBB,0,N,0.9705315,0.9705315,0.009213948,0.00012168154,0.012610445,0.0018482086,0.00064808223,0.00022496986,0.0048010782
2316,118_00231,118,231,2,RBBB,2,RBBB,0,N,0.96231866,0.96231866,0.011801475,0.00015396795,0.01567606,0.0018530806,0.0006357114,0.00029155135,0.007269492
2317,118_00232,118,232,2,RBBB,2,RBBB,0,N,0.9689242,0.9689242,0.008755316,0.00014394872,0.013381141,0.0018388564,0.0006681943,0.00025575244,0.006032564
2318,118_00233,118,233,2,RBBB,2,RBBB,0,N,0.9617459,0.9617459,0.010613184,0.00016549535,0.01596232,0.0018302364,0.0006131165,0.00031335404,0.008756411
2319,118_00234,118,234,2,RBBB,2,RBBB,0,N,0.9569017,0.9569017,0.013241309,0.00017277747,0.017638654,0.0018368324,0.0006162037,0.00033403258,0.009258499
2320,118_00235,118,235,3,APC,2,RBBB,0,N,0.9549109,0.9549109,0.014573377,0.00017007158,0.018129777,0.0018738935,0.00058894313,0.00034004683,0.009412923
2321,118_00236,118,236,2,RBBB,3,APC,0,N,0.81289905,0.81289905,0.10416466,0.0005379779,0.05448752,0.0023622375,0.0009910545,0.000923131,0.023634357
2322,118_00237,118,237,3,APC,2,RBBB,0,N,0.8754875,0.8754875,0.06361619,0.0003378269,0.040030662,0.0022427177,0.0008143706,0.0006584953,0.016812168
2323,118_00238,118,238,2,RBBB,3,APC,1,LBBB,0.43685263,0.35070577,0.43685263,0.003933956,0.120937414,0.0031559316,0.0020872706,0.0030753016,0.07925176
2324,118_00239,118,239,2,RBBB,2,RBBB,0,N,0.87102556,0.87102556,0.071061514,0.0003168876,0.039818462,0.0022967842,0.00085592945,0.0006168046,0.01400797
2325,118_00240,118,240,2,RBBB,2,RBBB,0,N,0.7830679,0.7830679,0.1263129,0.000736979,0.058347426,0.0025185458,0.0012396149,0.0011478973,0.026628718
2326,118_00241,118,241,2,RBBB,2,RBBB,0,N,0.96502984,0.96502984,0.011559465,0.00014481536,0.014620011,0.0018651751,0.0007109117,0.0002644425,0.005805323
2327,118_00242,118,242,2,RBBB,2,RBBB,0,N,0.95939004,0.95939004,0.0148032345,0.00014915204,0.01645592,0.001867903,0.00069911056,0.00028361476,0.006351088
2328,118_00243,118,243,2,RBBB,2,RBBB,0,N,0.96647054,0.96647054,0.009847526,0.00015330748,0.014296284,0.0018515477,0.0007033499,0.00027216377,0.0064051705
2329,118_00244,118,244,2,RBBB,2,RBBB,0,N,0.9667276,0.9667276,0.011744149,0.00013026792,0.013747381,0.0018710189,0.0007173706,0.00024088101,0.004821313
2330,118_00245,118,245,2,RBBB,2,RBBB,0,N,0.9683046,0.9683046,0.009093491,0.0001482763,0.013524295,0.0019015602,0.00069814397,0.00026460146,0.006065036
2331,118_00246,118,246,2,RBBB,2,RBBB,0,N,0.9732872,0.9732872,0.007142366,0.00012579234,0.011633962,0.0018978658,0.0006574041,0.00022701907,0.005028384
2332,118_00247,118,247,2,RBBB,2,RBBB,0,N,0.9727189,0.9727189,0.006726129,0.0001347616,0.011867733,0.0019258731,0.00064574496,0.00024207239,0.0057388935
2333,118_00248,118,248,2,RBBB,2,RBBB,0,N,0.9795209,0.9795209,0.0037679407,0.00012397108,0.009190254,0.0018664466,0.0006996552,0.00020352838,0.0046273638
2334,118_00249,118,249,2,RBBB,2,RBBB,0,N,0.9818033,0.9818033,0.0032150194,0.00012202505,0.008182614,0.0018618074,0.00079048635,0.00018927189,0.003835597
2335,118_00250,118,250,2,RBBB,2,RBBB,0,N,0.9765954,0.9765954,0.0042709885,0.00014003551,0.010506847,0.0018112293,0.00073751353,0.00022538156,0.005712634
2336,118_00251,118,251,2,RBBB,2,RBBB,0,N,0.97992086,0.97992086,0.003463064,0.0001340001,0.009057805,0.0018096261,0.00080341124,0.00020451954,0.004606759
2337,118_00252,118,252,2,RBBB,2,RBBB,0,N,0.97544175,0.97544175,0.0055001928,0.00013614185,0.010910987,0.0018781493,0.0007233119,0.00022868392,0.0051807296
2338,118_00253,118,253,2,RBBB,2,RBBB,0,N,0.9715541,0.9715541,0.007189946,0.00014512135,0.012435227,0.0018707567,0.0006930463,0.0002498275,0.00586194
2339,118_00254,118,254,2,RBBB,2,RBBB,0,N,0.96909636,0.96909636,0.008254473,0.00015524945,0.013377151,0.001872548,0.00071847986,0.00026749977,0.006258144
2340,118_00255,118,255,2,RBBB,2,RBBB,0,N,0.9682218,0.9682218,0.007698017,0.00017845539,0.01380998,0.001837914,0.0007733384,0.00028943908,0.0071910624
2341,118_00256,118,256,2,RBBB,2,RBBB,0,N,0.9648001,0.9648001,0.007932771,0.00019747387,0.015021372,0.0018103238,0.0007318001,0.00032386437,0.009182337
2342,118_00257,118,257,2,RBBB,2,RBBB,0,N,0.9716192,0.9716192,0.006489351,0.00016319485,0.012514171,0.0018455675,0.0007677506,0.0002636504,0.006337203
2343,118_00258,118,258,2,RBBB,2,RBBB,0,N,0.9690656,0.9690656,0.008024583,0.00016220422,0.013493713,0.0018327261,0.00074303773,0.00027134424,0.006406773
2344,118_00259,118,259,2,RBBB,2,RBBB,0,N,0.9643743,0.9643743,0.010633064,0.00017157498,0.0151704205,0.0018623197,0.00076028844,0.0002948034,0.0067333067
2345,118_00260,118,260,2,RBBB,2,RBBB,0,N,0.9676097,0.9676097,0.009580848,0.00016204242,0.014003803,0.0018100798,0.0008240981,0.0002691167,0.005740288
2346,118_00261,118,261,2,RBBB,2,RBBB,0,N,0.9626384,0.9626384,0.01120608,0.000175092,0.0157774,0.0018532994,0.0007485215,0.00030556426,0.0072955703
2347,118_00262,118,262,2,RBBB,2,RBBB,0,N,0.96641445,0.96641445,0.01029799,0.0001470481,0.014233286,0.0018554882,0.0006886359,0.00026575776,0.0060973605
2348,118_00263,118,263,2,RBBB,2,RBBB,0,N,0.9674293,0.9674293,0.009087793,0.00014873981,0.013827025,0.001899266,0.0006527006,0.00027306247,0.006682134
2349,118_00264,118,264,2,RBBB,2,RBBB,0,N,0.9660459,0.9660459,0.009641686,0.0001546864,0.014354362,0.0018856742,0.00066283223,0.00028317596,0.0069716778
2350,118_00265,118,265,2,RBBB,2,RBBB,0,N,0.9606761,0.9606761,0.010548648,0.00017767881,0.016249191,0.0018598689,0.000618311,0.00033514775,0.009535082
2351,118_00266,118,266,2,RBBB,2,RBBB,0,N,0.95349497,0.95349497,0.015706178,0.00017507224,0.01859095,0.0018899331,0.00063034694,0.00034538057,0.009167201
2352,118_00267,118,267,2,RBBB,2,RBBB,0,N,0.9594214,0.9594214,0.013375289,0.00016195184,0.016628964,0.001874129,0.00065283215,0.00030803747,0.0075774067
2353,118_00268,118,268,2,RBBB,2,RBBB,0,N,0.96744514,0.96744514,0.010985352,0.00012631154,0.01373222,0.0018130455,0.0006801645,0.00023491916,0.004982957
2354,118_00269,118,269,2,RBBB,2,RBBB,0,N,0.96774834,0.96774834,0.0106427185,0.0001283044,0.0136842625,0.0018101975,0.0006774983,0.00023642807,0.0050721737
2355,118_00270,118,270,2,RBBB,2,RBBB,0,N,0.975067,0.975067,0.005986151,0.00012472889,0.011111073,0.0018313384,0.0006473859,0.00021825003,0.0050140955
2356,118_00271,118,271,2,RBBB,2,RBBB,0,N,0.9782922,0.9782922,0.005743615,0.00010637262,0.0096558165,0.0018141626,0.0006827766,0.00018388376,0.003521123
2357,118_00272,118,272,2,RBBB,2,RBBB,0,N,0.9780077,0.9780077,0.004376409,0.00013173086,0.009882167,0.0018540934,0.0007141469,0.00021402085,0.004819777
2358,118_00273,118,273,2,RBBB,2,RBBB,0,N,0.9750072,0.9750072,0.0067696497,0.0001240987,0.01100436,0.0018387501,0.00072194514,0.00021280663,0.0043211826
2359,118_00274,118,274,2,RBBB,2,RBBB,0,N,0.97701716,0.97701716,0.0048360205,0.00013943407,0.010314753,0.0018341823,0.0007612221,0.00022154137,0.004875614
2360,118_00275,118,275,2,RBBB,2,RBBB,0,N,0.9814204,0.9814204,0.0035775434,0.00011197734,0.008462901,0.0018022717,0.0007241928,0.00018134214,0.0037193259
2361,118_00276,118,276,2,RBBB,2,RBBB,0,N,0.9871343,0.9871343,0.0016146975,0.0001056851,0.0058830865,0.0016472505,0.0008554177,0.00014144467,0.0026181822
2362,118_00277,118,277,2,RBBB,2,RBBB,0,N,0.984109,0.984109,0.0017927067,0.000119560114,0.0073260334,0.0015625719,0.000819127,0.00016530132,0.0041058306
2363,118_00278,118,278,2,RBBB,2,RBBB,0,N,0.9869735,0.9869735,0.0015100231,9.962409e-05,0.0060881856,0.001554431,0.00082824676,0.00013543734,0.0028103967
2364,118_00279,118,279,2,RBBB,2,RBBB,0,N,0.98684645,0.98684645,0.0011214965,0.0001111897,0.0060680774,0.0014783023,0.00089335255,0.00013865827,0.0033424995
2365,118_00280,118,280,2,RBBB,2,RBBB,0,N,0.98885965,0.98885965,0.0012387728,9.3305396e-05,0.005129329,0.0016095903,0.0008868003,0.00012004942,0.0020626504
2366,118_00281,118,281,2,RBBB,2,RBBB,0,N,0.98576796,0.98576796,0.0019967721,0.00010796671,0.00649898,0.001702745,0.0008539022,0.00015282803,0.002918874
2367,118_00282,118,282,2,RBBB,2,RBBB,0,N,0.9836046,0.9836046,0.0031524508,0.00010188062,0.007517126,0.0017455437,0.00076493114,0.00016016276,0.0029532376
2368,118_00283,118,283,2,RBBB,2,RBBB,0,N,0.9825425,0.9825425,0.003674812,0.00010418761,0.007999376,0.001733963,0.00076834194,0.00016463922,0.0030121617
2369,118_00284,118,284,2,RBBB,2,RBBB,0,N,0.978001,0.978001,0.006047611,0.00010134562,0.009795663,0.0017814856,0.00066383596,0.00017855217,0.0034306108
2370,118_00285,118,285,2,RBBB,2,RBBB,0,N,0.9706847,0.9706847,0.009362122,0.0001196024,0.012568747,0.0018217347,0.00064938294,0.00022000034,0.0045736884
2371,118_00286,118,286,2,RBBB,2,RBBB,0,N,0.9716289,0.9716289,0.009271236,0.00012225579,0.0121425,0.0018072829,0.0007380559,0.00021558398,0.0040742448
2372,118_00287,118,287,2,RBBB,2,RBBB,0,N,0.96443766,0.96443766,0.0107462,0.00015389624,0.015030149,0.0018379951,0.00068147684,0.00028091035,0.006831726
2373,118_00288,118,288,2,RBBB,2,RBBB,0,N,0.96339077,0.96339077,0.010627159,0.00016542117,0.015507985,0.0018219684,0.0006861861,0.0002966066,0.0075038997
2374,118_00289,118,289,2,RBBB,2,RBBB,0,N,0.97074556,0.97074556,0.0068317936,0.00015356648,0.012883385,0.0018177809,0.00070281146,0.00025954845,0.006605518
2375,118_00290,118,290,2,RBBB,2,RBBB,0,N,0.9694094,0.9694094,0.0063115936,0.00016756282,0.013348277,0.0017915296,0.0006978622,0.00027784493,0.007995904
2376,118_00291,118,291,2,RBBB,2,RBBB,0,N,0.96546,0.96546,0.008421052,0.00016759627,0.014674612,0.0018252803,0.0006271266,0.00030311637,0.008521271
2377,118_00292,118,292,2,RBBB,2,RBBB,0,N,0.9704726,0.9704726,0.009440441,0.00011886894,0.012485857,0.0018842377,0.00062234246,0.00022414801,0.0047514876
2378,118_00293,118,293,2,RBBB,2,RBBB,0,N,0.9749383,0.9749383,0.007224103,0.00011808189,0.010921409,0.0018441887,0.00069262256,0.00020718918,0.0040541734
2379,118_00294,118,294,2,RBBB,2,RBBB,0,N,0.97801226,0.97801226,0.0056779687,0.00011829908,0.009807334,0.0018147359,0.0007671445,0.00019456886,0.0036076948
2380,118_00295,118,295,2,RBBB,2,RBBB,0,N,0.9773802,0.9773802,0.0037758793,0.00016951545,0.010198905,0.0017456,0.000975473,0.00023703599,0.0055173235
2381,118_00296,118,296,2,RBBB,2,RBBB,0,N,0.9674919,0.9674919,0.0065699723,0.00022170262,0.014208114,0.001778304,0.0009517536,0.0003188018,0.00845939
2382,118_00297,118,297,2,RBBB,2,RBBB,0,N,0.97299147,0.97299147,0.00614252,0.00016301595,0.011993609,0.001825578,0.0008431897,0.00025494405,0.005785652
2383,118_00298,118,298,2,RBBB,2,RBBB,0,N,0.9707642,0.9707642,0.0064733042,0.00018166589,0.012989375,0.0017547625,0.00088005996,0.00027406754,0.0066825068
2384,118_00299,118,299,2,RBBB,2,RBBB,0,N,0.9680712,0.9680712,0.007635597,0.0001784717,0.013915559,0.0018146116,0.0007876959,0.00028833156,0.0073085623
2385,118_00300,118,300,2,RBBB,2,RBBB,0,N,0.96854246,0.96854246,0.0072910767,0.00017981612,0.013642442,0.001842183,0.0007537033,0.00029062244,0.00745785
2386,118_00301,118,301,2,RBBB,2,RBBB,0,N,0.96794695,0.96794695,0.008501596,0.00016602226,0.013807417,0.0018808097,0.0007636922,0.00028200215,0.006651415
2387,118_00302,118,302,2,RBBB,2,RBBB,0,N,0.97051054,0.97051054,0.0072559193,0.0001579271,0.012895783,0.0018658553,0.000738078,0.00026494035,0.006310846
2388,118_00303,118,303,2,RBBB,2,RBBB,0,N,0.96851665,0.96851665,0.008659937,0.00015612361,0.013622727,0.001846494,0.0007506909,0.00026796284,0.0061794627
2389,118_00304,118,304,2,RBBB,2,RBBB,0,N,0.96614873,0.96614873,0.0100959595,0.00015356454,0.014423731,0.0018498221,0.00071478647,0.00027290446,0.0063404073
2390,118_00305,118,305,2,RBBB,2,RBBB,0,N,0.96807694,0.96807694,0.008895688,0.00015449448,0.0137333805,0.0018631523,0.00070985506,0.0002693571,0.0062971683
2391,118_00306,118,306,2,RBBB,2,RBBB,0,N,0.9687877,0.9687877,0.008966165,0.00015157618,0.013421833,0.0018558082,0.00073850254,0.0002617783,0.0058166995
2392,118_00307,118,307,2,RBBB,2,RBBB,0,N,0.96619743,0.96619743,0.009275463,0.00016819137,0.014510538,0.0018510828,0.0007309008,0.0002893266,0.0069770813
2393,118_00308,118,308,2,RBBB,2,RBBB,0,N,0.96322566,0.96322566,0.010271541,0.00017798546,0.015553555,0.0018598301,0.0007129882,0.0003133188,0.00788509
2394,118_00309,118,309,2,RBBB,2,RBBB,0,N,0.96932095,0.96932095,0.0059078676,0.00019283628,0.013441591,0.0017517986,0.0008002269,0.00029115964,0.008293576
2395,118_00310,118,310,2,RBBB,2,RBBB,0,N,0.96597093,0.96597093,0.0070250146,0.00018905505,0.01462179,0.0017828519,0.00071725086,0.00030985798,0.009383048
2396,118_00311,118,311,2,RBBB,2,RBBB,0,N,0.9765811,0.9765811,0.0028776946,0.00018167931,0.010178751,0.0017020225,0.00085760077,0.00024857448,0.007372608
2397,118_00312,118,312,2,RBBB,2,RBBB,0,N,0.97625977,0.97625977,0.0039834525,0.00014156566,0.010794164,0.0016930891,0.0007446421,0.00022245954,0.0061607347
2398,118_00313,118,313,2,RBBB,2,RBBB,0,N,0.98250806,0.98250806,0.0022033597,0.00012954617,0.007958892,0.0016572473,0.00087154197,0.00018368292,0.004487589
2399,118_00314,118,314,2,RBBB,2,RBBB,0,N,0.9826328,0.9826328,0.0018945792,0.00014038778,0.007869096,0.0015641903,0.00093531713,0.0001842461,0.004779393
2400,118_00315,118,315,2,RBBB,2,RBBB,0,N,0.98123187,0.98123187,0.0033301166,0.00013030959,0.008462596,0.0018203984,0.0008552373,0.00019504728,0.0039744456
2401,118_00316,118,316,2,RBBB,2,RBBB,0,N,0.9799083,0.9799083,0.003011946,0.0001464312,0.0090267565,0.0017721024,0.0008400112,0.00021238101,0.005082068
2402,118_00317,118,317,2,RBBB,2,RBBB,0,N,0.9812983,0.9812983,0.0034762765,0.00012896043,0.008471922,0.0018029509,0.0008801327,0.00019248118,0.0037490404
2403,118_00318,118,318,2,RBBB,2,RBBB,0,N,0.9769514,0.9769514,0.003930307,0.00016870291,0.010360106,0.0017833506,0.0009218261,0.0002402176,0.0056440756
2404,118_00319,118,319,2,RBBB,2,RBBB,0,N,0.979511,0.979511,0.003631706,0.00015356205,0.009338353,0.0017471164,0.0010091102,0.0002150948,0.004394052
2405,118_00320,118,320,2,RBBB,2,RBBB,0,N,0.9725083,0.9725083,0.0059819347,0.0001722641,0.012182198,0.0018278396,0.00083680765,0.00026444969,0.006226184
2406,118_00321,118,321,2,RBBB,2,RBBB,0,N,0.97096455,0.97096455,0.007572249,0.0001521412,0.012690943,0.0018623415,0.0007417182,0.00025613976,0.005759889
2407,118_00322,118,322,2,RBBB,2,RBBB,0,N,0.96529853,0.96529853,0.010512814,0.00015317707,0.01475069,0.0018528331,0.0006999157,0.00027632574,0.006455697
2408,118_00323,118,323,2,RBBB,2,RBBB,0,N,0.96853757,0.96853757,0.008616582,0.00014693344,0.013645126,0.0018202777,0.00067868544,0.0002595129,0.0062953504
2409,118_00324,118,324,2,RBBB,2,RBBB,0,N,0.9619609,0.9619609,0.011559168,0.0001544393,0.015981069,0.0018028297,0.00063490873,0.00029103993,0.007615675
2410,118_00325,118,325,3,APC,2,RBBB,0,N,0.9613342,0.9613342,0.01262044,0.00014529492,0.01606612,0.0018153079,0.000615118,0.00028210916,0.0071213706
2411,118_00326,118,326,2,RBBB,3,APC,0,N,0.870895,0.870895,0.062296536,0.00044564437,0.042987537,0.0021884078,0.0009379188,0.0007361535,0.019512834
2412,118_00327,118,327,2,RBBB,2,RBBB,0,N,0.91180503,0.91180503,0.046174902,0.00022918424,0.029092742,0.002168527,0.0008179149,0.00045294734,0.009258861
2413,118_00328,118,328,2,RBBB,2,RBBB,0,N,0.8520073,0.8520073,0.06666866,0.0008368042,0.047488194,0.0023443454,0.0013980169,0.0011193755,0.028137226
2414,118_00329,118,329,2,RBBB,2,RBBB,0,N,0.9701255,0.9701255,0.00946769,0.00014652382,0.012853141,0.0018214755,0.0008540296,0.00024184019,0.004489925
2415,118_00330,118,330,2,RBBB,2,RBBB,0,N,0.9479721,0.9479721,0.018091338,0.0002283712,0.020930903,0.0018957786,0.0008087525,0.00039515563,0.009677589
2416,118_00331,118,331,3,APC,2,RBBB,0,N,0.9586074,0.9586074,0.011399143,0.00021141446,0.01738368,0.001793915,0.00076343754,0.00035080218,0.009490199
2417,118_00332,118,332,2,RBBB,3,APC,0,N,0.88295466,0.88295466,0.04993918,0.0005272378,0.041199237,0.0020521225,0.001062525,0.0007660302,0.0214992
2418,118_00333,118,333,2,RBBB,2,RBBB,0,N,0.94121104,0.94121104,0.021734538,0.00022893545,0.023249509,0.0019058932,0.00077227625,0.00041551745,0.010482334
2419,118_00334,118,334,2,RBBB,2,RBBB,0,N,0.91624045,0.91624045,0.026739588,0.00048524613,0.030712828,0.0019336238,0.0010385378,0.0007081349,0.022141619
2420,118_00335,118,335,2,RBBB,2,RBBB,0,N,0.97659785,0.97659785,0.0058550118,0.00012647531,0.010479313,0.0018006023,0.0007590114,0.00020750129,0.004174366
2421,118_00336,118,336,2,RBBB,2,RBBB,0,N,0.96909714,0.96909714,0.007807355,0.00016233252,0.013501818,0.0018288022,0.000757335,0.0002714975,0.006573778
2422,118_00337,118,337,3,APC,2,RBBB,0,N,0.96920687,0.96920687,0.008761993,0.00015030248,0.013304416,0.0018374642,0.0007490493,0.00025811323,0.005731877
2423,118_00338,118,338,2,RBBB,3,APC,0,N,0.90589434,0.90589434,0.041131604,0.00037112628,0.033260487,0.002112154,0.0009368739,0.00062283024,0.015670583
2424,118_00339,118,339,2,RBBB,2,RBBB,0,N,0.9052959,0.9052959,0.047798585,0.00027339626,0.03143219,0.0022303804,0.0008452763,0.0005309638,0.011593313
2425,118_00340,118,340,2,RBBB,2,RBBB,0,N,0.876777,0.876777,0.050665393,0.00067023304,0.041346326,0.0021930244,0.0012691738,0.0009597088,0.026119145
2426,118_00341,118,341,2,RBBB,2,RBBB,0,N,0.9695443,0.9695443,0.00883933,0.00014971294,0.013096452,0.0018785974,0.0007440814,0.00025721313,0.0054902653
2427,118_00342,118,342,2,RBBB,2,RBBB,0,N,0.96858275,0.96858275,0.0073352917,0.000191628,0.013674631,0.0018380408,0.0008281184,0.000296503,0.007252924
2428,118_00343,118,343,2,RBBB,2,RBBB,0,N,0.9742576,0.9742576,0.005592375,0.00015128644,0.011496053,0.001819888,0.0007777046,0.00024160476,0.0056634843
2429,118_00344,118,344,2,RBBB,2,RBBB,0,N,0.9753969,0.9753969,0.004346916,0.00016248236,0.011174253,0.0017027251,0.0008638249,0.00023916113,0.006113758
2430,118_00345,118,345,2,RBBB,2,RBBB,0,N,0.9834956,0.9834956,0.0024862145,0.00012800583,0.0075708022,0.0016905676,0.00095366297,0.00017649516,0.0034988143
2431,118_00346,118,346,2,RBBB,2,RBBB,0,N,0.97836405,0.97836405,0.0036914444,0.00014957674,0.010009063,0.0016358495,0.0009763879,0.00021358757,0.004959973
2432,118_00347,118,347,2,RBBB,2,RBBB,0,N,0.9754466,0.9754466,0.0037376054,0.00018642368,0.011172415,0.0015963869,0.0010157196,0.000248479,0.0065964544
2433,118_00348,118,348,2,RBBB,2,RBBB,0,N,0.9745486,0.9745486,0.004903421,0.00017090407,0.011681825,0.0016283172,0.0010055045,0.00024300376,0.005818538
2434,118_00349,118,349,2,RBBB,2,RBBB,0,N,0.97102517,0.97102517,0.00447878,0.00020305661,0.012675932,0.0017150919,0.000862796,0.00028769864,0.008751461
2435,118_00350,118,350,2,RBBB,2,RBBB,0,N,0.98093116,0.98093116,0.0035121392,0.00012837924,0.008673044,0.0017766849,0.00085441367,0.00019292161,0.0039312174
2436,118_00351,118,351,2,RBBB,2,RBBB,0,N,0.9795992,0.9795992,0.0035238976,0.0001451738,0.009305259,0.0017268491,0.0009350289,0.00020905609,0.0045556133
2437,118_00352,118,352,2,RBBB,2,RBBB,0,N,0.9793727,0.9793727,0.0029336354,0.00015934049,0.0093316045,0.001681317,0.0009872289,0.00021844287,0.0053157634
2438,118_00353,118,353,2,RBBB,2,RBBB,0,N,0.97766143,0.97766143,0.0033515317,0.00017050862,0.01004289,0.0017137092,0.00095383514,0.000235231,0.0058709155
2439,118_00354,118,354,2,RBBB,2,RBBB,0,N,0.978933,0.978933,0.0028794755,0.00017185805,0.009467029,0.0016809108,0.001003287,0.00022804717,0.0056363656
2440,118_00355,118,355,2,RBBB,2,RBBB,0,N,0.9763905,0.9763905,0.004522044,0.00015650361,0.010641621,0.0017835653,0.00085371226,0.0002338284,0.0054182983
2441,118_00356,118,356,2,RBBB,2,RBBB,0,N,0.9733984,0.9733984,0.0075059775,0.000125448,0.011695165,0.0018045115,0.0007087951,0.00021792475,0.0045437617
2442,118_00357,118,357,2,RBBB,2,RBBB,0,N,0.967458,0.967458,0.008149913,0.00017207176,0.014248269,0.001789532,0.00076058006,0.00028356176,0.007137984
2443,118_00358,118,358,2,RBBB,2,RBBB,0,N,0.97371894,0.97371894,0.007045277,0.00014124894,0.01169393,0.0017770195,0.00082890986,0.0002283791,0.0045662974
2444,118_00359,118,359,2,RBBB,2,RBBB,0,N,0.96687824,0.96687824,0.0048128185,0.00024252712,0.013973773,0.0017584842,0.00089968165,0.00033744902,0.011097054
2445,118_00360,118,360,2,RBBB,2,RBBB,0,N,0.9802833,0.9802833,0.004038227,0.00011371181,0.008929625,0.0018337844,0.00072851003,0.00018831805,0.0038844566
2446,118_00361,118,361,3,APC,2,RBBB,0,N,0.98101467,0.98101467,0.0034648855,0.00011592638,0.008653825,0.0017749527,0.0007462287,0.0001851887,0.00404418
2447,118_00362,118,362,2,RBBB,3,APC,0,N,0.95853835,0.95853835,0.01092657,0.00020104177,0.017290266,0.0017712602,0.00070661097,0.00034722924,0.010218696
2448,118_00363,118,363,2,RBBB,2,RBBB,0,N,0.95099753,0.95099753,0.016359892,0.00019194689,0.019702956,0.0018592522,0.0006712184,0.00036574205,0.009851407
2449,118_00364,118,364,2,RBBB,2,RBBB,0,N,0.9056204,0.9056204,0.034630034,0.00043031404,0.033180058,0.0020750316,0.00085689727,0.0007235893,0.022483684
2450,118_00365,118,365,2,RBBB,2,RBBB,0,N,0.96931046,0.96931046,0.008429249,0.00015535545,0.01340771,0.0018038261,0.00076179806,0.00026035632,0.0058712144
2451,118_00366,118,366,2,RBBB,2,RBBB,0,N,0.95842737,0.95842737,0.011182866,0.00019919619,0.017269691,0.0018126586,0.0006920422,0.00035150713,0.01006481
2452,118_00367,118,367,3,APC,2,RBBB,0,N,0.96398133,0.96398133,0.00954483,0.00017752273,0.01538747,0.0017946747,0.000712551,0.00030502063,0.008096642
2453,118_00368,118,368,2,RBBB,3,APC,0,N,0.92491484,0.92491484,0.02731782,0.00032298526,0.028519066,0.0018845216,0.00082891,0.00053553574,0.015676245
2454,118_00369,118,369,2,RBBB,2,RBBB,0,N,0.94096935,0.94096935,0.022528587,0.00021431,0.022735296,0.0019518889,0.0007027303,0.00041238952,0.010485415
2455,118_00370,118,370,2,RBBB,2,RBBB,0,N,0.9270869,0.9270869,0.026935099,0.00034079526,0.026696853,0.0021069653,0.0008804129,0.0005845923,0.015368371
2456,118_00371,118,371,2,RBBB,2,RBBB,0,N,0.97873694,0.97873694,0.0048087537,0.000113686714,0.009568744,0.0018437406,0.00066017313,0.0001942549,0.004073849
2457,118_00372,118,372,2,RBBB,2,RBBB,0,N,0.97404444,0.97404444,0.006464801,0.00013967465,0.011466512,0.0018521594,0.0007196232,0.00023321563,0.005079589
2458,118_00373,118,373,2,RBBB,2,RBBB,0,N,0.97506726,0.97506726,0.0054663513,0.00014529885,0.011097811,0.0018554495,0.0007380292,0.00023585187,0.00539394
2459,118_00374,118,374,2,RBBB,2,RBBB,0,N,0.968073,0.968073,0.007915731,0.0001634969,0.013801283,0.0018474832,0.00068189297,0.00028276414,0.0072343657
2460,118_00375,118,375,2,RBBB,2,RBBB,0,N,0.96893615,0.96893615,0.007907694,0.00015652465,0.013524342,0.0018305371,0.00069368654,0.00026904137,0.0066820094
2461,118_00376,118,376,2,RBBB,2,RBBB,0,N,0.9659982,0.9659982,0.0089155445,0.00016569623,0.014653291,0.0017901602,0.0006891327,0.0002873105,0.007500642
2462,118_00377,118,377,2,RBBB,2,RBBB,0,N,0.96753454,0.96753454,0.009222634,0.00015309005,0.013970803,0.0018178594,0.0007025004,0.00026668844,0.006331866
2463,118_00378,118,378,2,RBBB,2,RBBB,0,N,0.96418643,0.96418643,0.010692461,0.0001602503,0.015138483,0.0018519547,0.0006905689,0.00028906605,0.006990817
2464,118_00379,118,379,2,RBBB,2,RBBB,0,N,0.96816796,0.96816796,0.010041627,0.00013736957,0.013578458,0.0018356818,0.0007091845,0.00024649603,0.005283268
2465,118_00380,118,380,2,RBBB,2,RBBB,0,N,0.9698495,0.9698495,0.0086496,0.00014278981,0.013104217,0.0018093678,0.00072081306,0.00024699268,0.0054766666
2466,118_00381,118,381,2,RBBB,2,RBBB,0,N,0.96864444,0.96864444,0.009642931,0.00013882072,0.013459509,0.0018197286,0.00070853985,0.00024603825,0.0053400067
2467,118_00382,118,382,2,RBBB,2,RBBB,0,N,0.9645241,0.9645241,0.011967759,0.00014227198,0.014813555,0.0018656685,0.0006932999,0.00026251056,0.005730825
2468,118_00383,118,383,2,RBBB,2,RBBB,0,N,0.9667875,0.9667875,0.010867354,0.00013235379,0.014003091,0.0018489069,0.00065759034,0.00024691218,0.005456336
2469,118_00384,118,384,2,RBBB,2,RBBB,0,N,0.9657596,0.9657596,0.0107878195,0.00013807413,0.014487899,0.00183074,0.0006489169,0.00025853494,0.0060883323
2470,118_00385,118,385,2,RBBB,2,RBBB,0,N,0.9623954,0.9623954,0.011356504,0.00015756038,0.015738677,0.0018358409,0.00063783245,0.00029558467,0.0075825998
2471,118_00386,118,386,2,RBBB,2,RBBB,0,N,0.96246153,0.96246153,0.011405575,0.00016138838,0.01560185,0.0018715542,0.00065073604,0.00030112464,0.0075462596
2472,118_00387,118,387,2,RBBB,2,RBBB,0,N,0.9629906,0.9629906,0.010663451,0.0001731313,0.015551695,0.0018721276,0.00069768616,0.00031048886,0.0077408245
2473,118_00388,118,388,2,RBBB,2,RBBB,0,N,0.9677556,0.9677556,0.0092844125,0.00015497036,0.013856629,0.0018467235,0.0007390875,0.00026835327,0.0060941875
2474,118_00389,118,389,2,RBBB,2,RBBB,0,N,0.9679517,0.9679517,0.009004916,0.00015956754,0.013826763,0.0018389913,0.0007514789,0.00027161324,0.0061950767
2475,118_00390,118,390,2,RBBB,2,RBBB,0,N,0.97236645,0.97236645,0.006617406,0.00015696678,0.012263183,0.0018023734,0.0008033151,0.0002513787,0.005738924
2476,118_00391,118,391,2,RBBB,2,RBBB,0,N,0.9732312,0.9732312,0.0066031655,0.00014667601,0.011825255,0.0018533602,0.0007723745,0.00024238916,0.0053254873
2477,118_00392,118,392,2,RBBB,2,RBBB,0,N,0.97232306,0.97232306,0.0074214498,0.0001420386,0.012149854,0.0018392883,0.00075994764,0.0002392641,0.0051251166
2478,118_00393,118,393,2,RBBB,2,RBBB,0,N,0.97125626,0.97125626,0.008460217,0.00013139892,0.012497233,0.0018186158,0.0007211134,0.00023132398,0.0048839273
2479,118_00394,118,394,2,RBBB,2,RBBB,0,N,0.97401774,0.97401774,0.006931069,0.00014029746,0.0115020545,0.0018038715,0.0008016159,0.00022771789,0.004575544
2480,118_00395,118,395,2,RBBB,2,RBBB,0,N,0.9674099,0.9674099,0.009125763,0.00016159573,0.014065834,0.0018469997,0.0007387266,0.00027603394,0.0063750823
2481,118_00396,118,396,2,RBBB,2,RBBB,0,N,0.96868336,0.96868336,0.008320836,0.00016358578,0.013679117,0.001808436,0.0007672301,0.00027085078,0.0063065924
2482,118_00397,118,397,2,RBBB,2,RBBB,0,N,0.9659027,0.9659027,0.009167248,0.00016832488,0.014769814,0.0017907644,0.00072971755,0.00028598204,0.007185407
2483,118_00398,118,398,2,RBBB,2,RBBB,0,N,0.9671992,0.9671992,0.007295829,0.00018151317,0.014192855,0.0017994604,0.0007220264,0.00029771947,0.00831144
2484,118_00399,118,399,2,RBBB,2,RBBB,0,N,0.9735443,0.9735443,0.004503796,0.00017704222,0.011641292,0.0017984645,0.0007710176,0.00026505097,0.007298954
2485,118_00400,118,400,2,RBBB,2,RBBB,0,N,0.9796306,0.9796306,0.0031034176,0.00014965443,0.009093601,0.0018118138,0.0008455553,0.00021780282,0.0051475195
2486,118_00401,118,401,2,RBBB,2,RBBB,0,N,0.9784483,0.9784483,0.0030767592,0.00015622754,0.009685885,0.001724164,0.00086583383,0.00022377836,0.005819112
2487,118_00402,118,402,2,RBBB,2,RBBB,0,N,0.9801578,0.9801578,0.0034201145,0.00013857085,0.009071801,0.0017247848,0.00091508025,0.00020191418,0.0043700836
2488,118_00403,118,403,2,RBBB,2,RBBB,0,N,0.9784404,0.9784404,0.0036551447,0.00014931873,0.009827018,0.0017088364,0.000879174,0.00021654507,0.005123506
2489,118_00404,118,404,2,RBBB,2,RBBB,0,N,0.97609526,0.97609526,0.0052172574,0.00013823056,0.010878723,0.0017388121,0.0008172799,0.00021845705,0.0048960256
2490,118_00405,118,405,2,RBBB,2,RBBB,0,N,0.9759602,0.9759602,0.0054852096,0.00013677121,0.010898499,0.0017548086,0.00080456113,0.000218026,0.004741959
2491,118_00406,118,406,2,RBBB,2,RBBB,0,N,0.97868884,0.97868884,0.0036810213,0.00014905982,0.009715358,0.001715862,0.0008769868,0.00021535537,0.004957583
2492,118_00407,118,407,2,RBBB,2,RBBB,0,N,0.97289056,0.97289056,0.0056836214,0.00016047765,0.012072737,0.0017971804,0.0007628106,0.00025392813,0.0063787233
2493,118_00408,118,408,2,RBBB,2,RBBB,0,N,0.9741246,0.9741246,0.005112429,0.00014715701,0.011672857,0.0017550462,0.00075165654,0.00023704467,0.0061992155
2494,118_00409,118,409,2,RBBB,2,RBBB,0,N,0.9741456,0.9741456,0.00661413,0.00012363034,0.011602554,0.0017645713,0.00072611467,0.00021491118,0.0048084557
2495,118_00410,118,410,2,RBBB,2,RBBB,0,N,0.9753434,0.9753434,0.0061212694,0.00011888886,0.011158727,0.001739877,0.000710887,0.00020549285,0.0046014194
2496,118_00411,118,411,2,RBBB,2,RBBB,0,N,0.9770517,0.9770517,0.005527696,0.00011836924,0.010391534,0.0017662356,0.000729428,0.00019934589,0.004215854
2497,118_00412,118,412,2,RBBB,2,RBBB,0,N,0.97205275,0.97205275,0.0072446414,0.00013116711,0.012370934,0.0017839766,0.00065625727,0.0002313711,0.005528942
2498,118_00413,118,413,2,RBBB,2,RBBB,0,N,0.97548795,0.97548795,0.0061687105,0.00012577185,0.010883594,0.0018390156,0.0007037076,0.00021463814,0.004576596
2499,118_00414,118,414,2,RBBB,2,RBBB,0,N,0.96811,0.96811,0.008766195,0.00014688524,0.013681715,0.0018603618,0.0006565122,0.000265325,0.0065130973
2500,118_00415,118,415,3,APC,2,RBBB,0,N,0.9695746,0.9695746,0.008116271,0.00014922682,0.013253745,0.001838553,0.0007138154,0.00025855564,0.0060951672
2501,118_00416,118,416,2,RBBB,3,APC,0,N,0.94184875,0.94184875,0.014140772,0.0003253933,0.023488881,0.0016236969,0.00092515635,0.0004768605,0.017170416
2502,118_00417,118,417,2,RBBB,2,RBBB,0,N,0.94631064,0.94631064,0.016053217,0.00023878003,0.022177285,0.0016796183,0.0008250975,0.00039477242,0.012320567
2503,118_00418,118,418,2,RBBB,2,RBBB,0,N,0.91922647,0.91922647,0.026814116,0.0003927233,0.029918307,0.0018593596,0.0008778546,0.0006166738,0.020294506
2504,118_00419,118,419,2,RBBB,2,RBBB,0,N,0.97250843,0.97250843,0.007951471,0.00012955202,0.01204442,0.001791208,0.0007325538,0.00022345698,0.00461882
2505,118_00420,118,420,3,APC,2,RBBB,0,N,0.97650266,0.97650266,0.006092549,0.00011819536,0.010576212,0.0017609085,0.00073487783,0.00019901776,0.0040155277
2506,118_00421,118,421,2,RBBB,3,APC,0,N,0.94923705,0.94923705,0.012023335,0.00031417373,0.021450961,0.0015609697,0.0010617966,0.0004249607,0.013926724
2507,118_00422,118,422,3,APC,2,RBBB,0,N,0.94597155,0.94597155,0.01716489,0.00024691678,0.022307424,0.0017260755,0.0008915173,0.00040001757,0.011291706
2508,118_00423,118,423,2,RBBB,3,APC,0,N,0.6582461,0.6582461,0.05571268,0.00730363,0.07118199,0.0019040197,0.0027471655,0.0033643332,0.19954002
2509,118_00424,118,424,3,APC,2,RBBB,0,N,0.95222276,0.95222276,0.014892641,0.00020129124,0.019519838,0.0018502474,0.0007100191,0.00037310724,0.010230107
2510,118_00425,118,425,2,RBBB,3,APC,0,N,0.78397024,0.78397024,0.030991863,0.0030992194,0.052069593,0.0015585704,0.0019927823,0.0020127129,0.1243051
2511,118_00426,118,426,3,APC,2,RBBB,0,N,0.961249,0.961249,0.011336249,0.00017233957,0.01667486,0.0017303892,0.0007616142,0.0002990168,0.0077766436
2512,118_00427,118,427,2,RBBB,3,APC,0,N,0.75576276,0.75576276,0.061974756,0.0029038812,0.06522645,0.0018082552,0.0019983985,0.0020288497,0.10829654
2513,118_00428,118,428,2,RBBB,2,RBBB,0,N,0.9511492,0.9511492,0.015967414,0.00020423956,0.020154165,0.0017911404,0.000780328,0.00036096404,0.009592553
2514,118_00429,118,429,2,RBBB,2,RBBB,0,N,0.90088946,0.90088946,0.028277,0.000612906,0.035683636,0.0017493943,0.0011250699,0.0008036664,0.030858839
2515,118_00430,118,430,3,APC,2,RBBB,0,N,0.97773147,0.97773147,0.0047691967,0.00013258081,0.010236369,0.0016853028,0.00083574746,0.0002041202,0.004405279
2516,118_00431,118,431,2,RBBB,3,APC,0,N,0.9062408,0.9062408,0.02617928,0.00058568467,0.03620843,0.0015880724,0.0011811461,0.0006833762,0.027333224
2517,118_00432,118,432,2,RBBB,2,RBBB,0,N,0.9173948,0.9173948,0.032027844,0.00034104925,0.031747013,0.0018323449,0.00093299185,0.000541777,0.015182121
2518,118_00433,118,433,2,RBBB,2,RBBB,0,N,0.9190835,0.9190835,0.022771522,0.00051274017,0.0295523,0.001895052,0.0010136153,0.0007299822,0.0244414
2519,118_00434,118,434,2,RBBB,2,RBBB,0,N,0.97877854,0.97877854,0.00604633,9.912278e-05,0.009358449,0.0018100298,0.0006777635,0.00017308237,0.003056611
2520,118_00435,118,435,2,RBBB,2,RBBB,0,N,0.9827473,0.9827473,0.004402236,8.446495e-05,0.0077498574,0.0017574242,0.00067591073,0.00014524076,0.0024376535
2521,118_00436,118,436,2,RBBB,2,RBBB,0,N,0.97185725,0.97185725,0.005129192,0.00021557769,0.012881034,0.0016133063,0.0010562552,0.00027989203,0.0069675464
2522,118_00437,118,437,2,RBBB,2,RBBB,0,N,0.9719504,0.9719504,0.0035837304,0.00028371616,0.012594855,0.0014489084,0.0014155915,0.000307612,0.008415128
2523,118_00438,118,438,2,RBBB,2,RBBB,0,N,0.9657776,0.9657776,0.0013066913,0.0014067661,0.011120819,0.0011018933,0.0041915528,0.0005551155,0.014539597
2524,118_00439,118,439,2,RBBB,2,RBBB,0,N,0.97891796,0.97891796,0.0020071578,0.00019608263,0.009148719,0.0015467387,0.00094467227,0.00023287565,0.0070058387
2525,118_00440,118,440,2,RBBB,2,RBBB,0,N,0.9861257,0.9861257,0.0015242847,0.00012445898,0.006468367,0.001501539,0.0009234693,0.00015199161,0.0031802726
2526,118_00441,118,441,2,RBBB,2,RBBB,0,N,0.97202206,0.97202206,0.004191847,0.00018679372,0.012091179,0.0017361479,0.0007201316,0.00027758413,0.008774167
2527,118_00442,118,442,2,RBBB,2,RBBB,0,N,0.9807031,0.9807031,0.0039972216,0.00011195783,0.008721151,0.0018220281,0.0006652874,0.00018413118,0.0037950014
2528,118_00443,118,443,2,RBBB,2,RBBB,0,N,0.9786012,0.9786012,0.0044712177,0.00012325493,0.009530918,0.0018792223,0.00064444134,0.00020586683,0.004543784
2529,118_00444,118,444,2,RBBB,2,RBBB,0,N,0.9790144,0.9790144,0.004109519,0.0001292178,0.009445658,0.0018373684,0.0007279966,0.00020647806,0.0045294706
2530,118_00445,118,445,2,RBBB,2,RBBB,0,N,0.97163814,0.97163814,0.00444881,0.0002159002,0.012541704,0.0016684072,0.0009462249,0.00028789122,0.008252876
2531,118_00446,118,446,2,RBBB,2,RBBB,0,N,0.97704273,0.97704273,0.0035589084,0.00017340995,0.010328124,0.0016951549,0.0009340449,0.0002386455,0.0060291034
2532,118_00447,118,447,2,RBBB,2,RBBB,0,N,0.96673787,0.96673787,0.0053909197,0.00025302902,0.014336232,0.001691002,0.00093586335,0.00033528605,0.010319849
2533,118_00448,118,448,2,RBBB,2,RBBB,0,N,0.9800932,0.9800932,0.004162437,0.00011251127,0.009069079,0.0017948276,0.0006844551,0.00018594235,0.0038974944
2534,118_00449,118,449,2,RBBB,2,RBBB,0,N,0.97446376,0.97446376,0.0064796754,0.00013098169,0.011450283,0.001752783,0.0007004963,0.0002186319,0.0048033837
2535,118_00450,118,450,2,RBBB,2,RBBB,0,N,0.9803539,0.9803539,0.004658257,9.679128e-05,0.009041633,0.0017000979,0.0006426893,0.00016597271,0.0033406925
2536,118_00451,118,451,2,RBBB,2,RBBB,0,N,0.98311496,0.98311496,0.0035235921,9.839703e-05,0.007814356,0.001689434,0.00070814387,0.00015598565,0.0028951664
2537,118_00452,118,452,2,RBBB,2,RBBB,0,N,0.97979045,0.97979045,0.004167728,0.00010870101,0.0092795,0.0017354286,0.00061449315,0.0001828427,0.004120831
2538,118_00453,118,453,2,RBBB,2,RBBB,0,N,0.9798243,0.9798243,0.004458657,0.00011262263,0.009171882,0.0017828532,0.00068171666,0.00018555057,0.003782422
2539,118_00454,118,454,2,RBBB,2,RBBB,0,N,0.9771884,0.9771884,0.0044366363,0.00013295985,0.010224964,0.0018378624,0.00065091957,0.00021973113,0.005308442
2540,118_00455,118,455,2,RBBB,2,RBBB,0,N,0.9788842,0.9788842,0.004377448,0.00011724394,0.009552545,0.0018123223,0.00063772546,0.00019712735,0.0044212835
2541,118_00456,118,456,2,RBBB,2,RBBB,0,N,0.9773198,0.9773198,0.0043971776,0.0001440915,0.010145561,0.0018349219,0.00071320235,0.00022514728,0.0052199354
2542,118_00457,118,457,2,RBBB,2,RBBB,0,N,0.97763324,0.97763324,0.0055693183,0.00012347508,0.009913042,0.0018680035,0.00070420676,0.00020444684,0.0039844415
2543,118_00458,118,458,2,RBBB,2,RBBB,0,N,0.9759594,0.9759594,0.0056205476,0.00013352727,0.01071316,0.0018421807,0.00069618644,0.00022106316,0.0048139254
2544,118_00459,118,459,2,RBBB,2,RBBB,0,N,0.9819686,0.9819686,0.0041688867,9.574007e-05,0.008162024,0.0017945658,0.0006536572,0.00016207875,0.0029945292
2545,118_00460,118,460,2,RBBB,2,RBBB,0,N,0.9797244,0.9797244,0.0039400873,0.00012237237,0.009358849,0.0016863593,0.000720445,0.00019015577,0.0042573623
2546,118_00461,118,461,2,RBBB,2,RBBB,0,N,0.97918695,0.97918695,0.0035010611,0.00014722146,0.009744676,0.0015444232,0.00084261666,0.00020187258,0.0048312363
2547,118_00462,118,462,2,RBBB,2,RBBB,0,N,0.97216916,0.97216916,0.0037207142,0.0002272779,0.012563082,0.0014303179,0.0010232144,0.00027228543,0.008593926
2548,118_00463,118,463,2,RBBB,2,RBBB,0,N,0.96640676,0.96640676,0.0040650843,0.00027052904,0.0142376395,0.0015182253,0.00090901984,0.00033024812,0.012262397
2549,118_00464,118,464,2,RBBB,2,RBBB,0,N,0.97896576,0.97896576,0.002816019,0.00017044945,0.0094549935,0.0016279718,0.0008562873,0.00022387771,0.0058846856
2550,118_00465,118,465,2,RBBB,2,RBBB,0,N,0.97293544,0.97293544,0.0041503515,0.00021453411,0.011860519,0.0017106149,0.0008674209,0.00028429204,0.007976845
2551,118_00466,118,466,2,RBBB,2,RBBB,0,N,0.9765336,0.9765336,0.0038372627,0.00018043746,0.0105615845,0.0017103446,0.00089773803,0.00024471112,0.0060342685
2552,118_00467,118,467,2,RBBB,2,RBBB,0,N,0.97095066,0.97095066,0.005517438,0.00019232158,0.012911479,0.0016914416,0.0008322693,0.00027749373,0.0076268916
2553,118_00468,118,468,2,RBBB,2,RBBB,0,N,0.9749491,0.9749491,0.004569381,0.00015646825,0.011257031,0.0017398879,0.0007255215,0.00023985242,0.0063628317
2554,118_00469,118,469,2,RBBB,2,RBBB,0,N,0.9800326,0.9800326,0.0035336565,0.00014211114,0.009153086,0.0016912246,0.0008299604,0.00020180485,0.0044156197
2555,118_00470,118,470,2,RBBB,2,RBBB,0,N,0.97161144,0.97161144,0.0062042205,0.00016500655,0.012635172,0.0017600615,0.0007287176,0.00025994628,0.0066354224
2556,118_00471,118,471,2,RBBB,2,RBBB,0,N,0.9756168,0.9756168,0.004755536,0.00016025791,0.011248665,0.0015856405,0.00086302817,0.0002272196,0.0055428515
2557,118_00472,118,472,2,RBBB,2,RBBB,0,N,0.9796088,0.9796088,0.004190416,0.0001219865,0.00929813,0.0017587477,0.0007203359,0.00019348974,0.0041081416
2558,118_00473,118,473,3,APC,2,RBBB,0,N,0.97369015,0.97369015,0.004985773,0.00016994221,0.011968423,0.0016291691,0.00078523817,0.00024493557,0.0065264194
2559,118_00474,118,474,2,RBBB,3,APC,0,N,0.95706207,0.95706207,0.010256903,0.00030938268,0.01876692,0.0016264197,0.0011537069,0.0003944639,0.010430122
2560,118_00475,118,475,2,RBBB,2,RBBB,0,N,0.8195079,0.8195079,0.06268488,0.0012449131,0.061196472,0.0018003237,0.0013846351,0.0011512928,0.05102958
2561,118_00476,118,476,2,RBBB,2,RBBB,0,N,0.89387083,0.89387083,0.010229643,0.0012047852,0.032263152,0.001330273,0.0015062924,0.0009957775,0.058599148
2562,118_00477,118,477,2,RBBB,2,RBBB,0,N,0.9827849,0.9827849,0.0022227298,0.00012511395,0.007975169,0.0015596133,0.0007836285,0.0001755725,0.0043732678
2563,118_00478,118,478,2,RBBB,2,RBBB,0,N,0.98212266,0.98212266,0.0023943912,0.0001352014,0.00814597,0.0016260499,0.00076876796,0.00018793925,0.0046188873
2564,118_00479,118,479,2,RBBB,2,RBBB,0,N,0.9839906,0.9839906,0.0028609212,0.00010517246,0.0073223826,0.0017562376,0.0007332173,0.00016193907,0.0030695691
2565,118_00480,118,480,2,RBBB,2,RBBB,0,N,0.9807593,0.9807593,0.004673638,0.000102381586,0.008692519,0.0017787656,0.000686958,0.00017035719,0.0031361408
2566,118_00481,118,481,2,RBBB,2,RBBB,0,N,0.98177326,0.98177326,0.0043930234,9.821487e-05,0.008269501,0.001752078,0.0007122231,0.00016101055,0.0028407697
2567,118_00482,118,482,2,RBBB,2,RBBB,0,N,0.9726975,0.9726975,0.005971387,0.0001529693,0.012329232,0.0016993087,0.0007203565,0.0002425688,0.0061866925
2568,118_00483,118,483,2,RBBB,2,RBBB,0,N,0.974484,0.974484,0.0052739093,0.00016044108,0.01176099,0.0015971723,0.0008618457,0.00023237953,0.005629214
2569,118_00484,118,484,2,RBBB,2,RBBB,0,N,0.96110255,0.96110255,0.0061457814,0.00024562256,0.016176064,0.0015577071,0.0007254619,0.00035523085,0.013691558
2570,118_00485,118,485,2,RBBB,2,RBBB,0,N,0.97545636,0.97545636,0.0042811297,0.00015716866,0.011146898,0.0016498907,0.00073459535,0.0002320608,0.006341921
2571,118_00486,118,486,2,RBBB,2,RBBB,0,N,0.9795146,0.9795146,0.0028855682,0.00015014445,0.009289782,0.0016434167,0.0007967541,0.00021040466,0.005509336
2572,118_00487,118,487,2,RBBB,2,RBBB,0,N,0.98131925,0.98131925,0.002547246,0.00013645618,0.008579662,0.0015977744,0.0007823128,0.00019137369,0.00484603
2573,118_00488,118,488,2,RBBB,2,RBBB,0,N,0.9804737,0.9804737,0.0029006968,0.00012785384,0.008989201,0.0016243357,0.00071297,0.00019118746,0.0049802344
2574,118_00489,118,489,2,RBBB,2,RBBB,0,N,0.98005384,0.98005384,0.0032422454,0.00012613564,0.009300686,0.0015777402,0.00071291893,0.00018797256,0.004798503
2575,118_00490,118,490,2,RBBB,2,RBBB,0,N,0.97661465,0.97661465,0.004590205,0.00013928654,0.010863056,0.0015904207,0.00077659864,0.00020979655,0.0052160076
2576,118_00491,118,491,2,RBBB,2,RBBB,0,N,0.97915125,0.97915125,0.0037664631,0.0001341551,0.0096751675,0.0016240324,0.0007949613,0.000197787,0.0046562245
2577,118_00492,118,492,2,RBBB,2,RBBB,0,N,0.9758591,0.9758591,0.003564535,0.00017317098,0.011013503,0.0015482061,0.0008540235,0.00023460954,0.0067528673
2578,118_00493,118,493,2,RBBB,2,RBBB,0,N,0.97497106,0.97497106,0.0029283112,0.0001887777,0.010894744,0.0016099354,0.0007947436,0.00025441655,0.008357979
2579,118_00494,118,494,2,RBBB,2,RBBB,0,N,0.9613735,0.9613735,0.0050958293,0.0002916141,0.016227541,0.0014818179,0.0009344875,0.00036076078,0.01423449
2580,118_00495,118,495,2,RBBB,2,RBBB,0,N,0.9698009,0.9698009,0.0046987203,0.00020315814,0.013331004,0.0016036783,0.0008082001,0.00028442362,0.009269847
2581,118_00496,118,496,2,RBBB,2,RBBB,0,N,0.97502494,0.97502494,0.004857308,0.00015400226,0.011421225,0.0016481013,0.0007967129,0.00023006769,0.0058677136
2582,118_00497,118,497,2,RBBB,2,RBBB,0,N,0.980593,0.980593,0.0031551789,0.00013050462,0.00893963,0.0016671574,0.00079365977,0.00019246724,0.0045284447
2583,118_00498,118,498,2,RBBB,2,RBBB,0,N,0.9762255,0.9762255,0.004015403,0.00014918318,0.010927995,0.0016070443,0.00077223725,0.00022115275,0.0060815127
2584,118_00499,118,499,2,RBBB,2,RBBB,0,N,0.97175497,0.97175497,0.0041024326,0.00019316864,0.012765586,0.0014591594,0.0008185928,0.00025839012,0.008647766
2585,118_00500,118,500,2,RBBB,2,RBBB,0,N,0.97142535,0.97142535,0.0039883507,0.00020291937,0.012848465,0.0014524776,0.00088956463,0.00026546008,0.008927265
2586,118_00501,118,501,2,RBBB,2,RBBB,0,N,0.9679175,0.9679175,0.005139745,0.00020680929,0.014293322,0.0015041829,0.00081695965,0.00028618256,0.009835242
2587,118_00502,118,502,2,RBBB,2,RBBB,0,N,0.96663904,0.96663904,0.0057496275,0.00019259621,0.014744736,0.0015304897,0.00072970014,0.0002864636,0.010127305
2588,118_00503,118,503,2,RBBB,2,RBBB,0,N,0.97724396,0.97724396,0.0029250698,0.00015460231,0.010462607,0.0014560309,0.00079884403,0.0002130785,0.0067457873
2589,118_00504,118,504,2,RBBB,2,RBBB,0,N,0.9778367,0.9778367,0.0029027185,0.00014003577,0.010115539,0.0015090598,0.00067839917,0.00020538238,0.0066121225
2590,118_00505,118,505,2,RBBB,2,RBBB,0,N,0.98375094,0.98375094,0.0021053648,0.000108305314,0.0076095806,0.0015408152,0.000688483,0.00015959905,0.004036909
2591,118_00506,118,506,2,RBBB,2,RBBB,0,N,0.98505014,0.98505014,0.0021824632,9.89194e-05,0.007051134,0.0015717406,0.00071605714,0.00014750549,0.0031819982
2592,118_00507,118,507,2,RBBB,2,RBBB,0,N,0.98586315,0.98586315,0.001743075,0.000101800106,0.0066284114,0.0015413531,0.0007162426,0.00014461827,0.0032614034
2593,118_00508,118,508,2,RBBB,2,RBBB,0,N,0.9835842,0.9835842,0.0022468863,0.00012139239,0.0076989844,0.0015338238,0.0007925224,0.00016757518,0.0038545968
2594,118_00509,118,509,2,RBBB,2,RBBB,0,N,0.98356926,0.98356926,0.0023252512,0.000112476126,0.0077198762,0.0015601355,0.0007623693,0.00016322768,0.0037873727
2595,118_00510,118,510,2,RBBB,2,RBBB,0,N,0.9784932,0.9784932,0.0046389527,0.000115027564,0.009921596,0.0017044623,0.0006912846,0.00019041427,0.0042450153
2596,118_00511,118,511,2,RBBB,2,RBBB,0,N,0.9788484,0.9788484,0.004803372,0.00010262068,0.009792825,0.0016889167,0.00062744017,0.00017814775,0.003958373
2597,118_00512,118,512,2,RBBB,2,RBBB,0,N,0.98186135,0.98186135,0.0035621927,0.000108555345,0.008482117,0.0016451395,0.00076009054,0.00016890152,0.0034117224
2598,118_00513,118,513,2,RBBB,2,RBBB,0,N,0.98312163,0.98312163,0.0025087968,0.000117510834,0.007949389,0.0015417347,0.0008020091,0.0001671622,0.003791808
2599,118_00514,118,514,2,RBBB,2,RBBB,0,N,0.98437077,0.98437077,0.00209924,0.0001174617,0.0073981807,0.0014978566,0.000855939,0.0001581701,0.0035025256
2600,118_00515,118,515,2,RBBB,2,RBBB,0,N,0.98391247,0.98391247,0.0023040301,0.00011639417,0.007638472,0.0015066284,0.0008688973,0.00015968342,0.003493384
2601,118_00516,118,516,2,RBBB,2,RBBB,0,N,0.9769886,0.9769886,0.004870069,0.00012266857,0.010657711,0.0016515906,0.0007154338,0.00019975606,0.004794191
2602,118_00517,118,517,2,RBBB,2,RBBB,0,N,0.9800614,0.9800614,0.0030317497,0.00013220088,0.0093325535,0.0015315877,0.00077741983,0.00018953958,0.0049436013
2603,118_00518,118,518,2,RBBB,2,RBBB,0,N,0.9805645,0.9805645,0.003479318,0.00012522942,0.00904971,0.001635034,0.00080368057,0.00018645999,0.0041560554
2604,118_00519,118,519,2,RBBB,2,RBBB,0,N,0.9833179,0.9833179,0.002211964,0.00012723828,0.0078045176,0.0015085954,0.00081617146,0.00017141388,0.0040422264
2605,118_00520,118,520,2,RBBB,2,RBBB,0,N,0.9819608,0.9819608,0.0024084842,0.00014914169,0.008461547,0.001472821,0.0009773547,0.00018770748,0.0043822285
2606,118_00521,118,521,2,RBBB,2,RBBB,0,N,0.9840767,0.9840767,0.0021906109,0.00013198197,0.007550724,0.0014656736,0.0010151451,0.00016422743,0.0034049912
2607,118_00522,118,522,2,RBBB,2,RBBB,0,N,0.97192436,0.97192436,0.0044853673,0.00018718364,0.012884473,0.0014863806,0.00090012734,0.00025612363,0.007875937
2608,118_00523,118,523,2,RBBB,2,RBBB,0,N,0.9745573,0.9745573,0.005706078,0.00013745583,0.011674088,0.0016448682,0.0007629072,0.0002191466,0.005298283
2609,118_00524,118,524,2,RBBB,2,RBBB,0,N,0.96998745,0.96998745,0.0053844857,0.00018082165,0.013645445,0.0015286298,0.0007908023,0.00026270558,0.008219754
2610,118_00525,118,525,2,RBBB,2,RBBB,0,N,0.98056656,0.98056656,0.0027661843,0.00012730055,0.009209343,0.0014540411,0.0007849965,0.00018148648,0.004910132
2611,118_00526,118,526,2,RBBB,2,RBBB,0,N,0.9752042,0.9752042,0.0030480784,0.000160256,0.011316316,0.0014054871,0.000739614,0.00022211116,0.00790392
2612,118_00527,118,527,2,RBBB,2,RBBB,0,N,0.98525125,0.98525125,0.0017495351,0.00010238505,0.0070682247,0.001412655,0.00074148644,0.00014220113,0.0035323098
2613,118_00528,118,528,2,RBBB,2,RBBB,0,N,0.97647214,0.97647214,0.0047320356,0.00012218293,0.010993287,0.0015983442,0.00067403755,0.00020032485,0.0052077016
2614,118_00529,118,529,2,RBBB,2,RBBB,0,N,0.98200005,0.98200005,0.003268573,0.00010333718,0.008523331,0.0015816439,0.00070699106,0.00016342172,0.0036526094
2615,118_00530,118,530,2,RBBB,2,RBBB,0,N,0.9779607,0.9779607,0.0044104233,0.00012410007,0.010295487,0.0016104259,0.00072025583,0.00019496647,0.0046835663
2616,118_00531,118,531,2,RBBB,2,RBBB,0,N,0.9776661,0.9776661,0.004702929,0.00012158272,0.010365006,0.0016570981,0.00072602334,0.00019650256,0.004564734
2617,118_00532,118,532,2,RBBB,2,RBBB,0,N,0.9737544,0.9737544,0.0054225484,0.00014564488,0.012062019,0.001625458,0.00072134833,0.00022881493,0.006039692
2618,118_00533,118,533,2,RBBB,2,RBBB,0,N,0.9775667,0.9775667,0.004262396,0.00013247468,0.010509617,0.0015731766,0.0007846138,0.0002010634,0.0049699782
2619,118_00534,118,534,2,RBBB,2,RBBB,0,N,0.97365487,0.97365487,0.0046095583,0.00015043057,0.012173716,0.001547267,0.0007062319,0.00022954357,0.0069283377
2620,118_00535,118,535,2,RBBB,2,RBBB,0,N,0.9766264,0.9766264,0.0036607007,0.00016812826,0.010952638,0.001454845,0.0009439518,0.00022185968,0.005971415
2621,118_00536,118,536,2,RBBB,2,RBBB,0,N,0.975787,0.975787,0.0031580767,0.00019874278,0.011016413,0.001481371,0.0009676542,0.00024535655,0.0071453713
2622,118_00537,118,537,2,RBBB,2,RBBB,0,N,0.9756097,0.9756097,0.0033943797,0.0001910222,0.011212884,0.0014687275,0.0009792193,0.00024104671,0.006902931
2623,118_00538,118,538,2,RBBB,2,RBBB,0,N,0.98135066,0.98135066,0.0018661813,0.00016316093,0.008503973,0.0013878337,0.0009241545,0.00019426407,0.005609837
2624,118_00539,118,539,2,RBBB,2,RBBB,0,N,0.98156077,0.98156077,0.0029530628,0.00012314488,0.008701679,0.0015349288,0.00079649815,0.00017691664,0.0041530617
2625,118_00540,118,540,3,APC,2,RBBB,0,N,0.9764103,0.9764103,0.0039916122,0.0001398275,0.010953459,0.0015582775,0.00068153924,0.0002115696,0.0060533937
2626,118_00541,118,541,2,RBBB,3,APC,0,N,0.95562744,0.95562744,0.012894642,0.00025866786,0.019259373,0.0016406727,0.0010738486,0.00036090976,0.008884407
2627,118_00542,118,542,2,RBBB,2,RBBB,0,N,0.95559627,0.95559627,0.010457305,0.00024430433,0.019303754,0.0016318883,0.0008393939,0.00036858438,0.011558547
2628,118_00543,118,543,2,RBBB,2,RBBB,0,N,0.9355658,0.9355658,0.013482951,0.0005063127,0.025160704,0.0016409468,0.0012641947,0.0006163315,0.021762732
2629,118_00544,118,544,2,RBBB,2,RBBB,0,N,0.9798811,0.9798811,0.0036188725,0.00012007276,0.009328278,0.0016827001,0.0007094137,0.0001891981,0.004470367
2630,118_00545,118,545,2,RBBB,2,RBBB,0,N,0.9740467,0.9740467,0.004505289,0.0001436999,0.011862588,0.0016036427,0.0006691272,0.0002278802,0.006940989
2631,118_00546,118,546,2,RBBB,2,RBBB,0,N,0.97740954,0.97740954,0.0041043926,0.00011950154,0.0103913555,0.0016824374,0.0006095424,0.00020188007,0.0054814266
2632,118_00547,118,547,2,RBBB,2,RBBB,0,N,0.9753102,0.9753102,0.003254069,0.00014218136,0.011240626,0.0014481934,0.0006272863,0.00021376566,0.0077636763
2633,118_00548,118,548,2,RBBB,2,RBBB,0,N,0.9770359,0.9770359,0.0034970283,0.00012156833,0.010641347,0.001554234,0.0005833204,0.00019979259,0.00636694
2634,118_00549,118,549,2,RBBB,2,RBBB,0,N,0.9805067,0.9805067,0.003215856,0.00011302968,0.009177976,0.0015507375,0.0006432696,0.00017666194,0.004615916
2635,118_00550,118,550,2,RBBB,2,RBBB,0,N,0.98232126,0.98232126,0.0028715793,0.00010176545,0.00834799,0.0015966848,0.00062993355,0.00016384647,0.0039670463
2636,118_00551,118,551,2,RBBB,2,RBBB,0,N,0.97961766,0.97961766,0.003774672,0.00011282019,0.009582256,0.001590382,0.0006803422,0.00018082338,0.004460964
2637,118_00552,118,552,2,RBBB,2,RBBB,0,N,0.9751876,0.9751876,0.0037799652,0.0001356386,0.0113162035,0.001580932,0.00063480786,0.00021809121,0.0071468963
2638,118_00553,118,553,2,RBBB,2,RBBB,0,N,0.9744134,0.9744134,0.0049384492,0.00012768967,0.011630762,0.0016672568,0.0005948541,0.00021918927,0.0064083626
2639,118_00554,118,554,3,APC,2,RBBB,0,N,0.9750375,0.9750375,0.00403303,0.00014441651,0.011317668,0.0016427275,0.00063644187,0.00022766713,0.006960451
2640,118_00555,118,555,2,RBBB,3,APC,0,N,0.94880056,0.94880056,0.016228504,0.0002535804,0.021629453,0.0017323607,0.00091743696,0.0003887888,0.010049429
2641,118_00556,118,556,2,RBBB,2,RBBB,0,N,0.95157194,0.95157194,0.007989883,0.00040253988,0.021028783,0.0013560979,0.0013156988,0.000434204,0.015900778
2642,118_00557,118,557,2,RBBB,2,RBBB,0,N,0.8748606,0.8748606,0.016394911,0.0020971019,0.038898602,0.0013616657,0.002400689,0.0011312929,0.062855214
2643,118_00558,118,558,2,RBBB,2,RBBB,0,N,0.96426547,0.96426547,0.0051452895,0.00026975077,0.01577415,0.0014339219,0.0010151736,0.0003297767,0.011766476
2644,118_00559,118,559,2,RBBB,2,RBBB,0,N,0.9635401,0.9635401,0.0069645243,0.00023133066,0.016042668,0.0015746108,0.0008639889,0.00032462185,0.010458105
2645,118_00560,118,560,2,RBBB,2,RBBB,0,N,0.9759465,0.9759465,0.0046155746,0.00014471942,0.011255073,0.0015430711,0.00079766667,0.00021395489,0.0054833675
2646,118_00561,118,561,2,RBBB,2,RBBB,0,N,0.97739536,0.97739536,0.0040059467,0.00014434017,0.010584867,0.0015236633,0.0008219453,0.00020739622,0.0053165383
2647,118_00562,118,562,2,RBBB,2,RBBB,0,N,0.9738573,0.9738573,0.0049093207,0.0001549549,0.012093894,0.0015376826,0.0007628676,0.0002299,0.0064541623
2648,118_00563,118,563,2,RBBB,2,RBBB,0,N,0.97939354,0.97939354,0.0033896163,0.0001316255,0.009708687,0.0015177934,0.0007706193,0.00019065001,0.0048975283
2649,118_00564,118,564,2,RBBB,2,RBBB,0,N,0.9761763,0.9761763,0.0043009818,0.00013699864,0.011122902,0.001546303,0.0007370262,0.00020937905,0.00577012
2650,118_00565,118,565,2,RBBB,2,RBBB,0,N,0.97544175,0.97544175,0.0038974753,0.00014466072,0.011346173,0.0015222661,0.0006916538,0.00021770308,0.0067382576
2651,118_00566,118,566,2,RBBB,2,RBBB,0,N,0.9817279,0.9817279,0.002166753,0.00013673451,0.0084679155,0.0014575948,0.00080821564,0.00018257811,0.005052261
2652,118_00567,118,567,2,RBBB,2,RBBB,0,N,0.98195666,0.98195666,0.0021404116,0.00013698959,0.008354611,0.0014848986,0.000816145,0.00018327091,0.004927089
2653,118_00568,118,568,2,RBBB,2,RBBB,0,N,0.9807962,0.9807962,0.003211734,0.000113253416,0.009017036,0.0015873434,0.00068520615,0.00017708052,0.0044121817
2654,118_00569,118,569,2,RBBB,2,RBBB,0,N,0.973391,0.973391,0.0045999335,0.00013811117,0.012117738,0.0016007569,0.0006205458,0.00022745614,0.0073044193
2655,118_00570,118,570,2,RBBB,2,RBBB,0,N,0.9802598,0.9802598,0.0031391818,0.00010520353,0.009262189,0.0015839181,0.000594931,0.00017560503,0.004879223
2656,118_00571,118,571,3,APC,2,RBBB,0,N,0.9707222,0.9707222,0.0055474476,0.00013196332,0.013050155,0.0016267463,0.0005062476,0.0002426309,0.008172531
2657,118_00572,118,572,2,RBBB,3,APC,0,N,0.96966016,0.96966016,0.004391757,0.00016259392,0.013646911,0.0014117919,0.0006438268,0.00024651104,0.009836529
2658,118_00573,118,573,2,RBBB,2,RBBB,0,N,0.9594703,0.9594703,0.009266236,0.00016212993,0.01756594,0.0015046042,0.00055478135,0.00029462558,0.011181238
2659,118_00574,118,574,2,RBBB,2,RBBB,0,N,0.95684236,0.95684236,0.009165564,0.00017647291,0.018314961,0.0014694938,0.0005306896,0.00031542525,0.013184995
2660,118_00575,118,575,2,RBBB,2,RBBB,0,N,0.97739834,0.97739834,0.0046075312,0.00010086791,0.010581327,0.0015853373,0.0005252901,0.00018160345,0.005019794
2661,118_00576,118,576,2,RBBB,2,RBBB,0,N,0.97911173,0.97911173,0.0037728522,0.00010447826,0.009802815,0.0015947397,0.0005811934,0.00017885541,0.0048533604
2662,118_00577,118,577,2,RBBB,2,RBBB,0,N,0.97149247,0.97149247,0.005525579,0.00013179336,0.012841593,0.0016406885,0.0005539286,0.0002355434,0.0075784368
2663,118_00578,118,578,2,RBBB,2,RBBB,0,N,0.974272,0.974272,0.005405462,0.0001244697,0.01169379,0.0016885458,0.00057846896,0.00021812513,0.006019062
2664,118_00579,118,579,2,RBBB,2,RBBB,0,N,0.97112167,0.97112167,0.0061951997,0.00013803341,0.012951437,0.001675104,0.00058622676,0.00024171965,0.0070906593
2665,118_00580,118,580,2,RBBB,2,RBBB,0,N,0.9747985,0.9747985,0.0053561456,0.000118829696,0.011598135,0.001647343,0.00058342004,0.0002090905,0.0056885798
2666,118_00581,118,581,2,RBBB,2,RBBB,0,N,0.97680384,0.97680384,0.004051601,0.0001189214,0.010828691,0.0015226803,0.00060323963,0.00019510297,0.0058759665
2667,118_00582,118,582,2,RBBB,2,RBBB,0,N,0.9696889,0.9696889,0.0059431554,0.00013484422,0.013484551,0.0016061523,0.0005289353,0.00024494893,0.008368409
2668,118_00583,118,583,2,RBBB,2,RBBB,0,N,0.976097,0.976097,0.004458515,0.00011909038,0.010881233,0.0016932114,0.00056698686,0.00020798967,0.0059759696
2669,118_00584,118,584,2,RBBB,2,RBBB,0,N,0.96929914,0.96929914,0.007653227,0.00012856995,0.01348781,0.0017150099,0.00052980636,0.0002449815,0.006941536
2670,118_00585,118,585,2,RBBB,2,RBBB,0,N,0.976185,0.976185,0.00740294,9.590235e-05,0.010436714,0.0017680085,0.0006419854,0.00017619757,0.0032931638
2671,118_00586,118,586,2,RBBB,2,RBBB,0,N,0.96901906,0.96901906,0.0105121285,0.00011375446,0.013175666,0.0017839151,0.00062678783,0.00021580711,0.0045529194
2672,118_00587,118,587,2,RBBB,2,RBBB,0,N,0.9737444,0.9737444,0.008418914,0.000107105545,0.011424008,0.00175621,0.0006805962,0.00019374861,0.0036751514
2673,118_00588,118,588,2,RBBB,2,RBBB,0,N,0.9685263,0.9685263,0.00753593,0.00016178112,0.013806027,0.0017667837,0.0006787559,0.00027357708,0.007250918
2674,118_00589,118,589,2,RBBB,2,RBBB,0,N,0.96791273,0.96791273,0.005647204,0.00019851037,0.014131567,0.0016180852,0.0007505283,0.0002921603,0.00944929
2675,118_00590,118,590,2,RBBB,2,RBBB,0,N,0.96661454,0.96661454,0.00710601,0.00018716985,0.01471967,0.0016553139,0.0007441749,0.00029037468,0.008682726
2676,118_00591,118,591,2,RBBB,2,RBBB,0,N,0.9659854,0.9659854,0.007191373,0.0001597062,0.014683487,0.0016958243,0.0005772727,0.00028812164,0.009418727
2677,118_00592,118,592,2,RBBB,2,RBBB,0,N,0.97455037,0.97455037,0.0045325984,0.0001343135,0.011611604,0.0016084798,0.00062923523,0.00022012615,0.0067133377
2678,118_00593,118,593,2,RBBB,2,RBBB,0,N,0.9679767,0.9679767,0.0057882494,0.0001429641,0.013885984,0.0016435691,0.00047611143,0.00027017557,0.009816222
2679,118_00594,118,594,2,RBBB,2,RBBB,0,N,0.98063976,0.98063976,0.003610458,0.000104800514,0.009006304,0.0016756421,0.0006132986,0.00017530641,0.004174379
2680,118_00595,118,595,2,RBBB,2,RBBB,0,N,0.9759451,0.9759451,0.004409943,0.00012577082,0.011194218,0.0015673277,0.0006194811,0.00020526226,0.005932766
2681,118_00596,118,596,2,RBBB,2,RBBB,0,N,0.9847105,0.9847105,0.002335315,9.522829e-05,0.0072641936,0.001542241,0.0006815769,0.0001459366,0.003225082
2682,118_00597,118,597,2,RBBB,2,RBBB,0,N,0.9845214,0.9845214,0.0019704008,9.8706434e-05,0.007255557,0.0015177308,0.0005937927,0.00014944933,0.0038930776
2683,118_00598,118,598,2,RBBB,2,RBBB,0,N,0.9892922,0.9892922,0.0015567016,7.0810696e-05,0.0049241087,0.0016243246,0.0005986203,0.000107174856,0.0018261579
2684,118_00599,118,599,2,RBBB,2,RBBB,0,N,0.98771876,0.98771876,0.0032461155,6.2654915e-05,0.005276111,0.0017376938,0.0006451336,0.00010249885,0.0012110713
2685,118_00600,118,600,2,RBBB,2,RBBB,0,N,0.98918575,0.98918575,0.0025708359,5.9873964e-05,0.0046906043,0.0016937503,0.0006453389,9.413373e-05,0.0010595914
2686,118_00601,118,601,2,RBBB,2,RBBB,0,N,0.98964316,0.98964316,0.002104749,7.040425e-05,0.0046056574,0.0016174926,0.000800315,9.773721e-05,0.0010605495
2687,118_00602,118,602,2,RBBB,2,RBBB,0,N,0.98762363,0.98762363,0.0018579094,0.00010639539,0.005848829,0.0015014239,0.0009923829,0.00012952597,0.001939832
2688,118_00603,118,603,2,RBBB,2,RBBB,0,N,0.974932,0.974932,0.005058599,0.00014838939,0.011562978,0.0015781973,0.00075447554,0.00022206081,0.0057433723
2689,118_00604,118,604,2,RBBB,2,RBBB,0,N,0.9772102,0.9772102,0.0042084474,0.00013463602,0.010513526,0.0016306738,0.00068413996,0.00020815957,0.0054102456
2690,118_00605,118,605,2,RBBB,2,RBBB,0,N,0.97997487,0.97997487,0.0038227644,0.00011485926,0.009201548,0.0017312518,0.00065769907,0.00018747854,0.0043094987
2691,118_00606,118,606,2,RBBB,2,RBBB,0,N,0.98165005,0.98165005,0.0034546568,0.00010841405,0.008470454,0.0017234023,0.00067256816,0.00017446345,0.0037460304
2692,118_00607,118,607,2,RBBB,2,RBBB,0,N,0.9776184,0.9776184,0.005520742,0.0001054502,0.010086941,0.0017710275,0.00059771526,0.00018777764,0.00411198
2693,118_00608,118,608,2,RBBB,2,RBBB,0,N,0.98531324,0.98531324,0.0024026188,8.658914e-05,0.0068277274,0.0016935201,0.00061367673,0.0001422258,0.0029203596
2694,118_00609,118,609,2,RBBB,2,RBBB,0,N,0.98598427,0.98598427,0.0021456252,8.462961e-05,0.00657278,0.0016334244,0.00063055434,0.00013567256,0.0028130673
2695,118_00610,118,610,2,RBBB,2,RBBB,0,N,0.98644745,0.98644745,0.001492697,9.175149e-05,0.0062785614,0.0015664649,0.00064778177,0.00013672249,0.003338638
2696,118_00611,118,611,2,RBBB,2,RBBB,0,N,0.98076695,0.98076695,0.0037950983,9.775527e-05,0.008986164,0.0016536929,0.0006036014,0.0001675685,0.0039291126
2697,118_00612,118,612,2,RBBB,2,RBBB,0,N,0.9737635,0.9737635,0.0049506123,0.00014712056,0.011990604,0.0016086302,0.00071032596,0.00022995156,0.006599312
2698,118_00613,118,613,2,RBBB,2,RBBB,0,N,0.97360855,0.97360855,0.0063674035,0.00012404661,0.012027536,0.0016662976,0.0006762134,0.00021422666,0.005315745
2699,118_00614,118,614,2,RBBB,2,RBBB,0,N,0.9710961,0.9710961,0.0071491958,0.00013338824,0.012578919,0.0017945594,0.00058089435,0.00024353659,0.0064233174
2700,118_00615,118,615,2,RBBB,2,RBBB,0,N,0.9744409,0.9744409,0.006434423,0.00011789475,0.011505906,0.0017233078,0.0006229374,0.00020860795,0.004946059
2701,118_00616,118,616,2,RBBB,2,RBBB,0,N,0.97294563,0.97294563,0.005971663,0.00013111981,0.01249073,0.0015590134,0.00068412424,0.00021808696,0.0059996285
2702,118_00617,118,617,2,RBBB,2,RBBB,0,N,0.7960568,0.7960568,0.075119495,0.0010118381,0.06657808,0.0017191586,0.0010553066,0.001031127,0.057428166
2703,118_00618,118,618,2,RBBB,2,RBBB,0,N,0.8442313,0.8442313,0.0647364,0.00051105494,0.054117665,0.0017161218,0.0008015333,0.00073783373,0.033148136
2704,118_00619,118,619,2,RBBB,2,RBBB,0,N,0.8912285,0.8912285,0.045580357,0.0004197109,0.036855396,0.0021557007,0.0008305416,0.00074404123,0.022185855
2705,118_00620,118,620,2,RBBB,2,RBBB,0,N,0.97324455,0.97324455,0.0047905934,0.0001386146,0.011789693,0.0017356918,0.0005358948,0.00024453597,0.0075204284
2706,118_00621,118,621,2,RBBB,2,RBBB,0,N,0.9841808,0.9841808,0.0021778832,9.3832045e-05,0.007315171,0.0016707083,0.00056171266,0.00015445934,0.0038453876
2707,118_00622,118,622,3,APC,2,RBBB,0,N,0.9820967,0.9820967,0.0014272757,0.00011647725,0.007807937,0.0015296043,0.0005244724,0.0001705306,0.0063270833
2708,118_00623,118,623,2,RBBB,3,APC,0,N,0.9761324,0.9761324,0.002907353,0.00012043766,0.010602887,0.001552437,0.00049166713,0.0002055436,0.007987356
2709,118_00624,118,624,2,RBBB,2,RBBB,0,N,0.9709665,0.9709665,0.0061991387,0.00012314369,0.013038018,0.0016295075,0.000509014,0.00023006336,0.007304548
2710,118_00625,118,625,2,RBBB,2,RBBB,0,N,0.95697975,0.95697975,0.009995017,0.00017033785,0.017668536,0.0016479319,0.0004899635,0.00033710524,0.0127113955
2711,118_00626,118,626,2,RBBB,2,RBBB,0,N,0.97220296,0.97220296,0.009822778,8.107217e-05,0.011808464,0.0017152465,0.00047272135,0.00017287726,0.003723937
2712,118_00627,118,627,2,RBBB,2,RBBB,0,N,0.98165494,0.98165494,0.004200026,7.492291e-05,0.008521916,0.0016188573,0.0004533048,0.00014172924,0.0033343383
2713,118_00628,118,628,2,RBBB,2,RBBB,0,N,0.9646599,0.9646599,0.0196218,6.831459e-05,0.01133557,0.0018902782,0.0006353599,0.00013962237,0.0016491293
2714,118_00629,118,629,2,RBBB,2,RBBB,1,LBBB,0.57860357,0.36195916,0.57860357,0.0002841799,0.05011774,0.0037927276,0.0011937188,0.0004985879,0.0035503355
2715,118_00630,118,630,2,RBBB,2,RBBB,0,N,0.79895306,0.79895306,0.16337617,0.00016019806,0.030062007,0.0032871843,0.0009895883,0.00031417902,0.0028575747
2716,118_00631,118,631,2,RBBB,2,RBBB,0,N,0.973392,0.973392,0.01072061,9.013554e-05,0.010806018,0.0017669164,0.0007439442,0.0001662314,0.0023140789
2717,118_00632,118,632,2,RBBB,2,RBBB,0,N,0.95444465,0.95444465,0.009057267,0.00024669254,0.01882226,0.0015641229,0.0006986519,0.00038273365,0.014783665
2718,118_00633,118,633,2,RBBB,2,RBBB,0,N,0.9686001,0.9686001,0.008321046,0.00012781985,0.01397265,0.0016673737,0.0005449537,0.00023929977,0.006526784
2719,118_00634,118,634,2,RBBB,2,RBBB,0,N,0.9632899,0.9632899,0.013461474,0.00013742242,0.015014453,0.0018527894,0.000750767,0.00025654264,0.005236659
2720,118_00635,118,635,2,RBBB,2,RBBB,0,N,0.98653764,0.98653764,0.002358014,6.0080114e-05,0.006410212,0.0016206903,0.00047016086,0.00011228201,0.0024309813
2721,118_00636,118,636,2,RBBB,2,RBBB,0,N,0.97427183,0.97427183,0.0075193434,8.1322985e-05,0.011367354,0.0016791561,0.00040431382,0.0001767762,0.004499897
2722,118_00637,118,637,2,RBBB,2,RBBB,0,N,0.98500574,0.98500574,0.0020802405,6.936007e-05,0.0071887667,0.0015928098,0.00039736694,0.00012814665,0.0035375762
2723,118_00638,118,638,3,APC,2,RBBB,0,N,0.967197,0.967197,0.010785813,0.00012480914,0.01436341,0.001661369,0.00070665637,0.0002269654,0.0049340804
2724,118_00639,118,639,2,RBBB,3,APC,0,N,0.9599849,0.9599849,0.011112864,0.00015339722,0.016747624,0.0017026754,0.00051334297,0.00030269998,0.009482557
2725,118_00640,118,640,2,RBBB,2,RBBB,1,LBBB,0.53982115,0.39400244,0.53982115,0.00028523017,0.056465022,0.0034935868,0.0011183886,0.0005081125,0.0043060626
2726,118_00641,118,641,2,RBBB,2,RBBB,0,N,0.8978403,0.8978403,0.07420323,0.00011611517,0.021509219,0.0027066006,0.0008209746,0.00024546887,0.0025581808
2727,118_00642,118,642,2,RBBB,2,RBBB,0,N,0.95316285,0.95316285,0.029121803,7.357902e-05,0.013105489,0.0020793234,0.00067539717,0.00015121067,0.0016302526
2728,118_00643,118,643,2,RBBB,2,RBBB,0,N,0.96406835,0.96406835,0.010255821,0.00010791802,0.015242237,0.0016792344,0.0003960441,0.00024407063,0.008006405
2729,118_00644,118,644,2,RBBB,2,RBBB,0,N,0.95182544,0.95182544,0.023680033,9.617758e-05,0.016970308,0.002003822,0.00043810197,0.0002326074,0.0047536176
2730,118_00645,118,645,2,RBBB,2,RBBB,0,N,0.9632065,0.9632065,0.014212236,9.761445e-05,0.014678127,0.0017860477,0.0004059329,0.00022026074,0.0053932737
2731,118_00646,118,646,2,RBBB,2,RBBB,0,N,0.95340246,0.95340246,0.022211296,0.000107020154,0.016770948,0.0020394858,0.00051136623,0.00024629396,0.004711057
2732,118_00647,118,647,3,APC,2,RBBB,0,N,0.9638787,0.9638787,0.007233807,0.00014471904,0.0153892515,0.0015974324,0.0004679717,0.00028206926,0.0110060815
2733,118_00648,118,648,2,RBBB,3,APC,0,N,0.902727,0.902727,0.024591977,0.0003677338,0.035302058,0.0014574152,0.00054086966,0.0005831081,0.034429904
2734,118_00649,118,649,2,RBBB,2,RBBB,0,N,0.8989895,0.8989895,0.039263137,0.0002925512,0.03622253,0.0018256694,0.00054616627,0.0005622243,0.022298157
2735,118_00650,118,650,2,RBBB,2,RBBB,0,N,0.90169907,0.90169907,0.039856773,0.000307031,0.03446687,0.0020095652,0.0006073408,0.0005974765,0.020455835
2736,118_00651,118,651,2,RBBB,2,RBBB,0,N,0.95542544,0.95542544,0.015171337,0.00014140405,0.01822438,0.0017340773,0.0005229144,0.000293801,0.008486606
2737,118_00652,118,652,2,RBBB,2,RBBB,0,N,0.9458704,0.9458704,0.017717691,0.00019925418,0.021918144,0.0017278804,0.0006102896,0.0003735446,0.011582758
2738,118_00653,118,653,2,RBBB,2,RBBB,0,N,0.9434175,0.9434175,0.017686691,0.00021050779,0.022775045,0.0017325843,0.00056881894,0.0003966746,0.013212105
2739,118_00654,118,654,2,RBBB,2,RBBB,0,N,0.9246139,0.9246139,0.024919588,0.00031912015,0.029298054,0.0017404438,0.00073266303,0.0005183501,0.017858064
2740,118_00655,118,655,2,RBBB,2,RBBB,0,N,0.93403035,0.93403035,0.026693713,0.00021184307,0.025399985,0.0018239754,0.0006851218,0.0004024118,0.010752622
2741,118_00656,118,656,2,RBBB,2,RBBB,0,N,0.9179571,0.9179571,0.021909425,0.00042818708,0.031497613,0.0015998879,0.00082307,0.00059577095,0.025189044
2742,118_00657,118,657,2,RBBB,2,RBBB,0,N,0.9697953,0.9697953,0.008336786,0.00013609832,0.0134039875,0.0016791152,0.00068276515,0.00023586968,0.005730128
2743,118_00658,118,658,2,RBBB,2,RBBB,0,N,0.9739284,0.9739284,0.0063608964,0.00013261425,0.011642226,0.001781358,0.0006452199,0.00022624781,0.005283058
2744,118_00659,118,659,2,RBBB,2,RBBB,0,N,0.9733611,0.9733611,0.0064939205,0.0001644466,0.012113876,0.0016710677,0.00091891416,0.00023990656,0.0050367755
2745,118_00660,118,660,2,RBBB,2,RBBB,0,N,0.96163344,0.96163344,0.00844568,0.00028625436,0.01717013,0.0015602742,0.0012275925,0.0003576991,0.009318938
2746,118_00661,118,661,2,RBBB,2,RBBB,0,N,0.9086827,0.9086827,0.021440648,0.0007770803,0.035492085,0.001548518,0.0014966072,0.0007471615,0.029815257
2747,118_00662,118,662,2,RBBB,2,RBBB,0,N,0.91657394,0.91657394,0.020361947,0.0007175089,0.032975662,0.0015702998,0.001511915,0.00070644624,0.025582118
2748,118_00663,118,663,2,RBBB,2,RBBB,0,N,0.9306467,0.9306467,0.020693406,0.00048376533,0.028811261,0.0015963366,0.0013854955,0.00054989354,0.01583325
2749,118_00664,118,664,2,RBBB,2,RBBB,0,N,0.91677094,0.91677094,0.02254192,0.0005317689,0.033225186,0.0016066745,0.0012094246,0.0006367221,0.023477409
2750,118_00665,118,665,3,APC,2,RBBB,0,N,0.95015293,0.95015293,0.009762681,0.00039075478,0.021168286,0.0015223831,0.0012618387,0.00045938176,0.015281651
2751,118_00666,118,666,2,RBBB,3,APC,0,N,0.96872103,0.96872103,0.00589472,0.0002289891,0.014238386,0.0015533747,0.0010887717,0.0002964905,0.007978344
2752,118_00667,118,667,2,RBBB,2,RBBB,0,N,0.9572368,0.9572368,0.012172826,0.00022548492,0.01849903,0.0016722782,0.0009326751,0.00034151206,0.008919343
2753,118_00668,118,668,2,RBBB,2,RBBB,0,N,0.95252484,0.95252484,0.010968367,0.0003011864,0.020602584,0.0015005546,0.0011212567,0.00039665186,0.012584562
2754,118_00669,118,669,2,RBBB,2,RBBB,0,N,0.95123756,0.95123756,0.01538521,0.00020322291,0.020512355,0.001702635,0.00076296035,0.00034763975,0.009848459
2755,118_00670,118,670,2,RBBB,2,RBBB,0,N,0.9617474,0.9617474,0.010145191,0.00019318455,0.01658455,0.0016990093,0.0007748908,0.0003112726,0.008544508
2756,118_00671,118,671,2,RBBB,2,RBBB,0,N,0.96387804,0.96387804,0.011459544,0.0001496534,0.015633987,0.0017194933,0.00071606616,0.00026312322,0.0061800038
2757,118_00672,118,672,2,RBBB,2,RBBB,0,N,0.9641131,0.9641131,0.00933878,0.00019782371,0.016019344,0.0016224838,0.00087384775,0.00029546148,0.0075391983
2758,118_00673,118,673,2,RBBB,2,RBBB,0,N,0.93702,0.93702,0.01676257,0.00036420114,0.02631436,0.0015536522,0.0010136206,0.0004809973,0.016490536
2759,118_00674,118,674,2,RBBB,2,RBBB,0,N,0.88871336,0.88871336,0.026459483,0.00082322414,0.04194807,0.001515113,0.0012817729,0.0007779871,0.038480975
2760,118_00675,118,675,2,RBBB,2,RBBB,0,N,0.92156094,0.92156094,0.02229925,0.00042266658,0.032103453,0.0015125955,0.0010466756,0.000531209,0.020523181
2761,118_00676,118,676,2,RBBB,2,RBBB,0,N,0.8729474,0.8729474,0.031483777,0.0009208518,0.0456273,0.001500442,0.0012994063,0.0008501503,0.045370597
2762,118_00677,118,677,2,RBBB,2,RBBB,0,N,0.95649403,0.95649403,0.012108965,0.00018786415,0.018613795,0.0016530225,0.0007084384,0.00032495323,0.009908902
2763,118_00678,118,678,2,RBBB,2,RBBB,0,N,0.9568965,0.9568965,0.01167954,0.00019492855,0.017987603,0.001729808,0.0006835504,0.00034327406,0.010484785
2764,118_00679,118,679,2,RBBB,2,RBBB,0,N,0.9724557,0.9724557,0.007111317,0.00013269525,0.0125030335,0.0016528111,0.0007317635,0.00022232404,0.0051904577
2765,118_00680,118,680,2,RBBB,2,RBBB,0,N,0.9672425,0.9672425,0.008581086,0.00015791538,0.014591018,0.001655936,0.00073483464,0.00026169897,0.0067752046
2766,118_00681,118,681,2,RBBB,2,RBBB,0,N,0.96598136,0.96598136,0.009114043,0.00016615904,0.015158307,0.0016384731,0.000795545,0.0002695878,0.006876492
2767,118_00682,118,682,2,RBBB,2,RBBB,0,N,0.9781111,0.9781111,0.0051332973,0.000112975256,0.010031538,0.0017229618,0.00069874484,0.00018913859,0.004000234
2768,118_00683,118,683,2,RBBB,2,RBBB,0,N,0.97742003,0.97742003,0.006486911,9.927884e-05,0.010076448,0.0017420157,0.00067761494,0.00017617586,0.0033215722
2769,118_00684,118,684,2,RBBB,2,RBBB,0,N,0.97620106,0.97620106,0.0069017224,9.988135e-05,0.010655744,0.0017295798,0.00064973923,0.00018095356,0.0035812918
2770,118_00685,118,685,2,RBBB,2,RBBB,0,N,0.9762774,0.9762774,0.006531413,0.00011829337,0.010698572,0.0017057109,0.0007746155,0.00019486937,0.00369908
2771,118_00686,118,686,2,RBBB,2,RBBB,0,N,0.94642496,0.94642496,0.014466298,0.00029766682,0.023050133,0.0015828208,0.0009577888,0.0004132127,0.012807137
2772,118_00687,118,687,2,RBBB,2,RBBB,0,N,0.94087994,0.94087994,0.012493142,0.00046967046,0.025005247,0.0014306311,0.001359058,0.00051421736,0.0178481
2773,118_00688,118,688,2,RBBB,2,RBBB,0,N,0.9060918,0.9060918,0.016396511,0.000864328,0.03486467,0.0013788573,0.0014769116,0.0007512556,0.03817571
2774,118_00689,118,689,2,RBBB,2,RBBB,0,N,0.9549288,0.9549288,0.008556481,0.0002947374,0.019432021,0.0015220759,0.0009913276,0.00039157973,0.013882926
2775,118_00690,118,690,2,RBBB,2,RBBB,0,N,0.96920764,0.96920764,0.0049474626,0.00020725248,0.0140048815,0.0014663327,0.00092758774,0.0002775554,0.008961414
2776,118_00691,118,691,2,RBBB,2,RBBB,0,N,0.97025454,0.97025454,0.006304809,0.0001739218,0.01354206,0.0015947112,0.0008269325,0.0002595278,0.007043501
2777,118_00692,118,692,2,RBBB,2,RBBB,0,N,0.9644455,0.9644455,0.0088981325,0.00018518754,0.015862953,0.0016043438,0.0008232261,0.00028755286,0.007893186
2778,118_00693,118,693,2,RBBB,2,RBBB,0,N,0.9706711,0.9706711,0.0069882283,0.0001722699,0.013329454,0.0016410494,0.0008761737,0.00025646313,0.006065193
2779,118_00694,118,694,2,RBBB,2,RBBB,0,N,0.96043825,0.96043825,0.010101569,0.00021763153,0.017495142,0.0016109989,0.0008822689,0.00032230178,0.008931785
2780,118_00695,118,695,2,RBBB,2,RBBB,0,N,0.9675353,0.9675353,0.0066268994,0.00019957776,0.014788212,0.0015437898,0.00090204243,0.00028324546,0.008120814
2781,118_00696,118,696,2,RBBB,2,RBBB,0,N,0.9626598,0.9626598,0.007868569,0.00022645397,0.016560184,0.0015392496,0.0008928302,0.00032007816,0.0099327555
2782,118_00697,118,697,2,RBBB,2,RBBB,0,N,0.97417796,0.97417796,0.0051698345,0.00015425033,0.011904769,0.0015825842,0.0008099952,0.00022987528,0.0059706997
2783,118_00698,118,698,2,RBBB,2,RBBB,0,N,0.9727856,0.9727856,0.0068924045,0.00012743904,0.012300581,0.0016895115,0.0006592395,0.00022042896,0.0053248233
2784,118_00699,118,699,3,APC,2,RBBB,0,N,0.9591281,0.9591281,0.01444834,0.00015772771,0.017132575,0.0018014497,0.0007480497,0.00028495013,0.0062988047
2785,118_00700,118,700,2,RBBB,3,APC,0,N,0.90835565,0.90835565,0.038665585,0.0004486429,0.03466545,0.0018504581,0.00126684,0.0006011696,0.014146288
2786,118_00701,118,701,2,RBBB,2,RBBB,0,N,0.76278406,0.76278406,0.11033097,0.0014997437,0.07357268,0.0020362441,0.0017168149,0.0013141539,0.046745352
2787,118_00702,118,702,3,APC,2,RBBB,0,N,0.87124604,0.87124604,0.025505267,0.0012324849,0.0424661,0.0015912779,0.0016317832,0.0011401622,0.05518693
2788,118_00703,118,703,2,RBBB,3,APC,0,N,0.95726776,0.95726776,0.010429936,0.00021611319,0.018031316,0.0016962539,0.000727094,0.00035701843,0.011274526
2789,118_00704,118,704,2,RBBB,2,RBBB,0,N,0.96828365,0.96828365,0.007841074,0.00016655822,0.014071706,0.0017402073,0.0007486948,0.00027228848,0.006875962
2790,118_00705,118,705,2,RBBB,2,RBBB,0,N,0.9538081,0.9538081,0.009793558,0.00026464844,0.019497983,0.0016098275,0.0008573915,0.00039339837,0.013775035
2791,118_00706,118,706,2,RBBB,2,RBBB,0,N,0.9691943,0.9691943,0.0070240377,0.00015940133,0.013749422,0.0016938556,0.0007161461,0.00026226355,0.0072006164
2792,118_00707,118,707,2,RBBB,2,RBBB,0,N,0.9640351,0.9640351,0.008740797,0.00017818787,0.015789643,0.0016399485,0.0007301732,0.00029117725,0.008594997
2793,118_00708,118,708,2,RBBB,2,RBBB,0,N,0.9557741,0.9557741,0.010434345,0.00022893153,0.01901766,0.0015667407,0.00079799787,0.00035089126,0.011829216
2794,118_00709,118,709,2,RBBB,2,RBBB,0,N,0.9432333,0.9432333,0.011775466,0.00031548514,0.023373317,0.0014540288,0.0008559287,0.0004389637,0.018553484
2795,118_00710,118,710,2,RBBB,2,RBBB,0,N,0.9319857,0.9319857,0.014499584,0.00035569628,0.02698794,0.0014527522,0.0008036839,0.00049862074,0.023415975
2796,118_00711,118,711,2,RBBB,2,RBBB,0,N,0.9582669,0.9582669,0.009882585,0.00019509083,0.017727703,0.0016206679,0.000674828,0.0003298879,0.011302347
2797,118_00712,118,712,2,RBBB,2,RBBB,0,N,0.9488125,0.9488125,0.012897734,0.0002525133,0.021454966,0.0015791417,0.0007948424,0.0003914738,0.013816947
2798,118_00713,118,713,2,RBBB,2,RBBB,0,N,0.95783734,0.95783734,0.0077323634,0.00024617472,0.018136403,0.0014704496,0.00086226076,0.00034975304,0.013365072
2799,118_00714,118,714,2,RBBB,2,RBBB,0,N,0.940695,0.940695,0.009307314,0.0003327027,0.023280742,0.0013679964,0.0007944403,0.0004526282,0.023769142
2800,118_00715,118,715,2,RBBB,2,RBBB,0,N,0.967893,0.967893,0.0041358485,0.0001803354,0.013826149,0.0014724617,0.0006467168,0.0002716123,0.011573898
2801,118_00716,118,716,2,RBBB,2,RBBB,0,N,0.974014,0.974014,0.004419831,0.0001382606,0.011813054,0.0015896322,0.0006359023,0.00022368919,0.0071655842
2802,118_00717,118,717,2,RBBB,2,RBBB,0,N,0.96748734,0.96748734,0.0051912894,0.00016658798,0.01425825,0.0015404859,0.0006102375,0.00027038506,0.010475403
2803,118_00718,118,718,2,RBBB,2,RBBB,0,N,0.9480775,0.9480775,0.010780596,0.00028124137,0.021637749,0.0014666071,0.0008302811,0.00040370814,0.016522296
2804,118_00719,118,719,2,RBBB,2,RBBB,0,N,0.94062966,0.94062966,0.010817246,0.00031440286,0.0237848,0.0014113535,0.0007876757,0.00044705987,0.021807635
2805,118_00720,118,720,2,RBBB,2,RBBB,0,N,0.94261664,0.94261664,0.008389377,0.00035885483,0.022274708,0.0014158484,0.00086241623,0.00047216308,0.02360999
2806,118_00721,118,721,2,RBBB,2,RBBB,0,N,0.9590898,0.9590898,0.005507849,0.00026797302,0.01708302,0.0014150649,0.0008305697,0.00035258805,0.015453025
2807,118_00722,118,722,2,RBBB,2,RBBB,0,N,0.9490622,0.9490622,0.0066398424,0.00032867378,0.020327302,0.0013490295,0.0008574017,0.0004176399,0.02101786
2808,118_00723,118,723,2,RBBB,2,RBBB,0,N,0.93582827,0.93582827,0.010365325,0.000360812,0.025261845,0.0013312151,0.00080960337,0.00047390992,0.025569035
2809,118_00724,118,724,2,RBBB,2,RBBB,0,N,0.93915075,0.93915075,0.010365752,0.00035543353,0.024316289,0.0013640436,0.0008894359,0.00046398953,0.023094267
2810,118_00725,118,725,2,RBBB,2,RBBB,0,N,0.9604796,0.9604796,0.007748789,0.00020843293,0.0170318,0.0015309118,0.00073092605,0.000322217,0.01194731
2811,118_00726,118,726,2,RBBB,2,RBBB,0,N,0.94213486,0.94213486,0.011723793,0.00032749944,0.022996701,0.0015357869,0.00079921004,0.0004727808,0.020009378
2812,118_00727,118,727,2,RBBB,2,RBBB,0,N,0.956912,0.956912,0.007851542,0.0002509718,0.018178316,0.0015091546,0.0008048671,0.00036341604,0.014129697
2813,118_00728,118,728,2,RBBB,2,RBBB,0,N,0.92885375,0.92885375,0.012763642,0.00040748992,0.027581979,0.0013932519,0.00083650585,0.00053355936,0.027629834
2814,118_00729,118,729,2,RBBB,2,RBBB,0,N,0.93543816,0.93543816,0.013719851,0.00033268615,0.026059406,0.0014312045,0.00081357535,0.0004689343,0.02173615
2815,118_00730,118,730,2,RBBB,2,RBBB,0,N,0.94755155,0.94755155,0.01274504,0.00024725538,0.021821504,0.0015598469,0.00073839136,0.00039437547,0.014941984
2816,118_00731,118,731,2,RBBB,2,RBBB,0,N,0.94751555,0.94751555,0.010777762,0.0002728112,0.021628965,0.0014834914,0.0007493745,0.00040735793,0.01716466
2817,118_00732,118,732,2,RBBB,2,RBBB,0,N,0.9577151,0.9577151,0.0067374096,0.0002525636,0.017918723,0.0014250989,0.00082023203,0.0003499351,0.014781012
2818,118_00733,118,733,2,RBBB,2,RBBB,0,N,0.95101976,0.95101976,0.0077585327,0.00026849017,0.019881327,0.00141295,0.0007338332,0.0003895761,0.018535476
2819,118_00734,118,734,2,RBBB,2,RBBB,0,N,0.96497244,0.96497244,0.0071172756,0.0001785468,0.015271808,0.0016061092,0.0006797339,0.00028990651,0.00988422
2820,118_00735,118,735,2,RBBB,2,RBBB,0,N,0.96967447,0.96967447,0.0050680223,0.00016871809,0.013452066,0.0015857074,0.000674799,0.00026316335,0.009113045
2821,118_00736,118,736,2,RBBB,2,RBBB,0,N,0.962572,0.962572,0.006136601,0.00022142944,0.016244758,0.00146777,0.0008086662,0.00031637913,0.012232327
2822,118_00737,118,737,2,RBBB,2,RBBB,0,N,0.93794894,0.93794894,0.008478953,0.0003351184,0.023844976,0.0013128383,0.00072719424,0.00045467046,0.02689732
2823,118_00738,118,738,2,RBBB,2,RBBB,0,N,0.93741107,0.93741107,0.010177349,0.0003318916,0.024350984,0.0013839998,0.00079004536,0.00046611123,0.025088502
2824,118_00739,118,739,2,RBBB,2,RBBB,0,N,0.9447625,0.9447625,0.008854125,0.00030370615,0.022228371,0.0013643987,0.0007942011,0.0004206686,0.02127195
2825,118_00740,118,740,2,RBBB,2,RBBB,0,N,0.92469776,0.92469776,0.012770355,0.0004671304,0.029061075,0.0013131361,0.0009778315,0.0005595504,0.030153202
2826,118_00741,118,741,2,RBBB,2,RBBB,0,N,0.8956412,0.8956412,0.020530662,0.00056722795,0.038414538,0.0013391094,0.00089435105,0.00065677875,0.041956145
2827,118_00742,118,742,2,RBBB,2,RBBB,0,N,0.9054225,0.9054225,0.019029405,0.0005584869,0.034810558,0.0014113612,0.0009518523,0.00067712873,0.037138756
2828,118_00743,118,743,2,RBBB,2,RBBB,0,N,0.9625068,0.9625068,0.00790548,0.00019328362,0.016298907,0.0015753001,0.00072904903,0.00030636336,0.010484893
2829,118_00744,118,744,2,RBBB,2,RBBB,0,N,0.9482894,0.9482894,0.00956938,0.00028537685,0.021069812,0.0014799855,0.0007726909,0.00041598582,0.018117424
2830,118_00745,118,745,2,RBBB,2,RBBB,0,N,0.9600899,0.9600899,0.0068346183,0.00024056731,0.017333314,0.001436706,0.00085710967,0.00033355187,0.012874258
2831,118_00746,118,746,2,RBBB,2,RBBB,0,N,0.93397355,0.93397355,0.011440838,0.00033942773,0.025714694,0.0013796488,0.00073313975,0.000478051,0.025940629
2832,118_00747,118,747,2,RBBB,2,RBBB,0,N,0.9646241,0.9646241,0.007690789,0.00016229227,0.01550791,0.0015893113,0.00061682647,0.00027980923,0.009528882
2833,118_00748,118,748,2,RBBB,2,RBBB,0,N,0.95652807,0.95652807,0.011700184,0.00018355854,0.018289529,0.0016879408,0.000614157,0.00033458078,0.010661996
2834,118_00749,118,749,2,RBBB,2,RBBB,0,N,0.9598217,0.9598217,0.009352851,0.00021446733,0.017660877,0.0015373412,0.0008315746,0.00032282004,0.0102583375
2835,118_00750,118,750,2,RBBB,2,RBBB,0,N,0.9040683,0.9040683,0.019385356,0.00059832726,0.035990383,0.0013902752,0.001031467,0.00066428556,0.036871597
2836,118_00751,118,751,2,RBBB,2,RBBB,0,N,0.93581855,0.93581855,0.0120145725,0.0003462593,0.025582269,0.0014139685,0.0008085016,0.00048017444,0.023535665
2837,118_00752,118,752,2,RBBB,2,RBBB,0,N,0.9348641,0.9348641,0.015285592,0.00037055637,0.026003042,0.0015547455,0.00088563794,0.0005149609,0.020521233
2838,118_00753,118,753,2,RBBB,2,RBBB,0,N,0.9554466,0.9554466,0.008412666,0.0002901996,0.01917902,0.0014521581,0.0010189399,0.000380636,0.013819796
2839,118_00754,118,754,2,RBBB,2,RBBB,0,N,0.87994206,0.87994206,0.019623986,0.0008923601,0.040960137,0.0013155843,0.0012212958,0.0008211334,0.055223424
2840,118_00755,118,755,2,RBBB,2,RBBB,0,N,0.9089208,0.9089208,0.011392122,0.00061350834,0.032133162,0.0012111814,0.001026123,0.00064171077,0.04406134
2841,118_00756,118,756,2,RBBB,2,RBBB,0,N,0.9284488,0.9284488,0.01366767,0.0004017508,0.028097866,0.0013752133,0.0008734292,0.0005232113,0.026612086
2842,118_00757,118,757,2,RBBB,2,RBBB,0,N,0.95718056,0.95718056,0.00846965,0.00022497916,0.018120078,0.0015403645,0.0007329749,0.00034929466,0.0133820325
2843,118_00758,118,758,2,RBBB,2,RBBB,0,N,0.9447648,0.9447648,0.011155691,0.0003097776,0.022551801,0.0014950517,0.00083965634,0.0004404104,0.018442867
2844,118_00759,118,759,2,RBBB,2,RBBB,0,N,0.9557394,0.9557394,0.007403554,0.0002858725,0.018813252,0.0014542525,0.0009338169,0.0003784733,0.014991439
2845,118_00760,118,760,2,RBBB,2,RBBB,0,N,0.92226106,0.92226106,0.013578763,0.00046925875,0.02971317,0.0013515109,0.0009285114,0.0005766286,0.031121042
2846,118_00761,118,761,3,APC,2,RBBB,0,N,0.9545424,0.9545424,0.008888095,0.00024697086,0.019059876,0.0015305527,0.00074630824,0.0003739227,0.014611866
2847,118_00762,118,762,2,RBBB,3,APC,0,N,0.8896088,0.8896088,0.02710153,0.00072049204,0.040302936,0.0015732447,0.0011040808,0.0008106459,0.038778253
2848,118_00763,118,763,2,RBBB,2,RBBB,0,N,0.9303584,0.9303584,0.021136247,0.00034483307,0.027929211,0.0016901552,0.0009024547,0.0005142159,0.017124496
2849,118_00764,118,764,2,RBBB,2,RBBB,0,N,0.86911565,0.86911565,0.026218325,0.0011790951,0.04295354,0.0015769629,0.0014961285,0.0010980141,0.056362197
2850,118_00765,118,765,2,RBBB,2,RBBB,0,N,0.96670246,0.96670246,0.007654057,0.00017996076,0.014842397,0.001614259,0.0007988342,0.00027972806,0.007928313
2851,118_00766,118,766,2,RBBB,2,RBBB,0,N,0.9642185,0.9642185,0.007947816,0.00018320979,0.015679248,0.0016110826,0.0007013577,0.0002947648,0.009364109
2852,118_00767,118,767,2,RBBB,2,RBBB,0,N,0.9554989,0.9554989,0.010467229,0.0002372022,0.019126836,0.0015590661,0.00081374316,0.00035536144,0.011941508
2853,118_00768,118,768,2,RBBB,2,RBBB,0,N,0.9365875,0.9365875,0.016098948,0.0003104835,0.025576824,0.0015859919,0.000747129,0.00047051543,0.018622607
2854,118_00769,118,769,2,RBBB,2,RBBB,0,N,0.90974283,0.90974283,0.025034133,0.00042828923,0.034781735,0.0015134194,0.00084233674,0.000587399,0.027069895
2855,118_00770,118,770,2,RBBB,2,RBBB,0,N,0.9462347,0.9462347,0.010008212,0.00028915898,0.021529835,0.0015172383,0.00074995833,0.00043426245,0.019236602
2856,118_00771,118,771,2,RBBB,2,RBBB,0,N,0.94697624,0.94697624,0.010256699,0.00030350726,0.021558013,0.0015096334,0.00081659324,0.00043466658,0.018144652
2857,118_00772,118,772,2,RBBB,2,RBBB,0,N,0.9446833,0.9446833,0.010653599,0.00032002383,0.022561738,0.0014798245,0.0008392965,0.00044576442,0.019016402
2858,118_00773,118,773,2,RBBB,2,RBBB,0,N,0.90138423,0.90138423,0.023639126,0.00057923514,0.03726573,0.0014813845,0.0010243104,0.0006752218,0.03395081
2859,118_00774,118,774,2,RBBB,2,RBBB,0,N,0.9431461,0.9431461,0.012052971,0.00032356725,0.023276944,0.001505013,0.00089118956,0.00045256419,0.018351672
2860,118_00775,118,775,2,RBBB,2,RBBB,0,N,0.96013695,0.96013695,0.0071942895,0.00025112118,0.01727322,0.0015040088,0.0008884482,0.0003451825,0.012406771
2861,118_00776,118,776,2,RBBB,2,RBBB,0,N,0.9615947,0.9615947,0.006675872,0.00024246801,0.016710415,0.0015087478,0.00087244745,0.00033501902,0.012060328
2862,118_00777,118,777,2,RBBB,2,RBBB,0,N,0.96048003,0.96048003,0.007589292,0.00022668192,0.017264362,0.0015077657,0.0008459445,0.00032962498,0.011756431
2863,118_00778,118,778,2,RBBB,2,RBBB,0,N,0.9651023,0.9651023,0.006422536,0.0002147322,0.015384678,0.0015547882,0.00085610576,0.00030762103,0.0101573495
2864,118_00779,118,779,2,RBBB,2,RBBB,0,N,0.9754682,0.9754682,0.004752697,0.00014357432,0.01126143,0.0016383845,0.0007803972,0.0002210596,0.005734282
2865,118_00780,118,780,2,RBBB,2,RBBB,0,N,0.97169083,0.97169083,0.006232919,0.0001501847,0.012770515,0.0016932662,0.0006927986,0.00024521246,0.0065242643
2866,118_00781,118,781,2,RBBB,2,RBBB,0,N,0.97478354,0.97478354,0.004310487,0.00016474395,0.011594999,0.0015635792,0.0008612017,0.00023476995,0.006486569
2867,118_00782,118,782,2,RBBB,2,RBBB,0,N,0.9754775,0.9754775,0.0036513521,0.00017815977,0.011253335,0.0015192863,0.0009240996,0.00023792533,0.0067583206
2868,118_00783,118,783,2,RBBB,2,RBBB,0,N,0.9696248,0.9696248,0.004605258,0.00021472096,0.013696623,0.0014751301,0.000960548,0.00028134053,0.009141538
2869,118_00784,118,784,2,RBBB,2,RBBB,0,N,0.9718845,0.9718845,0.005279508,0.00017580704,0.012883054,0.0015494446,0.0008814201,0.00025276098,0.0070934347
2870,118_00785,118,785,2,RBBB,2,RBBB,0,N,0.9663003,0.9663003,0.0071743866,0.00020810985,0.015034431,0.0015971706,0.00089467043,0.00029844296,0.008492482
2871,118_00786,118,786,2,RBBB,2,RBBB,0,N,0.9685323,0.9685323,0.005469372,0.00021595352,0.014159621,0.001532274,0.0009524846,0.00029071418,0.008847257
2872,118_00787,118,787,2,RBBB,2,RBBB,0,N,0.9659739,0.9659739,0.006230266,0.00022716359,0.015213497,0.001535468,0.0009473232,0.0003077104,0.009564656
2873,118_00788,118,788,2,RBBB,2,RBBB,0,N,0.96581966,0.96581966,0.0071358625,0.00019000014,0.015235547,0.0015687852,0.0008022216,0.00028826098,0.00895957
2874,118_00789,118,789,2,RBBB,2,RBBB,0,N,0.97811705,0.97811705,0.0043396167,0.00013374144,0.010059607,0.0016871496,0.000804833,0.00020462665,0.004653363
2875,118_00790,118,790,2,RBBB,2,RBBB,0,N,0.9749948,0.9749948,0.0048841946,0.00014824532,0.011411754,0.0016702033,0.0007626847,0.00022824541,0.0059000184
2876,118_00791,118,791,2,RBBB,2,RBBB,0,N,0.9782938,0.9782938,0.0033045183,0.00014213877,0.009982959,0.0016206662,0.0007740572,0.00020951209,0.0056722984
2877,118_00792,118,792,2,RBBB,2,RBBB,0,N,0.9744146,0.9744146,0.004344597,0.00015828425,0.011796231,0.0015507946,0.0008171825,0.0002316026,0.006686612
2878,118_00793,118,793,2,RBBB,2,RBBB,0,N,0.9774724,0.9774724,0.004200884,0.00013459318,0.010378797,0.001670503,0.0007715471,0.00020836183,0.0051629124
2879,118_00794,118,794,2,RBBB,2,RBBB,0,N,0.9763206,0.9763206,0.0044943844,0.000134765,0.010879258,0.0016702525,0.00071660336,0.0002139259,0.0055702543
2880,118_00795,118,795,3,APC,2,RBBB,0,N,0.98055303,0.98055303,0.0034075272,0.00012989918,0.008992166,0.0016835401,0.000819985,0.00019231573,0.0042215893
2881,118_00796,118,796,2,RBBB,3,APC,0,N,0.92769957,0.92769957,0.014230757,0.00064312253,0.028828884,0.0014774654,0.0014002708,0.0006641249,0.025055764
2882,118_00797,118,797,2,RBBB,2,RBBB,0,N,0.9030028,0.9030028,0.030988716,0.0005906123,0.03794776,0.0016741037,0.0013256423,0.00069898233,0.023771398
2883,118_00798,118,798,2,RBBB,2,RBBB,0,N,0.8735491,0.8735491,0.027420102,0.0014789643,0.04159671,0.0016151461,0.0020482107,0.0011974352,0.051094417
2884,118_00799,118,799,2,RBBB,2,RBBB,0,N,0.9620135,0.9620135,0.008957835,0.00018619582,0.016592896,0.0015978955,0.0007178591,0.00030277084,0.009631021
2885,118_00800,118,800,2,RBBB,2,RBBB,0,N,0.9613887,0.9613887,0.0052901013,0.00026092783,0.016569119,0.0014106823,0.00091826805,0.00033776136,0.013824456
2886,118_00801,118,801,2,RBBB,2,RBBB,0,N,0.9231106,0.9231106,0.011506788,0.0004430191,0.02909653,0.0012678307,0.00086573313,0.0005421915,0.033167295
2887,118_00802,118,802,2,RBBB,2,RBBB,0,N,0.92089504,0.92089504,0.01201207,0.0004964825,0.029895846,0.0012748779,0.0009717128,0.0005764322,0.03387753
2888,118_00803,118,803,2,RBBB,2,RBBB,0,N,0.92857397,0.92857397,0.013818239,0.00041660466,0.028260976,0.0013474918,0.00095294847,0.00052398996,0.02610577
2889,118_00804,118,804,2,RBBB,2,RBBB,0,N,0.92607087,0.92607087,0.019202743,0.00036336406,0.029165413,0.0015299701,0.0008192949,0.0005212088,0.022327233
2890,118_00805,118,805,2,RBBB,2,RBBB,0,N,0.9297396,0.9297396,0.013614908,0.00040185533,0.027443679,0.0014223332,0.0008581559,0.00053171016,0.025987718
2891,118_00806,118,806,2,RBBB,2,RBBB,0,N,0.9395618,0.9395618,0.01212602,0.00033075348,0.024588844,0.0014104579,0.00085857464,0.0004545077,0.020669002
2892,118_00807,118,807,2,RBBB,2,RBBB,0,N,0.91960794,0.91960794,0.010429878,0.000469236,0.029302355,0.0012404848,0.00083023054,0.00056271546,0.037557047
2893,118_00808,118,808,2,RBBB,2,RBBB,0,N,0.94122183,0.94122183,0.012055407,0.00029035553,0.023951491,0.0014622114,0.0007181549,0.00043302143,0.019867526
2894,118_00809,118,809,2,RBBB,2,RBBB,0,N,0.9626354,0.9626354,0.009974019,0.00016098216,0.016158573,0.0017185453,0.00063149503,0.00029258445,0.008428389
2895,118_00810,118,810,2,RBBB,2,RBBB,0,N,0.9229023,0.9229023,0.028034687,0.00033982366,0.030260373,0.0017107064,0.00092433096,0.0005057159,0.0153221525
2896,118_00811,118,811,2,RBBB,2,RBBB,0,N,0.95051694,0.95051694,0.011887797,0.000282436,0.021169445,0.0015393117,0.0009861874,0.00039880147,0.013219022
2897,118_00812,118,812,2,RBBB,2,RBBB,0,N,0.85729724,0.85729724,0.030380793,0.00090102764,0.046950504,0.0014571459,0.0010542768,0.00094517024,0.06101391
2898,118_00813,118,813,2,RBBB,2,RBBB,0,N,0.94260234,0.94260234,0.016356612,0.0002302028,0.022476684,0.0017775493,0.0005562571,0.0004385776,0.015561686
2899,118_00814,118,814,2,RBBB,2,RBBB,0,N,0.9496428,0.9496428,0.015965143,0.00018248265,0.02019859,0.0017799163,0.0005678766,0.00036142592,0.011301797
2900,118_00815,118,815,2,RBBB,2,RBBB,0,N,0.94299835,0.94299835,0.026071569,0.00014722213,0.020717708,0.001982193,0.00060165493,0.00031752736,0.0071638273
2901,118_00816,118,816,2,RBBB,2,RBBB,0,N,0.9636863,0.9636863,0.00999707,0.00016058474,0.015442945,0.0017755871,0.0006253993,0.00029355768,0.0080184825
2902,118_00817,118,817,2,RBBB,2,RBBB,0,N,0.9697524,0.9697524,0.009854375,0.000120510726,0.013045182,0.0017614951,0.00067607005,0.00022007868,0.004569962
2903,118_00818,118,818,2,RBBB,2,RBBB,0,N,0.95646095,0.95646095,0.009412751,0.00022323971,0.018193271,0.0016217673,0.0006762215,0.00036389922,0.01304793
2904,118_00819,118,819,2,RBBB,2,RBBB,0,N,0.95978653,0.95978653,0.009982875,0.0001936789,0.017479336,0.0016110914,0.00072074524,0.00031592272,0.0099099595
2905,118_00820,118,820,2,RBBB,2,RBBB,0,N,0.9645573,0.9645573,0.010412594,0.0001445724,0.015356124,0.0017294672,0.000635702,0.00026528092,0.006899049
2906,118_00821,118,821,2,RBBB,2,RBBB,0,N,0.9608479,0.9608479,0.012299802,0.00016351433,0.0168756,0.0017284354,0.0007158316,0.0002873309,0.0070815547
2907,118_00822,118,822,2,RBBB,2,RBBB,0,N,0.9730642,0.9730642,0.007409038,0.00012924438,0.012071397,0.001709252,0.0007584149,0.00021804385,0.0046405382
2908,118_00823,118,823,2,RBBB,2,RBBB,0,N,0.9670371,0.9670371,0.008493309,0.00015387149,0.014468053,0.0017198204,0.00068517134,0.00026705253,0.007175527
2909,118_00824,118,824,2,RBBB,2,RBBB,0,N,0.9709195,0.9709195,0.00619001,0.00014136564,0.012971774,0.0017299161,0.00064550823,0.00024654088,0.0071554184
2910,118_00825,118,825,2,RBBB,2,RBBB,0,N,0.9715805,0.9715805,0.0069101923,0.00013124225,0.0127573,0.0017191989,0.00064774224,0.00023221408,0.006021633
2911,118_00826,118,826,3,APC,2,RBBB,0,N,0.9553731,0.9553731,0.010464086,0.0002070835,0.018914862,0.0015973181,0.00065733155,0.00034959393,0.01243667
2912,118_00827,118,827,2,RBBB,3,APC,0,N,0.90446985,0.90446985,0.024200054,0.00051291275,0.036639903,0.0014742375,0.0009290344,0.00063014723,0.031143796
2913,118_00828,118,828,2,RBBB,2,RBBB,0,N,0.9467969,0.9467969,0.01853014,0.00018946711,0.021502811,0.0018014804,0.00066527963,0.0003644764,0.010149519
2914,118_00829,118,829,2,RBBB,2,RBBB,0,N,0.95140934,0.95140934,0.014747032,0.00022823297,0.01930986,0.0018825951,0.0007252149,0.0004052664,0.011292544
2915,118_00830,118,830,2,RBBB,2,RBBB,0,N,0.9823856,0.9823856,0.0046467003,8.1271224e-05,0.008005344,0.0016901854,0.0006692566,0.00014099668,0.0023806388
2916,118_00831,118,831,2,RBBB,2,RBBB,0,N,0.9723953,0.9723953,0.007216927,0.0001230365,0.012216557,0.0017530544,0.00059663365,0.0002227676,0.0054756836
2917,118_00832,118,832,2,RBBB,2,RBBB,0,N,0.9693643,0.9693643,0.008073002,0.00013567776,0.013375657,0.0017108289,0.00056462415,0.0002470797,0.006528838
2918,118_00833,118,833,2,RBBB,2,RBBB,0,N,0.96818876,0.96818876,0.0077708582,0.00013826693,0.013902597,0.0017143864,0.0005488255,0.00025901993,0.007477278
2919,118_00834,118,834,2,RBBB,2,RBBB,0,N,0.96812916,0.96812916,0.007023217,0.00014651014,0.014139494,0.0016528638,0.00059499574,0.00025934458,0.008054359
2920,118_00835,118,835,2,RBBB,2,RBBB,0,N,0.9705253,0.9705253,0.006714133,0.00014241776,0.01322037,0.0016751311,0.0006315292,0.00024445492,0.0068465443
2921,118_00836,118,836,2,RBBB,2,RBBB,0,N,0.9771366,0.9771366,0.0038948362,0.00012193386,0.010531248,0.0016097595,0.0006094565,0.00020095022,0.0058951243
2922,118_00837,118,837,2,RBBB,2,RBBB,0,N,0.97835916,0.97835916,0.003980151,0.00011562394,0.01000784,0.0016528503,0.00062651146,0.0001924031,0.005065481
2923,118_00838,118,838,2,RBBB,2,RBBB,0,N,0.97552794,0.97552794,0.0032836425,0.00013665797,0.010998479,0.0015449289,0.00058580306,0.0002160657,0.0077063413
2924,118_00839,118,839,2,RBBB,2,RBBB,0,N,0.98106486,0.98106486,0.0032626307,0.000106338804,0.0088452175,0.0016292227,0.0006239796,0.00017363168,0.0042939675
2925,118_00840,118,840,2,RBBB,2,RBBB,0,N,0.98231167,0.98231167,0.0027588273,0.00010446785,0.008344788,0.0015594867,0.00062158,0.00016450121,0.004134592
2926,118_00841,118,841,2,RBBB,2,RBBB,0,N,0.9845993,0.9845993,0.0022765612,9.790178e-05,0.0072988067,0.0015393771,0.0006683733,0.00014815837,0.0033715386
2927,118_00842,118,842,3,APC,2,RBBB,0,N,0.98431945,0.98431945,0.0024689906,9.6720956e-05,0.0074586757,0.0015298721,0.000700787,0.0001476586,0.0032777668
2928,118_00843,118,843,2,RBBB,3,APC,0,N,0.9574972,0.9574972,0.008661001,0.00026063286,0.018358951,0.0015391286,0.0008277028,0.00036554056,0.012489927
2929,118_00844,118,844,2,RBBB,2,RBBB,0,N,0.9510692,0.9510692,0.011506307,0.00028009486,0.020757927,0.0016387115,0.00085873966,0.00041261097,0.013476422
2930,118_00845,118,845,2,RBBB,2,RBBB,0,N,0.90498346,0.90498346,0.019726126,0.0008183855,0.03439365,0.001600171,0.0014569173,0.00087656337,0.036144633
2931,118_00846,118,846,3,APC,2,RBBB,0,N,0.9725099,0.9725099,0.0060537136,0.00013966036,0.012501985,0.0016344006,0.0006699588,0.00023066389,0.0062596183
2932,118_00847,118,847,2,RBBB,3,APC,0,N,0.94165266,0.94165266,0.013345047,0.00032372057,0.024325589,0.0014959632,0.0008542361,0.00044940657,0.01755336
2933,118_00848,118,848,2,RBBB,2,RBBB,0,N,0.9441172,0.9441172,0.010348846,0.00033759564,0.02322652,0.0014043573,0.0009389702,0.00044002457,0.019186461
2934,118_00849,118,849,2,RBBB,2,RBBB,0,N,0.89519155,0.89519155,0.013234427,0.00082108815,0.0350121,0.0012536641,0.0011951001,0.0007770497,0.052514907
2935,118_00850,118,850,2,RBBB,2,RBBB,0,N,0.96457016,0.96457016,0.0048147417,0.00021134515,0.015398491,0.0013596179,0.00077989814,0.00029217187,0.012573614
2936,118_00851,118,851,2,RBBB,2,RBBB,0,N,0.97182333,0.97182333,0.0032833132,0.00016538902,0.012501209,0.0013782006,0.0007009791,0.00023780749,0.009909733
2937,118_00852,118,852,2,RBBB,2,RBBB,0,N,0.978519,0.978519,0.0016146619,0.00014214439,0.00931461,0.0013271527,0.00065316615,0.00019004683,0.008239162
2938,118_00853,118,853,2,RBBB,2,RBBB,0,N,0.98373824,0.98373824,0.0010057625,0.00013351727,0.007170166,0.0012735107,0.00072543946,0.00015626522,0.005797166
2939,118_00854,118,854,2,RBBB,2,RBBB,0,N,0.9717267,0.9717267,0.0014395915,0.0002520585,0.010851301,0.001261395,0.0008604748,0.0002585554,0.013349881
2940,118_00855,118,855,2,RBBB,2,RBBB,0,N,0.9735894,0.9735894,0.00160273,0.00026410742,0.010839248,0.0011981339,0.0010946052,0.00025744794,0.011154329
2941,118_00856,118,856,2,RBBB,2,RBBB,0,N,0.9581322,0.9581322,0.0040246723,0.00026230986,0.01670969,0.0013244523,0.0008039467,0.0003423378,0.018400382
2942,118_00857,118,857,2,RBBB,2,RBBB,0,N,0.96995187,0.96995187,0.0032093048,0.00017545577,0.0129806455,0.0014072269,0.00068356964,0.0002534469,0.01133861
2943,118_00858,118,858,2,RBBB,2,RBBB,0,N,0.98278904,0.98278904,0.0012610202,0.000109426495,0.0076921256,0.0013545573,0.00058045384,0.00015414724,0.00605918
2944,118_00859,118,859,2,RBBB,2,RBBB,0,N,0.9795822,0.9795822,0.0016852312,0.0001288683,0.008920311,0.0014341127,0.0006195071,0.00018493312,0.0074447454
2945,118_00860,118,860,2,RBBB,2,RBBB,0,N,0.97423434,0.97423434,0.002591911,0.00013641559,0.011203331,0.001433463,0.00051910745,0.000214385,0.009667039
2946,118_00861,118,861,2,RBBB,2,RBBB,0,N,0.9547824,0.9547824,0.011282372,0.00018060378,0.018850628,0.0015936458,0.0005786435,0.00033426826,0.0123973545
2947,118_00862,118,862,2,RBBB,2,RBBB,0,N,0.95633733,0.95633733,0.008349118,0.00019823424,0.018075503,0.0015333628,0.0005958497,0.00034078432,0.014569808
2948,118_00863,118,863,2,RBBB,2,RBBB,0,N,0.9738279,0.9738279,0.0045361808,0.00012940282,0.011903743,0.0015746993,0.00058987486,0.0002185553,0.0072195926
2949,118_00864,118,864,2,RBBB,2,RBBB,0,N,0.97004855,0.97004855,0.0042829374,0.00014282075,0.013081132,0.0015217245,0.00052947574,0.0002445726,0.010148803
2950,118_00865,118,865,2,RBBB,2,RBBB,0,N,0.97800314,0.97800314,0.003892131,0.00010405091,0.01008559,0.0016808027,0.00051971775,0.00018902251,0.005525407
2951,118_00866,118,866,2,RBBB,2,RBBB,0,N,0.97327876,0.97327876,0.0052196784,0.00011134989,0.012095075,0.0016582488,0.0004951676,0.00021307825,0.006928595
2952,118_00867,118,867,2,RBBB,2,RBBB,0,N,0.98308325,0.98308325,0.0024956865,9.3054965e-05,0.007964501,0.0015836915,0.00060336234,0.00015463974,0.004021727
2953,118_00868,118,868,2,RBBB,2,RBBB,0,N,0.9777726,0.9777726,0.0032578947,0.0001189599,0.010227443,0.0015542746,0.0006041449,0.00019443771,0.0062702415
2954,118_00869,118,869,2,RBBB,2,RBBB,0,N,0.9782457,0.9782457,0.0020779434,0.00014384037,0.009628649,0.0014524655,0.000698315,0.00020232599,0.0075508268
2955,118_00870,118,870,2,RBBB,2,RBBB,0,N,0.9670904,0.9670904,0.0047454066,0.00018620436,0.014261734,0.0015181841,0.000677736,0.00028246446,0.011237751
2956,118_00871,118,871,2,RBBB,2,RBBB,0,N,0.97435004,0.97435004,0.002956798,0.00015350326,0.011310674,0.0015000007,0.000664275,0.00022885994,0.008835909
2957,118_00872,118,872,2,RBBB,2,RBBB,0,N,0.97436714,0.97436714,0.003456148,0.00014792584,0.011562694,0.0015213913,0.0006781616,0.00022613334,0.008040538
2958,118_00873,118,873,2,RBBB,2,RBBB,0,N,0.9790696,0.9790696,0.0028515193,0.00011395801,0.009581979,0.0016025966,0.00057204964,0.00018935825,0.006018972
2959,118_00874,118,874,2,RBBB,2,RBBB,0,N,0.9755836,0.9755836,0.004405476,0.00012320917,0.011081584,0.0017037536,0.0005964092,0.00021392306,0.0062920838
2960,118_00875,118,875,2,RBBB,2,RBBB,0,N,0.97798556,0.97798556,0.0037408124,0.0001149976,0.010084159,0.001695817,0.00059892045,0.00019753401,0.005582236
2961,118_00876,118,876,2,RBBB,2,RBBB,0,N,0.97964925,0.97964925,0.0032721716,0.00012073495,0.009382133,0.0016510012,0.0006905632,0.00019115773,0.005043129
2962,118_00877,118,877,2,RBBB,2,RBBB,0,N,0.97970825,0.97970825,0.002991658,0.00012190362,0.009405544,0.0015886205,0.0006892868,0.00018943605,0.0053052907
2963,118_00878,118,878,2,RBBB,2,RBBB,0,N,0.9729606,0.9729606,0.004463181,0.00014184426,0.0122867245,0.0015765735,0.0006407531,0.00023046002,0.0076998165
2964,118_00879,118,879,2,RBBB,2,RBBB,0,N,0.97839874,0.97839874,0.003296891,0.00013035434,0.009875414,0.0016312369,0.00069441576,0.00020259149,0.005770271
2965,118_00880,118,880,2,RBBB,2,RBBB,0,N,0.97883445,0.97883445,0.0033051071,0.00011660518,0.0097546745,0.0016305025,0.0006365823,0.00019188678,0.0055302535
2966,118_00881,118,881,2,RBBB,2,RBBB,0,N,0.9775826,0.9775826,0.0039023035,0.000114416056,0.01025154,0.0017015969,0.0005862665,0.00019929772,0.0056620375
2967,118_00882,118,882,2,RBBB,2,RBBB,0,N,0.9839119,0.9839119,0.0024823237,9.253456e-05,0.007488184,0.0016634363,0.00061285717,0.00015298753,0.0035958108
2968,118_00883,118,883,2,RBBB,2,RBBB,0,N,0.9828842,0.9828842,0.0023651302,0.00010377465,0.007930149,0.0016227415,0.00063514384,0.00016490913,0.0042939587
2969,118_00884,118,884,2,RBBB,2,RBBB,0,N,0.9809315,0.9809315,0.0030066222,0.00010517848,0.0088935485,0.0016246106,0.0005914315,0.00017486076,0.0046722214
2970,118_00885,118,885,2,RBBB,2,RBBB,0,N,0.97912246,0.97912246,0.0030173461,0.00011417892,0.009630779,0.0015777027,0.0005862936,0.00018723743,0.005764058
2971,118_00886,118,886,2,RBBB,2,RBBB,0,N,0.9809606,0.9809606,0.003485926,0.00010151958,0.008912254,0.001641219,0.00062759593,0.00017046124,0.004100501
2972,118_00887,118,887,2,RBBB,2,RBBB,0,N,0.97854334,0.97854334,0.0036973113,0.00010978495,0.009926104,0.0016461338,0.0005575027,0.0001889881,0.005330664
2973,118_00888,118,888,3,APC,2,RBBB,0,N,0.9812093,0.9812093,0.0036040517,0.00010372118,0.008727759,0.0016921097,0.0006643713,0.000171855,0.0038268971
2974,118_00889,118,889,2,RBBB,3,APC,0,N,0.9244443,0.9244443,0.020581312,0.00036613405,0.029536879,0.0016139824,0.0007524833,0.00054325914,0.022161568
2975,118_00890,118,890,2,RBBB,2,RBBB,0,N,0.92717004,0.92717004,0.024818616,0.00032636197,0.028667219,0.0017720909,0.0008692335,0.00051673676,0.015859641
2976,118_00891,118,891,2,RBBB,2,RBBB,0,N,0.838671,0.838671,0.016615804,0.0016893435,0.04244764,0.0012963824,0.001503835,0.0012897229,0.09648631
2977,118_00892,118,892,2,RBBB,2,RBBB,0,N,0.9789227,0.9789227,0.0034152495,0.00013096121,0.009699064,0.0016488566,0.00074806385,0.00020033542,0.0052349004
2978,118_00893,118,893,2,RBBB,2,RBBB,0,N,0.9714647,0.9714647,0.004567781,0.00015180901,0.012788643,0.0015851217,0.00064962404,0.00024446222,0.0085478695
2979,118_00894,118,894,2,RBBB,2,RBBB,0,N,0.9770796,0.9770796,0.0036842064,0.00013535992,0.010500203,0.00162498,0.0007231051,0.00021071189,0.006041899
2980,118_00895,118,895,2,RBBB,2,RBBB,0,N,0.9717632,0.9717632,0.0038403568,0.00016736318,0.012625799,0.0014941448,0.000740306,0.0002470245,0.00912176
2981,118_00896,118,896,2,RBBB,2,RBBB,0,N,0.97208905,0.97208905,0.0034555632,0.00017545576,0.0124386875,0.0014597558,0.00081091473,0.00024836516,0.009322189
2982,118_00897,118,897,2,RBBB,2,RBBB,0,N,0.96611696,0.96611696,0.0041066823,0.0002012117,0.014569494,0.001401208,0.000754704,0.00028330833,0.012566494
2983,118_00898,118,898,2,RBBB,2,RBBB,0,N,0.9636372,0.9636372,0.0044161603,0.00020352316,0.015196965,0.0014214556,0.00068271003,0.0002988876,0.014143215
2984,118_00899,118,899,2,RBBB,2,RBBB,0,N,0.95039874,0.95039874,0.006695846,0.00025672783,0.019576665,0.0013675597,0.0006678519,0.00038089944,0.020655645
2985,118_00900,118,900,2,RBBB,2,RBBB,0,N,0.9434673,0.9434673,0.0069820043,0.00031851465,0.02152281,0.0013167845,0.00075375056,0.00043041207,0.025208266
2986,118_00901,118,901,2,RBBB,2,RBBB,0,N,0.9424234,0.9424234,0.006262304,0.00032399,0.021439798,0.0012860305,0.0007571418,0.00043160722,0.027075654
2987,118_00902,118,902,2,RBBB,2,RBBB,0,N,0.9477312,0.9477312,0.0070168604,0.00026771973,0.020428935,0.0013505908,0.00067539816,0.00039508688,0.02213424
2988,118_00903,118,903,2,RBBB,2,RBBB,0,N,0.9622158,0.9622158,0.0056637377,0.00018384421,0.016061455,0.0014441407,0.0006003136,0.00029592493,0.013534837
2989,118_00904,118,904,2,RBBB,2,RBBB,0,N,0.9693243,0.9693243,0.005059746,0.0001611491,0.01372253,0.0015321425,0.0006821625,0.00025568632,0.009262271
2990,118_00905,118,905,2,RBBB,2,RBBB,0,N,0.9722911,0.9722911,0.004118801,0.00015030356,0.0124774305,0.0015193106,0.00067383517,0.00023525102,0.008533958
2991,118_00906,118,906,2,RBBB,2,RBBB,0,N,0.98076355,0.98076355,0.002063595,0.0001378605,0.008681214,0.0015410465,0.0007923917,0.0001923792,0.005827844
2992,118_00907,118,907,2,RBBB,2,RBBB,0,N,0.98011476,0.98011476,0.002819924,0.00012216071,0.0091132065,0.0016201965,0.00068355724,0.0001898638,0.005336262
2993,118_00908,118,908,2,RBBB,2,RBBB,0,N,0.984079,0.984079,0.0018995075,0.00011933525,0.00731993,0.0015847143,0.0007783413,0.00016641186,0.004052783
2994,118_00909,118,909,2,RBBB,2,RBBB,0,N,0.9839326,0.9839326,0.002169319,0.00010831539,0.007445665,0.0016232263,0.00072154606,0.0001619292,0.0038374215
2995,118_00910,118,910,2,RBBB,2,RBBB,0,N,0.98251134,0.98251134,0.0022862977,0.00012003908,0.008107679,0.001576852,0.000782139,0.00017436026,0.004441334
2996,118_00911,118,911,2,RBBB,2,RBBB,0,N,0.9813018,0.9813018,0.0028519775,0.00011255884,0.00862794,0.0016594975,0.0006530034,0.00017935241,0.004613935
2997,118_00912,118,912,2,RBBB,2,RBBB,0,N,0.98148596,0.98148596,0.002556782,0.00012489414,0.00859419,0.001575558,0.0007732444,0.00018224785,0.004707191
2998,118_00913,118,913,3,APC,2,RBBB,0,N,0.98394096,0.98394096,0.002117712,0.000111672605,0.007507422,0.0015684684,0.0007590005,0.00016148044,0.0038332406
2999,118_00914,118,914,2,RBBB,3,APC,0,N,0.94758284,0.94758284,0.0042950385,0.00044115697,0.01938203,0.001303779,0.0011044518,0.0004653742,0.025425296
3000,118_00915,118,915,2,RBBB,2,RBBB,0,N,0.93597925,0.93597925,0.007365719,0.00043171173,0.023908464,0.0013549731,0.00096033653,0.0005208647,0.029478766
3001,118_00916,118,916,2,RBBB,2,RBBB,0,N,0.80517244,0.80517244,0.010709546,0.0018634918,0.04124604,0.0010457115,0.0013226415,0.0012881259,0.13735197
3002,118_00917,118,917,2,RBBB,2,RBBB,0,N,0.96592385,0.96592385,0.0030626904,0.00020463276,0.013685532,0.0014468076,0.0006693857,0.0002906197,0.01471649
3003,118_00918,118,918,3,APC,2,RBBB,0,N,0.9609399,0.9609399,0.004875082,0.00021916018,0.015840642,0.0014825372,0.00064753514,0.00032973877,0.015665466
3004,118_00919,118,919,2,RBBB,3,APC,0,N,0.9360019,0.9360019,0.007834765,0.00042453207,0.024017183,0.0013145059,0.0009028915,0.0005081066,0.028996186
3005,118_00920,118,920,2,RBBB,2,RBBB,0,N,0.946286,0.946286,0.009327539,0.00028800385,0.021984747,0.0014180082,0.00073647185,0.0004157661,0.019543445
3006,118_00921,118,921,3,APC,2,RBBB,0,N,0.9235131,0.9235131,0.005398766,0.00065127114,0.024574028,0.0012033657,0.0011218357,0.00061457575,0.042922962
3007,118_00922,118,922,2,RBBB,3,APC,0,N,0.9514355,0.9514355,0.010280845,0.0002709281,0.02044737,0.0015109256,0.0008016135,0.00039212574,0.014860644
3008,118_00923,118,923,3,APC,2,RBBB,0,N,0.9398262,0.9398262,0.01552141,0.00027504942,0.024336295,0.0016193374,0.0006855833,0.00044716132,0.017288959
3009,118_00924,118,924,2,RBBB,3,APC,0,N,0.84775907,0.84775907,0.046863444,0.0010417227,0.04725961,0.0019380808,0.0011509742,0.001266743,0.05272037
3010,118_00925,118,925,2,RBBB,2,RBBB,0,N,0.966874,0.966874,0.0076103634,0.00018280293,0.014505143,0.0017237961,0.0007335488,0.0002913987,0.008078943
3011,118_00926,118,926,2,RBBB,2,RBBB,0,N,0.9494874,0.9494874,0.0069137835,0.0003443618,0.0191135,0.0016146025,0.0008053189,0.00048194622,0.02123917
3012,118_00927,118,927,2,RBBB,2,RBBB,0,N,0.9747992,0.9747992,0.0030808789,0.00016198591,0.011045237,0.0015676649,0.00068222685,0.00023761526,0.008425313
3013,118_00928,118,928,2,RBBB,2,RBBB,0,N,0.9667445,0.9667445,0.002229532,0.00024781132,0.012786628,0.0013396769,0.0007087847,0.0002946179,0.01564842
3014,118_00929,118,929,2,RBBB,2,RBBB,0,N,0.96462166,0.96462166,0.003045536,0.00020943384,0.014289123,0.0012984736,0.0006265764,0.00028466218,0.015624537
3015,118_00930,118,930,2,RBBB,2,RBBB,0,N,0.92820114,0.92820114,0.0067858337,0.00048681078,0.024236912,0.0013232814,0.00084399903,0.00057376636,0.03754821
3016,118_00931,118,931,2,RBBB,2,RBBB,0,N,0.96051824,0.96051824,0.0053418335,0.00020281144,0.01600659,0.0015618049,0.00059496233,0.0003316551,0.015442093
3017,118_00932,118,932,2,RBBB,2,RBBB,0,N,0.97445875,0.97445875,0.0019833064,0.000119055025,0.010754444,0.0015491443,0.00048043553,0.00020331788,0.010451465
3018,118_00933,118,933,2,RBBB,2,RBBB,0,N,0.97709787,0.97709787,0.002395124,9.321105e-05,0.010167595,0.0016681384,0.00036734183,0.00018549398,0.008025367
3019,118_00934,118,934,2,RBBB,2,RBBB,0,N,0.9790586,0.9790586,0.0024135676,7.947917e-05,0.009659516,0.0016421238,0.00032437258,0.00016498679,0.0066573946
3020,118_00935,118,935,2,RBBB,2,RBBB,0,N,0.9716393,0.9716393,0.0053723427,0.00012199354,0.012644015,0.0015902697,0.00045143833,0.00023007946,0.007950595
3021,118_00936,118,936,2,RBBB,2,RBBB,0,N,0.9586156,0.9586156,0.013350577,0.00014350067,0.017035896,0.0017588049,0.00054274884,0.00029153057,0.008261343
3022,118_00937,118,937,2,RBBB,2,RBBB,0,N,0.96843565,0.96843565,0.008948079,0.00012437259,0.0135793565,0.0017459608,0.0005413753,0.000240295,0.0063848607
3023,118_00938,118,938,2,RBBB,2,RBBB,0,N,0.98486835,0.98486835,0.002409176,7.601448e-05,0.0070064436,0.0017320479,0.00049115793,0.00013811533,0.0032784953
3024,118_00939,118,939,2,RBBB,2,RBBB,0,N,0.98276293,0.98276293,0.0016673813,0.000104865176,0.007920892,0.0014641022,0.000520811,0.0001599575,0.0053990833
3025,118_00940,118,940,2,RBBB,2,RBBB,0,N,0.99118334,0.99118334,0.000448242,7.856039e-05,0.004303201,0.0012135427,0.0006376751,8.5557214e-05,0.0020498903
3026,118_00941,118,941,3,APC,2,RBBB,0,N,0.9763253,0.9763253,0.0025543764,0.00015638904,0.010494128,0.0014666059,0.00064748176,0.00021882217,0.008137005
3027,118_00942,118,942,2,RBBB,3,APC,0,N,0.9775075,0.9775075,0.003950877,0.00012849791,0.010168716,0.0017742243,0.00065252197,0.00021281648,0.005604853
3028,118_00943,118,943,2,RBBB,2,RBBB,0,N,0.9798649,0.9798649,0.0030874407,0.00011829541,0.008935918,0.0018777088,0.0005297018,0.00020551083,0.0053804754
3029,118_00944,118,944,2,RBBB,2,RBBB,0,N,0.98713803,0.98713803,0.0011721419,0.00012972255,0.0054686903,0.0018666683,0.000713826,0.00016306754,0.0033478742
3030,118_00945,118,945,2,RBBB,2,RBBB,0,N,0.99136645,0.99136645,0.00034650776,0.00010372263,0.0038079305,0.0015804897,0.0007279316,0.00010010569,0.0019667111
3031,118_00946,118,946,2,RBBB,2,RBBB,0,N,0.9909872,0.9909872,0.0008718824,8.907421e-05,0.004175657,0.0014858805,0.0009452256,9.927162e-05,0.0013457733
3032,118_00947,118,947,2,RBBB,2,RBBB,0,N,0.9678721,0.9678721,0.0056239,0.00019172,0.014002631,0.0016120112,0.0006537515,0.00029339973,0.009750549
3033,118_00948,118,948,2,RBBB,2,RBBB,0,N,0.9684328,0.9684328,0.009798478,0.000105653846,0.013629507,0.0017293016,0.000509396,0.00021748568,0.005577465
3034,118_00949,118,949,2,RBBB,2,RBBB,0,N,0.93968225,0.93968225,0.021410147,0.00019931127,0.02345069,0.0017687983,0.00057210337,0.00039480082,0.012521988
3035,118_00950,118,950,2,RBBB,2,RBBB,0,N,0.96116835,0.96116835,0.012366906,0.00011421734,0.01632205,0.0016481802,0.0004112348,0.00024992655,0.007719187
3036,118_00951,118,951,2,RBBB,2,RBBB,0,N,0.9729666,0.9729666,0.004519813,0.00013182628,0.012191393,0.0015852811,0.0005656411,0.00022629334,0.007813139
3037,118_00952,118,952,2,RBBB,2,RBBB,0,N,0.9849251,0.9849251,0.0021936656,8.943068e-05,0.0069471234,0.0016809498,0.00055840553,0.00014729096,0.0034580766
3038,118_00953,118,953,3,APC,2,RBBB,0,N,0.9881734,0.9881734,0.0019087008,7.5045464e-05,0.005376965,0.0017285116,0.00061894034,0.000118123564,0.0020003633
3039,118_00954,118,954,2,RBBB,3,APC,0,N,0.969864,0.969864,0.0084763225,0.0001420513,0.013116247,0.001782982,0.00067038945,0.00024632338,0.0057017077
3040,118_00955,118,955,2,RBBB,2,RBBB,0,N,0.97465354,0.97465354,0.0072494885,0.00012248279,0.01127749,0.0017305217,0.00076457846,0.00020557303,0.0039963685
3041,118_00956,118,956,2,RBBB,2,RBBB,0,N,0.90181196,0.90181196,0.025341587,0.00068676204,0.03624963,0.0016726002,0.0012016398,0.00080521393,0.032230575
3042,118_00957,118,957,2,RBBB,2,RBBB,0,N,0.96641546,0.96641546,0.012778053,0.00011455909,0.01393132,0.0017876445,0.0007171458,0.0002172163,0.004038565
3043,118_00958,118,958,2,RBBB,2,RBBB,0,N,0.9746605,0.9746605,0.00673605,0.00014956234,0.010956323,0.0019167153,0.00081265287,0.00023877257,0.004529347
3044,118_00959,118,959,3,APC,2,RBBB,0,N,0.9896575,0.9896575,0.0013933207,7.998928e-05,0.004804413,0.0015803683,0.00076847186,0.000107507774,0.0016084168
3045,118_00960,118,960,2,RBBB,3,APC,0,N,0.9715525,0.9715525,0.0033922268,0.0002286226,0.012195148,0.0016236781,0.0008866073,0.00029418248,0.00982718
3046,118_00961,118,961,2,RBBB,2,RBBB,0,N,0.9504102,0.9504102,0.005102523,0.00044523654,0.018344145,0.00159461,0.0010757213,0.0005127897,0.022514794
3047,118_00962,118,962,2,RBBB,2,RBBB,0,N,0.86989385,0.86989385,0.02428798,0.0012624151,0.041895375,0.0015840237,0.0015307736,0.0011558324,0.05838974
3048,118_00963,118,963,2,RBBB,2,RBBB,0,N,0.9422993,0.9422993,0.019179495,0.00027381195,0.023335958,0.0018012899,0.0009120304,0.0004367744,0.0117613375
3049,118_00964,118,964,2,RBBB,2,RBBB,0,N,0.94122505,0.94122505,0.020675428,0.0003068034,0.023304388,0.0018644318,0.0010410921,0.00046262666,0.011120191
3050,118_00965,118,965,3,APC,2,RBBB,0,N,0.9557916,0.9557916,0.013914233,0.00022756761,0.018562,0.001810099,0.0008965247,0.00035811178,0.008439816
3051,118_00966,118,966,2,RBBB,3,APC,0,N,0.9545069,0.9545069,0.0045952457,0.00054407615,0.01773113,0.0015015219,0.0015079852,0.0005110854,0.01910212
3052,118_00967,118,967,2,RBBB,2,RBBB,0,N,0.9154829,0.9154829,0.0031415196,0.0030823865,0.021469325,0.0011679621,0.0032541421,0.0011178963,0.05128385
3053,118_00968,118,968,2,RBBB,2,RBBB,0,N,0.9699125,0.9699125,0.0006781258,0.0010231619,0.00937332,0.0013293466,0.0023541995,0.00042937338,0.0149000995
3054,118_00969,118,969,2,RBBB,2,RBBB,0,N,0.98817104,0.98817104,0.0005631489,0.00022836206,0.0049622343,0.0013890557,0.0017006216,0.00015880346,0.0028267247
3055,118_00970,118,970,2,RBBB,2,RBBB,0,N,0.98762906,0.98762906,0.00037367007,0.00024803902,0.0051828413,0.001179702,0.0015421333,0.00014998658,0.0036946605
3056,118_00971,118,971,2,RBBB,2,RBBB,0,N,0.98301333,0.98301333,0.00097033434,0.00025049367,0.007023169,0.0014401464,0.0013206392,0.00021464862,0.005767273
3057,118_00972,118,972,2,RBBB,2,RBBB,0,N,0.9821923,0.9821923,0.0012023958,0.00018802608,0.0075614145,0.0014359332,0.00091864925,0.00019775447,0.006303559
3058,118_00973,118,973,3,APC,2,RBBB,0,N,0.9701558,0.9701558,0.005603728,0.00017579987,0.012901597,0.0018161646,0.0006711544,0.00028680387,0.008388919
3059,118_00974,118,974,2,RBBB,3,APC,0,N,0.95832855,0.95832855,0.010400316,0.00022491862,0.017518276,0.0017165719,0.00076460047,0.00035857843,0.01068816
3060,118_00975,118,975,2,RBBB,2,RBBB,0,N,0.95495224,0.95495224,0.012743337,0.00020818466,0.018582452,0.0017882879,0.0006903415,0.00036740626,0.010667744
3061,118_00976,118,976,2,RBBB,2,RBBB,0,N,0.94871193,0.94871193,0.012026159,0.0002811876,0.02020162,0.0017930086,0.0007523155,0.00045937125,0.015774392
3062,118_00977,118,977,2,RBBB,2,RBBB,0,N,0.9591011,0.9591011,0.009675042,0.00022541809,0.016994199,0.0017818805,0.00075322104,0.00036805248,0.011101114
3063,118_00978,118,978,2,RBBB,2,RBBB,0,N,0.9488201,0.9488201,0.01215274,0.00026631818,0.020710588,0.0017004189,0.00072858157,0.00043110971,0.015190092
3064,118_00979,118,979,3,APC,2,RBBB,0,N,0.92209107,0.92209107,0.020288683,0.00043395147,0.028990569,0.0017411527,0.00083570904,0.0006418943,0.024976889
3065,118_00980,118,980,2,RBBB,3,APC,0,N,0.87767845,0.87767845,0.04749452,0.0005467716,0.04289099,0.0019371146,0.00094695296,0.000804262,0.027701017
3066,118_00981,118,981,2,RBBB,2,RBBB,0,N,0.9212646,0.9212646,0.037600696,0.00021509209,0.027364252,0.002050101,0.00071275706,0.0004361582,0.010356278
3067,118_00982,118,982,2,RBBB,2,RBBB,0,N,0.93318117,0.93318117,0.023304177,0.00029902376,0.024867529,0.001961604,0.0007834217,0.00052364665,0.015079484
3068,118_00983,118,983,2,RBBB,2,RBBB,0,N,0.9780626,0.9780626,0.0052593118,0.00011437022,0.009972804,0.0017494821,0.0007346538,0.00019072731,0.003916067
3069,118_00984,118,984,2,RBBB,2,RBBB,0,N,0.9658543,0.9658543,0.007568875,0.00019074825,0.014957396,0.0016864656,0.0007742084,0.00029805384,0.008669945
3070,118_00985,118,985,2,RBBB,2,RBBB,0,N,0.9665179,0.9665179,0.0074311653,0.00019068246,0.014507838,0.0017345526,0.00074664666,0.00030046434,0.00857068
3071,118_00986,118,986,2,RBBB,2,RBBB,0,N,0.97252077,0.97252077,0.005419936,0.00016391586,0.0120355245,0.0018567655,0.00070769695,0.0002650315,0.007030312
3072,118_00987,118,987,2,RBBB,2,RBBB,0,N,0.9768611,0.9768611,0.005189829,0.00011649925,0.010235029,0.0019118286,0.00060917024,0.00020969605,0.0048669246
3073,118_00988,118,988,2,RBBB,2,RBBB,0,N,0.97946364,0.97946364,0.0044678487,0.000108245025,0.009182791,0.001886602,0.00062575255,0.00018979666,0.0040754024
3074,118_00989,118,989,2,RBBB,2,RBBB,0,N,0.9769212,0.9769212,0.0063590817,0.00010562955,0.010184097,0.0018335239,0.0006489205,0.00018945697,0.0037582112
3075,118_00990,118,990,2,RBBB,2,RBBB,0,N,0.97249,0.97249,0.006555824,0.00014155328,0.012156287,0.0018482109,0.0006890343,0.00024359257,0.0058755716
3076,118_00991,118,991,2,RBBB,2,RBBB,0,N,0.9755397,0.9755397,0.0050209584,0.00014128476,0.011020004,0.0017745255,0.0007347425,0.00022676871,0.0055420194
3077,118_00992,118,992,2,RBBB,2,RBBB,0,N,0.9721091,0.9721091,0.0053729545,0.0001642357,0.01231298,0.0017775592,0.0007023457,0.0002614783,0.007299316
3078,118_00993,118,993,2,RBBB,2,RBBB,0,N,0.97350115,0.97350115,0.00433599,0.00016198773,0.011589064,0.0017932956,0.0006677366,0.00025822618,0.0076925163
3079,118_00994,118,994,2,RBBB,2,RBBB,0,N,0.9748881,0.9748881,0.0046638846,0.00015474393,0.011194711,0.0018012432,0.0007260955,0.00024273398,0.0063285506
3080,118_00995,118,995,2,RBBB,2,RBBB,0,N,0.97244376,0.97244376,0.0050583454,0.0001677638,0.012222217,0.001771656,0.0007330271,0.00026146136,0.0073418287
3081,118_00996,118,996,2,RBBB,2,RBBB,0,N,0.9708124,0.9708124,0.0064477785,0.0001637767,0.012851218,0.0018030151,0.0007171341,0.00026638398,0.0069381986
3082,118_00997,118,997,2,RBBB,2,RBBB,0,N,0.97128856,0.97128856,0.006818056,0.00014945227,0.012524231,0.001877535,0.00065745774,0.00025895098,0.0064258957
3083,118_00998,118,998,2,RBBB,2,RBBB,0,N,0.97351426,0.97351426,0.006497895,0.00013794423,0.011648968,0.0018763465,0.00069037266,0.00023654354,0.0053976737
3084,118_00999,118,999,2,RBBB,2,RBBB,0,N,0.9733867,0.9733867,0.006180965,0.00014106589,0.011741413,0.0018856343,0.00069059496,0.00024233936,0.0057312427
3085,118_01000,118,1000,2,RBBB,2,RBBB,0,N,0.9695262,0.9695262,0.007098957,0.00016120113,0.0133521445,0.0018158004,0.0006969047,0.00027127366,0.007077562
3086,118_01001,118,1001,2,RBBB,2,RBBB,0,N,0.9735666,0.9735666,0.0050441395,0.0001612183,0.011843447,0.0017480523,0.0007876768,0.00024899756,0.0065998244
3087,118_01002,118,1002,2,RBBB,2,RBBB,0,N,0.97162217,0.97162217,0.0056119384,0.0001678931,0.012555565,0.0017772857,0.0007485614,0.00026491215,0.007251702
3088,118_01003,118,1003,2,RBBB,2,RBBB,0,N,0.973278,0.973278,0.0050483197,0.00016401189,0.011759656,0.001841495,0.0007298259,0.00025980995,0.0069188764
3089,118_01004,118,1004,2,RBBB,2,RBBB,0,N,0.9737005,0.9737005,0.004401143,0.00017505644,0.011690815,0.0017352666,0.00080535794,0.00025792953,0.007233868
3090,118_01005,118,1005,3,APC,2,RBBB,0,N,0.9733397,0.9733397,0.0048504323,0.00016751276,0.011859253,0.0017721225,0.0007660609,0.00025680204,0.006988167
3091,118_01006,118,1006,2,RBBB,3,APC,0,N,0.90650463,0.90650463,0.018813325,0.0007510229,0.034145273,0.0015854042,0.0012131857,0.0008362807,0.03615093
3092,118_01007,118,1007,2,RBBB,2,RBBB,0,N,0.9211041,0.9211041,0.02135758,0.0004588079,0.030342527,0.0018068858,0.0009103385,0.0006591877,0.023360534
3093,118_01008,118,1008,2,RBBB,2,RBBB,0,N,0.91725653,0.91725653,0.014868472,0.0007384459,0.028788436,0.0018,0.0012968659,0.000891623,0.03435962
3094,118_01009,118,1009,2,RBBB,2,RBBB,0,N,0.9800591,0.9800591,0.003809423,0.00012433849,0.008957367,0.0018647865,0.0007384829,0.00019943595,0.0042471075
3095,118_01010,118,1010,2,RBBB,2,RBBB,0,N,0.97883475,0.97883475,0.0048942245,0.00011393068,0.009472617,0.0018545777,0.00069449865,0.00019345933,0.0039418987
3096,118_01011,118,1011,2,RBBB,2,RBBB,0,N,0.9791917,0.9791917,0.0043217232,0.00011683334,0.00935212,0.0018636907,0.00067244965,0.00019745497,0.0042840526
3097,118_01012,118,1012,2,RBBB,2,RBBB,0,N,0.9795454,0.9795454,0.0045848154,0.00011235202,0.009215331,0.0018340378,0.000710571,0.00018855733,0.0038089138
3098,118_01013,118,1013,2,RBBB,2,RBBB,0,N,0.97553444,0.97553444,0.0048447982,0.0001466803,0.010968934,0.0018088311,0.0007392904,0.00023344654,0.005723509
3099,118_01014,118,1014,2,RBBB,2,RBBB,0,N,0.972126,0.972126,0.0065176873,0.00015737547,0.012348981,0.0018089517,0.00076941657,0.00025409495,0.006017445
3100,118_01015,118,1015,2,RBBB,2,RBBB,0,N,0.9639639,0.9639639,0.008136463,0.00021101341,0.015381388,0.0017833511,0.00078862475,0.0003309885,0.009404213
3101,118_01016,118,1016,2,RBBB,2,RBBB,0,N,0.96894276,0.96894276,0.0078946,0.00017442781,0.0136121465,0.0017876351,0.00083409436,0.00027653197,0.006477866
3102,118_01017,118,1017,2,RBBB,2,RBBB,0,N,0.9660267,0.9660267,0.008770326,0.00018282155,0.01462882,0.0018307986,0.00076810265,0.00030045057,0.0074919234
3103,118_01018,118,1018,2,RBBB,2,RBBB,0,N,0.9702387,0.9702387,0.00752136,0.00016345452,0.012974514,0.0018560255,0.00076826854,0.00026872306,0.0062090205
3104,118_01019,118,1019,2,RBBB,2,RBBB,0,N,0.9694182,0.9694182,0.0077106357,0.00016146332,0.013280915,0.001881942,0.0007237734,0.0002736985,0.006549435
3105,118_01020,118,1020,2,RBBB,2,RBBB,0,N,0.9658537,0.9658537,0.009678656,0.00014878988,0.014644882,0.001801962,0.00066967966,0.00027065747,0.0069317
3106,118_01021,118,1021,2,RBBB,2,RBBB,0,N,0.9670607,0.9670607,0.007864164,0.00015361543,0.0142878415,0.0017906028,0.0006395865,0.0002768405,0.007926664
3107,118_01022,118,1022,2,RBBB,2,RBBB,0,N,0.9631753,0.9631753,0.012415939,0.00013298728,0.015065971,0.0018586859,0.0005695204,0.00026771304,0.006513774
3108,118_01023,118,1023,2,RBBB,2,RBBB,0,N,0.9717857,0.9717857,0.007734267,0.00014315908,0.012117527,0.0019654625,0.00069804076,0.00024977556,0.0053060604
3109,118_01024,118,1024,3,APC,2,RBBB,0,N,0.9791684,0.9791684,0.004826245,0.00011496849,0.009288535,0.0019159113,0.0006660738,0.0001964368,0.0038233758
3110,118_01025,118,1025,2,RBBB,3,APC,0,N,0.9608783,0.9608783,0.0058439393,0.00026636364,0.016424978,0.001626117,0.0008974004,0.00037015494,0.013692756
3111,118_01026,118,1026,2,RBBB,2,RBBB,0,N,0.9668139,0.9668139,0.004838158,0.00018604606,0.014357084,0.0016192251,0.0006804997,0.00029372502,0.01121143
3112,118_01027,118,1027,2,RBBB,2,RBBB,0,N,0.94743556,0.94743556,0.0068708984,0.00035707196,0.019952225,0.0015538638,0.00090733793,0.00047969137,0.022443235
3113,118_01028,118,1028,2,RBBB,2,RBBB,0,N,0.97695595,0.97695595,0.0036188813,0.00015538083,0.010342691,0.0017356109,0.0007992174,0.00023054487,0.0061616367
3114,118_01029,118,1029,2,RBBB,2,RBBB,0,N,0.9697056,0.9697056,0.004463098,0.00019784085,0.012956705,0.0017538613,0.000749345,0.00029780885,0.0098757455
3115,118_01030,118,1030,2,RBBB,2,RBBB,0,N,0.9781849,0.9781849,0.0034349014,0.000149823,0.009718947,0.0018090201,0.00078124925,0.00022529179,0.005695978
3116,118_01031,118,1031,2,RBBB,2,RBBB,0,N,0.97567177,0.97567177,0.004384487,0.00015716319,0.01081775,0.0018299437,0.00076026923,0.00024251592,0.0061362847
3117,118_01032,118,1032,2,RBBB,2,RBBB,0,N,0.97556,0.97556,0.004658683,0.00015484793,0.010930235,0.001810802,0.00076183723,0.00023935357,0.0058841677
3118,118_01033,118,1033,2,RBBB,2,RBBB,0,N,0.9730584,0.9730584,0.0044424064,0.0001790872,0.011846208,0.0017832225,0.0007638872,0.00026837655,0.0076583764
3119,118_01034,118,1034,2,RBBB,2,RBBB,0,N,0.9707293,0.9707293,0.0049429634,0.00019265656,0.01276518,0.0017616544,0.0007688619,0.0002874547,0.008551913
3120,118_01035,118,1035,2,RBBB,2,RBBB,0,N,0.9738098,0.9738098,0.004674741,0.00016899545,0.011629639,0.0017889173,0.00076383754,0.00025684523,0.006907186
3121,118_01036,118,1036,2,RBBB,2,RBBB,0,N,0.9732104,0.9732104,0.00566182,0.00015588533,0.011861546,0.0018506466,0.000719739,0.00025325548,0.006286695
3122,118_01037,118,1037,2,RBBB,2,RBBB,0,N,0.97189265,0.97189265,0.0064150696,0.00016531708,0.0124254925,0.0018131258,0.00078386517,0.00026144955,0.006243022
3123,118_01038,118,1038,2,RBBB,2,RBBB,0,N,0.97327775,0.97327775,0.004935336,0.00015702865,0.011760847,0.0018397103,0.000680128,0.00025693857,0.0070922687
3124,118_01039,118,1039,2,RBBB,2,RBBB,0,N,0.9691135,0.9691135,0.0066895075,0.00017136181,0.0133785745,0.0018333499,0.00069616444,0.00028534397,0.007832238
3125,118_01040,118,1040,2,RBBB,2,RBBB,0,N,0.9714463,0.9714463,0.0049337894,0.00016466083,0.012377337,0.0018168453,0.00065523456,0.0002724465,0.008333492
3126,118_01041,118,1041,2,RBBB,2,RBBB,0,N,0.96959746,0.96959746,0.006141108,0.00017441422,0.0131907305,0.001832129,0.0007035452,0.00028599496,0.008074729
3127,118_01042,118,1042,2,RBBB,2,RBBB,0,N,0.96933156,0.96933156,0.006296986,0.00018076539,0.0133210085,0.0018072153,0.0007197221,0.00028863372,0.008054037
3128,118_01043,118,1043,2,RBBB,2,RBBB,0,N,0.96916866,0.96916866,0.0057835896,0.00018431972,0.013387977,0.0017856287,0.0007257689,0.00029182216,0.008672229
3129,118_01044,118,1044,2,RBBB,2,RBBB,0,N,0.9697417,0.9697417,0.005580201,0.00019053624,0.013190875,0.0017595048,0.0007598256,0.0002898506,0.0084875645
3130,118_01045,118,1045,2,RBBB,2,RBBB,0,N,0.9649562,0.9649562,0.007085259,0.00019166154,0.0147127155,0.0018135278,0.00064549095,0.00032873853,0.010266474
3131,118_01046,118,1046,2,RBBB,2,RBBB,0,N,0.96571606,0.96571606,0.008193546,0.00017877473,0.014604136,0.0018305493,0.000676556,0.000308898,0.008491597
3132,118_01047,118,1047,2,RBBB,2,RBBB,0,N,0.9677486,0.9677486,0.0077215857,0.00016638573,0.013963948,0.0018157567,0.00068646,0.00028472286,0.007612534
3133,118_01048,118,1048,2,RBBB,2,RBBB,0,N,0.9676832,0.9676832,0.0071277195,0.00016716716,0.013918481,0.0018079235,0.0006503018,0.00028976018,0.008355466
3134,118_01049,118,1049,2,RBBB,2,RBBB,0,N,0.9657369,0.9657369,0.008258829,0.00017673401,0.014656084,0.0017996972,0.0006795355,0.00030303074,0.008389079
3135,118_01050,118,1050,2,RBBB,2,RBBB,0,N,0.9674097,0.9674097,0.008662042,0.00015840455,0.0139455525,0.0018572103,0.00066753104,0.0002802968,0.007019283
3136,118_01051,118,1051,2,RBBB,2,RBBB,0,N,0.9662669,0.9662669,0.0097948555,0.00015879684,0.014410864,0.0018471659,0.00071921403,0.00027806955,0.0065242327
3137,118_01052,118,1052,2,RBBB,2,RBBB,0,N,0.9736056,0.9736056,0.007039745,0.00012884113,0.011489,0.0018936731,0.00065875624,0.00022773205,0.004956675
3138,118_01053,118,1053,2,RBBB,2,RBBB,0,N,0.97387904,0.97387904,0.0061144084,0.00013613819,0.011508657,0.0018741832,0.0006522685,0.00023566984,0.005599764
3139,118_01054,118,1054,2,RBBB,2,RBBB,0,N,0.97467977,0.97467977,0.0058370824,0.00013073912,0.011221882,0.001865808,0.0006417035,0.00022762657,0.005395354
3140,118_01055,118,1055,2,RBBB,2,RBBB,0,N,0.9661403,0.9661403,0.0084307315,0.00016444757,0.014369345,0.0018462572,0.00063153286,0.0002972886,0.008120221
3141,118_01056,118,1056,2,RBBB,2,RBBB,0,N,0.9669437,0.9669437,0.008195524,0.00017005317,0.014091049,0.0018713397,0.0006749334,0.0002972094,0.007756037
3142,118_01057,118,1057,2,RBBB,2,RBBB,0,N,0.9625052,0.9625052,0.0100247385,0.00017130353,0.0154728275,0.001914591,0.00060476514,0.00032658438,0.008979949
3143,118_01058,118,1058,2,RBBB,2,RBBB,0,N,0.9668204,0.9668204,0.00902956,0.00015874575,0.014133454,0.0018706704,0.0006728263,0.00028359928,0.007030686
3144,118_01059,118,1059,2,RBBB,2,RBBB,0,N,0.9715738,0.9715738,0.00713831,0.00014577985,0.012444354,0.0018665177,0.0006982174,0.0002503196,0.00588262
3145,118_01060,118,1060,2,RBBB,2,RBBB,0,N,0.9672086,0.9672086,0.0081854295,0.00017647914,0.014163874,0.0018266174,0.00074139604,0.0002922918,0.007405407
3146,118_01061,118,1061,2,RBBB,2,RBBB,0,N,0.96456265,0.96456265,0.009113938,0.00018865759,0.015162041,0.0018105732,0.000748927,0.00031214178,0.008101211
3147,118_01062,118,1062,2,RBBB,2,RBBB,0,N,0.96745956,0.96745956,0.00839839,0.0001700915,0.014053543,0.0018427917,0.00072652666,0.00028683883,0.00706222
3148,118_01063,118,1063,2,RBBB,2,RBBB,0,N,0.96849734,0.96849734,0.008737186,0.00015966388,0.013572486,0.001858092,0.00073864456,0.00027100003,0.006165506
3149,118_01064,118,1064,2,RBBB,2,RBBB,0,N,0.97536504,0.97536504,0.0065150056,0.00012565711,0.010873275,0.0018418728,0.00071828114,0.00021341487,0.004347442
3150,118_01065,118,1065,2,RBBB,2,RBBB,0,N,0.97420186,0.97420186,0.0062334766,0.00013863904,0.011382096,0.0018802037,0.00071499945,0.00023460346,0.005213992
3151,118_01066,118,1066,2,RBBB,2,RBBB,0,N,0.9756082,0.9756082,0.0048992373,0.00014803164,0.010869755,0.0018396275,0.00073629426,0.0002358882,0.0056629856
3152,118_01067,118,1067,2,RBBB,2,RBBB,0,N,0.9735312,0.9735312,0.0046720337,0.0001670441,0.0116092665,0.0018465522,0.0007267256,0.0002626239,0.0071845804
3153,118_01068,118,1068,2,RBBB,2,RBBB,0,N,0.9711418,0.9711418,0.004974634,0.00017856188,0.012489624,0.0018252521,0.0007164271,0.00028255003,0.008391233
3154,118_01069,118,1069,2,RBBB,2,RBBB,0,N,0.9730134,0.9730134,0.005205119,0.00015930647,0.01187743,0.0018557246,0.0007131115,0.00025891478,0.006916857
3155,118_01070,118,1070,3,APC,2,RBBB,0,N,0.97063893,0.97063893,0.0061186347,0.00016474852,0.0128319375,0.0018519579,0.00069971825,0.00027395925,0.0074201203
3156,118_01071,118,1071,2,RBBB,3,APC,0,N,0.94840235,0.94840235,0.014310106,0.00027272716,0.020911146,0.0017729888,0.00084028713,0.00043281488,0.013057507
3157,118_01072,118,1072,2,RBBB,2,RBBB,0,N,0.9534693,0.9534693,0.012716033,0.00022689953,0.019038506,0.0018094459,0.0007482942,0.0003905974,0.011601091
3158,118_01073,118,1073,2,RBBB,2,RBBB,0,N,0.9383344,0.9383344,0.017133566,0.00032914375,0.023519581,0.0018601476,0.00083197013,0.0005342546,0.017456891
3159,118_01074,118,1074,2,RBBB,2,RBBB,0,N,0.9739948,0.9739948,0.0057275784,0.00015035958,0.011495878,0.001875384,0.00073993206,0.00024567504,0.005770337
3160,118_01075,118,1075,3,APC,2,RBBB,0,N,0.9642516,0.9642516,0.009377666,0.00017041368,0.01520313,0.0018249525,0.00068703573,0.000302165,0.008183036
3161,118_01076,118,1076,2,RBBB,3,APC,0,N,0.9019421,0.9019421,0.028888937,0.0005402112,0.036261644,0.0016961735,0.00097335444,0.00073010114,0.028967611
3162,118_01077,118,1077,2,RBBB,2,RBBB,0,N,0.9159425,0.9159425,0.025362646,0.00040173664,0.031860337,0.0017517975,0.00080078596,0.0006200168,0.023260193
3163,118_01078,118,1078,2,RBBB,2,RBBB,0,N,0.8956729,0.8956729,0.024221292,0.0007568077,0.03559319,0.0017905635,0.0011316595,0.00096997235,0.03986369
3164,118_01079,118,1079,2,RBBB,2,RBBB,0,N,0.97344315,0.97344315,0.0050522345,0.00016134996,0.011761028,0.00182356,0.0007355678,0.00025565026,0.006767456
3165,118_01080,118,1080,2,RBBB,2,RBBB,0,N,0.9720223,0.9720223,0.005677531,0.00016643881,0.012375869,0.0018069906,0.00076408964,0.0002636554,0.006923066
3166,118_01081,118,1081,2,RBBB,2,RBBB,0,N,0.9673832,0.9673832,0.0061661503,0.00018959779,0.013970942,0.0018126806,0.0007097286,0.00030798453,0.009459659
3167,118_01082,118,1082,2,RBBB,2,RBBB,0,N,0.9734322,0.9734322,0.004996181,0.00016475123,0.011786401,0.0018038463,0.0007633757,0.0002563544,0.0067969803
3168,118_01083,118,1083,2,RBBB,2,RBBB,0,N,0.9713268,0.9713268,0.006204178,0.00015982354,0.01250108,0.0018907532,0.0006951372,0.00026904087,0.006953182
3169,118_01084,118,1084,3,APC,2,RBBB,0,N,0.9711433,0.9711433,0.0067662406,0.00015362853,0.012551208,0.0019029608,0.00068041886,0.00026426115,0.006537942
3170,118_01085,118,1085,2,RBBB,3,APC,0,N,0.93836576,0.93836576,0.021807836,0.000281109,0.02384603,0.0019441061,0.000836432,0.00047795734,0.0124406945
3171,118_01086,118,1086,2,RBBB,2,RBBB,0,N,0.92509,0.92509,0.031258523,0.0002721756,0.027272627,0.0020549116,0.00080160593,0.000509182,0.0127409
3172,118_01087,118,1087,2,RBBB,2,RBBB,0,N,0.8653426,0.8653426,0.036993533,0.0009856962,0.043605853,0.0018107765,0.0013008226,0.001149237,0.048811447
3173,118_01088,118,1088,2,RBBB,2,RBBB,0,N,0.9675477,0.9675477,0.0065154103,0.00018896605,0.013978557,0.0018267918,0.00074460066,0.0003048808,0.008893114
3174,118_01089,118,1089,2,RBBB,2,RBBB,0,N,0.95286095,0.95286095,0.0111817755,0.00025769946,0.01902389,0.0018075355,0.0007205647,0.00042675334,0.013720778
3175,118_01090,118,1090,2,RBBB,2,RBBB,0,N,0.96547556,0.96547556,0.009980423,0.000160186,0.014520843,0.0019130923,0.00068187393,0.00029121767,0.0069768373
3176,118_01091,118,1091,2,RBBB,2,RBBB,0,N,0.9642477,0.9642477,0.0105520515,0.00017937082,0.01511219,0.0018989871,0.0007764246,0.00030622137,0.006926932
3177,118_01092,118,1092,2,RBBB,2,RBBB,0,N,0.9700624,0.9700624,0.008730132,0.00014093044,0.01288812,0.0018570604,0.00071955967,0.0002467768,0.005354999
3178,118_01093,118,1093,2,RBBB,2,RBBB,0,N,0.9623629,0.9623629,0.009212535,0.00019779611,0.015752314,0.0018328896,0.00070936535,0.00033847368,0.009593801
3179,118_01094,118,1094,2,RBBB,2,RBBB,0,N,0.9711196,0.9711196,0.006814712,0.00016223628,0.012637119,0.0018718756,0.0007596088,0.00026694112,0.0063679074
3180,118_01095,118,1095,2,RBBB,2,RBBB,0,N,0.9669424,0.9669424,0.006464915,0.0001945777,0.014221119,0.0017936189,0.00073669176,0.0003097221,0.009336938
3181,118_01096,118,1096,2,RBBB,2,RBBB,0,N,0.9704115,0.9704115,0.0069917412,0.00016701789,0.013008805,0.0018135768,0.00077224494,0.0002695086,0.0065656593
3182,118_01097,118,1097,2,RBBB,2,RBBB,0,N,0.9661572,0.9661572,0.009274126,0.0001662909,0.014444767,0.0018470777,0.00070274714,0.0002894611,0.0071183154
3183,118_01098,118,1098,2,RBBB,2,RBBB,0,N,0.9693346,0.9693346,0.007692744,0.00015938094,0.013228797,0.0019035712,0.00069720304,0.00027548772,0.0067083836
3184,118_01099,118,1099,2,RBBB,2,RBBB,0,N,0.97254425,0.97254425,0.006952167,0.00014346196,0.011966629,0.0019002362,0.00071111775,0.00024548566,0.005536657
3185,118_01100,118,1100,3,APC,2,RBBB,0,N,0.9705395,0.9705395,0.006591227,0.00016494811,0.012797329,0.0019034225,0.0006982002,0.00027735482,0.0070280274
3186,118_01101,118,1101,2,RBBB,3,APC,0,N,0.91698873,0.91698873,0.026065279,0.00051719346,0.03151283,0.0018644062,0.0011550304,0.00069934275,0.021197157
3187,118_01102,118,1102,2,RBBB,2,RBBB,0,N,0.88521147,0.88521147,0.048394114,0.0005296185,0.040454276,0.0021398135,0.0011050816,0.00079753716,0.021368079
3188,118_01103,118,1103,2,RBBB,2,RBBB,0,N,0.86406213,0.86406213,0.03956985,0.001158506,0.044347778,0.0019127021,0.00159712,0.0012427842,0.046109114
3189,118_01104,118,1104,2,RBBB,2,RBBB,0,N,0.9686114,0.9686114,0.008390066,0.00015616984,0.013657708,0.0018170775,0.0007415907,0.0002670316,0.0063589336
3190,118_01105,118,1105,2,RBBB,2,RBBB,0,N,0.96399343,0.96399343,0.009373116,0.00017614731,0.015336196,0.0018035368,0.0006972085,0.0003067318,0.008313698
3191,118_01106,118,1106,2,RBBB,2,RBBB,0,N,0.9629657,0.9629657,0.011192244,0.00016306437,0.015616283,0.0018412046,0.000692092,0.00029515685,0.0072342404
3192,118_01107,118,1107,2,RBBB,2,RBBB,0,N,0.96538043,0.96538043,0.009894639,0.00016089434,0.014780006,0.0018287974,0.0007089364,0.00028379247,0.006962565
3193,118_01108,118,1108,2,RBBB,2,RBBB,0,N,0.96377486,0.96377486,0.010673179,0.00016092452,0.015353086,0.001821065,0.0006904792,0.00028977465,0.0072366158
3194,118_01109,118,1109,2,RBBB,2,RBBB,0,N,0.96683323,0.96683323,0.007846024,0.00016730696,0.014234579,0.0018264685,0.00066266867,0.00029295404,0.00813665
3195,118_01110,118,1110,2,RBBB,2,RBBB,0,N,0.965858,0.965858,0.008504455,0.00016792843,0.014509744,0.0018570053,0.0006596961,0.00029995124,0.008143215
3196,118_01111,118,1111,2,RBBB,2,RBBB,0,N,0.96537536,0.96537536,0.0077872793,0.00017712975,0.014610705,0.0018581513,0.00064348377,0.00031505173,0.009232916
3197,118_01112,118,1112,2,RBBB,2,RBBB,0,N,0.9664079,0.9664079,0.00845649,0.00016275264,0.014213332,0.0018921265,0.00063933706,0.00029695607,0.007931118
3198,118_01113,118,1113,2,RBBB,2,RBBB,0,N,0.96470547,0.96470547,0.0093413815,0.00016840236,0.014829353,0.0018835032,0.0006499108,0.00030770927,0.008114366
3199,118_01114,118,1114,2,RBBB,2,RBBB,0,N,0.96749437,0.96749437,0.0082280515,0.00015598573,0.01383252,0.0019034131,0.00063628436,0.00028550965,0.007463885
3200,118_01115,118,1115,2,RBBB,2,RBBB,0,N,0.96729773,0.96729773,0.010141433,0.00014047655,0.01375909,0.0018944106,0.00066806714,0.00025867473,0.0058401255
3201,118_01116,118,1116,2,RBBB,2,RBBB,0,N,0.9616255,0.9616255,0.012062935,0.0001550827,0.015812539,0.0018833072,0.00062546926,0.00029924948,0.0075358697
3202,118_01117,118,1117,2,RBBB,2,RBBB,0,N,0.9633211,0.9633211,0.01132238,0.00015513822,0.015369651,0.0018500949,0.0006737406,0.00028708045,0.007020799
3203,118_01118,118,1118,2,RBBB,2,RBBB,0,N,0.95708954,0.95708954,0.013182573,0.00017950255,0.017625598,0.0018424339,0.00066309783,0.0003374595,0.009079875
3204,118_01119,118,1119,3,APC,2,RBBB,0,N,0.9635048,0.9635048,0.010126224,0.00016434217,0.015340919,0.0018294825,0.00064216956,0.0003021548,0.008089927
3205,118_01120,118,1120,2,RBBB,3,APC,0,N,0.87394565,0.87394565,0.060596224,0.0004385647,0.041703545,0.0021955522,0.0009476092,0.00073697296,0.019435849
3206,118_01121,118,1121,2,RBBB,2,RBBB,0,N,0.9095294,0.9095294,0.03884198,0.00029974864,0.032070637,0.0020659436,0.0007515728,0.0005680803,0.015872642
3207,118_01122,118,1122,2,RBBB,2,RBBB,0,N,0.86941695,0.86941695,0.04791577,0.0007095402,0.043208875,0.0020247125,0.0011223446,0.0010114091,0.034590438
3208,118_01123,118,1123,2,RBBB,2,RBBB,0,N,0.9671581,0.9671581,0.008434439,0.00016155811,0.013917045,0.0018829526,0.00064506754,0.00029009028,0.007510722
3209,118_01124,118,1124,2,RBBB,2,RBBB,0,N,0.9648051,0.9648051,0.008556972,0.00017071978,0.014717435,0.0018920355,0.00061364094,0.00031703964,0.008926967
3210,118_01125,118,1125,2,RBBB,2,RBBB,0,N,0.9695605,0.9695605,0.0067146393,0.00015736769,0.01312414,0.0018932241,0.0006461915,0.00027869424,0.007625209
3211,118_01126,118,1126,2,RBBB,2,RBBB,0,N,0.97008055,0.97008055,0.0061623533,0.00016224038,0.012936837,0.0018567126,0.00064528023,0.00027899165,0.007876885
3212,118_01127,118,1127,2,RBBB,2,RBBB,0,N,0.96298337,0.96298337,0.0089119,0.00018988586,0.015536753,0.0018331298,0.00068526104,0.00033036215,0.009529295
3213,118_01128,118,1128,2,RBBB,2,RBBB,0,N,0.96268386,0.96268386,0.00951152,0.00019531518,0.015804125,0.0018061764,0.00074445474,0.0003268438,0.008927588
3214,118_01129,118,1129,2,RBBB,2,RBBB,0,N,0.9540002,0.9540002,0.010879396,0.00023304884,0.018552989,0.0017827965,0.0007044899,0.0004014901,0.01344558
3215,118_01130,118,1130,2,RBBB,2,RBBB,0,N,0.9658601,0.9658601,0.008656646,0.00017507972,0.01459343,0.0018381624,0.0007196316,0.0002991634,0.007857702
3216,118_01131,118,1131,2,RBBB,2,RBBB,0,N,0.96241117,0.96241117,0.009671445,0.00018173458,0.015607186,0.0018724899,0.000636952,0.0003328401,0.009286154
3217,118_01132,118,1132,2,RBBB,2,RBBB,0,N,0.97040445,0.97040445,0.007736912,0.00014871964,0.012855175,0.0018634589,0.00070880447,0.000256663,0.0060256682
3218,118_01133,118,1133,2,RBBB,2,RBBB,0,N,0.9665326,0.9665326,0.008273028,0.0001661811,0.014284064,0.0018609652,0.00066231535,0.0002954815,0.0079253465
3219,118_01134,118,1134,2,RBBB,2,RBBB,0,N,0.962299,0.962299,0.0108290855,0.00016136974,0.015712673,0.0018451249,0.0006145556,0.00030609514,0.00823227
3220,118_01135,118,1135,2,RBBB,2,RBBB,0,N,0.96437514,0.96437514,0.010406503,0.0001512673,0.0150551535,0.0018251151,0.0006434654,0.00028196519,0.007261409
3221,118_01136,118,1136,2,RBBB,2,RBBB,0,N,0.9643524,0.9643524,0.009143799,0.00016125085,0.015068057,0.0018154515,0.0006139218,0.00029992466,0.0085451715
3222,118_01137,118,1137,2,RBBB,2,RBBB,0,N,0.96517533,0.96517533,0.0087659145,0.00016490414,0.014738332,0.0018466654,0.0006366258,0.00030083032,0.008371358
3223,118_01138,118,1138,2,RBBB,2,RBBB,0,N,0.9598734,0.9598734,0.010117141,0.00018763856,0.016503828,0.0018568621,0.00060654344,0.0003518183,0.010502769
3224,118_01139,118,1139,2,RBBB,2,RBBB,0,N,0.9664438,0.9664438,0.008200302,0.00016612606,0.014373983,0.0018563232,0.00067181676,0.00029459482,0.007993108
3225,118_01140,118,1140,2,RBBB,2,RBBB,0,N,0.9641385,0.9641385,0.009018134,0.00017404929,0.015137067,0.0018354206,0.0006543779,0.00031245322,0.008730137
3226,118_01141,118,1141,2,RBBB,2,RBBB,0,N,0.96413076,0.96413076,0.009179608,0.00016844286,0.015074919,0.0018482327,0.0006206617,0.00031125013,0.008666189
3227,118_01142,118,1142,2,RBBB,2,RBBB,0,N,0.9650661,0.9650661,0.009930216,0.00015841871,0.014702188,0.0018663814,0.0006554699,0.00029039817,0.0073307985
3228,118_01143,118,1143,2,RBBB,2,RBBB,0,N,0.9638428,0.9638428,0.010379698,0.00015822878,0.0150534175,0.0018966035,0.00062711595,0.00029965502,0.007742268
3229,118_01144,118,1144,2,RBBB,2,RBBB,0,N,0.9622663,0.9622663,0.011594716,0.00015852928,0.015577323,0.0019000778,0.00063956983,0.00030202785,0.007561354
3230,118_01145,118,1145,2,RBBB,2,RBBB,0,N,0.96503294,0.96503294,0.01010308,0.0001539021,0.014676201,0.0018887382,0.00064659154,0.00028748365,0.0072109974
3231,118_01146,118,1146,2,RBBB,2,RBBB,0,N,0.9685507,0.9685507,0.007872721,0.00015451394,0.013496612,0.0019015737,0.000663362,0.00027672734,0.0070837536
3232,118_01147,118,1147,2,RBBB,2,RBBB,0,N,0.96217537,0.96217537,0.011055891,0.00016307618,0.015683133,0.0018789136,0.0006279522,0.0003093937,0.00810625
3233,118_01148,118,1148,2,RBBB,2,RBBB,0,N,0.9683299,0.9683299,0.007845899,0.00015774727,0.013537624,0.0019145223,0.0006565918,0.00028303318,0.0072746845
3234,118_01149,118,1149,2,RBBB,2,RBBB,0,N,0.96915245,0.96915245,0.006765303,0.00017609302,0.013459449,0.0018224427,0.0007543977,0.00028474678,0.0075852065
3235,118_01150,118,1150,2,RBBB,2,RBBB,0,N,0.97141063,0.97141063,0.0053536682,0.00016553176,0.012398514,0.001881198,0.0006909864,0.00027576648,0.007823606
3236,118_01151,118,1151,2,RBBB,2,RBBB,0,N,0.9699489,0.9699489,0.0062622544,0.00017017401,0.01301771,0.001881887,0.00071599556,0.00028349072,0.0077196225
3237,118_01152,118,1152,2,RBBB,2,RBBB,0,N,0.973183,0.973183,0.0066710184,0.00013231866,0.011788559,0.0018737306,0.00067247864,0.00023349005,0.0054454543
3238,118_01153,118,1153,2,RBBB,2,RBBB,0,N,0.9689476,0.9689476,0.008650602,0.00013660155,0.0134014385,0.001841173,0.00064253877,0.00025070895,0.006129245
3239,118_01154,118,1154,2,RBBB,2,RBBB,0,N,0.97016436,0.97016436,0.0075177974,0.0001450779,0.013045037,0.0018275636,0.00067325216,0.00025467668,0.006372327
3240,118_01155,118,1155,3,APC,2,RBBB,0,N,0.96948266,0.96948266,0.00708722,0.00015207875,0.013249184,0.001861552,0.0006561934,0.0002696574,0.0072414256
3241,118_01156,118,1156,2,RBBB,3,APC,0,N,0.91052926,0.91052926,0.035302162,0.00035566124,0.032066405,0.002060897,0.000800668,0.00062653294,0.018258441
3242,118_01157,118,1157,2,RBBB,2,RBBB,0,N,0.8759438,0.8759438,0.06352857,0.00034013164,0.039813213,0.002236838,0.0008217402,0.0006543329,0.016661465
3243,118_01158,118,1158,2,RBBB,2,RBBB,0,N,0.8644561,0.8644561,0.056880713,0.00055912277,0.044135194,0.002076797,0.00097101735,0.000899383,0.030021677
3244,118_01159,118,1159,2,RBBB,2,RBBB,0,N,0.9588503,0.9588503,0.01336026,0.00016056187,0.016776942,0.0018482119,0.00061552535,0.00031090697,0.008077301
3245,118_01160,118,1160,2,RBBB,2,RBBB,0,N,0.9526361,0.9526361,0.015586227,0.00017466402,0.018790249,0.0018749905,0.0005721796,0.00035249806,0.010012994
3246,118_01161,118,1161,2,RBBB,2,RBBB,0,N,0.9664667,0.9664667,0.00798881,0.00016169564,0.014314038,0.0018340717,0.0006226398,0.0002937212,0.008318272
3247,118_01162,118,1162,2,RBBB,2,RBBB,0,N,0.9596639,0.9596639,0.011451979,0.00017007616,0.016641656,0.0018186002,0.00059805013,0.00032602582,0.00932969
3248,118_01163,118,1163,2,RBBB,2,RBBB,0,N,0.9606087,0.9606087,0.0096928,0.0001858507,0.016401276,0.0017737389,0.00062926527,0.00033606534,0.010372332
3249,118_01164,118,1164,2,RBBB,2,RBBB,0,N,0.9642819,0.9642819,0.008996105,0.00016635876,0.0150973685,0.0018115771,0.00061920995,0.00030543425,0.008721981
3250,118_01165,118,1165,2,RBBB,2,RBBB,0,N,0.9586648,0.9586648,0.011749929,0.00017340445,0.016875727,0.0018744137,0.0005877699,0.0003396362,0.009734258
3251,118_01166,118,1166,2,RBBB,2,RBBB,0,N,0.965563,0.965563,0.008256701,0.00016282884,0.014485151,0.0018879931,0.00060274696,0.00030577817,0.008735963
3252,118_01167,118,1167,2,RBBB,2,RBBB,0,N,0.959298,0.959298,0.012135936,0.00016192299,0.016716331,0.001847743,0.0005928339,0.00031924006,0.008928024
3253,118_01168,118,1168,2,RBBB,2,RBBB,0,N,0.96251065,0.96251065,0.010571312,0.00015375903,0.015646469,0.0018347627,0.00058858725,0.00029946293,0.008394939
3254,118_01169,118,1169,2,RBBB,2,RBBB,0,N,0.9611468,0.9611468,0.012503569,0.0001550191,0.01615131,0.0018220122,0.0006470745,0.0002917731,0.0072825532
3255,118_01170,118,1170,2,RBBB,2,RBBB,0,N,0.9681833,0.9681833,0.008781125,0.00014059308,0.013714039,0.0018133485,0.000636222,0.00025664567,0.0064747147
3256,118_01171,118,1171,2,RBBB,2,RBBB,0,N,0.96378005,0.96378005,0.011468706,0.00014461209,0.01513019,0.0018312726,0.00063172396,0.00027409857,0.006739411
3257,118_01172,118,1172,2,RBBB,2,RBBB,0,N,0.967551,0.967551,0.00898446,0.00013883763,0.013890776,0.0018170635,0.00060006033,0.00026099547,0.0067568654
3258,118_01173,118,1173,2,RBBB,2,RBBB,0,N,0.9703505,0.9703505,0.0070998077,0.0001433765,0.012920416,0.0018410451,0.00062847143,0.00025693452,0.0067595113
3259,118_01174,118,1174,2,RBBB,2,RBBB,0,N,0.96541744,0.96541744,0.008003912,0.00016436169,0.014627871,0.0018339745,0.00059954735,0.00030456253,0.009048312
3260,118_01175,118,1175,2,RBBB,2,RBBB,0,N,0.9648094,0.9648094,0.008725288,0.00016099635,0.014782743,0.0018400525,0.00057745475,0.00030511527,0.008799002
3261,118_01176,118,1176,2,RBBB,2,RBBB,0,N,0.9700462,0.9700462,0.0071308124,0.00014671963,0.01300474,0.0018539911,0.00062883185,0.00026279592,0.00692589
3262,118_01177,118,1177,2,RBBB,2,RBBB,0,N,0.96143305,0.96143305,0.012070525,0.00014727814,0.01590629,0.0018503594,0.00058322115,0.00029317004,0.0077160685
3263,118_01178,118,1178,2,RBBB,2,RBBB,0,N,0.963913,0.963913,0.009974083,0.00015610855,0.015215573,0.0018205586,0.0006114427,0.00029370515,0.008015489
3264,118_01179,118,1179,2,RBBB,2,RBBB,0,N,0.9663581,0.9663581,0.009698331,0.00014471999,0.014259139,0.0018470339,0.00062646135,0.00027083707,0.0067953216
3265,118_01180,118,1180,2,RBBB,2,RBBB,0,N,0.96711904,0.96711904,0.0076404717,0.00016114139,0.014029651,0.0018690597,0.00062365504,0.00029331713,0.008263624
3266,118_01181,118,1181,2,RBBB,2,RBBB,0,N,0.9698349,0.9698349,0.0070106527,0.00015062811,0.013071269,0.0018596125,0.0006335738,0.00026825463,0.007171049
3267,118_01182,118,1182,2,RBBB,2,RBBB,0,N,0.95893306,0.95893306,0.011997378,0.0001636738,0.016842933,0.0018456798,0.00058098056,0.0003245127,0.00931174
3268,118_01183,118,1183,2,RBBB,2,RBBB,0,N,0.9651821,0.9651821,0.009751847,0.00015302938,0.014645617,0.001845402,0.0006143021,0.00028648388,0.007521263
3269,118_01184,118,1184,2,RBBB,2,RBBB,0,N,0.96322393,0.96322393,0.010591635,0.00015830463,0.01535813,0.0018520398,0.0006182144,0.00029946346,0.007898262
3270,118_01185,118,1185,2,RBBB,2,RBBB,0,N,0.96821845,0.96821845,0.007939386,0.00014880623,0.013684448,0.0018438785,0.0006284999,0.00027118408,0.0072653405
3271,118_01186,118,1186,2,RBBB,2,RBBB,0,N,0.9668423,0.9668423,0.010734253,0.0001313553,0.01381944,0.0018775796,0.000611038,0.0002518504,0.0057322443
3272,118_01187,118,1187,3,APC,2,RBBB,0,N,0.9691357,0.9691357,0.010899169,0.00011294978,0.012802611,0.0018683883,0.00062763016,0.00021725801,0.0043362975
3273,118_01188,118,1188,2,RBBB,3,APC,0,N,0.93139887,0.93139887,0.0348207,0.0001956242,0.02362563,0.0020753003,0.00088202703,0.00037092002,0.006630937
3274,118_01189,118,1189,2,RBBB,2,RBBB,0,N,0.94832873,0.94832873,0.021055268,0.00018206616,0.020217003,0.0019059236,0.00080401864,0.0003374909,0.0071694655
3275,118_01190,118,1190,2,RBBB,2,RBBB,0,N,0.93364173,0.93364173,0.017166331,0.0004388748,0.025158048,0.0018238659,0.0010496239,0.0006216589,0.020099852
3276,118_01191,118,1191,2,RBBB,2,RBBB,0,N,0.97720164,0.97720164,0.004388806,0.0001453627,0.010223298,0.001809769,0.0007610733,0.00022435834,0.005245664
3277,118_01192,118,1192,2,RBBB,2,RBBB,0,N,0.9796174,0.9796174,0.002838098,0.00015375958,0.009115003,0.0017348854,0.0008364991,0.00021735168,0.005486973
3278,118_01193,118,1193,2,RBBB,2,RBBB,0,N,0.9771404,0.9771404,0.0033603236,0.0001729823,0.009950306,0.0018582777,0.0008094936,0.00024950368,0.0064586545
3279,118_01194,118,1194,2,RBBB,2,RBBB,0,N,0.97423434,0.97423434,0.004488109,0.00016279497,0.011338868,0.0018374993,0.0007123889,0.00025569682,0.006970212
3280,118_01195,118,1195,2,RBBB,2,RBBB,0,N,0.9768221,0.9768221,0.0050149383,0.00014234516,0.010312182,0.0018835965,0.0007707085,0.00022630735,0.004827805
3281,118_01196,118,1196,2,RBBB,2,RBBB,0,N,0.97103894,0.97103894,0.006148323,0.00017248775,0.012705285,0.0018396886,0.0007631452,0.00027425177,0.007057869
3282,118_01197,118,1197,2,RBBB,2,RBBB,0,N,0.97376364,0.97376364,0.005202373,0.00016753649,0.011608074,0.0018377417,0.0008000849,0.00025773258,0.006362763
3283,118_01198,118,1198,2,RBBB,2,RBBB,0,N,0.9722187,0.9722187,0.0046327314,0.00017866887,0.012088303,0.0018162318,0.00073597627,0.000275512,0.008053882
3284,118_01199,118,1199,3,APC,2,RBBB,0,N,0.97354263,0.97354263,0.006187222,0.00014238665,0.011740472,0.0018353395,0.0007157163,0.00023895816,0.00559729
3285,118_01200,118,1200,2,RBBB,3,APC,0,N,0.9511599,0.9511599,0.012327631,0.0002586603,0.019997653,0.0017305973,0.0007765136,0.0004143041,0.013334758
3286,118_01201,118,1201,2,RBBB,2,RBBB,0,N,0.95084053,0.95084053,0.01787599,0.0001791831,0.019544125,0.0018857359,0.0006845326,0.00034666748,0.008643147
3287,118_01202,118,1202,2,RBBB,2,RBBB,0,N,0.94468117,0.94468117,0.0171164,0.00026674417,0.02125756,0.0019714322,0.0007669974,0.00047397678,0.013465653
3288,118_01203,118,1203,2,RBBB,2,RBBB,0,N,0.97668964,0.97668964,0.0056195543,0.00011818688,0.010341583,0.0018691822,0.0006537624,0.00020694331,0.004501113
3289,118_01204,118,1204,2,RBBB,2,RBBB,0,N,0.97430646,0.97430646,0.0061724754,0.00012971445,0.01137243,0.0018595142,0.0006625574,0.00022694106,0.005269972
3290,118_01205,118,1205,2,RBBB,2,RBBB,0,N,0.97194797,0.97194797,0.005851054,0.0001538717,0.012339655,0.0018291835,0.00066061004,0.00025860217,0.006959068
3291,118_01206,118,1206,2,RBBB,2,RBBB,0,N,0.9753726,0.9753726,0.004595761,0.00015093731,0.011017039,0.0017924395,0.0007292531,0.00023737055,0.0061046337
3292,118_01207,118,1207,3,APC,2,RBBB,0,N,0.9706378,0.9706378,0.00516006,0.00018064993,0.012789412,0.0017640168,0.0007064527,0.00028147173,0.008480121
3293,118_01208,118,1208,2,RBBB,3,APC,0,N,0.9485776,0.9485776,0.010353573,0.00030807275,0.020602647,0.0016575077,0.0008065,0.0004587511,0.017235443
3294,118_01209,118,1209,2,RBBB,2,RBBB,0,N,0.9523167,0.9523167,0.009657018,0.0002718248,0.019361177,0.0016731482,0.00076826074,0.0004232807,0.015528547
3295,118_01210,118,1210,2,RBBB,2,RBBB,0,N,0.9303827,0.9303827,0.018106198,0.0003796953,0.026374571,0.0017690195,0.0008124904,0.0005833688,0.021591906
3296,118_01211,118,1211,2,RBBB,2,RBBB,0,N,0.9747151,0.9747151,0.0053763413,0.00014485088,0.01131638,0.0018113661,0.0007404863,0.00023494451,0.0056604515
3297,118_01212,118,1212,2,RBBB,2,RBBB,0,N,0.9730921,0.9730921,0.0062342305,0.00015309513,0.011982925,0.0017911075,0.0007583158,0.0002454635,0.0057427105
3298,118_01213,118,1213,2,RBBB,2,RBBB,0,N,0.97851104,0.97851104,0.004422144,0.00013712763,0.009693484,0.001807076,0.0008206574,0.00021036096,0.004397995
3299,118_01214,118,1214,2,RBBB,2,RBBB,0,N,0.97161734,0.97161734,0.0062384987,0.00016910418,0.0124305645,0.001858553,0.00075174303,0.00026952664,0.0066647343
3300,118_01215,118,1215,2,RBBB,2,RBBB,0,N,0.9691109,0.9691109,0.008090976,0.00015972817,0.013458083,0.0018245158,0.00074696034,0.0002683329,0.00634054
3301,118_01216,118,1216,2,RBBB,2,RBBB,0,N,0.9676851,0.9676851,0.00941931,0.00014524734,0.013933369,0.0018055725,0.0007083338,0.00025791672,0.00604512
3302,118_01217,118,1217,2,RBBB,2,RBBB,0,N,0.9662283,0.9662283,0.009647326,0.0001593708,0.014548249,0.0018009116,0.00072259875,0.00027574121,0.0066173854
3303,118_01218,118,1218,2,RBBB,2,RBBB,0,N,0.97013754,0.97013754,0.007918624,0.00015711859,0.013014656,0.001834099,0.0007587994,0.0002615632,0.005917688
3304,118_01219,118,1219,2,RBBB,2,RBBB,0,N,0.9677775,0.9677775,0.0074765077,0.00016486108,0.013821994,0.0018828437,0.0006682888,0.00029066997,0.007917442
3305,118_01220,118,1220,2,RBBB,2,RBBB,0,N,0.969823,0.969823,0.008308878,0.00013945939,0.013029241,0.0018574788,0.0006605187,0.0002503687,0.0059311176
3306,118_01221,118,1221,2,RBBB,2,RBBB,0,N,0.9797161,0.9797161,0.0041769217,0.000108052285,0.009151509,0.0018343548,0.00061578053,0.00018750574,0.0042098262
3307,118_01222,118,1222,2,RBBB,2,RBBB,0,N,0.9754895,0.9754895,0.0070122737,0.000109750676,0.010779031,0.0018050842,0.0006706292,0.00019620986,0.0039375387
3308,118_01223,118,1223,2,RBBB,2,RBBB,0,N,0.9751571,0.9751571,0.006259972,0.00012366349,0.011008445,0.0018474291,0.0006609638,0.00021564026,0.004726857
3309,118_01224,118,1224,2,RBBB,2,RBBB,0,N,0.9694388,0.9694388,0.009127571,0.00013997965,0.01316272,0.0018161183,0.0007218503,0.00024534273,0.0053475797
3310,118_01225,118,1225,2,RBBB,2,RBBB,0,N,0.96873987,0.96873987,0.007476805,0.0001662326,0.013597192,0.0018365656,0.0007209716,0.0002795426,0.0071828444
3311,118_01226,118,1226,2,RBBB,2,RBBB,0,N,0.96478134,0.96478134,0.008450735,0.00018499992,0.014975187,0.0018186916,0.0007032914,0.00031448097,0.008771232
3312,118_01227,118,1227,3,APC,2,RBBB,0,N,0.9709439,0.9709439,0.006987623,0.00014907504,0.0127037205,0.0018692324,0.00069119997,0.0002582902,0.0063969917
3313,118_01228,118,1228,2,RBBB,3,APC,0,N,0.95110315,0.95110315,0.011586757,0.00025523792,0.019917443,0.0016964765,0.000757103,0.0004133303,0.014270493
3314,118_01229,118,1229,2,RBBB,2,RBBB,0,N,0.96423775,0.96423775,0.009519367,0.00016609544,0.015358609,0.001805209,0.0006929999,0.00029550897,0.007924406
3315,118_01230,118,1230,2,RBBB,2,RBBB,0,N,0.9536287,0.9536287,0.007691618,0.00030660044,0.018470926,0.001671317,0.0008830021,0.0004390607,0.016908769
3316,118_01231,118,1231,2,RBBB,2,RBBB,0,N,0.9823828,0.9823828,0.0033511806,0.00010570693,0.008048895,0.0017848477,0.0007127791,0.00017152987,0.0034422416
3317,118_01232,118,1232,2,RBBB,2,RBBB,0,N,0.9767548,0.9767548,0.00313703,0.00015503063,0.010308119,0.0016739914,0.00072782935,0.00022961914,0.007013602
3318,118_01233,118,1233,2,RBBB,2,RBBB,0,N,0.9756114,0.9756114,0.004250181,0.00013871206,0.010775788,0.0018559875,0.00061401987,0.00023613611,0.006517814
3319,118_01234,118,1234,2,RBBB,2,RBBB,0,N,0.97333586,0.97333586,0.0054164897,0.00014981501,0.011766614,0.0018655397,0.0006671561,0.00025117063,0.0065474743
3320,118_01235,118,1235,2,RBBB,2,RBBB,0,N,0.9785654,0.9785654,0.005037823,0.00011653312,0.009586064,0.0018618148,0.0007076856,0.00019636807,0.0039282213
3321,118_01236,118,1236,2,RBBB,2,RBBB,0,N,0.9751997,0.9751997,0.006214408,0.00013399574,0.011058314,0.0018121395,0.0007738718,0.0002203533,0.004587173
3322,118_01237,118,1237,2,RBBB,2,RBBB,0,N,0.96875346,0.96875346,0.005694098,0.00018733677,0.013557036,0.0017762562,0.00075791334,0.0002940214,0.008979872
3323,118_01238,118,1238,2,RBBB,2,RBBB,0,N,0.9693503,0.9693503,0.006932888,0.00016922849,0.013293854,0.0018443719,0.00071206223,0.00028124076,0.0074161016
3324,118_01239,118,1239,3,APC,2,RBBB,0,N,0.96476334,0.96476334,0.0096026,0.00015921389,0.014739039,0.0018747908,0.00062013563,0.00029777567,0.0079430705
3325,118_01240,118,1240,2,RBBB,3,APC,0,N,0.86736137,0.86736137,0.07804618,0.00032803405,0.03827514,0.0024731078,0.0009580944,0.00061989436,0.011938275
3326,118_01241,118,1241,2,RBBB,2,RBBB,0,N,0.892354,0.892354,0.05860077,0.00026250788,0.03381082,0.002263279,0.00082070136,0.00052873953,0.011359164
3327,118_01242,118,1242,2,RBBB,2,RBBB,0,N,0.8838737,0.8838737,0.04064545,0.0006534356,0.039072406,0.0020766873,0.001071225,0.0009649861,0.03164213
3328,118_01243,118,1243,2,RBBB,2,RBBB,0,N,0.9714604,0.9714604,0.0063961446,0.00016476189,0.0125707565,0.0018356334,0.0007514976,0.00026549093,0.006555338
3329,118_01244,118,1244,2,RBBB,2,RBBB,0,N,0.9698322,0.9698322,0.005001086,0.00019152947,0.01320407,0.0017136227,0.0007679357,0.00028690047,0.009002783
3330,118_01245,118,1245,2,RBBB,2,RBBB,0,N,0.9712087,0.9712087,0.005840819,0.00016413601,0.012802739,0.0017361839,0.00073405716,0.00026135377,0.0072520007
3331,118_01246,118,1246,2,RBBB,2,RBBB,0,N,0.97780144,0.97780144,0.004541842,0.00012415573,0.010097825,0.0017606905,0.00069611496,0.00020398886,0.004774011
3332,118_01247,118,1247,2,RBBB,2,RBBB,0,N,0.96689636,0.96689636,0.010471795,0.00012512783,0.013909769,0.0018487782,0.00057051965,0.00024735456,0.005930249
3333,118_01248,118,1248,2,RBBB,2,RBBB,0,N,0.9768164,0.9768164,0.0060583693,0.00010816496,0.010292579,0.0018309343,0.00062608515,0.00019422422,0.004073171
3334,118_01249,118,1249,2,RBBB,2,RBBB,0,N,0.9757214,0.9757214,0.005007632,0.0001356074,0.010779295,0.0018915087,0.00065225846,0.00023075167,0.005581513
3335,118_01250,118,1250,2,RBBB,2,RBBB,0,N,0.97316086,0.97316086,0.004375312,0.00017865315,0.011723055,0.0018212865,0.00075632613,0.00027075512,0.007713662
3336,118_01251,118,1251,2,RBBB,2,RBBB,0,N,0.9748487,0.9748487,0.0035556708,0.00019740337,0.0111066885,0.001708502,0.0009729302,0.00026559297,0.007344431
3337,118_01252,118,1252,2,RBBB,2,RBBB,0,N,0.9746571,0.9746571,0.004848193,0.00016043453,0.01145303,0.0017327715,0.00086355966,0.00024176054,0.0060432735
3338,118_01253,118,1253,2,RBBB,2,RBBB,0,N,0.9718334,0.9718334,0.0073627387,0.0001416082,0.012359299,0.0018397949,0.0007318973,0.00024260051,0.0054885107
3339,118_01254,118,1254,2,RBBB,2,RBBB,0,N,0.977693,0.977693,0.0054495125,0.00011707859,0.009962097,0.001833691,0.00070635445,0.00019823023,0.0040400513
3340,118_01255,118,1255,2,RBBB,2,RBBB,0,N,0.97250634,0.97250634,0.007527592,0.00012497997,0.011917788,0.0018948084,0.0006332303,0.00022879773,0.0051665776
3341,118_01256,118,1256,2,RBBB,2,RBBB,0,N,0.9749176,0.9749176,0.006110474,0.00012534698,0.011119779,0.0018602927,0.0006668829,0.00021993794,0.0049797217
3342,118_01257,118,1257,2,RBBB,2,RBBB,0,N,0.9744435,0.9744435,0.0067786076,0.00012279987,0.011305655,0.0018231748,0.00069866003,0.00021470133,0.004612872
3343,118_01258,118,1258,2,RBBB,2,RBBB,0,N,0.9744401,0.9744401,0.007501105,0.00011470295,0.0111791985,0.001812932,0.00067647157,0.00020405756,0.004071437
3344,118_01259,118,1259,2,RBBB,2,RBBB,0,N,0.9742665,0.9742665,0.0070833005,0.00012082602,0.011392664,0.0017886669,0.00069164217,0.00021090647,0.00444538
3345,118_01260,118,1260,2,RBBB,2,RBBB,0,N,0.9752865,0.9752865,0.00662266,0.00012155625,0.011014049,0.0017759828,0.00071582006,0.0002067716,0.004256489
3346,118_01261,118,1261,2,RBBB,2,RBBB,0,N,0.9654278,0.9654278,0.00957806,0.00015577787,0.014622275,0.0018231361,0.00062216684,0.0002862916,0.0074844626
3347,118_01262,118,1262,2,RBBB,2,RBBB,0,N,0.96718657,0.96718657,0.010131273,0.00013378178,0.013838494,0.0018530122,0.0006052905,0.00025458724,0.005997068
3348,118_01263,118,1263,2,RBBB,2,RBBB,0,N,0.9687076,0.9687076,0.008961999,0.00013426617,0.01333703,0.00186297,0.00059672404,0.00025350615,0.0061457846
3349,118_01264,118,1264,2,RBBB,2,RBBB,0,N,0.9733445,0.9733445,0.006203846,0.00013077175,0.011740737,0.0018737833,0.00061840337,0.00023503472,0.005853019
3350,118_01265,118,1265,3,APC,2,RBBB,0,N,0.9743139,0.9743139,0.00578817,0.00013860581,0.0113307405,0.0018846839,0.0006740072,0.00023677554,0.00563304
3351,118_01266,118,1266,2,RBBB,3,APC,0,N,0.93335927,0.93335927,0.021586271,0.000341476,0.025554258,0.0019596287,0.0008591741,0.0005544442,0.015785536
3352,118_01267,118,1267,2,RBBB,2,RBBB,0,N,0.8976473,0.8976473,0.0512063,0.0003288192,0.03366804,0.0023045202,0.00092767394,0.0006097322,0.013307739
3353,118_01268,118,1268,2,RBBB,2,RBBB,0,N,0.90563,0.90563,0.032952685,0.0006262586,0.03307825,0.002135945,0.0013315903,0.0008706671,0.023374574
3354,118_01269,118,1269,2,RBBB,2,RBBB,0,N,0.9708612,0.9708612,0.008500576,0.00014073585,0.012583758,0.001843092,0.0007519094,0.00024204551,0.005076691
3355,118_01270,118,1270,2,RBBB,2,RBBB,0,N,0.96800065,0.96800065,0.0086132465,0.00016040105,0.013768215,0.0018683495,0.00072389696,0.0002762507,0.00658902
3356,118_01271,118,1271,2,RBBB,2,RBBB,0,N,0.96160203,0.96160203,0.010720634,0.00018044212,0.015988369,0.0018720106,0.0006760661,0.00032765584,0.008632813
3357,118_01272,118,1272,2,RBBB,2,RBBB,0,N,0.9629561,0.9629561,0.011133866,0.00016837807,0.015502628,0.0018789745,0.00070933095,0.00030351843,0.0073472103
3358,118_01273,118,1273,2,RBBB,2,RBBB,0,N,0.9636428,0.9636428,0.010151297,0.0001726732,0.015203221,0.0018842581,0.00067677704,0.0003124779,0.007956442
3359,118_01274,118,1274,2,RBBB,2,RBBB,0,N,0.9695035,0.9695035,0.008785458,0.00014464749,0.013028689,0.0018868477,0.0007006035,0.00025504405,0.005695133
3360,118_01275,118,1275,2,RBBB,2,RBBB,0,N,0.9706842,0.9706842,0.0068507576,0.000146611,0.012608976,0.0019398562,0.00062473357,0.0002668128,0.006878053
3361,118_01276,118,1276,2,RBBB,2,RBBB,0,N,0.9762916,0.9762916,0.004945527,0.00013490449,0.01049817,0.0019084732,0.0006800547,0.00022770792,0.0053134924
3362,118_01277,118,1277,2,RBBB,2,RBBB,0,N,0.9723894,0.9723894,0.005508165,0.00016000813,0.012046168,0.0019023403,0.000700495,0.0002659933,0.0070273955
3363,118_01278,118,1278,2,RBBB,2,RBBB,0,N,0.96492594,0.96492594,0.008157266,0.0001779458,0.014764167,0.0018921641,0.0006589853,0.0003184497,0.009105053
3364,118_01279,118,1279,2,RBBB,2,RBBB,0,N,0.9674933,0.9674933,0.008395752,0.00015717343,0.013883921,0.0018840643,0.00065976393,0.00028247383,0.0072435536
3365,118_01280,118,1280,2,RBBB,2,RBBB,0,N,0.96938807,0.96938807,0.008288931,0.0001518254,0.013178019,0.0018835595,0.00070339296,0.00026364872,0.0061426573
3366,118_01281,118,1281,2,RBBB,2,RBBB,0,N,0.9717401,0.9717401,0.006935163,0.00014709138,0.012248092,0.0019257609,0.00067754625,0.00025555544,0.006070671
3367,118_01282,118,1282,2,RBBB,2,RBBB,0,N,0.9650937,0.9650937,0.009512345,0.00017632415,0.014702538,0.0018959615,0.0007150457,0.00030819647,0.007595814
3368,118_01283,118,1283,2,RBBB,2,RBBB,0,N,0.96823853,0.96823853,0.0074989614,0.00016748066,0.0135490615,0.0019255142,0.00067402085,0.00029337284,0.0076531465
3369,118_01284,118,1284,2,RBBB,2,RBBB,0,N,0.9608335,0.9608335,0.0099574,0.00018645632,0.016111262,0.0018861095,0.00064143434,0.00034546616,0.010038282
3370,118_01285,118,1285,2,RBBB,2,RBBB,0,N,0.96670043,0.96670043,0.009344706,0.00014781173,0.01405111,0.00189536,0.0006344872,0.00027620897,0.006949882
3371,118_01286,118,1286,2,RBBB,2,RBBB,0,N,0.9707973,0.9707973,0.007634983,0.00013299707,0.012641928,0.0018792663,0.0006201236,0.00024498627,0.0060483865
3372,118_01287,118,1287,2,RBBB,2,RBBB,0,N,0.97774637,0.97774637,0.005901954,0.000102256265,0.009870679,0.0018310186,0.0006455283,0.00018434657,0.0037179396
3373,118_01288,118,1288,2,RBBB,2,RBBB,0,N,0.97599566,0.97599566,0.0057801376,0.00011926486,0.010679339,0.0018486951,0.0006500159,0.00021010012,0.004716731
3374,118_01289,118,1289,2,RBBB,2,RBBB,0,N,0.9704853,0.9704853,0.0077238404,0.0001416816,0.012808848,0.0018631521,0.00065953546,0.00025103716,0.006066566
3375,118_01290,118,1290,2,RBBB,2,RBBB,0,N,0.97048604,0.97048604,0.005757215,0.00018269852,0.0129135605,0.0018082077,0.0007655425,0.000282894,0.0078037507
3376,118_01291,118,1291,2,RBBB,2,RBBB,0,N,0.9685095,0.9685095,0.0069668866,0.00017871281,0.0137212835,0.001810029,0.0007634426,0.00028805443,0.0077621494
3377,118_01292,118,1292,2,RBBB,2,RBBB,0,N,0.9668317,0.9668317,0.0063354475,0.00018991395,0.014233532,0.001784558,0.00071443,0.00030742434,0.00960299
3378,118_01293,118,1293,2,RBBB,2,RBBB,0,N,0.96866834,0.96866834,0.007980452,0.00015737918,0.013468624,0.0018911735,0.00068726775,0.00027576112,0.006871013
3379,118_01294,118,1294,2,RBBB,2,RBBB,0,N,0.96434337,0.96434337,0.008699023,0.00017831287,0.014974722,0.0018955574,0.0006674379,0.00031986096,0.00892169
3380,118_01295,118,1295,2,RBBB,2,RBBB,0,N,0.969096,0.969096,0.009258804,0.0001370816,0.013186908,0.001878939,0.000683952,0.00024808003,0.005510327
3381,118_01296,118,1296,2,RBBB,2,RBBB,0,N,0.96545404,0.96545404,0.0099675935,0.00016058086,0.0146938395,0.0018516114,0.0007124622,0.0002844745,0.006875344
3382,118_01297,118,1297,2,RBBB,2,RBBB,0,N,0.9695859,0.9695859,0.008143289,0.00015488987,0.013197582,0.0018491057,0.00074461167,0.0002632962,0.006061296
3383,118_01298,118,1298,2,RBBB,2,RBBB,0,N,0.967115,0.967115,0.00841365,0.00017029008,0.014220483,0.0018207129,0.000739396,0.0002861406,0.0072341887
3384,118_01299,118,1299,2,RBBB,2,RBBB,0,N,0.9697744,0.9697744,0.008559669,0.00014043841,0.0130477,0.0018460334,0.000704939,0.00024861525,0.0056782905
3385,118_01300,118,1300,2,RBBB,2,RBBB,0,N,0.9705433,0.9705433,0.008212939,0.00014000661,0.012660112,0.0018813726,0.00065908,0.00024855457,0.005654568
3386,118_01301,118,1301,2,RBBB,2,RBBB,0,N,0.9759063,0.9759063,0.0064466903,0.00011816689,0.010593731,0.0018644761,0.00068182504,0.00020657295,0.004182149
3387,118_01302,118,1302,2,RBBB,2,RBBB,0,N,0.9773901,0.9773901,0.00438883,0.00013249156,0.010092436,0.0018830445,0.00065906695,0.0002211338,0.005232847
3388,118_01303,118,1303,2,RBBB,2,RBBB,0,N,0.9800577,0.9800577,0.0040808427,0.00012543164,0.00897398,0.0018470114,0.000775204,0.00019739904,0.0039425218
3389,118_01304,118,1304,2,RBBB,2,RBBB,0,N,0.9788335,0.9788335,0.0038684623,0.00013858055,0.00950565,0.0018424423,0.00078761927,0.00021394556,0.004809742
3390,118_01305,118,1305,2,RBBB,2,RBBB,0,N,0.9788902,0.9788902,0.00466166,0.00012933863,0.009438471,0.0018684583,0.00079487066,0.00020552502,0.0040114652
3391,118_01306,118,1306,2,RBBB,2,RBBB,0,N,0.97987866,0.97987866,0.0031884958,0.00015259263,0.009001142,0.001803164,0.00087890046,0.00021715499,0.004879901
3392,118_01307,118,1307,2,RBBB,2,RBBB,0,N,0.97944033,0.97944033,0.0033248416,0.00015167987,0.009174668,0.0018308416,0.0008296843,0.00022032972,0.005027615
3393,118_01308,118,1308,2,RBBB,2,RBBB,0,N,0.97820014,0.97820014,0.0031876923,0.00016822404,0.0095961625,0.0018314011,0.00085281685,0.00023859301,0.0059250146
3394,118_01309,118,1309,2,RBBB,2,RBBB,0,N,0.9796862,0.9796862,0.003768413,0.00013843393,0.009064324,0.0018824401,0.00079844095,0.0002112688,0.0044505163
3395,118_01310,118,1310,2,RBBB,2,RBBB,0,N,0.9760023,0.9760023,0.0050283954,0.00013932018,0.0106969485,0.0018745498,0.0007175389,0.00022964957,0.0053111883
3396,118_01311,118,1311,2,RBBB,2,RBBB,0,N,0.980364,0.980364,0.0036708715,0.00012493771,0.008858945,0.0018386226,0.0007604529,0.0001971514,0.004185047
3397,118_01312,118,1312,2,RBBB,2,RBBB,0,N,0.97949535,0.97949535,0.0040318,0.00012772297,0.0092630675,0.0018243282,0.00076485646,0.00020159692,0.004291176
3398,118_01313,118,1313,2,RBBB,2,RBBB,0,N,0.9777553,0.9777553,0.004393854,0.0001342114,0.010016214,0.0018265706,0.0007547934,0.00021482786,0.00490409
3399,118_01314,118,1314,2,RBBB,2,RBBB,0,N,0.9770416,0.9770416,0.0047881613,0.0001323115,0.010322376,0.0018343803,0.00074058154,0.00021692309,0.0049237716
3400,118_01315,118,1315,2,RBBB,2,RBBB,0,N,0.9769527,0.9769527,0.0046447394,0.000134035,0.010350659,0.0018309051,0.00073461025,0.00021905385,0.0051332894
3401,118_01316,118,1316,3,APC,2,RBBB,0,N,0.97707945,0.97707945,0.0044664238,0.0001374923,0.010242654,0.0018567268,0.0007303161,0.00022279097,0.0052641537
3402,118_01317,118,1317,2,RBBB,3,APC,0,N,0.9376303,0.9376303,0.020070713,0.00032281168,0.024431996,0.0018610158,0.00091288454,0.0005073576,0.014262897
3403,118_01318,118,1318,2,RBBB,2,RBBB,0,N,0.94030243,0.94030243,0.018832128,0.0002867444,0.023419414,0.0018799423,0.00083839893,0.00048111324,0.01395995
3404,118_01319,118,1319,2,RBBB,2,RBBB,0,N,0.91482294,0.91482294,0.016109193,0.000730817,0.029364336,0.0017842834,0.0013123674,0.0008977427,0.034978323
3405,118_01320,118,1320,2,RBBB,2,RBBB,0,N,0.97724605,0.97724605,0.0039159874,0.00015404882,0.010141308,0.001832124,0.0008040477,0.00023267975,0.005673699
3406,118_01321,118,1321,2,RBBB,2,RBBB,0,N,0.9744093,0.9744093,0.004753459,0.00015814352,0.011256813,0.0018761803,0.0007211729,0.00025281362,0.006572096
3407,118_01322,118,1322,2,RBBB,2,RBBB,0,N,0.97550493,0.97550493,0.004911766,0.00014958945,0.010856022,0.0018760449,0.00073581655,0.00023991571,0.005725817
3408,118_01323,118,1323,2,RBBB,2,RBBB,0,N,0.9763894,0.9763894,0.0041898973,0.00015116081,0.01041177,0.0018927937,0.0007142821,0.00024002884,0.006010764
3409,118_01324,118,1324,2,RBBB,2,RBBB,0,N,0.97488564,0.97488564,0.0042775194,0.00018769578,0.011101343,0.0018127355,0.0008856221,0.00026478915,0.0065847784
3410,118_01325,118,1325,2,RBBB,2,RBBB,0,N,0.9765253,0.9765253,0.0036813405,0.00017733927,0.010352408,0.001829524,0.0008551519,0.000251998,0.0063268607
3411,118_01326,118,1326,2,RBBB,2,RBBB,0,N,0.97383875,0.97383875,0.0055556544,0.00017511068,0.011672888,0.0017973767,0.00089788134,0.00025773645,0.0058046537
3412,118_01327,118,1327,2,RBBB,2,RBBB,0,N,0.977201,0.977201,0.004504707,0.00014227304,0.01022454,0.0018307776,0.0007769789,0.00022284778,0.005096891
3413,118_01328,118,1328,2,RBBB,2,RBBB,0,N,0.97535795,0.97535795,0.0054650926,0.00014231869,0.011029951,0.0018203447,0.00075827446,0.00022976249,0.005196348
3414,118_01329,118,1329,2,RBBB,2,RBBB,0,N,0.97815436,0.97815436,0.0042636124,0.00014098283,0.009837843,0.0018128373,0.0007875481,0.00021612429,0.0047865864
3415,118_01330,118,1330,2,RBBB,2,RBBB,0,N,0.9729048,0.9729048,0.005203744,0.00017673502,0.011990209,0.0018089211,0.0008174218,0.00026636914,0.0068317563
3416,118_01331,118,1331,2,RBBB,2,RBBB,0,N,0.9712389,0.9712389,0.0073928805,0.00015370727,0.012506577,0.0018909932,0.0007480966,0.00025848055,0.005810297
3417,118_01332,118,1332,2,RBBB,2,RBBB,0,N,0.9742367,0.9742367,0.0058156606,0.00013840172,0.011339534,0.0019064406,0.0006748382,0.00023861209,0.0056497827
3418,118_01333,118,1333,2,RBBB,2,RBBB,0,N,0.98132193,0.98132193,0.0038770412,0.00011067781,0.008393475,0.0018591048,0.0006963477,0.00018145092,0.0035599165
3419,118_01334,118,1334,2,RBBB,2,RBBB,0,N,0.9821125,0.9821125,0.0029863222,0.00011755917,0.008084448,0.0018224206,0.0007156228,0.00018461506,0.003976488
3420,118_01335,118,1335,2,RBBB,2,RBBB,0,N,0.98074746,0.98074746,0.0033317977,0.00013900599,0.008661985,0.0018179041,0.0008723418,0.00020320473,0.0042262897
3421,118_01336,118,1336,2,RBBB,2,RBBB,0,N,0.97697383,0.97697383,0.0044789347,0.00015518212,0.010359978,0.0017975579,0.0008666361,0.0002302775,0.0051376005
3422,118_01337,118,1337,2,RBBB,2,RBBB,0,N,0.9779737,0.9779737,0.0040891985,0.0001575059,0.009863427,0.0018314103,0.0008866575,0.00022939101,0.004968578
3423,118_01338,118,1338,2,RBBB,2,RBBB,0,N,0.978055,0.978055,0.003555897,0.00016591798,0.009757236,0.0018169271,0.0008724036,0.00023558887,0.0055410825
3424,118_01339,118,1339,2,RBBB,2,RBBB,0,N,0.97695535,0.97695535,0.002939402,0.0001771286,0.00993964,0.0018141203,0.00080168335,0.00025144315,0.007121115
3425,118_01340,118,1340,2,RBBB,2,RBBB,0,N,0.9777682,0.9777682,0.002978155,0.0001661445,0.009713367,0.0018012194,0.0008025344,0.00023933226,0.0065310705
3426,118_01341,118,1341,2,RBBB,2,RBBB,0,N,0.9772889,0.9772889,0.0034549634,0.00015831814,0.010147887,0.0017644343,0.00082697254,0.0002327863,0.0061257924
3427,118_01342,118,1342,2,RBBB,2,RBBB,0,N,0.9810712,0.9810712,0.0033241077,0.00012790956,0.008538985,0.0018250843,0.00079419825,0.00019517106,0.004123379
3428,118_01343,118,1343,2,RBBB,2,RBBB,0,N,0.9779323,0.9779323,0.004815006,0.00013076946,0.009859511,0.0018696551,0.00075865845,0.00021205099,0.004422111
3429,118_01344,118,1344,2,RBBB,2,RBBB,0,N,0.97834486,0.97834486,0.004527297,0.00012733083,0.009663678,0.0018943222,0.0007083035,0.00021049519,0.0045236847
3430,118_01345,118,1345,2,RBBB,2,RBBB,0,N,0.9749767,0.9749767,0.0060574007,0.00014193878,0.011042219,0.0018831138,0.0007706039,0.00023252897,0.0048953914
3431,118_01346,118,1346,2,RBBB,2,RBBB,0,N,0.96996343,0.96996343,0.00697364,0.00016613601,0.013081226,0.0018889889,0.0007354103,0.00027706756,0.006914104
3432,118_01347,118,1347,2,RBBB,2,RBBB,0,N,0.9685445,0.9685445,0.009053904,0.0001535029,0.013529013,0.001850766,0.0007618747,0.00026403525,0.0058424016
3433,118_01348,118,1348,2,RBBB,2,RBBB,0,N,0.9705558,0.9705558,0.0074863033,0.00015246357,0.012798367,0.0018906933,0.0007121302,0.00026156817,0.006142733
3434,118_01349,118,1349,2,RBBB,2,RBBB,0,N,0.9750244,0.9750244,0.006558617,0.0001333257,0.010951793,0.001875678,0.0007560637,0.0002225345,0.0044775535
3435,118_01350,118,1350,2,RBBB,2,RBBB,0,N,0.9741337,0.9741337,0.0060076504,0.00014029624,0.01137248,0.0019130922,0.0006994781,0.00023955881,0.00549381
3436,118_01351,118,1351,2,RBBB,2,RBBB,0,N,0.9746947,0.9746947,0.006569753,0.00013368748,0.01111429,0.0018780234,0.0007453666,0.00022518802,0.0046388796
3437,118_01352,118,1352,2,RBBB,2,RBBB,0,N,0.9756452,0.9756452,0.005760288,0.00013138045,0.010764857,0.0018976093,0.0007211008,0.00022348035,0.004856022
3438,118_01353,118,1353,2,RBBB,2,RBBB,0,N,0.97296,0.97296,0.0075022434,0.00013204709,0.011758437,0.0018713514,0.00072730076,0.00022940712,0.0048192693
3439,118_01354,118,1354,2,RBBB,2,RBBB,0,N,0.9723721,0.9723721,0.0072959387,0.00013878835,0.01200981,0.0018998228,0.00071411644,0.00024084898,0.0053286674
3440,118_01355,118,1355,2,RBBB,2,RBBB,0,N,0.9705469,0.9705469,0.008613457,0.00013914684,0.012615432,0.0018886414,0.00072188326,0.0002447951,0.005229664
3441,118_01356,118,1356,2,RBBB,2,RBBB,0,N,0.9692846,0.9692846,0.008227309,0.00015155676,0.013238704,0.0018968568,0.000711792,0.00026532233,0.0062237997
3442,118_01357,118,1357,2,RBBB,2,RBBB,0,N,0.9732878,0.9732878,0.005442048,0.00015874105,0.01180682,0.001853599,0.00074886094,0.00025555343,0.0064465813
3443,118_01358,118,1358,2,RBBB,2,RBBB,0,N,0.9752952,0.9752952,0.0044335867,0.000153846,0.010918841,0.001856031,0.00074101996,0.0002443847,0.0063571488
3444,118_01359,118,1359,2,RBBB,2,RBBB,0,N,0.975706,0.975706,0.0045714322,0.00013724418,0.010821515,0.0018456612,0.0006652001,0.00023087613,0.006022003
3445,118_01360,118,1360,2,RBBB,2,RBBB,0,N,0.9793777,0.9793777,0.005354727,9.319468e-05,0.009232553,0.0018071419,0.0006067634,0.00016974674,0.00335803
3446,118_01361,118,1361,2,RBBB,2,RBBB,0,N,0.98380405,0.98380405,0.0033558914,8.746379e-05,0.007402748,0.0017699178,0.0006824568,0.00014833393,0.0027490843
3447,118_01362,118,1362,2,RBBB,2,RBBB,0,N,0.980864,0.980864,0.004159726,0.00010152246,0.00867018,0.0018105578,0.0006395908,0.00017448842,0.0035800242
3448,118_01363,118,1363,2,RBBB,2,RBBB,0,N,0.97811306,0.97811306,0.0038060981,0.00012801395,0.009859974,0.0018008145,0.0006710062,0.00021071422,0.005410335
3449,118_01364,118,1364,2,RBBB,2,RBBB,0,N,0.96698105,0.96698105,0.007887566,0.00015490527,0.013905808,0.0019215818,0.00058933644,0.00029417308,0.008265484
3450,118_01365,118,1365,2,RBBB,2,RBBB,0,N,0.96948946,0.96948946,0.008468731,0.00013462287,0.013067485,0.0018961931,0.0006234713,0.00025123652,0.0060689
3451,118_01366,118,1366,2,RBBB,2,RBBB,0,N,0.9679532,0.9679532,0.011194239,0.00011748445,0.013302213,0.0018683291,0.00064174714,0.0002262927,0.004696383
3452,118_01367,118,1367,2,RBBB,2,RBBB,0,N,0.96333706,0.96333706,0.013455522,0.00012643373,0.014917994,0.0018796194,0.0006293331,0.00025085598,0.005403218
3453,118_01368,118,1368,2,RBBB,2,RBBB,0,N,0.95902723,0.95902723,0.015575367,0.00013436387,0.016398333,0.0018695415,0.0006285376,0.00027017563,0.0060963635
3454,118_01369,118,1369,2,RBBB,2,RBBB,0,N,0.96400493,0.96400493,0.011541799,0.00013732562,0.014979927,0.0018484656,0.00061077834,0.00026790198,0.0066088294
3455,118_01370,118,1370,2,RBBB,2,RBBB,0,N,0.9575885,0.9575885,0.014594735,0.00015357598,0.017029671,0.0018850091,0.0006017277,0.00030854726,0.007838267
3456,118_01371,118,1371,2,RBBB,2,RBBB,0,N,0.9619546,0.9619546,0.01231435,0.00014598182,0.015708711,0.0018544077,0.00061643694,0.00028471914,0.0071208645
3457,118_01372,118,1372,2,RBBB,2,RBBB,0,N,0.9645668,0.9645668,0.010348315,0.00014960689,0.014923724,0.0018414092,0.0006369107,0.00028130857,0.0072518997
3458,118_01373,118,1373,2,RBBB,2,RBBB,0,N,0.9631983,0.9631983,0.010863234,0.00015690023,0.015368865,0.001843716,0.00063256186,0.00029457256,0.007641797
3459,118_01374,118,1374,2,RBBB,2,RBBB,0,N,0.96105254,0.96105254,0.010357154,0.00017151675,0.016058234,0.0018713245,0.0005890664,0.00033069483,0.009569456
3460,118_01375,118,1375,2,RBBB,2,RBBB,0,N,0.96575934,0.96575934,0.008847118,0.00016222455,0.014403646,0.0018803128,0.0006246734,0.0002993719,0.008023391
3461,118_01376,118,1376,2,RBBB,2,RBBB,0,N,0.96185136,0.96185136,0.01006739,0.00016788636,0.015785571,0.0018680699,0.0005898502,0.00032340147,0.009346458
3462,118_01377,118,1377,2,RBBB,2,RBBB,0,N,0.96436834,0.96436834,0.010987006,0.00014376748,0.014845336,0.0018744164,0.00061115605,0.0002776516,0.006892312
3463,118_01378,118,1378,2,RBBB,2,RBBB,0,N,0.9636892,0.9636892,0.012462189,0.00013531068,0.014858767,0.001893074,0.0006106575,0.00026643783,0.006084291
3464,118_01379,118,1379,2,RBBB,2,RBBB,0,N,0.96733624,0.96733624,0.010825725,0.00012516863,0.0136671625,0.0018747231,0.00062692974,0.00024048345,0.0053036846
3465,118_01380,118,1380,2,RBBB,2,RBBB,0,N,0.9706472,0.9706472,0.008635346,0.00012793153,0.012645949,0.0018512127,0.0006549154,0.00023339171,0.005204017
3466,118_01381,118,1381,2,RBBB,2,RBBB,0,N,0.96735466,0.96735466,0.00924751,0.00013817048,0.0139326565,0.0018414202,0.00060542,0.00026181468,0.006618444
3467,118_01382,118,1382,2,RBBB,2,RBBB,0,N,0.9737102,0.9737102,0.0067452723,0.00012495271,0.011490607,0.001881073,0.00061158027,0.00022565911,0.005210655
3468,118_01383,118,1383,2,RBBB,2,RBBB,0,N,0.9815647,0.9815647,0.004275019,9.433333e-05,0.008269371,0.001833924,0.00063857925,0.0001647831,0.0031593717
3469,118_01384,118,1384,2,RBBB,2,RBBB,0,N,0.9830203,0.9830203,0.0039856634,8.552104e-05,0.0076191984,0.0018234042,0.0006103388,0.00015034007,0.0027051393
3470,118_01385,118,1385,2,RBBB,2,RBBB,0,N,0.98816127,0.98816127,0.002531214,7.136802e-05,0.0052428166,0.0017382567,0.0007372634,0.000109647255,0.0014081827
3471,118_01386,118,1386,2,RBBB,2,RBBB,0,N,0.98559296,0.98559296,0.0016616597,0.00011375803,0.006561205,0.0016296322,0.00078506,0.00015669501,0.0034990853
3472,118_01387,118,1387,2,RBBB,2,RBBB,0,N,0.9814477,0.9814477,0.0031466882,0.00011599016,0.00854509,0.0017183719,0.0007605678,0.00018176116,0.0040838975
3473,118_01388,118,1388,2,RBBB,2,RBBB,0,N,0.9658553,0.9658553,0.0028651413,0.00023674662,0.0133497035,0.0015446058,0.000736827,0.0003167147,0.015094965
3474,118_01389,118,1389,2,RBBB,2,RBBB,0,N,0.9763361,0.9763361,0.004008603,0.00013944175,0.010719666,0.0017106707,0.00071328465,0.00022133501,0.0061508687
3475,118_01390,118,1390,2,RBBB,2,RBBB,0,N,0.98100376,0.98100376,0.0027712495,0.000129947,0.008725972,0.0016369518,0.00078676856,0.00018981467,0.00475554
3476,118_01391,118,1391,2,RBBB,2,RBBB,0,N,0.9805578,0.9805578,0.0037995414,0.00011690532,0.008818529,0.0018140691,0.0007206375,0.00018913258,0.0039833984
3477,118_01392,118,1392,3,APC,2,RBBB,0,N,0.98264605,0.98264605,0.0035610266,9.921491e-05,0.007891815,0.0017940835,0.00067250227,0.00016386485,0.003171306
3478,118_01393,118,1393,2,RBBB,3,APC,0,N,0.9688692,0.9688692,0.007905987,0.0002260069,0.013555974,0.001896572,0.0010206646,0.00031478627,0.0062108114
3479,118_01394,118,1394,2,RBBB,2,RBBB,0,N,0.9569483,0.9569483,0.014975963,0.00019363912,0.017594561,0.0019701542,0.00083827437,0.00034078356,0.007138353
3480,118_01395,118,1395,2,RBBB,2,RBBB,0,N,0.9525413,0.9525413,0.010833663,0.00039928776,0.018596044,0.0020705909,0.0012433631,0.0005421263,0.0137736015
3481,118_01396,118,1396,2,RBBB,2,RBBB,0,N,0.98032194,0.98032194,0.004324191,0.00011108629,0.008813066,0.0018690617,0.00069122453,0.00018609308,0.003683322
3482,118_01397,118,1397,2,RBBB,2,RBBB,0,N,0.98043406,0.98043406,0.0037419593,0.00012458977,0.00879602,0.0018628511,0.00075657124,0.00019720987,0.0040868507
3483,118_01398,118,1398,2,RBBB,2,RBBB,0,N,0.97503823,0.97503823,0.005714286,0.00013983063,0.011106088,0.0018578288,0.00074386643,0.00023115639,0.00516858
3484,118_01399,118,1399,2,RBBB,2,RBBB,0,N,0.9729741,0.9729741,0.0072649787,0.00013336407,0.011845261,0.0018402706,0.00070994167,0.00022993721,0.0050021764
3485,118_01400,118,1400,2,RBBB,2,RBBB,0,N,0.96043384,0.96043384,0.012721139,0.0001555095,0.016271802,0.0018648749,0.00062109786,0.000301547,0.007630089
3486,118_01401,118,1401,2,RBBB,2,RBBB,0,N,0.96241534,0.96241534,0.012916011,0.00014227835,0.015365287,0.0018864078,0.0006320302,0.00027619256,0.006366651
3487,118_01402,118,1402,2,RBBB,2,RBBB,0,N,0.96584463,0.96584463,0.009935265,0.00015695528,0.014412983,0.0018737863,0.0006754746,0.00028374864,0.006817135
3488,118_01403,118,1403,2,RBBB,2,RBBB,0,N,0.97224265,0.97224265,0.006525999,0.00015139671,0.01215126,0.0019038065,0.0007178243,0.00025618306,0.006050913
3489,118_01404,118,1404,2,RBBB,2,RBBB,0,N,0.9741176,0.9741176,0.0050035673,0.00015892397,0.0115266405,0.001814742,0.0007562023,0.00024956773,0.006372735
3490,118_01405,118,1405,2,RBBB,2,RBBB,0,N,0.97832835,0.97832835,0.004403842,0.00014625562,0.00967793,0.0018538154,0.00082527206,0.00021996186,0.004544554
3491,118_01406,118,1406,2,RBBB,2,RBBB,0,N,0.9771501,0.9771501,0.004166111,0.00015088897,0.010210608,0.0018285247,0.00078231253,0.00023020485,0.0054813046
3492,118_01407,118,1407,2,RBBB,2,RBBB,0,N,0.97286916,0.97286916,0.0052644364,0.00016975634,0.011942462,0.0018457806,0.0007727491,0.00026502283,0.0068707014
3493,118_01408,118,1408,2,RBBB,2,RBBB,0,N,0.9729493,0.9729493,0.003895224,0.00018609242,0.011783869,0.0017456509,0.0007823315,0.0002716008,0.008385944
3494,118_01409,118,1409,2,RBBB,2,RBBB,0,N,0.9770008,0.9770008,0.003422177,0.00016241633,0.010305539,0.0017079533,0.0008521198,0.00023382822,0.0063151354
3495,118_01410,118,1410,2,RBBB,2,RBBB,0,N,0.97650635,0.97650635,0.0032984838,0.00015433232,0.010456401,0.0017027259,0.0007409605,0.00023175363,0.0069089127
3496,118_01411,118,1411,2,RBBB,2,RBBB,0,N,0.98289406,0.98289406,0.0024276995,0.00012251156,0.0077902055,0.001713842,0.0008145218,0.00017939623,0.0040577725
3497,118_01412,118,1412,2,RBBB,2,RBBB,0,N,0.9766622,0.9766622,0.0042245174,0.00014392701,0.010404445,0.0018359892,0.0007169385,0.00022986972,0.0057821465
3498,118_01413,118,1413,2,RBBB,2,RBBB,0,N,0.9804414,0.9804414,0.0033691763,0.00012850507,0.008787647,0.0018335573,0.0007467103,0.00020030723,0.0044928156
3499,118_01414,118,1414,2,RBBB,2,RBBB,0,N,0.97761863,0.97761863,0.0042387987,0.00012584875,0.010044255,0.0018430175,0.00065522536,0.0002132702,0.0052609867
3500,118_01415,118,1415,2,RBBB,2,RBBB,0,N,0.98058105,0.98058105,0.0037921579,0.00011540103,0.008795825,0.0018258339,0.0007161953,0.00018853197,0.0039848913
3501,118_01416,118,1416,2,RBBB,2,RBBB,0,N,0.9791377,0.9791377,0.005088839,0.00010386529,0.009342266,0.0018317741,0.000661923,0.0001815604,0.0036519829
3502,118_01417,118,1417,3,APC,2,RBBB,0,N,0.9732534,0.9732534,0.008389485,0.00011732334,0.0115568265,0.0018133041,0.0007179418,0.0002079242,0.003943848
3503,118_01418,118,1418,2,RBBB,3,APC,0,N,0.9275491,0.9275491,0.029404666,0.00039147364,0.02745442,0.002034525,0.0011761206,0.00056184304,0.011427756
3504,118_01419,118,1419,2,RBBB,2,RBBB,0,N,0.84299994,0.84299994,0.052374013,0.0018227136,0.053136934,0.001984658,0.0021666903,0.0013610844,0.044154044
3505,118_01420,118,1420,2,RBBB,2,RBBB,0,N,0.39929175,0.39929175,0.08909582,0.046196178,0.08647799,0.0029449775,0.006750983,0.007313486,0.36192885
3506,118_01421,118,1421,2,RBBB,2,RBBB,0,N,0.93860894,0.93860894,0.015881462,0.00029561622,0.024181925,0.0017140629,0.00069932226,0.00048706253,0.018131612
3507,118_01422,118,1422,2,RBBB,2,RBBB,0,N,0.9377978,0.9377978,0.019411288,0.00027896854,0.024360187,0.001825551,0.00070987275,0.00047946075,0.015136768
3508,118_01423,118,1423,2,RBBB,2,RBBB,0,N,0.9602902,0.9602902,0.011002465,0.0001837174,0.016506406,0.0018394312,0.00065815204,0.00033439515,0.00918534
3509,118_01424,118,1424,2,RBBB,2,RBBB,0,N,0.9593215,0.9593215,0.012832806,0.00016692404,0.016717762,0.0018610104,0.000652654,0.00031627415,0.008131165
3510,118_01425,118,1425,2,RBBB,2,RBBB,0,N,0.963182,0.963182,0.01091272,0.00015286454,0.015414371,0.0018378784,0.0006246906,0.00029013294,0.0075853495
3511,118_01426,118,1426,2,RBBB,2,RBBB,0,N,0.96374756,0.96374756,0.011311217,0.0001457454,0.015045249,0.0018650574,0.0006101449,0.00028084483,0.0069942223
3512,118_01427,118,1427,2,RBBB,2,RBBB,0,N,0.9605231,0.9605231,0.012581364,0.00016055586,0.016311422,0.0018671367,0.00065246143,0.00030454382,0.0075994395
3513,118_01428,118,1428,2,RBBB,2,RBBB,0,N,0.9685457,0.9685457,0.009397275,0.00013597622,0.013380661,0.0018794002,0.00064176315,0.0002515004,0.005767697
3514,118_01429,118,1429,2,RBBB,2,RBBB,0,N,0.95996845,0.95996845,0.013500058,0.00016419028,0.016359432,0.0019096358,0.00068535516,0.00030741259,0.007105477
3515,118_01430,118,1430,2,RBBB,2,RBBB,0,N,0.96819526,0.96819526,0.00971348,0.00013544128,0.013467382,0.0018858071,0.0006513183,0.0002506524,0.0057007493
3516,118_01431,118,1431,2,RBBB,2,RBBB,0,N,0.95529556,0.95529556,0.015775407,0.00016180736,0.017840888,0.0018994388,0.00063255115,0.00032206834,0.008072338
3517,118_01432,118,1432,2,RBBB,2,RBBB,0,N,0.9656338,0.9656338,0.010141052,0.00014205041,0.0144617325,0.0018645226,0.00061018986,0.0002722782,0.006874467
3518,118_01433,118,1433,2,RBBB,2,RBBB,0,N,0.960194,0.960194,0.013333725,0.00014994806,0.0162741,0.0018732616,0.0006077311,0.0002949994,0.007272105
3519,118_01434,118,1434,2,RBBB,2,RBBB,0,N,0.9641138,0.9641138,0.011622657,0.00013893064,0.014972448,0.0018423242,0.000621949,0.00026713236,0.006420848
3520,118_01435,118,1435,2,RBBB,2,RBBB,0,N,0.96052694,0.96052694,0.013940867,0.00014328632,0.016102927,0.0018597228,0.0006391039,0.00027883076,0.0065083057
3521,118_01436,118,1436,2,RBBB,2,RBBB,0,N,0.95801914,0.95801914,0.015203015,0.00015011722,0.016929768,0.0018809328,0.0006534496,0.00029347633,0.006870194
3522,118_01437,118,1437,2,RBBB,2,RBBB,0,N,0.9610451,0.9610451,0.013309493,0.00015121134,0.015951222,0.0018894434,0.0006686273,0.00028861928,0.006696356
3523,118_01438,118,1438,2,RBBB,2,RBBB,0,N,0.9656166,0.9656166,0.0103531,0.00014664588,0.014406386,0.0018824524,0.0006395713,0.0002752129,0.0066800914
3524,118_01439,118,1439,2,RBBB,2,RBBB,0,N,0.96353674,0.96353674,0.011092778,0.00014943842,0.015178493,0.0018766056,0.00062557723,0.00028701412,0.007253211
3525,118_01440,118,1440,2,RBBB,2,RBBB,0,N,0.9647884,0.9647884,0.01011429,0.00014935453,0.014746452,0.0018739501,0.00060081115,0.00028658012,0.0074401563
3526,118_01441,118,1441,2,RBBB,2,RBBB,0,N,0.9664882,0.9664882,0.00968511,0.00014824183,0.014163505,0.0018745593,0.0006424377,0.00027452662,0.0067234053
3527,118_01442,118,1442,2,RBBB,2,RBBB,0,N,0.9679031,0.9679031,0.009000273,0.00014658128,0.013730907,0.0018645612,0.000661901,0.00026536064,0.00642726
3528,118_01443,118,1443,2,RBBB,2,RBBB,0,N,0.9654047,0.9654047,0.010375683,0.00015158947,0.014554727,0.0018729899,0.00066523405,0.0002785959,0.0066964705
3529,118_01444,118,1444,2,RBBB,2,RBBB,0,N,0.96252596,0.96252596,0.011877411,0.0001572215,0.015516851,0.0018855922,0.0006729624,0.00029374997,0.0070703235
3530,118_01445,118,1445,2,RBBB,2,RBBB,0,N,0.9568008,0.9568008,0.01585939,0.00015319786,0.017167462,0.0019300581,0.0006469985,0.0003053708,0.0071367905
3531,118_01446,118,1446,2,RBBB,2,RBBB,0,N,0.96447194,0.96447194,0.010757517,0.00014831992,0.014846584,0.0018795235,0.00062947266,0.00028201847,0.006984716
3532,118_01447,118,1447,2,RBBB,2,RBBB,0,N,0.9696322,0.9696322,0.008653148,0.00014307183,0.013054723,0.0018584208,0.00069035176,0.00025210017,0.0057159355
3533,118_01448,118,1448,2,RBBB,2,RBBB,0,N,0.9680544,0.9680544,0.007631548,0.00016302014,0.013730579,0.0018833716,0.00066685636,0.00028719864,0.0075830175
3534,118_01449,118,1449,2,RBBB,2,RBBB,0,N,0.96826833,0.96826833,0.008087276,0.00016380944,0.013743276,0.0018517759,0.00072794023,0.00027844496,0.0068790866
3535,118_01450,118,1450,2,RBBB,2,RBBB,0,N,0.96557796,0.96557796,0.010026428,0.00015467961,0.014573869,0.0018581257,0.00067701883,0.0002807596,0.0068511465
3536,118_01451,118,1451,2,RBBB,2,RBBB,0,N,0.9653417,0.9653417,0.01049841,0.00015312842,0.014638438,0.0018560932,0.0006920794,0.00027722662,0.0065429383
3537,118_01452,118,1452,2,RBBB,2,RBBB,0,N,0.97055656,0.97055656,0.007639604,0.00014840318,0.012791135,0.0018798873,0.0007091847,0.00025687786,0.006018402
3538,118_01453,118,1453,2,RBBB,2,RBBB,0,N,0.96741694,0.96741694,0.008639951,0.00016076944,0.01399823,0.0018624326,0.00069635484,0.0002806702,0.0069447006
3539,118_01454,118,1454,2,RBBB,2,RBBB,0,N,0.9336015,0.9336015,0.02101278,0.00032432796,0.025889304,0.001832059,0.00084375317,0.0005198264,0.01597648
3540,118_01455,118,1455,2,RBBB,2,RBBB,0,N,0.9288509,0.9288509,0.030975398,0.0002242138,0.025838608,0.0020529788,0.0007184359,0.00044566538,0.010893855
3541,118_01456,118,1456,2,RBBB,2,RBBB,0,N,0.91371953,0.91371953,0.035508376,0.00036241152,0.029856257,0.0022971288,0.0008548387,0.0006618937,0.0167396
3542,118_01457,118,1457,2,RBBB,2,RBBB,0,N,0.9732453,0.9732453,0.00851337,0.00011031469,0.011381434,0.001888977,0.0006340506,0.00020514724,0.0040214076
3543,118_01458,118,1458,2,RBBB,2,RBBB,0,N,0.97270894,0.97270894,0.0078486595,0.00012232891,0.011758138,0.0018943357,0.0006326254,0.00022318229,0.0048118127
3544,118_01459,118,1459,2,RBBB,2,RBBB,0,N,0.9760786,0.9760786,0.0059099603,0.00012548693,0.010531259,0.0019004685,0.00068180496,0.00021602177,0.004556333
3545,118_01460,118,1460,2,RBBB,2,RBBB,0,N,0.9727129,0.9727129,0.0060973447,0.00014813438,0.011969542,0.0018963335,0.00067489006,0.00025298411,0.006247832
3546,118_01461,118,1461,2,RBBB,2,RBBB,0,N,0.9764969,0.9764969,0.0040502893,0.0001545665,0.010421678,0.001846127,0.0007450233,0.00023874908,0.0060467036
3547,118_01462,118,1462,2,RBBB,2,RBBB,0,N,0.97125536,0.97125536,0.005848569,0.00016345204,0.0124737285,0.0018965607,0.00068932405,0.0002744542,0.0073985667
3548,118_01463,118,1463,2,RBBB,2,RBBB,0,N,0.9752135,0.9752135,0.004597142,0.00014647369,0.010959121,0.001879231,0.00066765054,0.00024238444,0.0062944014
3549,118_01464,118,1464,2,RBBB,2,RBBB,0,N,0.9749489,0.9749489,0.0051363553,0.0001473314,0.011093231,0.0018796384,0.00070040236,0.00024159664,0.005852586
3550,118_01465,118,1465,2,RBBB,2,RBBB,0,N,0.97113836,0.97113836,0.0047616875,0.00018252309,0.012488323,0.0018032094,0.0007281155,0.00028353537,0.008614309
3551,118_01466,118,1466,2,RBBB,2,RBBB,0,N,0.97626346,0.97626346,0.006184018,0.00011780566,0.010393841,0.0018950951,0.0006594276,0.00020703893,0.004279314
3552,118_01467,118,1467,2,RBBB,2,RBBB,0,N,0.95562804,0.95562804,0.011966159,0.0002470276,0.018408341,0.0018333084,0.0008218352,0.00039550418,0.010699857
3553,118_01468,118,1468,2,RBBB,2,RBBB,0,N,0.96867263,0.96867263,0.010557244,0.00013356148,0.013178878,0.0018944892,0.0007466873,0.00024012334,0.0045764144
3554,118_01469,118,1469,3,APC,2,RBBB,0,N,0.95480174,0.95480174,0.0051481584,0.0004172646,0.017313324,0.0017080085,0.001264015,0.00049005594,0.01885755
3555,118_01470,118,1470,2,RBBB,3,APC,0,N,0.9710858,0.9710858,0.0075404258,0.00014567995,0.012735341,0.0018011226,0.0007368875,0.0002471611,0.005707521
3556,118_01471,118,1471,2,RBBB,2,RBBB,0,N,0.96960497,0.96960497,0.007119023,0.0001545531,0.013427698,0.0017842142,0.0007348851,0.00026262377,0.0069120196
3557,118_01472,118,1472,2,RBBB,2,RBBB,0,N,0.9610114,0.9610114,0.011696561,0.00017859413,0.015900558,0.0019379935,0.00068242586,0.00033067437,0.008261844
3558,118_01473,118,1473,2,RBBB,2,RBBB,0,N,0.9838024,0.9838024,0.0033203822,8.644598e-05,0.007295647,0.0018402569,0.00057890126,0.0001511448,0.002924773
3559,118_01474,118,1474,2,RBBB,2,RBBB,0,N,0.9806308,0.9806308,0.0046530166,9.707842e-05,0.008681869,0.0018366121,0.00059695594,0.00017089755,0.0033326964
3560,118_01475,118,1475,3,APC,2,RBBB,0,N,0.9786897,0.9786897,0.00413376,0.00011908737,0.00983239,0.0016952505,0.0006561059,0.00019421385,0.004679505
3561,118_01476,118,1476,2,RBBB,3,APC,0,N,0.95871145,0.95871145,0.009071571,0.00027530678,0.018003328,0.0015701138,0.0010404794,0.000367796,0.010960022
3562,118_01477,118,1477,2,RBBB,2,RBBB,0,N,0.94942427,0.94942427,0.008175756,0.00032511313,0.020252973,0.0015008319,0.0008353176,0.0004434452,0.019042253
3563,118_01478,118,1478,2,RBBB,2,RBBB,0,N,0.9605471,0.9605471,0.005221582,0.00028406296,0.016065346,0.001615457,0.00090988044,0.00038011716,0.0149764
3564,118_01479,118,1479,2,RBBB,2,RBBB,0,N,0.9774386,0.9774386,0.004387489,0.00013000642,0.010202132,0.0017817735,0.00069492584,0.00021186231,0.0051532355
3565,118_01480,118,1480,2,RBBB,2,RBBB,0,N,0.9732743,0.9732743,0.0061670216,0.00013697422,0.011864305,0.0018237801,0.0006671807,0.00023647328,0.005829935
3566,118_01481,118,1481,2,RBBB,2,RBBB,0,N,0.97309846,0.97309846,0.0065449844,0.00013189232,0.01188027,0.0018412861,0.0006579254,0.00023294291,0.005612203
3567,118_01482,118,1482,2,RBBB,2,RBBB,0,N,0.9786416,0.9786416,0.0046726395,0.00011533613,0.009604848,0.0018313342,0.00065622135,0.00019605401,0.0042819297
3568,118_01483,118,1483,2,RBBB,2,RBBB,0,N,0.9730715,0.9730715,0.007343567,0.00011940434,0.011805463,0.0018283409,0.00062278385,0.00021859641,0.004990281
3569,118_01484,118,1484,2,RBBB,2,RBBB,0,N,0.97408897,0.97408897,0.006082815,0.00013108498,0.01151939,0.0018274038,0.00065515557,0.00022790271,0.005467255
3570,118_01485,118,1485,2,RBBB,2,RBBB,0,N,0.9762606,0.9762606,0.0056863916,0.00012573866,0.010657903,0.0017962644,0.0007281552,0.00021016496,0.0045346543
3571,118_01486,118,1486,2,RBBB,2,RBBB,0,N,0.9703281,0.9703281,0.0065911547,0.00015968586,0.012961313,0.0018423717,0.00068705285,0.0002696968,0.00716058
3572,118_01487,118,1487,2,RBBB,2,RBBB,0,N,0.9750178,0.9750178,0.0060786107,0.00012941362,0.011033636,0.0018626135,0.0006763441,0.00022266035,0.0049789273
3573,118_01488,118,1488,2,RBBB,2,RBBB,0,N,0.9747604,0.9747604,0.0062626023,0.00013006073,0.011186708,0.0018403975,0.00068628264,0.00022226493,0.004911224
3574,118_01489,118,1489,2,RBBB,2,RBBB,0,N,0.974056,0.974056,0.0061653713,0.00013267653,0.011481963,0.0018628944,0.00066196895,0.00023096011,0.005408251
3575,118_01490,118,1490,2,RBBB,2,RBBB,0,N,0.97130823,0.97130823,0.0075035803,0.00014389488,0.01257324,0.0018271743,0.00070052134,0.00024630796,0.0056970725
3576,118_01491,118,1491,2,RBBB,2,RBBB,0,N,0.97109574,0.97109574,0.007639705,0.00013929897,0.012638442,0.0018430416,0.0006724681,0.000244582,0.0057266103
3577,118_01492,118,1492,2,RBBB,2,RBBB,0,N,0.972414,0.972414,0.007040829,0.0001412531,0.012111505,0.0018571327,0.00071815355,0.00024147553,0.0054756636
3578,118_01493,118,1493,2,RBBB,2,RBBB,0,N,0.96709937,0.96709937,0.009794374,0.00014643275,0.01396972,0.0018689914,0.00067323167,0.0002658122,0.006181888
3579,118_01494,118,1494,2,RBBB,2,RBBB,0,N,0.9680366,0.9680366,0.00899912,0.00014268445,0.013641118,0.001874462,0.0006457101,0.00026231102,0.006398081
3580,118_01495,118,1495,2,RBBB,2,RBBB,0,N,0.9728837,0.9728837,0.007685153,0.00012630902,0.011689343,0.0018984636,0.0006722314,0.00022637831,0.00481845
3581,118_01496,118,1496,2,RBBB,2,RBBB,0,N,0.97356015,0.97356015,0.0070159994,0.000120918055,0.011519633,0.0018884783,0.00061019254,0.00022211684,0.0050624623
3582,118_01497,118,1497,2,RBBB,2,RBBB,0,N,0.9805334,0.9805334,0.0046401494,9.9905104e-05,0.008724559,0.0018390578,0.0006625519,0.0001731838,0.0033273003
3583,118_01498,118,1498,3,APC,2,RBBB,0,N,0.9815834,0.9815834,0.0035735408,0.00011224111,0.008306936,0.00184954,0.00073413574,0.00018235967,0.0036578781
3584,118_01499,118,1499,2,RBBB,3,APC,0,N,0.96244997,0.96244997,0.009271706,0.00020334571,0.015999833,0.0017846065,0.00080173835,0.00032895902,0.009159948
3585,118_01500,118,1500,2,RBBB,2,RBBB,0,N,0.9570917,0.9570917,0.01308704,0.0001855006,0.017664747,0.0018728813,0.0007075316,0.00034399857,0.009046611
3586,118_01501,118,1501,2,RBBB,2,RBBB,0,N,0.92297834,0.92297834,0.023782378,0.0004070789,0.028527793,0.0018970007,0.0008814653,0.0006353511,0.020890515
3587,118_01502,118,1502,2,RBBB,2,RBBB,0,N,0.9723974,0.9723974,0.0073013487,0.00014285819,0.012192658,0.0018082845,0.00075942976,0.00023836928,0.0051596323
3588,118_01503,118,1503,2,RBBB,2,RBBB,0,N,0.96053004,0.96053004,0.010500722,0.00019186074,0.016456231,0.0018336014,0.0006761863,0.00034042023,0.009470959
3589,118_01504,118,1504,2,RBBB,2,RBBB,0,N,0.9714937,0.9714937,0.007977807,0.00012816943,0.012417248,0.0018280095,0.00064875506,0.00023123737,0.0052751666
3590,118_01505,118,1505,2,RBBB,2,RBBB,0,N,0.9689574,0.9689574,0.009099505,0.00013183928,0.013317105,0.0018433001,0.0006225764,0.00024533903,0.0057828883
3591,118_01506,118,1506,2,RBBB,2,RBBB,0,N,0.97155136,0.97155136,0.008245473,0.00012521785,0.012344635,0.0018288696,0.000655013,0.00022678326,0.005022734
3592,118_01507,118,1507,2,RBBB,2,RBBB,0,N,0.96668816,0.96668816,0.00921113,0.00014934424,0.014278381,0.0018228563,0.0006459265,0.0002718888,0.0069322884
3593,118_01508,118,1508,2,RBBB,2,RBBB,0,N,0.9660342,0.9660342,0.010549333,0.00014544936,0.014367672,0.001844155,0.00068460766,0.00026435894,0.006110186
3594,118_01509,118,1509,2,RBBB,2,RBBB,0,N,0.9682027,0.9682027,0.008278041,0.00015374932,0.013660821,0.0018679885,0.0006604832,0.00027414164,0.0069021056
3595,118_01510,118,1510,2,RBBB,2,RBBB,0,N,0.9647941,0.9647941,0.00982455,0.00016065253,0.014888769,0.0018516097,0.0006566245,0.00029376594,0.0075298953
3596,118_01511,118,1511,2,RBBB,2,RBBB,0,N,0.97045356,0.97045356,0.006493157,0.00016049849,0.012890311,0.0018682323,0.00069247757,0.00027192602,0.0071698464
3597,118_01512,118,1512,2,RBBB,2,RBBB,0,N,0.96433896,0.96433896,0.010062384,0.00016677273,0.01489184,0.0018925627,0.000656015,0.00030462467,0.0076869396
3598,118_01513,118,1513,2,RBBB,2,RBBB,0,N,0.97062206,0.97062206,0.008804508,0.000126439,0.012450643,0.0019264715,0.0006223309,0.00023679771,0.0052106483
3599,118_01514,118,1514,2,RBBB,2,RBBB,0,N,0.969722,0.969722,0.009219042,0.0001336771,0.01279964,0.0019221939,0.00064162374,0.00024637845,0.005315429
3600,118_01515,118,1515,2,RBBB,2,RBBB,0,N,0.9781107,0.9781107,0.0055505214,0.00011511272,0.009705429,0.00186486,0.00071154954,0.00019475886,0.0037469557
3601,118_01516,118,1516,2,RBBB,2,RBBB,0,N,0.97387,0.97387,0.0063685547,0.00014068653,0.0114880055,0.0018986899,0.0007164262,0.00023844563,0.0052791354
3602,118_01517,118,1517,2,RBBB,2,RBBB,0,N,0.9722316,0.9722316,0.006687118,0.0001592345,0.012287328,0.0018221972,0.0007986745,0.00025482028,0.005758963
3603,118_01518,118,1518,2,RBBB,2,RBBB,0,N,0.9725761,0.9725761,0.0062004323,0.00016426713,0.012188295,0.0018106636,0.00082406995,0.00025713263,0.005979098
3604,118_01519,118,1519,2,RBBB,2,RBBB,0,N,0.9649061,0.9649061,0.008659753,0.00020450333,0.014936606,0.0018688868,0.00081632927,0.0003260287,0.00828175
3605,118_01520,118,1520,2,RBBB,2,RBBB,0,N,0.9668194,0.9668194,0.008940155,0.00017135378,0.01437157,0.001820725,0.00076869,0.00028530884,0.0068228017
3606,118_01521,118,1521,2,RBBB,2,RBBB,0,N,0.96669453,0.96669453,0.008499487,0.00018034052,0.014498813,0.0017902621,0.00078961893,0.000291582,0.0072554173
3607,118_01522,118,1522,2,RBBB,2,RBBB,0,N,0.95725304,0.95725304,0.011756264,0.0002113176,0.017904475,0.0017663969,0.0007511089,0.00035399807,0.010003436
3608,118_01523,118,1523,2,RBBB,2,RBBB,0,N,0.9591171,0.9591171,0.010292498,0.00020626184,0.01706177,0.001783335,0.00070282916,0.00035352638,0.010482745
3609,118_01524,118,1524,2,RBBB,2,RBBB,0,N,0.9663215,0.9663215,0.007620234,0.00018311992,0.014375879,0.0018334219,0.00069796515,0.00030862773,0.008659254
3610,118_01525,118,1525,2,RBBB,2,RBBB,0,N,0.9635185,0.9635185,0.0080612805,0.00019338256,0.015165589,0.0018868562,0.00066438655,0.00034142888,0.010168556
3611,118_01526,118,1526,2,RBBB,2,RBBB,0,N,0.96591765,0.96591765,0.009022019,0.00016183419,0.01434779,0.0019033254,0.0006392925,0.00029723655,0.0077107335
3612,118_01527,118,1527,2,RBBB,2,RBBB,0,N,0.96539295,0.96539295,0.010359643,0.00015311479,0.014579861,0.0018779574,0.00067584415,0.00028018907,0.006680522
3613,118_01528,118,1528,2,RBBB,2,RBBB,0,N,0.9678971,0.9678971,0.00977005,0.00014422655,0.013673991,0.0018537511,0.00071863417,0.00025692827,0.0056853467
3614,118_01529,118,1529,2,RBBB,2,RBBB,0,N,0.96873724,0.96873724,0.009024398,0.00014161656,0.013326535,0.0018852125,0.0006560094,0.00025734658,0.005971493
3615,118_01530,118,1530,2,RBBB,2,RBBB,0,N,0.9703337,0.9703337,0.008519849,0.000138151,0.0127444845,0.0018881292,0.00068666646,0.00024620962,0.00544286
3616,118_01531,118,1531,2,RBBB,2,RBBB,0,N,0.9706744,0.9706744,0.008626306,0.00013346682,0.012579664,0.001891001,0.0006843424,0.00023960466,0.0051712473
3617,118_01532,118,1532,2,RBBB,2,RBBB,0,N,0.9643198,0.9643198,0.011662224,0.00015023189,0.014842862,0.001895728,0.00070123014,0.0002759256,0.006152031
3618,118_01533,118,1533,2,RBBB,2,RBBB,0,N,0.9644863,0.9644863,0.011205898,0.00015192322,0.014870278,0.0018765783,0.0006917673,0.00027848937,0.006438723
3619,118_01534,118,1534,2,RBBB,2,RBBB,0,N,0.96858245,0.96858245,0.007981103,0.00015830963,0.013534983,0.0018850038,0.0006923879,0.0002764916,0.0068892664
3620,118_01535,118,1535,2,RBBB,2,RBBB,0,N,0.96683323,0.96683323,0.009477858,0.00015242047,0.014081642,0.001861008,0.000668444,0.00027472206,0.0066506406
3621,118_01536,118,1536,2,RBBB,2,RBBB,0,N,0.9674945,0.9674945,0.009024875,0.00015256369,0.013964623,0.0018479117,0.00068776635,0.0002701368,0.00655763
3622,118_01537,118,1537,2,RBBB,2,RBBB,0,N,0.9676152,0.9676152,0.009159868,0.00015138334,0.013930143,0.0018323938,0.0007020479,0.00026650826,0.0063423566
3623,118_01538,118,1538,2,RBBB,2,RBBB,0,N,0.9682936,0.9682936,0.008740823,0.00015319613,0.013577908,0.0018700327,0.000694067,0.00026879014,0.0064015347
3624,118_01539,118,1539,2,RBBB,2,RBBB,0,N,0.96504664,0.96504664,0.009027721,0.00016633375,0.014770684,0.001875607,0.0006499894,0.00030340036,0.008159621
3625,118_01540,118,1540,2,RBBB,2,RBBB,0,N,0.9665494,0.9665494,0.009613214,0.00015028715,0.014220959,0.0018689389,0.0006757748,0.00027297754,0.006648507
3626,118_01541,118,1541,2,RBBB,2,RBBB,0,N,0.96534073,0.96534073,0.009903412,0.00016142579,0.014694644,0.0018569147,0.00069412123,0.00028806724,0.0070608156
3627,118_01542,118,1542,2,RBBB,2,RBBB,0,N,0.9669404,0.9669404,0.009869406,0.0001519939,0.014068523,0.001857665,0.000722901,0.00026887516,0.0061202417
3628,118_01543,118,1543,2,RBBB,2,RBBB,0,N,0.968219,0.968219,0.007685286,0.00016703735,0.013892195,0.0018010013,0.0007479037,0.00027856807,0.007208946
3629,118_01544,118,1544,2,RBBB,2,RBBB,0,N,0.969957,0.969957,0.008081857,0.00014200938,0.013057215,0.0018440767,0.00069200207,0.00025114563,0.0059748
3630,118_01545,118,1545,2,RBBB,2,RBBB,0,N,0.9675413,0.9675413,0.009949098,0.00013677897,0.013773163,0.0018568395,0.00065627514,0.00025269313,0.005833818
3631,118_01546,118,1546,2,RBBB,2,RBBB,0,N,0.9730198,0.9730198,0.008059877,0.000111635265,0.011661854,0.0018606198,0.00061932916,0.00020945871,0.0044574137
3632,118_01547,118,1547,2,RBBB,2,RBBB,0,N,0.9611415,0.9611415,0.014244009,0.00013311919,0.015820315,0.0018562609,0.0006380739,0.00026325294,0.0059034005
3633,118_01548,118,1548,2,RBBB,2,RBBB,0,N,0.9717029,0.9717029,0.008549767,0.000119130025,0.012205238,0.0018411651,0.0006419945,0.00021967353,0.0047201705
3634,118_01549,118,1549,2,RBBB,2,RBBB,0,N,0.97188646,0.97188646,0.0078200055,0.00012638453,0.012247162,0.001839148,0.0006306021,0.0002295871,0.005220731
3635,118_01550,118,1550,2,RBBB,2,RBBB,0,N,0.9803833,0.9803833,0.004307633,0.000106431056,0.008832242,0.0018462634,0.00067431375,0.00018170453,0.0036682053
3636,118_01551,118,1551,2,RBBB,2,RBBB,0,N,0.98098177,0.98098177,0.0035118782,0.00011259094,0.008625838,0.0018282454,0.00071166083,0.00018574513,0.004042311
3637,118_01552,118,1552,2,RBBB,2,RBBB,0,N,0.9781957,0.9781957,0.0047649927,0.0001157158,0.009765487,0.0018699616,0.00066871644,0.0002007623,0.0044187317
3638,118_01553,118,1553,2,RBBB,2,RBBB,0,N,0.97472054,0.97472054,0.0063242926,0.0001173009,0.011079973,0.0018946994,0.00058429263,0.0002165114,0.005062443
3639,118_01554,118,1554,2,RBBB,2,RBBB,0,N,0.97785383,0.97785383,0.00453066,0.00011759058,0.009893564,0.0018811892,0.00060885027,0.00020682298,0.00490742
3640,118_01555,118,1555,2,RBBB,2,RBBB,0,N,0.98084617,0.98084617,0.0036979925,0.000112399444,0.008662006,0.0018416428,0.00068128866,0.00018642926,0.003972145
3641,118_01556,118,1556,3,APC,2,RBBB,0,N,0.97812665,0.97812665,0.00464687,0.00012400697,0.0098693585,0.0018302352,0.0007143533,0.00020529676,0.0044832067
3642,118_01557,118,1557,2,RBBB,3,APC,0,N,0.92357665,0.92357665,0.028676042,0.0003511087,0.029003076,0.0018954816,0.0009430512,0.0005520332,0.015002627
3643,118_01558,118,1558,2,RBBB,2,RBBB,0,N,0.89496917,0.89496917,0.04797057,0.00035355822,0.03639228,0.0021271415,0.0008635968,0.00063271157,0.016690906
3644,118_01559,118,1559,2,RBBB,2,RBBB,0,N,0.8708804,0.8708804,0.047024593,0.0007359239,0.042554587,0.0020874972,0.0011577709,0.0010481556,0.034511235
3645,118_01560,118,1560,2,RBBB,2,RBBB,0,N,0.96925247,0.96925247,0.008253068,0.00013753092,0.013318264,0.0018441998,0.000636502,0.00025183905,0.0063060564
3646,118_01561,118,1561,2,RBBB,2,RBBB,0,N,0.96667665,0.96667665,0.010732977,0.00012740213,0.014123242,0.0018073136,0.0006429694,0.00024208077,0.0056474945
3647,118_01562,118,1562,2,RBBB,2,RBBB,0,N,0.9663845,0.9663845,0.010444539,0.00013462342,0.014305191,0.001805858,0.0006425796,0.00025183847,0.006030921
3648,118_01563,118,1563,2,RBBB,2,RBBB,0,N,0.97050333,0.97050333,0.0081831105,0.00013437851,0.012838749,0.0018023732,0.00065655727,0.00023932791,0.005642115
3649,118_01564,118,1564,2,RBBB,2,RBBB,0,N,0.96920526,0.96920526,0.0077770986,0.00015623684,0.0135335885,0.0017828001,0.00072275155,0.00026397663,0.006558424
3650,118_01565,118,1565,2,RBBB,2,RBBB,0,N,0.97137034,0.97137034,0.0096664615,0.00011174668,0.012094111,0.0018304585,0.0006492823,0.0002076082,0.004070072
3651,118_01566,118,1566,2,RBBB,2,RBBB,0,N,0.9619163,0.9619163,0.012809134,0.00015569622,0.015855696,0.0018539476,0.0007174635,0.0002842317,0.006407426
3652,118_01567,118,1567,2,RBBB,2,RBBB,0,N,0.96612597,0.96612597,0.011860726,0.00013609428,0.014233577,0.0018357931,0.0007465742,0.00024507675,0.0048161787
3653,118_01568,118,1568,2,RBBB,2,RBBB,0,N,0.94651467,0.94651467,0.011252564,0.00039036822,0.021761155,0.0016711948,0.0011250816,0.000504424,0.016780565
3654,118_01569,118,1569,2,RBBB,2,RBBB,0,N,0.9602274,0.9602274,0.008708232,0.00024664262,0.016888939,0.0017381551,0.0008963213,0.00036631516,0.0109279305
3655,118_01570,118,1570,2,RBBB,2,RBBB,0,N,0.9568994,0.9568994,0.009491299,0.000234721,0.017631775,0.0017577435,0.0007169125,0.00038797467,0.012880204
3656,118_01571,118,1571,2,RBBB,2,RBBB,0,N,0.96368384,0.96368384,0.010163437,0.00016744278,0.015172532,0.0018861005,0.00065147644,0.00030847586,0.007966683
3657,118_01572,118,1572,2,RBBB,2,RBBB,0,N,0.9669058,0.9669058,0.00948356,0.00014912436,0.013993242,0.0018970475,0.0006554761,0.0002741768,0.00664166
3658,118_01573,118,1573,2,RBBB,2,RBBB,0,N,0.9674261,0.9674261,0.010299317,0.0001364828,0.013797303,0.0018560158,0.00067060074,0.00025068416,0.005563448
3659,118_01574,118,1574,2,RBBB,2,RBBB,0,N,0.9681732,0.9681732,0.008648334,0.00016376881,0.013788719,0.0018291683,0.0007574919,0.0002743917,0.0063648545
3660,118_01575,118,1575,2,RBBB,2,RBBB,0,N,0.9631446,0.9631446,0.008427577,0.00021076931,0.015770439,0.001751312,0.00079270854,0.0003310947,0.009571493
3661,118_01576,118,1576,2,RBBB,2,RBBB,0,N,0.96165854,0.96165854,0.009793628,0.00020380785,0.016239343,0.0017889149,0.00075820566,0.00033534062,0.009222207
3662,118_01577,118,1577,2,RBBB,2,RBBB,0,N,0.9600425,0.9600425,0.010880283,0.00018752813,0.016686115,0.0018271551,0.0006677445,0.00033737638,0.009371222
3663,118_01578,118,1578,2,RBBB,2,RBBB,0,N,0.9611962,0.9611962,0.011823591,0.00017016377,0.016240695,0.0018554974,0.00069835567,0.00031012937,0.007705502
3664,118_01579,118,1579,2,RBBB,2,RBBB,0,N,0.9610369,0.9610369,0.012107168,0.0001657338,0.016251607,0.001849127,0.00068016595,0.00030541772,0.0076038376
3665,118_01580,118,1580,2,RBBB,2,RBBB,0,N,0.9603568,0.9603568,0.0136153,0.00015372764,0.016282659,0.0018715371,0.0006873287,0.00029041056,0.006742226
3666,118_01581,118,1581,2,RBBB,2,RBBB,0,N,0.963978,0.963978,0.0114838295,0.00014430712,0.015077858,0.0018529233,0.00065191777,0.00027293866,0.00653828
3667,118_01582,118,1582,2,RBBB,2,RBBB,0,N,0.96482587,0.96482587,0.011059488,0.00014355079,0.014709621,0.0018642119,0.0006405143,0.0002712636,0.006485483
3668,118_01583,118,1583,2,RBBB,2,RBBB,0,N,0.9626927,0.9626927,0.010988744,0.00015623421,0.015488813,0.0018784723,0.00061333535,0.00030075465,0.007881118
3669,118_01584,118,1584,2,RBBB,2,RBBB,0,N,0.9607317,0.9607317,0.011600125,0.00016204471,0.016152406,0.0018777475,0.0006029764,0.00031583567,0.008557088
3670,118_01585,118,1585,2,RBBB,2,RBBB,0,N,0.96302915,0.96302915,0.0114943795,0.00014761863,0.015313413,0.0018779794,0.00061284006,0.00028703778,0.007237574
3671,118_01586,118,1586,2,RBBB,2,RBBB,0,N,0.9622079,0.9622079,0.011960724,0.00014534102,0.01566382,0.0018459975,0.00060252694,0.00028516998,0.0072885947
3672,118_01587,118,1587,2,RBBB,2,RBBB,0,N,0.9615505,0.9615505,0.012803273,0.00014168085,0.015838802,0.0018464839,0.0006100866,0.00027996392,0.006929309
3673,118_01588,118,1588,2,RBBB,2,RBBB,0,N,0.95654106,0.95654106,0.014376078,0.00016173426,0.017639792,0.0018468722,0.0006128664,0.00031931562,0.008502234
3674,118_01589,118,1589,2,RBBB,2,RBBB,0,N,0.95927936,0.95927936,0.013575113,0.00015263449,0.016639518,0.0018594279,0.0006252549,0.00029968403,0.007569002
3675,118_01590,118,1590,2,RBBB,2,RBBB,0,N,0.95611423,0.95611423,0.013995653,0.00016717249,0.017899975,0.0018262574,0.0006146001,0.00032778826,0.00905428
3676,118_01591,118,1591,2,RBBB,2,RBBB,0,N,0.96030056,0.96030056,0.012190812,0.0001571693,0.01642416,0.0018301335,0.0006117247,0.00030499807,0.0081805205
3677,118_01592,118,1592,2,RBBB,2,RBBB,0,N,0.96362925,0.96362925,0.010590535,0.00016434804,0.01532965,0.0018338974,0.0006690227,0.00029681498,0.007486602
3678,118_01593,118,1593,2,RBBB,2,RBBB,0,N,0.9712073,0.9712073,0.0081177475,0.00013806955,0.012531188,0.0018332738,0.00072933617,0.00023930245,0.005203696
3679,118_01594,118,1594,2,RBBB,2,RBBB,0,N,0.9706889,0.9706889,0.007995481,0.00014435466,0.012690777,0.001872652,0.0007096068,0.00025058648,0.005647644
3680,118_01595,118,1595,2,RBBB,2,RBBB,0,N,0.9677749,0.9677749,0.008450716,0.00016397973,0.013831253,0.0018627913,0.0007044288,0.00028235457,0.006929524
3681,118_01596,118,1596,2,RBBB,2,RBBB,0,N,0.96039486,0.96039486,0.011188433,0.00016703307,0.016348945,0.0018549532,0.00059904123,0.00032327257,0.009123485
3682,118_01597,118,1597,2,RBBB,2,RBBB,0,N,0.9634464,0.9634464,0.010340016,0.00016509548,0.015412876,0.0018254503,0.00066074857,0.00030007755,0.007849428
3683,118_01598,118,1598,2,RBBB,2,RBBB,0,N,0.9618915,0.9618915,0.011926912,0.00015569368,0.015831165,0.0018541578,0.0006417121,0.0002947154,0.007404105
3684,118_01599,118,1599,2,RBBB,2,RBBB,0,N,0.9660487,0.9660487,0.010964694,0.00013765878,0.014257728,0.0018565725,0.000660466,0.00025651953,0.005817649
3685,118_01600,118,1600,2,RBBB,2,RBBB,0,N,0.9659217,0.9659217,0.010514595,0.0001437348,0.014353667,0.0018592871,0.0006574032,0.00026653017,0.006283086
3686,118_01601,118,1601,2,RBBB,2,RBBB,0,N,0.9627448,0.9627448,0.011939718,0.00015002443,0.015470149,0.0018628875,0.00064674066,0.00028435822,0.0069012814
3687,118_01602,118,1602,2,RBBB,2,RBBB,0,N,0.9669705,0.9669705,0.008194997,0.0001583627,0.014077101,0.0018802029,0.0006344139,0.00028961332,0.0077948556
3688,118_01603,118,1603,2,RBBB,2,RBBB,0,N,0.96535605,0.96535605,0.009444948,0.00015870148,0.01458212,0.001865359,0.00063587236,0.00029311658,0.0076638265
3689,118_01604,118,1604,2,RBBB,2,RBBB,0,N,0.96630675,0.96630675,0.009663403,0.00014345653,0.014217164,0.0018742172,0.00059525814,0.0002743916,0.0069253417
3690,118_01605,118,1605,2,RBBB,2,RBBB,0,N,0.96569306,0.96569306,0.011789927,0.00013148399,0.01424417,0.001872826,0.00066438265,0.00024864386,0.005355517
3691,118_01606,118,1606,2,RBBB,2,RBBB,0,N,0.96749395,0.96749395,0.010574255,0.00013714425,0.013732081,0.0018480641,0.0007107332,0.00024780058,0.005255878
3692,118_01607,118,1607,2,RBBB,2,RBBB,0,N,0.96506023,0.96506023,0.010597212,0.0001578998,0.014837807,0.0018418663,0.0007201082,0.00027955798,0.0065051885
3693,118_01608,118,1608,2,RBBB,2,RBBB,0,N,0.9589777,0.9589777,0.00926845,0.000244453,0.017300079,0.0017156611,0.0008457038,0.00037033652,0.011277535
3694,118_01609,118,1609,2,RBBB,2,RBBB,0,N,0.95716166,0.95716166,0.009217649,0.00023702133,0.01773544,0.0017063925,0.00074160425,0.0003803176,0.012819939
3695,118_01610,118,1610,2,RBBB,2,RBBB,0,N,0.9595844,0.9595844,0.0110547645,0.00019763532,0.016508272,0.0019184459,0.00065966457,0.00036055813,0.009716176
3696,118_01611,118,1611,2,RBBB,2,RBBB,0,N,0.9705705,0.9705705,0.008392781,0.00013174943,0.012680658,0.0018722889,0.0006374964,0.00024045158,0.0054741325
3697,118_01612,118,1612,2,RBBB,2,RBBB,0,N,0.97492874,0.97492874,0.0070692296,0.00011386641,0.010896235,0.0018867331,0.0006337877,0.00020683494,0.004264566
3698,118_01613,118,1613,2,RBBB,2,RBBB,0,N,0.9729703,0.9729703,0.006988337,0.0001298984,0.011755069,0.0018966526,0.00064002356,0.0002332541,0.005386551
3699,118_01614,118,1614,2,RBBB,2,RBBB,0,N,0.9703151,0.9703151,0.0077606025,0.00013703093,0.01274627,0.0019052397,0.0006123638,0.00025388395,0.0062695616
3700,118_01615,118,1615,2,RBBB,2,RBBB,0,N,0.9743043,0.9743043,0.0061588436,0.0001296433,0.011270118,0.0019108107,0.0006484323,0.0002300413,0.005347685
3701,118_01616,118,1616,2,RBBB,2,RBBB,0,N,0.9706392,0.9706392,0.007975862,0.00013618155,0.012701193,0.0018755167,0.0006515317,0.0002456981,0.005774751
3702,118_01617,118,1617,2,RBBB,2,RBBB,0,N,0.9725928,0.9725928,0.006801678,0.00014057441,0.012009969,0.0018787924,0.0006850857,0.00024303679,0.005648105
3703,118_01618,118,1618,2,RBBB,2,RBBB,0,N,0.9683879,0.9683879,0.007339658,0.00016587596,0.013662398,0.0018620266,0.00069682574,0.00028471404,0.00760051
3704,118_01619,118,1619,2,RBBB,2,RBBB,0,N,0.9671915,0.9671915,0.0073050065,0.00018311688,0.014122453,0.0018301711,0.00072667596,0.00030133082,0.008339898
3705,118_01620,118,1620,2,RBBB,2,RBBB,0,N,0.9666495,0.9666495,0.008260096,0.00016676578,0.014323573,0.0018486368,0.00067850255,0.00029257813,0.0077804322
3706,118_01621,118,1621,2,RBBB,2,RBBB,0,N,0.96854603,0.96854603,0.007996004,0.0001629302,0.013693883,0.001824041,0.00073516916,0.00027452983,0.0067674886
3707,118_01622,118,1622,2,RBBB,2,RBBB,0,N,0.9709303,0.9709303,0.006794595,0.00015407,0.012767056,0.0018414593,0.00070665916,0.00026058283,0.00654535
3708,118_01623,118,1623,2,RBBB,2,RBBB,0,N,0.9695444,0.9695444,0.007903258,0.00015174362,0.013203274,0.0018622938,0.0006902876,0.00026351982,0.00638125
3709,118_01624,118,1624,2,RBBB,2,RBBB,0,N,0.971049,0.971049,0.0064398116,0.00015619629,0.012658274,0.001872434,0.0006906415,0.00026527225,0.006868431
3710,118_01625,118,1625,2,RBBB,2,RBBB,0,N,0.9690726,0.9690726,0.007890903,0.00015060678,0.013352237,0.0018820964,0.000669245,0.00026787102,0.006714506
3711,118_01626,118,1626,2,RBBB,2,RBBB,0,N,0.9680193,0.9680193,0.008826609,0.00014918722,0.0136785945,0.0018724328,0.00066412793,0.00026845583,0.0065213684
3712,118_01627,118,1627,2,RBBB,2,RBBB,0,N,0.96814424,0.96814424,0.009526093,0.00014053324,0.013529607,0.0018888413,0.0006612633,0.00025688385,0.0058524567
3713,118_01628,118,1628,2,RBBB,2,RBBB,0,N,0.97051436,0.97051436,0.007904842,0.00014225653,0.012768076,0.0018819339,0.00068160624,0.00025131105,0.005855619
3714,118_01629,118,1629,2,RBBB,2,RBBB,0,N,0.9692528,0.9692528,0.008262395,0.00015150064,0.013276567,0.0018704238,0.00070553215,0.00026354508,0.0062171947
3715,118_01630,118,1630,2,RBBB,2,RBBB,0,N,0.96496856,0.96496856,0.008241401,0.00017409782,0.014828568,0.001843038,0.0006416142,0.00031229696,0.008990431
3716,118_01631,118,1631,2,RBBB,2,RBBB,0,N,0.9644449,0.9644449,0.008537184,0.0001813318,0.015024866,0.0018306511,0.0006766082,0.0003166862,0.008987844
3717,118_01632,118,1632,2,RBBB,2,RBBB,0,N,0.96269566,0.96269566,0.007837109,0.00019655253,0.015540016,0.0018018535,0.00065953203,0.00033990247,0.010929424
3718,118_01633,118,1633,2,RBBB,2,RBBB,0,N,0.96303725,0.96303725,0.009590288,0.00017021156,0.0154743325,0.0018391968,0.0006157251,0.00031680142,0.0089563
3719,118_01634,118,1634,2,RBBB,2,RBBB,0,N,0.9654699,0.9654699,0.0101864785,0.00015581574,0.0146259945,0.0018554557,0.00068166835,0.00028116972,0.0067436276
3720,118_01635,118,1635,2,RBBB,2,RBBB,0,N,0.96945006,0.96945006,0.009468636,0.0001344029,0.013090054,0.0018237466,0.00071485114,0.00023924677,0.0050789905
3721,118_01636,118,1636,2,RBBB,2,RBBB,0,N,0.96436024,0.96436024,0.01222275,0.00013884164,0.014795771,0.0018698354,0.0006857368,0.00025973067,0.0056671537
3722,118_01637,118,1637,2,RBBB,2,RBBB,0,N,0.9655499,0.9655499,0.0121234255,0.000131224,0.014226135,0.0018783128,0.00068070943,0.00024720808,0.005163139
3723,118_01638,118,1638,2,RBBB,2,RBBB,0,N,0.9681433,0.9681433,0.010115326,0.00012955014,0.013491571,0.0018665249,0.00065918546,0.00024192952,0.005352689
3724,118_01639,118,1639,2,RBBB,2,RBBB,0,N,0.9689015,0.9689015,0.009376324,0.00013367053,0.013341734,0.0018356559,0.0006730296,0.00024346985,0.0054945876
3725,118_01640,118,1640,2,RBBB,2,RBBB,0,N,0.96606004,0.96606004,0.009669826,0.00015113644,0.01444297,0.0018391022,0.0006582446,0.00027600126,0.0069026314
3726,118_01641,118,1641,2,RBBB,2,RBBB,0,N,0.9686294,0.9686294,0.0077062245,0.00015459253,0.01347941,0.0018670186,0.000643454,0.0002764528,0.007243323
3727,118_01642,118,1642,2,RBBB,2,RBBB,0,N,0.96461314,0.96461314,0.00916385,0.00016098002,0.014892288,0.0018446307,0.00060812704,0.00030160937,0.008415291
3728,118_01643,118,1643,2,RBBB,2,RBBB,0,N,0.96893907,0.96893907,0.0072413594,0.00015348755,0.013387142,0.0018784876,0.00063500804,0.00027618118,0.0074893013
3729,118_01644,118,1644,2,RBBB,2,RBBB,0,N,0.96547925,0.96547925,0.010452225,0.00014521908,0.014548586,0.0018434578,0.00064317137,0.0002704767,0.0066175517
3730,118_01645,118,1645,2,RBBB,2,RBBB,0,N,0.9631621,0.9631621,0.011642114,0.000148416,0.015301243,0.0018689493,0.0006301767,0.0002838227,0.0069630705
3731,118_01646,118,1646,2,RBBB,2,RBBB,0,N,0.9636529,0.9636529,0.012109927,0.00014285096,0.015100391,0.001863738,0.0006625082,0.000269718,0.006198006
3732,118_01647,118,1647,2,RBBB,2,RBBB,0,N,0.96594286,0.96594286,0.010479457,0.0001433299,0.014325598,0.0018623536,0.00065177673,0.00026672086,0.0063279304
3733,118_01648,118,1648,2,RBBB,2,RBBB,0,N,0.95980906,0.95980906,0.012544113,0.00016405126,0.016478715,0.0018811314,0.0006277945,0.00031637275,0.008178759
3734,118_01649,118,1649,2,RBBB,2,RBBB,0,N,0.9605785,0.9605785,0.012420079,0.00015852311,0.016266169,0.0018619798,0.00063561084,0.00030403494,0.0077750743
3735,118_01650,118,1650,2,RBBB,2,RBBB,0,N,0.9545207,0.9545207,0.015105361,0.0001736183,0.01826893,0.0018810331,0.00062901346,0.00034132352,0.009080025
3736,118_01651,118,1651,2,RBBB,2,RBBB,0,N,0.9535272,0.9535272,0.015993547,0.00017223222,0.018522365,0.001890197,0.00062702567,0.0003405343,0.008926794
3737,118_01652,118,1652,2,RBBB,2,RBBB,0,N,0.9535722,0.9535722,0.01535701,0.00017453845,0.01863603,0.001874732,0.00061211,0.00034550243,0.009427909
3738,118_01653,118,1653,2,RBBB,2,RBBB,0,N,0.95653,0.95653,0.013915815,0.0001652488,0.017693313,0.0018392024,0.0006086023,0.0003257194,0.008922134
3739,118_01654,118,1654,2,RBBB,2,RBBB,0,N,0.9544765,0.9544765,0.014077784,0.00017905481,0.018541714,0.0018166632,0.00061176415,0.00034675476,0.009949715
3740,118_01655,118,1655,2,RBBB,2,RBBB,0,N,0.9552014,0.9552014,0.014866388,0.00016314449,0.017984658,0.0018586016,0.0005872426,0.00032836158,0.009010296
3741,118_01656,118,1656,2,RBBB,2,RBBB,0,N,0.9574928,0.9574928,0.013564428,0.00016110661,0.017203487,0.0018709613,0.00058648956,0.00032290674,0.008797818
3742,118_01657,118,1657,2,RBBB,2,RBBB,0,N,0.9623631,0.9623631,0.011268109,0.00015092321,0.015542903,0.0018777306,0.00059323316,0.0002974955,0.007906522
3743,118_01658,118,1658,2,RBBB,2,RBBB,0,N,0.95688826,0.95688826,0.013470976,0.00016660264,0.017415097,0.0018812916,0.0005846114,0.00033392626,0.009259207
3744,118_01659,118,1659,2,RBBB,2,RBBB,0,N,0.9582294,0.9582294,0.013241756,0.00016175311,0.01690038,0.0018984951,0.0005871887,0.00032401676,0.008656951
3745,118_01660,118,1660,2,RBBB,2,RBBB,0,N,0.9629626,0.9629626,0.011579136,0.00015088507,0.015304581,0.0018876373,0.0006211412,0.0002908253,0.007203063
3746,118_01661,118,1661,2,RBBB,2,RBBB,0,N,0.9653788,0.9653788,0.011459451,0.00013320587,0.014385858,0.0018712347,0.0006216744,0.00025719678,0.0058925957
3747,118_01662,118,1662,2,RBBB,2,RBBB,0,N,0.96170825,0.96170825,0.0124812,0.00014753203,0.01574096,0.001880012,0.00061042566,0.00029002654,0.0071415724
3748,118_01663,118,1663,2,RBBB,2,RBBB,0,N,0.96368444,0.96368444,0.010297623,0.0001699432,0.015409087,0.001828218,0.00068793463,0.000302004,0.0076208343
3749,118_01664,118,1664,2,RBBB,2,RBBB,0,N,0.96753615,0.96753615,0.00855092,0.00015662063,0.013890358,0.0018685182,0.0006625944,0.00027970882,0.0070551713
3750,118_01665,118,1665,2,RBBB,2,RBBB,0,N,0.9703393,0.9703393,0.0064907204,0.0001735117,0.012870645,0.0018645586,0.0007082312,0.00028274063,0.0072704167
3751,118_01666,118,1666,2,RBBB,2,RBBB,0,N,0.9764693,0.9764693,0.006329552,0.00011437113,0.0103659155,0.0018470276,0.0006949037,0.00019931297,0.0039797355
3752,118_01667,118,1667,2,RBBB,2,RBBB,0,N,0.97336906,0.97336906,0.007685244,0.00011554281,0.011559241,0.0018646242,0.0006357916,0.00021307403,0.0045573595
3753,118_01668,118,1668,2,RBBB,2,RBBB,0,N,0.96384424,0.96384424,0.010522769,0.00016769567,0.015311532,0.0018497806,0.0007104844,0.00029810285,0.0072954493
3754,118_01669,118,1669,2,RBBB,2,RBBB,0,N,0.9667693,0.9667693,0.009114133,0.00016454725,0.0143201165,0.0018519833,0.0007290305,0.0002836635,0.006767257
3755,118_01670,118,1670,2,RBBB,2,RBBB,0,N,0.94362813,0.94362813,0.0079176305,0.00040604526,0.020924445,0.0016570122,0.00090846757,0.0005481789,0.024010034
3756,118_01671,118,1671,3,APC,2,RBBB,0,N,0.9614247,0.9614247,0.008072331,0.00022960013,0.016204683,0.0017366891,0.0007787573,0.0003561547,0.011197194
3757,118_01672,118,1672,2,RBBB,3,APC,0,N,0.86393446,0.86393446,0.035597436,0.0011773977,0.045851752,0.0017345108,0.001502969,0.0011399231,0.049061537
3758,118_01673,118,1673,2,RBBB,2,RBBB,0,N,0.79588,0.79588,0.09067902,0.0011791843,0.063494176,0.0021914823,0.0014165996,0.0013230233,0.043836504
3759,118_01674,118,1674,2,RBBB,2,RBBB,0,N,0.82861173,0.82861173,0.053484898,0.0016016738,0.05164475,0.0019559292,0.0017632438,0.0015096517,0.059428073
3760,118_01675,118,1675,2,RBBB,2,RBBB,0,N,0.9607232,0.9607232,0.009974067,0.0002154235,0.016507039,0.0017968487,0.0007967489,0.00034738772,0.009639302
3761,118_01676,118,1676,2,RBBB,2,RBBB,0,N,0.95251983,0.95251983,0.014311335,0.00020634338,0.019197045,0.0018458563,0.00069604773,0.0003797665,0.010843823
3762,118_01677,118,1677,2,RBBB,2,RBBB,0,N,0.9608995,0.9608995,0.009221085,0.0002116691,0.016427116,0.0017739764,0.0007579353,0.00034657842,0.010362183
3763,118_01678,118,1678,2,RBBB,2,RBBB,0,N,0.9725909,0.9725909,0.0062022596,0.00015547205,0.012069278,0.001862844,0.0007432983,0.0002551,0.0061207185
3764,118_01679,118,1679,2,RBBB,2,RBBB,0,N,0.9712131,0.9712131,0.005783044,0.00016788612,0.01265259,0.0018352483,0.00073741016,0.00027160448,0.007339163
3765,118_01680,118,1680,2,RBBB,2,RBBB,0,N,0.97342086,0.97342086,0.00553651,0.00015267919,0.011734112,0.0018703328,0.00071492005,0.00025159653,0.0063189296
3766,118_01681,118,1681,2,RBBB,2,RBBB,0,N,0.97093177,0.97093177,0.0060138283,0.00016264248,0.012598807,0.0018944449,0.00067327026,0.00027592797,0.0074492497
3767,118_01682,118,1682,2,RBBB,2,RBBB,0,N,0.9699806,0.9699806,0.006304751,0.00017168336,0.012996179,0.0018732498,0.00070303696,0.00028467446,0.0076858886
3768,118_01683,118,1683,2,RBBB,2,RBBB,0,N,0.96384305,0.96384305,0.0054270905,0.00022534364,0.014990594,0.0017139333,0.00073718553,0.00034307461,0.012719756
3769,118_01684,118,1684,2,RBBB,2,RBBB,0,N,0.96325105,0.96325105,0.0073599713,0.00020550725,0.01553019,0.0017548805,0.00071783824,0.00033429568,0.010846112
3770,118_01685,118,1685,2,RBBB,2,RBBB,0,N,0.95748055,0.95748055,0.010334081,0.00021927964,0.017218433,0.0018629297,0.00066648226,0.00038764946,0.011830665
3771,118_01686,118,1686,2,RBBB,2,RBBB,0,N,0.97012514,0.97012514,0.008796245,0.00013147315,0.012825017,0.0018660902,0.00066490145,0.00023929468,0.0053518764
3772,118_01687,118,1687,2,RBBB,2,RBBB,0,N,0.9668637,0.9668637,0.010773817,0.00013020825,0.013932147,0.0018639272,0.00064677646,0.0002466036,0.0055427584
3773,118_01688,118,1688,2,RBBB,2,RBBB,0,N,0.9659535,0.9659535,0.011126946,0.00013854785,0.014277255,0.0018523221,0.0006803559,0.00025586665,0.005715146
3774,118_01689,118,1689,2,RBBB,2,RBBB,0,N,0.96308273,0.96308273,0.012056228,0.00015081887,0.015347051,0.0018762544,0.0006856554,0.00028105127,0.006520208
3775,118_01690,118,1690,2,RBBB,2,RBBB,0,N,0.9634216,0.9634216,0.01167861,0.00015111198,0.015252369,0.0018705683,0.00068091985,0.00028166003,0.006663127
3776,118_01691,118,1691,3,APC,2,RBBB,0,N,0.9644074,0.9644074,0.010120951,0.00015917108,0.015055176,0.0018405983,0.0006591238,0.00029171447,0.0074659456
3777,118_01692,118,1692,2,RBBB,3,APC,0,N,0.8992256,0.8992256,0.042419188,0.00040611808,0.03552189,0.0021013112,0.0009026688,0.0006766108,0.018746538
3778,118_01693,118,1693,2,RBBB,2,RBBB,0,N,0.9174662,0.9174662,0.03209435,0.00031088237,0.030403778,0.0019991067,0.0007656712,0.000564507,0.016395567
3779,118_01694,118,1694,2,RBBB,2,RBBB,0,N,0.90128857,0.90128857,0.038252175,0.00049180345,0.033778243,0.0022100122,0.0010120083,0.0008001092,0.022167193
3780,118_01695,118,1695,2,RBBB,2,RBBB,0,N,0.96757936,0.96757936,0.009611039,0.00014023336,0.013895542,0.0018189468,0.00065405504,0.00025518562,0.0060456065
3781,118_01696,118,1696,2,RBBB,2,RBBB,0,N,0.969757,0.969757,0.008757891,0.00014091215,0.013115838,0.0018006738,0.0007230513,0.00024497593,0.0054598195
3782,118_01697,118,1697,2,RBBB,2,RBBB,0,N,0.9569283,0.9569283,0.014237115,0.00016825394,0.017482148,0.001865803,0.0006416108,0.00032428422,0.008352369
3783,118_01698,118,1698,2,RBBB,2,RBBB,0,N,0.96487075,0.96487075,0.01095192,0.00014751044,0.01460632,0.0018897206,0.00063404767,0.00027834755,0.0066213324
3784,118_01699,118,1699,2,RBBB,2,RBBB,0,N,0.9634158,0.9634158,0.010742674,0.0001526049,0.015320548,0.001855548,0.0006235297,0.0002911709,0.0075980956
3785,118_01700,118,1700,3,APC,2,RBBB,0,N,0.9685792,0.9685792,0.008654881,0.00014066411,0.013513366,0.0018472942,0.0006374711,0.00025764343,0.006369437
3786,118_01701,118,1701,2,RBBB,3,APC,0,N,0.83669513,0.83669513,0.08307312,0.0005748898,0.05129479,0.0022674394,0.0010596226,0.00090539985,0.02412956
3787,118_01702,118,1702,2,RBBB,2,RBBB,0,N,0.82937145,0.82937145,0.09345243,0.00052314583,0.05095545,0.0024051024,0.0010427573,0.0008932626,0.021356486
3788,118_01703,118,1703,2,RBBB,2,RBBB,0,N,0.79818624,0.79818624,0.07503298,0.0014720202,0.059027944,0.0021286071,0.0014729365,0.0015896846,0.06108964
3789,118_01704,118,1704,2,RBBB,2,RBBB,0,N,0.96129054,0.96129054,0.0112395035,0.00016878285,0.016020874,0.0018674785,0.0006367472,0.00031792655,0.008458194
3790,118_01705,118,1705,2,RBBB,2,RBBB,0,N,0.9663238,0.9663238,0.009527369,0.00014748031,0.014292164,0.0018461889,0.00063358556,0.00027335167,0.006955985
3791,118_01706,118,1706,2,RBBB,2,RBBB,0,N,0.96334493,0.96334493,0.011331865,0.00015125767,0.015333095,0.0018483947,0.00064499624,0.0002846796,0.0070608547
3792,118_01707,118,1707,2,RBBB,2,RBBB,0,N,0.96463686,0.96463686,0.010674991,0.00015317927,0.014786034,0.0018663591,0.0006457686,0.00028409847,0.0069526117
3793,118_01708,118,1708,2,RBBB,2,RBBB,0,N,0.9673851,0.9673851,0.008823703,0.00015119284,0.013801607,0.0019114108,0.0006362185,0.00027917325,0.0070115747
3794,118_01709,118,1709,2,RBBB,2,RBBB,0,N,0.96990895,0.96990895,0.008209618,0.00013914572,0.012940854,0.0018910655,0.0006544385,0.00025229936,0.006003693
3795,118_01710,118,1710,2,RBBB,2,RBBB,0,N,0.96315634,0.96315634,0.011252891,0.00014920786,0.01532261,0.0018762198,0.00061783096,0.00028862563,0.0073362812
3796,118_01711,118,1711,2,RBBB,2,RBBB,0,N,0.9650113,0.9650113,0.010108439,0.00015087219,0.014716552,0.0018595428,0.0006270415,0.00028354817,0.007242583
3797,118_01712,118,1712,2,RBBB,2,RBBB,0,N,0.9657745,0.9657745,0.010212924,0.00014644917,0.01447572,0.0018487751,0.0006475242,0.00027158338,0.006622584
3798,118_01713,118,1713,2,RBBB,2,RBBB,0,N,0.9673679,0.9673679,0.0085902475,0.00015196133,0.014007443,0.0018502726,0.0006501693,0.00027507433,0.0071069
3799,118_01714,118,1714,2,RBBB,2,RBBB,0,N,0.9651712,0.9651712,0.010431357,0.00014976859,0.0146819865,0.0018496432,0.00065256906,0.00027702464,0.006786412
3800,118_01715,118,1715,2,RBBB,2,RBBB,0,N,0.9594507,0.9594507,0.012230955,0.00017549221,0.016702393,0.0018816742,0.0006552573,0.00032920044,0.008574303
3801,118_01716,118,1716,2,RBBB,2,RBBB,0,N,0.9618317,0.9618317,0.012244707,0.0001597611,0.015750354,0.0019045902,0.00067066064,0.00029981558,0.007138373
3802,118_01717,118,1717,3,APC,2,RBBB,0,N,0.958325,0.958325,0.013205879,0.00017917753,0.017057111,0.0019030253,0.00069220323,0.00033348877,0.008304078
3803,118_01718,118,1718,2,RBBB,3,APC,0,N,0.8698378,0.8698378,0.061148863,0.00052613346,0.04311187,0.0022541024,0.0010528973,0.0008298977,0.0212385
3804,118_01719,118,1719,2,RBBB,2,RBBB,0,N,0.90371954,0.90371954,0.042368155,0.00033414943,0.03362297,0.0021530837,0.000809907,0.0006183858,0.016373783
3805,118_01720,118,1720,2,RBBB,2,RBBB,0,N,0.8858576,0.8858576,0.034057252,0.00073273666,0.038369067,0.0019267628,0.0011110173,0.0010024635,0.03694313
3806,118_01721,118,1721,2,RBBB,2,RBBB,0,N,0.9745301,0.9745301,0.0053275474,0.0001297998,0.011186045,0.0018986355,0.000582259,0.00023423575,0.0061113113
3807,118_01722,118,1722,2,RBBB,2,RBBB,0,N,0.9667046,0.9667046,0.008340841,0.00016059255,0.014041927,0.0018727613,0.00061150885,0.0002947921,0.007973078
3808,118_01723,118,1723,3,APC,2,RBBB,0,N,0.96720403,0.96720403,0.008605206,0.00015355529,0.013856645,0.0018962894,0.0006104138,0.00028527455,0.007388459
3809,118_01724,118,1724,2,RBBB,3,APC,0,N,0.865634,0.865634,0.0589764,0.0005586973,0.044992886,0.002165587,0.0009982698,0.0008738258,0.0258004
3810,118_01725,118,1725,2,RBBB,2,RBBB,0,N,0.88241285,0.88241285,0.059455592,0.0003367204,0.03811388,0.0022965393,0.0008406029,0.0006495713,0.015894234
3811,118_01726,118,1726,2,RBBB,2,RBBB,0,N,0.8583429,0.8583429,0.055599112,0.00072373624,0.045228515,0.0022033115,0.0010833497,0.0011018025,0.03571719
3812,118_01727,118,1727,2,RBBB,2,RBBB,0,N,0.9705356,0.9705356,0.0081420615,0.00013005271,0.012726213,0.0018626108,0.00061474304,0.00024067945,0.005748067
3813,118_01728,118,1728,2,RBBB,2,RBBB,0,N,0.9578029,0.9578029,0.01350222,0.00016512632,0.017170904,0.0018732555,0.00061246817,0.00032345057,0.008549754
3814,118_01729,118,1729,2,RBBB,2,RBBB,0,N,0.9678538,0.9678538,0.009340058,0.00013852128,0.013686478,0.0018626775,0.00063045276,0.0002580483,0.006230017
3815,118_01730,118,1730,2,RBBB,2,RBBB,0,N,0.96443313,0.96443313,0.01007844,0.00015338004,0.014883412,0.0018637365,0.0006025494,0.00029227082,0.0076930625
3816,118_01731,118,1731,2,RBBB,2,RBBB,0,N,0.97201,0.97201,0.0071430816,0.00013483777,0.012222278,0.0018688736,0.0006444273,0.0002402107,0.005736289
3817,118_01732,118,1732,2,RBBB,2,RBBB,0,N,0.96646595,0.96646595,0.008435343,0.00015436143,0.014212606,0.0018560488,0.0005898719,0.00028993134,0.007995957
3818,118_01733,118,1733,2,RBBB,2,RBBB,0,N,0.9704921,0.9704921,0.006797309,0.00015271813,0.012820157,0.0018765018,0.0006527283,0.00026712965,0.006941217
3819,118_01734,118,1734,2,RBBB,2,RBBB,0,N,0.9697197,0.9697197,0.006654113,0.00016209297,0.013137754,0.0018651636,0.0006748788,0.000277616,0.007508646
3820,118_01735,118,1735,2,RBBB,2,RBBB,0,N,0.96611077,0.96611077,0.008129946,0.00016255309,0.014363502,0.0018711612,0.00061040797,0.0003007525,0.008450956
3821,118_01736,118,1736,3,APC,2,RBBB,0,N,0.9716122,0.9716122,0.007185002,0.00014347355,0.012328925,0.0018933398,0.0006687323,0.00025047106,0.005917816
3822,118_01737,118,1737,2,RBBB,3,APC,0,N,0.9115115,0.9115115,0.029990882,0.00042584763,0.032785907,0.0019002812,0.0008738096,0.0006640477,0.021847634
3823,118_01738,118,1738,2,RBBB,2,RBBB,0,N,0.8860275,0.8860275,0.052837484,0.00038667402,0.03882307,0.0021538557,0.0008875789,0.00067859516,0.018205253
3824,118_01739,118,1739,2,RBBB,2,RBBB,0,N,0.7857227,0.7857227,0.08850227,0.0014266819,0.062181022,0.002178325,0.0014921413,0.0015488056,0.056948155
3825,118_01740,118,1740,2,RBBB,2,RBBB,0,N,0.96332896,0.96332896,0.011128124,0.00016025612,0.015221857,0.0018885848,0.00065134896,0.0002977833,0.0073230024
3826,118_01741,118,1741,2,RBBB,2,RBBB,0,N,0.9644063,0.9644063,0.010902459,0.00015083369,0.014834422,0.0018921933,0.000650833,0.0002839025,0.006878941
3827,118_01742,118,1742,2,RBBB,2,RBBB,0,N,0.9677468,0.9677468,0.008529956,0.00015255023,0.013818221,0.0018625213,0.0006486059,0.00027514875,0.006966205
3828,118_01743,118,1743,2,RBBB,2,RBBB,0,N,0.96760625,0.96760625,0.007883383,0.00016790703,0.014015717,0.0018343569,0.0007018393,0.00028645064,0.007504127
3829,118_01744,118,1744,2,RBBB,2,RBBB,0,N,0.9609667,0.9609667,0.01106938,0.00017748223,0.016178591,0.0018716982,0.000654909,0.00032838722,0.008752872
3830,118_01745,118,1745,2,RBBB,2,RBBB,0,N,0.96649605,0.96649605,0.008695002,0.00016795189,0.014319715,0.0018670508,0.0006900859,0.00029377497,0.0074702725
3831,118_01746,118,1746,2,RBBB,2,RBBB,0,N,0.97095907,0.97095907,0.0076024453,0.0001458789,0.012682595,0.0018517916,0.0007175257,0.00025069976,0.005789976
3832,118_01747,118,1747,2,RBBB,2,RBBB,0,N,0.9671926,0.9671926,0.008937011,0.00016393358,0.014089731,0.0018561456,0.0007317694,0.00028161475,0.0067471582
3833,118_01748,118,1748,3,APC,2,RBBB,0,N,0.9646689,0.9646689,0.0099469,0.00016443784,0.014814014,0.0018911929,0.000661206,0.0003004208,0.0075528594
3834,118_01749,118,1749,2,RBBB,3,APC,0,N,0.8977147,0.8977147,0.048709307,0.00038629468,0.03464492,0.002220814,0.0009923872,0.0006485941,0.014683082
3835,118_01750,118,1750,2,RBBB,2,RBBB,0,N,0.90077907,0.90077907,0.04983315,0.0002934169,0.032833666,0.0022170788,0.00086487934,0.00055955636,0.012619217
3836,118_01751,118,1751,2,RBBB,2,RBBB,0,N,0.880806,0.880806,0.04071392,0.0007428538,0.04004807,0.0019899409,0.0012365114,0.0010069883,0.033455715
3837,118_01752,118,1752,2,RBBB,2,RBBB,0,N,0.9728372,0.9728372,0.0066311527,0.00014219584,0.011863099,0.0019041658,0.00069017155,0.000244983,0.005687037
3838,118_01753,118,1753,3,APC,2,RBBB,0,N,0.9672865,0.9672865,0.0083238,0.00015806481,0.013961934,0.0018890667,0.0006546336,0.00028548206,0.0074403943
3839,118_01754,118,1754,2,RBBB,3,APC,0,N,0.93432224,0.93432224,0.015914414,0.00037848062,0.025502397,0.0017287657,0.00083545764,0.00056118064,0.020757027
3840,118_01755,118,1755,2,RBBB,2,RBBB,0,N,0.9310669,0.9310669,0.020485394,0.00032258042,0.026773706,0.0018093415,0.0007458724,0.00053628115,0.01825986
3841,118_01756,118,1756,2,RBBB,2,RBBB,0,N,0.8885601,0.8885601,0.017371103,0.0009351012,0.035344716,0.0016322389,0.001236281,0.0010784398,0.05384206
3842,118_01757,118,1757,2,RBBB,2,RBBB,0,N,0.97360784,0.97360784,0.004962019,0.00015730347,0.011772529,0.0017787155,0.0007343404,0.00024897963,0.006738285
3843,118_01758,118,1758,3,APC,2,RBBB,0,N,0.96395516,0.96395516,0.0076408726,0.00020843303,0.015324352,0.0017514642,0.00074989424,0.0003300761,0.010039677
3844,118_01759,118,1759,2,RBBB,3,APC,0,N,0.88868624,0.88868624,0.032969974,0.0006905598,0.040140565,0.0017524236,0.0011262994,0.00086814363,0.033765838
3845,118_01760,118,1760,2,RBBB,2,RBBB,0,N,0.8941521,0.8941521,0.0417868,0.00043905515,0.03810406,0.001940498,0.00092676945,0.00069736684,0.021953376
3846,118_01761,118,1761,2,RBBB,2,RBBB,0,N,0.8380365,0.8380365,0.046749197,0.0013103557,0.049628604,0.0018815484,0.0014366519,0.001370157,0.059586994
3847,118_01762,118,1762,2,RBBB,2,RBBB,0,N,0.9662874,0.9662874,0.009208291,0.0001644174,0.014400949,0.0018436149,0.0006952466,0.00028731348,0.0071127256
3848,118_01763,118,1763,2,RBBB,2,RBBB,0,N,0.96091354,0.96091354,0.011089503,0.00018929061,0.0164546,0.0018336329,0.00074060954,0.00032720433,0.008451588
3849,118_01764,118,1764,2,RBBB,2,RBBB,0,N,0.96568364,0.96568364,0.009990713,0.00015951568,0.014670119,0.0018322456,0.0007151172,0.00028003057,0.0066686613
3850,118_01765,118,1765,2,RBBB,2,RBBB,0,N,0.9670576,0.9670576,0.008550975,0.0001702868,0.01419261,0.0018294745,0.00072608487,0.00028743257,0.007185427
3851,118_01766,118,1766,3,APC,2,RBBB,0,N,0.96368396,0.96368396,0.009993843,0.00017210154,0.015259411,0.0018610966,0.000672015,0.0003102144,0.0080474205
3852,118_01767,118,1767,2,RBBB,3,APC,0,N,0.8867171,0.8867171,0.045018196,0.000513931,0.04014031,0.0019708253,0.0009992735,0.00076371327,0.023876553
3853,118_01768,118,1768,2,RBBB,2,RBBB,0,N,0.8940381,0.8940381,0.04959617,0.0003413695,0.036408544,0.0021228897,0.00085958344,0.0006162705,0.016017057
3854,118_01769,118,1769,2,RBBB,2,RBBB,0,N,0.8226531,0.8226531,0.07761758,0.00096531713,0.054434918,0.0022120355,0.0013059122,0.0012392825,0.039571855
3855,118_01770,118,1770,3,APC,2,RBBB,0,N,0.9635434,0.9635434,0.011689436,0.0001474281,0.0152877,0.0018384515,0.00067012996,0.00027467674,0.0065487023
3856,118_01771,118,1771,2,RBBB,3,APC,0,N,0.79911983,0.79911983,0.11322419,0.0007086,0.05760774,0.0024602325,0.0012365241,0.0010632898,0.02457963
3857,118_01772,118,1772,2,RBBB,2,RBBB,0,N,0.8119378,0.8119378,0.11290074,0.0005262034,0.052180633,0.0025664472,0.0011573373,0.0008829132,0.01784805
3858,118_01773,118,1773,2,RBBB,2,RBBB,0,N,0.87560415,0.87560415,0.047242112,0.00079615286,0.0416596,0.0020948239,0.0014040817,0.0010437921,0.030155241
3859,118_01774,118,1774,3,APC,2,RBBB,0,N,0.9743299,0.9743299,0.007040103,0.00011989422,0.011279236,0.0018319149,0.00067435973,0.00021242468,0.004512161
3860,118_01775,118,1775,2,RBBB,3,APC,0,N,0.91843784,0.91843784,0.02816834,0.0003815618,0.030678205,0.0018900384,0.00084471254,0.0006050525,0.018994309
3861,118_01776,118,1776,2,RBBB,2,RBBB,0,N,0.91562146,0.91562146,0.028414894,0.00037502238,0.031417537,0.0019189805,0.00079895783,0.0006273065,0.020825876
3862,118_01777,118,1777,2,RBBB,2,RBBB,0,N,0.84196633,0.84196633,0.032053553,0.0014078037,0.045602806,0.0017564157,0.0014045156,0.0014729111,0.07433559
3863,118_01778,118,1778,2,RBBB,2,RBBB,0,N,0.96874464,0.96874464,0.007822962,0.00015363832,0.013423667,0.0018907725,0.00065515254,0.00027477843,0.007034394
3864,118_01779,118,1779,2,RBBB,2,RBBB,0,N,0.96520305,0.96520305,0.008534267,0.00017481302,0.014725955,0.001859125,0.0006544192,0.0003113637,0.008536949
3865,118_01780,118,1780,2,RBBB,2,RBBB,0,N,0.97109264,0.97109264,0.007207582,0.0001490764,0.012618392,0.0018714926,0.00069918734,0.00025598303,0.00610561
3866,118_01781,118,1781,2,RBBB,2,RBBB,0,N,0.9651206,0.9651206,0.008588005,0.00017818414,0.014787969,0.0018339589,0.00067494315,0.000310543,0.008505921
3867,118_01782,118,1782,2,RBBB,2,RBBB,0,N,0.9621709,0.9621709,0.010471094,0.00017207387,0.015794588,0.0018566627,0.0006469916,0.00031818126,0.008569513
3868,118_01783,118,1783,2,RBBB,2,RBBB,0,N,0.96451324,0.96451324,0.009429995,0.00017119924,0.0150085585,0.0018481655,0.00067178876,0.00030574301,0.008051319
3869,118_01784,118,1784,2,RBBB,2,RBBB,0,N,0.96751195,0.96751195,0.0089794,0.00015785742,0.013936743,0.0018453177,0.0006977348,0.0002752032,0.0065958733
3870,118_01785,118,1785,2,RBBB,2,RBBB,0,N,0.9688478,0.9688478,0.0069663962,0.00016961196,0.013530965,0.0018351787,0.0007056161,0.00028379692,0.0076605924
3871,118_01786,118,1786,2,RBBB,2,RBBB,0,N,0.9632381,0.9632381,0.009012471,0.00018633419,0.015552651,0.0017893378,0.0006936095,0.00032058705,0.009206823
3872,118_01787,118,1787,2,RBBB,2,RBBB,0,N,0.95869726,0.95869726,0.011007756,0.00018373267,0.017184544,0.0017677768,0.00063303165,0.0003368603,0.010189029
3873,118_01788,118,1788,2,RBBB,2,RBBB,0,N,0.9559904,0.9559904,0.013419361,0.00017768712,0.01800246,0.0018313609,0.0006173135,0.00034209903,0.009619343
3874,118_01789,118,1789,2,RBBB,2,RBBB,0,N,0.9595048,0.9595048,0.012378972,0.00016667802,0.016708592,0.0018395821,0.0006284654,0.00031727663,0.008455672
3875,118_01790,118,1790,2,RBBB,2,RBBB,0,N,0.9600534,0.9600534,0.012836254,0.00015753621,0.016423473,0.0018623112,0.00063143397,0.00030410092,0.0077314577
3876,118_01791,118,1791,2,RBBB,2,RBBB,0,N,0.9565207,0.9565207,0.014983548,0.00015866575,0.017543355,0.0018857088,0.0006192171,0.00031537813,0.007973384
3877,118_01792,118,1792,2,RBBB,2,RBBB,0,N,0.9551483,0.9551483,0.016359994,0.00016140591,0.01796051,0.001890083,0.0006705103,0.0003143528,0.0074948063
3878,118_01793,118,1793,2,RBBB,2,RBBB,0,N,0.9604094,0.9604094,0.013214385,0.0001532878,0.016279118,0.0018604415,0.00064798456,0.00029399738,0.0071413433
3879,118_01794,118,1794,2,RBBB,2,RBBB,0,N,0.9594331,0.9594331,0.012419877,0.00016774621,0.01672598,0.001851799,0.0006355296,0.00031928867,0.008446643
3880,118_01795,118,1795,2,RBBB,2,RBBB,0,N,0.9620514,0.9620514,0.011007071,0.0001615265,0.01580061,0.0018497403,0.0006203144,0.00030696896,0.008202387
3881,118_01796,118,1796,2,RBBB,2,RBBB,0,N,0.96080434,0.96080434,0.011701415,0.00016390799,0.016239656,0.0018502554,0.0006201239,0.00031245907,0.008307903
3882,118_01797,118,1797,2,RBBB,2,RBBB,0,N,0.96697944,0.96697944,0.009553634,0.00014550216,0.014000669,0.0018611617,0.00063852174,0.00026877297,0.0065522203
3883,118_01798,118,1798,2,RBBB,2,RBBB,0,N,0.9618332,0.9618332,0.011452941,0.0001612155,0.015810493,0.0018672883,0.00062250363,0.00030665184,0.007945605
3884,118_01799,118,1799,2,RBBB,2,RBBB,0,N,0.966566,0.966566,0.008737252,0.00015932742,0.014202364,0.001865567,0.000644149,0.00028903564,0.0075362357
3885,118_01800,118,1800,2,RBBB,2,RBBB,0,N,0.9634471,0.9634471,0.00950124,0.00017555691,0.015252373,0.0018628265,0.000634264,0.00032138798,0.008805275
3886,118_01801,118,1801,2,RBBB,2,RBBB,0,N,0.9612501,0.9612501,0.011437406,0.00017089769,0.015954413,0.0018938276,0.0006353342,0.00032124828,0.008336696
3887,118_01802,118,1802,2,RBBB,2,RBBB,0,N,0.96528345,0.96528345,0.010286482,0.00015228125,0.014465498,0.0019189329,0.0006367092,0.00028647407,0.006970139
3888,118_01803,118,1803,2,RBBB,2,RBBB,0,N,0.9625702,0.9625702,0.012554275,0.0001479037,0.015400498,0.0018981652,0.0006651432,0.0002816928,0.0064821113
3889,118_01804,118,1804,2,RBBB,2,RBBB,0,N,0.96642625,0.96642625,0.009851349,0.00014685551,0.014238646,0.001864673,0.0006567829,0.00027044007,0.0065450314
3890,118_01805,118,1805,2,RBBB,2,RBBB,0,N,0.9633971,0.9633971,0.01007954,0.00017305065,0.015389352,0.0018567599,0.00067562953,0.00031170185,0.008116947
3891,118_01806,118,1806,2,RBBB,2,RBBB,0,N,0.96330726,0.96330726,0.010449303,0.00017023542,0.015537355,0.0018378677,0.0006925501,0.00030380755,0.007701612
3892,118_01807,118,1807,2,RBBB,2,RBBB,0,N,0.9638767,0.9638767,0.0097760465,0.0001705046,0.015339474,0.0018247094,0.00068188115,0.0003038906,0.008026837
3893,118_01808,118,1808,2,RBBB,2,RBBB,0,N,0.96722895,0.96722895,0.008135506,0.00017280268,0.014136878,0.0018200446,0.00071563,0.00029065486,0.0074996124
3894,118_01809,118,1809,2,RBBB,2,RBBB,0,N,0.96163,0.96163,0.009555675,0.000189201,0.015941754,0.0018373764,0.00064893096,0.00034000722,0.009857124
3895,118_01810,118,1810,2,RBBB,2,RBBB,0,N,0.96605754,0.96605754,0.008168191,0.00016450063,0.014432007,0.0018742128,0.00063418073,0.00030030747,0.008369058
3896,118_01811,118,1811,2,RBBB,2,RBBB,0,N,0.9605044,0.9605044,0.012136333,0.00016363054,0.016364539,0.0018535149,0.0006508882,0.00030960134,0.008017144
3897,118_01812,118,1812,2,RBBB,2,RBBB,0,N,0.9651581,0.9651581,0.010466366,0.00014915323,0.014666792,0.0018545425,0.0006508076,0.00027663147,0.0067776237
3898,118_01813,118,1813,2,RBBB,2,RBBB,0,N,0.96462953,0.96462953,0.009860463,0.00016252008,0.014875955,0.0018655575,0.00064886577,0.00029812133,0.007659044
3899,118_01814,118,1814,2,RBBB,2,RBBB,0,N,0.9661816,0.9661816,0.008436931,0.00016455517,0.01453758,0.001823528,0.00067174144,0.0002909388,0.007893057
3900,118_01815,118,1815,2,RBBB,2,RBBB,0,N,0.96602553,0.96602553,0.00738015,0.00017461127,0.014567435,0.0017892815,0.0006636341,0.00030098105,0.009098532
3901,118_01816,118,1816,2,RBBB,2,RBBB,0,N,0.9560026,0.9560026,0.013629826,0.00017711417,0.017930605,0.0018449314,0.00062659086,0.0003414642,0.009446882
3902,118_01817,118,1817,2,RBBB,2,RBBB,0,N,0.963024,0.963024,0.011002285,0.00016123462,0.015435297,0.0018709549,0.0006521682,0.00029985077,0.0075543365
3903,118_01818,118,1818,2,RBBB,2,RBBB,0,N,0.96537155,0.96537155,0.010642903,0.00015013119,0.014637383,0.0018528416,0.00069159275,0.00027287067,0.006380765
3904,118_01819,118,1819,2,RBBB,2,RBBB,0,N,0.9679549,0.9679549,0.008231941,0.00016021781,0.013840859,0.0018559227,0.0006940462,0.00027859487,0.0069836825
3905,118_01820,118,1820,2,RBBB,2,RBBB,0,N,0.96172726,0.96172726,0.010922784,0.00017133853,0.015949655,0.0018555702,0.00064708013,0.00031723638,0.008409203
3906,118_01821,118,1821,2,RBBB,2,RBBB,0,N,0.96559024,0.96559024,0.009470775,0.00015735587,0.01466444,0.0018387084,0.00066524895,0.00028484745,0.0073283263
3907,118_01822,118,1822,2,RBBB,2,RBBB,0,N,0.96581966,0.96581966,0.0102631105,0.00014992869,0.0144909695,0.0018418317,0.0006835698,0.0002717772,0.006479249
3908,118_01823,118,1823,2,RBBB,2,RBBB,0,N,0.96522593,0.96522593,0.009950025,0.00015387886,0.014677254,0.0018495928,0.00064678566,0.00028397905,0.007212629
3909,118_01824,118,1824,2,RBBB,2,RBBB,0,N,0.9660159,0.9660159,0.009600969,0.00015462349,0.014388591,0.0018718331,0.00065819,0.0002828654,0.00702701
3910,118_01825,118,1825,2,RBBB,2,RBBB,0,N,0.9667571,0.9667571,0.009124355,0.00014938452,0.01417928,0.0018657349,0.00064469065,0.0002753806,0.00700413
3911,118_01826,118,1826,2,RBBB,2,RBBB,0,N,0.9681359,0.9681359,0.008725671,0.00015201978,0.01374527,0.0018468035,0.0006964219,0.0002670176,0.0064308825
3912,118_01827,118,1827,2,RBBB,2,RBBB,0,N,0.9656897,0.9656897,0.009555274,0.00015840835,0.014543655,0.0018538305,0.0006635901,0.00028694363,0.0072485562
3913,118_01828,118,1828,2,RBBB,2,RBBB,0,N,0.96567017,0.96567017,0.008631522,0.00017282473,0.014658557,0.0018375389,0.000683972,0.00030145652,0.008044044
3914,118_01829,118,1829,2,RBBB,2,RBBB,0,N,0.9671925,0.9671925,0.009311166,0.0001522176,0.014058844,0.0018416217,0.0006911293,0.00026972816,0.0064828917
3915,118_01830,118,1830,2,RBBB,2,RBBB,0,N,0.9685756,0.9685756,0.009746108,0.00013448019,0.0133807985,0.0018514522,0.0006687086,0.00024484415,0.0053979824
3916,118_01831,118,1831,2,RBBB,2,RBBB,0,N,0.96717495,0.96717495,0.010500082,0.00013894429,0.013902642,0.0018596207,0.00068890373,0.00025247608,0.005482361
3917,118_01832,118,1832,2,RBBB,2,RBBB,0,N,0.9744551,0.9744551,0.006080493,0.00013887518,0.0113460515,0.0018597872,0.00072027824,0.00023262808,0.005166647
3918,118_01833,118,1833,2,RBBB,2,RBBB,0,N,0.9660014,0.9660014,0.008930159,0.00017695903,0.014447694,0.0018760521,0.00071316323,0.0003042255,0.0075504207
3919,118_01834,118,1834,2,RBBB,2,RBBB,0,N,0.96352565,0.96352565,0.0093533965,0.00017596145,0.015352507,0.0018471387,0.00065219373,0.0003179745,0.008775272
3920,118_01835,118,1835,2,RBBB,2,RBBB,0,N,0.96543866,0.96543866,0.009209517,0.00015871342,0.014657336,0.0018450951,0.00063966814,0.00029159477,0.007759371
3921,118_01836,118,1836,2,RBBB,2,RBBB,0,N,0.9662534,0.9662534,0.00855038,0.00015999629,0.014298158,0.0018486787,0.00062113005,0.00029307362,0.007975256
3922,118_01837,118,1837,2,RBBB,2,RBBB,0,N,0.9634946,0.9634946,0.009103385,0.00017656799,0.015257752,0.0018608037,0.00062709505,0.00032389036,0.009155852
3923,118_01838,118,1838,2,RBBB,2,RBBB,0,N,0.96393555,0.96393555,0.009783341,0.00017065441,0.015260709,0.0018367001,0.00067958236,0.00030501807,0.00802835
3924,118_01839,118,1839,2,RBBB,2,RBBB,0,N,0.95894665,0.95894665,0.012652471,0.00017916506,0.016995432,0.0018591721,0.0006949236,0.0003281119,0.008344159
3925,118_01840,118,1840,2,RBBB,2,RBBB,0,N,0.96112597,0.96112597,0.011141071,0.00017845027,0.016210696,0.0018589438,0.0006726286,0.00032479,0.008487417
3926,118_01841,118,1841,2,RBBB,2,RBBB,0,N,0.9668805,0.9668805,0.008227015,0.00017137473,0.014282878,0.001834374,0.0007214857,0.00029146348,0.007590851
3927,118_01842,118,1842,2,RBBB,2,RBBB,0,N,0.96410704,0.96410704,0.009390498,0.00016742016,0.01519283,0.0018208018,0.00063802657,0.00030486757,0.008378612
3928,118_01843,118,1843,2,RBBB,2,RBBB,0,N,0.96107006,0.96107006,0.012338082,0.00015899647,0.016136166,0.0018606547,0.0006473296,0.0003005861,0.0074879946
3929,118_01844,118,1844,2,RBBB,2,RBBB,0,N,0.9612233,0.9612233,0.012546223,0.00015708314,0.016182039,0.0018334432,0.00068387,0.00029146537,0.0070826327
3930,118_01845,118,1845,2,RBBB,2,RBBB,0,N,0.96233046,0.96233046,0.011584923,0.00015593342,0.01575998,0.0018367326,0.0006530411,0.00029236404,0.0073865047
3931,118_01846,118,1846,2,RBBB,2,RBBB,0,N,0.9642038,0.9642038,0.008668697,0.00017764617,0.015126438,0.0018068452,0.0006556738,0.00031386947,0.009047059
3932,118_01847,118,1847,2,RBBB,2,RBBB,0,N,0.96252906,0.96252906,0.008217494,0.00018295088,0.015669025,0.0017873064,0.0006200787,0.00032984858,0.010664182
3933,118_01848,118,1848,2,RBBB,2,RBBB,0,N,0.96220803,0.96220803,0.008148661,0.00018787428,0.015740838,0.001787941,0.00061668723,0.0003364132,0.01097369
3934,118_01849,118,1849,2,RBBB,2,RBBB,0,N,0.95962024,0.95962024,0.011061199,0.0001844627,0.016748423,0.0018227774,0.00064382766,0.00033828887,0.009580766
3935,118_01850,118,1850,2,RBBB,2,RBBB,0,N,0.96437895,0.96437895,0.009193058,0.00017077656,0.015066955,0.001836056,0.00064744503,0.00030827295,0.008398449
3936,118_01851,118,1851,2,RBBB,2,RBBB,0,N,0.9659718,0.9659718,0.0076161036,0.00018252336,0.014574983,0.0017980289,0.000695556,0.0003066297,0.008854328
3937,118_01852,118,1852,2,RBBB,2,RBBB,0,N,0.96698314,0.96698314,0.0069945888,0.00018536343,0.01412421,0.0018199544,0.0006939435,0.0003078463,0.008890994
3938,118_01853,118,1853,2,RBBB,2,RBBB,0,N,0.9604378,0.9604378,0.008631595,0.00021343182,0.01637821,0.0017778584,0.00067800167,0.00036071293,0.011522461
3939,118_01854,118,1854,2,RBBB,2,RBBB,0,N,0.9621426,0.9621426,0.009167788,0.00020077935,0.015973298,0.0017993051,0.0007367715,0.00033582968,0.009643656
3940,118_01855,118,1855,2,RBBB,2,RBBB,0,N,0.9604753,0.9604753,0.009629571,0.00020120382,0.01657297,0.0017718106,0.00071092526,0.0003422987,0.010295805
3941,118_01856,118,1856,2,RBBB,2,RBBB,0,N,0.96184826,0.96184826,0.009830262,0.00018614625,0.015980668,0.0018156482,0.0006817264,0.00032891423,0.009328298
3942,118_01857,118,1857,2,RBBB,2,RBBB,0,N,0.9548696,0.9548696,0.013465935,0.0001868706,0.018374344,0.0018493778,0.0006239531,0.00035897398,0.010270834
3943,118_01858,118,1858,2,RBBB,2,RBBB,0,N,0.9574308,0.9574308,0.013690282,0.00016725699,0.017318843,0.0018787015,0.0006223841,0.00032647574,0.00856526
3944,118_01859,118,1859,2,RBBB,2,RBBB,0,N,0.9628249,0.9628249,0.011083991,0.00015803333,0.015502371,0.0018503027,0.0006373294,0.00029689408,0.007646101
3945,118_01860,118,1860,2,RBBB,2,RBBB,0,N,0.96294117,0.96294117,0.011427153,0.0001515786,0.015388298,0.0018768366,0.0006303205,0.00029063775,0.0072940174
3946,118_01861,118,1861,2,RBBB,2,RBBB,0,N,0.9583404,0.9583404,0.012387649,0.00017437027,0.017049627,0.0018751452,0.0006130527,0.0003366031,0.009223078
3947,118_01862,118,1862,2,RBBB,2,RBBB,0,N,0.966449,0.966449,0.009557654,0.00015890072,0.014231298,0.0018693509,0.00068933726,0.0002826322,0.006761765
3948,118_01863,118,1863,2,RBBB,2,RBBB,0,N,0.9570182,0.9570182,0.0113367,0.00020263204,0.017577125,0.0018347115,0.0006533835,0.0003688921,0.011008438
3949,118_01864,118,1864,2,RBBB,2,RBBB,0,N,0.96193033,0.96193033,0.009505209,0.00017683867,0.015901797,0.0018204864,0.0006257516,0.00032683116,0.009712711
3950,118_01865,118,1865,2,RBBB,2,RBBB,0,N,0.95347494,0.95347494,0.013913827,0.00019312774,0.018810596,0.0018616032,0.0006198787,0.00037102582,0.010754956
3951,118_01866,118,1866,2,RBBB,2,RBBB,0,N,0.9580585,0.9580585,0.012971923,0.00017558887,0.017163932,0.0018728549,0.0006412693,0.00033378636,0.008782186
3952,118_01867,118,1867,2,RBBB,2,RBBB,0,N,0.9629851,0.9629851,0.010081891,0.00017160697,0.015476025,0.0018596706,0.00065269775,0.00031489087,0.008458076
3953,118_01868,118,1868,2,RBBB,2,RBBB,0,N,0.9628053,0.9628053,0.010399948,0.00016500607,0.015507512,0.0018587436,0.0006296128,0.0003094236,0.0083244145
3954,118_01869,118,1869,2,RBBB,2,RBBB,0,N,0.9548481,0.9548481,0.014756952,0.0001713834,0.01810908,0.0018972296,0.0006010507,0.00034220488,0.009273961
3955,118_01870,118,1870,2,RBBB,2,RBBB,0,N,0.95918566,0.95918566,0.013837944,0.00015643759,0.016572064,0.0018986054,0.00063678576,0.0003047393,0.0074077295
3956,118_01871,118,1871,2,RBBB,2,RBBB,0,N,0.9633049,0.9633049,0.010440532,0.00017193085,0.015340011,0.0018834736,0.0006813642,0.00031163843,0.007866213
3957,118_01872,118,1872,2,RBBB,2,RBBB,0,N,0.9604814,0.9604814,0.0113408,0.00017431175,0.016389502,0.0018565434,0.00064709224,0.00032554296,0.008784787
3958,118_01873,118,1873,2,RBBB,2,RBBB,0,N,0.95829344,0.95829344,0.0125440825,0.00017664618,0.017214613,0.0018499733,0.0006535351,0.00033237002,0.008935352
3959,118_01874,118,1874,2,RBBB,2,RBBB,0,N,0.9550312,0.9550312,0.015701365,0.00016886079,0.01808973,0.0018844879,0.00066121446,0.00032727898,0.008135873
3960,118_01875,118,1875,2,RBBB,2,RBBB,0,N,0.96350545,0.96350545,0.010402664,0.00016883104,0.015358424,0.0018477774,0.00067610387,0.00030431437,0.0077364696
3961,118_01876,118,1876,2,RBBB,2,RBBB,0,N,0.9629104,0.9629104,0.008128866,0.00019177154,0.015519273,0.0018010983,0.00065774715,0.0003344182,0.010456336
3962,118_01877,118,1877,2,RBBB,2,RBBB,0,N,0.958932,0.958932,0.009067182,0.00020837829,0.016884865,0.0017727127,0.0006439011,0.00036486457,0.012126297
3963,118_01878,118,1878,2,RBBB,2,RBBB,0,N,0.9569172,0.9569172,0.011869489,0.00019586582,0.017569702,0.0018732643,0.0006230147,0.00036764037,0.010583752
3964,118_01879,118,1879,2,RBBB,2,RBBB,0,N,0.96146035,0.96146035,0.011028039,0.00017777909,0.016112765,0.00185366,0.00068714435,0.00032118775,0.008359053
3965,118_01880,118,1880,2,RBBB,2,RBBB,0,N,0.961971,0.961971,0.010565007,0.00017716992,0.015826631,0.0018719165,0.000665482,0.0003240969,0.008598785
3966,118_01881,118,1881,2,RBBB,2,RBBB,0,N,0.95972556,0.95972556,0.010787937,0.00019222546,0.016672734,0.0018456838,0.0006746555,0.00034596358,0.009755282
3967,118_01882,118,1882,2,RBBB,2,RBBB,0,N,0.96018785,0.96018785,0.011200998,0.0001835845,0.016434727,0.0018860612,0.0006665978,0.00033908314,0.00910119
3968,118_01883,118,1883,2,RBBB,2,RBBB,0,N,0.96616334,0.96616334,0.008630269,0.00017203104,0.014398756,0.0018807953,0.00068773906,0.00030192098,0.0077650654
3969,118_01884,118,1884,2,RBBB,2,RBBB,0,N,0.96477634,0.96477634,0.009661427,0.00017140115,0.014861613,0.0018760859,0.0006805502,0.00030554537,0.007667062
3970,118_01885,118,1885,2,RBBB,2,RBBB,0,N,0.9664865,0.9664865,0.008317753,0.0001774727,0.014411927,0.0018477038,0.0007399797,0.00029824948,0.0077205044
3971,118_01886,118,1886,2,RBBB,2,RBBB,0,N,0.9649745,0.9649745,0.009053986,0.0001781813,0.014971967,0.0018193681,0.00072645745,0.0003034752,0.007972109
3972,118_01887,118,1887,3,APC,2,RBBB,0,N,0.96387863,0.96387863,0.009091406,0.00019059786,0.015297394,0.0018251995,0.00072499603,0.00032157148,0.008670172
3973,118_01888,118,1888,2,RBBB,3,APC,0,N,0.89627296,0.89627296,0.024181213,0.0008423026,0.03730653,0.0017339784,0.0013163815,0.00095732353,0.03738924
3974,118_01889,118,1889,2,RBBB,2,RBBB,0,N,0.8496119,0.8496119,0.04527244,0.0011707129,0.05129571,0.0018363704,0.0014595945,0.0011912953,0.04816203
3975,118_01890,118,1890,2,RBBB,2,RBBB,0,N,0.7528066,0.7528066,0.043779794,0.0042142244,0.058682993,0.0018843997,0.0023383305,0.0026455598,0.13364811
3976,118_01891,118,1891,2,RBBB,2,RBBB,0,N,0.963394,0.963394,0.008633309,0.00020118759,0.015401336,0.0018232651,0.00072269916,0.00033502642,0.009489207
3977,118_01892,118,1892,2,RBBB,2,RBBB,0,N,0.9547749,0.9547749,0.013154398,0.00020591947,0.018368244,0.0018709287,0.0006860521,0.0003772565,0.010562228
3978,118_01893,118,1893,2,RBBB,2,RBBB,0,N,0.95940083,0.95940083,0.011409438,0.00019343571,0.016866751,0.0018579748,0.00069874513,0.00034470492,0.009228161
3979,118_01894,118,1894,2,RBBB,2,RBBB,0,N,0.9620807,0.9620807,0.010671467,0.00017854272,0.015840888,0.0018755343,0.0006800785,0.00032312033,0.008349648
3980,118_01895,118,1895,2,RBBB,2,RBBB,0,N,0.9611146,0.9611146,0.011219809,0.00017905282,0.016330704,0.0018406514,0.0007031114,0.00032060346,0.008291526
3981,118_01896,118,1896,2,RBBB,2,RBBB,0,N,0.96309996,0.96309996,0.010331953,0.0001711567,0.015548856,0.0018450095,0.00067771884,0.0003083792,0.008017028
3982,118_01897,118,1897,2,RBBB,2,RBBB,0,N,0.95809776,0.95809776,0.014489481,0.00016715625,0.017074758,0.0018826494,0.00071341114,0.00031127653,0.007263426
3983,118_01898,118,1898,2,RBBB,2,RBBB,0,N,0.9626667,0.9626667,0.012214453,0.00015834498,0.015516884,0.0018871202,0.00072072796,0.00028864454,0.006547263
3984,118_01899,118,1899,2,RBBB,2,RBBB,0,N,0.966096,0.966096,0.010604803,0.00014848865,0.014371852,0.0018476002,0.00072419405,0.00026585875,0.005941243
3985,118_01900,118,1900,2,RBBB,2,RBBB,0,N,0.9690467,0.9690467,0.0076750256,0.00016728796,0.013436532,0.0018707929,0.0007428121,0.00027954,0.006781311
3986,118_01901,118,1901,2,RBBB,2,RBBB,0,N,0.96375567,0.96375567,0.010048906,0.0001771793,0.015274343,0.0018696239,0.00071106333,0.00031180686,0.00785133
3987,118_01902,118,1902,2,RBBB,2,RBBB,0,N,0.9626635,0.9626635,0.009125504,0.00019294818,0.015756054,0.001810477,0.0007124647,0.00032945524,0.009409658
3988,118_01903,118,1903,2,RBBB,2,RBBB,0,N,0.9611092,0.9611092,0.011430174,0.00018365258,0.016381253,0.0018236064,0.0007513837,0.00031760143,0.0080031585
3989,118_01904,118,1904,2,RBBB,2,RBBB,0,N,0.9602122,0.9602122,0.010191523,0.00020212612,0.016551446,0.0018150394,0.0007044219,0.0003481572,0.0099751605
3990,118_01905,118,1905,2,RBBB,2,RBBB,0,N,0.9600538,0.9600538,0.010857876,0.00019191271,0.016604448,0.0018359363,0.0006945592,0.0003403485,0.009420971
3991,118_01906,118,1906,2,RBBB,2,RBBB,0,N,0.9650625,0.9650625,0.008857046,0.00017841827,0.014944771,0.0018175092,0.00071734824,0.00030434428,0.008118194
3992,118_01907,118,1907,2,RBBB,2,RBBB,0,N,0.95783746,0.95783746,0.013484601,0.00017737661,0.017311772,0.0018744043,0.000690808,0.00032975044,0.008293761
3993,118_01908,118,1908,2,RBBB,2,RBBB,0,N,0.96180016,0.96180016,0.0115206465,0.00017495423,0.016066734,0.0018536557,0.0007266542,0.00031029794,0.0075468407
3994,118_01909,118,1909,2,RBBB,2,RBBB,0,N,0.96047807,0.96047807,0.012173621,0.00017283313,0.016449088,0.001860564,0.0007060541,0.00031518578,0.007844615
3995,118_01910,118,1910,3,APC,2,RBBB,0,N,0.9564342,0.9564342,0.01281397,0.00019419477,0.01789289,0.0018460759,0.00067819684,0.00035616738,0.009784303
3996,118_01911,118,1911,2,RBBB,3,APC,0,N,0.85522103,0.85522103,0.072465844,0.00049613713,0.046630427,0.0022043886,0.0010182714,0.0008007083,0.021163255
3997,118_01912,118,1912,2,RBBB,2,RBBB,0,N,0.8842288,0.8842288,0.055123106,0.0003541561,0.03884694,0.0021551405,0.00083116913,0.0006536545,0.017806971
3998,118_01913,118,1913,2,RBBB,2,RBBB,0,N,0.82660717,0.82660717,0.077516876,0.0007823599,0.053396396,0.0022156306,0.001132353,0.0011539051,0.03719529
3999,118_01914,118,1914,2,RBBB,2,RBBB,0,N,0.9545189,0.9545189,0.01433467,0.00018827354,0.018391868,0.0018825828,0.00065517053,0.00035886027,0.009669653
4000,118_01915,118,1915,2,RBBB,2,RBBB,0,N,0.94332767,0.94332767,0.01943401,0.00022403484,0.022145528,0.0019154922,0.00066201243,0.00042367986,0.011867572
4001,118_01916,118,1916,2,RBBB,2,RBBB,0,N,0.95530176,0.95530176,0.013962645,0.00019109869,0.018105948,0.0018917555,0.0006735854,0.00035949572,0.009513691
4002,118_01917,118,1917,2,RBBB,2,RBBB,0,N,0.9621817,0.9621817,0.011390139,0.00016667583,0.015848005,0.00185324,0.00068557955,0.00030392696,0.007570736
4003,118_01918,118,1918,2,RBBB,2,RBBB,0,N,0.96282125,0.96282125,0.010324368,0.00017363123,0.015588618,0.0018618233,0.0006658035,0.00031546486,0.0082490835
4004,118_01919,118,1919,2,RBBB,2,RBBB,0,N,0.96259207,0.96259207,0.011107815,0.00017398503,0.01575813,0.0018595376,0.0007184275,0.0003082654,0.007481897
4005,118_01920,118,1920,2,RBBB,2,RBBB,0,N,0.9557346,0.9557346,0.012618993,0.00020171767,0.018156506,0.001837872,0.00068687135,0.0003662992,0.010397196
4006,118_01921,118,1921,2,RBBB,2,RBBB,0,N,0.95831794,0.95831794,0.01197151,0.0001947692,0.017207118,0.0018539947,0.0006998107,0.00034934835,0.009405508
4007,118_01922,118,1922,2,RBBB,2,RBBB,0,N,0.95378083,0.95378083,0.013778872,0.00021606238,0.018713608,0.0018772524,0.00071873417,0.00038599197,0.010528594
4008,118_01923,118,1923,2,RBBB,2,RBBB,0,N,0.9624095,0.9624095,0.010484058,0.00018165594,0.015864613,0.0018295406,0.0007274405,0.0003157425,0.008187523
4009,118_01924,118,1924,2,RBBB,2,RBBB,0,N,0.95675683,0.95675683,0.012439376,0.00019646637,0.01780277,0.0018267931,0.00068558985,0.00035541048,0.009936706
4010,118_01925,118,1925,2,RBBB,2,RBBB,0,N,0.95709956,0.95709956,0.012896911,0.00018917328,0.017536437,0.0018748805,0.00066766056,0.00035154814,0.009383813
4011,118_01926,118,1926,2,RBBB,2,RBBB,0,N,0.9611075,0.9611075,0.011059826,0.00017529953,0.015997238,0.0018972601,0.00063360535,0.00032944986,0.0087998025
4012,118_01927,118,1927,2,RBBB,2,RBBB,0,N,0.962673,0.962673,0.00986124,0.00017535465,0.015623319,0.0018596372,0.000661046,0.0003202957,0.008826131
4013,118_01928,118,1928,2,RBBB,2,RBBB,0,N,0.97075933,0.97075933,0.006421558,0.00015347173,0.012766902,0.0018634845,0.00066143705,0.00026582967,0.007108013
4014,118_01929,118,1929,2,RBBB,2,RBBB,0,N,0.962564,0.962564,0.008146938,0.0002155049,0.015876325,0.0017429705,0.00074160116,0.00034192114,0.010370653
4015,118_01930,118,1930,2,RBBB,2,RBBB,0,N,0.97979337,0.97979337,0.0035773222,0.00014388836,0.009161968,0.0017778425,0.0009158027,0.00020937668,0.0044205072
4016,118_01931,118,1931,2,RBBB,2,RBBB,0,N,0.98330384,0.98330384,0.002203949,0.0001278312,0.0075005437,0.0017512,0.00081928656,0.00018273853,0.004110637
4017,118_01932,118,1932,2,RBBB,2,RBBB,0,N,0.98807395,0.98807395,0.0012660348,9.486486e-05,0.0054692337,0.0015942577,0.00076781784,0.00012876077,0.0026050857
4018,118_01933,118,1933,3,APC,2,RBBB,0,N,0.9861007,0.9861007,0.0016546497,9.698131e-05,0.006420661,0.0016179954,0.00066121254,0.00014382036,0.0033039309
4019,118_01934,118,1934,2,RBBB,3,APC,0,N,0.9457892,0.9457892,0.010316258,0.00035550754,0.022314686,0.0015182918,0.0010916879,0.0004658957,0.018148577
4020,118_01935,118,1935,2,RBBB,2,RBBB,0,N,0.93353885,0.93353885,0.028595254,0.00021791397,0.024718158,0.0019384101,0.00077335053,0.00041527365,0.009802777
4021,118_01936,118,1936,2,RBBB,2,RBBB,0,N,0.8868282,0.8868282,0.044201512,0.0005731816,0.038024865,0.0021632432,0.0010696286,0.0008885589,0.026250891
4022,118_01937,118,1937,2,RBBB,2,RBBB,0,N,0.9710087,0.9710087,0.009039513,0.0001248094,0.012434252,0.0018375361,0.00068701437,0.00022514575,0.0046429783
4023,118_01938,118,1938,2,RBBB,2,RBBB,0,N,0.96527666,0.96527666,0.010031685,0.00015124853,0.014668349,0.0018539373,0.000636046,0.0002814957,0.0071006357
4024,118_01939,118,1939,2,RBBB,2,RBBB,0,N,0.96190476,0.96190476,0.011562451,0.00016208267,0.015914427,0.0018445933,0.00066515076,0.00030104033,0.0076454957
4025,118_01940,118,1940,2,RBBB,2,RBBB,0,N,0.96262354,0.96262354,0.011279588,0.0001562969,0.015569046,0.001862406,0.0006286049,0.00029661015,0.00758388
4026,118_01941,118,1941,2,RBBB,2,RBBB,0,N,0.9675964,0.9675964,0.00845521,0.00015331639,0.013878775,0.0018658548,0.0006493127,0.00027707813,0.0071240156
4027,118_01942,118,1942,2,RBBB,2,RBBB,0,N,0.96928334,0.96928334,0.008107672,0.00015094655,0.013259067,0.0018738357,0.0006852657,0.00026456497,0.0063753803
4028,118_01943,118,1943,2,RBBB,2,RBBB,0,N,0.9675975,0.9675975,0.008594155,0.00015314031,0.013884337,0.001860812,0.00065244624,0.00027562576,0.0069819693
4029,118_01944,118,1944,2,RBBB,2,RBBB,0,N,0.9657499,0.9657499,0.010185596,0.00015081037,0.014513857,0.0018516569,0.0006735989,0.0002749471,0.0065996423
4030,118_01945,118,1945,2,RBBB,2,RBBB,0,N,0.9693429,0.9693429,0.008187266,0.00015310758,0.013247646,0.001871016,0.00070595683,0.0002648751,0.0062271836
4031,118_01946,118,1946,2,RBBB,2,RBBB,0,N,0.9708774,0.9708774,0.005458548,0.00016832643,0.012654931,0.001836107,0.0006769092,0.00027785043,0.00804993
4032,118_01947,118,1947,2,RBBB,2,RBBB,0,N,0.97278833,0.97278833,0.005235262,0.00015959804,0.012018749,0.0018287636,0.00071846525,0.0002584023,0.006992316
4033,118_01948,118,1948,2,RBBB,2,RBBB,0,N,0.97080296,0.97080296,0.00592417,0.00017100434,0.012855218,0.0017953407,0.0007209597,0.00027263578,0.0074578314
4034,118_01949,118,1949,2,RBBB,2,RBBB,0,N,0.97006035,0.97006035,0.0073697018,0.00016142719,0.013092024,0.001837783,0.00074611505,0.00026802823,0.0064645926
4035,118_01950,118,1950,2,RBBB,2,RBBB,0,N,0.9658735,0.9658735,0.008732554,0.00017430197,0.014625328,0.0018342644,0.0007172007,0.00029827954,0.0077446084
4036,118_01951,118,1951,2,RBBB,2,RBBB,0,N,0.9690438,0.9690438,0.008259593,0.0001488605,0.013299381,0.0018876623,0.0006688321,0.00026522754,0.0064265374
4037,118_01952,118,1952,2,RBBB,2,RBBB,0,N,0.9690066,0.9690066,0.008973117,0.00013713943,0.013257702,0.0018816588,0.0006478741,0.00025186903,0.0058441134
4038,118_01953,118,1953,2,RBBB,2,RBBB,0,N,0.97181726,0.97181726,0.008051529,0.00012758395,0.012221993,0.001860866,0.00066310517,0.00022993491,0.0050276746
4039,118_01954,118,1954,2,RBBB,2,RBBB,0,N,0.966894,0.966894,0.010814039,0.00013346024,0.013942965,0.0018568896,0.0006655325,0.00024799904,0.0054450813
4040,118_01955,118,1955,2,RBBB,2,RBBB,0,N,0.96620506,0.96620506,0.010411977,0.0001449682,0.01435835,0.0018337858,0.00069414603,0.00026309848,0.006088533
4041,118_01956,118,1956,2,RBBB,2,RBBB,0,N,0.966127,0.966127,0.010305619,0.0001499435,0.014354684,0.0018458156,0.0006928033,0.00026933596,0.0062548243
4042,118_01957,118,1957,2,RBBB,2,RBBB,0,N,0.9585817,0.9585817,0.0137926275,0.00015991749,0.016827611,0.0018930521,0.0006356872,0.0003120947,0.007797373
4043,118_01958,118,1958,2,RBBB,2,RBBB,0,N,0.96233344,0.96233344,0.012345462,0.00014756616,0.015516655,0.0018890708,0.00063267077,0.00028563943,0.006849459
4044,118_01959,118,1959,2,RBBB,2,RBBB,0,N,0.96503055,0.96503055,0.011902725,0.00013313825,0.01445866,0.0018861757,0.0006305104,0.00025714422,0.005701135
4045,118_01960,118,1960,2,RBBB,2,RBBB,0,N,0.9695094,0.9695094,0.008763152,0.00013324982,0.013090611,0.0018633157,0.0006337322,0.00024573551,0.0057608555
4046,118_01961,118,1961,2,RBBB,2,RBBB,0,N,0.9637403,0.9637403,0.01078829,0.00015274907,0.015272183,0.0018293486,0.0006487389,0.0002851987,0.007283169
4047,118_01962,118,1962,2,RBBB,2,RBBB,0,N,0.96052706,0.96052706,0.010853526,0.00017422962,0.01637368,0.0018249472,0.0006174397,0.00032731204,0.009301818
4048,118_01963,118,1963,2,RBBB,2,RBBB,0,N,0.9632875,0.9632875,0.009766321,0.00017050358,0.015398715,0.0018395658,0.0006319128,0.00031367975,0.008591745
4049,118_01964,118,1964,2,RBBB,2,RBBB,0,N,0.9674628,0.9674628,0.008364212,0.00015829773,0.013905917,0.0018686367,0.00065679254,0.00028311164,0.007300226
4050,118_01965,118,1965,2,RBBB,2,RBBB,0,N,0.9646183,0.9646183,0.0106575135,0.0001446188,0.014803337,0.0018752215,0.00060323207,0.0002796955,0.0070181224
4051,118_01966,118,1966,2,RBBB,2,RBBB,0,N,0.96394247,0.96394247,0.012472189,0.00013728857,0.014855247,0.0018869855,0.0006462524,0.00026321586,0.0057963575
4052,118_01967,118,1967,2,RBBB,2,RBBB,0,N,0.96755904,0.96755904,0.009831459,0.00014159198,0.013796633,0.0018623767,0.00067186373,0.00025760976,0.005879457
4053,118_01968,118,1968,2,RBBB,2,RBBB,0,N,0.9691879,0.9691879,0.00773688,0.00015734952,0.0133927055,0.0018573639,0.0007006456,0.00027094636,0.006696308
4054,118_01969,118,1969,2,RBBB,2,RBBB,0,N,0.9666491,0.9666491,0.007728946,0.00017481664,0.014317845,0.0018031056,0.00067202485,0.0002991743,0.008354954
4055,118_01970,118,1970,2,RBBB,2,RBBB,0,N,0.9640036,0.9640036,0.008887773,0.00017706827,0.015192852,0.0018244329,0.0006417929,0.000317566,0.008954923
4056,118_01971,118,1971,2,RBBB,2,RBBB,0,N,0.9638871,0.9638871,0.009344537,0.00018066334,0.015237272,0.0018367699,0.00068175746,0.00031668722,0.008515291
4057,118_01972,118,1972,2,RBBB,2,RBBB,0,N,0.9627289,0.9627289,0.009372765,0.00018343511,0.015673198,0.001819322,0.0006632656,0.00032574165,0.009233396
4058,118_01973,118,1973,2,RBBB,2,RBBB,0,N,0.96932304,0.96932304,0.0068775555,0.00016557885,0.013238932,0.0018765548,0.00067868223,0.0002833597,0.0075563267
4059,118_01974,118,1974,2,RBBB,2,RBBB,0,N,0.96688193,0.96688193,0.008000657,0.00016336412,0.014107508,0.0018564414,0.00062481797,0.00029549137,0.008069861
4060,118_01975,118,1975,2,RBBB,2,RBBB,0,N,0.96977854,0.96977854,0.0070460434,0.00015173554,0.013037456,0.0018976759,0.0006316204,0.00027263837,0.0071844077
4061,118_01976,118,1976,2,RBBB,2,RBBB,0,N,0.97202,0.97202,0.0061341226,0.00015437625,0.012287266,0.0018611354,0.0006872332,0.00025884365,0.00659703
4062,118_01977,118,1977,2,RBBB,2,RBBB,0,N,0.9653699,0.9653699,0.008836215,0.00016428308,0.014643109,0.0018585174,0.000630729,0.00030152002,0.008195707
4063,118_01978,118,1978,2,RBBB,2,RBBB,0,N,0.9631399,0.9631399,0.011534989,0.00014801876,0.015301939,0.0018732323,0.0006176443,0.00028575124,0.0070985076
4064,118_01979,118,1979,2,RBBB,2,RBBB,0,N,0.96471167,0.96471167,0.010926523,0.00015006607,0.014724896,0.0018870843,0.00064287276,0.00028085755,0.0066759856
4065,118_01980,118,1980,2,RBBB,2,RBBB,0,N,0.9723637,0.9723637,0.0079713855,0.00012812526,0.011997983,0.0018500614,0.00069651764,0.00022668928,0.0047655185
4066,118_01981,118,1981,2,RBBB,2,RBBB,0,N,0.9669627,0.9669627,0.0076555987,0.00016755356,0.014057803,0.0018742976,0.00063235924,0.00030070727,0.0083490135
4067,118_01982,118,1982,2,RBBB,2,RBBB,0,N,0.9719478,0.9719478,0.0076822415,0.00012495705,0.012168393,0.0018710321,0.0006215019,0.00023042198,0.005353789
4068,118_01983,118,1983,2,RBBB,2,RBBB,0,N,0.9753997,0.9753997,0.007577376,9.764038e-05,0.010662919,0.0018146549,0.0005906511,0.0001846165,0.00367252
4069,118_01984,118,1984,2,RBBB,2,RBBB,0,N,0.98115146,0.98115146,0.003703127,0.000114579205,0.008593728,0.0017908287,0.00068332005,0.00018389679,0.0037790681
4070,118_01985,118,1985,2,RBBB,2,RBBB,0,N,0.99064565,0.99064565,0.0008283305,8.618549e-05,0.0043318733,0.0014993708,0.00082863314,0.000102316284,0.0016777021
4071,118_01986,118,1986,2,RBBB,2,RBBB,0,N,0.98474985,0.98474985,0.00069073326,0.00022721796,0.00616355,0.0015640719,0.001093418,0.00019317311,0.005317849
4072,118_01987,118,1987,2,RBBB,2,RBBB,0,N,0.9897081,0.9897081,0.00049745647,9.260669e-05,0.0047238083,0.0014695877,0.000580057,0.00010684765,0.0028214548
4073,118_01988,118,1988,2,RBBB,2,RBBB,0,N,0.98791087,0.98791087,0.0011643798,9.967022e-05,0.005546862,0.0015535579,0.00072709884,0.00013195976,0.002865609
4074,118_01989,118,1989,2,RBBB,2,RBBB,0,N,0.99070585,0.99070585,0.00055255945,9.088297e-05,0.0042784717,0.0014371927,0.0007018034,0.000101253165,0.002131907
4075,118_01990,118,1990,2,RBBB,2,RBBB,0,N,0.98890185,0.98890185,0.001415984,8.3552615e-05,0.0051337467,0.001597834,0.0007092158,0.00011688493,0.0020408581
4076,118_01991,118,1991,3,APC,2,RBBB,0,N,0.98705196,0.98705196,0.001314735,0.00010449274,0.0059962263,0.0015066348,0.0007885635,0.00013753571,0.003099891
4077,118_01992,118,1992,2,RBBB,3,APC,0,N,0.9903098,0.9903098,0.0009198319,7.677037e-05,0.0045781913,0.0014543692,0.00074132124,9.8822755e-05,0.0018209225
4078,118_01993,118,1993,2,RBBB,2,RBBB,0,N,0.9861324,0.9861324,0.0009859697,0.00012739746,0.0062919944,0.0013709391,0.0008396922,0.00014668267,0.004104929
4079,118_01994,118,1994,2,RBBB,2,RBBB,0,N,0.9888376,0.9888376,0.0012066519,8.4074876e-05,0.005312525,0.0014434786,0.0006873587,0.00011322243,0.0023151704
4080,118_01995,118,1995,2,RBBB,2,RBBB,0,N,0.9822552,0.9822552,0.0020413352,0.0001476666,0.0078769745,0.0016955524,0.0008568546,0.00019793998,0.0049284273
4081,118_01996,118,1996,2,RBBB,2,RBBB,0,N,0.9860482,0.9860482,0.0015680821,0.0001172274,0.006264378,0.001682882,0.0008250531,0.000157696,0.003336469
4082,118_01997,118,1997,3,APC,2,RBBB,0,N,0.9818591,0.9818591,0.00284445,0.00012788134,0.00825542,0.0017445626,0.000794052,0.0001888526,0.004185665
4083,118_01998,118,1998,2,RBBB,3,APC,0,N,0.945273,0.945273,0.007893963,0.0004257273,0.021025185,0.0016202958,0.0010405229,0.0005366343,0.022184595
4084,118_01999,118,1999,2,RBBB,2,RBBB,0,N,0.9681712,0.9681712,0.009217646,0.00015603323,0.014028221,0.0017721914,0.00081010495,0.00026078717,0.005583802
4085,118_02000,118,2000,2,RBBB,2,RBBB,0,N,0.96840245,0.96840245,0.0036977136,0.00026879474,0.013047843,0.0016890888,0.0010175998,0.00033947776,0.01153706
4086,118_02001,118,2001,2,RBBB,2,RBBB,0,N,0.9887525,0.9887525,0.0014207569,8.580588e-05,0.0054236366,0.0014355255,0.00080333423,0.000111479916,0.001967006
4087,118_02002,118,2002,2,RBBB,2,RBBB,0,N,0.96433645,0.96433645,0.0029333734,0.00021254658,0.014230224,0.0013659184,0.0006878469,0.00029250866,0.01594117
4088,118_02003,118,2003,2,RBBB,2,RBBB,0,N,0.9584639,0.9584639,0.003914842,0.0003043306,0.016430084,0.0013354175,0.00086864544,0.00036410196,0.01831859
4089,118_02004,118,2004,2,RBBB,2,RBBB,0,N,0.9594849,0.9594849,0.0047385036,0.00029537475,0.016154775,0.0014978938,0.00083034625,0.00038055,0.016617628
4090,118_02005,118,2005,2,RBBB,2,RBBB,0,N,0.95925635,0.95925635,0.007779626,0.0002639227,0.016892783,0.0016810388,0.00079541333,0.00038674436,0.012944052
4091,118_02006,118,2006,2,RBBB,2,RBBB,0,N,0.97282875,0.97282875,0.0076531824,0.00014834403,0.0119230645,0.0018087296,0.0008374675,0.00023628163,0.00456419
4092,118_02007,118,2007,2,RBBB,2,RBBB,0,N,0.9678196,0.9678196,0.008366005,0.0001835499,0.014037056,0.0017884482,0.00082990865,0.0002862792,0.0066892393
4093,118_02008,118,2008,2,RBBB,2,RBBB,0,N,0.9618223,0.9618223,0.009023466,0.00020855099,0.016170064,0.0017336087,0.00073540217,0.00033678958,0.009969738
4094,118_02009,118,2009,2,RBBB,2,RBBB,0,N,0.97204995,0.97204995,0.0039911433,0.00018463936,0.012105511,0.0016711754,0.00071397243,0.00027155192,0.009012117
4095,118_02010,118,2010,2,RBBB,2,RBBB,0,N,0.9455861,0.9455861,0.0052934983,0.00035119816,0.019629749,0.0014304875,0.00074354187,0.00046469568,0.026500769
4096,118_02011,118,2011,2,RBBB,2,RBBB,0,N,0.96861905,0.96861905,0.0044512474,0.00018321199,0.0136338705,0.0015610995,0.000648852,0.00027874034,0.0106239235
4097,118_02012,118,2012,2,RBBB,2,RBBB,0,N,0.9545717,0.9545717,0.0059700627,0.0003314357,0.018141713,0.0015009108,0.0009024228,0.00042374356,0.018158047
4098,118_02013,118,2013,2,RBBB,2,RBBB,0,N,0.9725356,0.9725356,0.0062631126,0.00015439026,0.012350113,0.0016768752,0.00075077044,0.00024217363,0.006026926
4099,118_02014,118,2014,2,RBBB,2,RBBB,0,N,0.9763456,0.9763456,0.0034915195,0.00015242602,0.01059527,0.0016652811,0.0007144943,0.00022807064,0.0068073217
4100,118_02015,118,2015,2,RBBB,2,RBBB,0,N,0.9521433,0.9521433,0.012890891,0.00021003291,0.01962553,0.001709245,0.0006413622,0.00037406723,0.012405641
4101,118_02016,118,2016,2,RBBB,2,RBBB,0,N,0.9699104,0.9699104,0.0052036406,0.00013243164,0.013016517,0.0017057622,0.00046380513,0.0002586716,0.009308812
4102,118_02017,118,2017,2,RBBB,2,RBBB,0,N,0.96899414,0.96899414,0.003679978,0.00015264696,0.012727352,0.001632658,0.0004754315,0.00027143137,0.01206647
4103,118_02018,118,2018,2,RBBB,2,RBBB,0,N,0.9840773,0.9840773,0.0020490624,7.5095035e-05,0.0074587287,0.0016743133,0.0003757134,0.00014063223,0.004149197
4104,118_02019,118,2019,2,RBBB,2,RBBB,0,N,0.98294294,0.98294294,0.002435292,8.629801e-05,0.007829212,0.001737076,0.00045454112,0.0001573752,0.004357243
4105,118_02020,118,2020,2,RBBB,2,RBBB,0,N,0.98381186,0.98381186,0.0019091716,9.00601e-05,0.0073976265,0.0016722272,0.0004920509,0.00015415941,0.0044728336
4106,118_02021,118,2021,2,RBBB,2,RBBB,0,N,0.9879972,0.9879972,0.0010489818,7.363207e-05,0.00557062,0.001654482,0.0004630433,0.00011795605,0.0030741303
4107,118_02022,118,2022,2,RBBB,2,RBBB,0,N,0.9878072,0.9878072,0.0005340962,8.350233e-05,0.005299411,0.0017178083,0.00039801834,0.00011584463,0.004044023
4108,118_02023,118,2023,2,RBBB,2,RBBB,0,N,0.98735094,0.98735094,0.0006569461,7.3736905e-05,0.0057667126,0.0016087914,0.00035586298,0.00011293281,0.0040741027
4109,118_02024,118,2024,2,RBBB,2,RBBB,0,N,0.9860587,0.9860587,0.00058612257,9.5054056e-05,0.0061318157,0.0014773046,0.0004516581,0.00012401737,0.005075132
4110,118_02025,118,2025,2,RBBB,2,RBBB,0,N,0.98239523,0.98239523,0.0018505155,9.9275705e-05,0.008106678,0.001458836,0.00046808374,0.00015806674,0.0054632993
4111,118_02026,118,2026,2,RBBB,2,RBBB,0,N,0.9835558,0.9835558,0.0020811937,9.018276e-05,0.0075906594,0.0016037023,0.00047425856,0.00015358228,0.0044506793
4112,118_02027,118,2027,2,RBBB,2,RBBB,0,N,0.9872008,0.9872008,0.0018661577,7.920649e-05,0.006102116,0.0015380203,0.00060978835,0.00012266067,0.0024813833
4113,118_02028,118,2028,2,RBBB,2,RBBB,0,N,0.9844238,0.9844238,0.0015212268,0.00010980658,0.007217848,0.0014325228,0.0006045721,0.00015235425,0.0045378017
4114,118_02029,118,2029,2,RBBB,2,RBBB,0,N,0.9795253,0.9795253,0.0034409452,0.00012207328,0.009741718,0.0014683724,0.00070192467,0.0001817891,0.004817922
4115,118_02030,118,2030,2,RBBB,2,RBBB,0,N,0.9780552,0.9780552,0.0024715455,0.00013008123,0.010132239,0.0013679912,0.0006147163,0.0001907175,0.0070376396
4116,118_02031,118,2031,2,RBBB,2,RBBB,0,N,0.9839119,0.9839119,0.0009654699,0.00013133965,0.007163557,0.001183928,0.00065700297,0.00015004666,0.0058367164
4117,118_02032,118,2032,2,RBBB,2,RBBB,0,N,0.98054254,0.98054254,0.0013290965,0.00014343738,0.008637781,0.0012138531,0.0006595056,0.00017403494,0.007299658
4118,118_02033,118,2033,2,RBBB,2,RBBB,0,N,0.97516704,0.97516704,0.0016389099,0.00021469669,0.010391939,0.0012211002,0.0007525025,0.0002286557,0.010385311
4119,118_02034,118,2034,2,RBBB,2,RBBB,0,N,0.96245664,0.96245664,0.0060819583,0.00022774145,0.016032983,0.0014905761,0.00072144537,0.00032702636,0.01266161
4120,118_02035,118,2035,2,RBBB,2,RBBB,0,N,0.97058725,0.97058725,0.0052757007,0.00017848935,0.01327522,0.0015440892,0.00074895413,0.00026029782,0.008129972
4121,118_02036,118,2036,2,RBBB,2,RBBB,0,N,0.978599,0.978599,0.0019111503,0.00016887144,0.009467478,0.001366644,0.00077826047,0.00020792588,0.007500732
4122,118_02037,118,2037,2,RBBB,2,RBBB,0,N,0.9797998,0.9797998,0.0031371627,0.00012891267,0.009475123,0.0015025085,0.0007131023,0.00018749009,0.0050558667
4123,118_02038,118,2038,2,RBBB,2,RBBB,0,N,0.9811887,0.9811887,0.0025405923,0.00012061301,0.0088171195,0.0014822,0.0006584465,0.00017646175,0.005015866
4124,118_02039,118,2039,2,RBBB,2,RBBB,0,N,0.9772909,0.9772909,0.0044161836,0.0001323911,0.010573788,0.0015899353,0.00071069936,0.00020286566,0.005083178
4125,118_02040,118,2040,2,RBBB,2,RBBB,0,N,0.96273756,0.96273756,0.0064809727,0.0002234974,0.015833868,0.0015416836,0.00069581426,0.00033085723,0.012155742
4126,118_02041,118,2041,2,RBBB,2,RBBB,0,N,0.967039,0.967039,0.0036089905,0.0002452209,0.013737692,0.0014914939,0.00081068,0.00031401162,0.012752795
4127,118_02042,118,2042,2,RBBB,2,RBBB,0,N,0.954246,0.954246,0.0045371633,0.0003202079,0.01724445,0.0014479156,0.0007242816,0.00041622785,0.021063762
4128,118_02043,118,2043,2,RBBB,2,RBBB,0,N,0.96303236,0.96303236,0.0044086794,0.00028495523,0.014967084,0.0015289387,0.00080191216,0.00036423953,0.014611848
4129,118_02044,118,2044,2,RBBB,2,RBBB,0,N,0.9673439,0.9673439,0.0033501282,0.00024675502,0.013713869,0.001400043,0.00085346674,0.00030302827,0.012788755
4130,118_02045,118,2045,2,RBBB,2,RBBB,0,N,0.97655123,0.97655123,0.0016116422,0.00017217708,0.010005021,0.0012101429,0.00071713293,0.00020520923,0.009527366
4131,118_02046,118,2046,2,RBBB,2,RBBB,0,N,0.98622334,0.98622334,0.0005943951,0.00011071351,0.0060337265,0.00124692,0.00054197374,0.00012652336,0.005122391
4132,118_02047,118,2047,2,RBBB,2,RBBB,0,N,0.98961943,0.98961943,0.00039888604,8.875714e-05,0.004763035,0.0012599424,0.0004672164,9.850667e-05,0.0033042256
4133,118_02048,118,2048,2,RBBB,2,RBBB,0,N,0.99018735,0.99018735,0.00052838627,9.1207454e-05,0.0046891873,0.0011988359,0.0006415404,9.793898e-05,0.002565606
4134,118_02049,118,2049,2,RBBB,2,RBBB,0,N,0.989189,0.989189,0.00047164972,0.00011630511,0.004981222,0.0011868717,0.0007345944,0.0001111737,0.0032091348
4135,118_02050,118,2050,2,RBBB,2,RBBB,0,N,0.97971535,0.97971535,0.0016884622,0.00015220969,0.009027536,0.001331775,0.0007018325,0.0001917659,0.007191146
4136,118_02051,118,2051,2,RBBB,2,RBBB,0,N,0.9848823,0.9848823,0.00095400313,0.00012637023,0.0069220453,0.0011872897,0.00065607205,0.0001437848,0.005128091
4137,118_02052,118,2052,2,RBBB,2,RBBB,0,N,0.9675537,0.9675537,0.002978357,0.00027368343,0.013298986,0.0013770325,0.00084749586,0.00031199967,0.013358742
4138,118_02053,118,2053,2,RBBB,2,RBBB,0,N,0.96558094,0.96558094,0.0031080565,0.00027473728,0.01390711,0.0013422662,0.00080658105,0.0003194765,0.01466079
4139,118_02054,118,2054,2,RBBB,2,RBBB,0,N,0.9793487,0.9793487,0.0016747267,0.00019528676,0.009044305,0.0013178125,0.0008689968,0.00021256825,0.0073376554
4140,118_02055,118,2055,2,RBBB,2,RBBB,0,N,0.9732876,0.9732876,0.0021842916,0.00021172645,0.011230213,0.0013354712,0.00075816445,0.00024956776,0.010742927
4141,118_02056,118,2056,2,RBBB,2,RBBB,0,N,0.97861725,0.97861725,0.0025810325,0.00015210494,0.0098436205,0.0014028696,0.00072591996,0.00020254825,0.006474683
4142,118_02057,118,2057,2,RBBB,2,RBBB,0,N,0.9664864,0.9664864,0.00301168,0.00025045496,0.0135741355,0.001387823,0.0007736275,0.0003071373,0.01420861
4143,118_02058,118,2058,2,RBBB,2,RBBB,0,N,0.96361685,0.96361685,0.0047435244,0.00024112886,0.015058573,0.0014654575,0.0007004717,0.00033171035,0.0138422055
4144,118_02059,118,2059,3,APC,2,RBBB,0,N,0.9623457,0.9623457,0.006304254,0.00023079748,0.016011631,0.0015140097,0.0007194759,0.00033256493,0.012541573
4145,118_02060,118,2060,2,RBBB,3,APC,0,N,0.91996014,0.91996014,0.01452931,0.00047188078,0.03098745,0.0013576292,0.0008470258,0.000574827,0.031271797
4146,118_02061,118,2061,2,RBBB,2,RBBB,0,N,0.95055115,0.95055115,0.008843063,0.0003078928,0.021003466,0.0014003218,0.00087803806,0.00040018052,0.016615799
4147,118_02062,118,2062,2,RBBB,2,RBBB,0,N,0.9344843,0.9344843,0.0056274706,0.00060148956,0.022550158,0.0012987424,0.0011016766,0.0005865424,0.033749647
4148,118_02063,118,2063,2,RBBB,2,RBBB,0,N,0.97654647,0.97654647,0.0036548898,0.00015113798,0.010772855,0.0015283275,0.0007325223,0.00021687479,0.006396974
4149,118_02064,118,2064,2,RBBB,2,RBBB,0,N,0.9799457,0.9799457,0.002132096,0.00013860258,0.009178461,0.001403605,0.00068943086,0.00018958247,0.006322526
4150,118_02065,118,2065,2,RBBB,2,RBBB,0,N,0.9689636,0.9689636,0.0037346757,0.0002208136,0.013267891,0.0014143814,0.0007252348,0.00028631868,0.011386952
4151,118_02066,118,2066,2,RBBB,2,RBBB,0,N,0.9825082,0.9825082,0.0011447472,0.00017578572,0.0077590407,0.0012252105,0.0008559554,0.00017997615,0.0061510387
4152,118_02067,118,2067,2,RBBB,2,RBBB,0,N,0.97492087,0.97492087,0.0012661938,0.00022968011,0.009897534,0.0012079416,0.0007553478,0.00023130278,0.011491072
4153,118_02068,118,2068,2,RBBB,2,RBBB,0,N,0.9860101,0.9860101,0.00082365755,0.00013169757,0.0063869506,0.0011869846,0.0007183401,0.00013966342,0.004602687
4154,118_02069,118,2069,2,RBBB,2,RBBB,0,N,0.9765828,0.9765828,0.002467053,0.00017300299,0.010497892,0.0013660153,0.00077429414,0.00022039599,0.007918563
4155,118_02070,118,2070,2,RBBB,2,RBBB,0,N,0.96861285,0.96861285,0.0037819124,0.00021320672,0.013445767,0.0014819562,0.0007613623,0.000287891,0.011415046
4156,118_02071,118,2071,2,RBBB,2,RBBB,0,N,0.9741953,0.9741953,0.003011598,0.00018059053,0.01151045,0.0013984285,0.0007945582,0.00023839521,0.008670598
4157,118_02072,118,2072,2,RBBB,2,RBBB,0,N,0.9780382,0.9780382,0.0020675294,0.00015768358,0.009603083,0.0014539721,0.0006272539,0.00021044204,0.007841886
4158,118_02073,118,2073,2,RBBB,2,RBBB,0,N,0.9799941,0.9799941,0.0024932895,0.00017386662,0.009184497,0.0014633507,0.0009083361,0.00021022759,0.0055722864
4159,118_02074,118,2074,2,RBBB,2,RBBB,0,N,0.9785387,0.9785387,0.0035362872,0.00016214662,0.009852485,0.001636242,0.0008677267,0.00021912258,0.005187255
4160,118_02075,118,2075,2,RBBB,2,RBBB,0,N,0.9736906,0.9736906,0.0031115145,0.00023305022,0.011554303,0.0015216774,0.0009968899,0.0002769982,0.008614923
4161,118_02076,118,2076,2,RBBB,2,RBBB,0,N,0.98140347,0.98140347,0.0018158449,0.00016867276,0.00838685,0.0014309975,0.0009060684,0.00019863916,0.005689322
4162,118_02077,118,2077,2,RBBB,2,RBBB,0,N,0.9753324,0.9753324,0.0023965433,0.00021268544,0.010584417,0.001500255,0.00092568685,0.00025690848,0.008791228
4163,118_02078,118,2078,2,RBBB,2,RBBB,0,N,0.9799226,0.9799226,0.00199444,0.00016141744,0.008905427,0.0015019848,0.0008062103,0.0002071169,0.0065007852
4164,118_02079,118,2079,2,RBBB,2,RBBB,0,N,0.9775846,0.9775846,0.0037037751,0.00013915042,0.010168815,0.001688377,0.0006624734,0.00021472787,0.0058380533
4165,118_02080,118,2080,2,RBBB,2,RBBB,0,N,0.98002833,0.98002833,0.0021510017,0.00016276728,0.008842468,0.0015574355,0.0007608177,0.0002106984,0.006286526
4166,118_02081,118,2081,2,RBBB,2,RBBB,0,N,0.97370815,0.97370815,0.005222985,0.00017042366,0.012086767,0.0016027344,0.0008452037,0.00024250284,0.006121214
4167,118_02082,118,2082,2,RBBB,2,RBBB,0,N,0.9605545,0.9605545,0.004428147,0.0003210841,0.01647438,0.0013278697,0.0010032381,0.00035929002,0.015531456
4168,118_02083,118,2083,2,RBBB,2,RBBB,0,N,0.9378814,0.9378814,0.005099985,0.0005685867,0.021739284,0.0012304485,0.0011523025,0.0005411537,0.03178692
4169,118_02084,118,2084,2,RBBB,2,RBBB,0,N,0.9453129,0.9453129,0.0050037843,0.0004735349,0.019581567,0.0013619887,0.00094041723,0.00050629774,0.026819507
4170,118_02085,118,2085,2,RBBB,2,RBBB,0,N,0.96233577,0.96233577,0.0020578105,0.00040160926,0.013523467,0.0012358538,0.0009969563,0.0003625104,0.01908597
4171,118_02086,118,2086,2,RBBB,2,RBBB,0,N,0.97492737,0.97492737,0.003055575,0.00016129637,0.01109724,0.0014987597,0.00064151647,0.00023163964,0.00838662
4172,118_02087,118,2087,2,RBBB,2,RBBB,0,N,0.9767885,0.9767885,0.0031020772,0.00014414934,0.01048967,0.0015232736,0.0005900436,0.00021395944,0.007148314
4173,118_02088,118,2088,2,RBBB,2,RBBB,0,N,0.97014445,0.97014445,0.005796329,0.00016010481,0.013151878,0.0016955899,0.00061848504,0.00026625278,0.008167071
4174,118_02089,118,2089,2,RBBB,2,RBBB,0,N,0.97152615,0.97152615,0.0056339665,0.00018129322,0.012665683,0.0016985708,0.0007787719,0.00026812596,0.0072474247
4175,118_02090,118,2090,2,RBBB,2,RBBB,0,N,0.9687423,0.9687423,0.0044252058,0.00022590425,0.013710779,0.0015268648,0.0008532581,0.0002961031,0.010219456
4176,118_02091,118,2091,2,RBBB,2,RBBB,0,N,0.9694403,0.9694403,0.0037724776,0.00023535447,0.013203638,0.0014986236,0.00086411776,0.00029671035,0.010688727
4177,118_02092,118,2092,2,RBBB,2,RBBB,0,N,0.96906376,0.96906376,0.0032977746,0.00024314884,0.012835163,0.0015178974,0.0007822547,0.00030596048,0.011954118
4178,118_02093,118,2093,2,RBBB,2,RBBB,0,N,0.97932076,0.97932076,0.002402308,0.00017030616,0.00925187,0.0015397631,0.00078331796,0.00021723304,0.006314542
4179,118_02094,118,2094,2,RBBB,2,RBBB,0,N,0.9727812,0.9727812,0.0042602536,0.00019833325,0.012116685,0.0016310372,0.00079063996,0.00026958712,0.007952419
4180,118_02095,118,2095,2,RBBB,2,RBBB,0,N,0.95218456,0.95218456,0.010731984,0.00028385446,0.020081017,0.0016399466,0.0008338071,0.00041420848,0.013830612
4181,118_02096,118,2096,2,RBBB,2,RBBB,0,N,0.9524749,0.9524749,0.0124945855,0.00024678567,0.019913616,0.0017161355,0.0007566224,0.0003928796,0.012004568
4182,118_02097,118,2097,2,RBBB,2,RBBB,0,N,0.95376843,0.95376843,0.0147409905,0.00019583032,0.019342732,0.0017856138,0.0007228974,0.00034593954,0.009097589
4183,118_02098,118,2098,2,RBBB,2,RBBB,0,N,0.9652582,0.9652582,0.0064240387,0.00019104675,0.015150159,0.0015654594,0.0006739427,0.0002980628,0.010439158
4184,118_02099,118,2099,2,RBBB,2,RBBB,0,N,0.96605307,0.96605307,0.008138819,0.00016678676,0.015085426,0.001623255,0.00068427186,0.00027359795,0.007974876
4185,118_02100,118,2100,2,RBBB,2,RBBB,0,N,0.9722213,0.9722213,0.0054085744,0.00015217232,0.012600288,0.0016010671,0.000652772,0.00023967956,0.007124257
4186,118_02101,118,2101,2,RBBB,2,RBBB,0,N,0.9773445,0.9773445,0.0055059055,0.00013772385,0.010338662,0.0016875165,0.0008866822,0.00020540491,0.003893533
4187,118_02102,118,2102,2,RBBB,2,RBBB,0,N,0.98128396,0.98128396,0.0026482276,0.00015535652,0.00861462,0.0015791474,0.00095130113,0.00019994359,0.004567332
4188,118_02103,118,2103,2,RBBB,2,RBBB,0,N,0.97962147,0.97962147,0.0031516138,0.00015644454,0.009394625,0.0015990705,0.0009386476,0.00020964062,0.004928616
4189,118_02104,118,2104,2,RBBB,2,RBBB,0,N,0.97660106,0.97660106,0.0031730623,0.00018551886,0.010590642,0.0015370231,0.00092349394,0.00023809193,0.006751077
4190,118_02105,118,2105,2,RBBB,2,RBBB,0,N,0.9766687,0.9766687,0.0032996456,0.00018246885,0.010656793,0.0015252709,0.0009424788,0.00023515019,0.0064892755
4191,118_02106,118,2106,2,RBBB,2,RBBB,0,N,0.97278917,0.97278917,0.0024686812,0.0002744672,0.011424607,0.0014400348,0.0010657758,0.00029364848,0.010243569
4192,118_02107,118,2107,2,RBBB,2,RBBB,0,N,0.9756489,0.9756489,0.0031579218,0.00020155216,0.011021977,0.001475614,0.0009409816,0.000246387,0.0073068505
4193,118_02108,118,2108,2,RBBB,2,RBBB,0,N,0.97768915,0.97768915,0.0029588032,0.00018763817,0.01010084,0.0015616068,0.0009529134,0.00023521905,0.006313784
4194,118_02109,118,2109,2,RBBB,2,RBBB,0,N,0.97703636,0.97703636,0.0041307085,0.0001488784,0.010719036,0.0015339841,0.0008122019,0.00021164691,0.005407313
4195,118_02110,118,2110,3,APC,2,RBBB,0,N,0.97679394,0.97679394,0.0067582345,0.00011254392,0.010255341,0.0017617587,0.00073190965,0.00018867974,0.003397445
4196,118_02111,118,2111,2,RBBB,3,APC,0,N,0.9649806,0.9649806,0.007373622,0.00020644741,0.01556097,0.0015676293,0.0008257908,0.00030070936,0.009184225
4197,118_02112,118,2112,2,RBBB,2,RBBB,0,N,0.96276385,0.96276385,0.013619254,0.00013683502,0.015315503,0.0018320794,0.0007174618,0.00025642355,0.005358549
4198,118_02113,118,2113,2,RBBB,2,RBBB,0,N,0.9315097,0.9315097,0.008810062,0.00046178795,0.025139658,0.0013726854,0.0009291279,0.0005578429,0.031219091
4199,118_02114,118,2114,2,RBBB,2,RBBB,0,N,0.9682856,0.9682856,0.0059232377,0.00018949091,0.014291518,0.0015445102,0.0008019645,0.00027714382,0.008686388
4200,118_02115,118,2115,2,RBBB,2,RBBB,0,N,0.8972031,0.8972031,0.0085582035,0.00080082414,0.031603366,0.001143851,0.0009964531,0.0007395039,0.058954652
4201,118_02116,118,2116,2,RBBB,2,RBBB,0,N,0.95714724,0.95714724,0.006711012,0.00024359558,0.017941112,0.0014032831,0.0007098165,0.0003486643,0.0154952295
4202,118_02117,118,2117,2,RBBB,2,RBBB,0,N,0.95984507,0.95984507,0.006271287,0.00023771009,0.01650083,0.0015205584,0.00064067886,0.0003566449,0.014627251
4203,118_02118,118,2118,2,RBBB,2,RBBB,0,N,0.9710173,0.9710173,0.007754389,0.00014199807,0.012908363,0.0017116474,0.0006934526,0.00023761435,0.00553517
4204,118_02119,118,2119,2,RBBB,2,RBBB,0,N,0.9771938,0.9771938,0.0035366341,0.0001794183,0.010384431,0.0016077142,0.00085383386,0.00023398752,0.00601026
4205,118_02120,118,2120,2,RBBB,2,RBBB,0,N,0.97536516,0.97536516,0.0039364984,0.00020471601,0.011194145,0.0016205175,0.0010192934,0.00025775743,0.006402084
4206,118_02121,118,2121,3,APC,2,RBBB,0,N,0.9741387,0.9741387,0.0027868035,0.00025706924,0.011270237,0.0014949148,0.0010379506,0.00028277832,0.008731569
4207,118_02122,118,2122,2,RBBB,3,APC,0,N,0.9123674,0.9123674,0.009175031,0.0011726235,0.02894759,0.0013123545,0.0017032161,0.0008828142,0.044439048
4208,118_02123,118,2123,2,RBBB,2,RBBB,0,N,0.8933336,0.8933336,0.013920518,0.00108994,0.036280867,0.0013501708,0.0014277886,0.0009091638,0.051688045
4209,118_02124,118,2124,2,RBBB,2,RBBB,0,N,0.8050275,0.8050275,0.030442143,0.0024321794,0.05272176,0.001514778,0.0017677328,0.0016018343,0.10449207
4210,118_02125,118,2125,2,RBBB,2,RBBB,0,N,0.97279817,0.97279817,0.003353893,0.00019604864,0.011906514,0.0015223871,0.00075269176,0.00026215098,0.00920812
4211,118_02126,118,2126,3,APC,2,RBBB,0,N,0.9629376,0.9629376,0.0048209643,0.00027828626,0.015678298,0.0014433309,0.00088251394,0.00034391962,0.013614971
4212,118_02127,118,2127,2,RBBB,3,APC,0,N,0.9516495,0.9516495,0.0030645253,0.00040627198,0.017316252,0.001200857,0.00094622275,0.00040823332,0.0250082
4213,118_02128,118,2128,2,RBBB,2,RBBB,0,N,0.9401778,0.9401778,0.008290973,0.0004188656,0.0230597,0.0013580503,0.0008880527,0.00049978145,0.025306702
4214,118_02129,118,2129,2,RBBB,2,RBBB,0,N,0.9250843,0.9250843,0.010610746,0.00050092035,0.027754394,0.0013031808,0.00086579967,0.0005776761,0.033302985
4215,118_02130,118,2130,2,RBBB,2,RBBB,0,N,0.95002985,0.95002985,0.008014696,0.00033197392,0.020398462,0.0014402183,0.0008791213,0.00042939032,0.0184762
4216,118_02131,118,2131,2,RBBB,2,RBBB,0,N,0.96111286,0.96111286,0.00512353,0.00030413474,0.01644714,0.0013996256,0.0009422719,0.0003580283,0.014312476
4217,118_02132,118,2132,2,RBBB,2,RBBB,0,N,0.9671525,0.9671525,0.0062069413,0.00019674929,0.014506906,0.0015539479,0.00071685476,0.00028875103,0.009377276
4218,118_02133,118,2133,2,RBBB,2,RBBB,0,N,0.96370137,0.96370137,0.00677555,0.00023267577,0.015681624,0.0015877334,0.00079131004,0.00033130156,0.010898365
4219,118_02134,118,2134,2,RBBB,2,RBBB,0,N,0.96931046,0.96931046,0.0046796678,0.00020052175,0.013338051,0.0015976648,0.00072409614,0.00028829376,0.009861319
4220,118_02135,118,2135,2,RBBB,2,RBBB,0,N,0.9623683,0.9623683,0.0031842992,0.00031423965,0.014943425,0.0013695149,0.0009313073,0.0003531188,0.016535848
4221,118_02136,118,2136,2,RBBB,2,RBBB,0,N,0.9716343,0.9716343,0.0021333247,0.00023696873,0.011788797,0.0013007198,0.000872064,0.00026566206,0.011768083
4222,118_02137,118,2137,2,RBBB,2,RBBB,0,N,0.966369,0.966369,0.0030411554,0.0002813564,0.013471213,0.0014194621,0.0008146351,0.00032682516,0.0142764505
4223,118_02138,118,2138,2,RBBB,2,RBBB,0,N,0.9705111,0.9705111,0.0036895105,0.00020352301,0.012775286,0.0015010046,0.0007152125,0.00027650502,0.010327908
4224,118_02139,118,2139,2,RBBB,2,RBBB,0,N,0.9773064,0.9773064,0.002333011,0.00019758838,0.010072126,0.0014486575,0.0009099069,0.00023623415,0.0074961483
4225,118_02140,118,2140,2,RBBB,2,RBBB,0,N,0.980904,0.980904,0.0014034723,0.00018057918,0.008357267,0.0013312098,0.0008481947,0.00019754576,0.006777725
4226,118_02141,118,2141,2,RBBB,2,RBBB,0,N,0.9722534,0.9722534,0.0022990343,0.0002600803,0.011437631,0.0014566996,0.0009318774,0.00028820845,0.011073191
4227,118_02142,118,2142,2,RBBB,2,RBBB,0,N,0.97587705,0.97587705,0.0033393377,0.00018128552,0.010906548,0.0015802755,0.00086991163,0.0002418474,0.007003712
4228,118_02143,118,2143,2,RBBB,2,RBBB,0,N,0.96165234,0.96165234,0.006446802,0.00031798886,0.016709825,0.0015376344,0.0011632515,0.00037545688,0.01179669
4229,118_02144,118,2144,2,RBBB,2,RBBB,0,N,0.95918924,0.95918924,0.00943348,0.00025495794,0.01774578,0.0016433722,0.00094611844,0.00036004,0.010427074
4230,118_02145,118,2145,2,RBBB,2,RBBB,0,N,0.96057266,0.96057266,0.0072046104,0.00026765885,0.017166046,0.0015004346,0.00090448576,0.00035067627,0.0120335175
4231,118_02146,118,2146,2,RBBB,2,RBBB,0,N,0.963767,0.963767,0.008065671,0.00021361171,0.015947321,0.0016076559,0.00082362787,0.00031361417,0.009261494
4232,118_02147,118,2147,2,RBBB,2,RBBB,0,N,0.95780396,0.95780396,0.0064175627,0.00028836058,0.017431738,0.0014901009,0.00077521655,0.0003871428,0.015405815
4233,118_02148,118,2148,2,RBBB,2,RBBB,0,N,0.98560274,0.98560274,0.0023333675,8.3679486e-05,0.0067392974,0.0016338859,0.0005855753,0.0001368798,0.002884519
4234,118_02149,118,2149,2,RBBB,2,RBBB,0,N,0.98901904,0.98901904,0.00085201825,8.1458194e-05,0.0051328056,0.0013990873,0.0005349478,0.00011105701,0.002869617
4235,118_02150,118,2150,2,RBBB,2,RBBB,0,N,0.9904026,0.9904026,0.00087657274,6.2844636e-05,0.004682667,0.0013331174,0.00050706306,9.0740505e-05,0.0020444905
4236,118_02151,118,2151,2,RBBB,2,RBBB,0,N,0.98625803,0.98625803,0.0011047983,0.00010038129,0.0064803674,0.0012506201,0.00062655675,0.00012988855,0.0040493705
4237,118_02152,118,2152,2,RBBB,2,RBBB,0,N,0.97673064,0.97673064,0.002693981,0.00016151134,0.010481398,0.0014162969,0.0007431372,0.00021696577,0.007556019
4238,118_02153,118,2153,2,RBBB,2,RBBB,0,N,0.9812059,0.9812059,0.0028537568,0.000121271405,0.008877446,0.0014987836,0.0007102004,0.0001767242,0.0045559956
4239,118_02154,118,2154,2,RBBB,2,RBBB,0,N,0.9746639,0.9746639,0.0029119644,0.00017057598,0.011176879,0.0014627161,0.0006608205,0.00023512,0.008717971
4240,118_02155,118,2155,2,RBBB,2,RBBB,0,N,0.98283386,0.98283386,0.001732952,0.00012762666,0.00794633,0.001387755,0.00072081253,0.00016891441,0.0050816704
4241,118_02156,118,2156,2,RBBB,2,RBBB,0,N,0.97272253,0.97272253,0.0025866441,0.00019776168,0.011614999,0.0014043404,0.0006947906,0.00025252622,0.010526418
4242,118_02157,118,2157,3,APC,2,RBBB,0,N,0.9793308,0.9793308,0.0030242722,0.00014260678,0.009577236,0.0015274734,0.0007457944,0.00019950223,0.005452411
4243,118_02158,118,2158,2,RBBB,3,APC,0,N,0.9583063,0.9583063,0.0053003817,0.00028171774,0.017278515,0.0013762751,0.0007892256,0.0003622777,0.016305327
4244,118_02159,118,2159,2,RBBB,2,RBBB,0,N,0.973175,0.973175,0.0025640074,0.00018579615,0.011630907,0.0013957334,0.00073134055,0.00024406004,0.010073134
4245,118_02160,118,2160,2,RBBB,2,RBBB,0,N,0.94331646,0.94331646,0.0021787237,0.00048520687,0.017322848,0.0011226025,0.0008146333,0.00043352842,0.034326
4246,118_02161,118,2161,2,RBBB,2,RBBB,0,N,0.9741706,0.9741706,0.001540679,0.00019469211,0.010188556,0.0013466952,0.0006481288,0.00023337266,0.01167721
4247,118_02162,118,2162,2,RBBB,2,RBBB,0,N,0.97470164,0.97470164,0.001603582,0.00021694765,0.010430249,0.0012662406,0.0008129236,0.00023554992,0.010732895
4248,118_02163,118,2163,2,RBBB,2,RBBB,0,N,0.9781378,0.9781378,0.0017987507,0.0001655249,0.009511158,0.0013827407,0.0006918234,0.00020770782,0.00810457
4249,118_02164,118,2164,2,RBBB,2,RBBB,0,N,0.9687668,0.9687668,0.0046962444,0.00020789326,0.01336891,0.001655659,0.0007000938,0.00030499054,0.010299509
4250,118_02165,118,2165,2,RBBB,2,RBBB,0,N,0.9730493,0.9730493,0.0041707368,0.00018438867,0.012135494,0.0015547058,0.0007827981,0.00025467342,0.0078680115
4251,118_02166,118,2166,2,RBBB,2,RBBB,0,N,0.9647121,0.9647121,0.0039835875,0.00023422178,0.014531246,0.0014864656,0.0007075118,0.00032247015,0.014022415
4252,118_02167,118,2167,2,RBBB,2,RBBB,0,N,0.96131873,0.96131873,0.0073585496,0.00020466337,0.016373806,0.0015508528,0.00063852087,0.00032599084,0.012228878
4253,118_02168,118,2168,2,RBBB,2,RBBB,0,N,0.9737441,0.9737441,0.0030939898,0.00017399072,0.011339174,0.0015915525,0.0006487403,0.00025208583,0.009156446
4254,118_02169,118,2169,2,RBBB,2,RBBB,0,N,0.9788903,0.9788903,0.0020074416,0.00014563682,0.009408959,0.0014063183,0.0006356534,0.00019757086,0.0073081707
4255,118_02170,118,2170,3,APC,2,RBBB,0,N,0.97693187,0.97693187,0.0017951791,0.00017638417,0.009913372,0.0013617213,0.0006899183,0.00021657154,0.008914947
4256,118_02171,118,2171,3,APC,3,APC,0,N,0.97951967,0.97951967,0.00104293,0.00016315683,0.00877523,0.0010572346,0.000669227,0.00017322978,0.008599365
4257,118_02172,118,2172,2,RBBB,3,APC,0,N,0.89189243,0.89189243,0.0035065531,0.0012579252,0.027052203,0.0008556151,0.0012214446,0.00068047777,0.073533356
4258,118_02173,118,2173,2,RBBB,2,RBBB,0,N,0.8614147,0.8614147,0.0028237992,0.00189061,0.028064305,0.0007696538,0.0012953101,0.0007202906,0.10302142
4259,118_02174,118,2174,2,RBBB,2,RBBB,0,N,0.6570343,0.6570343,0.010232887,0.020904314,0.040905405,0.0013694441,0.004894004,0.0036917457,0.26096788
4260,118_02175,118,2175,2,RBBB,2,RBBB,0,N,0.97594094,0.97594094,0.0025768476,0.00019937674,0.010869978,0.0013185352,0.0008816399,0.00023316416,0.007979581
4261,118_02176,118,2176,2,RBBB,2,RBBB,0,N,0.96656716,0.96656716,0.0033438518,0.00027210143,0.014063508,0.0013954791,0.00094883016,0.00031764622,0.013091534
4262,118_02177,118,2177,2,RBBB,2,RBBB,0,N,0.959998,0.959998,0.004129585,0.00026819864,0.01574639,0.0013921993,0.00072654913,0.00035179118,0.017387196
4263,118_02178,118,2178,2,RBBB,2,RBBB,0,N,0.9572885,0.9572885,0.0065248036,0.00024516633,0.017308345,0.0014867333,0.0006404399,0.00036877466,0.016137227
4264,118_02179,118,2179,2,RBBB,2,RBBB,0,N,0.96695435,0.96695435,0.005200068,0.0002006779,0.014130162,0.0015253699,0.000636423,0.00029879194,0.011054196
4265,118_02180,118,2180,2,RBBB,2,RBBB,0,N,0.9649233,0.9649233,0.0054496564,0.0002247694,0.014844236,0.0015674698,0.0006926806,0.00032709245,0.011970748
4266,118_02181,118,2181,2,RBBB,2,RBBB,0,N,0.9757722,0.9757722,0.0028015124,0.00018985163,0.010742126,0.0014884006,0.00081785367,0.00024234202,0.007945779
4267,118_02182,118,2182,2,RBBB,2,RBBB,0,N,0.96933156,0.96933156,0.0036193978,0.00021680223,0.012915635,0.0015106454,0.00069485966,0.0002933376,0.011417743
4268,118_02183,118,2183,2,RBBB,2,RBBB,0,N,0.9732366,0.9732366,0.0037186327,0.00018885746,0.011646529,0.0016317697,0.0007085192,0.00026596113,0.00860305
4269,118_02184,118,2184,2,RBBB,2,RBBB,0,N,0.9755807,0.9755807,0.0026767415,0.00018257281,0.01054476,0.001609055,0.00071233796,0.00024736352,0.008446551
4270,118_02185,118,2185,2,RBBB,2,RBBB,0,N,0.97712415,0.97712415,0.0029805037,0.00016518978,0.010312144,0.0015492281,0.00078274775,0.00022586624,0.0068600597
4271,118_02186,118,2186,2,RBBB,2,RBBB,0,N,0.9776836,0.9776836,0.0020485565,0.00015586535,0.009851947,0.0013999896,0.0006549584,0.00020714523,0.007997981
4272,118_02187,118,2187,2,RBBB,2,RBBB,0,N,0.98184216,0.98184216,0.0018629602,0.00012581915,0.008331836,0.0014407618,0.00069724227,0.00017539553,0.005523752
4273,118_02188,118,2188,2,RBBB,2,RBBB,0,N,0.9746209,0.9746209,0.0026319493,0.0001681091,0.010963063,0.0014914258,0.0005821547,0.0002365648,0.009305779
4274,118_02189,118,2189,2,RBBB,2,RBBB,0,N,0.9835615,0.9835615,0.0016520646,0.00013515331,0.0076139877,0.0014036263,0.0008089533,0.00016939305,0.0046552806
4275,118_02190,118,2190,2,RBBB,2,RBBB,0,N,0.973393,0.973393,0.0028308567,0.0002198226,0.01162306,0.0014244308,0.0008896666,0.00026400026,0.009355076
4276,118_02191,118,2191,2,RBBB,2,RBBB,0,N,0.9757056,0.9757056,0.0031842561,0.0001791608,0.01107342,0.0014353821,0.0008068101,0.0002315086,0.0073837577
4277,118_02192,118,2192,2,RBBB,2,RBBB,0,N,0.96359897,0.96359897,0.005275534,0.0002631311,0.01593732,0.0014197613,0.0008904387,0.0003273589,0.012287444
4278,118_02193,118,2193,2,RBBB,2,RBBB,0,N,0.9620602,0.9620602,0.004297141,0.00029142023,0.015874848,0.001389791,0.0009055997,0.00034726158,0.014833757
4279,118_02194,118,2194,2,RBBB,2,RBBB,0,N,0.9558094,0.9558094,0.004696162,0.00035281322,0.017527059,0.0013805978,0.0009422728,0.00040791326,0.018883808
4280,118_02195,118,2195,2,RBBB,2,RBBB,0,N,0.95956993,0.95956993,0.003934512,0.0002967093,0.015584704,0.0014513605,0.0007285219,0.0003776881,0.018056624
4281,118_02196,118,2196,2,RBBB,2,RBBB,0,N,0.9664277,0.9664277,0.004362179,0.00022561094,0.014201068,0.0014785553,0.00071276387,0.00030906693,0.012282935
4282,118_02197,118,2197,2,RBBB,2,RBBB,0,N,0.9541303,0.9541303,0.0060585975,0.00033873774,0.018888937,0.0013585272,0.0008984033,0.00040231607,0.017924165
4283,118_02198,118,2198,2,RBBB,2,RBBB,0,N,0.95220715,0.95220715,0.0072700633,0.00033693796,0.019996345,0.0013689237,0.00091163104,0.00040691227,0.01750202
4284,118_02199,118,2199,2,RBBB,2,RBBB,0,N,0.94796556,0.94796556,0.0067536905,0.00038450662,0.02092119,0.0013339573,0.00097493693,0.00044307308,0.021223085
4285,118_02200,118,2200,2,RBBB,2,RBBB,0,N,0.97049105,0.97049105,0.003391673,0.00023118933,0.012754266,0.001435555,0.0008373199,0.00028376092,0.010575257
4286,118_02201,118,2201,2,RBBB,2,RBBB,0,N,0.9670194,0.9670194,0.0033999954,0.0002727131,0.013608563,0.0014629083,0.00083417346,0.00032510734,0.01307714
4287,118_02202,118,2202,2,RBBB,2,RBBB,0,N,0.96957433,0.96957433,0.0036183903,0.000269119,0.013294016,0.0014739298,0.0010274813,0.00030916792,0.010433618
4288,118_02203,118,2203,2,RBBB,2,RBBB,0,N,0.95678777,0.95678777,0.0043152664,0.00041761863,0.017011464,0.00142249,0.0010975815,0.00043571345,0.018512042
4289,118_02204,118,2204,2,RBBB,2,RBBB,0,N,0.952044,0.952044,0.006449846,0.00033739276,0.019579688,0.0013614236,0.0008771865,0.0004117459,0.018938694
4290,118_02205,118,2205,2,RBBB,2,RBBB,0,N,0.9660925,0.9660925,0.004556068,0.00024460876,0.014708935,0.0014615307,0.00083354564,0.00031217802,0.0117906425
4291,118_02206,118,2206,2,RBBB,2,RBBB,0,N,0.96653706,0.96653706,0.0043727485,0.00024304159,0.014237693,0.001495229,0.000753125,0.0003193171,0.012041757
4292,118_02207,118,2207,2,RBBB,2,RBBB,0,N,0.9780982,0.9780982,0.0031365475,0.00017440159,0.010155027,0.0014922945,0.00089944655,0.00022052147,0.005823613
4293,118_02208,118,2208,2,RBBB,2,RBBB,0,N,0.9750316,0.9750316,0.0025559352,0.00020835633,0.010892793,0.0014532653,0.00087412057,0.0002527219,0.008731329
4294,118_02209,118,2209,2,RBBB,2,RBBB,0,N,0.97485405,0.97485405,0.0025267373,0.00020356958,0.010896362,0.0014519736,0.00083005667,0.00025064332,0.008986739
4295,118_02210,118,2210,3,APC,2,RBBB,0,N,0.9731848,0.9731848,0.0025007303,0.00020343566,0.011358483,0.0014577593,0.0007252128,0.00025755234,0.010311973
4296,118_02211,118,2211,2,RBBB,3,APC,0,N,0.93096554,0.93096554,0.0057826303,0.000453385,0.023433108,0.0012247923,0.00076827954,0.0005199292,0.036852244
4297,118_02212,118,2212,2,RBBB,2,RBBB,0,N,0.9403279,0.9403279,0.0060231276,0.00038665038,0.021776,0.0013148991,0.0008023503,0.00047799852,0.02889103
4298,118_02213,118,2213,2,RBBB,2,RBBB,0,N,0.9101444,0.9101444,0.007569419,0.00061070785,0.028600164,0.0012042094,0.0009421822,0.0006498212,0.05027905
4299,118_02214,118,2214,2,RBBB,2,RBBB,0,N,0.9760081,0.9760081,0.0036704834,0.00015607083,0.010830395,0.0016356356,0.0007400967,0.00022970173,0.0067295474
4300,118_02215,118,2215,2,RBBB,2,RBBB,0,N,0.9658486,0.9658486,0.004811198,0.00026487088,0.014647662,0.0015278278,0.0008745763,0.00033217182,0.011692995
4301,118_02216,118,2216,2,RBBB,2,RBBB,0,N,0.97396964,0.97396964,0.003643937,0.00018933706,0.011692959,0.0015568169,0.0008131804,0.00025390767,0.007880216
4302,118_02217,118,2217,3,APC,2,RBBB,0,N,0.96178997,0.96178997,0.0065884967,0.00027051708,0.016497841,0.0015343371,0.0008795845,0.0003548128,0.012084412
4303,118_02218,118,2218,2,RBBB,3,APC,0,N,0.9263324,0.9263324,0.010190065,0.0006638929,0.028023066,0.0012823711,0.0012156005,0.0006252919,0.03166719
4304,118_02219,118,2219,2,RBBB,2,RBBB,0,N,0.90545833,0.90545833,0.017717263,0.0008245935,0.035892263,0.0014550616,0.0013313823,0.0007684495,0.036552664
4305,118_02220,118,2220,2,RBBB,2,RBBB,0,N,0.7252503,0.7252503,0.0275542,0.0046964944,0.06074724,0.0013991254,0.0021461921,0.0020110186,0.17619541
4306,118_02221,118,2221,2,RBBB,2,RBBB,0,N,0.96094185,0.96094185,0.0048110504,0.0002997794,0.01643262,0.0014187213,0.00093412143,0.0003599889,0.01480191
4307,118_02222,118,2222,3,APC,2,RBBB,0,N,0.9470341,0.9470341,0.0062778755,0.00036062804,0.020288942,0.0013520187,0.0007861321,0.0004478157,0.023452444
4308,118_02223,118,2223,2,RBBB,3,APC,0,N,0.9323696,0.9323696,0.0045688595,0.000731379,0.022721652,0.0011226544,0.0012545236,0.00058491016,0.036646407
4309,118_02224,118,2224,2,RBBB,2,RBBB,0,N,0.9411287,0.9411287,0.005028022,0.0006011659,0.021698982,0.0011896963,0.0011600874,0.0005265333,0.028666856
4310,118_02225,118,2225,2,RBBB,2,RBBB,0,N,0.92840457,0.92840457,0.0043145637,0.0008319367,0.022762373,0.0011297616,0.0012675591,0.0006301432,0.04065911
4311,118_02226,118,2226,2,RBBB,2,RBBB,0,N,0.97620165,0.97620165,0.003951945,0.00015921614,0.010939359,0.001538511,0.0007481147,0.00022274732,0.006238479
4312,118_02227,118,2227,2,RBBB,2,RBBB,0,N,0.96811426,0.96811426,0.0058653806,0.00020161997,0.014519172,0.0014653841,0.0008250296,0.0002763888,0.00873281
4313,118_02228,118,2228,2,RBBB,2,RBBB,0,N,0.9679938,0.9679938,0.0039401106,0.00024344365,0.0139787,0.0014122827,0.0008940939,0.00029875737,0.011238775
4314,118_02229,118,2229,2,RBBB,2,RBBB,0,N,0.9672477,0.9672477,0.002593448,0.00029810375,0.013259333,0.0013050237,0.000890699,0.00031310832,0.014092489
4315,118_02230,118,2230,2,RBBB,2,RBBB,0,N,0.97326696,0.97326696,0.0023093736,0.00025619433,0.011276949,0.0014099965,0.0009419818,0.00027813716,0.010260467
4316,118_02231,118,2231,2,RBBB,2,RBBB,0,N,0.96634686,0.96634686,0.0034260654,0.0002882693,0.013955988,0.0014022307,0.00087863905,0.00032790945,0.0133740995
4317,118_02232,118,2232,2,RBBB,2,RBBB,0,N,0.975369,0.975369,0.002583587,0.00021995963,0.0106971515,0.0015015114,0.00087074237,0.0002595089,0.008498533
4318,118_02233,118,2233,2,RBBB,2,RBBB,0,N,0.9695242,0.9695242,0.003867884,0.00022345068,0.012999044,0.0015232413,0.00074328587,0.00029644358,0.010822489
4319,118_02234,118,2234,2,RBBB,2,RBBB,0,N,0.9758875,0.9758875,0.0040243305,0.00015634425,0.010943605,0.0016443541,0.0007109763,0.0002301564,0.006402654
4320,118_02235,118,2235,2,RBBB,2,RBBB,0,N,0.97008073,0.97008073,0.0062523754,0.00016224799,0.013229521,0.0016714712,0.00061324495,0.00026725666,0.007723131
4321,118_02236,118,2236,2,RBBB,2,RBBB,0,N,0.9749593,0.9749593,0.0055360533,0.00014875032,0.011404589,0.0016945484,0.00072560937,0.00022774159,0.005303429
4322,118_02237,118,2237,2,RBBB,2,RBBB,0,N,0.9718898,0.9718898,0.0062245238,0.00016915968,0.01263117,0.0017358297,0.0007488536,0.0002582811,0.0063424148
4323,118_02238,118,2238,2,RBBB,2,RBBB,0,N,0.9712396,0.9712396,0.0046701333,0.00021663029,0.013036226,0.0015534253,0.0009562416,0.00027887782,0.008048891
4324,118_02239,118,2239,2,RBBB,2,RBBB,0,N,0.9727953,0.9727953,0.004052645,0.00020572051,0.012354672,0.0015106867,0.000906952,0.00026340902,0.007910655
4325,118_02240,118,2240,2,RBBB,2,RBBB,0,N,0.9659232,0.9659232,0.003661285,0.0003412426,0.014355017,0.001424823,0.0012181445,0.0003558864,0.012720357
4326,118_02241,118,2241,2,RBBB,2,RBBB,0,N,0.9551234,0.9551234,0.0052100867,0.00038170008,0.017929954,0.0014466115,0.0010293683,0.00043364524,0.018445272
4327,118_02242,118,2242,2,RBBB,2,RBBB,0,N,0.95313764,0.95313764,0.0076857405,0.00031222714,0.019355588,0.0014731459,0.0008526902,0.00041159542,0.016771398
4328,118_02243,118,2243,2,RBBB,2,RBBB,0,N,0.96406406,0.96406406,0.005404475,0.00022035636,0.015449448,0.0014492783,0.0006941697,0.0003123755,0.012405868
4329,118_02244,118,2244,3,APC,2,RBBB,0,N,0.97288764,0.97288764,0.004719834,0.0001691742,0.012333618,0.0015475156,0.00072444393,0.00024458833,0.007373173
4330,118_02245,118,2245,2,RBBB,3,APC,0,N,0.9357822,0.9357822,0.009674665,0.0005206805,0.025034208,0.0014145474,0.0009758013,0.00057420717,0.026023706
4331,118_02246,118,2246,2,RBBB,2,RBBB,0,N,0.9516301,0.9516301,0.010923605,0.00032866056,0.021129876,0.0015675362,0.0010848659,0.00041960747,0.012915696
4332,118_02247,118,2247,2,RBBB,2,RBBB,0,N,0.8895953,0.8895953,0.009911738,0.0012778454,0.03359192,0.0012393448,0.001544001,0.00095995236,0.061879814
4333,118_02248,118,2248,2,RBBB,2,RBBB,0,N,0.97259694,0.97259694,0.0039007077,0.00018855685,0.012313698,0.001467137,0.0007698106,0.0002534642,0.008509701
4334,118_02249,118,2249,3,APC,2,RBBB,0,N,0.96611625,0.96611625,0.0028047455,0.00028574237,0.0134891495,0.0013761569,0.0007976504,0.0003245778,0.014805716
4335,118_02250,118,2250,2,RBBB,3,APC,0,N,0.92895705,0.92895705,0.006513581,0.00080350105,0.025337819,0.0011785221,0.0014845342,0.00064214616,0.035082836
4336,118_02251,118,2251,2,RBBB,2,RBBB,0,N,0.89047134,0.89047134,0.012708411,0.0013057668,0.03589236,0.0013187041,0.0015259803,0.0009516521,0.055825736
4337,118_02252,118,2252,2,RBBB,2,RBBB,0,N,0.9039366,0.9039366,0.014541805,0.00095722574,0.03374711,0.001409182,0.0014943621,0.00085987017,0.043053817
4338,118_02253,118,2253,2,RBBB,2,RBBB,0,N,0.96859473,0.96859473,0.003968487,0.0002540315,0.013641643,0.0015120521,0.00092562434,0.00031015606,0.010793219
4339,118_02254,118,2254,3,APC,2,RBBB,0,N,0.97372115,0.97372115,0.0037616717,0.00020635624,0.0119373305,0.0015067335,0.0009440108,0.00025980236,0.0076630446
4340,118_02255,118,2255,2,RBBB,3,APC,0,N,0.9434265,0.9434265,0.0024541973,0.00063489814,0.018488003,0.0009930886,0.0012412536,0.0004657705,0.032296244
4341,118_02256,118,2256,3,APC,2,RBBB,0,N,0.9764775,0.9764775,0.002047217,0.00020275654,0.010410277,0.0012774988,0.0010159595,0.00023010718,0.008338628
4342,118_02257,118,2257,2,RBBB,3,APC,0,N,0.8077743,0.8077743,0.0042835604,0.0031507225,0.03180446,0.0008462472,0.0017826309,0.0010888793,0.14926933
4343,201_00000,201,0,0,N,0,N,0,N,0.9998353,0.9998353,2.0239434e-06,5.439954e-06,7.589744e-05,4.6943433e-06,3.651577e-05,2.9309136e-05,1.09245375e-05
4344,201_00001,201,1,0,N,0,N,0,N,0.9998432,0.9998432,2.125315e-06,3.7721913e-06,6.999941e-05,8.6380915e-06,3.354022e-05,3.0479827e-05,8.332745e-06
4345,201_00002,201,2,0,N,0,N,0,N,0.99973637,0.99973637,3.905311e-06,1.1228695e-05,0.00010205554,7.856203e-06,5.2482264e-05,7.046619e-05,1.557611e-05
4346,201_00003,201,3,0,N,0,N,0,N,0.9998152,0.9998152,4.9692585e-06,7.930265e-06,8.472246e-05,6.223652e-06,2.5871734e-05,3.8390317e-05,1.6577991e-05
4347,201_00004,201,4,0,N,0,N,0,N,0.9998525,0.9998525,2.3105342e-06,7.891901e-06,6.948288e-05,2.3635996e-06,2.862503e-05,2.4420997e-05,1.2351575e-05
4348,201_00005,201,5,0,N,0,N,0,N,0.9998754,0.9998754,2.3637847e-06,6.624304e-06,6.35019e-05,2.1165117e-06,2.1521264e-05,1.7286506e-05,1.1149401e-05
4349,201_00006,201,6,0,N,0,N,0,N,0.9998433,0.9998433,2.1567796e-06,8.133362e-06,7.817151e-05,1.9434883e-06,2.894968e-05,2.078419e-05,1.6623673e-05
4350,201_00007,201,7,0,N,0,N,0,N,0.9998004,0.9998004,2.4867813e-06,8.837619e-06,8.7722365e-05,3.7827397e-06,4.354823e-05,3.7448342e-05,1.5811462e-05
4351,201_00008,201,8,0,N,0,N,0,N,0.9997192,0.9997192,3.9087095e-06,9.691786e-06,0.000120074,7.1698464e-06,5.6034252e-05,5.777863e-05,2.6179903e-05
4352,201_00009,201,9,0,N,0,N,0,N,0.99982035,0.99982035,3.0450528e-06,7.1711734e-06,8.166235e-05,4.8297525e-06,3.244842e-05,3.5328907e-05,1.5002646e-05
4353,201_00010,201,10,0,N,0,N,0,N,0.999798,0.999798,5.187573e-06,6.0699676e-06,8.983044e-05,1.0687327e-05,2.9661209e-05,4.3567525e-05,1.704688e-05
4354,201_00011,201,11,0,N,0,N,0,N,0.99986047,0.99986047,4.328289e-06,4.988167e-06,7.054736e-05,6.65409e-06,2.0450334e-05,2.2318945e-05,1.0294131e-05
4355,201_00012,201,12,0,N,0,N,0,N,0.9998832,0.9998832,3.9588595e-06,4.4359913e-06,6.495792e-05,4.539348e-06,1.709729e-05,1.2959497e-05,8.864858e-06
4356,201_00013,201,13,0,N,0,N,0,N,0.9998771,0.9998771,2.8658692e-06,4.2968777e-06,5.880592e-05,6.501086e-06,1.9814272e-05,2.3346562e-05,7.2542693e-06
4357,201_00014,201,14,0,N,0,N,0,N,0.9998232,0.9998232,3.1430106e-06,7.3879523e-06,7.316781e-05,6.8402696e-06,3.2083022e-05,4.4758588e-05,9.334688e-06
4358,201_00015,201,15,0,N,0,N,0,N,0.99979776,0.99979776,4.0126533e-06,8.697637e-06,8.4924264e-05,6.961926e-06,3.3314245e-05,4.9779585e-05,1.4670133e-05
4359,201_00016,201,16,0,N,0,N,0,N,0.99980843,0.99980843,2.8045533e-06,1.0372786e-05,8.3402425e-05,3.3714773e-06,3.6978236e-05,3.8287606e-05,1.6350337e-05
4360,201_00017,201,17,0,N,0,N,0,N,0.999847,0.999847,2.2611089e-06,7.1540967e-06,6.999594e-05,3.1856048e-06,3.093514e-05,2.8389251e-05,1.1031474e-05
4361,201_00018,201,18,0,N,0,N,0,N,0.99987054,0.99987054,2.9211037e-06,5.156883e-06,6.330707e-05,4.924248e-06,2.0816156e-05,2.2880355e-05,9.540234e-06
4362,201_00019,201,19,0,N,0,N,0,N,0.99986875,0.99986875,3.1355432e-06,5.3640547e-06,6.46179e-05,4.7265576e-06,2.009217e-05,2.340551e-05,9.794961e-06
4363,201_00020,201,20,0,N,0,N,0,N,0.9998082,0.9998082,4.017895e-06,7.3627316e-06,8.483011e-05,6.947069e-06,3.0455572e-05,4.3198877e-05,1.5021576e-05
4364,201_00021,201,21,0,N,0,N,0,N,0.9997235,0.9997235,4.716762e-06,9.768586e-06,0.000103739185,1.2961494e-05,4.904439e-05,8.156758e-05,1.4616858e-05
4365,201_00022,201,22,0,N,0,N,0,N,0.99974203,0.99974203,6.4155083e-06,1.045579e-05,0.000102418344,1.0656248e-05,3.7715494e-05,7.006038e-05,2.04367e-05
4366,201_00023,201,23,0,N,0,N,0,N,0.99971396,0.99971396,5.9867903e-06,1.3694833e-05,0.00011144332,8.154413e-06,4.1607123e-05,7.900909e-05,2.626657e-05
4367,201_00024,201,24,0,N,0,N,0,N,0.99976885,0.99976885,4.334443e-06,9.359871e-06,0.00010009127,6.5196155e-06,3.6407353e-05,5.1285737e-05,2.3076733e-05
4368,201_00025,201,25,0,N,0,N,0,N,0.9997392,0.9997392,3.72802e-06,1.3585116e-05,0.00010210208,5.600404e-06,5.062558e-05,6.746759e-05,1.764752e-05
4369,201_00026,201,26,0,N,0,N,0,N,0.99984914,0.99984914,3.9581055e-06,6.7497244e-06,7.103866e-05,5.3334456e-06,2.2205744e-05,3.0047895e-05,1.1458413e-05
4370,201_00027,201,27,0,N,0,N,0,N,0.99983746,0.99983746,3.992467e-06,6.901128e-06,7.342147e-05,6.2822783e-06,2.4608056e-05,3.5767618e-05,1.1604761e-05
4371,201_00028,201,28,0,N,0,N,0,N,0.9998618,0.9998618,4.6043533e-06,5.310314e-06,6.718928e-05,8.089582e-06,1.9195475e-05,2.5609534e-05,8.241318e-06
4372,201_00029,201,29,0,N,0,N,0,N,0.9998076,0.9998076,6.075441e-06,6.795209e-06,8.423142e-05,1.1110625e-05,2.5727699e-05,4.4888606e-05,1.3562355e-05
4373,201_00030,201,30,0,N,0,N,0,N,0.9998231,0.9998231,6.0994134e-06,7.0155625e-06,8.351006e-05,8.486411e-06,2.3020635e-05,3.4813267e-05,1.3984216e-05
4374,201_00031,201,31,0,N,0,N,0,N,0.9997961,0.9997961,3.8626363e-06,8.964554e-06,8.796485e-05,5.732479e-06,3.4819634e-05,4.691396e-05,1.559116e-05
4375,201_00032,201,32,0,N,0,N,0,N,0.99981606,0.99981606,3.6147117e-06,8.283277e-06,8.153033e-05,5.109305e-06,3.061741e-05,4.038728e-05,1.4347259e-05
4376,201_00033,201,33,0,N,0,N,0,N,0.9998065,0.9998065,4.0679574e-06,1.0273902e-05,9.0427806e-05,3.320097e-06,2.8552857e-05,3.4662255e-05,2.202496e-05
4377,201_00034,201,34,0,N,0,N,0,N,0.99982274,0.99982274,3.8892945e-06,8.7592025e-06,8.762984e-05,3.0248427e-06,2.6126569e-05,2.6181891e-05,2.1634562e-05
4378,201_00035,201,35,0,N,0,N,0,N,0.99963284,0.99963284,6.7330675e-06,1.5787055e-05,0.00016427852,4.566892e-06,4.4881446e-05,5.16018e-05,7.9314836e-05
4379,201_00036,201,36,0,N,0,N,0,N,0.9995713,0.9995713,7.220286e-06,1.1507491e-05,0.0001504377,2.5377432e-05,6.813689e-05,0.00013528403,3.087121e-05
4380,201_00037,201,37,0,N,0,N,0,N,0.9996622,0.9996622,6.7345177e-06,1.1614562e-05,0.00012371178,1.6579976e-05,5.1028634e-05,0.000104106846,2.3877055e-05
4381,201_00038,201,38,0,N,0,N,0,N,0.999785,0.999785,5.59402e-06,1.0351642e-05,8.539959e-05,9.056908e-06,2.894998e-05,6.1157145e-05,1.44320875e-05
4382,201_00039,201,39,0,N,0,N,0,N,0.9997987,0.9997987,4.077099e-06,8.012883e-06,8.0640966e-05,9.591025e-06,3.1052437e-05,5.6371788e-05,1.1621554e-05
4383,201_00040,201,40,0,N,0,N,0,N,0.9996451,0.9996451,4.873495e-06,1.685772e-05,0.00012420061,9.642198e-06,6.951015e-05,0.00010880909,2.1033582e-05
4384,201_00041,201,41,0,N,0,N,0,N,0.9994587,0.9994587,5.7628463e-06,2.6048825e-05,0.00018336177,9.425014e-06,0.00012644792,0.00014872006,4.151981e-05
4385,201_00042,201,42,0,N,0,N,0,N,0.999486,0.999486,4.206492e-06,2.1309203e-05,0.00018118696,7.5665967e-06,0.00015120297,0.0001130521,3.5493922e-05
4386,201_00043,201,43,0,N,0,N,0,N,0.99957454,0.99957454,3.8209337e-06,1.3846352e-05,0.00016242126,8.092859e-06,0.00012125318,8.542405e-05,3.061927e-05
4387,201_00044,201,44,0,N,0,N,0,N,0.99979705,0.99979705,3.4356567e-06,6.4957685e-06,9.4314746e-05,6.3339403e-06,3.5466725e-05,3.7387803e-05,1.9634219e-05
4388,201_00045,201,45,0,N,0,N,0,N,0.99984306,0.99984306,3.8438334e-06,4.8617953e-06,7.068985e-05,1.0012881e-05,2.3062275e-05,3.4385863e-05,1.0044509e-05
4389,201_00046,201,46,0,N,0,N,0,N,0.9998652,0.9998652,5.556191e-06,4.705618e-06,7.532364e-05,5.991374e-06,1.8816889e-05,1.4130234e-05,1.0337762e-05
4390,201_00047,201,47,0,N,0,N,0,N,0.99969137,0.99969137,9.372061e-06,1.6766755e-05,0.00011948911,9.477943e-06,3.5313064e-05,8.544047e-05,3.2757536e-05
4391,201_00048,201,48,0,N,0,N,0,N,0.9998478,0.9998478,4.568929e-06,8.12805e-06,8.092366e-05,3.0245094e-06,2.0626729e-05,1.7928794e-05,1.7139637e-05
4392,201_00049,201,49,0,N,0,N,0,N,0.99967676,0.99967676,6.5169884e-06,1.7988079e-05,0.000115533905,8.566582e-06,4.3262746e-05,0.00010325406,2.8052124e-05
4393,201_00050,201,50,0,N,0,N,0,N,0.9997968,0.9997968,8.881345e-06,8.352033e-06,9.202981e-05,1.2873535e-05,2.4370966e-05,4.2744035e-05,1.3940215e-05
4394,201_00051,201,51,0,N,0,N,0,N,0.9997192,0.9997192,7.898189e-06,9.949392e-06,0.00011270413,1.3533211e-05,3.5479796e-05,7.47113e-05,2.6422023e-05
4395,201_00052,201,52,0,N,0,N,0,N,0.9996633,0.9996633,4.8721527e-06,1.42272165e-05,0.00012670644,9.27689e-06,6.633028e-05,9.036193e-05,2.4894242e-05
4396,201_00053,201,53,0,N,0,N,0,N,0.99968374,0.99968374,4.090814e-06,1.1373456e-05,0.00011778938,1.0278531e-05,7.279133e-05,8.285724e-05,1.719927e-05
4397,201_00054,201,54,0,N,0,N,0,N,0.9998414,0.9998414,3.1995773e-06,6.12272e-06,7.0512586e-05,6.363386e-06,2.7362517e-05,3.4917877e-05,1.0301379e-05
4398,201_00055,201,55,0,N,0,N,0,N,0.99988914,0.99988914,4.451325e-06,4.2414285e-06,6.250216e-05,5.2554374e-06,1.6083677e-05,1.1401175e-05,7.020276e-06
4399,201_00056,201,56,0,N,0,N,0,N,0.9998984,0.9998984,2.9269966e-06,3.7455136e-06,5.3145992e-05,5.532028e-06,1.6053255e-05,1.4806195e-05,5.5700903e-06
4400,201_00057,201,57,0,N,0,N,0,N,0.9998921,0.9998921,2.4455328e-06,5.3246645e-06,5.4672175e-05,3.033098e-06,1.8363864e-05,1.677873e-05,7.286884e-06
4401,201_00058,201,58,0,N,0,N,0,N,0.9998011,0.9998011,3.2274309e-06,1.2715578e-05,9.304056e-05,2.3487605e-06,3.0759216e-05,3.2834163e-05,2.394701e-05
4402,201_00059,201,59,0,N,0,N,0,N,0.99977857,0.99977857,3.0091467e-06,1.3929236e-05,9.782667e-05,2.7271847e-06,3.8602648e-05,4.247312e-05,2.2854698e-05
4403,201_00060,201,60,0,N,0,N,0,N,0.99978083,0.99978083,4.669994e-06,1.0374073e-05,0.00010211392,4.20972e-06,2.83097e-05,4.079436e-05,2.8761575e-05
4404,201_00061,201,61,0,N,0,N,0,N,0.9997385,0.9997385,4.067413e-06,1.5417552e-05,9.80427e-05,5.59631e-06,4.7358924e-05,7.4032345e-05,1.6889968e-05
4405,201_00062,201,62,0,N,0,N,0,N,0.99960274,0.99960274,4.4025824e-06,2.1446029e-05,0.00013701023,7.4112454e-06,8.872659e-05,0.00011433908,2.3960578e-05
4406,201_00063,201,63,0,N,0,N,0,N,0.9997585,0.9997585,3.3190988e-06,1.2476944e-05,9.1603804e-05,5.993295e-06,4.7468122e-05,6.709027e-05,1.3529651e-05
4407,201_00064,201,64,0,N,0,N,0,N,0.99977285,0.99977285,3.2563516e-06,1.1647717e-05,8.71157e-05,5.8785854e-06,4.4366127e-05,6.2769825e-05,1.2101503e-05
4408,201_00065,201,65,0,N,0,N,0,N,0.99987423,0.99987423,3.183004e-06,5.549336e-06,6.36786e-05,4.126891e-06,1.8916595e-05,2.0557556e-05,9.719745e-06
4409,201_00066,201,66,0,N,0,N,0,N,0.9998163,0.9998163,4.379509e-06,8.080277e-06,7.837625e-05,7.5132807e-06,2.6246798e-05,4.5710225e-05,1.3347255e-05
4410,201_00067,201,67,0,N,0,N,0,N,0.9997479,0.9997479,1.3785202e-05,9.088455e-06,0.000121851896,1.5513122e-05,2.5141002e-05,4.341789e-05,2.340344e-05
4411,201_00068,201,68,0,N,0,N,0,N,0.99967366,0.99967366,9.82569e-06,1.6008327e-05,0.000115541035,1.3802832e-05,3.7883092e-05,0.00010772207,2.5564796e-05
4412,201_00069,201,69,5,ABERR,0,N,0,N,0.99972135,0.99972135,1.1476052e-05,1.4796757e-05,0.00013405066,5.7503376e-06,2.8730641e-05,4.022628e-05,4.3709253e-05
4413,201_00070,201,70,0,N,5,ABERR,0,N,0.99977607,0.99977607,2.2600185e-05,9.3087965e-06,0.00012239293,7.1122777e-06,4.9266273e-05,5.2352048e-06,7.95065e-06
4414,201_00071,201,71,0,N,0,N,0,N,0.9995983,0.9995983,6.679838e-05,1.4455189e-05,0.00019725942,1.4215022e-05,8.9240624e-05,7.2008484e-06,1.2658461e-05
4415,201_00072,201,72,0,N,0,N,0,N,0.9958849,0.9958849,0.0025529515,3.6221227e-05,0.0011154641,0.000109413166,0.00023227293,1.9715444e-05,4.9001712e-05
4416,201_00073,201,73,0,N,0,N,0,N,0.99980676,0.99980676,7.437755e-06,6.6322814e-06,8.9171e-05,1.3650802e-05,2.3925186e-05,3.8356287e-05,1.3973083e-05
4417,201_00074,201,74,0,N,0,N,0,N,0.9998182,0.9998182,6.9390603e-06,7.3835977e-06,0.00010092466,4.200721e-06,2.1550613e-05,1.678525e-05,2.3988061e-05
4418,201_00075,201,75,0,N,0,N,0,N,0.99963593,0.99963593,9.296563e-06,9.505451e-06,0.00014119015,2.3257206e-05,4.6381414e-05,9.917545e-05,3.5333407e-05
4419,201_00076,201,76,0,N,0,N,0,N,0.9997468,0.9997468,6.7621895e-06,6.9199164e-06,0.000118424556,1.0935588e-05,3.004545e-05,4.6930618e-05,3.3231885e-05
4420,201_00077,201,77,0,N,0,N,0,N,0.9997278,0.9997278,8.037678e-06,1.0371742e-05,0.00012052223,8.60384e-06,3.346727e-05,5.5732024e-05,3.55454e-05
4421,201_00078,201,78,0,N,0,N,0,N,0.99980986,0.99980986,3.8273843e-06,8.790194e-06,8.425797e-05,4.9669243e-06,3.0409594e-05,4.1563875e-05,1.6271279e-05
4422,201_00079,201,79,0,N,0,N,0,N,0.9998226,0.9998226,6.5572367e-06,6.8134486e-06,8.752852e-05,8.491532e-06,2.1340482e-05,3.135101e-05,1.5266241e-05
4423,201_00080,201,80,0,N,0,N,0,N,0.9997611,0.9997611,5.8502455e-06,1.1112799e-05,9.8678276e-05,7.6119004e-06,3.3410855e-05,6.0894017e-05,2.1258975e-05
4424,201_00081,201,81,0,N,0,N,0,N,0.9996783,0.9996783,7.940212e-06,1.3732637e-05,0.00013729291,7.507574e-06,4.1514715e-05,6.701922e-05,4.663665e-05
4425,201_00082,201,82,0,N,0,N,0,N,0.9997064,0.9997064,4.8234715e-06,1.4844152e-05,0.00011934058,6.0608627e-06,4.8867678e-05,7.1086666e-05,2.8494507e-05
4426,201_00083,201,83,0,N,0,N,0,N,0.99970114,0.99970114,4.1071435e-06,1.252101e-05,0.00012271041,6.5967997e-06,5.9165006e-05,6.723969e-05,2.6564423e-05
4427,201_00084,201,84,0,N,0,N,0,N,0.9996641,0.9996641,3.305125e-06,1.8755494e-05,0.00012829038,4.570329e-06,8.044769e-05,7.676658e-05,2.3707786e-05
4428,201_00085,201,85,0,N,0,N,0,N,0.99982226,0.99982226,2.3621897e-06,8.390454e-06,7.9233694e-05,3.2940322e-06,3.7711252e-05,3.3313692e-05,1.3427013e-05
4429,201_00086,201,86,0,N,0,N,0,N,0.9998709,0.9998709,1.9239865e-06,5.1052357e-06,6.068486e-05,3.6233316e-06,2.6466714e-05,2.3555996e-05,7.748639e-06
4430,201_00087,201,87,0,N,0,N,0,N,0.99990505,0.99990505,2.5971374e-06,4.0494797e-06,5.4797274e-05,2.349126e-06,1.5910837e-05,7.610456e-06,7.714632e-06
4431,201_00088,201,88,0,N,0,N,0,N,0.9998515,0.9998515,2.8011805e-06,6.17111e-06,7.125079e-05,3.815579e-06,2.5707564e-05,2.6562315e-05,1.2272963e-05
4432,201_00089,201,89,0,N,0,N,0,N,0.99984354,0.99984354,4.97231e-06,6.427226e-06,8.8142435e-05,3.2072921e-06,1.9176316e-05,1.4823595e-05,1.9639701e-05
4433,201_00090,201,90,0,N,0,N,0,N,0.99972194,0.99972194,3.908973e-06,1.5463032e-05,0.00010967134,5.1502093e-06,5.120338e-05,6.973581e-05,2.2978387e-05
4434,201_00091,201,91,0,N,0,N,0,N,0.9998346,0.9998346,2.8293096e-06,7.852938e-06,7.4951306e-05,3.7910495e-06,2.9900357e-05,3.2649878e-05,1.3347282e-05
4435,201_00092,201,92,0,N,0,N,0,N,0.99981666,0.99981666,3.5610528e-06,9.286661e-06,7.484054e-05,6.0158054e-06,2.9877017e-05,4.7926223e-05,1.1764231e-05
4436,201_00093,201,93,0,N,0,N,0,N,0.9998807,0.9998807,2.9494677e-06,5.439355e-06,6.391325e-05,2.989388e-06,1.846905e-05,1.4752909e-05,1.0729889e-05
4437,201_00094,201,94,0,N,0,N,0,N,0.999862,0.999862,4.3379823e-06,6.2424897e-06,7.7306904e-05,2.9438597e-06,1.7892446e-05,1.37325405e-05,1.5427137e-05
4438,201_00095,201,95,0,N,0,N,0,N,0.9998293,0.9998293,3.224519e-06,6.595123e-06,8.4504405e-05,3.8966746e-06,2.5824816e-05,2.7523061e-05,1.9007934e-05
4439,201_00096,201,96,0,N,0,N,0,N,0.9997942,0.9997942,2.6940586e-06,1.0855783e-05,9.054509e-05,3.175485e-06,4.1810385e-05,3.987365e-05,1.6865508e-05
4440,201_00097,201,97,0,N,0,N,0,N,0.99977785,0.99977785,3.3474805e-06,1.2437944e-05,8.898129e-05,4.6887626e-06,4.047264e-05,5.7326182e-05,1.4950634e-05
4441,201_00098,201,98,0,N,0,N,0,N,0.999849,0.999849,2.385196e-06,8.491205e-06,6.728076e-05,2.9798975e-06,2.8501236e-05,3.1234078e-05,1.0214285e-05
4442,201_00099,201,99,0,N,0,N,0,N,0.9998815,0.9998815,2.3680343e-06,8.002939e-06,5.7619618e-05,1.9695751e-06,2.0775946e-05,1.8813302e-05,8.881073e-06
4443,201_00100,201,100,0,N,0,N,0,N,0.99982893,0.99982893,2.4550404e-06,9.408422e-06,7.6417855e-05,2.780265e-06,3.4209865e-05,3.260228e-05,1.3151962e-05
4444,201_00101,201,101,0,N,0,N,0,N,0.99986887,0.99986887,2.70697e-06,5.426555e-06,6.723418e-05,2.9035177e-06,2.3005667e-05,1.8069206e-05,1.1828871e-05
4445,201_00102,201,102,0,N,0,N,0,N,0.9996156,0.9996156,4.322626e-06,1.111874e-05,0.00014844708,1.1609192e-05,9.279293e-05,8.834162e-05,2.7777334e-05
4446,201_00103,201,103,0,N,0,N,0,N,0.9996087,0.9996087,7.1280474e-06,1.1099974e-05,0.00016250057,1.2199765e-05,6.674087e-05,7.9978374e-05,5.1661464e-05
4447,201_00104,201,104,0,N,0,N,0,N,0.9997467,0.9997467,4.4297767e-06,1.0834468e-05,0.00011343348,4.8636684e-06,4.0573133e-05,4.6431607e-05,3.2764816e-05
4448,201_00105,201,105,0,N,0,N,0,N,0.99977344,0.99977344,4.0566842e-06,1.0776792e-05,0.00011339974,2.625362e-06,3.2330543e-05,2.628362e-05,3.7176225e-05
4449,201_00106,201,106,0,N,0,N,0,N,0.9998059,0.9998059,2.5829495e-06,8.292362e-06,8.655041e-05,3.913763e-06,4.0416002e-05,3.615439e-05,1.6021473e-05
4450,201_00107,201,107,0,N,0,N,0,N,0.99975216,0.99975216,5.6641265e-06,7.812954e-06,0.000109410554,9.9894905e-06,3.4490065e-05,5.383874e-05,2.6659685e-05
4451,201_00108,201,108,0,N,0,N,0,N,0.99972147,0.99972147,8.821639e-06,8.363135e-06,0.0001224347,1.344861e-05,3.4023637e-05,5.8505128e-05,3.2852222e-05
4452,201_00109,201,109,0,N,0,N,0,N,0.9998274,0.9998274,4.460518e-06,6.3466364e-06,8.245504e-05,6.050242e-06,2.6037469e-05,3.1328713e-05,1.5866735e-05
4453,201_00110,201,110,0,N,0,N,0,N,0.99981546,0.99981546,4.9598425e-06,7.148654e-06,7.535919e-05,1.1280591e-05,2.5690095e-05,4.9444534e-05,1.0596023e-05
4454,201_00111,201,111,0,N,0,N,0,N,0.9998745,0.9998745,4.0035884e-06,5.904744e-06,6.1367515e-05,6.2698696e-06,1.7993267e-05,2.239341e-05,7.4649643e-06
4455,201_00112,201,112,0,N,0,N,0,N,0.99978656,0.99978656,6.8936138e-06,1.1603672e-05,8.928936e-05,8.261023e-06,2.6474227e-05,5.4307755e-05,1.6693806e-05
4456,201_00113,201,113,0,N,0,N,0,N,0.99985236,0.99985236,4.8428074e-06,6.6738075e-06,7.519857e-05,5.3238937e-06,1.9844909e-05,2.3037957e-05,1.27104095e-05
4457,201_00114,201,114,0,N,0,N,0,N,0.9998239,0.9998239,5.3420413e-06,7.4559857e-06,8.534559e-05,5.811924e-06,2.400369e-05,3.1085605e-05,1.7036058e-05
4458,201_00115,201,115,0,N,0,N,0,N,0.9998019,0.9998019,5.929222e-06,8.766818e-06,9.6866046e-05,4.990987e-06,2.5334264e-05,3.2250227e-05,2.3978977e-05
4459,201_00116,201,116,0,N,0,N,0,N,0.99984664,0.99984664,3.0813685e-06,7.232076e-06,7.2443945e-05,3.4845623e-06,2.6502468e-05,2.776794e-05,1.2930581e-05
4460,201_00117,201,117,0,N,0,N,0,N,0.9997291,0.9997291,3.866173e-06,1.0693227e-05,0.000109167064,7.394362e-06,5.6930257e-05,6.4616404e-05,1.8220904e-05
4461,201_00118,201,118,0,N,0,N,0,N,0.99979776,0.99979776,2.7820004e-06,9.278324e-06,8.323824e-05,4.8489665e-06,4.3430326e-05,4.723363e-05,1.13639435e-05
4462,201_00119,201,119,0,N,0,N,0,N,0.9995854,0.9995854,4.4446756e-06,1.5979718e-05,0.00014121977,1.1676772e-05,0.00010581009,0.00011662466,1.8777871e-05
4463,201_00120,201,120,0,N,0,N,0,N,0.99981964,0.99981964,3.5301648e-06,6.876933e-06,7.038521e-05,1.0590328e-05,2.9467252e-05,5.172502e-05,7.667391e-06
4464,201_00121,201,121,0,N,0,N,0,N,0.99985474,0.99985474,3.6501624e-06,5.9293093e-06,6.515032e-05,6.97215e-06,2.2953032e-05,3.2186486e-05,8.518856e-06
4465,201_00122,201,122,0,N,0,N,0,N,0.9998667,0.9998667,3.284592e-06,5.5905143e-06,6.684072e-05,4.0841674e-06,2.1313395e-05,2.1491807e-05,1.0755147e-05
4466,201_00123,201,123,0,N,0,N,0,N,0.999857,0.999857,2.192237e-06,5.186588e-06,6.703605e-05,4.1208614e-06,2.9774003e-05,2.5383255e-05,9.292369e-06
4467,201_00124,201,124,0,N,0,N,0,N,0.999874,0.999874,2.3293835e-06,4.979185e-06,6.4650114e-05,2.8030097e-06,2.2907398e-05,1.7531129e-05,1.069548e-05
4468,201_00125,201,125,0,N,0,N,0,N,0.99987316,0.99987316,2.5261963e-06,4.9883447e-06,6.089103e-05,4.8117463e-06,2.1502565e-05,2.3291319e-05,8.802152e-06
4469,201_00126,201,126,0,N,0,N,0,N,0.99988663,0.99988663,2.8016607e-06,4.422844e-06,6.286072e-05,3.1048075e-06,1.755474e-05,1.2634526e-05,9.9196195e-06
4470,201_00127,201,127,0,N,0,N,0,N,0.9996861,0.9996861,4.7895683e-06,1.0772439e-05,0.00012134179,1.1889494e-05,5.6360066e-05,8.4701256e-05,2.4005874e-05
4471,201_00128,201,128,0,N,0,N,0,N,0.99981546,0.99981546,3.316826e-06,7.6021647e-06,8.254871e-05,5.027672e-06,3.2977645e-05,3.8199214e-05,1.4802158e-05
4472,201_00129,201,129,0,N,0,N,0,N,0.999755,0.999755,3.991719e-06,1.00405605e-05,9.797421e-05,7.895204e-06,4.5616678e-05,6.349159e-05,1.6116372e-05
4473,201_00130,201,130,0,N,0,N,0,N,0.9998876,0.9998876,1.9045505e-06,5.104888e-06,5.4830347e-05,2.7419487e-06,2.2690305e-05,1.8042305e-05,7.1853956e-06
4474,201_00131,201,131,0,N,0,N,0,N,0.999844,0.999844,2.0377215e-06,7.897986e-06,7.11326e-05,2.521641e-06,3.428256e-05,2.7387834e-05,1.0704824e-05
4475,201_00132,201,132,0,N,0,N,0,N,0.9998931,0.9998931,1.805904e-06,4.810415e-06,5.4658936e-05,2.1464548e-06,2.1305992e-05,1.4035541e-05,8.111606e-06
4476,201_00133,201,133,0,N,0,N,0,N,0.9998421,0.9998421,2.9560783e-06,8.034657e-06,8.200885e-05,2.112896e-06,2.3890007e-05,1.9671072e-05,1.927324e-05
4477,201_00134,201,134,0,N,0,N,0,N,0.9998692,0.9998692,2.6779815e-06,6.6808357e-06,6.524372e-05,2.6168593e-06,2.2167045e-05,1.9747675e-05,1.1636283e-05
4478,201_00135,201,135,0,N,0,N,0,N,0.99985796,0.99985796,2.7994117e-06,7.0771475e-06,7.060533e-05,2.7114618e-06,2.309222e-05,2.2003063e-05,1.3828962e-05
4479,201_00136,201,136,0,N,0,N,0,N,0.99979824,0.99979824,2.8779236e-06,8.822998e-06,7.619473e-05,7.632865e-06,4.0579867e-05,5.683367e-05,8.842017e-06
4480,201_00137,201,137,0,N,0,N,0,N,0.9998189,0.9998189,3.4320738e-06,6.6651564e-06,7.1625276e-05,1.0423767e-05,2.9816541e-05,5.069334e-05,8.427717e-06
4481,201_00138,201,138,0,N,0,N,0,N,0.99984044,0.99984044,4.125968e-06,6.177837e-06,6.8785615e-05,9.078269e-06,2.343737e-05,3.8757207e-05,9.27926e-06
4482,201_00139,201,139,0,N,0,N,0,N,0.9998508,0.9998508,3.6112917e-06,6.010196e-06,7.0284514e-05,5.674959e-06,2.302237e-05,2.9447296e-05,1.1227112e-05
4483,201_00140,201,140,0,N,0,N,0,N,0.99984974,0.99984974,3.003366e-06,7.4883233e-06,7.653446e-05,2.4510864e-06,2.3524539e-05,2.1105669e-05,1.6121434e-05
4484,201_00141,201,141,0,N,0,N,0,N,0.999863,0.999863,2.3948733e-06,6.315484e-06,6.641153e-05,2.866348e-06,2.4854164e-05,2.316338e-05,1.0897515e-05
4485,201_00142,201,142,0,N,0,N,0,N,0.99983376,0.99983376,2.5177726e-06,8.173735e-06,7.308984e-05,3.8269395e-06,3.146065e-05,3.630449e-05,1.0971818e-05
4486,201_00143,201,143,0,N,0,N,0,N,0.999874,0.999874,2.4289602e-06,6.971094e-06,6.0536724e-05,2.585257e-06,2.2123244e-05,2.2162143e-05,9.11421e-06
4487,201_00144,201,144,0,N,0,N,0,N,0.99980927,0.99980927,5.2248297e-06,8.318615e-06,8.5382686e-05,6.658301e-06,2.6843549e-05,4.2310203e-05,1.595132e-05
4488,201_00145,201,145,0,N,0,N,0,N,0.999828,0.999828,1.0558872e-05,7.069933e-06,9.8877346e-05,6.536973e-06,1.8888139e-05,1.5180028e-05,1.485709e-05
4489,201_00146,201,146,0,N,0,N,0,N,0.9997354,0.9997354,1.302805e-05,1.1825544e-05,0.000115729585,1.3871091e-05,2.8185683e-05,5.9291193e-05,2.2666198e-05
4490,201_00147,201,147,0,N,0,N,0,N,0.99975944,0.99975944,6.6580133e-06,1.2256301e-05,9.4916824e-05,8.618279e-06,3.1908217e-05,6.781911e-05,1.8319346e-05
4491,201_00148,201,148,0,N,0,N,0,N,0.99963963,0.99963963,4.927315e-06,1.6462975e-05,0.000120015335,1.1518071e-05,7.158498e-05,0.00011828939,1.749983e-05
4492,201_00149,201,149,0,N,0,N,0,N,0.99967283,0.99967283,4.7493145e-06,1.3356709e-05,0.00012388323,9.48321e-06,6.531868e-05,8.7680564e-05,2.2630718e-05
4493,201_00150,201,150,0,N,0,N,0,N,0.99976265,0.99976265,2.990264e-06,9.185424e-06,9.987295e-05,5.620316e-06,5.390661e-05,4.9644426e-05,1.6141905e-05
4494,201_00151,201,151,0,N,0,N,0,N,0.999828,0.999828,2.8400314e-06,6.386714e-06,8.07979e-05,4.315964e-06,3.3188182e-05,3.0141307e-05,1.4339482e-05
4495,201_00152,201,152,0,N,0,N,0,N,0.99978703,0.99978703,2.8156549e-06,1.1445905e-05,9.951306e-05,2.5256656e-06,3.9211856e-05,3.2724605e-05,2.4675197e-05
4496,201_00153,201,153,0,N,0,N,0,N,0.9998063,0.9998063,2.9850746e-06,1.4111116e-05,0.000101101774,1.3861289e-06,2.7382883e-05,1.817533e-05,2.8411143e-05
4497,201_00154,201,154,0,N,0,N,0,N,0.9997818,0.9997818,4.9712157e-06,1.0365706e-05,0.00011264961,2.8785405e-06,2.3140126e-05,2.6055855e-05,3.8121976e-05
4498,201_00155,201,155,0,N,0,N,0,N,0.9997799,0.9997799,7.4086715e-06,6.770699e-06,0.00010384868,1.2117734e-05,2.3986868e-05,4.4022858e-05,2.1953683e-05
4499,201_00156,201,156,0,N,0,N,0,N,0.99960023,0.99960023,1.1605183e-05,1.4420547e-05,0.00013485822,2.4985833e-05,4.626609e-05,0.00013862384,2.889931e-05
4500,201_00157,201,157,0,N,0,N,0,N,0.9998263,0.9998263,4.441865e-06,7.864452e-06,7.611465e-05,6.753498e-06,2.539376e-05,4.0987106e-05,1.2136234e-05
4501,201_00158,201,158,0,N,0,N,0,N,0.9998025,0.9998025,5.011738e-06,7.4619857e-06,8.0002574e-05,1.1475549e-05,2.7232201e-05,5.4026823e-05,1.2216556e-05
4502,201_00159,201,159,0,N,0,N,0,N,0.9998326,0.9998326,3.988729e-06,7.035924e-06,7.3206604e-05,7.225507e-06,2.5259891e-05,3.934625e-05,1.1404705e-05
4503,201_00160,201,160,0,N,0,N,0,N,0.99979466,0.99979466,4.3679934e-06,8.228663e-06,9.135193e-05,6.625665e-06,3.0725478e-05,4.459889e-05,1.9514626e-05
4504,201_00161,201,161,0,N,0,N,0,N,0.99984676,0.99984676,2.3614323e-06,6.872327e-06,6.6852524e-05,4.578887e-06,3.0008361e-05,3.3824683e-05,8.812594e-06
4505,201_00162,201,162,0,N,0,N,0,N,0.99977475,0.99977475,2.337869e-06,1.2016859e-05,9.254741e-05,3.2796324e-06,5.6409157e-05,4.551836e-05,1.3067623e-05
4506,201_00163,201,163,0,N,0,N,0,N,0.9998789,0.9998789,1.9094698e-06,6.368318e-06,5.599069e-05,2.7276924e-06,2.4509067e-05,2.2643155e-05,6.9128755e-06
4507,201_00164,201,164,0,N,0,N,0,N,0.9998915,0.9998915,2.1806854e-06,4.2697866e-06,5.284305e-05,4.3698788e-06,1.927105e-05,1.944586e-05,6.0259545e-06
4508,201_00165,201,165,0,N,0,N,0,N,0.999844,0.999844,2.328794e-06,5.638459e-06,6.3455525e-05,7.4856102e-06,3.184312e-05,3.9303988e-05,5.92382e-06
4509,201_00166,201,166,0,N,0,N,0,N,0.9998169,0.9998169,2.2895508e-06,7.643293e-06,7.568535e-05,4.7857293e-06,4.4122884e-05,3.9803886e-05,8.80227e-06
4510,201_00167,201,167,0,N,0,N,0,N,0.99960333,0.99960333,2.8178638e-06,1.5365564e-05,0.00014012051,5.872574e-06,0.00014034733,7.542178e-05,1.6779099e-05
4511,201_00168,201,168,0,N,0,N,0,N,0.99968946,0.99968946,3.2225832e-06,1.3814546e-05,0.00012402018,5.169114e-06,7.600986e-05,6.420867e-05,2.4179613e-05
4512,201_00169,201,169,0,N,0,N,0,N,0.9997141,0.9997141,3.4128982e-06,1.9841369e-05,0.00011984172,2.9903126e-06,5.1016246e-05,5.345111e-05,3.5360474e-05
4513,201_00170,201,170,0,N,0,N,0,N,0.99976945,0.99976945,3.9313627e-06,1.5300204e-05,0.000111112124,2.3103821e-06,3.1969877e-05,3.0363652e-05,3.5523968e-05
4514,201_00171,201,171,0,N,0,N,0,N,0.99983495,0.99983495,3.556197e-06,7.987058e-06,7.282074e-05,5.3571093e-06,2.4473937e-05,3.87336e-05,1.2153341e-05
4515,201_00172,201,172,0,N,0,N,0,N,0.9997911,0.9997911,7.4598724e-06,7.842881e-06,9.8341625e-05,9.6522e-06,2.4480543e-05,4.0942843e-05,2.0240594e-05
4516,201_00173,201,173,0,N,0,N,0,N,0.9997708,0.9997708,6.8246973e-06,9.150334e-06,9.1472066e-05,1.2813062e-05,2.905489e-05,6.400601e-05,1.5820691e-05
4517,201_00174,201,174,0,N,0,N,0,N,0.99983925,0.99983925,3.4864047e-06,7.2456564e-06,7.65866e-05,3.983673e-06,2.5726378e-05,2.918246e-05,1.4629777e-05
4518,201_00175,201,175,0,N,0,N,0,N,0.99988174,0.99988174,2.5058107e-06,6.5219315e-06,6.2689374e-05,1.9832294e-06,1.9024237e-05,1.441923e-05,1.1014018e-05
4519,201_00176,201,176,0,N,0,N,0,N,0.9998733,0.9998733,3.458299e-06,5.5250766e-06,7.254425e-05,2.540812e-06,1.814352e-05,1.0690333e-05,1.3890133e-05
4520,201_00177,201,177,0,N,0,N,0,N,0.9998188,0.9998188,3.945323e-06,8.244068e-06,8.7194174e-05,3.8137985e-06,2.610806e-05,3.1209758e-05,2.0725924e-05
4521,201_00178,201,178,0,N,0,N,0,N,0.99973387,0.99973387,6.2739277e-06,9.172546e-06,0.00011377112,1.0068951e-05,3.772871e-05,6.100617e-05,2.8212073e-05
4522,201_00179,201,179,0,N,0,N,0,N,0.9997373,0.9997373,5.9450094e-06,1.34741e-05,0.00010706147,6.3597818e-06,3.7869067e-05,6.532277e-05,2.6635758e-05
4523,201_00180,201,180,0,N,0,N,0,N,0.9998305,0.9998305,4.353644e-06,8.289007e-06,8.3533305e-05,3.658933e-06,2.3929679e-05,2.6958283e-05,1.8756433e-05
4524,201_00181,201,181,0,N,0,N,0,N,0.99983317,0.99983317,4.88403e-06,7.5787802e-06,7.929103e-05,6.147612e-06,2.1998196e-05,3.2347278e-05,1.4495628e-05
4525,201_00182,201,182,0,N,0,N,0,N,0.99978286,0.99978286,5.9280915e-06,6.4188976e-06,8.7687375e-05,1.7036073e-05,2.757451e-05,5.8446483e-05,1.4094686e-05
4526,201_00183,201,183,0,N,0,N,0,N,0.9996683,0.9996683,8.330198e-06,1.3568448e-05,0.00011441671,1.7380164e-05,4.1098552e-05,0.00011445098,2.2330325e-05
4527,201_00184,201,184,0,N,0,N,0,N,0.99967945,0.99967945,6.0656203e-06,1.3208591e-05,0.00012418629,1.0258372e-05,4.7418085e-05,8.815723e-05,3.123554e-05
4528,201_00185,201,185,0,N,0,N,0,N,0.9997504,0.9997504,3.2855944e-06,1.1965438e-05,0.00010735845,4.346318e-06,4.8169928e-05,5.0621074e-05,2.4011746e-05
4529,201_00186,201,186,0,N,0,N,0,N,0.99980426,0.99980426,2.8660156e-06,9.707939e-06,9.014776e-05,3.1238294e-06,3.5146604e-05,3.39273e-05,2.0781494e-05
4530,201_00187,201,187,0,N,0,N,0,N,0.99986947,0.99986947,2.191838e-06,5.156351e-06,6.438912e-05,3.2304415e-06,2.4695692e-05,2.0743642e-05,1.00649595e-05
4531,201_00188,201,188,0,N,0,N,0,N,0.9998776,0.9998776,2.1940264e-06,5.7221146e-06,5.767492e-05,3.4735947e-06,2.2507083e-05,2.3471948e-05,7.4478503e-06
4532,201_00189,201,189,0,N,0,N,0,N,0.9997703,0.9997703,7.107368e-06,8.398696e-06,0.00010160761,9.723324e-06,2.9057372e-05,5.1159877e-05,2.2607814e-05
4533,201_00190,201,190,0,N,0,N,0,N,0.9995606,0.9995606,9.040681e-06,2.0195132e-05,0.00016206391,1.0363868e-05,5.983843e-05,0.000119922785,5.8057107e-05
4534,201_00191,201,191,0,N,0,N,0,N,0.9995529,0.9995529,1.567692e-05,1.4865799e-05,0.00018152113,1.549218e-05,4.6926976e-05,9.464993e-05,7.798182e-05
4535,201_00192,201,192,0,N,0,N,0,N,0.99893945,0.99893945,2.3115934e-05,2.3480809e-05,0.00035224372,3.790353e-05,0.00012710746,0.00024837212,0.00024828757
4536,201_00193,201,193,0,N,0,N,0,N,0.99964607,0.99964607,9.307827e-06,1.2821168e-05,0.0001411695,1.286109e-05,4.4483655e-05,8.8363355e-05,4.4986216e-05
4537,201_00194,201,194,0,N,0,N,0,N,0.99958074,0.99958074,6.2938925e-06,1.7263621e-05,0.0001737986,6.318381e-06,6.8024885e-05,7.387919e-05,7.3620155e-05
4538,201_00195,201,195,0,N,0,N,0,N,0.99978393,0.99978393,2.8001016e-06,9.747605e-06,8.890862e-05,4.9414384e-06,4.8025402e-05,4.8936297e-05,1.2879411e-05
4539,201_00196,201,196,0,N,0,N,0,N,0.9998107,0.9998107,2.9017076e-06,8.361712e-06,8.720121e-05,3.730712e-06,3.5032415e-05,3.5201843e-05,1.6922517e-05
4540,201_00197,201,197,0,N,0,N,0,N,0.99978524,0.99978524,3.51437e-06,1.0616914e-05,8.93182e-05,5.016543e-06,3.937408e-05,5.1308056e-05,1.5656984e-05
4541,201_00198,201,198,0,N,0,N,0,N,0.9997606,0.9997606,3.0387382e-06,1.2724052e-05,0.00010101524,3.8200924e-06,4.9207752e-05,5.0107756e-05,1.9493687e-05
4542,201_00199,201,199,0,N,0,N,0,N,0.99982464,0.99982464,3.0877165e-06,6.7312067e-06,7.6871074e-05,6.016118e-06,3.3142336e-05,3.8955102e-05,1.0610135e-05
4543,201_00200,201,200,0,N,0,N,0,N,0.9998714,0.9998714,2.6351415e-06,5.223644e-06,5.891139e-05,5.3287094e-06,2.2377542e-05,2.7316613e-05,6.724528e-06
4544,201_00201,201,201,0,N,0,N,0,N,0.99989295,0.99989295,3.0808237e-06,4.6121613e-06,5.6269673e-05,4.222794e-06,1.6824682e-05,1.5227152e-05,6.9110347e-06
4545,201_00202,201,202,0,N,0,N,0,N,0.9997643,0.9997643,4.1041803e-06,9.492041e-06,9.82415e-05,7.1576474e-06,4.1776213e-05,5.6611418e-05,1.8198501e-05
4546,201_00203,201,203,0,N,0,N,0,N,0.99972254,0.99972254,5.8887654e-06,1.0678247e-05,0.00013212921,4.429146e-06,3.6685182e-05,3.6920654e-05,5.0756855e-05
4547,201_00204,201,204,0,N,0,N,0,N,0.9994301,0.9994301,1.204841e-05,2.1911077e-05,0.00023627795,6.115196e-06,5.6182675e-05,6.919417e-05,0.00016811099
4548,201_00205,201,205,0,N,0,N,0,N,0.9997136,0.9997136,8.887122e-06,1.318484e-05,0.00015527799,2.8669779e-06,2.5885638e-05,2.021979e-05,6.0055932e-05
4549,201_00206,201,206,0,N,0,N,0,N,0.9996683,0.9996683,6.3004254e-06,1.1253906e-05,0.00013307146,1.2560196e-05,4.9282433e-05,8.62484e-05,3.308234e-05
4550,201_00207,201,207,0,N,0,N,0,N,0.9996395,0.9996395,5.6959393e-06,1.3074892e-05,0.00012803996,1.46838365e-05,6.26663e-05,0.0001116236,2.4674333e-05
4551,201_00208,201,208,0,N,0,N,0,N,0.99934524,0.99934524,1.0484194e-05,2.530425e-05,0.00020203947,2.2040407e-05,0.00010545439,0.00023139014,5.8039117e-05
4552,201_00209,201,209,0,N,0,N,0,N,0.9994595,0.9994595,8.918846e-06,1.7680077e-05,0.00017834596,2.3400906e-05,7.5804914e-05,0.00018345498,5.2878182e-05
4553,201_00210,201,210,0,N,0,N,0,N,0.9997022,0.9997022,7.294872e-06,9.457451e-06,0.0001193567,1.4992064e-05,3.9947852e-05,7.91184e-05,2.7647986e-05
4554,201_00211,201,211,0,N,0,N,0,N,0.9996776,0.9996776,6.287015e-06,1.2307606e-05,0.00013741544,7.790929e-06,4.6082165e-05,6.5453685e-05,4.7167592e-05
4555,201_00212,201,212,0,N,0,N,0,N,0.9997807,0.9997807,4.0655677e-06,8.515113e-06,9.97435e-05,5.510421e-06,3.562894e-05,4.2136737e-05,2.3692943e-05
4556,201_00213,201,213,0,N,0,N,0,N,0.9996745,0.9996745,4.919547e-06,9.220236e-06,0.00013725743,1.1124093e-05,5.885106e-05,7.037695e-05,3.370799e-05
4557,201_00214,201,214,0,N,0,N,0,N,0.9998028,0.9998028,4.5599477e-06,7.0724527e-06,9.3852395e-05,5.925395e-06,2.8436172e-05,3.5068308e-05,2.2134966e-05
4558,201_00215,201,215,0,N,0,N,0,N,0.9996547,0.9996547,6.382776e-06,1.2741342e-05,0.0001411298,9.57747e-06,5.314348e-05,8.026424e-05,4.2133393e-05
4559,201_00216,201,216,0,N,0,N,0,N,0.9998359,0.9998359,2.8897373e-06,5.546589e-06,7.9345555e-05,4.7344724e-06,2.9347471e-05,2.7798536e-05,1.4543648e-05
4560,201_00217,201,217,0,N,0,N,0,N,0.9997917,0.9997917,2.7769286e-06,7.5670123e-06,8.592824e-05,6.6241414e-06,4.6522924e-05,4.7784462e-05,1.1021074e-05
4561,201_00218,201,218,0,N,0,N,0,N,0.99985486,0.99985486,1.9195957e-06,6.911576e-06,6.5516884e-05,2.854679e-06,3.2710974e-05,2.6642167e-05,8.558766e-06
4562,201_00219,201,219,0,N,0,N,0,N,0.99987555,0.99987555,2.5027691e-06,5.30616e-06,5.975337e-05,4.10268e-06,2.1695707e-05,2.281001e-05,8.326571e-06
4563,201_00220,201,220,0,N,0,N,0,N,0.99980223,0.99980223,5.6527865e-06,7.223352e-06,8.986672e-05,8.281939e-06,2.7326083e-05,4.1641084e-05,1.7804381e-05
4564,201_00221,201,221,0,N,0,N,0,N,0.99966997,0.99966997,2.507784e-05,1.1497163e-05,0.0001767108,1.2436377e-05,3.1499534e-05,3.0301793e-05,4.247608e-05
4565,201_00222,201,222,0,N,0,N,0,N,0.9997789,0.9997789,7.3109077e-06,8.833275e-06,0.00011760865,3.89588e-06,2.549515e-05,2.2075641e-05,3.5837737e-05
4566,201_00223,201,223,0,N,0,N,0,N,0.9998685,0.9998685,3.5782934e-06,5.708524e-06,7.412315e-05,2.5168565e-06,1.8832552e-05,1.2307256e-05,1.4403288e-05
4567,201_00224,201,224,0,N,0,N,0,N,0.9998475,0.9998475,3.1114855e-06,6.485771e-06,7.135522e-05,4.68403e-06,2.4728872e-05,3.0209005e-05,1.2004262e-05
4568,201_00225,201,225,0,N,0,N,0,N,0.99977297,0.99977297,4.411777e-06,8.7681865e-06,9.648994e-05,7.642076e-06,3.681166e-05,5.3648888e-05,1.9223116e-05
4569,201_00226,201,226,0,N,0,N,0,N,0.99986553,0.99986553,3.2788546e-06,6.5218564e-06,7.05387e-05,2.7401916e-06,2.0200177e-05,1.7631362e-05,1.3549463e-05
4570,201_00227,201,227,0,N,0,N,0,N,0.999854,0.999854,3.657519e-06,5.049519e-06,7.6494805e-05,4.0841974e-06,2.2561933e-05,1.9620531e-05,1.4533151e-05
4571,201_00228,201,228,0,N,0,N,0,N,0.99989116,0.99989116,4.0712976e-06,4.3300774e-06,6.464814e-05,3.471953e-06,1.5503558e-05,8.127207e-06,8.758633e-06
4572,201_00229,201,229,0,N,0,N,0,N,0.9998613,0.9998613,3.3245883e-06,6.263583e-06,6.90337e-05,3.676353e-06,2.1975937e-05,2.2630624e-05,1.1905445e-05
4573,201_00230,201,230,0,N,0,N,0,N,0.9997568,0.9997568,4.05236e-06,1.3449111e-05,0.00010408275,4.088734e-06,3.9899278e-05,5.243596e-05,2.5231086e-05
4574,201_00231,201,231,0,N,0,N,0,N,0.9997002,0.9997002,4.2320416e-06,1.4093561e-05,0.00012088426,6.225559e-06,5.7304675e-05,7.151331e-05,2.5686275e-05
4575,201_00232,201,232,0,N,0,N,0,N,0.99963486,0.99963486,7.114651e-06,1.3896003e-05,0.00014526802,1.0549003e-05,5.6782617e-05,9.0329544e-05,4.116162e-05
4576,201_00233,201,233,0,N,0,N,0,N,0.99971443,0.99971443,4.8773577e-06,1.20917975e-05,0.000112438,8.679528e-06,4.867268e-05,7.70676e-05,2.1748596e-05
4577,201_00234,201,234,0,N,0,N,0,N,0.99980235,0.99980235,2.7185476e-06,9.637602e-06,8.710705e-05,3.6042975e-06,3.971587e-05,3.945941e-05,1.5456255e-05
4578,201_00235,201,235,0,N,0,N,0,N,0.99981546,0.99981546,3.032935e-06,7.3525125e-06,8.075299e-05,5.529438e-06,3.516094e-05,4.066665e-05,1.2129692e-05
4579,201_00236,201,236,0,N,0,N,0,N,0.9997479,0.9997479,3.2076398e-06,9.3329345e-06,9.577025e-05,8.965173e-06,5.4761236e-05,6.8329646e-05,1.1881954e-05
4580,201_00237,201,237,0,N,0,N,0,N,0.9998312,0.9998312,4.2851852e-06,7.1477434e-06,7.195053e-05,8.462614e-06,2.3893414e-05,4.2603962e-05,1.0429135e-05
4581,201_00238,201,238,0,N,0,N,0,N,0.99986696,0.99986696,2.9409448e-06,6.2735603e-06,5.9571972e-05,5.3206622e-06,2.1390391e-05,3.0128833e-05,7.312653e-06
4582,201_00239,201,239,0,N,0,N,0,N,0.9998569,0.9998569,5.7403613e-06,7.4394043e-06,7.879682e-05,3.470662e-06,1.9126217e-05,1.4582188e-05,1.3953036e-05
4583,201_00240,201,240,0,N,0,N,0,N,0.99985033,0.99985033,3.9681863e-06,8.29009e-06,8.739432e-05,2.037204e-06,2.6237656e-05,6.512416e-06,1.5318818e-05
4584,201_00241,201,241,0,N,0,N,0,N,0.99974525,0.99974525,7.070393e-06,1.4655197e-05,0.00014678396,1.9955041e-06,2.5259515e-05,1.234561e-05,4.6658235e-05
4585,201_00242,201,242,0,N,0,N,0,N,0.99985677,0.99985677,2.9785283e-06,7.3759925e-06,7.6032666e-05,2.2798044e-06,1.9749086e-05,1.7909611e-05,1.694442e-05
4586,201_00243,201,243,0,N,0,N,0,N,0.9997869,0.9997869,3.8896e-06,8.915925e-06,9.035983e-05,6.5804e-06,3.6831665e-05,5.097347e-05,1.5587495e-05
4587,201_00244,201,244,0,N,0,N,0,N,0.99980074,0.99980074,4.6765354e-06,8.843862e-06,8.181392e-05,8.374334e-06,2.8825525e-05,5.3504704e-05,1.3286759e-05
4588,201_00245,201,245,0,N,0,N,0,N,0.99983734,0.99983734,4.283716e-06,6.8979093e-06,7.094514e-05,7.918251e-06,2.3428558e-05,3.894991e-05,1.0204585e-05
4589,201_00246,201,246,0,N,0,N,0,N,0.999807,0.999807,4.6609052e-06,9.074572e-06,7.834749e-05,8.020091e-06,2.8276982e-05,5.2497384e-05,1.213299e-05
4590,201_00247,201,247,0,N,0,N,0,N,0.9998378,0.9998378,3.6596368e-06,7.7968825e-06,7.309731e-05,4.949204e-06,2.5186224e-05,3.5232384e-05,1.22188985e-05
4591,201_00248,201,248,0,N,0,N,0,N,0.9998322,0.9998322,4.273962e-06,8.344303e-06,8.51831e-05,3.0233462e-06,2.3466675e-05,2.3609375e-05,1.9941604e-05
4592,201_00249,201,249,0,N,0,N,0,N,0.99972636,0.99972636,4.126253e-06,1.0800998e-05,0.00011015347,7.983456e-06,5.2302566e-05,6.6889115e-05,2.1414611e-05
4593,201_00250,201,250,0,N,0,N,0,N,0.9997818,0.9997818,4.2270062e-06,8.569999e-06,9.9927645e-05,5.321579e-06,3.4125194e-05,3.989883e-05,2.610744e-05
4594,201_00251,201,251,0,N,0,N,0,N,0.99967664,0.99967664,4.209144e-06,1.0689311e-05,0.00012044815,1.2273462e-05,6.983647e-05,8.713482e-05,1.8802883e-05
4595,201_00252,201,252,0,N,0,N,0,N,0.9998213,0.9998213,3.5530568e-06,7.578488e-06,7.717801e-05,6.4251403e-06,2.915918e-05,4.272711e-05,1.2066571e-05
4596,201_00253,201,253,0,N,0,N,0,N,0.99981165,0.99981165,5.26306e-06,7.152486e-06,8.405619e-05,8.485391e-06,2.6297012e-05,4.1914198e-05,1.5198408e-05
4597,201_00254,201,254,0,N,0,N,0,N,0.9998525,0.9998525,2.971607e-06,6.624923e-06,6.7517205e-05,4.622587e-06,2.5137879e-05,3.0669842e-05,1.0014369e-05
4598,201_00255,201,255,0,N,0,N,0,N,0.99981594,0.99981594,2.5666561e-06,9.101469e-06,8.4659114e-05,2.9584096e-06,3.490138e-05,3.2418986e-05,1.7444921e-05
4599,201_00256,201,256,0,N,0,N,0,N,0.99982,0.99982,3.0690337e-06,8.537843e-06,8.0078404e-05,4.0269424e-06,3.2570442e-05,3.7362533e-05,1.4340694e-05
4600,201_00257,201,257,0,N,0,N,0,N,0.9998218,0.9998218,4.4557096e-06,7.9995e-06,8.2092476e-05,5.620595e-06,2.4678622e-05,3.7313428e-05,1.6115559e-05
4601,201_00258,201,258,0,N,0,N,0,N,0.99975026,0.99975026,7.3067527e-06,1.3410139e-05,0.00011888506,3.9686443e-06,2.8909632e-05,3.811957e-05,3.9255574e-05
4602,201_00259,201,259,0,N,0,N,0,N,0.99983245,0.99983245,3.340099e-06,8.197284e-06,7.7423625e-05,3.719308e-06,2.7845404e-05,3.2252752e-05,1.4793603e-05
4603,201_00260,201,260,0,N,0,N,0,N,0.9997949,0.9997949,5.2482155e-06,7.898396e-06,0.00010223366,4.3942164e-06,2.8046075e-05,2.9784365e-05,2.7556545e-05
4604,201_00261,201,261,0,N,0,N,0,N,0.9996972,0.9996972,4.1726366e-06,1.3796273e-05,0.00012220611,6.230916e-06,5.8909613e-05,7.0018235e-05,2.7515933e-05
4605,201_00262,201,262,0,N,0,N,0,N,0.9996663,0.9996663,4.0731547e-06,1.3088329e-05,0.00013789434,6.1208657e-06,7.286465e-05,6.498224e-05,3.4689205e-05
4606,201_00263,201,263,0,N,0,N,0,N,0.99953693,0.99953693,4.1679114e-06,1.4877348e-05,0.00016061561,1.1623189e-05,0.00013560514,0.00011194185,2.4129118e-05
4607,201_00264,201,264,0,N,0,N,0,N,0.99980015,0.99980015,2.919049e-06,6.7453143e-06,8.221441e-05,7.917072e-06,4.156593e-05,4.80216e-05,1.0619552e-05
4608,201_00265,201,265,0,N,0,N,0,N,0.99977416,0.99977416,4.668195e-06,8.749419e-06,9.435685e-05,8.459985e-06,3.4777087e-05,5.59528e-05,1.8938419e-05
4609,201_00266,201,266,0,N,0,N,0,N,0.9996168,0.9996168,7.172511e-06,1.4374445e-05,0.0001654625,6.283264e-06,5.1283852e-05,5.841204e-05,8.015288e-05
4610,201_00267,201,267,0,N,0,N,0,N,0.9997461,0.9997461,4.6368054e-06,7.693394e-06,0.00011951673,6.6507473e-06,3.6559824e-05,4.1080704e-05,3.782807e-05
4611,201_00268,201,268,0,N,0,N,0,N,0.99981964,0.99981964,6.3655543e-06,6.1627793e-06,9.32811e-05,7.588268e-06,2.2222926e-05,2.6023537e-05,1.8603221e-05
4612,201_00269,201,269,0,N,0,N,0,N,0.9998403,0.9998403,4.2961333e-06,8.8625675e-06,7.2578405e-05,4.786836e-06,2.2866268e-05,3.4253346e-05,1.2083879e-05
4613,201_00270,201,270,0,N,0,N,0,N,0.9998438,0.9998438,3.8769404e-06,9.5641735e-06,7.660732e-05,2.7686983e-06,2.2413298e-05,2.5551595e-05,1.5401349e-05
4614,201_00271,201,271,0,N,0,N,0,N,0.99977094,0.99977094,3.0489005e-06,1.2932179e-05,0.000101343394,3.0356994e-06,4.273425e-05,4.223034e-05,2.3797491e-05
4615,201_00272,201,272,0,N,0,N,0,N,0.9997684,0.9997684,3.1130974e-06,9.4803e-06,9.536844e-05,6.0562293e-06,4.924555e-05,5.3385134e-05,1.4962161e-05
4616,201_00273,201,273,0,N,0,N,0,N,0.9998261,0.9998261,2.5315348e-06,6.621729e-06,7.498841e-05,5.6147687e-06,3.5600224e-05,3.8526512e-05,1.006674e-05
4617,201_00274,201,274,0,N,0,N,0,N,0.9998333,0.9998333,6.949921e-06,6.4603564e-06,8.390087e-05,8.563447e-06,2.1164844e-05,2.6627189e-05,1.3105105e-05
4618,201_00275,201,275,0,N,0,N,0,N,0.9998533,0.9998533,3.0744734e-06,7.3531837e-06,6.871864e-05,3.6466881e-06,2.3862973e-05,2.8611326e-05,1.1459018e-05
4619,201_00276,201,276,0,N,0,N,0,N,0.9997943,0.9997943,4.374232e-06,1.1031577e-05,0.000102664366,2.6378348e-06,2.705621e-05,2.8259881e-05,2.9682324e-05
4620,201_00277,201,277,0,N,0,N,0,N,0.99977833,0.99977833,2.7017009e-06,9.683665e-06,9.962937e-05,3.7189332e-06,4.6084388e-05,4.012975e-05,1.9809233e-05
4621,201_00278,201,278,0,N,0,N,0,N,0.9997775,0.9997775,3.833719e-06,7.62538e-06,9.446404e-05,8.586407e-06,3.886032e-05,5.2836927e-05,1.6327891e-05
4622,201_00279,201,279,0,N,0,N,0,N,0.9998531,0.9998531,3.3357176e-06,7.100944e-06,6.345834e-05,6.2914896e-06,2.2796754e-05,3.572846e-05,8.2751985e-06
4623,201_00280,201,280,0,N,0,N,0,N,0.9997575,0.9997575,4.102063e-06,1.3986566e-05,8.778648e-05,6.69304e-06,4.1981413e-05,7.487294e-05,1.29800455e-05
4624,201_00281,201,281,0,N,0,N,0,N,0.9998452,0.9998452,4.5500715e-06,6.9016223e-06,7.0878945e-05,7.028951e-06,2.2229726e-05,3.289532e-05,1.0352917e-05
4625,201_00282,201,282,0,N,0,N,0,N,0.99982667,0.99982667,4.2694282e-06,6.273661e-06,7.7926e-05,7.785658e-06,2.6357464e-05,3.7937192e-05,1.2817676e-05
4626,201_00283,201,283,0,N,0,N,0,N,0.9998901,0.9998901,2.1580945e-06,5.6435333e-06,5.6796413e-05,2.0548896e-06,1.9841853e-05,1.4796574e-05,8.609021e-06
4627,201_00284,201,284,0,N,0,N,0,N,0.9998685,0.9998685,2.0234509e-06,6.388861e-06,6.0906194e-05,2.8918632e-06,2.694237e-05,2.4059424e-05,8.270545e-06
4628,201_00285,201,285,0,N,0,N,0,N,0.9998618,0.9998618,1.9987842e-06,7.2963076e-06,6.344117e-05,2.5452352e-06,2.905931e-05,2.413747e-05,9.824541e-06
4629,201_00286,201,286,0,N,0,N,0,N,0.9998673,0.9998673,3.4922164e-06,6.2693944e-06,6.96175e-05,3.1751085e-06,2.018242e-05,1.716017e-05,1.27010035e-05
4630,201_00287,201,287,0,N,0,N,0,N,0.9998376,0.9998376,4.2040365e-06,5.6052995e-06,7.673854e-05,7.5241032e-06,2.385295e-05,3.1608375e-05,1.3039898e-05
4631,201_00288,201,288,0,N,0,N,0,N,0.9998133,0.9998133,3.8633952e-06,5.9755657e-06,7.6261735e-05,1.1692162e-05,3.0070696e-05,4.8702055e-05,1.005111e-05
4632,201_00289,201,289,0,N,0,N,0,N,0.999896,0.999896,3.7056407e-06,4.8166353e-06,5.980356e-05,2.8951135e-06,1.6678096e-05,8.48194e-06,7.758432e-06
4633,201_00290,201,290,0,N,0,N,0,N,0.9999134,0.9999134,1.5820979e-06,4.620409e-06,4.8501726e-05,1.3034874e-06,2.0798912e-05,4.0114837e-06,5.8065216e-06
4634,201_00291,201,291,0,N,0,N,0,N,0.99988914,0.99988914,2.4560125e-06,5.660356e-06,6.32409e-05,1.6982426e-06,2.4667246e-05,4.4816957e-06,8.579655e-06
4635,201_00292,201,292,0,N,0,N,0,N,0.99989057,0.99989057,2.938606e-06,5.30241e-06,6.3285755e-05,2.2209426e-06,1.5980451e-05,8.79883e-06,1.08072645e-05
4636,201_00293,201,293,0,N,0,N,0,N,0.9997479,0.9997479,5.758201e-06,1.2071094e-05,0.000121242294,3.56163e-06,3.103768e-05,3.582046e-05,4.2684183e-05
4637,201_00294,201,294,0,N,0,N,0,N,0.9997099,0.9997099,8.070015e-06,1.2678723e-05,0.00012750269,6.6654916e-06,3.649155e-05,5.604068e-05,4.2549418e-05
4638,201_00295,201,295,0,N,0,N,0,N,0.99972135,0.99972135,4.756145e-06,1.3669138e-05,0.000110881425,6.689576e-06,4.6646976e-05,7.245663e-05,2.362171e-05
4639,201_00296,201,296,0,N,0,N,0,N,0.9998613,0.9998613,4.573542e-06,7.0501173e-06,6.8308924e-05,5.175503e-06,1.9814412e-05,2.3669896e-05,1.018549e-05
4640,201_00297,201,297,0,N,0,N,0,N,0.99985677,0.99985677,4.8992324e-06,8.518727e-06,6.803478e-05,5.208098e-06,2.0108855e-05,2.6527088e-05,9.919049e-06
4641,201_00298,201,298,0,N,0,N,0,N,0.9997359,0.9997359,1.5160474e-05,1.2349086e-05,0.00012854207,1.091053e-05,2.6645577e-05,4.1571344e-05,2.8879704e-05
4642,201_00299,201,299,0,N,0,N,0,N,0.9997223,0.9997223,5.8783835e-06,1.2575222e-05,0.00010574801,9.483363e-06,4.0208484e-05,8.1504884e-05,2.2184702e-05
4643,201_00300,201,300,0,N,0,N,0,N,0.99954563,0.99954563,8.028154e-06,1.5449368e-05,0.0001626224,1.7378808e-05,7.148016e-05,0.0001354445,4.3950422e-05
4644,201_00301,201,301,0,N,0,N,0,N,0.9997261,0.9997261,4.2369047e-06,1.1598412e-05,0.000101548,9.400297e-06,5.1747862e-05,7.969006e-05,1.5651683e-05
4645,201_00302,201,302,0,N,0,N,0,N,0.9997624,0.9997624,3.3104816e-06,1.3285377e-05,9.790582e-05,4.1648304e-06,4.4410535e-05,5.4596938e-05,1.9933139e-05
4646,201_00303,201,303,0,N,0,N,0,N,0.99985605,0.99985605,2.8277195e-06,7.334e-06,6.8183734e-05,3.139959e-06,2.4571507e-05,2.6064201e-05,1.1839193e-05
4647,201_00304,201,304,0,N,0,N,0,N,0.9998723,0.9998723,2.9037328e-06,5.3082226e-06,6.307366e-05,4.1085164e-06,2.0835578e-05,2.210332e-05,9.363062e-06
4648,201_00305,201,305,0,N,0,N,0,N,0.9998667,0.9998667,2.290034e-06,5.419283e-06,6.181155e-05,4.064844e-06,2.6362466e-05,2.5173935e-05,8.191359e-06
4649,201_00306,201,306,0,N,0,N,0,N,0.999877,0.999877,2.5756328e-06,5.105861e-06,5.9526228e-05,4.1627977e-06,2.1549638e-05,2.201805e-05,8.06287e-06
4650,201_00307,201,307,0,N,0,N,0,N,0.99985236,0.99985236,3.5722826e-06,5.662037e-06,6.3818254e-05,8.736787e-06,2.2180522e-05,3.6057518e-05,7.702925e-06
4651,201_00308,201,308,0,N,0,N,0,N,0.99977857,0.99977857,5.1316006e-06,9.740732e-06,9.000482e-05,8.4446665e-06,3.2083302e-05,5.9547452e-05,1.6477832e-05
4652,201_00309,201,309,0,N,0,N,0,N,0.99980086,0.99980086,4.2595984e-06,1.0748932e-05,8.3097795e-05,5.2393157e-06,3.1970918e-05,4.864329e-05,1.5201737e-05
4653,201_00310,201,310,5,ABERR,0,N,0,N,0.9997937,0.9997937,3.3222273e-06,8.929616e-06,9.3016184e-05,4.3537743e-06,3.7200778e-05,3.9487186e-05,1.9961404e-05
4654,201_00311,201,311,0,N,5,ABERR,0,N,0.999922,0.999922,1.387886e-06,4.5311244e-06,4.18411e-05,1.3628096e-06,1.713669e-05,7.0207075e-06,4.9529444e-06
4655,201_00312,201,312,0,N,0,N,0,N,0.99990255,0.99990255,2.3885948e-06,4.8337806e-06,5.737638e-05,1.705592e-06,1.7512062e-05,5.441679e-06,8.219307e-06
4656,201_00313,201,313,0,N,0,N,0,N,0.99990195,0.99990195,3.2828789e-06,4.061379e-06,5.9532198e-05,2.4972776e-06,1.5167838e-05,5.6203703e-06,7.870696e-06
4657,201_00314,201,314,0,N,0,N,0,N,0.99981034,0.99981034,7.0252077e-06,6.812897e-06,9.4188894e-05,9.301919e-06,2.1404812e-05,3.2996097e-05,1.7793202e-05
4658,201_00315,201,315,0,N,0,N,0,N,0.99970615,0.99970615,1.2218408e-05,1.1453824e-05,0.00011678311,1.8998091e-05,3.157828e-05,8.0256046e-05,2.263661e-05
4659,201_00316,201,316,0,N,0,N,0,N,0.99969697,0.99969697,5.67057e-06,1.5459078e-05,0.0001061343,1.0208622e-05,4.581837e-05,0.00010056771,1.9184059e-05
4660,201_00317,201,317,0,N,0,N,0,N,0.99980855,0.99980855,4.2310917e-06,9.142733e-06,8.0424325e-05,6.4041365e-06,2.959069e-05,4.7701807e-05,1.38505975e-05
4661,201_00318,201,318,0,N,0,N,0,N,0.9996621,0.9996621,3.2623066e-06,1.9100877e-05,0.000119304226,5.3715653e-06,8.742938e-05,8.708055e-05,1.6313666e-05
4662,201_00319,201,319,0,N,0,N,0,N,0.99970615,0.99970615,3.1708025e-06,2.0293939e-05,0.00011907747,2.968892e-06,6.263732e-05,6.0282426e-05,2.5417698e-05
4663,201_00320,201,320,0,N,0,N,0,N,0.99958706,0.99958706,4.6517193e-06,3.358248e-05,0.00015901099,3.3521792e-06,7.872553e-05,9.0402005e-05,4.309806e-05
4664,201_00321,201,321,0,N,0,N,0,N,0.9997136,0.9997136,4.8154857e-06,1.6717999e-05,0.000117721815,4.7326344e-06,4.3728636e-05,6.731188e-05,3.132052e-05
4665,201_00322,201,322,0,N,0,N,0,N,0.9997931,0.9997931,4.9481896e-06,1.4686205e-05,0.000100504134,2.7275885e-06,2.4247682e-05,3.189411e-05,2.7826389e-05
4666,201_00323,201,323,0,N,0,N,0,N,0.99982584,0.99982584,3.4463126e-06,9.394809e-06,7.016823e-05,6.2005533e-06,2.6472439e-05,4.8103095e-05,1.0356528e-05
4667,201_00324,201,324,0,N,0,N,0,N,0.9994961,0.9994961,4.434164e-06,1.2068491e-05,0.00015301735,2.9212366e-05,0.00013828302,0.00015032399,1.6521728e-05
4668,201_00325,201,325,0,N,0,N,0,N,0.9996388,0.9996388,5.742454e-06,8.947608e-06,0.00011476325,3.2149288e-05,6.33468e-05,0.00012385422,1.2355991e-05
4669,201_00326,201,326,0,N,0,N,0,N,0.99969375,0.99969375,5.793532e-06,6.111083e-06,0.00010899874,3.278577e-05,4.9443326e-05,9.00159e-05,1.3108889e-05
4670,201_00327,201,327,0,N,0,N,0,N,0.9997811,0.9997811,5.466988e-06,9.971181e-06,9.1535745e-05,7.674777e-06,3.1041793e-05,5.5567332e-05,1.7762268e-05
4671,201_00328,201,328,0,N,0,N,0,N,0.9997912,0.9997912,3.864983e-06,1.0247657e-05,8.683197e-05,5.6684225e-06,3.4637636e-05,5.2120075e-05,1.534088e-05
4672,201_00329,201,329,0,N,0,N,0,N,0.9998507,0.9998507,2.5595366e-06,6.31245e-06,6.936636e-05,4.0020423e-06,2.7587139e-05,2.8270128e-05,1.1197779e-05
4673,201_00330,201,330,0,N,0,N,0,N,0.9998358,0.9998358,2.7498065e-06,6.820918e-06,7.523943e-05,4.121254e-06,3.1332533e-05,3.1625623e-05,1.2354385e-05
4674,201_00331,201,331,0,N,0,N,0,N,0.9997781,0.9997781,4.0302352e-06,7.2333796e-06,0.00010436207,5.9264576e-06,3.6283567e-05,3.6592595e-05,2.7445902e-05
4675,201_00332,201,332,0,N,0,N,0,N,0.9997851,0.9997851,4.8613556e-06,7.3568763e-06,9.5219e-05,8.4932135e-06,3.2405318e-05,4.730394e-05,1.9275212e-05
4676,201_00333,201,333,0,N,0,N,0,N,0.99978477,0.99978477,4.5783236e-06,7.038628e-06,9.957825e-05,7.2150056e-06,3.3008946e-05,4.1120944e-05,2.2662778e-05
4677,201_00334,201,334,0,N,0,N,0,N,0.9998339,0.9998339,5.1698507e-06,6.511713e-06,7.98876e-05,6.9815724e-06,2.2945878e-05,3.0850297e-05,1.3696305e-05
4678,201_00335,201,335,0,N,0,N,0,N,0.9998796,0.9998796,3.1702427e-06,4.5266565e-06,6.3742256e-05,4.088222e-06,1.8995732e-05,1.6476431e-05,9.477468e-06
4679,201_00336,201,336,0,N,0,N,0,N,0.99984854,0.99984854,3.5180062e-06,6.6498683e-06,7.690004e-05,3.227104e-06,2.3783068e-05,2.153138e-05,1.5889453e-05
4680,201_00337,201,337,0,N,0,N,0,N,0.99984664,0.99984664,2.8578943e-06,8.15359e-06,7.885682e-05,2.0814934e-06,2.4995566e-05,1.8559422e-05,1.7965589e-05
4681,201_00338,201,338,0,N,0,N,0,N,0.9998231,0.9998231,2.7510857e-06,8.18296e-06,8.188147e-05,3.345098e-06,3.2579457e-05,3.1329804e-05,1.6877872e-05
4682,201_00339,201,339,0,N,0,N,0,N,0.99983096,0.99983096,2.0820564e-06,1.0209737e-05,7.3543415e-05,2.3328446e-06,3.7550984e-05,3.1570085e-05,1.1670822e-05
4683,201_00340,201,340,0,N,0,N,0,N,0.99978966,0.99978966,2.9380124e-06,1.0331423e-05,8.69083e-05,4.408624e-06,4.451975e-05,4.7337322e-05,1.3942016e-05
4684,201_00341,201,341,0,N,0,N,0,N,0.999805,0.999805,3.3150393e-06,6.875009e-06,8.1087135e-05,8.161232e-06,3.6458947e-05,4.771051e-05,1.1398986e-05
4685,201_00342,201,342,0,N,0,N,0,N,0.9998034,0.9998034,3.7593356e-06,5.2779997e-06,8.609059e-05,1.0729817e-05,3.4611672e-05,4.2966778e-05,1.3115654e-05
4686,201_00343,201,343,0,N,0,N,0,N,0.9998243,0.9998243,2.6254204e-06,6.007819e-06,7.584299e-05,6.381515e-06,3.6951962e-05,3.786485e-05,9.966364e-06
4687,201_00344,201,344,0,N,0,N,0,N,0.9998614,0.9998614,1.5382091e-06,5.8004143e-06,6.302649e-05,2.642839e-06,3.6528178e-05,2.1279711e-05,7.924915e-06
4688,201_00345,201,345,0,N,0,N,0,N,0.9997335,0.9997335,2.2020274e-06,1.3647407e-05,0.00010670827,3.2506573e-06,7.5694705e-05,4.890276e-05,1.603413e-05
4689,201_00346,201,346,0,N,0,N,0,N,0.999837,0.999837,1.6013392e-06,7.8343755e-06,7.041866e-05,2.599979e-06,4.424137e-05,2.7285134e-05,9.02966e-06
4690,201_00347,201,347,0,N,0,N,0,N,0.99980795,0.99980795,2.706312e-06,7.356834e-06,8.2720595e-05,5.5319124e-06,4.0586765e-05,4.1574818e-05,1.1651147e-05
4691,201_00348,201,348,0,N,0,N,0,N,0.9999029,0.9999029,2.2497404e-06,3.9454626e-06,4.9293718e-05,4.187034e-06,1.6965865e-05,1.5368894e-05,5.166679e-06
4692,201_00349,201,349,0,N,0,N,0,N,0.9998783,0.9998783,4.5882853e-06,5.1527245e-06,6.488702e-05,5.416307e-06,1.7429149e-05,1.6040507e-05,8.222103e-06
4693,201_00350,201,350,0,N,0,N,0,N,0.9998852,0.9998852,2.8351305e-06,4.6931405e-06,5.8760652e-05,4.124855e-06,1.837507e-05,1.7936734e-05,7.985251e-06
4694,201_00351,201,351,0,N,0,N,0,N,0.99987805,0.99987805,3.0848262e-06,4.8076645e-06,6.108699e-05,4.8001007e-06,1.9336123e-05,2.0508269e-05,8.368331e-06
4695,201_00352,201,352,0,N,0,N,0,N,0.99988925,0.99988925,2.4893777e-06,5.442095e-06,5.4702163e-05,3.5178543e-06,1.809767e-05,1.9485638e-05,6.8894315e-06
4696,201_00353,201,353,0,N,0,N,0,N,0.9999016,0.9999016,3.4514483e-06,4.602798e-06,5.666073e-05,2.9988848e-06,1.4595181e-05,8.947853e-06,7.2081866e-06
4697,201_00354,201,354,0,N,0,N,0,N,0.99987304,0.99987304,3.7637408e-06,5.4280736e-06,6.553994e-05,4.7673116e-06,1.8152343e-05,1.9734345e-05,9.503852e-06
4698,201_00355,201,355,0,N,0,N,0,N,0.9998321,0.9998321,7.6124848e-06,5.97263e-06,8.8669876e-05,8.414336e-06,2.0033152e-05,2.3383724e-05,1.3737553e-05
4699,201_00356,201,356,0,N,0,N,0,N,0.9998709,0.9998709,4.7575363e-06,5.085143e-06,6.6263434e-05,6.8125955e-06,1.8187566e-05,1.9723391e-05,8.20125e-06
4700,201_00357,201,357,0,N,0,N,0,N,0.999864,0.999864,4.3683253e-06,5.878107e-06,6.52139e-05,7.2317803e-06,1.9080971e-05,2.6140631e-05,8.05273e-06
4701,201_00358,201,358,0,N,0,N,0,N,0.99985594,0.99985594,5.6160775e-06,5.973701e-06,6.9842674e-05,9.0281e-06,1.9416355e-05,2.5810681e-05,8.396485e-06
4702,201_00359,201,359,0,N,0,N,0,N,0.99980617,0.99980617,6.799627e-06,7.5719295e-06,8.001668e-05,1.5103079e-05,2.4252298e-05,4.9877563e-05,1.0112456e-05
4703,201_00360,201,360,0,N,0,N,0,N,0.99962246,0.99962246,3.6102385e-05,1.7370914e-05,0.0001715097,2.478062e-05,3.378528e-05,6.20788e-05,3.1971736e-05
4704,201_00361,201,361,0,N,0,N,0,N,0.9997487,0.9997487,1.0092954e-05,1.0236741e-05,0.00011371988,1.0158037e-05,3.0730953e-05,4.944067e-05,2.6941865e-05
4705,201_00362,201,362,0,N,0,N,0,N,0.9997818,0.9997818,1.1993267e-05,1.08779095e-05,0.00012033016,5.6160948e-06,2.3272183e-05,1.9612698e-05,2.6571382e-05
4706,201_00363,201,363,0,N,0,N,0,N,0.9998672,0.9998672,4.29287e-06,6.172407e-06,7.427058e-05,2.9871105e-06,1.8918772e-05,1.211484e-05,1.3981472e-05
4707,201_00364,201,364,0,N,0,N,0,N,0.9998827,0.9998827,2.8114082e-06,8.055991e-06,6.587275e-05,1.5997151e-06,1.7991975e-05,9.249849e-06,1.1705536e-05
4708,201_00365,201,365,0,N,0,N,0,N,0.9998389,0.9998389,2.3384518e-06,9.450683e-06,7.196598e-05,2.6432006e-06,3.169952e-05,2.9812503e-05,1.3245768e-05
4709,201_00366,201,366,0,N,0,N,0,N,0.99974275,0.99974275,3.2610828e-06,1.2487425e-05,0.000102588114,5.4929974e-06,5.1967563e-05,6.3988715e-05,1.7620288e-05
4710,201_00367,201,367,0,N,0,N,0,N,0.9998004,0.9998004,3.653774e-06,8.218829e-06,7.854351e-05,8.748521e-06,3.3982185e-05,5.65957e-05,9.9556955e-06
4711,201_00368,201,368,0,N,0,N,0,N,0.9997649,0.9997649,4.725174e-06,9.096934e-06,8.831666e-05,1.2398796e-05,3.722824e-05,7.166521e-05,1.1650469e-05
4712,201_00369,201,369,0,N,0,N,0,N,0.9998322,0.9998322,2.8207194e-06,6.7918977e-06,7.159516e-05,6.0686475e-06,3.170608e-05,3.9841827e-05,9.000823e-06
4713,201_00370,201,370,0,N,0,N,0,N,0.99974144,0.99974144,3.618629e-06,8.836963e-06,9.372205e-05,1.223346e-05,5.2618194e-05,7.690053e-05,1.0580183e-05
4714,201_00371,201,371,0,N,0,N,0,N,0.99971706,0.99971706,2.9621424e-06,1.2336601e-05,0.00010820657,6.1234423e-06,6.989626e-05,6.7984794e-05,1.5533311e-05
4715,201_00372,201,372,0,N,0,N,0,N,0.99971956,0.99971956,3.6419362e-06,1.4306158e-05,0.00011245455,5.1332013e-06,5.6281056e-05,6.454987e-05,2.4044439e-05
4716,201_00373,201,373,0,N,0,N,0,N,0.9998238,0.9998238,2.5509755e-06,9.6633485e-06,8.272269e-05,2.4219732e-06,3.20013e-05,2.905208e-05,1.7806922e-05
4717,201_00374,201,374,0,N,0,N,0,N,0.999815,0.999815,4.021465e-06,8.025785e-06,9.190178e-05,3.3416943e-06,2.7493363e-05,2.6964808e-05,2.3304916e-05
4718,201_00375,201,375,0,N,0,N,0,N,0.99986863,0.99986863,3.1142022e-06,6.765187e-06,6.958632e-05,2.327903e-06,1.9950643e-05,1.6323449e-05,1.3192293e-05
4719,201_00376,201,376,0,N,0,N,0,N,0.999855,0.999855,3.4642865e-06,6.5273007e-06,7.090168e-05,4.1012895e-06,2.245011e-05,2.5250438e-05,1.249134e-05
4720,201_00377,201,377,0,N,0,N,0,N,0.9997826,0.9997826,3.8520666e-06,8.063778e-06,8.6728265e-05,9.44225e-06,3.797038e-05,5.885731e-05,1.248091e-05
4721,201_00378,201,378,0,N,0,N,0,N,0.9998236,0.9998236,3.2495986e-06,7.381532e-06,7.513562e-05,6.351959e-06,3.0981533e-05,4.2661613e-05,1.0652442e-05
4722,201_00379,201,379,0,N,0,N,0,N,0.9998452,0.9998452,2.8104234e-06,6.26273e-06,7.335275e-05,3.9106712e-06,2.8580142e-05,2.7288143e-05,1.2599866e-05
4723,201_00380,201,380,0,N,0,N,0,N,0.9998766,0.9998766,2.3235389e-06,5.6433387e-06,6.0860588e-05,2.9130397e-06,2.2570794e-05,1.9795676e-05,9.323087e-06
4724,201_00381,201,381,0,N,0,N,0,N,0.9998613,0.9998613,2.2830347e-06,8.06339e-06,6.7237575e-05,2.083339e-06,2.4950326e-05,2.1957647e-05,1.2235266e-05
4725,201_00382,201,382,0,N,0,N,0,N,0.99986,0.99986,2.2060435e-06,9.236814e-06,6.848155e-05,1.6626669e-06,2.5504756e-05,2.0288895e-05,1.2731058e-05
4726,201_00383,201,383,0,N,0,N,0,N,0.9998727,0.9998727,2.4036049e-06,8.04092e-06,6.3805426e-05,1.7913661e-06,2.153915e-05,1.8558296e-05,1.112265e-05
4727,201_00384,201,384,0,N,0,N,0,N,0.99989283,0.99989283,2.9571165e-06,5.75263e-06,5.558139e-05,3.2396927e-06,1.6314709e-05,1.5928723e-05,7.3784963e-06
4728,201_00385,201,385,0,N,0,N,0,N,0.9998475,0.9998475,4.5901525e-06,7.371508e-06,7.313861e-05,5.567369e-06,2.0513708e-05,2.9279487e-05,1.1991139e-05
4729,201_00386,201,386,0,N,0,N,0,N,0.9997782,0.9997782,6.161061e-06,9.568938e-06,8.483396e-05,1.2644281e-05,2.8824572e-05,6.6661414e-05,1.3014811e-05
4730,201_00387,201,387,0,N,0,N,0,N,0.999721,0.999721,5.0718086e-06,1.1438831e-05,0.000103409504,1.13027845e-05,4.7500303e-05,8.416688e-05,1.606592e-05
4731,201_00388,201,388,0,N,0,N,0,N,0.9998352,0.9998352,4.8696456e-06,8.0804075e-06,7.085296e-05,8.220423e-06,2.2301827e-05,4.0734256e-05,9.7587645e-06
4732,201_00389,201,389,0,N,0,N,0,N,0.9997419,0.9997419,4.608946e-06,1.2187866e-05,0.000103351726,6.8997315e-06,4.2227384e-05,6.785293e-05,2.1055288e-05
4733,201_00390,201,390,0,N,0,N,0,N,0.99979955,0.99979955,3.9607335e-06,1.0655123e-05,8.791324e-05,4.218938e-06,3.129365e-05,4.3505144e-05,1.9004432e-05
4734,201_00391,201,391,0,N,0,N,0,N,0.99983436,0.99983436,3.2190173e-06,8.661302e-06,8.028172e-05,2.657844e-06,2.6909944e-05,2.6441909e-05,1.7533996e-05
4735,201_00392,201,392,0,N,0,N,0,N,0.9998993,0.9998993,2.9429086e-06,4.905809e-06,5.441571e-05,3.2001474e-06,1.5936213e-05,1.23970585e-05,6.9979483e-06
4736,201_00393,201,393,0,N,0,N,0,N,0.99988186,0.99988186,4.1317703e-06,4.820896e-06,6.2488405e-05,5.5370347e-06,1.7227863e-05,1.6133688e-05,7.826274e-06
4737,201_00394,201,394,0,N,0,N,0,N,0.9998826,0.9998826,3.5830767e-06,4.6715027e-06,6.121586e-05,5.133686e-06,1.771131e-05,1.7180917e-05,7.819445e-06
4738,201_00395,201,395,0,N,0,N,0,N,0.9998114,0.9998114,7.469849e-06,6.8765944e-06,9.359382e-05,8.560199e-06,2.3709017e-05,3.081009e-05,1.7416318e-05
4739,201_00396,201,396,0,N,0,N,0,N,0.99988663,0.99988663,3.0128433e-06,4.2605857e-06,6.170347e-05,3.8275653e-06,1.78103e-05,1.373047e-05,8.932746e-06
4740,201_00397,201,397,0,N,0,N,0,N,0.9997888,0.9997888,5.405389e-06,8.147841e-06,0.00010726986,4.1442936e-06,2.8670773e-05,2.5473722e-05,3.202106e-05
4741,201_00398,201,398,0,N,0,N,0,N,0.99983084,0.99983084,2.8335899e-06,8.080696e-06,8.2503e-05,2.7353344e-06,2.917417e-05,2.4442465e-05,1.9332721e-05
4742,201_00399,201,399,0,N,0,N,0,N,0.99977845,0.99977845,2.9730365e-06,1.152976e-05,9.9133606e-05,3.308439e-06,3.933677e-05,4.0055045e-05,2.5215104e-05
4743,201_00400,201,400,0,N,0,N,0,N,0.9997944,0.9997944,2.7245087e-06,1.0933001e-05,8.264417e-05,4.1687185e-06,4.409842e-05,4.9158527e-05,1.1892767e-05
4744,201_00401,201,401,0,N,0,N,0,N,0.99964476,0.99964476,4.825944e-06,1.4018238e-05,0.00012563093,1.1816547e-05,7.5085154e-05,0.000104768355,1.9075822e-05
4745,201_00402,201,402,0,N,0,N,0,N,0.9997373,0.9997373,5.6635567e-06,1.1967508e-05,0.000105224564,8.130655e-06,3.8523936e-05,7.032112e-05,2.2892189e-05
4746,201_00403,201,403,0,N,0,N,0,N,0.99977094,0.99977094,4.249425e-06,1.0600615e-05,9.8965e-05,5.3793483e-06,3.666122e-05,5.0375103e-05,2.2833457e-05
4747,201_00404,201,404,0,N,0,N,0,N,0.9998477,0.9998477,3.0353651e-06,6.7658075e-06,7.040538e-05,4.3657346e-06,2.6188738e-05,3.0147079e-05,1.1433563e-05
4748,201_00405,201,405,0,N,0,N,0,N,0.99985045,0.99985045,2.5004924e-06,6.3964458e-06,6.922024e-05,3.7904588e-06,2.853296e-05,2.8473105e-05,1.0642382e-05
4749,201_00406,201,406,0,N,0,N,0,N,0.99984676,0.99984676,2.1391947e-06,8.862498e-06,6.605212e-05,2.8262643e-06,3.324424e-05,3.112307e-05,9.040373e-06
4750,201_00407,201,407,0,N,0,N,0,N,0.99973136,0.99973136,2.9834166e-06,1.49208545e-05,0.00010422055,4.3977475e-06,6.1891595e-05,6.371002e-05,1.655183e-05
4751,201_00408,201,408,0,N,0,N,0,N,0.99977106,0.99977106,2.545883e-06,1.517129e-05,8.990712e-05,3.0355e-06,5.3012533e-05,5.1950206e-05,1.3428771e-05
4752,201_00409,201,409,0,N,0,N,0,N,0.99984485,0.99984485,2.5448182e-06,8.491251e-06,7.038437e-05,2.897827e-06,2.9063835e-05,3.0164534e-05,1.1703307e-05
4753,201_00410,201,410,0,N,0,N,0,N,0.999909,0.999909,2.2264594e-06,4.376132e-06,4.819462e-05,2.819801e-06,1.6053165e-05,1.1912612e-05,5.4500238e-06
4754,201_00411,201,411,0,N,0,N,0,N,0.9998791,0.9998791,3.0973847e-06,4.704328e-06,5.6841196e-05,7.0739297e-06,1.8602022e-05,2.4276078e-05,6.308609e-06
4755,201_00412,201,412,0,N,0,N,0,N,0.9998803,0.9998803,2.3823357e-06,5.56485e-06,5.6713747e-05,3.7304417e-06,2.1686192e-05,2.2322496e-05,7.2553858e-06
4756,201_00413,201,413,0,N,0,N,0,N,0.9998156,0.9998156,2.8575002e-06,8.609267e-06,7.967318e-05,4.447548e-06,3.56803e-05,3.9865794e-05,1.3354044e-05
4757,201_00414,201,414,0,N,0,N,0,N,0.99948865,0.99948865,4.124945e-06,2.3211858e-05,0.0001762397,7.2246407e-06,0.00014898031,0.00011843395,3.3159806e-05
4758,201_00415,201,415,0,N,0,N,0,N,0.99977297,0.99977297,3.1227755e-06,9.943599e-06,9.62295e-05,5.1535235e-06,4.500351e-05,4.8420377e-05,1.9227591e-05
4759,201_00416,201,416,0,N,0,N,0,N,0.9995939,0.9995939,3.9450074e-06,1.855804e-05,0.00013565012,9.093427e-06,0.00010229511,0.00011483046,2.1722282e-05
4760,201_00417,201,417,0,N,0,N,0,N,0.9998305,0.9998305,3.4772925e-06,7.238707e-06,7.789153e-05,4.662456e-06,2.8833914e-05,3.3235363e-05,1.4213145e-05
4761,201_00418,201,418,0,N,0,N,0,N,0.9998595,0.9998595,2.2350202e-06,8.121821e-06,6.66599e-05,2.1453388e-06,2.7009453e-05,2.269432e-05,1.170963e-05
4762,201_00419,201,419,0,N,0,N,0,N,0.99983156,0.99983156,3.1648617e-06,7.608271e-06,8.506063e-05,2.7125825e-06,2.6946436e-05,2.2572896e-05,2.0271684e-05
4763,201_00420,201,420,0,N,0,N,0,N,0.9998082,0.9998082,3.1628897e-06,7.641032e-06,8.707808e-05,4.8236775e-06,3.463188e-05,3.7978956e-05,1.6577022e-05
4764,201_00421,201,421,0,N,0,N,0,N,0.9998013,0.9998013,6.576191e-06,6.033438e-06,9.4714356e-05,1.18042935e-05,2.3597906e-05,3.8108326e-05,1.7824155e-05
4765,201_00422,201,422,0,N,0,N,0,N,0.9997046,0.9997046,7.128167e-06,1.13778915e-05,0.00011425294,1.294456e-05,4.103585e-05,8.5287895e-05,2.3404345e-05
4766,201_00423,201,423,0,N,0,N,0,N,0.999675,0.999675,4.365622e-06,1.8359911e-05,0.00011772086,6.616808e-06,6.236309e-05,9.388918e-05,2.1620477e-05
4767,201_00424,201,424,0,N,0,N,0,N,0.9998157,0.9998157,3.6814688e-06,1.0345387e-05,7.915222e-05,4.18015e-06,3.0071084e-05,4.2496336e-05,1.4350319e-05
4768,201_00425,201,425,0,N,0,N,0,N,0.9998753,0.9998753,2.6075331e-06,6.578773e-06,6.0981005e-05,2.9047496e-06,2.0876336e-05,2.1166217e-05,9.644888e-06
4769,201_00426,201,426,0,N,0,N,0,N,0.99987745,0.99987745,3.6498207e-06,5.370597e-06,6.598181e-05,3.4819923e-06,1.8500297e-05,1.513956e-05,1.0469569e-05
4770,201_00427,201,427,0,N,0,N,0,N,0.9998936,0.9998936,2.6790478e-06,4.4504704e-06,5.6880683e-05,3.3777249e-06,1.7447775e-05,1.3942362e-05,7.692159e-06
4771,201_00428,201,428,0,N,0,N,0,N,0.9998714,0.9998714,2.3170874e-06,6.2141085e-06,5.9015703e-05,3.7239924e-06,2.3515156e-05,2.6170308e-05,7.6276597e-06
4772,201_00429,201,429,0,N,0,N,0,N,0.99988735,0.99988735,1.9715844e-06,5.7970146e-06,5.3152657e-05,3.0052008e-06,2.1111697e-05,2.111218e-05,6.4270357e-06
4773,201_00430,201,430,0,N,0,N,0,N,0.9998789,0.9998789,2.0943082e-06,7.1020413e-06,5.6089186e-05,2.558557e-06,2.30407e-05,2.2762973e-05,7.5516023e-06
4774,201_00431,201,431,0,N,0,N,0,N,0.9998341,0.9998341,2.3799184e-06,8.587229e-06,6.8921894e-05,4.052565e-06,3.478879e-05,3.839214e-05,8.743737e-06
4775,201_00432,201,432,0,N,0,N,0,N,0.9998577,0.9998577,2.3417876e-06,8.647267e-06,6.6785266e-05,2.2218717e-06,2.6101532e-05,2.422916e-05,1.1886694e-05
4776,201_00433,201,433,0,N,0,N,0,N,0.9998991,0.9998991,1.5176686e-06,6.696223e-06,5.2272553e-05,1.2293855e-06,2.1149914e-05,1.043237e-05,7.740984e-06
4777,201_00434,201,434,0,N,0,N,0,N,0.99990755,0.99990755,2.0150067e-06,4.8268216e-06,4.966337e-05,2.0466389e-06,1.6254891e-05,1.1046997e-05,6.668214e-06
4778,201_00435,201,435,0,N,0,N,0,N,0.9999153,0.9999153,2.6752712e-06,4.3642644e-06,4.8726954e-05,2.4525075e-06,1.408192e-05,6.864564e-06,5.49393e-06
4779,201_00436,201,436,0,N,0,N,0,N,0.9998157,0.9998157,4.683372e-06,9.331183e-06,7.83236e-05,6.442628e-06,2.6535361e-05,4.584125e-05,1.3144753e-05
4780,201_00437,201,437,0,N,0,N,0,N,0.99980605,0.99980605,5.534968e-06,8.267663e-06,7.738083e-05,1.1811456e-05,2.5261797e-05,5.4832984e-05,1.08593495e-05
4781,201_00438,201,438,0,N,0,N,0,N,0.9997855,0.9997855,4.337741e-06,8.016706e-06,8.692352e-05,9.999718e-06,3.4613928e-05,5.7705533e-05,1.2873991e-05
4782,201_00439,201,439,0,N,0,N,0,N,0.99982977,0.99982977,3.0247575e-06,7.3172223e-06,7.116965e-05,6.5728423e-06,2.9709374e-05,4.2207175e-05,1.0204742e-05
4783,201_00440,201,440,0,N,0,N,0,N,0.9998715,0.9998715,2.3108405e-06,5.3398658e-06,6.3322645e-05,3.3690126e-06,2.3412651e-05,2.0572208e-05,1.0209976e-05
4784,201_00441,201,441,0,N,0,N,0,N,0.999855,0.999855,2.355808e-06,5.561452e-06,6.989658e-05,3.7977777e-06,2.7081758e-05,2.4461337e-05,1.1890698e-05
4785,201_00442,201,442,0,N,0,N,0,N,0.9998658,0.9998658,2.2735892e-06,5.962297e-06,6.65234e-05,2.5930954e-06,2.5168605e-05,2.0194018e-05,1.1471407e-05
4786,201_00443,201,443,0,N,0,N,0,N,0.9998525,0.9998525,2.9490413e-06,5.5054747e-06,6.78814e-05,5.8378496e-06,2.5271645e-05,3.05964e-05,9.518024e-06
4787,201_00444,201,444,0,N,0,N,0,N,0.99987566,0.99987566,2.451919e-06,5.4404895e-06,5.9356767e-05,3.948321e-06,2.1800783e-05,2.3506625e-05,7.854196e-06
4788,201_00445,201,445,5,ABERR,0,N,0,N,0.9998841,0.9998841,2.7281646e-06,5.77216e-06,5.9311493e-05,2.9508903e-06,1.8674084e-05,1.7523986e-05,8.796718e-06
4789,201_00446,201,446,0,N,5,ABERR,0,N,0.99992317,0.99992317,1.6767053e-06,4.14555e-06,4.412947e-05,1.3543404e-06,1.6040567e-05,4.5033435e-06,5.0190683e-06
4790,201_00447,201,447,0,N,0,N,0,N,0.9999022,0.9999022,3.2930202e-06,4.8406478e-06,5.5984947e-05,2.9311361e-06,1.5115465e-05,8.400805e-06,7.279164e-06
4791,201_00448,201,448,0,N,0,N,0,N,0.9998346,0.9998346,6.7276414e-06,8.321682e-06,9.8319644e-05,3.1657257e-06,2.0263029e-05,9.519778e-06,1.9074896e-05
4792,201_00449,201,449,0,N,0,N,0,N,0.99959713,0.99959713,9.262292e-06,2.1046457e-05,0.00015060208,8.759724e-06,5.030054e-05,0.000108799715,5.39786e-05
4793,201_00450,201,450,0,N,0,N,0,N,0.9996162,0.9996162,5.867119e-06,1.6733085e-05,0.00016076719,5.89645e-06,6.520688e-05,7.3646996e-05,5.5811644e-05
4794,201_00451,201,451,0,N,0,N,0,N,0.9997758,0.9997758,5.166229e-06,1.1392601e-05,0.000104190694,3.753987e-06,3.090752e-05,3.8569022e-05,3.0198458e-05
4795,201_00452,201,452,0,N,0,N,0,N,0.99980026,0.99980026,4.597782e-06,8.7621975e-06,9.287568e-05,4.8345078e-06,2.8305201e-05,3.8022903e-05,2.2308303e-05
4796,201_00453,201,453,0,N,0,N,0,N,0.9998156,0.9998156,7.163354e-06,7.1428617e-06,8.616877e-05,1.1076763e-05,2.2021484e-05,3.7537302e-05,1.3201297e-05
4797,201_00454,201,454,0,N,0,N,0,N,0.9997801,0.9997801,7.4530494e-06,8.3604355e-06,8.4536194e-05,1.9651347e-05,2.6601536e-05,6.266179e-05,1.0629838e-05
4798,201_00455,201,455,0,N,0,N,0,N,0.9998163,0.9998163,6.103305e-06,8.139374e-06,8.6133994e-05,7.0630035e-06,2.4124034e-05,3.5995545e-05,1.614151e-05
4799,201_00456,201,456,0,N,0,N,0,N,0.999847,0.999847,3.217278e-06,7.0298684e-06,7.4486205e-05,3.3979475e-06,2.4835332e-05,2.5608471e-05,1.4409011e-05
4800,201_00457,201,457,0,N,0,N,0,N,0.99985,0.99985,2.7611347e-06,7.00448e-06,7.478952e-05,2.5987931e-06,2.5507274e-05,2.2302305e-05,1.514388e-05
4801,201_00458,201,458,0,N,0,N,0,N,0.9998402,0.9998402,2.506696e-06,7.2232406e-06,7.3289375e-05,3.4090283e-06,3.1724725e-05,2.9943585e-05,1.1670484e-05
4802,201_00459,201,459,0,N,0,N,0,N,0.99988115,0.99988115,1.9764425e-06,5.6988974e-06,5.7949197e-05,2.4572275e-06,2.351745e-05,1.8797335e-05,8.347577e-06
4803,201_00460,201,460,0,N,0,N,0,N,0.99987113,0.99987113,2.8749703e-06,5.38252e-06,6.108447e-05,4.8615284e-06,2.17089e-05,2.4556277e-05,8.392185e-06
4804,201_00461,201,461,0,N,0,N,0,N,0.99990195,0.99990195,2.4398332e-06,4.72703e-06,5.6275654e-05,1.9682936e-06,1.7267752e-05,7.0145034e-06,8.348555e-06
4805,201_00462,201,462,0,N,0,N,0,N,0.9998646,0.9998646,4.1310527e-06,6.1145997e-06,7.782654e-05,2.6686403e-06,1.764635e-05,1.1392221e-05,1.5609696e-05
4806,201_00463,201,463,0,N,0,N,0,N,0.9998801,0.9998801,3.613175e-06,4.398062e-06,6.785654e-05,4.510598e-06,1.5575824e-05,1.3750442e-05,1.0235773e-05
4807,201_00464,201,464,0,N,0,N,0,N,0.99983543,0.99983543,2.5294037e-06,8.397761e-06,7.2797164e-05,3.3067727e-06,3.2743046e-05,3.3664455e-05,1.1135343e-05
4808,201_00465,201,465,0,N,0,N,0,N,0.999839,0.999839,2.3956516e-06,8.279344e-06,7.473123e-05,2.65088e-06,3.149558e-05,2.8190754e-05,1.3360523e-05
4809,201_00466,201,466,0,N,0,N,0,N,0.99987686,0.99987686,1.8826145e-06,6.9003468e-06,6.248279e-05,1.665145e-06,2.3462688e-05,1.5866568e-05,1.0782513e-05
4810,201_00467,201,467,0,N,0,N,0,N,0.99988806,0.99988806,1.908013e-06,5.972862e-06,5.653188e-05,1.9147026e-06,2.1115055e-05,1.577957e-05,8.692708e-06
4811,201_00468,201,468,0,N,0,N,0,N,0.9998967,0.9998967,2.213222e-06,5.3397407e-06,5.3728494e-05,2.3573605e-06,1.7698727e-05,1.4386041e-05,7.6188744e-06
4812,201_00469,201,469,0,N,0,N,0,N,0.9998698,0.9998698,3.879475e-06,5.716387e-06,6.828136e-05,4.136751e-06,1.8633684e-05,1.8505256e-05,1.092853e-05
4813,201_00470,201,470,0,N,0,N,0,N,0.9998408,0.9998408,4.2920237e-06,6.2830004e-06,7.2687115e-05,7.429933e-06,2.2580705e-05,3.489812e-05,1.1113833e-05
4814,201_00471,201,471,0,N,0,N,0,N,0.9998089,0.9998089,9.2612245e-06,7.786813e-06,9.391806e-05,1.09345565e-05,2.1802862e-05,3.2616237e-05,1.4714757e-05
4815,201_00472,201,472,0,N,0,N,0,N,0.99988043,0.99988043,2.9404237e-06,5.4325883e-06,5.86025e-05,4.3173927e-06,1.9451136e-05,2.0965868e-05,7.808682e-06
4816,201_00473,201,473,0,N,0,N,0,N,0.9998654,0.9998654,2.847414e-06,6.079403e-06,6.526221e-05,3.5066969e-06,2.3578477e-05,2.283361e-05,1.0488491e-05
4817,201_00474,201,474,0,N,0,N,0,N,0.9998833,0.9998833,2.25215e-06,5.1529714e-06,5.9486538e-05,2.5731695e-06,2.1448122e-05,1.6449832e-05,9.2295095e-06
4818,201_00475,201,475,0,N,0,N,0,N,0.9997962,0.9997962,5.8316896e-06,6.82217e-06,9.987155e-05,6.892714e-06,2.6861586e-05,3.3216606e-05,2.4287863e-05
4819,201_00476,201,476,0,N,0,N,0,N,0.9997905,0.9997905,4.761175e-06,7.8783205e-06,9.965957e-05,5.4913166e-06,2.8628006e-05,3.641047e-05,2.6690726e-05
4820,201_00477,201,477,0,N,0,N,0,N,0.9995843,0.9995843,7.059823e-06,1.4111643e-05,0.00016816931,1.045431e-05,6.509352e-05,8.952818e-05,6.109135e-05
4821,201_00478,201,478,0,N,0,N,0,N,0.9998132,0.9998132,4.508013e-06,8.045481e-06,8.721473e-05,5.1809675e-06,2.679667e-05,3.6089375e-05,1.899458e-05
4822,201_00479,201,479,0,N,0,N,0,N,0.99983555,0.99983555,5.6197127e-06,8.39834e-06,8.143424e-05,5.4456596e-06,2.0511152e-05,2.7987204e-05,1.5063044e-05
4823,201_00480,201,480,0,N,0,N,0,N,0.9998745,0.9998745,4.862871e-06,6.0652997e-06,6.5878616e-05,5.092028e-06,1.782099e-05,1.696205e-05,8.826945e-06
4824,201_00481,201,481,0,N,0,N,0,N,0.9998708,0.9998708,3.7394711e-06,5.887488e-06,6.544798e-05,4.6884743e-06,1.8560542e-05,2.1189146e-05,9.693468e-06
4825,201_00482,201,482,0,N,0,N,0,N,0.9997562,0.9997562,5.8727273e-06,1.0997564e-05,9.65521e-05,9.269793e-06,3.2651646e-05,6.880803e-05,1.9638004e-05
4826,201_00483,201,483,0,N,0,N,0,N,0.9997949,0.9997949,1.28061865e-05,9.9732015e-06,0.000111862515,7.536026e-06,2.1071592e-05,2.153121e-05,2.043102e-05
4827,201_00484,201,484,0,N,0,N,0,N,0.99971753,0.99971753,4.576828e-06,1.9547784e-05,0.00010837568,4.5160064e-06,4.4124306e-05,7.575451e-05,2.5495505e-05
4828,201_00485,201,485,0,N,0,N,0,N,0.99978226,0.99978226,3.6892745e-06,1.6878663e-05,9.277291e-05,2.74924e-06,3.3865235e-05,4.561635e-05,2.223931e-05
4829,201_00486,201,486,0,N,0,N,0,N,0.9997898,0.9997898,4.1988633e-06,8.642517e-06,9.213753e-05,6.1516444e-06,3.4172786e-05,4.6209683e-05,1.8649205e-05
4830,201_00487,201,487,0,N,0,N,0,N,0.9997782,0.9997782,5.138004e-06,8.922354e-06,9.293503e-05,8.589517e-06,3.2053442e-05,5.5903154e-05,1.8272736e-05
4831,201_00488,201,488,0,N,0,N,0,N,0.9998358,0.9998358,5.7032003e-06,6.44741e-06,8.239615e-05,6.66131e-06,2.244471e-05,2.6071231e-05,1.4539527e-05
4832,201_00489,201,489,0,N,0,N,0,N,0.99971944,0.99971944,3.084034e-06,1.3902454e-05,0.00010289976,5.7083425e-06,6.9509624e-05,7.191848e-05,1.3501258e-05
4833,201_00490,201,490,0,N,0,N,0,N,0.9998274,0.9998274,2.2466547e-06,7.96917e-06,7.662507e-05,3.2922148e-06,3.821621e-05,3.2450662e-05,1.1790167e-05
4834,201_00491,201,491,0,N,0,N,0,N,0.99982524,0.99982524,2.454294e-06,6.971186e-06,7.619068e-05,4.7078443e-06,3.767039e-05,3.6378864e-05,1.03507955e-05
4835,201_00492,201,492,0,N,0,N,0,N,0.99979943,0.99979943,2.7254007e-06,8.157631e-06,8.3349114e-05,5.591114e-06,4.3677956e-05,4.598649e-05,1.1190395e-05
4836,201_00493,201,493,0,N,0,N,0,N,0.999817,0.999817,3.514579e-06,8.419073e-06,8.106136e-05,4.7808485e-06,3.0994128e-05,3.9424744e-05,1.4766116e-05
4837,201_00494,201,494,0,N,0,N,0,N,0.9997391,0.9997391,3.8690628e-06,1.1663142e-05,9.918975e-05,7.784813e-06,4.9851486e-05,7.330105e-05,1.5253381e-05
4838,201_00495,201,495,0,N,0,N,0,N,0.9998236,0.9998236,4.552742e-06,7.089908e-06,8.54472e-05,4.9425016e-06,2.6130278e-05,3.0227851e-05,1.8068853e-05
4839,201_00496,201,496,0,N,0,N,0,N,0.9997837,0.9997837,4.4283647e-06,1.02663325e-05,9.421146e-05,5.0974495e-06,3.4447396e-05,4.677859e-05,2.1026248e-05
4840,201_00497,201,497,0,N,0,N,0,N,0.9998697,0.9998697,2.7762371e-06,5.1276556e-06,6.8557754e-05,3.005383e-06,2.1933054e-05,1.6178064e-05,1.2711043e-05
4841,201_00498,201,498,0,N,0,N,0,N,0.9997998,0.9997998,2.9140747e-06,8.883913e-06,9.200666e-05,3.6553681e-06,3.723522e-05,3.5967394e-05,1.9478153e-05
4842,201_00499,201,499,0,N,0,N,0,N,0.9998137,0.9998137,2.534267e-06,7.420144e-06,8.598333e-05,3.8332582e-06,3.804946e-05,3.295099e-05,1.5494139e-05
4843,201_00500,201,500,0,N,0,N,0,N,0.999836,0.999836,2.2694273e-06,7.5047637e-06,7.519498e-05,3.1483487e-06,3.3888184e-05,3.0018802e-05,1.2033525e-05
4844,201_00501,201,501,0,N,0,N,0,N,0.99986094,0.99986094,2.6003536e-06,5.9714866e-06,6.500729e-05,4.1309154e-06,2.493954e-05,2.6925727e-05,9.467272e-06
4845,201_00502,201,502,0,N,0,N,0,N,0.9998921,0.9998921,2.2972317e-06,5.211651e-06,5.47115e-05,2.8677111e-06,1.8743336e-05,1.6485927e-05,7.4737013e-06
4846,201_00503,201,503,0,N,0,N,0,N,0.9998646,0.9998646,2.9577523e-06,6.530925e-06,6.680948e-05,3.1648424e-06,2.2497177e-05,2.1785681e-05,1.1538288e-05
4847,201_00504,201,504,0,N,0,N,0,N,0.9998628,0.9998628,2.6415653e-06,6.7404762e-06,6.3989435e-05,3.541803e-06,2.4101057e-05,2.6505804e-05,9.739564e-06
4848,201_00505,201,505,0,N,0,N,0,N,0.9998673,0.9998673,3.0179758e-06,5.8749433e-06,6.289261e-05,4.6488185e-06,2.1793117e-05,2.5240277e-05,9.1743295e-06
4849,201_00506,201,506,0,N,0,N,0,N,0.9999072,0.9999072,3.0803449e-06,4.786773e-06,5.4480886e-05,2.06788e-06,1.7294047e-05,4.9079954e-06,6.2750096e-06
4850,201_00507,201,507,0,N,0,N,0,N,0.99991256,0.99991256,1.8446904e-06,4.195764e-06,4.9406393e-05,1.5941189e-06,1.8866585e-05,5.256172e-06,6.305109e-06
4851,201_00508,201,508,0,N,0,N,0,N,0.99989825,0.99989825,2.1679746e-06,4.924812e-06,5.772074e-05,1.8427703e-06,1.835622e-05,7.5797e-06,9.281833e-06
4852,201_00509,201,509,0,N,0,N,0,N,0.9996455,0.9996455,3.8018445e-06,1.4825451e-05,0.00013702289,6.8129825e-06,8.2843646e-05,8.128129e-05,2.7939752e-05
4853,201_00510,201,510,0,N,0,N,0,N,0.9996455,0.9996455,4.28251e-06,1.7842754e-05,0.0001289051,7.4224126e-06,7.2834235e-05,9.850394e-05,2.4785988e-05
4854,201_00511,201,511,0,N,0,N,0,N,0.999837,0.999837,3.1117884e-06,8.0089185e-06,7.307788e-05,4.006066e-06,2.845383e-05,3.3947737e-05,1.2356085e-05
4855,201_00512,201,512,0,N,0,N,0,N,0.9998214,0.9998214,4.7063813e-06,7.734104e-06,8.1087615e-05,6.390486e-06,2.5947727e-05,3.7610265e-05,1.5078541e-05
4856,201_00513,201,513,0,N,0,N,0,N,0.99983543,0.99983543,4.201406e-06,7.3771794e-06,8.219058e-05,3.849971e-06,2.3905961e-05,2.5128558e-05,1.8016553e-05
4857,201_00514,201,514,0,N,0,N,0,N,0.99975073,0.99975073,3.4394345e-06,1.1460552e-05,0.000105565516,4.903331e-06,4.8910082e-05,5.2750172e-05,2.2286464e-05
4858,201_00515,201,515,0,N,0,N,0,N,0.99957585,0.99957585,3.966681e-06,2.22077e-05,0.00015098671,6.155809e-06,0.00010782253,0.00010462734,2.842912e-05
4859,201_00516,201,516,0,N,0,N,0,N,0.99951386,0.99951386,3.9976126e-06,2.0776886e-05,0.00017836077,6.126251e-06,0.0001413955,9.661804e-05,3.8894297e-05
4860,201_00517,201,517,0,N,0,N,0,N,0.9992481,0.9992481,5.6249014e-06,2.9409906e-05,0.000270092,7.192698e-06,0.00024571503,0.0001269502,6.695664e-05
4861,201_00518,201,518,0,N,0,N,0,N,0.999288,0.999288,5.0510516e-06,2.0992948e-05,0.00024669716,1.04095025e-05,0.0002600892,0.00012618914,4.2592877e-05
4862,201_00519,201,519,0,N,0,N,0,N,0.999557,0.999557,3.9469537e-06,2.7328348e-05,0.00016707627,3.9943934e-06,0.000107817315,9.2981485e-05,3.9824256e-05
4863,201_00520,201,520,0,N,0,N,0,N,0.99960524,0.99960524,3.4875472e-06,2.0754782e-05,0.00014224458,5.515931e-06,0.00010516994,9.4018105e-05,2.3584867e-05
4864,201_00521,201,521,0,N,0,N,0,N,0.99984795,0.99984795,2.361237e-06,8.836775e-06,7.5633005e-05,1.8478795e-06,2.6558244e-05,2.0512914e-05,1.6255148e-05
4865,201_00522,201,522,0,N,0,N,0,N,0.99984986,0.99984986,4.3328105e-06,5.4314582e-06,7.559003e-05,6.361262e-06,2.1222879e-05,2.462813e-05,1.2685589e-05
4866,201_00523,201,523,0,N,0,N,0,N,0.9998232,0.9998232,6.75329e-06,5.6128147e-06,8.899627e-05,1.320277e-05,2.0319556e-05,2.806046e-05,1.3822628e-05
4867,201_00524,201,524,0,N,0,N,0,N,0.9995962,0.9995962,9.4939205e-06,1.4256264e-05,0.00013498635,2.2514723e-05,5.017195e-05,0.00014221697,3.0115216e-05
4868,201_00525,201,525,0,N,0,N,0,N,0.99951243,0.99951243,5.372252e-06,2.4681269e-05,0.00015830659,1.0058286e-05,0.00010642879,0.00015213268,3.0685154e-05
4869,201_00526,201,526,0,N,0,N,0,N,0.9998293,0.9998293,4.077278e-06,6.8781737e-06,7.4460884e-05,7.646684e-06,2.5581972e-05,4.03934e-05,1.1655742e-05
4870,201_00527,201,527,0,N,0,N,0,N,0.9996474,0.9996474,3.7858094e-06,1.7079032e-05,0.00012833718,7.0510164e-06,8.136947e-05,9.3161645e-05,2.181837e-05
4871,201_00528,201,528,0,N,0,N,0,N,0.9998281,0.9998281,2.8085374e-06,9.506888e-06,7.303313e-05,3.7795812e-06,3.2865286e-05,3.860548e-05,1.1319853e-05
4872,201_00529,201,529,0,N,0,N,0,N,0.9996577,0.9996577,3.9329784e-06,1.7631783e-05,0.00012865687,6.2043664e-06,7.0392205e-05,8.538318e-05,3.0027531e-05
4873,201_00530,201,530,0,N,0,N,0,N,0.99981606,0.99981606,4.4706326e-06,6.9177036e-06,7.641593e-05,1.10312385e-05,2.4776204e-05,4.8375477e-05,1.1889974e-05
4874,201_00531,201,531,0,N,0,N,0,N,0.9997799,0.9997799,6.6696525e-06,1.10372785e-05,0.000118740376,3.24123e-06,2.2339142e-05,2.0882228e-05,3.7328875e-05
4875,201_00532,201,532,0,N,0,N,0,N,0.99980086,0.99980086,5.4239817e-06,9.050567e-06,9.474575e-05,5.0414797e-06,2.5610245e-05,3.631046e-05,2.3111257e-05
4876,201_00533,201,533,0,N,0,N,0,N,0.99982524,0.99982524,4.382514e-06,6.9940006e-06,8.656051e-05,4.9695072e-06,2.2909755e-05,2.951447e-05,1.9415016e-05
4877,201_00534,201,534,0,N,0,N,0,N,0.99980223,0.99980223,3.7338912e-06,7.849689e-06,8.3823725e-05,7.242307e-06,3.3304066e-05,4.7885875e-05,1.3836701e-05
4878,201_00535,201,535,0,N,0,N,0,N,0.99981785,0.99981785,2.7952924e-06,8.982738e-06,7.748735e-05,4.3961363e-06,3.504316e-05,4.1251413e-05,1.2214064e-05
4879,201_00536,201,536,0,N,0,N,0,N,0.99987125,0.99987125,2.201518e-06,5.8121163e-06,6.226586e-05,3.0291294e-06,2.434906e-05,2.1347525e-05,9.685295e-06
4880,201_00537,201,537,0,N,0,N,0,N,0.9998359,0.9998359,2.0208663e-06,9.189225e-06,6.838045e-05,3.0928825e-06,3.8230097e-05,3.395239e-05,9.229486e-06
4881,201_00538,201,538,0,N,0,N,0,N,0.9998795,0.9998795,2.5202037e-06,4.8392085e-06,6.1968276e-05,3.3636236e-06,2.070843e-05,1.723262e-05,9.839614e-06
4882,201_00539,201,539,0,N,0,N,0,N,0.99983805,0.99983805,2.2355348e-06,7.669537e-06,7.078299e-05,3.7241277e-06,3.401343e-05,3.3528853e-05,1.009167e-05
4883,201_00540,201,540,0,N,0,N,0,N,0.99982095,0.99982095,3.4336654e-06,7.1745435e-06,8.330974e-05,4.6622154e-06,3.0430036e-05,3.3578068e-05,1.6434069e-05
4884,201_00541,201,541,0,N,0,N,0,N,0.9998082,0.9998082,2.5855702e-06,8.95838e-06,8.331591e-05,3.87786e-06,4.0271694e-05,3.9046998e-05,1.3577401e-05
4885,201_00542,201,542,0,N,0,N,0,N,0.99979264,0.99979264,2.7328283e-06,1.2764665e-05,8.777332e-05,2.962361e-06,4.170841e-05,4.119828e-05,1.81682e-05
4886,201_00543,201,543,0,N,0,N,0,N,0.999647,0.999647,2.7397573e-06,2.1308955e-05,0.000117955584,4.609233e-06,0.000107681306,8.39982e-05,1.4563494e-05
4887,201_00544,201,544,0,N,0,N,0,N,0.99963355,0.99963355,3.0381145e-06,3.2579308e-05,0.0001191071,3.6789454e-06,9.381906e-05,9.5137584e-05,1.9014982e-05
4888,201_00545,201,545,0,N,0,N,0,N,0.9998188,0.9998188,2.2663603e-06,9.38645e-06,7.37289e-05,3.9399724e-06,4.134436e-05,4.086284e-05,9.681887e-06
4889,201_00546,201,546,0,N,0,N,0,N,0.9998802,0.9998802,3.818677e-06,4.4230565e-06,6.294808e-05,5.7502043e-06,1.9452022e-05,1.538959e-05,8.120711e-06
4890,201_00547,201,547,0,N,0,N,0,N,0.99988186,0.99988186,3.2515675e-06,4.696322e-06,6.470755e-05,3.4474754e-06,2.0378151e-05,1.1707759e-05,1.0004096e-05
4891,201_00548,201,548,0,N,0,N,0,N,0.9998521,0.9998521,4.091382e-06,5.858874e-06,8.3414576e-05,2.8535906e-06,2.5000567e-05,1.002504e-05,1.6732707e-05
4892,201_00549,201,549,0,N,0,N,0,N,0.99985176,0.99985176,1.7913013e-06,8.746761e-06,6.50018e-05,2.2029728e-06,3.4979636e-05,2.600852e-05,9.514587e-06
4893,201_00550,201,550,7,NESC,0,N,0,N,0.9998703,0.9998703,2.7710937e-06,5.658565e-06,6.619361e-05,3.2641533e-06,2.0895393e-05,1.9176445e-05,1.1725099e-05
4894,201_00551,201,551,7,NESC,7,NESC,0,N,0.9998205,0.9998205,1.436275e-05,6.8280438e-06,9.766177e-05,1.3689841e-05,1.9284367e-05,1.7069044e-05,1.0587288e-05
4895,201_00552,201,552,0,N,7,NESC,0,N,0.99962306,0.99962306,6.250311e-05,1.6184365e-05,0.00019416415,2.3626777e-05,3.121704e-05,2.8679857e-05,2.0627087e-05
4896,201_00553,201,553,7,NESC,0,N,0,N,0.99982,0.99982,1.3390972e-05,8.296829e-06,9.701257e-05,1.045147e-05,1.9934154e-05,1.9048333e-05,1.1729754e-05
4897,201_00554,201,554,0,N,7,NESC,0,N,0.9998808,0.9998808,4.2207334e-06,5.4032057e-06,6.0841227e-05,5.960726e-06,1.6913586e-05,1.8868684e-05,6.988655e-06
4898,201_00555,201,555,0,N,0,N,0,N,0.999849,0.999849,2.8965985e-06,5.080398e-06,6.7489804e-05,7.3712454e-06,2.6373365e-05,3.3506363e-05,8.275622e-06
4899,201_00556,201,556,0,N,0,N,0,N,0.9998358,0.9998358,3.438671e-06,6.7710134e-06,7.200887e-05,6.503384e-06,2.6686284e-05,3.8305163e-05,1.0448566e-05
4900,201_00557,201,557,5,ABERR,0,N,0,N,0.99988794,0.99988794,2.187708e-06,4.159855e-06,5.5516808e-05,4.0961595e-06,2.0718819e-05,1.8586936e-05,6.859795e-06
4901,201_00558,201,558,0,N,5,ABERR,0,N,0.9993384,0.9993384,9.0830916e-05,1.3807364e-05,0.0003144952,3.445863e-05,0.00017583431,1.1136135e-05,2.1125295e-05
4902,201_00559,201,559,0,N,0,N,0,N,0.99721414,0.99721414,0.0013158468,2.5180887e-05,0.0009778199,0.00012322338,0.00026887265,1.943458e-05,5.5476754e-05
4903,201_00560,201,560,0,N,0,N,0,N,0.9916655,0.9916655,0.0055011227,3.6070895e-05,0.0022296137,0.00018242649,0.00023250518,2.7417433e-05,0.00012550897
4904,201_00561,201,561,0,N,0,N,0,N,0.9998882,0.9998882,2.3702844e-06,4.413754e-06,5.529616e-05,4.1262833e-06,1.9777073e-05,1.8887891e-05,6.8761715e-06
4905,201_00562,201,562,0,N,0,N,0,N,0.99984056,0.99984056,2.1053377e-06,5.8141995e-06,7.1802184e-05,4.2387073e-06,3.6607205e-05,2.9932091e-05,8.84882e-06
4906,201_00563,201,563,0,N,0,N,0,N,0.9998397,0.9998397,2.9950438e-06,5.7954835e-06,7.5078526e-05,5.2794553e-06,2.8152273e-05,3.102698e-05,1.2079574e-05
4907,201_00564,201,564,0,N,0,N,0,N,0.9998125,0.9998125,2.8275156e-06,6.252386e-06,8.283979e-05,6.4889714e-06,3.789825e-05,3.9619197e-05,1.1599193e-05
4908,201_00565,201,565,0,N,0,N,0,N,0.9997739,0.9997739,3.2991072e-06,7.899571e-06,9.738128e-05,6.941361e-06,4.5582878e-05,4.9237886e-05,1.5838978e-05
4909,201_00566,201,566,0,N,0,N,0,N,0.99979,0.99979,2.32971e-06,8.893227e-06,9.398106e-05,3.4485004e-06,4.930216e-05,3.62903e-05,1.5744112e-05
4910,201_00567,201,567,0,N,0,N,0,N,0.9998088,0.9998088,2.1464211e-06,9.042702e-06,9.150521e-05,2.353815e-06,4.0550392e-05,2.7670112e-05,1.796157e-05
4911,201_00568,201,568,0,N,0,N,0,N,0.9998274,0.9998274,1.8914255e-06,7.828796e-06,8.630154e-05,2.0099915e-06,3.5775272e-05,2.1458296e-05,1.7292074e-05
4912,201_00569,201,569,0,N,0,N,0,N,0.9998205,0.9998205,1.98564e-06,7.011691e-06,9.05707e-05,2.3861724e-06,3.715008e-05,2.192662e-05,1.8506726e-05
4913,201_00570,201,570,0,N,0,N,0,N,0.99978596,0.99978596,1.7884148e-06,7.957776e-06,9.994598e-05,2.6750806e-06,5.7265883e-05,2.79561e-05,1.6550288e-05
4914,201_00571,201,571,0,N,0,N,0,N,0.999832,0.999832,1.7537322e-06,6.4067854e-06,8.4173815e-05,2.312246e-06,3.7614926e-05,2.0228743e-05,1.5658312e-05
4915,201_00572,201,572,0,N,0,N,0,N,0.9998044,0.9998044,1.6773504e-06,6.918705e-06,9.222627e-05,2.6094203e-06,5.2945634e-05,2.4779389e-05,1.4451083e-05
4916,201_00573,201,573,0,N,0,N,0,N,0.9998527,0.9998527,1.7145334e-06,5.678088e-06,7.543067e-05,2.1422086e-06,3.122374e-05,1.7691198e-05,1.3520866e-05
4917,201_00574,201,574,0,N,0,N,0,N,0.99982584,0.99982584,1.6578475e-06,5.5713917e-06,8.333836e-05,2.9312198e-06,4.5189794e-05,2.3037654e-05,1.2336142e-05
4918,201_00575,201,575,0,N,0,N,0,N,0.9998391,0.9998391,1.8256471e-06,5.3578215e-06,8.018616e-05,2.8395891e-06,3.5672634e-05,2.0597357e-05,1.4309751e-05
4919,201_00576,201,576,0,N,0,N,0,N,0.9998458,0.9998458,1.5604527e-06,4.014347e-06,7.3357616e-05,3.984087e-06,4.0912182e-05,2.195804e-05,8.539684e-06
4920,201_00577,201,577,0,N,0,N,0,N,0.99988353,0.99988353,1.5716383e-06,3.8173353e-06,6.0999304e-05,2.3919733e-06,2.4697332e-05,1.3801003e-05,9.202572e-06
4921,201_00578,201,578,0,N,0,N,0,N,0.9998537,0.9998537,1.7870186e-06,4.557332e-06,6.920884e-05,3.8860812e-06,3.478168e-05,2.3683442e-05,8.430268e-06
4922,201_00579,201,579,0,N,0,N,0,N,0.99987257,0.99987257,2.074983e-06,4.342676e-06,6.46766e-05,3.3602594e-06,2.4376555e-05,1.8954684e-05,9.703224e-06
4923,201_00580,201,580,0,N,0,N,0,N,0.9998376,0.9998376,1.8070579e-06,5.2627242e-06,7.477867e-05,3.7831546e-06,4.1198837e-05,2.6289466e-05,9.296115e-06
4924,201_00581,201,581,0,N,0,N,0,N,0.9998478,0.9998478,1.7792706e-06,6.0477464e-06,7.491085e-05,2.3400166e-06,3.412364e-05,2.0259085e-05,1.2778769e-05
4925,201_00582,201,582,0,N,0,N,0,N,0.9998581,0.9998581,1.6924309e-06,4.75343e-06,7.09818e-05,2.7322542e-06,3.1635773e-05,1.8871351e-05,1.1295475e-05
4926,201_00583,201,583,0,N,0,N,0,N,0.9998514,0.9998514,2.0334987e-06,5.826708e-06,7.83246e-05,2.1596827e-06,2.6902602e-05,1.717373e-05,1.6227277e-05
4927,201_00584,201,584,0,N,0,N,0,N,0.9998212,0.9998212,1.9598165e-06,5.5785063e-06,8.6912034e-05,3.4146606e-06,4.1389747e-05,2.4401026e-05,1.5018206e-05
4928,201_00585,201,585,0,N,0,N,0,N,0.9997591,0.9997591,2.267535e-06,9.891065e-06,0.0001193348,2.3506473e-06,5.0940514e-05,2.5896e-05,3.021541e-05
4929,201_00586,201,586,5,ABERR,0,N,0,N,0.9997524,0.9997524,2.0133687e-06,9.964764e-06,0.00011971974,2.3498383e-06,5.9523296e-05,2.6604299e-05,2.7480579e-05
4930,201_00587,201,587,0,N,5,ABERR,0,N,0.99949056,0.99949056,1.1836704e-05,1.388152e-05,0.0002649226,1.112419e-05,0.00013305643,1.798171e-05,5.6759156e-05
4931,201_00588,201,588,5,ABERR,0,N,0,N,0.9986289,0.9986289,0.00011187099,2.6179101e-05,0.0007277988,5.295793e-05,0.00020647343,4.3635726e-05,0.00020218098
4932,201_00589,201,589,0,N,5,ABERR,0,N,0.72207266,0.72207266,0.25974604,0.00010038206,0.01448316,0.0018424575,0.0011343898,0.00012843765,0.00049238186
4933,201_00590,201,590,0,N,0,N,0,N,0.9999248,0.9999248,1.7970308e-06,3.5122705e-06,4.1197596e-05,1.7418383e-06,1.9978515e-05,3.2452663e-06,3.6368176e-06
4934,201_00591,201,591,0,N,0,N,0,N,0.9999147,0.9999147,2.4508765e-06,4.0239297e-06,4.975963e-05,1.6910537e-06,1.8581797e-05,3.750536e-06,5.20348e-06
4935,201_00592,201,592,0,N,0,N,0,N,0.9998313,0.9998313,1.9996842e-06,8.373983e-06,8.4832966e-05,1.938848e-06,3.169777e-05,2.2137412e-05,1.7621767e-05
4936,201_00593,201,593,0,N,0,N,0,N,0.999849,0.999849,2.0698865e-06,6.009481e-06,7.582946e-05,2.5664106e-06,2.9080895e-05,2.1166792e-05,1.4317046e-05
4937,201_00594,201,594,5,ABERR,0,N,0,N,0.9998452,0.9998452,2.142221e-06,5.6962804e-06,8.03035e-05,2.5379022e-06,2.8760518e-05,1.813685e-05,1.731474e-05
4938,201_00595,201,595,0,N,5,ABERR,0,N,0.99992126,0.99992126,3.4619597e-06,2.46018e-06,4.5877758e-05,3.985482e-06,1.759341e-05,2.8720672e-06,2.4979856e-06
4939,201_00596,201,596,0,N,0,N,0,N,0.9999348,0.9999348,1.4567845e-06,2.3985995e-06,3.4921974e-05,2.9844564e-06,1.733394e-05,3.6803556e-06,2.4032408e-06
4940,201_00597,201,597,0,N,0,N,0,N,0.9998889,0.9998889,4.85329e-06,4.2479082e-06,6.193666e-05,3.6191766e-06,2.8767043e-05,3.3357799e-06,4.4086582e-06
4941,201_00598,201,598,0,N,0,N,0,N,0.999881,0.999881,1.6922131e-06,5.0510134e-06,6.474929e-05,1.7085606e-06,2.27237e-05,1.1340907e-05,1.1743545e-05
4942,201_00599,201,599,0,N,0,N,0,N,0.9998653,0.9998653,1.7281409e-06,5.8234446e-06,7.108026e-05,1.8304753e-06,2.6217662e-05,1.4335901e-05,1.3744968e-05
4943,201_00600,201,600,0,N,0,N,0,N,0.9998557,0.9998557,1.7268525e-06,5.669248e-06,7.475914e-05,2.1123324e-06,2.9022824e-05,1.6813421e-05,1.4149168e-05
4944,201_00601,201,601,5,ABERR,0,N,0,N,0.9998716,0.9998716,1.6834666e-06,5.0294702e-06,6.764165e-05,2.0319926e-06,2.5567859e-05,1.4297217e-05,1.2109152e-05
4945,201_00602,201,602,0,N,5,ABERR,0,N,0.99922174,0.99922174,0.00014360962,1.3832809e-05,0.00039290427,4.3017524e-05,0.00013888744,1.294243e-05,3.3046123e-05
4946,201_00603,201,603,0,N,0,N,0,N,0.9983781,0.9983781,0.00053052465,2.4163375e-05,0.00074498495,6.685402e-05,0.0001696456,1.8706603e-05,6.704065e-05
4947,201_00604,201,604,0,N,0,N,0,N,0.9950105,0.9950105,0.002550587,5.529723e-05,0.0018705787,0.00010686994,0.00017693678,3.5107285e-05,0.0001941083
4948,201_00605,201,605,0,N,0,N,0,N,0.99987066,0.99987066,1.9028371e-06,6.135233e-06,6.5179134e-05,1.9851434e-06,2.503787e-05,1.8138662e-05,1.088965e-05
4949,201_00606,201,606,0,N,0,N,0,N,0.99987316,0.99987316,2.083066e-06,5.247075e-06,6.5543514e-05,2.3722614e-06,2.3118419e-05,1.7034166e-05,1.149996e-05
4950,201_00607,201,607,0,N,0,N,0,N,0.99985546,0.99985546,2.1018425e-06,6.257899e-06,7.237007e-05,2.3591253e-06,2.7550645e-05,2.0652711e-05,1.3237489e-05
4951,201_00608,201,608,0,N,0,N,0,N,0.9998333,0.9998333,2.1645224e-06,8.514408e-06,8.187661e-05,2.0721468e-06,3.1646847e-05,2.373322e-05,1.6755595e-05
4952,201_00609,201,609,0,N,0,N,0,N,0.99980986,0.99980986,2.1928445e-06,9.4705365e-06,9.432944e-05,2.037483e-06,3.6210295e-05,2.479548e-05,2.1100039e-05
4953,201_00610,201,610,0,N,0,N,0,N,0.9997794,0.9997794,2.293676e-06,9.9975405e-06,0.00010257749,2.8508805e-06,4.7487545e-05,3.3866007e-05,2.1504711e-05
4954,201_00611,201,611,0,N,0,N,0,N,0.9997949,0.9997949,2.3400623e-06,9.820343e-06,0.00010197347,2.2078277e-06,3.7506074e-05,2.5662068e-05,2.5582069e-05
4955,201_00612,201,612,0,N,0,N,0,N,0.9998219,0.9998219,2.265237e-06,8.301135e-06,8.9008296e-05,2.237126e-06,3.2498305e-05,2.3379473e-05,2.0278218e-05
4956,201_00613,201,613,0,N,0,N,0,N,0.99982846,0.99982846,2.378208e-06,8.749593e-06,9.05456e-05,1.7274675e-06,2.6165193e-05,1.8869316e-05,2.3184259e-05
4957,201_00614,201,614,0,N,0,N,0,N,0.99984473,0.99984473,2.356658e-06,6.7944316e-06,8.168616e-05,2.123515e-06,2.5252442e-05,1.8666831e-05,1.834878e-05
4958,201_00615,201,615,5,ABERR,0,N,0,N,0.9997524,0.9997524,2.6506352e-06,1.1959416e-05,0.00011946507,2.4129108e-06,4.7317644e-05,3.233267e-05,3.152708e-05
4959,201_00616,201,616,0,N,5,ABERR,0,N,0.9999022,0.9999022,3.817381e-06,3.4920351e-06,5.5144475e-05,3.6199049e-06,2.391741e-05,3.6469603e-06,4.191413e-06
4960,201_00617,201,617,0,N,0,N,0,N,0.99989647,0.99989647,3.499416e-06,4.2025204e-06,5.9900452e-05,2.8543975e-06,2.2880644e-05,4.0537107e-06,6.1650458e-06
4961,201_00618,201,618,0,N,0,N,0,N,0.999866,0.999866,5.205649e-06,4.7244757e-06,7.796661e-05,3.967836e-06,2.5850852e-05,6.159475e-06,1.00780735e-05
4962,201_00619,201,619,0,N,0,N,0,N,0.9998236,0.9998236,2.2876345e-06,7.2651865e-06,8.690337e-05,2.7740314e-06,3.3458287e-05,2.5801874e-05,1.795067e-05
4963,201_00620,201,620,0,N,0,N,0,N,0.99983025,0.99983025,1.9665858e-06,6.6724315e-06,8.200709e-05,2.7944582e-06,3.6701418e-05,2.5291482e-05,1.4354811e-05
4964,201_00621,201,621,0,N,0,N,0,N,0.99982846,0.99982846,2.1632736e-06,6.567677e-06,8.067937e-05,3.4387967e-06,3.7339913e-05,2.8507011e-05,1.289065e-05
4965,201_00622,201,622,5,ABERR,0,N,0,N,0.9998641,0.9998641,1.952152e-06,6.070867e-06,6.907031e-05,2.0769412e-06,2.627668e-05,1.7931772e-05,1.2514646e-05
4966,201_00623,201,623,5,ABERR,5,ABERR,0,N,0.9996389,0.9996389,1.7671551e-05,8.273213e-06,0.00020077678,1.6653736e-05,6.524008e-05,1.627554e-05,3.6156176e-05
4967,201_00624,201,624,0,N,5,ABERR,0,N,0.97232217,0.97232217,0.018124722,6.24025e-05,0.0064638443,0.0012796624,0.0010244951,0.000114886476,0.00060786796
4968,201_00625,201,625,5,ABERR,0,N,1,LBBB,0.99403983,0.00016863225,0.99403983,5.3275355e-05,0.0051924684,0.0002949301,8.240014e-05,5.2106487e-05,0.00011630106
4969,201_00626,201,626,5,ABERR,5,ABERR,1,LBBB,0.9930954,0.0008723934,0.9930954,5.2117684e-05,0.0052801254,0.00036273332,0.00019951523,4.6784153e-05,9.105041e-05
4970,201_00627,201,627,0,N,5,ABERR,0,N,0.5611595,0.5611595,0.4189578,0.00015620039,0.015180478,0.002320056,0.0016930953,0.00015392517,0.00037890818
4971,201_00628,201,628,0,N,0,N,1,LBBB,0.92046946,0.061810892,0.92046946,0.00015644278,0.014682374,0.0013752381,0.0009189139,0.00015291908,0.00043376582
4972,201_00629,201,629,0,N,0,N,0,N,0.9577513,0.9577513,0.033845115,0.00010359325,0.006775491,0.0005264242,0.00054200256,7.285186e-05,0.0003831838
4973,201_00630,201,630,0,N,0,N,0,N,0.9997442,0.9997442,1.4417411e-05,1.2778162e-05,0.00013034968,7.833656e-06,2.4251258e-05,3.4359386e-05,3.1943717e-05
4974,201_00631,201,631,0,N,0,N,0,N,0.99969923,0.99969923,2.4343619e-05,9.721204e-06,0.0001807806,8.160182e-06,2.630963e-05,1.3103448e-05,3.8483766e-05
4975,201_00632,201,632,0,N,0,N,0,N,0.9995154,0.9995154,3.1761483e-05,1.5612684e-05,0.00021561526,2.7357664e-05,3.6833848e-05,8.609124e-05,7.125068e-05
4976,201_00633,201,633,0,N,0,N,0,N,0.9988758,0.9988758,0.00020731124,3.5694626e-05,0.0004849171,7.1294715e-05,5.602613e-05,0.00013323977,0.00013557696
4977,201_00634,201,634,5,ABERR,0,N,0,N,0.9984912,0.9984912,0.00036357832,6.399674e-05,0.0005968464,8.140219e-05,7.593396e-05,0.00017692309,0.00015015452
4978,201_00635,201,635,0,N,5,ABERR,0,N,0.9534669,0.9534669,0.03939192,8.760132e-05,0.005566301,0.0005796367,0.00062045426,6.5196255e-05,0.0002220639
4979,201_00636,201,636,0,N,0,N,1,LBBB,0.7074576,0.26191553,0.7074576,0.00035644835,0.025943477,0.0019041706,0.0012629041,0.00027759856,0.00088222866
4980,201_00637,201,637,0,N,0,N,1,LBBB,0.52735275,0.42112708,0.52735275,0.0007825518,0.043647174,0.0016849565,0.0011123804,0.00054063625,0.0037523836
4981,201_00638,201,638,0,N,0,N,0,N,0.99942404,0.99942404,4.3624637e-05,3.022338e-05,0.00022955368,2.4635256e-05,4.252472e-05,0.00012731364,7.803686e-05
4982,201_00639,201,639,0,N,0,N,0,N,0.9992859,0.9992859,7.647117e-05,3.0133155e-05,0.00031692156,3.2633674e-05,4.3026113e-05,0.00010423353,0.000110769615
4983,201_00640,201,640,0,N,0,N,0,N,0.9987912,0.9987912,0.00012266761,6.0179373e-05,0.00041817568,4.848936e-05,7.1980576e-05,0.0002795324,0.00020774451
4984,201_00641,201,641,0,N,0,N,0,N,0.999573,0.999573,1.5426014e-05,2.0694602e-05,0.00015573855,1.4771624e-05,4.508338e-05,0.00012541865,4.986417e-05
4985,201_00642,201,642,0,N,0,N,0,N,0.999726,0.999726,1.3629616e-05,1.1742395e-05,0.0001180528,1.5758276e-05,2.8569786e-05,6.332599e-05,2.2908398e-05
4986,201_00643,201,643,0,N,0,N,0,N,0.9996922,0.9996922,1.433599e-05,1.3666276e-05,0.000116907395,2.1808966e-05,3.2835756e-05,8.885953e-05,1.9443709e-05
4987,201_00644,201,644,0,N,0,N,0,N,0.9994433,0.9994433,4.0731687e-05,2.5402169e-05,0.00020551372,3.3972705e-05,4.55067e-05,0.00014974701,5.5899247e-05
4988,201_00645,201,645,0,N,0,N,0,N,0.99958587,0.99958587,2.9040017e-05,1.6957705e-05,0.00017347012,2.5483567e-05,3.7109712e-05,9.034821e-05,4.165443e-05
4989,201_00646,201,646,0,N,0,N,0,N,0.99904054,0.99904054,8.091085e-05,3.6589183e-05,0.0003037833,7.3002884e-05,6.319054e-05,0.00029156965,0.0001104014
4990,201_00647,201,647,0,N,0,N,0,N,0.9994069,0.9994069,3.4224984e-05,2.613369e-05,0.00021034275,3.0338026e-05,4.9661987e-05,0.00016802932,7.434195e-05
4991,201_00648,201,648,0,N,0,N,0,N,0.99973446,0.99973446,8.152527e-06,1.348045e-05,0.00012408716,4.8568927e-06,2.9244397e-05,4.2397514e-05,4.3231586e-05
4992,201_00649,201,649,0,N,0,N,0,N,0.99974275,0.99974275,5.3894814e-06,1.125071e-05,0.00011502809,5.3113986e-06,3.446705e-05,4.9746042e-05,3.615566e-05
4993,201_00650,201,650,0,N,0,N,0,N,0.9996559,0.9996559,1.650158e-05,1.3359859e-05,0.000140361,2.3587569e-05,3.0184385e-05,8.817146e-05,3.195689e-05
4994,201_00651,201,651,0,N,0,N,0,N,0.99473864,0.99473864,0.0002788882,0.00017386096,0.00070070644,0.0004502747,0.0001916206,0.003114815,0.000351182
4995,201_00652,201,652,0,N,0,N,0,N,0.9977988,0.9977988,0.000119999335,9.031415e-05,0.00041700268,0.00015415436,0.0001069851,0.0011225076,0.00019026376
4996,201_00653,201,653,0,N,0,N,0,N,0.99964887,0.99964887,1.4938673e-05,1.2663919e-05,0.00013403596,2.499713e-05,3.3960743e-05,0.000101469974,2.9159239e-05
4997,201_00654,201,654,0,N,0,N,0,N,0.99945176,0.99945176,4.5229703e-05,2.0173107e-05,0.00020522736,4.9314724e-05,4.464976e-05,0.000137346,4.6393703e-05
4998,201_00655,201,655,0,N,0,N,0,N,0.9995293,0.9995293,4.4157627e-05,1.8743185e-05,0.00020663318,3.2962955e-05,3.6452962e-05,8.54928e-05,4.6120167e-05
4999,201_00656,201,656,0,N,0,N,0,N,0.9995645,0.9995645,2.6652953e-05,1.803257e-05,0.00017776153,2.2770057e-05,3.8144273e-05,0.0001009313,5.119566e-05
5000,201_00657,201,657,0,N,0,N,0,N,0.99974847,0.99974847,6.3878447e-06,1.3121714e-05,9.764328e-05,8.438544e-06,3.2306994e-05,7.345254e-05,2.0183139e-05
5001,201_00658,201,658,0,N,0,N,0,N,0.9998143,0.9998143,5.1929637e-06,1.1604293e-05,7.850558e-05,5.680551e-06,2.4857882e-05,4.6141766e-05,1.3714532e-05
5002,201_00659,201,659,0,N,0,N,0,N,0.99985427,0.99985427,5.365916e-06,9.259807e-06,7.566869e-05,3.6979172e-06,1.8382443e-05,1.974885e-05,1.3639466e-05
5003,201_00660,201,660,0,N,0,N,0,N,0.99974525,0.99974525,6.8668405e-06,1.4111828e-05,0.0001029949,7.1392406e-06,3.0411022e-05,6.810625e-05,2.5109619e-05
5004,201_00661,201,661,0,N,0,N,0,N,0.99965197,0.99965197,1.2236765e-05,1.1567618e-05,0.00013839906,1.843342e-05,3.6590074e-05,9.162532e-05,3.915996e-05
5005,201_00662,201,662,0,N,0,N,0,N,0.9987931,0.9987931,2.6870974e-05,3.824289e-05,0.00027656468,8.161424e-05,0.00013501535,0.00057916646,6.9426074e-05
5006,201_00663,201,663,0,N,0,N,0,N,0.9995889,0.9995889,2.6117868e-05,1.5570206e-05,0.00017038739,2.5047366e-05,3.873955e-05,9.1570364e-05,4.3697462e-05
5007,201_00664,201,664,0,N,0,N,0,N,0.9996817,0.9996817,1.6031281e-05,1.3541818e-05,0.00014573592,1.2036419e-05,3.0763847e-05,5.8577945e-05,4.160943e-05
5008,201_00665,201,665,0,N,0,N,0,N,0.9998863,0.9998863,4.285552e-06,4.939504e-06,6.820732e-05,2.9339728e-06,1.6526445e-05,6.951157e-06,9.740574e-06
5009,201_00666,201,666,0,N,0,N,0,N,0.9997531,0.9997531,1.0559955e-05,8.512841e-06,0.0001258141,8.856826e-06,2.5145715e-05,3.448069e-05,3.360379e-05
5010,201_00667,201,667,0,N,0,N,0,N,0.9995883,0.9995883,4.260271e-05,1.3934557e-05,0.0002133183,2.4085299e-05,3.1540938e-05,4.206359e-05,4.4180746e-05
5011,201_00668,201,668,5,ABERR,0,N,0,N,0.9997379,0.9997379,1.1294118e-05,9.716075e-06,0.000114608156,1.4212479e-05,3.0146499e-05,5.847329e-05,2.3616358e-05
5012,201_00669,201,669,5,ABERR,5,ABERR,0,N,0.9996031,0.9996031,9.901843e-05,9.721652e-06,0.00020087742,1.47312985e-05,5.6481287e-05,5.634939e-06,1.0361936e-05
5013,201_00670,201,670,0,N,5,ABERR,0,N,0.9968501,0.9968501,0.0013753887,3.2338176e-05,0.0010040123,0.0001714552,0.00049332407,2.4588755e-05,4.88893e-05
5014,201_00671,201,671,0,N,0,N,0,N,0.92665035,0.92665035,0.06329423,0.00012747847,0.0070658857,0.0011182702,0.0012897193,0.00010806171,0.00034600246
5015,201_00672,201,672,0,N,0,N,0,N,0.72878605,0.72878605,0.24439938,0.00033666086,0.022622813,0.0014030586,0.0009743742,0.00024327921,0.001234289
5016,201_00673,201,673,0,N,0,N,0,N,0.99962866,0.99962866,1.0591538e-05,1.6273234e-05,0.00012784761,1.7081971e-05,4.15881e-05,0.00012766778,3.0259362e-05
5017,201_00674,201,674,0,N,0,N,0,N,0.99962485,0.99962485,1.6318581e-05,1.5103163e-05,0.0001379094,2.5270374e-05,3.559832e-05,0.00011444175,3.0496865e-05
5018,201_00675,201,675,5,ABERR,0,N,0,N,0.99969375,0.99969375,4.5395873e-06,1.337662e-05,0.0001116583,9.681026e-06,5.877871e-05,9.07335e-05,1.7519313e-05
5019,201_00676,201,676,0,N,5,ABERR,0,N,0.99983084,0.99983084,1.6447637e-05,6.3018224e-06,9.991378e-05,5.9389236e-06,2.8626131e-05,4.7213593e-06,7.1377954e-06
5020,201_00677,201,677,0,N,0,N,0,N,0.9997795,0.9997795,3.0061594e-05,7.75434e-06,0.00013028135,7.422905e-06,3.048713e-05,5.5415867e-06,9.003027e-06
5021,201_00678,201,678,0,N,0,N,0,N,0.9927714,0.9927714,0.0048251795,4.997531e-05,0.0018579152,0.00013594962,0.0002003423,3.0237099e-05,0.00012902594
5022,201_00679,201,679,0,N,0,N,0,N,0.99986804,0.99986804,4.801737e-06,6.0390853e-06,7.752775e-05,2.8693983e-06,1.8612995e-05,8.77332e-06,1.3325814e-05
5023,201_00680,201,680,0,N,0,N,0,N,0.99983805,0.99983805,6.297206e-06,5.6614326e-06,9.320777e-05,4.7414005e-06,1.9535451e-05,1.3931805e-05,1.8554998e-05
5024,201_00681,201,681,0,N,0,N,0,N,0.9998729,0.9998729,6.7042265e-06,4.7128847e-06,7.790954e-05,4.63361e-06,1.5950876e-05,7.364325e-06,9.757746e-06
5025,201_00682,201,682,0,N,0,N,0,N,0.99982774,0.99982774,6.3538823e-06,7.921293e-06,8.81777e-05,5.305466e-06,2.1996775e-05,2.4721592e-05,1.7721202e-05
5026,201_00683,201,683,0,N,0,N,0,N,0.9998827,0.9998827,4.43692e-06,6.1294527e-06,6.927887e-05,2.7099134e-06,1.6562453e-05,7.814035e-06,1.03134835e-05
5027,201_00684,201,684,7,NESC,0,N,0,N,0.99984187,0.99984187,4.0641225e-06,7.31392e-06,8.167494e-05,3.3699923e-06,2.087046e-05,2.2729182e-05,1.818161e-05
5028,201_00685,201,685,0,N,7,NESC,0,N,0.99990755,0.99990755,3.670228e-06,4.167509e-06,5.3046224e-05,4.2245597e-06,1.3507314e-05,8.679525e-06,5.2377163e-06
5029,201_00686,201,686,7,NESC,0,N,0,N,0.99986887,0.99986887,2.87942e-06,6.0972616e-06,6.203846e-05,4.1727844e-06,2.151712e-05,2.5642878e-05,8.767422e-06
5030,201_00687,201,687,3,APC,7,NESC,0,N,0.99986684,0.99986684,9.138367e-06,5.5692985e-06,7.485736e-05,8.600287e-06,1.6099984e-05,1.1762993e-05,7.073378e-06
5031,201_00688,201,688,7,NESC,3,APC,0,N,0.99987924,0.99987924,3.5969788e-06,4.034823e-06,6.1752224e-05,7.194434e-06,1.7565077e-05,1.9380066e-05,7.2290495e-06
5032,201_00689,201,689,3,APC,7,NESC,0,N,0.9997944,0.9997944,2.1888776e-05,8.151531e-06,0.00011688256,1.2416853e-05,2.0838823e-05,1.4024e-05,1.1476617e-05
5033,201_00690,201,690,0,N,3,APC,0,N,0.99989337,0.99989337,3.7477637e-06,3.57999e-06,6.309087e-05,4.511858e-06,1.4763469e-05,9.295907e-06,7.707563e-06
5034,201_00691,201,691,0,N,0,N,0,N,0.9998974,0.9998974,2.3554205e-06,4.6269624e-06,5.640478e-05,2.382656e-06,1.6804952e-05,1.1568979e-05,8.45135e-06
5035,201_00692,201,692,6,NPC,0,N,0,N,0.99988556,0.99988556,2.295364e-06,3.7221528e-06,6.3874504e-05,2.8126176e-06,1.86138e-05,1.2530332e-05,1.0636748e-05
5036,201_00693,201,693,0,N,6,NPC,0,N,0.99992526,0.99992526,1.5558467e-06,2.3288142e-06,4.2300144e-05,3.2197643e-06,1.3456984e-05,7.929428e-06,3.8982193e-06
5037,201_00694,201,694,0,N,0,N,0,N,0.9999228,0.9999228,1.3269266e-06,2.4025655e-06,4.296244e-05,2.7088513e-06,1.6096188e-05,7.4403633e-06,4.322676e-06
5038,201_00695,201,695,0,N,0,N,0,N,0.9999041,0.9999041,1.747736e-06,2.945694e-06,5.6565743e-05,2.4761905e-06,1.8230334e-05,6.289537e-06,7.633892e-06
5039,201_00696,201,696,0,N,0,N,0,N,0.999815,0.999815,1.9348931e-06,6.663148e-06,9.467294e-05,2.486367e-06,3.872389e-05,1.8259836e-05,2.222295e-05
5040,201_00697,201,697,0,N,0,N,0,N,0.99986815,0.99986815,1.8226278e-06,5.3263448e-06,7.044383e-05,2.0158825e-06,2.4579587e-05,1.36043855e-05,1.3957599e-05
5041,201_00698,201,698,0,N,0,N,0,N,0.99987006,0.99987006,1.5817698e-06,4.872487e-06,6.808728e-05,2.1059984e-06,2.7453323e-05,1.3700667e-05,1.2081991e-05
5042,201_00699,201,699,0,N,0,N,0,N,0.99987686,0.99987686,1.5031286e-06,5.0013336e-06,6.360199e-05,1.9304969e-06,2.6995474e-05,1.3701088e-05,1.0384731e-05
5043,201_00700,201,700,0,N,0,N,0,N,0.99989456,0.99989456,1.4250791e-06,3.947658e-06,5.7496094e-05,1.7750726e-06,2.2955346e-05,8.7429235e-06,9.12849e-06
5044,201_00701,201,701,0,N,0,N,0,N,0.9998914,0.9998914,1.7059813e-06,4.5925435e-06,6.0742328e-05,1.6247569e-06,2.0958201e-05,8.449204e-06,1.0452317e-05
5045,201_00702,201,702,0,N,0,N,0,N,0.9998973,0.9998973,1.5556e-06,4.3163413e-06,5.802645e-05,1.4830026e-06,2.0901756e-05,7.092013e-06,9.434764e-06
5046,201_00703,201,703,0,N,0,N,0,N,0.9998795,0.9998795,1.6852981e-06,5.3990784e-06,6.545998e-05,1.5951975e-06,2.2832995e-05,1.145723e-05,1.2063614e-05
5047,201_00704,201,704,0,N,0,N,0,N,0.9998683,0.9998683,1.8738393e-06,5.1929574e-06,7.198697e-05,1.8814621e-06,2.444114e-05,1.16508945e-05,1.4570565e-05
5048,201_00705,201,705,0,N,0,N,0,N,0.9998783,0.9998783,1.8351415e-06,5.1668617e-06,6.6098124e-05,1.7976002e-06,2.2138684e-05,1.2419268e-05,1.2223845e-05
5049,201_00706,201,706,0,N,0,N,0,N,0.9998864,0.9998864,2.2387728e-06,3.7468515e-06,6.150453e-05,3.2229261e-06,1.9220843e-05,1.4059454e-05,9.626809e-06
5050,201_00707,201,707,0,N,0,N,0,N,0.9998727,0.9998727,1.9080107e-06,5.008167e-06,6.330763e-05,2.6367688e-06,2.616151e-05,1.8653118e-05,9.683092e-06
5051,201_00708,201,708,0,N,0,N,0,N,0.9998642,0.9998642,2.3034372e-06,6.287583e-06,6.89362e-05,2.2845247e-06,2.4493285e-05,1.8359324e-05,1.3077532e-05
5052,201_00709,201,709,0,N,0,N,0,N,0.99988437,0.99988437,1.7914588e-06,5.403751e-06,6.294277e-05,1.6102516e-06,2.0734282e-05,1.1805737e-05,1.1215075e-05
5053,201_00710,201,710,0,N,0,N,0,N,0.9998733,0.9998733,1.9181066e-06,5.6333615e-06,6.668453e-05,1.8798144e-06,2.312766e-05,1.5494677e-05,1.1958649e-05
5054,201_00711,201,711,0,N,0,N,0,N,0.9998426,0.9998426,1.9195152e-06,6.4203828e-06,7.835133e-05,2.3836208e-06,3.268095e-05,2.1837848e-05,1.3852404e-05
5055,201_00712,201,712,0,N,0,N,0,N,0.999852,0.999852,2.098967e-06,6.213834e-06,7.6129814e-05,2.2209247e-06,2.7059035e-05,1.9377469e-05,1.4806921e-05
5056,201_00713,201,713,0,N,0,N,0,N,0.9998494,0.9998494,2.1583649e-06,6.2841805e-06,7.888231e-05,2.1738497e-06,2.6155662e-05,1.854829e-05,1.6443377e-05
5057,201_00714,201,714,0,N,0,N,0,N,0.9998397,0.9998397,2.1183628e-06,6.635461e-06,8.107843e-05,2.4157396e-06,3.0346246e-05,2.1860582e-05,1.5937238e-05
5058,201_00715,201,715,0,N,0,N,0,N,0.99982154,0.99982154,1.996574e-06,7.722173e-06,8.701374e-05,2.4003323e-06,3.7877642e-05,2.51078e-05,1.628238e-05
5059,201_00716,201,716,0,N,0,N,0,N,0.999849,0.999849,2.2617173e-06,6.1415512e-06,7.767066e-05,2.4472681e-06,2.6480528e-05,2.009762e-05,1.5828706e-05
5060,201_00717,201,717,0,N,0,N,0,N,0.9998715,0.9998715,2.135088e-06,4.9502014e-06,6.821802e-05,2.3536372e-06,2.2381026e-05,1.5967198e-05,1.2427548e-05
5061,201_00718,201,718,0,N,0,N,0,N,0.9998506,0.9998506,2.398736e-06,6.655097e-06,7.908307e-05,2.063689e-06,2.4298592e-05,1.7364095e-05,1.763125e-05
5062,201_00719,201,719,0,N,0,N,0,N,0.9998508,0.9998508,2.0194168e-06,7.4628015e-06,7.6115786e-05,1.8272204e-06,2.7687536e-05,1.9139075e-05,1.50803935e-05
5063,201_00720,201,720,0,N,0,N,0,N,0.9998678,0.9998678,2.099254e-06,6.5679096e-06,7.07795e-05,1.6695344e-06,2.1875816e-05,1.4968058e-05,1.4192328e-05
5064,201_00721,201,721,0,N,0,N,0,N,0.99987054,0.99987054,2.021796e-06,5.6247995e-06,6.851729e-05,1.9547056e-06,2.2975142e-05,1.5754093e-05,1.2587959e-05
5065,201_00722,201,722,0,N,0,N,0,N,0.9998659,0.9998659,1.9442423e-06,5.5499304e-06,6.8555535e-05,2.2302224e-06,2.5713598e-05,1.831539e-05,1.1808109e-05
5066,201_00723,201,723,5,ABERR,0,N,0,N,0.99986804,0.99986804,1.7919148e-06,5.1461498e-06,6.6034816e-05,2.4277647e-06,2.7464946e-05,1.8711737e-05,1.0440198e-05
5067,201_00724,201,724,0,N,5,ABERR,0,N,0.9997787,0.9997787,2.2469001e-05,6.703448e-06,0.0001190583,9.407913e-06,5.1957242e-05,4.6144633e-06,7.2139846e-06
5068,201_00725,201,725,0,N,0,N,0,N,0.9998347,0.9998347,1.1426852e-05,5.929236e-06,9.550411e-05,5.5161768e-06,3.5214438e-05,4.2612337e-06,7.5501885e-06
5069,201_00726,201,726,0,N,0,N,0,N,0.9998351,0.9998351,5.7981765e-06,6.130078e-06,9.426734e-05,3.6885936e-06,3.5133107e-05,6.210322e-06,1.3764032e-05
5070,201_00727,201,727,0,N,0,N,0,N,0.99981916,0.99981916,2.2320842e-06,7.2980147e-06,8.905908e-05,2.7571712e-06,3.550467e-05,2.5406562e-05,1.8571058e-05
5071,201_00728,201,728,0,N,0,N,0,N,0.9998114,0.9998114,2.2054062e-06,7.901916e-06,9.403337e-05,2.5315896e-06,3.6311016e-05,2.5388295e-05,2.0234482e-05
5072,201_00729,201,729,0,N,0,N,0,N,0.99983245,0.99983245,2.5413574e-06,6.327161e-06,8.218202e-05,3.4147577e-06,3.0223853e-05,2.613542e-05,1.670403e-05
5073,201_00730,201,730,0,N,0,N,0,N,0.9998275,0.9998275,2.2468544e-06,7.657594e-06,8.3305364e-05,2.6827952e-06,3.3335255e-05,2.6729083e-05,1.6363721e-05
5074,201_00731,201,731,0,N,0,N,0,N,0.9997955,0.9997955,2.5503243e-06,9.635661e-06,9.6317424e-05,2.8265372e-06,3.9706807e-05,3.2312484e-05,2.104704e-05
5075,201_00732,201,732,0,N,0,N,0,N,0.99985427,0.99985427,2.1068167e-06,6.8763384e-06,7.553891e-05,1.9238812e-06,2.5793513e-05,1.8314233e-05,1.5241818e-05
5076,201_00733,201,733,0,N,0,N,0,N,0.9998214,0.9998214,2.4230787e-06,7.514237e-06,8.593457e-05,3.0495373e-06,3.3571876e-05,2.8539589e-05,1.7449445e-05
5077,201_00734,201,734,0,N,0,N,0,N,0.9998489,0.9998489,2.4755345e-06,6.247929e-06,7.6833356e-05,2.6532964e-06,2.5773777e-05,2.127776e-05,1.588049e-05
5078,201_00735,201,735,0,N,0,N,0,N,0.9998152,0.9998152,2.3751845e-06,7.556171e-06,8.597051e-05,3.4741533e-06,3.8092578e-05,3.136732e-05,1.5838801e-05
5079,201_00736,201,736,0,N,0,N,0,N,0.9998334,0.9998334,1.9589286e-06,7.6609185e-06,8.272468e-05,2.1211029e-06,3.376261e-05,2.2671014e-05,1.5698122e-05
5080,201_00737,201,737,0,N,0,N,0,N,0.9998765,0.9998765,2.0646596e-06,4.235962e-06,6.172556e-05,3.791852e-06,2.3149802e-05,1.9815658e-05,8.567216e-06
5081,201_00738,201,738,0,N,0,N,0,N,0.9998641,0.9998641,1.9520253e-06,5.1987527e-06,6.772442e-05,2.7284013e-06,2.7130345e-05,2.0204752e-05,1.0912606e-05
5082,201_00739,201,739,0,N,0,N,0,N,0.99986225,0.99986225,2.3255539e-06,6.2314098e-06,6.9839785e-05,2.3733921e-06,2.498097e-05,1.8620238e-05,1.3380929e-05
5083,201_00740,201,740,0,N,0,N,0,N,0.9998214,0.9998214,1.7629566e-06,8.4802805e-06,8.5565836e-05,2.0325535e-06,4.1534797e-05,2.381538e-05,1.5396745e-05
5084,201_00741,201,741,0,N,0,N,0,N,0.9998544,0.9998544,2.1597675e-06,5.16697e-06,7.431781e-05,2.9179353e-06,2.6929223e-05,1.9852881e-05,1.4375105e-05
5085,201_00742,201,742,0,N,0,N,0,N,0.99983543,0.99983543,2.1284302e-06,6.0909783e-06,7.925295e-05,3.3107613e-06,3.415242e-05,2.6031445e-05,1.3642891e-05
5086,201_00743,201,743,0,N,0,N,0,N,0.9998069,0.9998069,2.5974075e-06,7.6049787e-06,9.2184026e-05,3.467035e-06,3.724415e-05,3.074804e-05,1.9325604e-05
5087,201_00744,201,744,0,N,0,N,0,N,0.99985343,0.99985343,2.077355e-06,5.9733666e-06,7.598877e-05,2.2228498e-06,2.6920623e-05,1.8485181e-05,1.49033485e-05
5088,201_00745,201,745,0,N,0,N,0,N,0.9998521,0.9998521,1.9721167e-06,5.5567602e-06,7.4350966e-05,2.633498e-06,2.9616911e-05,2.0764204e-05,1.3066266e-05
5089,201_00746,201,746,0,N,0,N,0,N,0.99984485,0.99984485,1.9712488e-06,6.175243e-06,7.80616e-05,2.4205094e-06,3.119492e-05,2.10721e-05,1.431629e-05
5090,201_00747,201,747,0,N,0,N,0,N,0.9998281,0.9998281,2.085747e-06,6.879156e-06,8.597006e-05,2.4630353e-06,3.4814737e-05,2.2934302e-05,1.6676042e-05
5091,201_00748,201,748,0,N,0,N,0,N,0.99981546,0.99981546,1.9154256e-06,6.856414e-06,8.833957e-05,2.8314448e-06,4.333416e-05,2.6599735e-05,1.4611764e-05
5092,201_00749,201,749,0,N,0,N,0,N,0.99985975,0.99985975,1.9406646e-06,5.821491e-06,7.210701e-05,2.1685755e-06,2.6633685e-05,1.8647344e-05,1.2909877e-05
5093,201_00750,201,750,0,N,0,N,0,N,0.99986094,0.99986094,1.914596e-06,5.816803e-06,6.978589e-05,2.294255e-06,2.7833587e-05,1.9624375e-05,1.18541975e-05
5094,201_00751,201,751,0,N,0,N,0,N,0.99986625,0.99986625,1.8581081e-06,5.147196e-06,6.7146146e-05,2.4866251e-06,2.7237342e-05,1.896715e-05,1.0861422e-05
5095,201_00752,201,752,0,N,0,N,0,N,0.9998607,0.9998607,1.8413116e-06,5.3081562e-06,6.888693e-05,2.5953289e-06,2.9596213e-05,2.0189025e-05,1.0857582e-05
5096,201_00753,201,753,0,N,0,N,0,N,0.99984604,0.99984604,2.0595446e-06,5.947522e-06,7.484266e-05,2.9298649e-06,3.1851538e-05,2.351382e-05,1.2695381e-05
5097,201_00754,201,754,0,N,0,N,0,N,0.9998722,0.9998722,1.9751114e-06,5.356395e-06,6.642987e-05,2.1289673e-06,2.3896331e-05,1.61325e-05,1.1788425e-05
5098,201_00755,201,755,0,N,0,N,0,N,0.9998366,0.9998366,1.7909599e-06,6.112814e-06,7.780195e-05,2.8318286e-06,3.8831535e-05,2.4373703e-05,1.1577933e-05
5099,201_00756,201,756,0,N,0,N,0,N,0.9998588,0.9998588,1.9055384e-06,5.54293e-06,7.218462e-05,2.315426e-06,2.7776752e-05,1.8533665e-05,1.3038296e-05
5100,201_00757,201,757,0,N,0,N,0,N,0.99982953,0.99982953,1.889998e-06,5.8636947e-06,8.143422e-05,3.247025e-06,4.0088737e-05,2.5798165e-05,1.2182239e-05
5101,201_00758,201,758,0,N,0,N,0,N,0.99984807,0.99984807,2.189921e-06,5.878305e-06,7.913387e-05,2.4181477e-06,2.718798e-05,1.8778454e-05,1.6510217e-05
5102,201_00759,201,759,0,N,0,N,0,N,0.9997899,0.9997899,2.250323e-06,8.690678e-06,9.981502e-05,2.8382717e-06,4.599061e-05,3.0100633e-05,2.0408366e-05
5103,201_00760,201,760,0,N,0,N,0,N,0.9998351,0.9998351,2.2192867e-06,7.423063e-06,8.554032e-05,2.0222335e-06,2.8937959e-05,1.9079363e-05,1.97777e-05
5104,201_00761,201,761,0,N,0,N,0,N,0.9998318,0.9998318,1.9632644e-06,7.3922515e-06,8.2531165e-05,2.2959016e-06,3.5261986e-05,2.3516042e-05,1.5305726e-05
5105,201_00762,201,762,0,N,0,N,0,N,0.9998653,0.9998653,2.021799e-06,5.825183e-06,6.996772e-05,2.0837567e-06,2.4527368e-05,1.72365e-05,1.3002669e-05
5106,201_00763,201,763,5,ABERR,0,N,0,N,0.99983615,0.99983615,2.092518e-06,7.855152e-06,8.2060156e-05,2.0575121e-06,3.1199143e-05,2.2121394e-05,1.652801e-05
5107,201_00764,201,764,0,N,5,ABERR,0,N,0.9999028,0.9999028,5.135979e-06,3.459282e-06,5.6794746e-05,3.8112064e-06,2.1291025e-05,3.1740344e-06,3.6047456e-06
5108,201_00765,201,765,0,N,0,N,0,N,0.99992055,0.99992055,2.7932344e-06,3.44162e-06,4.7088346e-05,2.3675757e-06,1.573203e-05,3.9157953e-06,4.184613e-06
5109,201_00766,201,766,0,N,0,N,0,N,0.99988794,0.99988794,4.9448754e-06,4.0284294e-06,6.744835e-05,3.5831645e-06,1.8692705e-05,5.7276557e-06,7.661563e-06
5110,201_00767,201,767,0,N,0,N,0,N,0.999842,0.999842,2.2374848e-06,6.454858e-06,7.955858e-05,2.5652791e-06,2.940399e-05,2.248751e-05,1.5396328e-05
5111,201_00768,201,768,0,N,0,N,0,N,0.999847,0.999847,2.1755036e-06,6.231683e-06,7.8219826e-05,2.4338406e-06,2.780229e-05,2.088339e-05,1.5279462e-05
5112,201_00769,201,769,0,N,0,N,0,N,0.99986315,0.99986315,1.9729566e-06,5.927075e-06,7.064719e-05,2.0797895e-06,2.5400508e-05,1.7895349e-05,1.2900309e-05
5113,201_00770,201,770,0,N,0,N,0,N,0.99984974,0.99984974,2.24768e-06,6.370538e-06,7.796675e-05,2.2572456e-06,2.6002219e-05,1.9605428e-05,1.5859996e-05
5114,201_00771,201,771,0,N,0,N,0,N,0.9998489,0.9998489,2.1326446e-06,5.879341e-06,7.658368e-05,2.5983418e-06,2.8316837e-05,2.1028583e-05,1.4573091e-05
5115,201_00772,201,772,0,N,0,N,0,N,0.9998564,0.9998564,2.2653282e-06,5.776163e-06,7.485828e-05,2.4108062e-06,2.4795285e-05,1.8841809e-05,1.4723078e-05
5116,201_00773,201,773,0,N,0,N,0,N,0.9998589,0.9998589,2.1668825e-06,5.8804485e-06,7.362393e-05,2.2127838e-06,2.4880077e-05,1.7959677e-05,1.4347258e-05
5117,201_00774,201,774,0,N,0,N,0,N,0.9998364,0.9998364,2.249106e-06,6.830113e-06,8.362195e-05,2.3691741e-06,2.9427725e-05,2.1296473e-05,1.783342e-05
5118,201_00775,201,775,0,N,0,N,0,N,0.9998422,0.9998422,2.1506853e-06,6.8633817e-06,8.03539e-05,2.257033e-06,2.8775357e-05,2.0837057e-05,1.6642245e-05
5119,201_00776,201,776,0,N,0,N,0,N,0.9998391,0.9998391,2.2008576e-06,5.8067494e-06,7.7257224e-05,3.596495e-06,3.2865144e-05,2.624722e-05,1.297957e-05
5120,201_00777,201,777,0,N,0,N,0,N,0.99986553,0.99986553,2.4582416e-06,5.2143614e-06,6.90143e-05,2.9482335e-06,2.3270448e-05,1.9072686e-05,1.2430236e-05
5121,201_00778,201,778,0,N,0,N,0,N,0.99983305,0.99983305,2.5167578e-06,6.069017e-06,7.8980156e-05,4.1371986e-06,3.283838e-05,2.902928e-05,1.3287771e-05
5122,201_00779,201,779,0,N,0,N,0,N,0.99986935,0.99986935,2.1334488e-06,5.3292674e-06,6.971777e-05,2.1520361e-06,2.2800583e-05,1.5028026e-05,1.3533772e-05
5123,201_00780,201,780,0,N,0,N,0,N,0.99985474,0.99985474,2.0162458e-06,6.5753134e-06,7.447223e-05,2.034681e-06,2.6904667e-05,1.8573934e-05,1.4702217e-05
5124,201_00781,201,781,0,N,0,N,0,N,0.9998537,0.9998537,2.1534684e-06,5.5826736e-06,7.6200035e-05,2.4667277e-06,2.6115744e-05,1.844405e-05,1.5438913e-05
5125,201_00782,201,782,0,N,0,N,0,N,0.9998322,0.9998322,2.4389603e-06,7.2529956e-06,8.5529144e-05,2.4040992e-06,2.8660754e-05,2.2133167e-05,1.9420244e-05
5126,201_00783,201,783,0,N,0,N,0,N,0.9998194,0.9998194,2.0310265e-06,7.872081e-06,8.637117e-05,2.5368688e-06,3.9342547e-05,2.6838114e-05,1.5641908e-05
5127,201_00784,201,784,0,N,0,N,0,N,0.99985796,0.99985796,2.0602963e-06,6.4139945e-06,7.346626e-05,2.0057694e-06,2.5738247e-05,1.8110622e-05,1.4307688e-05
5128,201_00785,201,785,0,N,0,N,0,N,0.99985844,0.99985844,2.051531e-06,6.281511e-06,7.243334e-05,2.14274e-06,2.6126754e-05,1.8928351e-05,1.37276475e-05
5129,201_00786,201,786,0,N,0,N,0,N,0.9998654,0.9998654,1.920698e-06,5.7380403e-06,6.8582245e-05,2.1689643e-06,2.594882e-05,1.8397206e-05,1.1839506e-05
5130,201_00787,201,787,0,N,0,N,0,N,0.9998558,0.9998558,1.9319152e-06,6.3520674e-06,7.237535e-05,2.1533272e-06,2.8465003e-05,2.0039437e-05,1.2867642e-05
5131,201_00788,201,788,0,N,0,N,0,N,0.99986625,0.99986625,2.0353625e-06,5.631077e-06,6.805028e-05,2.3194987e-06,2.51209e-05,1.8833101e-05,1.1803598e-05
5132,201_00789,201,789,0,N,0,N,0,N,0.9998619,0.9998619,2.1876237e-06,5.4845855e-06,7.068282e-05,2.565599e-06,2.5062689e-05,1.8911112e-05,1.3121337e-05
5133,201_00790,201,790,0,N,0,N,0,N,0.99986506,0.99986506,1.8102191e-06,5.530836e-06,6.653813e-05,2.4293067e-06,2.823513e-05,1.9993886e-05,1.0418841e-05
5134,201_00791,201,791,0,N,0,N,0,N,0.99985653,0.99985653,1.9402567e-06,5.490684e-06,7.12523e-05,2.6614644e-06,2.922892e-05,2.086245e-05,1.1994828e-05
5135,201_00792,201,792,0,N,0,N,0,N,0.99986154,0.99986154,1.957546e-06,5.400094e-06,7.073499e-05,2.408663e-06,2.6889486e-05,1.8391784e-05,1.2759617e-05
5136,201_00793,201,793,0,N,0,N,0,N,0.99984497,0.99984497,2.2060503e-06,6.6280077e-06,8.155859e-05,2.0632285e-06,2.6806594e-05,1.7851966e-05,1.8040691e-05
5137,201_00794,201,794,0,N,0,N,0,N,0.9998421,0.9998421,2.170031e-06,6.398772e-06,8.392946e-05,2.0441523e-06,2.728884e-05,1.7328366e-05,1.8753984e-05
5138,201_00795,201,795,0,N,0,N,0,N,0.99981475,0.99981475,2.2605489e-06,6.7996593e-06,9.147905e-05,3.0577728e-06,3.6669782e-05,2.6364489e-05,1.8535995e-05
5139,201_00796,201,796,0,N,0,N,0,N,0.9998174,0.9998174,2.144635e-06,6.1918026e-06,8.9192195e-05,3.319332e-06,3.879751e-05,2.5845427e-05,1.6988295e-05
5140,201_00797,201,797,0,N,0,N,0,N,0.99983144,0.99983144,2.1657984e-06,6.640743e-06,8.443941e-05,2.6036664e-06,3.281084e-05,2.2735796e-05,1.7113893e-05
5141,201_00798,201,798,0,N,0,N,0,N,0.9998729,0.9998729,1.882923e-06,5.3340814e-06,6.8022644e-05,1.8465357e-06,2.3331262e-05,1.4019954e-05,1.25990855e-05
5142,201_00799,201,799,0,N,0,N,0,N,0.99986047,0.99986047,1.9346232e-06,5.147456e-06,7.126461e-05,2.5435431e-06,2.727412e-05,1.8908704e-05,1.2543313e-05
5143,201_00800,201,800,0,N,0,N,0,N,0.9998728,0.9998728,1.7537855e-06,4.7755057e-06,6.44389e-05,2.4294625e-06,2.6199688e-05,1.7507984e-05,1.0024864e-05
5144,201_00801,201,801,0,N,0,N,0,N,0.9998372,0.9998372,1.8493441e-06,6.352258e-06,7.810047e-05,2.713783e-06,3.6987625e-05,2.4220855e-05,1.2531663e-05
5145,201_00802,201,802,0,N,0,N,0,N,0.9998432,0.9998432,2.0130906e-06,7.213886e-06,7.9238904e-05,2.0396856e-06,3.0014864e-05,2.0355494e-05,1.5949929e-05
5146,201_00803,201,803,0,N,0,N,0,N,0.9998294,0.9998294,2.2189226e-06,6.827499e-06,8.651234e-05,2.5054765e-06,3.203467e-05,2.2144359e-05,1.8377954e-05
5147,201_00804,201,804,0,N,0,N,0,N,0.9998557,0.9998557,1.8378865e-06,5.6662157e-06,7.266775e-05,2.3663297e-06,2.9528403e-05,1.9756317e-05,1.2463849e-05
5148,201_00805,201,805,0,N,0,N,0,N,0.99985796,0.99985796,1.798049e-06,5.115614e-06,6.996901e-05,2.7968233e-06,3.1124786e-05,2.0765692e-05,1.0642269e-05
5149,201_00806,201,806,0,N,0,N,0,N,0.9998684,0.9998684,2.186883e-06,5.2913106e-06,6.723626e-05,2.5784125e-06,2.4072662e-05,1.8735422e-05,1.1482481e-05
5150,201_00807,201,807,0,N,0,N,0,N,0.99986684,0.99986684,2.1452279e-06,5.1868224e-06,6.867535e-05,2.5171983e-06,2.44203e-05,1.7780298e-05,1.2381283e-05
5151,201_00808,201,808,0,N,0,N,0,N,0.99986696,0.99986696,1.8517446e-06,5.346002e-06,6.717509e-05,2.316642e-06,2.6930691e-05,1.8383273e-05,1.1133294e-05
5152,201_00809,201,809,0,N,0,N,0,N,0.99984056,0.99984056,1.8073528e-06,6.4917285e-06,7.7406825e-05,2.394098e-06,3.621431e-05,2.2496357e-05,1.2642211e-05
5153,201_00810,201,810,0,N,0,N,0,N,0.999857,0.999857,1.9061603e-06,6.4415735e-06,7.2568335e-05,2.0142245e-06,2.7991595e-05,1.864372e-05,1.3444047e-05
5154,201_00811,201,811,0,N,0,N,0,N,0.9998526,0.9998526,1.9212578e-06,6.256276e-06,7.4884636e-05,2.148963e-06,2.8995759e-05,1.9169796e-05,1.4096946e-05
5155,201_00812,201,812,0,N,0,N,0,N,0.99984866,0.99984866,1.9561248e-06,6.4991095e-06,7.597515e-05,2.2336344e-06,2.9876179e-05,2.0763062e-05,1.4008628e-05
5156,201_00813,201,813,0,N,0,N,0,N,0.99983025,0.99983025,2.058285e-06,7.105293e-06,8.322635e-05,2.5221643e-06,3.4919154e-05,2.443252e-05,1.5452015e-05
5157,201_00814,201,814,0,N,0,N,0,N,0.99984485,0.99984485,2.0854e-06,7.1454556e-06,7.8044184e-05,2.143649e-06,2.9281031e-05,2.1372709e-05,1.516619e-05
5158,201_00815,201,815,0,N,0,N,0,N,0.9998618,0.9998618,2.0728523e-06,6.175153e-06,7.2194125e-05,1.9839333e-06,2.461795e-05,1.7325236e-05,1.38895375e-05
5159,201_00816,201,816,0,N,0,N,0,N,0.999836,0.999836,2.1399676e-06,7.3938345e-06,8.428114e-05,2.0353532e-06,2.9790534e-05,2.0200949e-05,1.8213836e-05
5160,201_00817,201,817,0,N,0,N,0,N,0.99980026,0.99980026,2.154993e-06,7.5355924e-06,9.5135576e-05,3.1220925e-06,4.4093253e-05,2.9390398e-05,1.834219e-05
5161,201_00818,201,818,0,N,0,N,0,N,0.99984056,0.99984056,1.9771483e-06,6.3495654e-06,8.062427e-05,2.440898e-06,3.1213327e-05,2.1303002e-05,1.5634303e-05
5162,201_00819,201,819,0,N,0,N,0,N,0.99984306,0.99984306,1.961131e-06,6.1378373e-06,7.8523415e-05,2.5245836e-06,3.1730626e-05,2.1554333e-05,1.4553547e-05
5163,201_00820,201,820,0,N,0,N,0,N,0.9998427,0.9998427,2.170268e-06,6.3435873e-06,8.0899095e-05,2.3719904e-06,2.8745064e-05,2.0103145e-05,1.6738424e-05
5164,201_00821,201,821,0,N,0,N,0,N,0.9998544,0.9998544,2.0108682e-06,5.2021987e-06,7.455513e-05,2.6640057e-06,2.8137574e-05,1.926925e-05,1.385813e-05
5165,201_00822,201,822,0,N,0,N,0,N,0.9998629,0.9998629,1.7940087e-06,5.5192686e-06,7.0713024e-05,2.06753e-06,2.7355303e-05,1.7147513e-05,1.2445873e-05
5166,201_00823,201,823,0,N,0,N,0,N,0.9998261,0.9998261,1.9582942e-06,6.794538e-06,8.371085e-05,2.7066915e-06,3.905105e-05,2.4887328e-05,1.4726576e-05
5167,201_00824,201,824,5,ABERR,0,N,0,N,0.9998569,0.9998569,1.7847523e-06,5.4945313e-06,7.3270756e-05,2.2301342e-06,2.9627108e-05,1.7393904e-05,1.3291435e-05
5168,201_00825,201,825,0,N,5,ABERR,0,N,0.99955714,0.99955714,5.4790013e-05,9.915236e-06,0.00022634843,2.3136361e-05,0.00010397566,8.2695315e-06,1.6527922e-05
5169,201_00826,201,826,0,N,0,N,0,N,0.99967307,0.99967307,4.73926e-05,8.264482e-06,0.0001832158,1.3588999e-05,5.0677583e-05,6.753461e-06,1.7029311e-05
5170,201_00827,201,827,0,N,0,N,0,N,0.9996665,0.9996665,3.0877098e-05,9.8265855e-06,0.0002015624,9.576067e-06,3.926906e-05,1.0171995e-05,3.2175794e-05
5171,201_00828,201,828,5,ABERR,0,N,0,N,0.9998075,0.9998075,2.4305969e-06,6.4171154e-06,9.430808e-05,3.5827256e-06,3.869702e-05,2.6500295e-05,2.0550324e-05
5172,201_00829,201,829,0,N,5,ABERR,0,N,0.9997918,0.9997918,1.0231004e-05,5.733849e-06,0.00010720176,1.1727567e-05,5.741036e-05,6.6954535e-06,9.248152e-06
5173,201_00830,201,830,0,N,0,N,0,N,0.9995329,0.9995329,7.0378315e-05,1.0933623e-05,0.00025213827,2.0261745e-05,8.030437e-05,8.567352e-06,2.4413937e-05
5174,201_00831,201,831,0,N,0,N,0,N,0.99974513,0.99974513,2.6059819e-05,7.4007944e-06,0.00015623237,8.321493e-06,3.4688266e-05,6.1470478e-06,1.6034071e-05
5175,201_00832,201,832,0,N,0,N,0,N,0.9998714,0.9998714,2.2537195e-06,4.851729e-06,6.594171e-05,2.9992405e-06,2.311421e-05,1.8466395e-05,1.0995527e-05
5176,201_00833,201,833,0,N,0,N,0,N,0.999842,0.999842,1.974351e-06,6.2784493e-06,7.505021e-05,3.027334e-06,3.4438697e-05,2.5658113e-05,1.1636121e-05
5177,201_00834,201,834,0,N,0,N,0,N,0.9998544,0.9998544,1.9961062e-06,6.433723e-06,7.1714836e-05,2.3893867e-06,2.8706252e-05,2.1616603e-05,1.2713588e-05
5178,201_00835,201,835,5,ABERR,0,N,0,N,0.9998438,0.9998438,1.8883601e-06,6.6974685e-06,7.782366e-05,2.2156853e-06,3.2301446e-05,2.0579291e-05,1.4684764e-05
5179,201_00836,201,836,0,N,5,ABERR,0,N,0.999834,0.999834,1.3312633e-05,4.9209084e-06,9.184184e-05,7.750371e-06,3.8621838e-05,4.0862933e-06,5.4720817e-06
5180,201_00837,201,837,0,N,0,N,0,N,0.99970746,0.99970746,3.4703706e-05,9.352997e-06,0.0001632509,1.0533121e-05,5.324435e-05,6.512355e-06,1.5004515e-05
5181,201_00838,201,838,0,N,0,N,0,N,0.9994496,0.9994496,0.00011653622,1.4791748e-05,0.0003177168,1.26728355e-05,5.069753e-05,8.452497e-06,2.9550716e-05
5182,201_00839,201,839,0,N,0,N,0,N,0.9998333,0.9998333,2.5976447e-06,7.734254e-06,8.6113534e-05,2.212073e-06,2.6417152e-05,2.1552827e-05,2.016365e-05
5183,201_00840,201,840,5,ABERR,0,N,0,N,0.9998137,0.9998137,2.3585812e-06,8.1448425e-06,9.388466e-05,2.356679e-06,3.3858676e-05,2.3693816e-05,2.1967326e-05
5184,201_00841,201,841,0,N,5,ABERR,0,N,0.99977064,0.99977064,1.0483937e-05,6.7670408e-06,0.00012376734,9.613924e-06,5.5596545e-05,8.025292e-06,1.51026e-05
5185,201_00842,201,842,0,N,0,N,0,N,0.99826235,0.99826235,0.00041996155,2.8797973e-05,0.0008489264,8.014862e-05,0.00021450664,2.7148251e-05,0.0001181022
5186,201_00843,201,843,0,N,0,N,0,N,0.997093,0.997093,0.0012258419,3.4490662e-05,0.0012622498,7.876041e-05,0.00014854033,2.5133064e-05,0.00013190265
5187,201_00844,201,844,0,N,0,N,0,N,0.9998667,0.9998667,2.0188174e-06,5.843285e-06,6.9355694e-05,2.012948e-06,2.4307652e-05,1.7008555e-05,1.27008025e-05
5188,201_00845,201,845,0,N,0,N,0,N,0.99984604,0.99984604,2.1693402e-06,6.477547e-06,7.7903656e-05,2.3841358e-06,2.8537977e-05,2.1304095e-05,1.5157721e-05
5189,201_00846,201,846,0,N,0,N,0,N,0.9998397,0.9998397,2.2177396e-06,6.3423163e-06,8.1806036e-05,2.4851013e-06,2.9628181e-05,2.0542815e-05,1.726755e-05
5190,201_00847,201,847,0,N,0,N,0,N,0.9998646,0.9998646,2.0964244e-06,5.951405e-06,7.259429e-05,1.8770303e-06,2.3398472e-05,1.4542012e-05,1.4897134e-05
5191,201_00848,201,848,0,N,0,N,0,N,0.99985653,0.99985653,2.1337837e-06,4.822057e-06,7.403445e-05,2.9505443e-06,2.6596997e-05,1.8959117e-05,1.3974591e-05
5192,201_00849,201,849,0,N,0,N,0,N,0.9998382,0.9998382,2.6298974e-06,7.06493e-06,8.535682e-05,2.2105633e-06,2.5258034e-05,1.8510267e-05,2.08131e-05
5193,201_00850,201,850,0,N,0,N,0,N,0.9998243,0.9998243,2.7721503e-06,7.404388e-06,9.023223e-05,2.554039e-06,2.8093213e-05,2.2328633e-05,2.2343544e-05
5194,201_00851,201,851,5,ABERR,0,N,0,N,0.9998556,0.9998556,2.1504475e-06,4.8955835e-06,7.585267e-05,2.7294607e-06,2.6250531e-05,1.7356815e-05,1.5231405e-05
5195,201_00852,201,852,0,N,5,ABERR,0,N,0.99965364,0.99965364,4.3788947e-05,7.8542425e-06,0.00018497456,1.9084691e-05,6.830118e-05,7.3517153e-06,1.5055823e-05
5196,201_00853,201,853,0,N,0,N,0,N,0.9996492,0.9996492,4.1473184e-05,9.526059e-06,0.00019456944,1.4536246e-05,5.99306e-05,8.389098e-06,2.2371014e-05
5197,201_00854,201,854,0,N,0,N,0,N,0.9995974,0.9995974,4.2064134e-05,1.31942625e-05,0.00023292746,1.12691305e-05,5.745599e-05,1.0071466e-05,3.5646903e-05
5198,201_00855,201,855,0,N,0,N,0,N,0.9998251,0.9998251,1.9455763e-06,7.63251e-06,8.608524e-05,2.2428542e-06,3.7312162e-05,2.2989418e-05,1.6720676e-05
5199,201_00856,201,856,0,N,0,N,0,N,0.9998703,0.9998703,2.0026898e-06,5.3850213e-06,6.9902584e-05,1.9323356e-06,2.2790495e-05,1.4110377e-05,1.358914e-05
5200,201_00857,201,857,0,N,0,N,0,N,0.9998606,0.9998606,2.1740316e-06,4.7811436e-06,7.355492e-05,2.6960547e-06,2.4712317e-05,1.7341896e-05,1.41342e-05
5201,201_00858,201,858,0,N,0,N,0,N,0.9999127,0.9999127,2.0144962e-06,2.0714401e-06,5.013985e-05,5.472846e-06,1.5059064e-05,7.943936e-06,4.6832856e-06
5202,201_00859,201,859,0,N,0,N,0,N,0.9999103,0.9999103,1.7560235e-06,2.3312236e-06,4.9548216e-05,4.5542056e-06,1.6536884e-05,9.876583e-06,5.2131627e-06
5203,201_00860,201,860,5,ABERR,0,N,0,N,0.9998949,0.9998949,2.0007767e-06,2.5073018e-06,6.07258e-05,4.3219866e-06,2.0025951e-05,7.85661e-06,7.7226505e-06
5204,201_00861,201,861,0,N,5,ABERR,0,N,0.9998745,0.9998745,1.1504045e-05,3.4525794e-06,7.566589e-05,8.078451e-06,1.8244838e-05,4.3665177e-06,4.1482867e-06
5205,201_00862,201,862,0,N,0,N,0,N,0.9998857,0.9998857,6.158422e-06,3.629787e-06,6.851872e-05,6.3208636e-06,1.635823e-05,6.6881425e-06,6.644695e-06
5206,201_00863,201,863,0,N,0,N,0,N,0.99978775,0.99978775,2.2523976e-05,6.7289625e-06,0.00012703694,8.646943e-06,2.5861205e-05,7.984182e-06,1.34318125e-05
5207,201_00864,201,864,0,N,0,N,0,N,0.9998276,0.9998276,2.6223988e-06,7.2635603e-06,8.9033674e-05,2.4475844e-06,2.7686048e-05,2.161689e-05,2.1607162e-05
5208,201_00865,201,865,0,N,0,N,0,N,0.9998378,0.9998378,2.3026078e-06,6.300268e-06,8.19569e-05,2.7451954e-06,2.9388839e-05,2.255221e-05,1.6961121e-05
5209,201_00866,201,866,0,N,0,N,0,N,0.9998389,0.9998389,2.5214429e-06,5.708518e-06,8.356595e-05,2.9763883e-06,2.6723272e-05,2.1144746e-05,1.8581646e-05
5210,201_00867,201,867,0,N,0,N,0,N,0.99980223,0.99980223,3.1604768e-06,7.558718e-06,0.00010145497,2.9732234e-06,2.9696688e-05,2.4535508e-05,2.8349237e-05
5211,201_00868,201,868,0,N,0,N,0,N,0.99979085,0.99979085,2.6913121e-06,9.077775e-06,0.000103260034,2.7293386e-06,3.7057936e-05,2.8471137e-05,2.5850855e-05
5212,201_00869,201,869,0,N,0,N,0,N,0.99982035,0.99982035,2.3642203e-06,7.3766737e-06,9.029833e-05,2.6614746e-06,3.2253254e-05,2.451191e-05,2.0247615e-05
5213,201_00870,201,870,0,N,0,N,0,N,0.99984676,0.99984676,2.3469377e-06,5.6429335e-06,7.8629295e-05,2.8458733e-06,2.69112e-05,2.0989566e-05,1.5993182e-05
5214,201_00871,201,871,0,N,0,N,0,N,0.9998317,0.9998317,2.405242e-06,6.3777416e-06,8.487006e-05,2.8861061e-06,3.037924e-05,2.3300305e-05,1.8123328e-05
5215,201_00872,201,872,0,N,0,N,0,N,0.9998339,0.9998339,2.3443126e-06,5.7525267e-06,8.3428255e-05,3.2471785e-06,3.111498e-05,2.3336981e-05,1.6944969e-05
5216,201_00873,201,873,0,N,0,N,0,N,0.9998537,0.9998537,2.240981e-06,6.083125e-06,7.6332995e-05,2.2725428e-06,2.5122332e-05,1.8297744e-05,1.5917896e-05
5217,201_00874,201,874,0,N,0,N,0,N,0.9998521,0.9998521,2.6821142e-06,4.907688e-06,7.399643e-05,4.283326e-06,2.5395917e-05,2.3575982e-05,1.3036892e-05
5218,201_00875,201,875,0,N,0,N,0,N,0.99983025,0.99983025,3.3134227e-06,6.929258e-06,8.640794e-05,3.2671367e-06,2.4628844e-05,2.452127e-05,2.0738735e-05
5219,201_00876,201,876,0,N,0,N,0,N,0.9998401,0.9998401,3.450795e-06,6.901074e-06,8.239674e-05,3.0518402e-06,2.2993161e-05,2.2488817e-05,1.859115e-05
5220,201_00877,201,877,0,N,0,N,0,N,0.99983376,0.99983376,2.438555e-06,7.738109e-06,8.44095e-05,2.2620884e-06,2.792791e-05,2.2614036e-05,1.8875771e-05
5221,201_00878,201,878,0,N,0,N,0,N,0.99985987,0.99985987,2.333128e-06,5.7287457e-06,7.389461e-05,2.3064454e-06,2.3623294e-05,1.7509945e-05,1.4789143e-05
5222,201_00879,201,879,0,N,0,N,0,N,0.9998306,0.9998306,2.1043975e-06,6.195334e-06,8.315632e-05,3.0417314e-06,3.458602e-05,2.472322e-05,1.543133e-05
5223,201_00880,201,880,0,N,0,N,0,N,0.99983925,0.99983925,2.2649092e-06,6.132952e-06,8.0864025e-05,2.822273e-06,2.962246e-05,2.2669265e-05,1.62886e-05
5224,201_00881,201,881,0,N,0,N,0,N,0.99982107,0.99982107,2.1476044e-06,8.192579e-06,8.925115e-05,2.185095e-06,3.469239e-05,2.3681136e-05,1.884738e-05
5225,201_00882,201,882,0,N,0,N,0,N,0.9998081,0.9998081,2.506783e-06,8.222709e-06,9.6593685e-05,2.5226782e-06,3.4098244e-05,2.5483885e-05,2.2555303e-05
5226,201_00883,201,883,0,N,0,N,0,N,0.99981046,0.99981046,2.112253e-06,6.517904e-06,9.30953e-05,3.1709578e-06,4.0244067e-05,2.589753e-05,1.849137e-05
5227,201_00884,201,884,0,N,0,N,0,N,0.9998376,0.9998376,1.8380023e-06,5.5593136e-06,7.8572055e-05,3.1938155e-06,3.684045e-05,2.4331666e-05,1.2059301e-05
5228,201_00885,201,885,0,N,0,N,0,N,0.99984604,0.99984604,1.7841254e-06,5.1337825e-06,7.447555e-05,3.2420319e-06,3.536251e-05,2.3184002e-05,1.0835958e-05
5229,201_00886,201,886,0,N,0,N,0,N,0.9998483,0.9998483,2.0120528e-06,5.662122e-06,7.367112e-05,3.0468575e-06,3.1817242e-05,2.3337254e-05,1.210312e-05
5230,201_00887,201,887,0,N,0,N,0,N,0.9998421,0.9998421,2.1039923e-06,6.0382204e-06,7.813922e-05,2.827966e-06,3.1286392e-05,2.2574168e-05,1.4970829e-05
5231,201_00888,201,888,0,N,0,N,0,N,0.9998556,0.9998556,1.7450764e-06,5.7596176e-06,7.159854e-05,2.3204186e-06,3.142937e-05,1.971318e-05,1.1933147e-05
5232,201_00889,201,889,0,N,0,N,0,N,0.99984044,0.99984044,1.8923415e-06,6.6145217e-06,7.825439e-05,2.4244284e-06,3.394403e-05,2.2515114e-05,1.3929992e-05
5233,201_00890,201,890,0,N,0,N,0,N,0.99985224,0.99985224,2.0741415e-06,6.4728256e-06,7.5205455e-05,2.1941592e-06,2.7613347e-05,1.9784286e-05,1.4541569e-05
5234,201_00891,201,891,0,N,0,N,0,N,0.99986994,0.99986994,2.0637601e-06,5.4796838e-06,6.873584e-05,2.0835002e-06,2.3130275e-05,1.568596e-05,1.2925765e-05
5235,201_00892,201,892,0,N,0,N,0,N,0.9998537,0.9998537,2.0233185e-06,6.332982e-06,7.570358e-05,2.0678776e-06,2.7027563e-05,1.8405288e-05,1.48724e-05
5236,201_00893,201,893,0,N,0,N,0,N,0.9998563,0.9998563,1.9441661e-06,5.729955e-06,7.2160976e-05,2.4389726e-06,2.8666884e-05,2.0122332e-05,1.2662911e-05
5237,201_00894,201,894,0,N,0,N,0,N,0.9998588,0.9998588,1.9315303e-06,6.1602354e-06,7.163545e-05,2.1558012e-06,2.718967e-05,1.9126583e-05,1.3053625e-05
5238,201_00895,201,895,0,N,0,N,0,N,0.9998527,0.9998527,2.07568e-06,6.868312e-06,7.535093e-05,1.9966399e-06,2.6988078e-05,1.8898914e-05,1.5078251e-05
5239,201_00896,201,896,0,N,0,N,0,N,0.999837,0.999837,2.164394e-06,7.1994773e-06,8.3193816e-05,2.141215e-06,3.0020117e-05,2.0612993e-05,1.7675575e-05
5240,201_00897,201,897,0,N,0,N,0,N,0.9998509,0.9998509,1.975597e-06,5.8391265e-06,7.574895e-05,2.4004464e-06,2.938149e-05,1.9633855e-05,1.4193726e-05
5241,201_00898,201,898,0,N,0,N,0,N,0.9998608,0.9998608,1.8840499e-06,5.616394e-06,7.076753e-05,2.26158e-06,2.763305e-05,1.8440982e-05,1.2556543e-05
5242,201_00899,201,899,0,N,0,N,0,N,0.9998679,0.9998679,1.9866206e-06,5.8589444e-06,6.968576e-05,1.8486585e-06,2.4032051e-05,1.5354673e-05,1.3241771e-05
5243,201_00900,201,900,0,N,0,N,0,N,0.99983,0.99983,2.4348833e-06,6.5529466e-06,8.762254e-05,2.6026673e-06,2.9335435e-05,2.1505986e-05,1.9807765e-05
5244,201_00901,201,901,0,N,0,N,0,N,0.99982786,0.99982786,2.220416e-06,5.779629e-06,8.581636e-05,3.299899e-06,3.3866356e-05,2.3929182e-05,1.7109947e-05
5245,201_00902,201,902,0,N,0,N,0,N,0.9998359,0.9998359,1.8269005e-06,5.7015804e-06,8.00183e-05,2.9208882e-06,3.746432e-05,2.3203012e-05,1.2892762e-05
5246,201_00903,201,903,0,N,0,N,0,N,0.9998552,0.9998552,1.7063052e-06,5.393261e-06,7.0735885e-05,2.577341e-06,3.3176082e-05,2.0739668e-05,1.0436102e-05
5247,201_00904,201,904,0,N,0,N,0,N,0.99986035,0.99986035,1.8288853e-06,6.232991e-06,6.99575e-05,2.071385e-06,2.8616114e-05,1.920063e-05,1.1937734e-05
5248,201_00905,201,905,0,N,0,N,0,N,0.999869,0.999869,1.9653025e-06,6.179133e-06,6.8505615e-05,1.7741708e-06,2.3981616e-05,1.5809816e-05,1.2676557e-05
5249,201_00906,201,906,0,N,0,N,0,N,0.9998409,0.9998409,2.1742253e-06,6.636311e-06,8.1217986e-05,2.321571e-06,2.9304829e-05,2.0965239e-05,1.6515452e-05
5250,201_00907,201,907,0,N,0,N,0,N,0.9998146,0.9998146,2.1952949e-06,7.726996e-06,9.02434e-05,2.6819446e-06,3.7891034e-05,2.6868203e-05,1.7738927e-05
5251,201_00908,201,908,0,N,0,N,0,N,0.99983555,0.99983555,2.2609925e-06,6.2239565e-06,8.1571976e-05,2.9829964e-06,3.1598e-05,2.4183584e-05,1.5712234e-05
5252,201_00909,201,909,0,N,0,N,0,N,0.99985963,0.99985963,2.0944997e-06,5.5642045e-06,7.1099865e-05,2.5499967e-06,2.6360067e-05,1.9745885e-05,1.297861e-05
5253,201_00910,201,910,0,N,0,N,0,N,0.9998463,0.9998463,2.3427147e-06,6.4409883e-06,7.7303106e-05,2.5698664e-06,2.760336e-05,2.1892416e-05,1.5638121e-05
5254,201_00911,201,911,0,N,0,N,0,N,0.9998256,0.9998256,2.5480429e-06,6.6621824e-06,8.779153e-05,2.9332243e-06,3.0762993e-05,2.3795817e-05,1.9863784e-05
5255,201_00912,201,912,0,N,0,N,0,N,0.99983084,0.99983084,2.1714059e-06,6.903663e-06,8.4107836e-05,2.5716263e-06,3.29541e-05,2.352331e-05,1.6840797e-05
5256,201_00913,201,913,0,N,0,N,0,N,0.9998294,0.9998294,2.0459345e-06,6.4432265e-06,8.329003e-05,2.8422112e-06,3.5922458e-05,2.4468596e-05,1.5471953e-05
5257,201_00914,201,914,0,N,0,N,0,N,0.99983567,0.99983567,2.3126954e-06,6.464637e-06,8.2919956e-05,2.6643647e-06,3.0361609e-05,2.21744e-05,1.7465627e-05
5258,201_00915,201,915,0,N,0,N,0,N,0.999847,0.999847,2.4194253e-06,5.9778017e-06,7.92962e-05,2.5792845e-06,2.6260548e-05,1.9238169e-05,1.7177717e-05
5259,201_00916,201,916,0,N,0,N,0,N,0.9998667,0.9998667,1.8730395e-06,5.274193e-06,6.986367e-05,2.0583796e-06,2.5658062e-05,1.5765305e-05,1.2746767e-05
5260,201_00917,201,917,0,N,0,N,0,N,0.9998307,0.9998307,1.9364707e-06,6.1967885e-06,8.23724e-05,2.8414506e-06,3.7596375e-05,2.4025543e-05,1.4217513e-05
5261,201_00918,201,918,0,N,0,N,0,N,0.9998552,0.9998552,1.9609115e-06,5.735963e-06,7.4301504e-05,2.2949966e-06,2.7990078e-05,1.8813489e-05,1.38302175e-05
5262,201_00919,201,919,0,N,0,N,0,N,0.99984664,0.99984664,2.1372348e-06,5.8589594e-06,8.042816e-05,2.3006066e-06,2.7628257e-05,1.8099072e-05,1.6897435e-05
5263,201_00920,201,920,0,N,0,N,0,N,0.99984425,0.99984425,2.2090278e-06,6.736014e-06,8.0344944e-05,2.1796616e-06,2.7875598e-05,1.929662e-05,1.722705e-05
5264,201_00921,201,921,0,N,0,N,0,N,0.9998294,0.9998294,2.0821803e-06,6.281179e-06,8.44014e-05,2.9040818e-06,3.4748937e-05,2.3708562e-05,1.6440603e-05
5265,201_00922,201,922,0,N,0,N,0,N,0.99984866,0.99984866,1.9501829e-06,6.8865443e-06,7.644109e-05,2.0370373e-06,2.9372739e-05,1.98568e-05,1.4851348e-05
5266,201_00923,201,923,0,N,0,N,0,N,0.99981296,0.99981296,2.0390014e-06,7.3362025e-06,8.900563e-05,2.8672325e-06,4.194308e-05,2.7718797e-05,1.6127884e-05
5267,201_00924,201,924,0,N,0,N,0,N,0.99981785,0.99981785,2.3834957e-06,7.4851714e-06,9.069164e-05,2.6746125e-06,3.397627e-05,2.4997493e-05,1.9915318e-05
5268,201_00925,201,925,0,N,0,N,0,N,0.9998396,0.9998396,2.2964869e-06,6.856795e-06,8.235428e-05,2.3018522e-06,2.8185877e-05,2.0651438e-05,1.7846696e-05
5269,201_00926,201,926,0,N,0,N,0,N,0.9998428,0.9998428,2.3679809e-06,7.3310225e-06,8.231003e-05,1.9688023e-06,2.5741687e-05,1.8583296e-05,1.8804772e-05
5270,201_00927,201,927,0,N,0,N,0,N,0.9998261,0.9998261,2.0827295e-06,7.214994e-06,8.4744956e-05,2.6595362e-06,3.5605754e-05,2.525975e-05,1.6372096e-05
5271,201_00928,201,928,0,N,0,N,0,N,0.99983156,0.99983156,2.3732696e-06,7.2491393e-06,8.635524e-05,2.3639604e-06,2.8645487e-05,2.1778855e-05,1.9698573e-05
5272,201_00929,201,929,0,N,0,N,0,N,0.9998432,0.9998432,1.9969502e-06,7.0135493e-06,7.912118e-05,2.1331246e-06,3.0015151e-05,2.0426083e-05,1.604493e-05
5273,201_00930,201,930,0,N,0,N,0,N,0.9998545,0.9998545,2.3278303e-06,6.1139785e-06,7.676839e-05,2.2236834e-06,2.4123761e-05,1.775468e-05,1.620985e-05
5274,201_00931,201,931,0,N,0,N,0,N,0.99984294,0.99984294,2.1288033e-06,6.0479306e-06,7.999406e-05,2.5504016e-06,2.9657056e-05,2.0700467e-05,1.6065076e-05
5275,201_00932,201,932,0,N,0,N,0,N,0.9998433,0.9998433,2.1976975e-06,6.3725383e-06,8.060012e-05,2.3277066e-06,2.8386114e-05,2.0046298e-05,1.6667344e-05
5276,201_00933,201,933,0,N,0,N,0,N,0.99983025,0.99983025,1.979539e-06,6.3709663e-06,8.2805e-05,2.8149336e-06,3.6477504e-05,2.4357885e-05,1.4818409e-05
5277,201_00934,201,934,0,N,0,N,0,N,0.9998502,0.9998502,2.0889265e-06,5.984124e-06,7.5981065e-05,2.4944777e-06,2.8215303e-05,2.0732527e-05,1.440183e-05
5278,201_00935,201,935,0,N,0,N,0,N,0.9998562,0.9998562,2.2094755e-06,6.3996613e-06,7.538088e-05,2.0679322e-06,2.4553263e-05,1.7554506e-05,1.5703481e-05
5279,201_00936,201,936,0,N,0,N,0,N,0.99985355,0.99985355,2.2907814e-06,6.3782704e-06,7.7505414e-05,2.0745756e-06,2.4252338e-05,1.7197646e-05,1.6769973e-05
5280,201_00937,201,937,0,N,0,N,0,N,0.9998537,0.9998537,2.4029448e-06,5.5923024e-06,7.6234566e-05,2.6811952e-06,2.4514808e-05,1.9300833e-05,1.5659727e-05
5281,201_00938,201,938,0,N,0,N,0,N,0.99984926,0.99984926,2.7327826e-06,5.5524056e-06,8.028598e-05,2.7779865e-06,2.3404406e-05,1.8432804e-05,1.7623712e-05
5282,201_00939,201,939,0,N,0,N,0,N,0.9998557,0.9998557,2.2954925e-06,6.1671117e-06,7.604346e-05,2.1193564e-06,2.4708921e-05,1.7082184e-05,1.5864869e-05
5283,201_00940,201,940,0,N,0,N,0,N,0.99984866,0.99984866,2.488624e-06,6.5291897e-06,8.0883605e-05,2.1163503e-06,2.3704837e-05,1.7107024e-05,1.8472176e-05
5284,201_00941,201,941,0,N,0,N,0,N,0.99988294,0.99988294,2.175532e-06,4.6696155e-06,6.503192e-05,2.081305e-06,1.9205496e-05,1.2409358e-05,1.1597323e-05
5285,201_00942,201,942,0,N,0,N,0,N,0.99985677,0.99985677,2.1452838e-06,6.108205e-06,7.282788e-05,2.3699795e-06,2.6089436e-05,1.967665e-05,1.3995187e-05
5286,201_00943,201,943,0,N,0,N,0,N,0.9998439,0.9998439,2.2340753e-06,6.7668207e-06,7.968394e-05,2.287323e-06,2.819627e-05,2.0167825e-05,1.687544e-05
5287,201_00944,201,944,0,N,0,N,0,N,0.999849,0.999849,1.979197e-06,6.721107e-06,7.708173e-05,2.0714742e-06,2.8536484e-05,1.8978513e-05,1.5683972e-05
5288,201_00945,201,945,0,N,0,N,0,N,0.9998305,0.9998305,2.0551238e-06,7.006234e-06,8.478995e-05,2.4061133e-06,3.3532437e-05,2.2404816e-05,1.721361e-05
5289,201_00946,201,946,0,N,0,N,0,N,0.9998108,0.9998108,2.2560453e-06,7.2954763e-06,9.389657e-05,2.7681265e-06,3.762034e-05,2.444195e-05,2.0865833e-05
5290,201_00947,201,947,0,N,0,N,0,N,0.9998206,0.9998206,1.893694e-06,6.607638e-06,8.746209e-05,2.7688586e-06,4.0403334e-05,2.4084095e-05,1.6111728e-05
5291,201_00948,201,948,0,N,0,N,0,N,0.9998162,0.9998162,1.7320025e-06,6.1678675e-06,8.709895e-05,3.0182387e-06,4.6763605e-05,2.5183133e-05,1.38260375e-05
5292,201_00949,201,949,0,N,0,N,0,N,0.9998262,0.9998262,1.8882297e-06,6.745573e-06,8.288573e-05,2.8224838e-06,3.9496343e-05,2.5788559e-05,1.4099061e-05
5293,201_00950,201,950,0,N,0,N,0,N,0.99980414,0.99980414,1.8849242e-06,6.957384e-06,9.058088e-05,3.2237954e-06,4.9911956e-05,2.9053006e-05,1.4145336e-05
5294,201_00951,201,951,0,N,0,N,0,N,0.99983805,0.99983805,1.8324637e-06,5.7981993e-06,7.869447e-05,2.8824002e-06,3.6898025e-05,2.3189788e-05,1.2708835e-05
5295,201_00952,201,952,0,N,0,N,0,N,0.9998345,0.9998345,1.8564232e-06,5.7760635e-06,7.702755e-05,3.5114676e-06,3.988248e-05,2.7056136e-05,1.0469848e-05
5296,201_00953,201,953,0,N,0,N,0,N,0.999834,0.999834,2.0930163e-06,5.9122185e-06,7.741377e-05,3.8732624e-06,3.6848047e-05,2.8609466e-05,1.133633e-05
5297,201_00954,201,954,0,N,0,N,0,N,0.99990696,0.99990696,2.4133296e-06,2.3892637e-06,5.269134e-05,6.1544956e-06,1.4778307e-05,9.501547e-06,5.130062e-06
5298,201_00955,201,955,0,N,0,N,0,N,0.9998936,0.9998936,2.2260938e-06,2.8397005e-06,5.6783665e-05,5.478716e-06,1.7516999e-05,1.4558462e-05,7.0096503e-06
5299,201_00956,201,956,0,N,0,N,0,N,0.99989164,0.99989164,3.095873e-06,2.8690065e-06,6.566047e-05,4.711701e-06,1.5928097e-05,7.539221e-06,8.495949e-06
5300,201_00957,201,957,0,N,0,N,0,N,0.99979883,0.99979883,2.2780227e-06,8.883303e-06,9.314431e-05,2.966139e-06,4.3481472e-05,3.2639902e-05,1.7764209e-05
5301,201_00958,201,958,0,N,0,N,0,N,0.9998478,0.9998478,2.1120377e-06,6.3507205e-06,7.743042e-05,2.3223379e-06,2.8505905e-05,2.033733e-05,1.5243071e-05
5302,201_00959,201,959,0,N,0,N,0,N,0.9998027,0.9998027,2.3070022e-06,8.146842e-06,9.5989744e-05,2.7667504e-06,3.9834118e-05,2.7676595e-05,2.0473759e-05
5303,201_00960,201,960,0,N,0,N,0,N,0.9998143,0.9998143,2.1660564e-06,8.51022e-06,9.0472065e-05,2.371692e-06,3.7399004e-05,2.6245818e-05,1.8458863e-05
5304,201_00961,201,961,0,N,0,N,0,N,0.9998313,0.9998313,2.2204638e-06,7.192629e-06,8.52469e-05,2.3597727e-06,3.114928e-05,2.2323362e-05,1.8159308e-05
5305,201_00962,201,962,0,N,0,N,0,N,0.99979573,0.99979573,2.0202995e-06,7.970196e-06,9.471609e-05,3.0250612e-06,4.9289236e-05,3.0927447e-05,1.6364278e-05
5306,201_00963,201,963,0,N,0,N,0,N,0.99978465,0.99978465,2.2739684e-06,8.516942e-06,0.00010269667,2.9822643e-06,4.6759676e-05,3.072687e-05,2.1410611e-05
5307,201_00964,201,964,0,N,0,N,0,N,0.9998378,0.9998378,2.2502443e-06,6.6363914e-06,8.27836e-05,2.4550225e-06,2.8968605e-05,2.1404787e-05,1.7696671e-05
5308,201_00965,201,965,0,N,0,N,0,N,0.9998307,0.9998307,2.4635963e-06,6.4247415e-06,8.5729494e-05,2.910654e-06,2.956892e-05,2.3417144e-05,1.8788607e-05
5309,201_00966,201,966,0,N,0,N,0,N,0.99981606,0.99981606,2.8323996e-06,6.954488e-06,9.348319e-05,3.0389792e-06,3.0078638e-05,2.4391991e-05,2.3175086e-05
5310,201_00967,201,967,0,N,0,N,0,N,0.9998156,0.9998156,2.6138457e-06,7.6062634e-06,9.312677e-05,2.6797127e-06,3.1562526e-05,2.4536397e-05,2.2236658e-05
5311,201_00968,201,968,0,N,0,N,0,N,0.99983376,0.99983376,2.3491957e-06,6.598921e-06,8.498014e-05,2.591203e-06,2.9098095e-05,2.1901915e-05,1.8749894e-05
5312,201_00969,201,969,0,N,0,N,0,N,0.9998025,0.9998025,2.8830316e-06,8.2314355e-06,0.000100158504,2.7075284e-06,3.1578973e-05,2.5723666e-05,2.6165486e-05
5313,201_00970,201,970,0,N,0,N,0,N,0.99981093,0.99981093,2.6211324e-06,7.676625e-06,9.3381044e-05,2.9883015e-06,3.3537122e-05,2.724181e-05,2.1648899e-05
5314,201_00971,201,971,0,N,0,N,0,N,0.99979264,0.99979264,2.4329286e-06,8.280714e-06,9.977751e-05,3.1854195e-06,4.0717103e-05,3.0597515e-05,2.240307e-05
5315,201_00972,201,972,0,N,0,N,0,N,0.9998501,0.9998501,2.3617847e-06,5.8960695e-06,7.7342185e-05,2.627815e-06,2.5636333e-05,1.9894946e-05,1.6150509e-05
5316,201_00973,201,973,0,N,0,N,0,N,0.99985534,0.99985534,2.123414e-06,5.958193e-06,7.3955955e-05,2.3850996e-06,2.6463174e-05,1.9438094e-05,1.4403677e-05
5317,201_00974,201,974,0,N,0,N,0,N,0.99984914,0.99984914,2.3629968e-06,5.9361896e-06,7.833578e-05,2.5295321e-06,2.6031157e-05,1.928268e-05,1.6489794e-05
5318,201_00975,201,975,0,N,0,N,0,N,0.99986047,0.99986047,2.1609571e-06,5.625301e-06,7.3408104e-05,2.2401885e-06,2.4646248e-05,1.6852799e-05,1.4646673e-05
5319,201_00976,201,976,0,N,0,N,0,N,0.99985474,0.99985474,1.8827632e-06,5.6903236e-06,7.322596e-05,2.4024114e-06,2.9361043e-05,1.9803816e-05,1.292986e-05
5320,201_00977,201,977,0,N,0,N,0,N,0.99986,0.99986,2.3086177e-06,5.455971e-06,7.1836526e-05,2.7064762e-06,2.4605231e-05,1.962617e-05,1.3506594e-05
5321,201_00978,201,978,5,ABERR,0,N,0,N,0.9998471,0.9998471,2.3391938e-06,4.75967e-06,7.770941e-05,3.6538854e-06,2.8516271e-05,2.1247832e-05,1.4650919e-05
5322,201_00979,201,979,0,N,5,ABERR,0,N,0.99985653,0.99985653,1.1503267e-05,3.643547e-06,8.370118e-05,8.428468e-06,2.6595551e-05,4.158943e-06,5.398599e-06
5323,201_00980,201,980,0,N,0,N,0,N,0.99973553,0.99973553,4.045017e-05,6.2895865e-06,0.0001538595,1.2231113e-05,3.3899225e-05,5.7791726e-06,1.1927618e-05
5324,201_00981,201,981,0,N,0,N,0,N,0.9996275,0.9996275,6.4128246e-05,8.597539e-06,0.0002231882,1.31557335e-05,3.3560078e-05,8.468243e-06,2.148603e-05
5325,201_00982,201,982,0,N,0,N,0,N,0.9998527,0.9998527,2.667993e-06,5.8532596e-06,7.431988e-05,3.0886308e-06,2.5119241e-05,2.2090539e-05,1.4189922e-05
5326,201_00983,201,983,0,N,0,N,0,N,0.9998428,0.9998428,2.1122971e-06,6.2754857e-06,7.7537996e-05,2.695796e-06,3.129286e-05,2.310654e-05,1.4125311e-05
5327,201_00984,201,984,0,N,0,N,0,N,0.999842,0.999842,2.0564473e-06,5.8792166e-06,7.613886e-05,3.2542173e-06,3.3050936e-05,2.5307196e-05,1.23199525e-05
5328,201_00985,201,985,0,N,0,N,0,N,0.99986213,0.99986213,1.9004923e-06,5.603283e-06,7.023405e-05,2.2525082e-06,2.6901607e-05,1.8400426e-05,1.2525009e-05
5329,201_00986,201,986,0,N,0,N,0,N,0.999825,0.999825,2.4189198e-06,7.229347e-06,8.6070286e-05,2.848831e-06,3.2323675e-05,2.6051737e-05,1.8018734e-05
5330,201_00987,201,987,0,N,0,N,0,N,0.999839,0.999839,2.203987e-06,6.0409375e-06,8.1014914e-05,2.843838e-06,3.0163035e-05,2.249671e-05,1.6252072e-05
5331,201_00988,201,988,5,ABERR,0,N,0,N,0.99983543,0.99983543,1.9969787e-06,4.704939e-06,7.987324e-05,4.2946585e-06,3.675927e-05,2.4709761e-05,1.2329134e-05
5332,201_00989,201,989,0,N,5,ABERR,0,N,0.999903,0.999903,6.895896e-06,2.5345635e-06,5.8038513e-05,7.592506e-06,1.4815742e-05,4.0614573e-06,3.0225683e-06
5333,201_00990,201,990,0,N,0,N,0,N,0.9999197,0.9999197,2.8630354e-06,2.4600822e-06,4.5486817e-05,6.10201e-06,1.3991197e-05,6.2390764e-06,3.2859755e-06
5334,201_00991,201,991,0,N,0,N,0,N,0.9998752,0.9998752,8.94608e-06,4.1924236e-06,7.626363e-05,4.88241e-06,1.9935445e-05,4.40885e-06,6.187238e-06
5335,201_00992,201,992,0,N,0,N,0,N,0.99985665,0.99985665,2.1047636e-06,5.82295e-06,7.131887e-05,2.6483872e-06,2.7553937e-05,2.126699e-05,1.2677416e-05
5336,201_00993,201,993,0,N,0,N,0,N,0.9998539,0.9998539,2.033027e-06,6.160129e-06,7.493274e-05,2.201734e-06,2.7454922e-05,1.8721646e-05,1.4689255e-05
5337,201_00994,201,994,0,N,0,N,0,N,0.9998157,0.9998157,2.335291e-06,7.309092e-06,9.138505e-05,2.7664908e-06,3.5681973e-05,2.5275152e-05,1.9583029e-05
5338,201_00995,201,995,0,N,0,N,0,N,0.99981534,0.99981534,2.1852848e-06,7.037159e-06,8.7646324e-05,3.2386538e-06,4.008924e-05,2.9083521e-05,1.5296268e-05
5339,201_00996,201,996,3,APC,0,N,0,N,0.99985856,0.99985856,1.8298765e-06,4.1091853e-06,6.578315e-05,5.0776466e-06,3.2215565e-05,2.4828349e-05,7.5217717e-06
5340,201_00997,201,997,0,N,3,APC,0,N,0.99990684,0.99990684,1.5448874e-06,2.8685686e-06,5.058652e-05,3.0778008e-06,2.007093e-05,8.937775e-06,6.1803566e-06
5341,201_00998,201,998,0,N,0,N,0,N,0.9999183,0.9999183,1.5322014e-06,2.2213942e-06,4.72191e-05,3.6309925e-06,1.5292722e-05,7.086206e-06,4.867362e-06
5342,201_00999,201,999,0,N,0,N,0,N,0.9998666,0.9998666,3.4974464e-06,3.850326e-06,8.238517e-05,3.0254373e-06,1.766112e-05,7.912926e-06,1.500772e-05
5343,201_01000,201,1000,0,N,0,N,0,N,0.99984926,0.99984926,2.360533e-06,6.4374212e-06,7.2644005e-05,3.0386918e-06,2.859959e-05,2.5286752e-05,1.2454715e-05
5344,201_01001,201,1001,0,N,0,N,0,N,0.9998527,0.9998527,2.3687473e-06,6.067765e-06,7.397234e-05,2.7242284e-06,2.6103044e-05,2.196854e-05,1.413018e-05
5345,201_01002,201,1002,0,N,0,N,0,N,0.9998366,0.9998366,2.4857761e-06,6.012519e-06,8.174308e-05,3.233729e-06,2.9555873e-05,2.4258776e-05,1.6164082e-05
5346,201_01003,201,1003,0,N,0,N,0,N,0.9997943,0.9997943,2.496966e-06,7.466231e-06,9.928012e-05,3.4394598e-06,4.1660536e-05,2.970458e-05,2.1740192e-05
5347,201_01004,201,1004,0,N,0,N,0,N,0.9997768,0.9997768,1.9531767e-06,7.3808487e-06,0.000103728584,3.3062222e-06,5.8350783e-05,2.9968398e-05,1.8481016e-05
5348,201_01005,201,1005,0,N,0,N,0,N,0.9997739,0.9997739,1.968186e-06,7.3561064e-06,0.00010673711,3.1590343e-06,5.7936573e-05,2.8971917e-05,1.9819634e-05
5349,201_01006,201,1006,0,N,0,N,0,N,0.99978524,0.99978524,1.7261002e-06,5.836438e-06,9.6678654e-05,4.0636055e-06,6.4305576e-05,2.9054923e-05,1.3141394e-05
5350,201_01007,201,1007,0,N,0,N,0,N,0.9997568,0.9997568,2.0032592e-06,6.3468e-06,0.0001070365,5.0640733e-06,7.215599e-05,3.5509092e-05,1.5183464e-05
5351,201_01008,201,1008,0,N,0,N,0,N,0.9998038,0.9998038,1.7965855e-06,6.1612773e-06,9.074495e-05,3.48325e-06,5.276983e-05,2.7812253e-05,1.3394522e-05
5352,201_01009,201,1009,0,N,0,N,0,N,0.9998457,0.9998457,1.778339e-06,4.9038013e-06,7.494534e-05,3.304436e-06,3.5883837e-05,2.2298085e-05,1.1169769e-05
5353,201_01010,201,1010,0,N,0,N,0,N,0.99983793,0.99983793,1.9921465e-06,5.2774876e-06,7.551672e-05,4.303061e-06,3.7038448e-05,2.8146264e-05,9.930523e-06
5354,201_01011,201,1011,0,N,0,N,0,N,0.9998457,0.9998457,1.9808706e-06,6.466576e-06,7.308709e-05,2.8458974e-06,3.3132004e-05,2.4951412e-05,1.1850433e-05
5355,201_01012,201,1012,0,N,0,N,0,N,0.9998533,0.9998533,2.301414e-06,6.3426687e-06,7.3377545e-05,2.551216e-06,2.6427031e-05,2.140016e-05,1.4324072e-05
5356,201_01013,201,1013,0,N,0,N,0,N,0.9998422,0.9998422,2.598275e-06,5.7238503e-06,7.8299316e-05,3.6500853e-06,2.7389535e-05,2.493163e-05,1.5174859e-05
5357,201_01014,201,1014,0,N,0,N,0,N,0.99984676,0.99984676,2.6109274e-06,5.041216e-06,7.486206e-05,4.668534e-06,2.7612508e-05,2.5931067e-05,1.2464974e-05
5358,201_01015,201,1015,0,N,0,N,0,N,0.9998508,0.9998508,2.2458676e-06,5.618641e-06,7.227601e-05,3.4165992e-06,2.9365352e-05,2.4449595e-05,1.185428e-05
5359,201_01016,201,1016,0,N,0,N,0,N,0.9998451,0.9998451,2.174027e-06,5.9799745e-06,7.698563e-05,2.795582e-06,3.0142946e-05,2.2652002e-05,1.4346512e-05
5360,201_01017,201,1017,0,N,0,N,0,N,0.99983305,0.99983305,2.6110808e-06,5.4779402e-06,8.271463e-05,4.1056132e-06,3.0467572e-05,2.6128631e-05,1.5495105e-05
5361,201_01018,201,1018,0,N,0,N,0,N,0.9998038,0.9998038,2.7511558e-06,6.396513e-06,9.192064e-05,5.1560028e-06,3.8348164e-05,3.47137e-05,1.6945347e-05
5362,201_01019,201,1019,0,N,0,N,0,N,0.99984425,0.99984425,2.505423e-06,5.7617935e-06,7.809387e-05,3.1936388e-06,2.7773594e-05,2.2876065e-05,1.5602249e-05
5363,201_01020,201,1020,0,N,0,N,0,N,0.99980986,0.99980986,3.5741991e-06,6.162784e-06,9.0868045e-05,6.0768343e-06,3.083888e-05,3.4485838e-05,1.8082965e-05
5364,201_01021,201,1021,0,N,0,N,0,N,0.9998482,0.9998482,2.7542394e-06,5.1851875e-06,7.505211e-05,4.403336e-06,2.5992309e-05,2.5271562e-05,1.3172023e-05
5365,201_01022,201,1022,0,N,0,N,0,N,0.99986243,0.99986243,2.3922535e-06,4.912857e-06,6.6284054e-05,4.39858e-06,2.5639656e-05,2.414614e-05,9.743379e-06
5366,201_01023,201,1023,0,N,0,N,0,N,0.99984735,0.99984735,1.942051e-06,5.5312703e-06,7.0900394e-05,3.7977197e-06,3.429821e-05,2.6417776e-05,9.810355e-06
5367,201_01024,201,1024,0,N,0,N,0,N,0.9998484,0.9998484,1.7984503e-06,5.5472988e-06,7.047839e-05,3.392998e-06,3.603438e-05,2.4862833e-05,9.627848e-06
5368,201_01025,201,1025,0,N,0,N,0,N,0.99983233,0.99983233,1.9492918e-06,5.7512943e-06,7.6871365e-05,3.9085776e-06,4.034459e-05,2.8501874e-05,1.0309168e-05
5369,201_01026,201,1026,0,N,0,N,0,N,0.99986386,0.99986386,2.0861758e-06,4.8973006e-06,6.712166e-05,3.2787677e-06,2.7112337e-05,2.1504293e-05,9.9980225e-06
5370,201_01027,201,1027,0,N,0,N,0,N,0.9998716,0.9998716,1.9506274e-06,4.621256e-06,6.27904e-05,3.4323464e-06,2.601886e-05,2.078807e-05,8.651281e-06
5371,201_01028,201,1028,0,N,0,N,0,N,0.99984545,0.99984545,1.9956697e-06,5.831254e-06,7.375119e-05,3.1965617e-06,3.348526e-05,2.491372e-05,1.1363445e-05
5372,201_01029,201,1029,0,N,0,N,0,N,0.9997861,0.9997861,2.256766e-06,8.521163e-06,9.776939e-05,3.3964673e-06,5.019115e-05,3.5088156e-05,1.6832335e-05
5373,201_01030,201,1030,0,N,0,N,0,N,0.9998126,0.9998126,2.0546322e-06,7.697479e-06,8.891262e-05,2.784189e-06,4.1746407e-05,2.8280027e-05,1.6045495e-05
5374,201_01031,201,1031,0,N,0,N,0,N,0.99984723,0.99984723,2.4635406e-06,5.0772596e-06,7.440664e-05,4.466651e-06,2.8503768e-05,2.6199017e-05,1.1685022e-05
5375,201_01032,201,1032,0,N,0,N,0,N,0.9998745,0.9998745,2.219628e-06,3.997107e-06,6.3362044e-05,4.134751e-06,2.3293991e-05,1.9602174e-05,8.869085e-06
5376,201_01033,201,1033,0,N,0,N,0,N,0.9998696,0.9998696,2.2115182e-06,4.5800307e-06,6.422936e-05,3.820177e-06,2.5466185e-05,2.0869567e-05,9.285851e-06
5377,201_01034,201,1034,0,N,0,N,0,N,0.99987054,0.99987054,1.5569223e-06,4.2634515e-06,6.147757e-05,3.3642416e-06,3.1541418e-05,1.9991536e-05,7.1903523e-06
5378,201_01035,201,1035,0,N,0,N,0,N,0.9998174,0.9998174,1.9968056e-06,6.691405e-06,8.531566e-05,3.3335252e-06,4.2986147e-05,2.8788998e-05,1.3555208e-05
5379,201_01036,201,1036,0,N,0,N,0,N,0.9998199,0.9998199,2.3312464e-06,7.698468e-06,8.791712e-05,2.7514625e-06,3.4182747e-05,2.6244514e-05,1.8974359e-05
5380,201_01037,201,1037,0,N,0,N,0,N,0.99983996,0.99983996,2.2769132e-06,5.904585e-06,7.941613e-05,3.170111e-06,2.968079e-05,2.361467e-05,1.594968e-05
5381,201_01038,201,1038,0,N,0,N,0,N,0.9998641,0.9998641,1.967793e-06,5.1631387e-06,6.747345e-05,3.0161102e-06,2.6476053e-05,2.0440932e-05,1.1313958e-05
5382,201_01039,201,1039,0,N,0,N,0,N,0.9998469,0.9998469,1.7108582e-06,5.5959667e-06,7.118241e-05,3.08323e-06,3.8184862e-05,2.371481e-05,9.643731e-06
5383,201_01040,201,1040,0,N,0,N,0,N,0.999874,0.999874,2.096832e-06,4.573386e-06,6.4281914e-05,2.9904602e-06,2.3491952e-05,1.8417444e-05,1.0075886e-05
5384,201_01041,201,1041,0,N,0,N,0,N,0.9998754,0.9998754,2.3242408e-06,3.7984205e-06,6.365694e-05,4.464984e-06,2.1748074e-05,1.9667863e-05,8.969207e-06
5385,201_01042,201,1042,0,N,0,N,0,N,0.99983555,0.99983555,3.6504332e-06,5.5355854e-06,8.31063e-05,4.897895e-06,2.4225688e-05,2.6197387e-05,1.6901986e-05
5386,201_01043,201,1043,0,N,0,N,0,N,0.9998618,0.9998618,2.4898293e-06,5.1959646e-06,6.733515e-05,4.024707e-06,2.4966119e-05,2.3909486e-05,1.03333505e-05
5387,201_01044,201,1044,0,N,0,N,0,N,0.99986327,0.99986327,2.24599e-06,5.463518e-06,6.812924e-05,2.908906e-06,2.5421255e-05,2.1100483e-05,1.14876575e-05
5388,201_01045,201,1045,0,N,0,N,0,N,0.99987304,0.99987304,2.1344783e-06,4.697727e-06,6.2324485e-05,3.6926335e-06,2.4127981e-05,2.127038e-05,8.688169e-06
5389,201_01046,201,1046,0,N,0,N,0,N,0.99984926,0.99984926,2.0469352e-06,5.5795886e-06,7.2625924e-05,3.2378464e-06,3.1880907e-05,2.4065981e-05,1.1298382e-05
5390,201_01047,201,1047,0,N,0,N,0,N,0.99984366,0.99984366,2.163589e-06,5.6692497e-06,7.445712e-05,3.5947144e-06,3.312625e-05,2.5990606e-05,1.1422367e-05
5391,201_01048,201,1048,5,ABERR,0,N,0,N,0.9998727,0.9998727,1.8971676e-06,3.972895e-06,6.237632e-05,4.0720574e-06,2.659096e-05,2.0356327e-05,8.0601685e-06
5392,201_01049,201,1049,5,ABERR,5,ABERR,0,N,0.9996112,0.9996112,4.6879613e-05,8.7770395e-06,0.00019794452,2.0411335e-05,9.477775e-05,7.0741253e-06,1.2952365e-05
5393,201_01050,201,1050,0,N,5,ABERR,0,N,0.9956135,0.9956135,0.002217988,2.8634206e-05,0.0012532297,0.00025368368,0.0005475436,2.6003057e-05,5.9495826e-05
5394,201_01051,201,1051,0,N,0,N,0,N,0.9293461,0.9293461,0.061636306,8.492253e-05,0.006451921,0.0010779435,0.0010219511,8.477599e-05,0.00029606465
5395,201_01052,201,1052,0,N,0,N,0,N,0.99886805,0.99886805,0.00034714484,2.235091e-05,0.00055742543,3.386067e-05,0.000109216366,1.3314289e-05,4.8594105e-05
5396,201_01053,201,1053,0,N,0,N,0,N,0.99984246,0.99984246,2.6314742e-06,5.7633993e-06,7.8684614e-05,3.4094942e-06,2.8154176e-05,2.3813904e-05,1.5108756e-05
5397,201_01054,201,1054,0,N,0,N,0,N,0.99984485,0.99984485,2.2814716e-06,5.0049143e-06,7.686779e-05,3.935576e-06,3.0138426e-05,2.4361147e-05,1.2650781e-05
5398,201_01055,201,1055,0,N,0,N,0,N,0.9998576,0.9998576,2.5282682e-06,4.755532e-06,7.076271e-05,4.2532597e-06,2.5514984e-05,2.3451297e-05,1.1129283e-05
5399,201_01056,201,1056,0,N,0,N,0,N,0.99982965,0.99982965,2.5491033e-06,7.837248e-06,8.444015e-05,2.545389e-06,2.9396226e-05,2.4660065e-05,1.8931363e-05
5400,201_01057,201,1057,0,N,0,N,0,N,0.99937415,0.99937415,1.0057931e-05,2.6273348e-05,0.0003150486,6.432393e-06,0.00018569424,1.7477938e-05,6.4888394e-05
5401,201_01058,201,1058,3,APC,0,N,0,N,0.98989433,0.98989433,0.00065021054,9.168192e-05,0.0036535962,0.0013069739,0.0035451741,0.00010551649,0.0007523938
5402,201_01059,201,1059,0,N,3,APC,0,N,0.9922044,0.9922044,0.0009841723,4.8105954e-05,0.003381159,0.0016850133,0.0010837434,7.2702904e-05,0.0005407285
5403,201_01060,201,1060,0,N,0,N,0,N,0.98873985,0.98873985,0.001090692,6.786843e-05,0.0052775247,0.0016995781,0.0013355786,0.00013137957,0.0016576049
5404,201_01061,201,1061,3,APC,0,N,0,N,0.9992142,0.9992142,2.7626873e-05,1.393221e-05,0.00041450214,3.7255097e-05,0.00017522844,2.8879858e-05,8.840869e-05
5405,201_01062,201,1062,0,N,3,APC,0,N,0.99985963,0.99985963,2.3541345e-06,4.9437876e-06,7.4382304e-05,2.8759491e-06,2.4867239e-05,1.565031e-05,1.5426333e-05
5406,201_01063,201,1063,5,ABERR,0,N,0,N,0.9998936,0.9998936,1.955862e-06,2.7080105e-06,5.773621e-05,4.393016e-06,2.0344702e-05,1.1815521e-05,7.538567e-06
5407,201_01064,201,1064,7,NESC,5,ABERR,0,N,0.99869496,0.99869496,0.00045183368,1.6153803e-05,0.0005811735,7.217118e-05,0.00011211722,1.738876e-05,5.424127e-05
5408,201_01065,201,1065,0,N,7,NESC,0,N,0.9950472,0.9950472,0.0033120795,3.7161382e-05,0.0012644978,0.000102740116,0.00013589492,2.7082966e-05,7.3367024e-05
5409,201_01066,201,1066,0,N,0,N,0,N,0.9852894,0.9852894,0.009914561,0.00011376834,0.0039583864,0.0001623484,0.00023722916,6.6177905e-05,0.0002581479
5410,201_01067,201,1067,0,N,0,N,0,N,0.9998306,0.9998306,2.3900316e-06,8.356601e-06,7.6515775e-05,3.041975e-06,3.4704437e-05,3.1650714e-05,1.2622907e-05
5411,201_01068,201,1068,0,N,0,N,0,N,0.9998551,0.9998551,1.6822577e-06,6.2023137e-06,6.990052e-05,2.2076345e-06,3.360837e-05,2.0991305e-05,1.034541e-05
5412,201_01069,201,1069,3,APC,0,N,0,N,0.9998613,0.9998613,1.6549823e-06,4.4160097e-06,6.680582e-05,3.3342121e-06,3.3128257e-05,2.0930605e-05,8.443311e-06
5413,201_01070,201,1070,3,APC,3,APC,0,N,0.99992585,0.99992585,1.5620845e-06,1.9768058e-06,4.24227e-05,4.0024042e-06,1.5058444e-05,5.5577793e-06,3.568738e-06
5414,201_01071,201,1071,0,N,3,APC,0,N,0.99991053,0.99991053,2.0004684e-06,2.6278815e-06,5.364261e-05,3.0207236e-06,1.553777e-05,6.29397e-06,6.4685373e-06
5415,201_01072,201,1072,0,N,0,N,0,N,0.999866,0.999866,5.662244e-06,3.2330195e-06,8.408465e-05,6.623648e-06,1.5876536e-05,7.810417e-06,1.0623798e-05
5416,201_01073,201,1073,0,N,0,N,0,N,0.9998753,0.9998753,2.0109103e-06,4.094112e-06,6.4157786e-05,3.3642834e-06,2.3518862e-05,1.7790015e-05,9.7590355e-06
5417,201_01074,201,1074,0,N,0,N,0,N,0.9998583,0.9998583,1.9050398e-06,3.3627634e-06,6.229701e-05,8.405878e-06,3.2315347e-05,2.7508875e-05,5.8318683e-06
5418,201_01075,201,1075,0,N,0,N,0,N,0.9998978,0.9998978,1.2707866e-06,2.8582203e-06,5.1387236e-05,3.1352934e-06,2.5281566e-05,1.3105263e-05,5.184085e-06
5419,201_01076,201,1076,0,N,0,N,0,N,0.99989825,0.99989825,1.5878298e-06,2.757889e-06,5.097059e-05,4.4698195e-06,2.2052098e-05,1.5028403e-05,5.0534227e-06
5420,201_01077,201,1077,0,N,0,N,0,N,0.99988544,0.99988544,1.986254e-06,4.6950845e-06,6.237313e-05,1.9955287e-06,2.0548576e-05,1.2002658e-05,1.089567e-05
5421,201_01078,201,1078,0,N,0,N,0,N,0.9998986,0.9998986,2.0419375e-06,3.5633627e-06,5.4736018e-05,3.0048736e-06,1.8329794e-05,1.22966685e-05,7.4550776e-06
5422,201_01079,201,1079,0,N,0,N,0,N,0.99989456,0.99989456,2.372905e-06,3.4790412e-06,5.8054517e-05,3.7257164e-06,1.6744178e-05,1.3111359e-05,8.022522e-06
5423,201_01080,201,1080,5,ABERR,0,N,0,N,0.999896,0.999896,1.9858467e-06,2.8509846e-06,5.037228e-05,6.6087664e-06,1.97089e-05,1.7831846e-05,4.768521e-06
5424,201_01081,201,1081,7,NESC,5,ABERR,0,N,0.99976814,0.99976814,1.8034456e-05,6.044111e-06,0.0001190484,1.14388695e-05,6.499289e-05,5.1200104e-06,7.0559045e-06
5425,201_01082,201,1082,3,APC,7,NESC,0,N,0.99882805,0.99882805,0.0003790386,1.9205845e-05,0.00050209044,6.319868e-05,0.00015657747,1.4484813e-05,3.7472197e-05
5426,201_01083,201,1083,0,N,3,APC,0,N,0.9605056,0.9605056,0.028162405,0.00013641827,0.00859651,0.00068648753,0.0006626634,0.00013367168,0.0011162506
5427,201_01084,201,1084,0,N,0,N,0,N,0.9996903,0.9996903,7.3131323e-06,1.5072365e-05,0.00015647041,3.3062738e-06,2.9513496e-05,2.8185055e-05,6.978104e-05
5428,201_01085,201,1085,0,N,0,N,0,N,0.99972945,0.99972945,6.445317e-06,4.665796e-06,0.00015421817,1.0652821e-05,3.243969e-05,1.9479921e-05,4.2760767e-05
5429,201_01086,201,1086,0,N,0,N,0,N,0.9999146,0.9999146,1.1349342e-06,2.6510425e-06,4.2768115e-05,3.2054436e-06,2.2311704e-05,9.398698e-06,3.889128e-06
5430,201_01087,201,1087,0,N,0,N,0,N,0.9998984,0.9998984,1.0409112e-06,2.621849e-06,4.746802e-05,3.9067077e-06,3.06855e-05,1.2049377e-05,3.9247484e-06
5431,201_01088,201,1088,0,N,0,N,0,N,0.9999098,0.9999098,1.3717274e-06,3.7332034e-06,4.7231984e-05,2.133342e-06,2.0015501e-05,9.811884e-06,5.9818162e-06
5432,201_01089,201,1089,0,N,0,N,0,N,0.99987996,0.99987996,1.7246923e-06,4.180849e-06,6.1873885e-05,2.5133763e-06,2.472371e-05,1.5662783e-05,9.394592e-06
5433,201_01090,201,1090,0,N,0,N,0,N,0.99984807,0.99984807,2.2350628e-06,5.9421304e-06,7.8121506e-05,2.5153752e-06,2.7481217e-05,1.966618e-05,1.6055172e-05
5434,201_01091,201,1091,0,N,0,N,0,N,0.9998458,0.9998458,2.3795583e-06,6.5887884e-06,8.009895e-05,2.2715346e-06,2.6179972e-05,1.9055147e-05,1.7595807e-05
5435,201_01092,201,1092,0,N,0,N,0,N,0.99982715,0.99982715,2.2766994e-06,6.6953517e-06,8.830893e-05,2.559855e-06,3.1604337e-05,2.1305317e-05,2.0181726e-05
5436,201_01093,201,1093,0,N,0,N,0,N,0.999839,0.999839,2.0682023e-06,6.632053e-06,8.032215e-05,2.4587907e-06,3.178971e-05,2.2282717e-05,1.5464002e-05
5437,201_01094,201,1094,0,N,0,N,0,N,0.9998294,0.9998294,2.3685861e-06,5.542281e-06,8.340425e-05,3.940439e-06,3.401284e-05,2.6355023e-05,1.5011212e-05
5438,201_01095,201,1095,3,APC,0,N,0,N,0.99983746,0.99983746,2.3232042e-06,5.115948e-06,7.955738e-05,4.15398e-06,3.2433265e-05,2.5359435e-05,1.3538013e-05
5439,201_01096,201,1096,3,APC,3,APC,0,N,0.9998413,0.9998413,2.4576898e-06,3.2542212e-06,7.759661e-05,8.514712e-06,3.0334833e-05,2.579945e-05,1.092129e-05
5440,201_01097,201,1097,0,N,3,APC,0,N,0.9998955,0.9998955,2.0797497e-06,3.0555886e-06,5.914627e-05,3.1414877e-06,1.7731412e-05,1.0857111e-05,8.580192e-06
5441,201_01098,201,1098,0,N,0,N,0,N,0.99986875,0.99986875,3.5555981e-06,3.1911475e-06,7.694943e-05,5.29316e-06,1.7150214e-05,1.2605247e-05,1.2443607e-05
5442,201_01099,201,1099,3,APC,0,N,0,N,0.9998702,0.9998702,2.6881396e-06,5.6116705e-06,7.07043e-05,2.3274538e-06,1.9524346e-05,1.5306066e-05,1.3632869e-05
5443,201_01100,201,1100,0,N,3,APC,0,N,0.9998384,0.9998384,3.926811e-06,4.9223013e-06,8.008476e-05,6.7197034e-06,2.3323895e-05,2.7930837e-05,1.4726154e-05
5444,201_01101,201,1101,0,N,0,N,0,N,0.9998588,0.9998588,2.901407e-06,4.65682e-06,7.174791e-05,4.492716e-06,2.296451e-05,2.2342056e-05,1.2138584e-05
5445,201_01102,201,1102,0,N,0,N,0,N,0.99983317,0.99983317,3.3850922e-06,5.697711e-06,8.5582826e-05,4.0550044e-06,2.5475823e-05,2.3208082e-05,1.951575e-05
5446,201_01103,201,1103,0,N,0,N,0,N,0.99987686,0.99987686,1.8198231e-06,4.7015637e-06,6.2879e-05,2.40614e-06,2.4838157e-05,1.6311538e-05,1.0119761e-05
5447,201_01104,201,1104,0,N,0,N,0,N,0.99985296,0.99985296,1.8270657e-06,4.4844537e-06,7.193879e-05,3.649992e-06,3.2970263e-05,2.1712294e-05,1.0455633e-05
5448,201_01105,201,1105,3,APC,0,N,0,N,0.9998533,0.9998533,1.8609622e-06,5.534211e-06,7.169772e-05,2.7426e-06,3.1899195e-05,2.12655e-05,1.171968e-05
5449,201_01106,201,1106,3,APC,3,APC,0,N,0.99989825,0.99989825,1.9282493e-06,2.7500882e-06,5.507116e-05,4.1990183e-06,1.8076822e-05,1.2768899e-05,6.98869e-06
5450,201_01107,201,1107,0,N,3,APC,0,N,0.9998878,0.9998878,2.1014193e-06,4.04031e-06,6.328444e-05,2.2467777e-06,1.8134893e-05,1.13295255e-05,1.0999578e-05
5451,201_01108,201,1108,0,N,0,N,0,N,0.999847,0.999847,3.844189e-06,4.9074943e-06,8.856505e-05,3.1745474e-06,1.879515e-05,1.3985391e-05,1.9771715e-05
5452,201_01109,201,1109,0,N,0,N,0,N,0.9998575,0.9998575,2.6705843e-06,5.679464e-06,7.714651e-05,2.4211472e-06,2.1473968e-05,1.6686505e-05,1.6491678e-05
5453,201_01110,201,1110,5,ABERR,0,N,0,N,0.9998652,0.9998652,1.8121194e-06,3.6216907e-06,6.597105e-05,4.66083e-06,2.9696546e-05,2.0732065e-05,8.33594e-06
5454,201_01111,201,1111,0,N,5,ABERR,0,N,0.9995541,0.9995541,3.989777e-05,9.810827e-06,0.00021668234,2.5287605e-05,0.00012995492,9.028543e-06,1.5262069e-05
5455,201_01112,201,1112,0,N,0,N,0,N,0.9993954,0.9993954,9.238533e-05,1.2368414e-05,0.0003064397,3.1675154e-05,0.00012676929,1.0350658e-05,2.4552553e-05
5456,201_01113,201,1113,0,N,0,N,0,N,0.99975264,0.99975264,1.7449476e-05,7.5142502e-06,0.00014710386,7.6107835e-06,4.221217e-05,6.809945e-06,1.8670062e-05
5457,201_01114,201,1114,0,N,0,N,0,N,0.99984473,0.99984473,2.1242279e-06,5.2960218e-06,7.71278e-05,3.1812956e-06,3.1688218e-05,2.2277785e-05,1.3550099e-05
5458,201_01115,201,1115,0,N,0,N,0,N,0.99983364,0.99983364,1.9367164e-06,4.775615e-06,8.025488e-05,4.0698255e-06,3.867324e-05,2.469365e-05,1.19562255e-05
5459,201_01116,201,1116,0,N,0,N,0,N,0.99988365,0.99988365,2.037066e-06,3.3893043e-06,5.984898e-05,4.253083e-06,2.1762444e-05,1.6975493e-05,7.964772e-06
5460,201_01117,201,1117,0,N,0,N,0,N,0.9998703,0.9998703,2.0642215e-06,4.1629287e-06,6.6184264e-05,3.4567227e-06,2.5222447e-05,1.8282366e-05,1.0323117e-05
5461,201_01118,201,1118,0,N,0,N,0,N,0.9998389,0.9998389,2.216076e-06,4.7026588e-06,7.918689e-05,4.2560005e-06,3.3673146e-05,2.378842e-05,1.32553605e-05
5462,201_01119,201,1119,3,APC,0,N,0,N,0.9998255,0.9998255,1.818028e-06,4.551331e-06,8.1661135e-05,4.708286e-06,4.4658533e-05,2.649655e-05,1.05238805e-05
5463,201_01120,201,1120,3,APC,3,APC,0,N,0.9998746,0.9998746,2.727041e-06,3.3319677e-06,6.196378e-05,7.5958746e-06,2.0410427e-05,2.137041e-05,7.987299e-06
5464,201_01121,201,1121,0,N,3,APC,0,N,0.99989396,0.99989396,2.843235e-06,4.0609093e-06,6.113342e-05,2.832588e-06,1.6070262e-05,9.851408e-06,9.25043e-06
5465,201_01122,201,1122,0,N,0,N,0,N,0.99983,0.99983,4.1885455e-06,6.938362e-06,8.81858e-05,3.451494e-06,2.2980303e-05,2.2735328e-05,2.1447673e-05
5466,201_01123,201,1123,0,N,0,N,0,N,0.9998846,0.9998846,2.2533752e-06,4.937706e-06,6.5389555e-05,1.9267102e-06,1.7958786e-05,1.0804089e-05,1.2063929e-05
5467,201_01124,201,1124,0,N,0,N,0,N,0.99978954,0.99978954,2.1474118e-06,7.635821e-06,9.702859e-05,3.5552014e-06,5.0259965e-05,3.236074e-05,1.7485485e-05
5468,201_01125,201,1125,0,N,0,N,0,N,0.9998777,0.9998777,1.7301642e-06,4.8482216e-06,6.208819e-05,2.2946892e-06,2.520585e-05,1.616675e-05,9.956599e-06
5469,201_01126,201,1126,5,ABERR,0,N,0,N,0.99988925,0.99988925,1.3798417e-06,2.940399e-06,5.4877677e-05,3.9011247e-06,2.6453574e-05,1.5229012e-05,5.8041337e-06
5470,201_01127,201,1127,5,ABERR,5,ABERR,0,N,0.99951565,0.99951565,5.477019e-05,1.0175137e-05,0.000231722,2.812485e-05,0.00013639093,8.70802e-06,1.4496139e-05
5471,201_01128,201,1128,0,N,5,ABERR,0,N,0.9953331,0.9953331,0.001892502,3.159446e-05,0.0014306419,0.00037424453,0.0008308011,3.2456788e-05,7.472309e-05
5472,201_01129,201,1129,0,N,0,N,0,N,0.9629715,0.9629715,0.028740136,7.414511e-05,0.0054880287,0.0011431475,0.0011523061,9.2677146e-05,0.00033816553
5473,201_01130,201,1130,0,N,0,N,0,N,0.9979703,0.9979703,0.00049971015,3.5284593e-05,0.0009858089,8.4023006e-05,0.00028128337,2.8710201e-05,0.000114918694
5474,201_01131,201,1131,0,N,0,N,0,N,0.9998219,0.9998219,2.431114e-06,6.405511e-06,8.8922345e-05,3.149926e-06,3.32574e-05,2.4577628e-05,1.944143e-05
5475,201_01132,201,1132,5,ABERR,0,N,0,N,0.99982107,0.99982107,2.1078604e-06,3.9014876e-06,8.758784e-05,6.0770353e-06,4.02036e-05,2.5020996e-05,1.4001656e-05
5476,201_01133,201,1133,0,N,5,ABERR,0,N,0.99967676,0.99967676,1.7656552e-05,7.3090314e-06,0.00015936306,1.9982515e-05,9.519461e-05,9.464563e-06,1.42156905e-05
5477,201_01134,201,1134,0,N,0,N,0,N,0.9993469,0.9993469,6.116626e-05,1.3009519e-05,0.00034007922,3.882321e-05,0.0001405599,1.7153037e-05,4.2313957e-05
5478,201_01135,201,1135,0,N,0,N,0,N,0.99953836,0.99953836,5.9652662e-05,1.1464993e-05,0.00026386918,1.678569e-05,5.865412e-05,1.1294793e-05,3.986778e-05
5479,201_01136,201,1136,0,N,0,N,0,N,0.9998658,0.9998658,1.9828592e-06,4.6851787e-06,6.632252e-05,3.3080905e-06,2.7393628e-05,2.0775284e-05,9.808608e-06
5480,201_01137,201,1137,0,N,0,N,0,N,0.999862,0.999862,1.895612e-06,4.254634e-06,6.839854e-05,3.7216073e-06,2.9501625e-05,2.0118054e-05,1.0229615e-05
5481,201_01138,201,1138,0,N,0,N,0,N,0.99984854,0.99984854,1.7814605e-06,5.219382e-06,7.4345735e-05,2.8702977e-06,3.4436034e-05,2.1121108e-05,1.1733636e-05
5482,201_01139,201,1139,0,N,0,N,0,N,0.99984974,0.99984974,1.8491434e-06,4.34767e-06,7.373392e-05,3.854843e-06,3.3959208e-05,2.246057e-05,1.0192408e-05
5483,201_01140,201,1140,5,ABERR,0,N,0,N,0.99982846,0.99982846,1.9396045e-06,4.3154478e-06,7.9855476e-05,5.5841037e-06,4.1931813e-05,2.813164e-05,9.699576e-06
5484,201_01141,201,1141,0,N,5,ABERR,0,N,0.999696,0.999696,2.2439455e-05,7.3994993e-06,0.00015400593,1.648051e-05,8.385488e-05,7.4533964e-06,1.2426445e-05
5485,201_01142,201,1142,0,N,0,N,0,N,0.9996057,0.9996057,2.1820872e-05,8.768768e-06,0.00019667875,2.2039656e-05,0.00011356144,1.1090672e-05,2.0409298e-05
5486,201_01143,201,1143,0,N,0,N,0,N,0.99914575,0.99914575,0.0001760625,1.5919464e-05,0.0004531469,3.432818e-05,0.00011507161,1.3113203e-05,4.6624962e-05
5487,201_01144,201,1144,0,N,0,N,0,N,0.9998691,0.9998691,1.7296644e-06,4.456494e-06,6.5339045e-05,2.905826e-06,2.8465081e-05,1.8296507e-05,9.824585e-06
5488,201_01145,201,1145,0,N,0,N,0,N,0.9998563,0.9998563,1.8631893e-06,5.210217e-06,7.1379196e-05,2.7537835e-06,3.0263773e-05,2.0373764e-05,1.1905715e-05
5489,201_01146,201,1146,0,N,0,N,0,N,0.99984735,0.99984735,1.7663934e-06,4.736799e-06,7.40157e-05,3.490495e-06,3.5695182e-05,2.2262382e-05,1.0768156e-05
5490,201_01147,201,1147,5,ABERR,0,N,0,N,0.99985105,0.99985105,1.7353234e-06,3.795605e-06,7.022021e-05,5.2891e-06,3.5901794e-05,2.3820128e-05,8.28284e-06
5491,201_01148,201,1148,5,ABERR,5,ABERR,0,N,0.999822,0.999822,1.6845675e-05,4.175554e-06,9.574575e-05,1.1403932e-05,4.0864023e-05,4.0998516e-06,4.8410443e-06
5492,201_01149,201,1149,0,N,5,ABERR,0,N,0.9911943,0.9911943,0.0059619416,3.2440814e-05,0.0017157386,0.0003840452,0.0006169032,2.9557366e-05,6.503864e-05
5493,201_01150,201,1150,0,N,0,N,0,N,0.9207651,0.9207651,0.069363944,9.810077e-05,0.007145432,0.0011159526,0.0011490727,8.7873086e-05,0.0002746077
5494,201_01151,201,1151,0,N,0,N,0,N,0.99877834,0.99877834,0.00029700968,2.3436733e-05,0.00059738423,4.8541617e-05,0.00019088859,1.6010226e-05,4.8407877e-05
5495,201_01152,201,1152,3,APC,0,N,0,N,0.9997993,0.9997993,2.2073111e-06,7.2204657e-06,9.531711e-05,3.4103682e-06,4.4433273e-05,3.0423633e-05,1.7684366e-05
5496,201_01153,201,1153,3,APC,3,APC,0,N,0.99985296,0.99985296,2.6384675e-06,4.759675e-06,7.253503e-05,4.770754e-06,2.5742145e-05,2.4527862e-05,1.2093692e-05
5497,201_01154,201,1154,0,N,3,APC,0,N,0.99990195,0.99990195,3.0350434e-06,3.3087056e-06,5.8955404e-05,3.1388427e-06,1.5950334e-05,6.364543e-06,7.4580394e-06
5498,201_01155,201,1155,0,N,0,N,0,N,0.99987555,0.99987555,4.6193486e-06,4.7188514e-06,7.560553e-05,3.2607604e-06,1.7360935e-05,7.244662e-06,1.1759495e-05
5499,201_01156,201,1156,0,N,0,N,0,N,0.99990326,0.99990326,2.1467388e-06,3.2340402e-06,5.6571305e-05,2.6778043e-06,1.884909e-05,5.6996155e-06,7.690186e-06
5500,201_01157,201,1157,0,N,0,N,0,N,0.99980015,0.99980015,1.9585161e-06,7.3024153e-06,9.304704e-05,3.1769307e-06,4.890308e-05,2.9674628e-05,1.5784788e-05
5501,201_01158,201,1158,5,ABERR,0,N,0,N,0.99981606,0.99981606,1.6038994e-06,4.7330605e-06,8.616338e-05,3.955582e-06,5.212485e-05,2.3179773e-05,1.2087758e-05
5502,201_01159,201,1159,0,N,5,ABERR,0,N,0.9998465,0.9998465,3.207742e-06,3.8463477e-06,7.23214e-05,8.169397e-06,5.546894e-05,5.5600044e-06,4.8851157e-06
5503,201_01160,201,1160,0,N,0,N,0,N,0.99945223,0.99945223,4.8919126e-05,1.2015584e-05,0.0002811104,2.9285167e-05,0.00013475945,1.2484189e-05,2.9161678e-05
5504,201_01161,201,1161,0,N,0,N,0,N,0.99944246,0.99944246,0.000100487,1.2669675e-05,0.00030888064,1.9773537e-05,7.365203e-05,9.225413e-06,3.289462e-05
5505,201_01162,201,1162,0,N,0,N,0,N,0.99986386,0.99986386,1.8996438e-06,5.2458254e-06,6.7938134e-05,2.593333e-06,2.7719363e-05,1.9682479e-05,1.1116867e-05
5506,201_01163,201,1163,3,APC,0,N,0,N,0.9998239,0.9998239,1.990195e-06,6.0574953e-06,8.4060666e-05,3.3673296e-06,4.049354e-05,2.6594913e-05,1.3588198e-05
5507,201_01164,201,1164,0,N,3,APC,0,N,0.9998834,0.9998834,1.8311056e-06,3.965257e-06,6.119758e-05,2.7729436e-06,2.2177468e-05,1.548826e-05,9.254603e-06
5508,201_01165,201,1165,0,N,0,N,0,N,0.9998852,0.9998852,1.9827805e-06,4.207751e-06,6.3281914e-05,2.255686e-06,1.9551322e-05,1.2350224e-05,1.1061394e-05
5509,201_01166,201,1166,0,N,0,N,0,N,0.99988294,0.99988294,2.5065544e-06,3.676492e-06,6.6367764e-05,3.1917225e-06,1.7728418e-05,1.24471435e-05,1.1130223e-05
5510,201_01167,201,1167,3,APC,0,N,0,N,0.9998205,0.9998205,2.328244e-06,6.343168e-06,8.882458e-05,3.215254e-06,3.4952398e-05,2.5223524e-05,1.8560706e-05
5511,201_01168,201,1168,0,N,3,APC,0,N,0.9998322,0.9998322,4.029327e-06,4.412455e-06,8.244624e-05,8.390418e-06,2.4360374e-05,2.9328197e-05,1.4947527e-05
5512,201_01169,201,1169,0,N,0,N,0,N,0.999844,0.999844,2.688036e-06,4.0558148e-06,7.7440614e-05,6.1465535e-06,2.8094408e-05,2.4879278e-05,1.2671924e-05
5513,201_01170,201,1170,0,N,0,N,0,N,0.9998606,0.9998606,3.5071682e-06,4.875699e-06,7.284942e-05,4.7368253e-06,2.0813926e-05,2.0037718e-05,1.26548775e-05
5514,201_01171,201,1171,0,N,0,N,0,N,0.9998677,0.9998677,1.7236368e-06,4.2078454e-06,6.5133645e-05,3.3295369e-06,2.96052e-05,1.9189678e-05,9.056404e-06
5515,201_01172,201,1172,0,N,0,N,0,N,0.9998445,0.9998445,1.915706e-06,4.675064e-06,7.43521e-05,4.1511616e-06,3.5736262e-05,2.3844768e-05,1.0853492e-05
5516,201_01173,201,1173,0,N,0,N,0,N,0.99983305,0.99983305,1.9439726e-06,5.1995085e-06,8.0303216e-05,3.5955334e-06,3.9083065e-05,2.4188392e-05,1.2673574e-05
5517,201_01174,201,1174,0,N,0,N,0,N,0.999874,0.999874,1.8555619e-06,4.1809913e-06,6.552601e-05,2.6626533e-06,2.5495629e-05,1.5453634e-05,1.0881797e-05
5518,201_01175,201,1175,5,ABERR,0,N,0,N,0.999879,0.999879,1.6790763e-06,3.2016696e-06,6.16299e-05,4.031472e-06,2.6190583e-05,1.5991776e-05,8.178503e-06
5519,201_01176,201,1176,5,ABERR,5,ABERR,0,N,0.9994953,0.9994953,6.228283e-05,9.7831e-06,0.00025035194,3.3687327e-05,0.00012089407,9.816033e-06,1.7923261e-05
5520,201_01177,201,1177,0,N,5,ABERR,0,N,0.99361914,0.99361914,0.003709512,3.056897e-05,0.0015661689,0.00035038925,0.00062884233,2.9160601e-05,6.6201545e-05
5521,201_01178,201,1178,0,N,0,N,0,N,0.9177983,0.9177983,0.07151761,9.3156974e-05,0.007767673,0.0012162684,0.0011524401,0.00010089062,0.000353627
5522,201_01179,201,1179,5,ABERR,0,N,0,N,0.99892265,0.99892265,0.00026746988,1.8920486e-05,0.000494909,4.8404716e-05,0.00020660035,1.2886171e-05,2.8216347e-05
5523,201_01180,201,1180,0,N,5,ABERR,0,N,0.9998256,0.9998256,7.795018e-06,4.813133e-06,9.122278e-05,9.888846e-06,4.716225e-05,6.355486e-06,7.112793e-06
5524,201_01181,201,1181,0,N,0,N,0,N,0.9997009,0.9997009,3.1664753e-05,7.570215e-06,0.0001658722,1.6020844e-05,5.195607e-05,8.148647e-06,1.7947817e-05
5525,201_01182,201,1182,0,N,0,N,0,N,0.99967855,0.99967855,3.0662053e-05,8.430649e-06,0.00019773145,9.892514e-06,3.6911813e-05,8.982608e-06,2.8739742e-05
5526,201_01183,201,1183,0,N,0,N,0,N,0.9998606,0.9998606,2.2248403e-06,5.7766556e-06,7.052664e-05,2.5374452e-06,2.5497862e-05,2.005726e-05,1.2859692e-05
5527,201_01184,201,1184,0,N,0,N,0,N,0.999828,0.999828,2.130815e-06,6.8418226e-06,8.530029e-05,2.653666e-06,3.433059e-05,2.3767705e-05,1.6963431e-05
5528,201_01185,201,1185,5,ABERR,0,N,0,N,0.9998608,0.9998608,1.7761031e-06,4.2792763e-06,6.969803e-05,3.2593912e-06,3.0417204e-05,1.9017982e-05,1.0819235e-05
5529,201_01186,201,1186,0,N,5,ABERR,0,N,0.9999122,0.9999122,2.3378695e-06,2.4971605e-06,4.71626e-05,4.9634505e-06,2.4055862e-05,3.9160873e-06,2.9672647e-06
5530,201_01187,201,1187,0,N,0,N,0,N,0.9998907,0.9998907,3.9429206e-06,3.451496e-06,6.1159866e-05,4.764337e-06,2.683867e-05,4.1819544e-06,4.9403075e-06
5531,201_01188,201,1188,0,N,0,N,0,N,0.9998839,0.9998839,2.807366e-06,3.4648624e-06,6.3435255e-05,4.1417197e-06,2.9053634e-05,5.99662e-06,7.198991e-06
5532,201_01189,201,1189,0,N,0,N,0,N,0.99981356,0.99981356,2.0743066e-06,6.17912e-06,9.0047724e-05,3.3770293e-06,4.209996e-05,2.6599684e-05,1.606157e-05
5533,201_01190,201,1190,0,N,0,N,0,N,0.99983233,0.99983233,1.8340897e-06,4.6264277e-06,8.117896e-05,3.921182e-06,4.0440354e-05,2.405151e-05,1.1636074e-05
5534,201_01191,201,1191,0,N,0,N,0,N,0.9998133,0.9998133,2.2503157e-06,5.6266454e-06,9.0732414e-05,3.998593e-06,4.054141e-05,2.712312e-05,1.628574e-05
5535,201_01192,201,1192,5,ABERR,0,N,0,N,0.9998275,0.9998275,1.8630682e-06,4.4825433e-06,8.317906e-05,4.13688e-06,4.3170512e-05,2.319722e-05,1.2408764e-05
5536,201_01193,201,1193,0,N,5,ABERR,0,N,0.9999111,0.9999111,1.8134699e-06,2.1262804e-06,4.6429283e-05,5.3918648e-06,2.645037e-05,4.0438663e-06,2.746829e-06
5537,201_01194,201,1194,0,N,0,N,0,N,0.99982285,0.99982285,9.173878e-06,5.215571e-06,9.726029e-05,8.17087e-06,4.2178555e-05,5.806705e-06,9.19276e-06
5538,201_01195,201,1195,0,N,0,N,0,N,0.9997623,0.9997623,2.3306377e-05,6.65588e-06,0.0001448028,8.493012e-06,3.355555e-05,6.1318888e-06,1.4715361e-05
5539,201_01196,201,1196,0,N,0,N,0,N,0.99985975,0.99985975,2.2102736e-06,5.2206206e-06,7.214023e-05,2.6899656e-06,2.562233e-05,1.8649016e-05,1.36375775e-05
5540,201_01197,201,1197,0,N,0,N,0,N,0.9998508,0.9998508,2.0764185e-06,5.40257e-06,7.461333e-05,2.8889096e-06,2.9660514e-05,2.1120974e-05,1.35744585e-05
5541,201_01198,201,1198,0,N,0,N,0,N,0.999855,0.999855,1.928646e-06,5.2663204e-06,7.365018e-05,2.6113946e-06,2.8775505e-05,1.932836e-05,1.344661e-05
5542,201_01199,201,1199,0,N,0,N,0,N,0.9998606,0.9998606,1.7231381e-06,4.0140917e-06,6.8514906e-05,3.7965606e-06,3.2054828e-05,1.9863835e-05,9.513047e-06
5543,201_01200,201,1200,0,N,0,N,0,N,0.99980605,0.99980605,1.8848524e-06,6.78788e-06,9.1121445e-05,3.1412187e-06,4.798924e-05,2.7179603e-05,1.5940943e-05
5544,201_01201,201,1201,0,N,0,N,0,N,0.9998857,0.9998857,1.5658369e-06,3.592744e-06,5.9750837e-05,2.6862233e-06,2.4509372e-05,1.3367633e-05,8.811307e-06
5545,201_01202,201,1202,0,N,0,N,0,N,0.99983364,0.99983364,2.3648606e-06,6.2346676e-06,8.4351785e-05,2.8808513e-06,2.9420376e-05,2.2567909e-05,1.8536592e-05
5546,201_01203,201,1203,5,ABERR,0,N,0,N,0.99987423,0.99987423,1.7337823e-06,3.2862772e-06,6.233538e-05,4.612568e-06,2.8001235e-05,1.7803353e-05,7.976121e-06
5547,201_01204,201,1204,0,N,5,ABERR,0,N,0.99953777,0.99953777,2.3742505e-05,9.603237e-06,0.00020263535,2.7676862e-05,0.00017348974,1.0670136e-05,1.44440755e-05
5548,201_01205,201,1205,0,N,0,N,0,N,0.99843794,0.99843794,0.00033295644,2.1053227e-05,0.00073673605,0.00010411221,0.0002770039,2.247534e-05,6.768937e-05
5549,201_01206,201,1206,0,N,0,N,0,N,0.99867564,0.99867564,0.00039694767,2.038362e-05,0.0006568931,4.630165e-05,0.00011751864,1.6037997e-05,7.0268885e-05
5550,201_01207,201,1207,0,N,0,N,0,N,0.99986166,0.99986166,2.5263696e-06,4.72337e-06,7.151844e-05,3.4320242e-06,2.3771521e-05,1.9631107e-05,1.269541e-05
5551,201_01208,201,1208,0,N,0,N,0,N,0.99983996,0.99983996,2.1667074e-06,5.3891936e-06,7.8952085e-05,3.4268935e-06,3.236935e-05,2.359882e-05,1.4151819e-05
5552,201_01209,201,1209,0,N,0,N,0,N,0.99983793,0.99983793,2.154178e-06,6.1060223e-06,8.026617e-05,2.8382863e-06,3.235558e-05,2.2750757e-05,1.5579313e-05
5553,201_01210,201,1210,0,N,0,N,0,N,0.9998422,0.9998422,2.1166234e-06,6.281931e-06,8.198423e-05,2.2192728e-06,2.9073488e-05,1.836181e-05,1.7685565e-05
5554,201_01211,201,1211,0,N,0,N,0,N,0.9998096,0.9998096,2.0597308e-06,7.014117e-06,9.138615e-05,3.0292576e-06,4.2509047e-05,2.730378e-05,1.7139522e-05
5555,201_01212,201,1212,0,N,0,N,0,N,0.99982536,0.99982536,2.061951e-06,6.179906e-06,8.640447e-05,2.9543264e-06,3.6632457e-05,2.3506453e-05,1.6824924e-05
5556,201_01213,201,1213,0,N,0,N,0,N,0.99984676,0.99984676,1.8104242e-06,5.8618775e-06,7.698098e-05,2.3725836e-06,3.2757318e-05,1.9880239e-05,1.3663201e-05
5557,201_01214,201,1214,0,N,0,N,0,N,0.9998533,0.9998533,1.9005479e-06,4.941051e-06,7.4787626e-05,2.7395806e-06,2.9857605e-05,1.8914503e-05,1.359119e-05
5558,201_01215,201,1215,0,N,0,N,0,N,0.9998469,0.9998469,1.9936715e-06,4.8611832e-06,7.7002354e-05,3.2527098e-06,3.152543e-05,2.0723006e-05,1.38645555e-05
5559,201_01216,201,1216,0,N,0,N,0,N,0.9998475,0.9998475,1.942155e-06,5.414632e-06,7.6841825e-05,2.703259e-06,3.1339743e-05,1.9986213e-05,1.4290519e-05
5560,201_01217,201,1217,0,N,0,N,0,N,0.99986553,0.99986553,1.6842175e-06,4.5531197e-06,6.78298e-05,2.567256e-06,2.9519319e-05,1.7538154e-05,1.0722076e-05
5561,201_01218,201,1218,0,N,0,N,0,N,0.99986386,0.99986386,1.8564848e-06,4.9385685e-06,6.8371664e-05,2.6699774e-06,2.8037044e-05,1.907509e-05,1.1185524e-05
5562,201_01219,201,1219,0,N,0,N,0,N,0.9998627,0.9998627,1.8770178e-06,5.16162e-06,6.939009e-05,2.4812318e-06,2.8015416e-05,1.8484805e-05,1.19121505e-05
5563,201_01220,201,1220,0,N,0,N,0,N,0.99985796,0.99985796,1.8991218e-06,5.0468425e-06,7.1682945e-05,2.6743985e-06,2.9227987e-05,1.9287429e-05,1.2346179e-05
5564,201_01221,201,1221,0,N,0,N,0,N,0.9998477,0.9998477,2.1143148e-06,4.5935562e-06,7.554864e-05,3.977132e-06,3.141759e-05,2.312343e-05,1.1654111e-05
5565,201_01222,201,1222,0,N,0,N,0,N,0.999869,0.999869,2.4152941e-06,4.269121e-06,6.726619e-05,3.8629323e-06,2.3310553e-05,1.9158379e-05,1.0729815e-05
5566,201_01223,201,1223,0,N,0,N,0,N,0.99987423,0.99987423,2.191982e-06,4.451887e-06,6.4457745e-05,3.2486262e-06,2.3252902e-05,1.8049428e-05,1.01526875e-05
5567,201_01224,201,1224,0,N,0,N,0,N,0.9998714,0.9998714,1.939514e-06,4.657633e-06,6.603314e-05,2.6029215e-06,2.5146579e-05,1.7422364e-05,1.0791352e-05
5568,201_01225,201,1225,0,N,0,N,0,N,0.9998292,0.9998292,2.139143e-06,5.8463597e-06,8.29926e-05,3.439455e-06,3.627895e-05,2.5700616e-05,1.4364971e-05
5569,201_01226,201,1226,0,N,0,N,0,N,0.9998439,0.9998439,2.1545218e-06,5.265408e-06,7.7306606e-05,3.4105724e-06,3.1207986e-05,2.3201783e-05,1.3564412e-05
5570,201_01227,201,1227,0,N,0,N,0,N,0.99985904,0.99985904,1.9935321e-06,5.356927e-06,7.279382e-05,2.418769e-06,2.6775622e-05,1.8069735e-05,1.3728389e-05
5571,201_01228,201,1228,0,N,0,N,0,N,0.9998488,0.9998488,2.151754e-06,5.328289e-06,7.7588535e-05,2.7577157e-06,2.8527389e-05,1.9546733e-05,1.5367783e-05
5572,201_01229,201,1229,0,N,0,N,0,N,0.99984246,0.99984246,2.2435797e-06,5.236022e-06,7.9695375e-05,3.2560442e-06,3.0002366e-05,2.1774149e-05,1.53913e-05
5573,201_01230,201,1230,0,N,0,N,0,N,0.9998577,0.9998577,1.8392088e-06,4.922941e-06,7.142874e-05,2.7450299e-06,3.0139416e-05,1.9267494e-05,1.2018797e-05
5574,201_01231,201,1231,0,N,0,N,0,N,0.9998589,0.9998589,1.9596962e-06,5.3331673e-06,7.068032e-05,2.6400767e-06,2.840508e-05,2.009889e-05,1.2042147e-05
5575,201_01232,201,1232,0,N,0,N,0,N,0.99986756,0.99986756,1.8526217e-06,5.0175972e-06,6.756293e-05,2.4167123e-06,2.651804e-05,1.7594295e-05,1.1505369e-05
5576,201_01233,201,1233,0,N,0,N,0,N,0.99986386,0.99986386,1.9083634e-06,4.9024034e-06,6.8735164e-05,2.7215192e-06,2.7386053e-05,1.88704e-05,1.156804e-05
5577,201_01234,201,1234,0,N,0,N,0,N,0.9998588,0.9998588,1.8457104e-06,5.2666414e-06,7.1024304e-05,2.5098284e-06,2.9180914e-05,1.9274592e-05,1.2192941e-05
5578,201_01235,201,1235,0,N,0,N,0,N,0.9998421,0.9998421,1.9887436e-06,4.7940216e-06,7.644635e-05,3.9915717e-06,3.5066572e-05,2.450064e-05,1.1233675e-05
5579,201_01236,201,1236,0,N,0,N,0,N,0.9998627,0.9998627,1.9437746e-06,4.840766e-06,6.84867e-05,2.9557305e-06,2.8353223e-05,1.9798856e-05,1.0988481e-05
5580,201_01237,201,1237,0,N,0,N,0,N,0.9998613,0.9998613,2.005294e-06,5.1470674e-06,7.047963e-05,2.6184985e-06,2.7272243e-05,1.840162e-05,1.2723962e-05
5581,201_01238,201,1238,0,N,0,N,0,N,0.9998544,0.9998544,1.7798e-06,5.30413e-06,7.377154e-05,2.3918533e-06,3.108815e-05,1.8497156e-05,1.280436e-05
5582,201_01239,201,1239,0,N,0,N,0,N,0.99980724,0.99980724,1.9051022e-06,6.489742e-06,9.0414505e-05,3.306607e-06,4.8095135e-05,2.7512062e-05,1.4890569e-05
5583,201_01240,201,1240,0,N,0,N,0,N,0.9998624,0.9998624,1.7806545e-06,4.4728567e-06,6.7654e-05,3.322671e-06,3.0290115e-05,2.035641e-05,9.757615e-06
5584,201_01241,201,1241,0,N,0,N,0,N,0.99988866,0.99988866,1.5666214e-06,3.6777722e-06,5.715506e-05,2.8068732e-06,2.3902607e-05,1.4515648e-05,7.66013e-06
5585,201_01242,201,1242,0,N,0,N,0,N,0.99985355,0.99985355,1.8914209e-06,4.8257e-06,7.10505e-05,3.4753007e-06,3.2589993e-05,2.2072763e-05,1.0608823e-05
5586,201_01243,201,1243,0,N,0,N,0,N,0.9998515,0.9998515,1.6672989e-06,4.3516143e-06,7.0206785e-05,3.866042e-06,3.7694703e-05,2.194165e-05,8.864113e-06
5587,201_01244,201,1244,0,N,0,N,0,N,0.9998859,0.9998859,1.6744121e-06,3.6771378e-06,5.7919086e-05,3.1928491e-06,2.4033903e-05,1.5710135e-05,7.742263e-06
5588,201_01245,201,1245,0,N,0,N,0,N,0.9998802,0.9998802,1.8725718e-06,4.2109086e-06,6.352661e-05,2.4389287e-06,2.3450015e-05,1.3609233e-05,1.0847009e-05
5589,201_01246,201,1246,0,N,0,N,0,N,0.9998175,0.9998175,2.7065778e-06,6.7021865e-06,9.241606e-05,3.0491237e-06,3.123381e-05,2.40376e-05,2.2268448e-05
5590,201_01247,201,1247,0,N,0,N,0,N,0.9997999,0.9997999,2.1661224e-06,6.5059735e-06,9.52462e-05,3.7879943e-06,4.5230317e-05,2.9710243e-05,1.7395783e-05
5591,201_01248,201,1248,0,N,0,N,0,N,0.9998312,0.9998312,1.9603783e-06,5.9560953e-06,8.1225015e-05,3.2983746e-06,3.6847912e-05,2.5626436e-05,1.3731031e-05
5592,201_01249,201,1249,0,N,0,N,0,N,0.9998521,0.9998521,1.8236193e-06,5.6355098e-06,7.23154e-05,2.6854364e-06,3.2115848e-05,2.1630784e-05,1.1658732e-05
5593,201_01250,201,1250,0,N,0,N,0,N,0.9998526,0.9998526,1.9202596e-06,5.661461e-06,7.3554904e-05,2.5722686e-06,2.999277e-05,2.052064e-05,1.314831e-05
5594,201_01251,201,1251,0,N,0,N,0,N,0.9998545,0.9998545,2.1540122e-06,4.729989e-06,7.341971e-05,3.4270151e-06,2.829033e-05,2.0995656e-05,1.2481034e-05
5595,201_01252,201,1252,0,N,0,N,0,N,0.9998758,0.9998758,2.1011617e-06,3.8224202e-06,6.289278e-05,4.1318985e-06,2.3495331e-05,1.8827337e-05,8.821419e-06
5596,201_01253,201,1253,0,N,0,N,0,N,0.99982893,0.99982893,2.2360177e-06,5.2826563e-06,7.929447e-05,5.0136014e-06,3.7930553e-05,3.0205449e-05,1.1074904e-05
5597,201_01254,201,1254,0,N,0,N,0,N,0.9998539,0.9998539,2.0014772e-06,5.2492715e-06,7.025953e-05,3.3726662e-06,3.165438e-05,2.2977827e-05,1.0695888e-05
5598,201_01255,201,1255,0,N,0,N,0,N,0.9998089,0.9998089,1.8403524e-06,5.805151e-06,8.725038e-05,3.9307197e-06,5.1481995e-05,2.8550146e-05,1.2193658e-05
5599,201_01256,201,1256,0,N,0,N,0,N,0.99988055,0.99988055,1.7086429e-06,4.4424955e-06,6.1092505e-05,2.3759449e-06,2.4855477e-05,1.5437356e-05,9.517538e-06
5600,201_01257,201,1257,0,N,0,N,0,N,0.9998275,0.9998275,1.994949e-06,5.303932e-06,8.135915e-05,4.0228388e-06,4.0967614e-05,2.6887621e-05,1.1967115e-05
5601,201_01258,201,1258,0,N,0,N,0,N,0.99987245,0.99987245,2.0689877e-06,4.223537e-06,6.5687454e-05,3.179737e-06,2.440293e-05,1.7406539e-05,1.0491425e-05
5602,201_01259,201,1259,0,N,0,N,0,N,0.9998059,0.9998059,2.1832623e-06,6.230114e-06,9.1881484e-05,3.8773815e-06,4.471758e-05,2.9174475e-05,1.5876916e-05
5603,201_01260,201,1260,0,N,0,N,0,N,0.9998722,0.9998722,1.946247e-06,4.4834924e-06,6.706086e-05,2.497968e-06,2.4566352e-05,1.550656e-05,1.1727224e-05
5604,201_01261,201,1261,0,N,0,N,0,N,0.9998096,0.9998096,2.1179596e-06,6.628481e-06,9.073683e-05,3.3787878e-06,4.3005948e-05,2.819264e-05,1.6238595e-05
5605,201_01262,201,1262,0,N,0,N,0,N,0.99985784,0.99985784,2.5015725e-06,5.3171243e-06,7.469979e-05,2.6982877e-06,2.3839199e-05,1.7861274e-05,1.5258483e-05
5606,201_01263,201,1263,0,N,0,N,0,N,0.9998064,0.9998064,2.429468e-06,6.7246297e-06,9.234588e-05,3.870423e-06,3.9973052e-05,3.0324201e-05,1.7931368e-05
5607,201_01264,201,1264,0,N,0,N,0,N,0.999852,0.999852,2.2378015e-06,5.5442138e-06,7.543745e-05,2.7238602e-06,2.7295668e-05,1.9968986e-05,1.4805749e-05
5608,201_01265,201,1265,0,N,0,N,0,N,0.9997867,0.9997867,2.1706971e-06,7.4795153e-06,9.893844e-05,3.5640173e-06,5.1318304e-05,3.1990927e-05,1.7830373e-05
5609,201_01266,201,1266,0,N,0,N,0,N,0.99986446,0.99986446,1.9275444e-06,5.220506e-06,6.950612e-05,2.3645568e-06,2.6541084e-05,1.7523891e-05,1.2442249e-05
5610,201_01267,201,1267,0,N,0,N,0,N,0.99981606,0.99981606,2.1817566e-06,6.2129347e-06,8.8758985e-05,3.552767e-06,3.957252e-05,2.7300988e-05,1.6385506e-05
5611,201_01268,201,1268,0,N,0,N,0,N,0.99985474,0.99985474,2.275742e-06,5.223413e-06,7.411831e-05,2.9502942e-06,2.655042e-05,2.0144169e-05,1.4040705e-05
5612,201_01269,201,1269,0,N,0,N,0,N,0.9997793,0.9997793,2.530907e-06,7.31356e-06,0.00010532516,3.920518e-06,4.7044126e-05,3.2170617e-05,2.2404223e-05
5613,201_01270,201,1270,0,N,0,N,0,N,0.99984795,0.99984795,1.9814536e-06,5.4176767e-06,7.654929e-05,2.7686492e-06,3.0810745e-05,2.0338884e-05,1.4310752e-05
5614,201_01271,201,1271,0,N,0,N,0,N,0.99978286,0.99978286,2.2128559e-06,7.2283806e-06,0.000103393424,3.4738223e-06,4.9922797e-05,3.0294554e-05,2.0643098e-05
5615,201_01272,201,1272,0,N,0,N,0,N,0.999832,0.999832,2.1759897e-06,5.893478e-06,8.2813276e-05,3.17745e-06,3.3909935e-05,2.3887533e-05,1.6146103e-05
5616,201_01273,201,1273,0,N,0,N,0,N,0.9997679,0.9997679,2.804632e-06,8.133207e-06,0.00011202155,3.6976612e-06,4.5256354e-05,3.331811e-05,2.683865e-05
5617,201_01274,201,1274,0,N,0,N,0,N,0.999832,0.999832,2.254323e-06,5.9451527e-06,8.35629e-05,3.1100606e-06,3.2903485e-05,2.3448238e-05,1.6809077e-05
5618,201_01275,201,1275,0,N,0,N,0,N,0.9997919,0.9997919,2.3879616e-06,8.0358395e-06,0.000102406164,2.904632e-06,4.144435e-05,2.8225848e-05,2.26898e-05
5619,201_01276,201,1276,0,N,0,N,0,N,0.99986213,0.99986213,1.9761053e-06,4.950594e-06,6.961774e-05,2.7584995e-06,2.7438997e-05,1.9260066e-05,1.1905035e-05
5620,201_01277,201,1277,0,N,0,N,0,N,0.99979144,0.99979144,2.5113688e-06,7.2014154e-06,0.00010130605,3.5961416e-06,4.1797233e-05,3.0063988e-05,2.211701e-05
5621,201_01278,201,1278,0,N,0,N,0,N,0.9998287,0.9998287,2.4278474e-06,6.3203524e-06,8.441591e-05,3.2627445e-06,3.2280142e-05,2.5384546e-05,1.7277953e-05
5622,201_01279,201,1279,0,N,0,N,0,N,0.99977773,0.99977773,2.570514e-06,8.255461e-06,0.00010908246,3.1683664e-06,4.3128857e-05,2.9297333e-05,2.676581e-05
5623,201_01280,201,1280,0,N,0,N,0,N,0.99982274,0.99982274,2.0157831e-06,6.310034e-06,8.545765e-05,3.1649392e-06,3.8859926e-05,2.5154013e-05,1.6189575e-05
5624,201_01281,201,1281,0,N,0,N,0,N,0.9997856,0.9997856,2.367771e-06,7.468103e-06,0.00010457986,3.3203917e-06,4.4527344e-05,2.8848875e-05,2.3323884e-05
5625,201_01282,201,1282,0,N,0,N,0,N,0.99985856,0.99985856,2.1385022e-06,4.5449797e-06,7.1382485e-05,3.5398903e-06,2.7284552e-05,2.0685062e-05,1.1908103e-05
5626,201_01283,201,1283,0,N,0,N,0,N,0.99981534,0.99981534,2.7257925e-06,6.2115914e-06,9.1966336e-05,3.7702164e-06,3.2835324e-05,2.6872272e-05,2.0205403e-05
5627,201_01284,201,1284,0,N,0,N,0,N,0.9998174,0.9998174,2.4957617e-06,6.1441688e-06,8.730106e-05,4.163256e-06,3.6674566e-05,2.9318899e-05,1.645176e-05
5628,201_01285,201,1285,0,N,0,N,0,N,0.9998193,0.9998193,2.1932833e-06,5.6066456e-06,8.7067085e-05,4.1334147e-06,3.8739756e-05,2.7686161e-05,1.5277828e-05
5629,201_01286,201,1286,0,N,0,N,0,N,0.99985033,0.99985033,1.9193085e-06,5.0073295e-06,7.391504e-05,3.1505085e-06,3.1991745e-05,2.1470601e-05,1.2289486e-05
5630,201_01287,201,1287,0,N,0,N,0,N,0.999798,0.999798,2.5263894e-06,7.082847e-06,9.6490236e-05,3.844412e-06,4.147374e-05,3.159808e-05,1.9068524e-05
5631,201_01288,201,1288,0,N,0,N,0,N,0.99984974,0.99984974,2.4058522e-06,5.0598037e-06,7.788738e-05,3.0742867e-06,2.6678948e-05,1.9374116e-05,1.585685e-05
5632,201_01289,201,1289,0,N,0,N,0,N,0.99979085,0.99979085,2.269617e-06,7.510024e-06,0.00010078917,3.1858879e-06,4.5666584e-05,2.9283414e-05,2.0423397e-05
5633,201_01290,201,1290,0,N,0,N,0,N,0.9998245,0.9998245,2.2215881e-06,6.256177e-06,8.8054054e-05,2.8889328e-06,3.4778343e-05,2.2788952e-05,1.8537272e-05
5634,201_01291,201,1291,0,N,0,N,0,N,0.99979705,0.99979705,2.2708023e-06,6.7211427e-06,9.685616e-05,3.7405366e-06,4.508136e-05,3.00166e-05,1.835923e-05
5635,201_01292,201,1292,0,N,0,N,0,N,0.99977094,0.99977094,2.6869577e-06,8.582617e-06,0.000110645764,3.3219362e-06,4.5347042e-05,3.164596e-05,2.683328e-05
5636,201_01293,201,1293,0,N,0,N,0,N,0.9998459,0.9998459,2.3774128e-06,5.7933203e-06,7.93474e-05,2.7258186e-06,2.6953045e-05,2.0060446e-05,1.6801732e-05
5637,201_01294,201,1294,0,N,0,N,0,N,0.99978894,0.99978894,2.465378e-06,7.4820578e-06,0.00010400076,3.2565345e-06,4.164919e-05,2.8646697e-05,2.3598966e-05
5638,201_01295,201,1295,0,N,0,N,0,N,0.9998376,0.9998376,2.4485475e-06,5.379322e-06,8.072412e-05,3.7749592e-06,3.0260693e-05,2.4508941e-05,1.5343669e-05
5639,201_01296,201,1296,0,N,0,N,0,N,0.99979085,0.99979085,2.528854e-06,6.448535e-06,0.000101810205,4.128763e-06,4.2878226e-05,3.0317078e-05,2.0997944e-05
5640,201_01297,201,1297,0,N,0,N,0,N,0.99985856,0.99985856,1.9951194e-06,5.1703337e-06,7.0947324e-05,2.7855651e-06,2.8148053e-05,1.9963536e-05,1.24492735e-05
5641,201_01298,201,1298,0,N,0,N,0,N,0.99979454,0.99979454,2.3729574e-06,7.3912925e-06,0.00010092602,3.1674256e-06,4.1329087e-05,2.7634249e-05,2.2510108e-05
5642,201_01299,201,1299,0,N,0,N,0,N,0.999832,0.999832,1.9624674e-06,6.1649775e-06,8.209355e-05,2.8964166e-06,3.6185134e-05,2.3406368e-05,1.5358162e-05
5643,201_01300,201,1300,0,N,0,N,0,N,0.9998127,0.9998127,2.4596454e-06,6.1001874e-06,9.479108e-05,3.3455929e-06,3.4524666e-05,2.4005894e-05,2.2005992e-05
5644,201_01301,201,1301,0,N,0,N,0,N,0.9998158,0.9998158,2.1153526e-06,5.9757745e-06,8.767512e-05,3.8777266e-06,4.1083884e-05,2.8121387e-05,1.5258641e-05
5645,201_01302,201,1302,0,N,0,N,0,N,0.99980307,0.99980307,2.5798304e-06,6.603925e-06,9.6665906e-05,3.7636678e-06,3.7400012e-05,2.816671e-05,2.1757329e-05
5646,201_01303,201,1303,0,N,0,N,0,N,0.9998027,0.9998027,1.9546362e-06,6.2117147e-06,9.071345e-05,3.9919896e-06,5.0295195e-05,3.0158863e-05,1.4011363e-05
5647,201_01304,201,1304,0,N,0,N,0,N,0.99980533,0.99980533,2.2578172e-06,6.787584e-06,9.466526e-05,3.3410724e-06,4.0577794e-05,2.7177199e-05,1.9845716e-05
5648,201_01305,201,1305,0,N,0,N,0,N,0.99980366,0.99980366,1.9006729e-06,6.5042295e-06,9.0577814e-05,3.6048111e-06,5.01483e-05,2.8959412e-05,1.4646427e-05
5649,201_01306,201,1306,0,N,0,N,0,N,0.9998286,0.9998286,2.4384885e-06,5.7615825e-06,8.5715335e-05,3.4928103e-06,3.1517127e-05,2.4215817e-05,1.8239825e-05
5650,201_01307,201,1307,0,N,0,N,0,N,0.9998238,0.9998238,2.0492269e-06,5.497683e-06,8.285131e-05,4.2402417e-06,4.035279e-05,2.8159344e-05,1.2891377e-05
5651,201_01308,201,1308,0,N,0,N,0,N,0.9998126,0.9998126,2.5800298e-06,6.426837e-06,9.1949325e-05,3.6553242e-06,3.5173216e-05,2.6578537e-05,2.091161e-05
5652,201_01309,201,1309,0,N,0,N,0,N,0.99977833,0.99977833,2.0118373e-06,8.343161e-06,0.000103242004,2.9226928e-06,5.556289e-05,3.034826e-05,1.9166437e-05
5653,201_01310,201,1310,0,N,0,N,0,N,0.9998307,0.9998307,2.1658423e-06,6.987998e-06,8.618027e-05,2.3183018e-06,3.168832e-05,2.0827043e-05,1.9159528e-05
5654,201_01311,201,1311,0,N,0,N,0,N,0.99979144,0.99979144,2.28433e-06,7.4031423e-06,9.981356e-05,3.3679428e-06,4.5605982e-05,3.041991e-05,1.9722951e-05
5655,201_01312,201,1312,0,N,0,N,0,N,0.9998489,0.9998489,2.2780825e-06,5.3077442e-06,7.7154684e-05,2.9702053e-06,2.772651e-05,2.0440095e-05,1.524332e-05
5656,201_01313,201,1313,0,N,0,N,0,N,0.999796,0.999796,2.2716272e-06,7.133001e-06,9.904027e-05,3.2650503e-06,4.370139e-05,2.8169627e-05,2.0529735e-05
5657,201_01314,201,1314,0,N,0,N,0,N,0.99987805,0.99987805,1.5906531e-06,3.9040583e-06,6.2464576e-05,2.7254591e-06,2.6933534e-05,1.5056676e-05,9.236072e-06
5658,201_01315,201,1315,0,N,0,N,0,N,0.9998224,0.9998224,1.8739463e-06,5.702145e-06,8.576051e-05,3.2983392e-06,4.1734875e-05,2.4521265e-05,1.4619391e-05
5659,201_01316,201,1316,5,ABERR,0,N,0,N,0.9999015,0.9999015,1.7479814e-06,3.0846543e-06,5.3062242e-05,3.065414e-06,1.883856e-05,1.1678738e-05,6.9729413e-06
5660,201_01317,201,1317,3,APC,5,ABERR,0,N,0.9998577,0.9998577,1.7968041e-06,1.975584e-06,6.57947e-05,1.3449648e-05,3.1267162e-05,2.2071506e-05,6.015743e-06
5661,201_01318,201,1318,0,N,3,APC,0,N,0.9999291,0.9999291,1.393401e-06,2.1126687e-06,4.058518e-05,2.8657312e-06,1.5122923e-05,5.147706e-06,3.628816e-06
5662,201_01319,201,1319,0,N,0,N,0,N,0.9999185,0.9999185,1.4610391e-06,2.0066445e-06,4.7746245e-05,3.3169083e-06,1.6544434e-05,5.692663e-06,4.7521125e-06
5663,201_01320,201,1320,5,ABERR,0,N,0,N,0.9999023,0.9999023,1.5290167e-06,4.23188e-06,5.369299e-05,1.6485584e-06,1.9464032e-05,9.01238e-06,8.1806975e-06
5664,201_01321,201,1321,0,N,5,ABERR,0,N,0.99985737,0.99985737,6.6824323e-06,4.0435484e-06,7.811828e-05,7.7161185e-06,3.49248e-05,5.236884e-06,5.9757035e-06
5665,201_01322,201,1322,0,N,0,N,0,N,0.99982333,0.99982333,8.1484095e-06,4.844242e-06,0.00010162492,8.71017e-06,3.3410673e-05,7.653094e-06,1.2218558e-05
5666,201_01323,201,1323,5,ABERR,0,N,0,N,0.99935,0.99935,0.00015222376,1.2373668e-05,0.00034775183,2.330792e-05,6.060855e-05,1.1171964e-05,4.2481806e-05
5667,201_01324,201,1324,5,ABERR,5,ABERR,0,N,0.99935645,0.99935645,8.691912e-05,1.314749e-05,0.0003456001,3.4478187e-05,0.00010241517,1.5323054e-05,4.579215e-05
5668,201_01325,201,1325,0,N,5,ABERR,0,N,0.9790858,0.9790858,0.015457356,4.9699483e-05,0.0035196599,0.00077388744,0.0008728864,5.678902e-05,0.00018397889
5669,201_01326,201,1326,0,N,0,N,0,N,0.6280142,0.6280142,0.34380963,0.00013896357,0.022653067,0.0024161541,0.0016154337,0.00021823034,0.0011343322
5670,201_01327,201,1327,0,N,0,N,0,N,0.9972578,0.9972578,0.0010866955,4.004859e-05,0.0012165845,7.655857e-05,0.00017737804,2.5953022e-05,0.00011896645
5671,201_01328,201,1328,5,ABERR,0,N,0,N,0.99979216,0.99979216,2.4378442e-06,6.895204e-06,0.00010041427,3.7345658e-06,4.3449305e-05,2.996777e-05,2.1025886e-05
5672,201_01329,201,1329,0,N,5,ABERR,0,N,0.99960285,0.99960285,3.1909317e-06,4.4548447e-06,0.00017375438,1.39089225e-05,0.00012758512,4.486033e-05,2.9441453e-05
5673,201_01330,201,1330,5,ABERR,0,N,0,N,0.999798,0.999798,2.0555467e-06,2.0064888e-06,8.99128e-05,2.0988684e-05,4.979645e-05,2.907467e-05,8.193648e-06
5674,201_01331,201,1331,0,N,5,ABERR,0,N,0.9993745,0.9993745,0.00023508168,7.723417e-06,0.0002726985,3.829852e-05,4.9306447e-05,7.865802e-06,1.4577044e-05
5675,201_01332,201,1332,0,N,0,N,0,N,0.9995932,0.9995932,9.3718336e-05,1.108588e-05,0.00022465357,1.723699e-05,3.5131576e-05,1.0559131e-05,1.4475615e-05
5676,201_01333,201,1333,5,ABERR,0,N,0,N,0.9996332,0.9996332,7.937859e-05,8.97446e-06,0.00020614288,1.672745e-05,3.3207834e-05,9.038941e-06,1.3319762e-05
5677,201_01334,201,1334,0,N,5,ABERR,0,N,0.9982896,0.9982896,0.00068931555,2.4893603e-05,0.00068836496,7.902205e-05,8.594516e-05,3.552518e-05,0.00010732495
5678,201_01335,201,1335,5,ABERR,0,N,0,N,0.90306467,0.90306467,0.077934355,0.00012137492,0.014151191,0.0013772055,0.00055589975,0.00026807337,0.0025273412
5679,201_01336,201,1336,0,N,5,ABERR,1,LBBB,0.9987869,3.2867133e-06,0.9987869,2.2715769e-05,0.0010036551,0.00011081857,3.6366015e-05,1.2951797e-05,2.3282728e-05
5680,201_01337,201,1337,0,N,0,N,0,N,0.99987614,0.99987614,7.47965e-06,3.7647146e-06,6.755326e-05,1.2706785e-05,1.5935419e-05,1.0903469e-05,5.5492515e-06
5681,201_01338,201,1338,5,ABERR,0,N,0,N,0.99966675,0.99966675,7.29788e-05,7.678622e-06,0.0001882431,1.3799208e-05,3.244053e-05,6.639301e-06,1.133492e-05
5682,201_01339,201,1339,0,N,5,ABERR,0,N,0.9998827,0.9998827,3.5436137e-06,2.4878923e-06,6.1020197e-05,1.2448956e-05,2.6706379e-05,7.1533696e-06,3.9347306e-06
5683,201_01340,201,1340,5,ABERR,0,N,0,N,0.9997071,0.9997071,2.49988e-05,4.818702e-06,0.00015006421,3.6171405e-05,5.723074e-05,9.122436e-06,1.0498087e-05
5684,201_01341,201,1341,0,N,5,ABERR,0,N,0.9940228,0.9940228,0.003667445,2.3251607e-05,0.0015837636,0.00025499915,0.00034437742,2.5181582e-05,7.818113e-05
5685,201_01342,201,1342,5,ABERR,0,N,0,N,0.9998677,0.9998677,1.017575e-05,4.177868e-06,7.829436e-05,5.807065e-06,2.5370846e-05,3.66255e-06,4.8382008e-06
5686,201_01343,201,1343,0,N,5,ABERR,0,N,0.79924923,0.79924923,0.18728805,0.00014931797,0.010562815,0.0012491628,0.001186132,9.4680036e-05,0.00022059433
5687,201_01344,201,1344,0,N,0,N,0,N,0.9998183,0.9998183,2.4596113e-05,5.3105337e-06,0.000107534004,9.550277e-06,2.3120236e-05,5.4929883e-06,6.074788e-06
5688,201_01345,201,1345,5,ABERR,0,N,0,N,0.9994957,0.9994957,0.00013596498,1.1051402e-05,0.00026520152,1.981204e-05,4.3085736e-05,9.9277395e-06,1.9269815e-05
5689,201_01346,201,1346,0,N,5,ABERR,0,N,0.9910954,0.9910954,0.0058812397,4.0980896e-05,0.0022103267,0.00026145848,0.00025698871,4.6786616e-05,0.00020678394
5690,201_01347,201,1347,5,ABERR,0,N,1,LBBB,0.83894503,0.13384975,0.83894503,0.00018052096,0.023436796,0.0015863664,0.0007256992,0.00022688569,0.0010490438
5691,201_01348,201,1348,0,N,5,ABERR,1,LBBB,0.76284945,0.18445857,0.76284945,0.0002262996,0.044814244,0.001350863,0.0006402415,0.0004204275,0.0052399253
5692,201_01349,201,1349,5,ABERR,0,N,0,N,0.9998795,0.9998795,3.6411157e-06,3.4531563e-06,6.33307e-05,7.732288e-06,1.711669e-05,1.7744509e-05,7.4446757e-06
5693,201_01350,201,1350,3,APC,5,ABERR,0,N,0.9997868,0.9997868,2.2544145e-06,1.1198499e-06,8.595044e-05,5.691286e-05,4.1473e-05,2.120214e-05,4.294228e-06
5694,201_01351,201,1351,0,N,3,APC,0,N,0.9998318,0.9998318,3.675249e-06,4.6663317e-06,9.1997674e-05,5.672773e-06,4.1382056e-05,7.825882e-06,1.2959276e-05
5695,201_01352,201,1352,5,ABERR,0,N,0,N,0.99936837,0.99936837,1.2274909e-05,6.2154973e-06,0.0003411624,6.807973e-05,0.00010414386,3.6252168e-05,6.365428e-05
5696,201_01353,201,1353,0,N,5,ABERR,0,N,0.99855155,0.99855155,0.0003338449,1.785019e-05,0.00067397015,0.000103713865,0.00024680304,1.9162022e-05,5.3170566e-05
5697,201_01354,201,1354,0,N,0,N,0,N,0.9998139,0.9998139,1.5363321e-05,5.5506366e-06,0.000103189566,8.701909e-06,4.1022806e-05,4.6459995e-06,7.5497073e-06
5698,201_01355,201,1355,5,ABERR,0,N,0,N,0.9997329,0.9997329,1.610371e-05,7.004381e-06,0.0001343827,1.7542852e-05,6.903338e-05,1.0006061e-05,1.303898e-05
5699,201_01356,201,1356,0,N,5,ABERR,0,N,0.99884427,0.99884427,0.00019404119,2.2978344e-05,0.00053330173,9.241658e-05,0.00021381551,3.2455875e-05,6.676734e-05
5700,201_01357,201,1357,5,ABERR,0,N,0,N,0.9203146,0.9203146,0.06207889,0.000109068795,0.013329335,0.0012244968,0.0007128503,0.0002284858,0.0020022225
5701,201_01358,201,1358,5,ABERR,5,ABERR,0,N,0.706101,0.706101,0.26531655,0.00011478213,0.023607928,0.0018481187,0.0011380621,0.00021633759,0.0016571692
5702,201_01359,201,1359,0,N,5,ABERR,0,N,0.99706864,0.99706864,0.0015198587,2.062933e-05,0.00088841445,0.00014946845,0.00029648712,1.7298089e-05,3.9129263e-05
5703,201_01360,201,1360,5,ABERR,0,N,0,N,0.9747947,0.9747947,0.019594936,5.4965494e-05,0.0040109307,0.00059853634,0.00068055105,5.3186814e-05,0.00021221655
5704,201_01361,201,1361,0,N,5,ABERR,0,N,0.99519575,0.99519575,0.0023939174,2.8263896e-05,0.0015233036,0.0002596654,0.0004692217,3.0515968e-05,9.932832e-05
5705,201_01362,201,1362,0,N,0,N,0,N,0.9993636,0.9993636,0.00018589018,9.881902e-06,0.00031313064,3.1611868e-05,5.9119822e-05,9.29559e-06,2.7528979e-05
5706,201_01363,201,1363,5,ABERR,0,N,0,N,0.99568635,0.99568635,0.0026620228,2.888871e-05,0.0013010928,9.031748e-05,0.00012247944,1.9417355e-05,8.938878e-05
5707,201_01364,201,1364,0,N,5,ABERR,0,N,0.9798833,0.9798833,0.015273591,5.7966645e-05,0.0036875582,0.00039798045,0.00030157095,6.581134e-05,0.00033213702
5708,201_01365,201,1365,5,ABERR,0,N,0,N,0.67348325,0.67348325,0.30019853,0.00015007728,0.021856029,0.0017060734,0.00085804844,0.00023224369,0.001515786
5709,201_01366,201,1366,0,N,5,ABERR,1,LBBB,0.9936883,0.00061229867,0.9936883,4.741053e-05,0.0050253584,0.0003252261,0.00015389561,4.285779e-05,0.00010471025
5710,201_01367,201,1367,5,ABERR,0,N,0,N,0.9998531,0.9998531,1.4407435e-05,4.8957813e-06,8.811042e-05,7.7824125e-06,1.9308627e-05,6.0553325e-06,6.4124893e-06
5711,201_01368,201,1368,0,N,5,ABERR,0,N,0.9996553,0.9996553,3.8084705e-05,9.779991e-06,0.00016550106,2.8301907e-05,7.1150986e-05,1.6124648e-05,1.582751e-05
5712,201_01369,201,1369,0,N,0,N,0,N,0.99981,0.99981,3.8631756e-06,5.2143005e-06,7.158824e-05,1.7254575e-05,3.3011853e-05,5.250931e-05,6.6060556e-06
5713,201_01370,201,1370,3,APC,0,N,0,N,0.9998582,0.9998582,2.2885713e-06,5.0114722e-06,7.2540046e-05,2.6633782e-06,2.8461815e-05,1.801667e-05,1.28525135e-05
5714,201_01371,201,1371,0,N,3,APC,0,N,0.99976325,0.99976325,3.8118958e-06,9.894286e-06,0.000112812115,3.6905558e-06,3.7019858e-05,3.536218e-05,3.4064997e-05
5715,201_01372,201,1372,5,ABERR,0,N,0,N,0.9997328,0.9997328,3.0099907e-06,6.1358205e-06,0.00012333237,7.734798e-06,5.922842e-05,4.233522e-05,2.5468578e-05
5716,201_01373,201,1373,0,N,5,ABERR,0,N,0.99982727,0.99982727,1.1601378e-05,4.3908776e-06,0.00010012633,1.0135968e-05,2.940493e-05,7.5461803e-06,9.48387e-06
5717,201_01374,201,1374,0,N,0,N,0,N,0.99934465,0.99934465,0.00021659852,1.5402193e-05,0.00032164925,2.0445612e-05,5.1363902e-05,1.0402947e-05,1.9435449e-05
5718,201_01375,201,1375,5,ABERR,0,N,0,N,0.99799937,0.99799937,0.0011196735,2.3923767e-05,0.0006625705,4.924574e-05,9.9918114e-05,1.3990039e-05,3.1269556e-05
5719,201_01376,201,1376,0,N,5,ABERR,0,N,0.5596452,0.5596452,0.41992146,0.00015337135,0.016394664,0.0019857942,0.0012122865,0.00016705575,0.00052009406
5720,201_01377,201,1377,3,APC,0,N,1,LBBB,0.9861108,0.005721089,0.9861108,9.2753566e-05,0.006862734,0.00064366794,0.00031117408,7.660381e-05,0.00018118041
5721,201_01378,201,1378,0,N,3,APC,1,LBBB,0.66953856,0.2654548,0.66953856,0.00030749786,0.052928526,0.0013737461,0.00067293923,0.0005846631,0.009139196
5722,201_01379,201,1379,5,ABERR,0,N,0,N,0.9998991,0.9998991,2.303746e-06,2.7535023e-06,5.317711e-05,5.8367914e-06,1.718389e-05,1.4106855e-05,5.706679e-06
5723,201_01380,201,1380,0,N,5,ABERR,0,N,0.99973494,0.99973494,6.286797e-05,4.5893776e-06,0.00014212796,1.9698096e-05,2.3765198e-05,5.3826802e-06,6.6093976e-06
5724,201_01381,201,1381,0,N,0,N,0,N,0.99989295,0.99989295,7.939061e-06,3.4535783e-06,6.206037e-05,8.162533e-06,1.6018177e-05,5.5798323e-06,3.866158e-06
5725,201_01382,201,1382,5,ABERR,0,N,0,N,0.99977905,0.99977905,3.601769e-05,5.789359e-06,0.00012977349,1.05144945e-05,2.630004e-05,5.352112e-06,7.2526586e-06
5726,201_01383,201,1383,5,ABERR,5,ABERR,0,N,0.99983877,0.99983877,7.3621e-06,5.4093466e-06,8.676193e-05,8.372839e-06,3.6444086e-05,7.9866695e-06,8.8464085e-06
5727,201_01384,201,1384,0,N,5,ABERR,0,N,0.98166245,0.98166245,0.011831283,6.374818e-05,0.004139355,0.00087471673,0.0010027825,8.6309214e-05,0.00033929406
5728,201_01385,201,1385,5,ABERR,0,N,0,N,0.63135153,0.63135153,0.3218284,0.00019828754,0.039133143,0.0023395289,0.0013239199,0.00037102692,0.0034542724
5729,201_01386,201,1386,5,ABERR,5,ABERR,1,LBBB,0.7562348,0.22215469,0.7562348,0.00012436234,0.017871352,0.0019171644,0.0010509252,0.0001447728,0.00050190324
5730,201_01387,201,1387,0,N,5,ABERR,0,N,0.98400205,0.98400205,0.012762332,3.569404e-05,0.0021913608,0.00038117566,0.000536647,2.8260933e-05,6.2360545e-05
5731,201_01388,201,1388,0,N,0,N,1,LBBB,0.7669603,0.21305875,0.7669603,0.0001909178,0.015960518,0.0020416144,0.001313142,0.0001482859,0.0003265242
5732,201_01389,201,1389,0,N,0,N,0,N,0.9988247,0.9988247,0.00047662482,1.6523074e-05,0.00048860634,4.111101e-05,0.000116320276,1.0343515e-05,2.5847656e-05
5733,201_01390,201,1390,5,ABERR,0,N,0,N,0.99986553,0.99986553,3.5234923e-06,4.3265936e-06,6.252512e-05,9.337799e-06,1.9948622e-05,2.7395294e-05,7.433462e-06
5734,201_01391,201,1391,0,N,5,ABERR,0,N,0.99783695,0.99783695,0.0012845702,2.5275504e-05,0.0006527933,5.2171417e-05,0.00010639468,1.4363199e-05,2.7316206e-05
5735,201_01392,201,1392,0,N,0,N,0,N,0.9990558,0.9990558,0.000355881,2.1689708e-05,0.0004294462,3.3753342e-05,5.758758e-05,1.8718161e-05,2.7181542e-05
5736,201_01393,201,1393,5,ABERR,0,N,0,N,0.9996283,0.9996283,9.8013006e-05,7.947534e-06,0.00017932871,1.998471e-05,5.0610885e-05,6.479583e-06,9.291662e-06
5737,201_01394,201,1394,0,N,5,ABERR,0,N,0.9939092,0.9939092,0.003573505,2.8740807e-05,0.0016763925,0.00033527304,0.00029313276,3.9337938e-05,0.0001444646
5738,201_01395,201,1395,0,N,0,N,0,N,0.8948147,0.8948147,0.09114423,6.7806315e-05,0.010850656,0.0012720895,0.0005824439,0.00014234184,0.0011257542
5739,201_01396,201,1396,5,ABERR,0,N,0,N,0.58284533,0.58284533,0.3754971,0.00020530696,0.035219412,0.001587847,0.0006478907,0.00034092274,0.0036561724
5740,201_01397,201,1397,0,N,5,ABERR,0,N,0.99936277,0.99936277,0.00012404482,1.4585967e-05,0.00032686692,3.2572287e-05,7.218983e-05,1.892292e-05,4.8141424e-05
5741,201_01398,201,1398,0,N,0,N,0,N,0.9927058,0.9927058,0.0024799167,8.914254e-05,0.0030258223,0.0002302495,0.00028025947,0.00012863497,0.0010602189
5742,201_01399,201,1399,0,N,0,N,0,N,0.9733472,0.9733472,0.01586703,0.00020472445,0.007815148,0.0003228813,0.00023941699,0.00018076763,0.0020228166
5743,201_01400,201,1400,0,N,0,N,0,N,0.9998339,0.9998339,2.2600016e-06,6.502987e-06,8.233567e-05,2.9187104e-06,3.1120977e-05,2.4573705e-05,1.6528178e-05
5744,201_01401,201,1401,0,N,0,N,0,N,0.9998384,0.9998384,3.0871142e-06,5.424191e-06,7.8290504e-05,5.2848686e-06,2.6868433e-05,2.9032371e-05,1.3760179e-05
5745,201_01402,201,1402,0,N,0,N,0,N,0.99986225,0.99986225,2.714283e-06,3.273963e-06,6.64976e-05,8.599714e-06,2.3594734e-05,2.4709625e-05,8.405832e-06
5746,201_01403,201,1403,5,ABERR,0,N,0,N,0.99987173,0.99987173,4.3840387e-06,3.2733321e-06,6.555724e-05,1.1810081e-05,1.7441487e-05,1.893678e-05,6.820831e-06
5747,201_01404,201,1404,0,N,5,ABERR,0,N,0.99565274,0.99565274,0.0023737715,2.4272334e-05,0.0013400533,0.00022270584,0.00025506454,2.9361769e-05,0.0001020795
5748,201_01405,201,1405,0,N,0,N,0,N,0.78293526,0.78293526,0.19594534,0.00012370957,0.01745962,0.0014620656,0.00068208866,0.00019103204,0.0012010434
5749,201_01406,201,1406,5,ABERR,0,N,0,N,0.5262644,0.5262644,0.42143232,0.00044825717,0.043948,0.0016342691,0.0007338525,0.0005527907,0.004986065
5750,201_01407,201,1407,3,APC,5,ABERR,0,N,0.9995368,0.9995368,9.058629e-05,1.1337966e-05,0.00024412951,2.234349e-05,5.3621843e-05,1.3484908e-05,2.756754e-05
5751,201_01408,201,1408,0,N,3,APC,0,N,0.99485916,0.99485916,0.00067902426,6.0520775e-05,0.002369518,0.00042113476,0.001006184,9.65038e-05,0.0005078925
5752,201_01409,201,1409,0,N,0,N,0,N,0.96851027,0.96851027,0.0076181483,0.00010891704,0.013756506,0.0014835682,0.00057528546,0.00034274554,0.0076045957
5753,201_01410,201,1410,0,N,0,N,0,N,0.9998372,0.9998372,3.5015455e-06,2.3447274e-06,9.29258e-05,1.2282576e-05,2.1006228e-05,1.6096697e-05,1.4599253e-05
5754,201_01411,201,1411,3,APC,0,N,0,N,0.9998545,0.9998545,2.5336549e-06,4.4092426e-06,6.5873035e-05,7.4978634e-06,2.6428246e-05,3.093897e-05,7.839386e-06
5755,201_01412,201,1412,3,APC,3,APC,0,N,0.99979943,0.99979943,2.4892563e-06,3.443511e-06,7.96633e-05,1.67997e-05,4.999576e-05,4.1108487e-05,7.1050677e-06
5756,201_01413,201,1413,0,N,3,APC,0,N,0.9999054,0.9999054,1.2539649e-06,2.3804266e-06,5.240021e-05,2.8096442e-06,2.4766203e-05,5.443527e-06,5.547303e-06
5757,201_01414,201,1414,3,APC,0,N,0,N,0.9998827,0.9998827,1.9395395e-06,2.1086275e-06,6.913966e-05,5.607627e-06,2.275529e-05,7.421774e-06,8.325535e-06
5758,201_01415,201,1415,3,APC,3,APC,0,N,0.9998377,0.9998377,1.8343129e-06,2.7949377e-06,8.850436e-05,6.7791866e-06,4.3131568e-05,8.6457585e-06,1.0681597e-05
5759,201_01416,201,1416,0,N,3,APC,0,N,0.9999123,0.9999123,1.0529388e-06,2.8591396e-06,4.7885715e-05,1.6805644e-06,2.2568112e-05,6.1290903e-06,5.6392687e-06
5760,201_01417,201,1417,3,APC,0,N,0,N,0.99989897,0.99989897,1.7194171e-06,2.1295848e-06,6.1893945e-05,3.261269e-06,1.8591643e-05,5.839897e-06,7.720715e-06
5761,201_01418,201,1418,0,N,3,APC,0,N,0.9999085,0.9999085,1.4297791e-06,2.9383618e-06,5.2017986e-05,2.2973854e-06,1.7999664e-05,7.895061e-06,6.9451826e-06
5762,201_01419,201,1419,0,N,0,N,0,N,0.9998189,0.9998189,2.768994e-06,4.5446004e-06,8.174264e-05,9.0179565e-06,3.476697e-05,3.7097907e-05,1.1008937e-05
5763,201_01420,201,1420,5,ABERR,0,N,0,N,0.99986094,0.99986094,3.04362e-06,2.578949e-06,7.149459e-05,1.0153395e-05,2.1542452e-05,2.101402e-05,9.330768e-06
5764,201_01421,201,1421,5,ABERR,5,ABERR,0,N,0.98979074,0.98979074,0.007300873,4.7355312e-05,0.0021999052,0.00021619181,0.00021074552,4.4008444e-05,0.00019027146
5765,201_01422,201,1422,0,N,5,ABERR,1,LBBB,0.7425019,0.22903156,0.7425019,0.00013612618,0.02364276,0.0022827676,0.0013345928,0.00020725749,0.0008630513
5766,201_01423,201,1423,5,ABERR,0,N,1,LBBB,0.98216397,0.0038006345,0.98216397,8.680131e-05,0.012631432,0.0006411596,0.00022369288,0.000114603085,0.00033777102
5767,201_01424,201,1424,5,ABERR,5,ABERR,0,N,0.97644836,0.97644836,0.017378345,4.831198e-05,0.0041069076,0.0008606962,0.00084941066,6.420839e-05,0.00024373883
5768,201_01425,201,1425,0,N,5,ABERR,0,N,0.99497414,0.99497414,0.0017518668,3.6579146e-05,0.0018541829,0.00038932747,0.00080042135,4.4747198e-05,0.00014886173
5769,201_01426,201,1426,0,N,0,N,0,N,0.91976666,0.91976666,0.06579008,8.152007e-05,0.010774384,0.0014374487,0.0010738584,0.00014969318,0.0009262235
5770,201_01427,201,1427,5,ABERR,0,N,0,N,0.9902876,0.9902876,0.0041563977,6.359848e-05,0.0038869323,0.00031953794,0.00033575518,9.2445895e-05,0.0008578066
5771,201_01428,201,1428,0,N,5,ABERR,0,N,0.99981296,0.99981296,2.3898197e-05,4.5478464e-06,0.00010679809,1.013075e-05,3.1906697e-05,4.071601e-06,5.6512085e-06
5772,201_01429,201,1429,5,ABERR,0,N,0,N,0.99990565,0.99990565,5.7697084e-06,2.7987496e-06,5.6001212e-05,5.755409e-06,1.7103544e-05,3.7124075e-06,3.2940745e-06
5773,201_01430,201,1430,0,N,5,ABERR,1,LBBB,0.8079506,0.1703521,0.8079506,0.00013992842,0.018078614,0.0017579619,0.0009495629,0.0001682212,0.0006030467
5774,201_01431,201,1431,5,ABERR,0,N,0,N,0.9834718,0.9834718,0.011613165,8.689087e-05,0.003541253,0.0003539229,0.00019960929,0.00011792311,0.0006154782
5775,201_01432,201,1432,0,N,5,ABERR,1,LBBB,0.9911041,0.000604834,0.9911041,5.5820947e-05,0.007473755,0.00035116015,0.00012533234,7.047154e-05,0.00021451153
5776,201_01433,201,1433,0,N,0,N,0,N,0.97072464,0.97072464,0.023811804,8.333875e-05,0.004331403,0.00035623967,0.00033678982,6.7760775e-05,0.00028820045
5777,201_01434,201,1434,5,ABERR,0,N,1,LBBB,0.98574764,0.004697987,0.98574764,0.00017256642,0.008049781,0.0006600231,0.000360364,9.383222e-05,0.0002178039
5778,201_01435,201,1435,0,N,5,ABERR,0,N,0.95678115,0.95678115,0.036612917,6.021959e-05,0.00509163,0.0006581478,0.00045016943,6.732643e-05,0.00027854898
5779,201_01436,201,1436,0,N,0,N,0,N,0.5737779,0.5737779,0.39771354,0.00015353569,0.024021959,0.0018439391,0.0008991811,0.0002289886,0.0013609892
5780,201_01437,201,1437,0,N,0,N,0,N,0.6386283,0.6386283,0.32407793,0.000210076,0.03209472,0.0016127798,0.0007208479,0.0002934943,0.002361957
5781,201_01438,201,1438,5,ABERR,0,N,0,N,0.99989444,0.99989444,2.430435e-06,3.174798e-06,5.19641e-05,6.962154e-06,1.7605256e-05,1.8409393e-05,5.1444854e-06
5782,201_01439,201,1439,0,N,5,ABERR,0,N,0.9993743,0.9993743,0.00015681812,1.2075793e-05,0.000309503,3.168748e-05,7.065279e-05,1.3140854e-05,3.180513e-05
5783,201_01440,201,1440,0,N,0,N,0,N,0.9982105,0.9982105,0.0007073034,2.6290325e-05,0.0007432672,6.410138e-05,0.00010274209,2.904113e-05,0.00011676251
5784,201_01441,201,1441,5,ABERR,0,N,0,N,0.9938662,0.9938662,0.003408837,5.818089e-05,0.0020825702,0.000115797804,0.00013121698,5.2448737e-05,0.0002848483
5785,201_01442,201,1442,5,ABERR,5,ABERR,0,N,0.9996509,0.9996509,6.342894e-05,7.976378e-06,0.00018611253,1.8998562e-05,5.0336163e-05,8.222154e-06,1.4050862e-05
5786,201_01443,201,1443,3,APC,5,ABERR,0,N,0.70709544,0.70709544,0.2737564,0.00010744287,0.014289844,0.002427033,0.0015910412,0.00015355735,0.000579205
5787,201_01444,201,1444,0,N,3,APC,1,LBBB,0.9976379,1.0771324e-05,0.9976379,3.6903275e-05,0.0020546222,0.000157567,4.5347842e-05,2.2757964e-05,3.4198143e-05
5788,201_01445,201,1445,0,N,0,N,1,LBBB,0.7058906,0.25759876,0.7058906,0.0002935287,0.032076348,0.001877851,0.00097386277,0.00025542034,0.0010335852
5789,201_01446,201,1446,0,N,0,N,0,N,0.9996468,0.9996468,3.5644895e-05,1.24082835e-05,0.00017064395,3.1270436e-05,2.9322982e-05,4.8256017e-05,2.5736566e-05
5790,201_01447,201,1447,5,ABERR,0,N,0,N,0.9998453,0.9998453,5.1194925e-06,4.732928e-06,6.819002e-05,1.5874073e-05,2.1128877e-05,3.2708227e-05,6.952298e-06
5791,201_01448,201,1448,0,N,5,ABERR,0,N,0.9996476,0.9996476,0.00010155931,6.9886246e-06,0.00017626032,1.5550846e-05,3.9027214e-05,5.126844e-06,7.909518e-06
5792,201_01449,201,1449,0,N,0,N,0,N,0.9993486,0.9993486,0.0002417184,1.2501456e-05,0.00029915894,2.6549636e-05,4.5643683e-05,9.934735e-06,1.5903332e-05
5793,201_01450,201,1450,5,ABERR,0,N,0,N,0.99574494,0.99574494,0.0030191704,2.015084e-05,0.0008369322,0.00013919242,0.00020023342,1.5516927e-05,2.389309e-05
5794,201_01451,201,1451,0,N,5,ABERR,0,N,0.93044287,0.93044287,0.062249437,6.922777e-05,0.0051568565,0.0010128997,0.0007958882,7.268707e-05,0.00020004612
5795,201_01452,201,1452,0,N,0,N,0,N,0.96298605,0.96298605,0.028706849,5.5395485e-05,0.0060707177,0.00095222984,0.00059009565,0.000101968864,0.0005366501
5796,201_01453,201,1453,0,N,0,N,0,N,0.98682326,0.98682326,0.0077514206,0.00011307824,0.0039592762,0.0002069434,0.0001700842,0.0001218292,0.0008540198
5797,201_01454,201,1454,0,N,0,N,0,N,0.99979347,0.99979347,3.2953826e-06,6.3685875e-06,9.3734074e-05,7.071523e-06,3.8259077e-05,3.989439e-05,1.7895707e-05
5798,201_01455,201,1455,0,N,0,N,0,N,0.9998015,0.9998015,4.089549e-06,7.731877e-06,9.864914e-05,3.746194e-06,2.9102763e-05,2.75166e-05,2.7694145e-05
5799,201_01456,201,1456,0,N,0,N,0,N,0.9995908,0.9995908,3.6198737e-05,1.13201995e-05,0.0002138423,2.4724552e-05,3.1395855e-05,4.1863277e-05,4.9883038e-05
5800,201_01457,201,1457,0,N,0,N,0,N,0.99944437,0.99944437,5.126557e-05,1.4923757e-05,0.00029195662,2.1389347e-05,3.537009e-05,4.4392596e-05,9.6289754e-05
5801,201_01458,201,1458,0,N,0,N,0,N,0.9989185,0.9989185,0.00013369121,3.496949e-05,0.00046907636,3.799582e-05,5.814433e-05,0.00012398374,0.00022357848
5802,201_01459,201,1459,0,N,0,N,0,N,0.9994639,0.9994639,2.108785e-05,1.4959016e-05,0.00026356158,8.953289e-06,3.9477778e-05,4.168535e-05,0.00014636933
5803,201_01460,201,1460,0,N,0,N,0,N,0.99873716,0.99873716,0.0003269643,2.5579533e-05,0.00065008056,3.4726374e-05,5.7373378e-05,3.4402907e-05,0.00013366694
5804,201_01461,201,1461,0,N,0,N,0,N,0.99891883,0.99891883,0.00023433246,2.6858777e-05,0.0005669383,3.138259e-05,5.3610773e-05,4.1093946e-05,0.00012690498
5805,201_01462,201,1462,0,N,0,N,0,N,0.9997192,0.9997192,1.05633835e-05,1.086974e-05,0.00013504493,7.353123e-06,3.068038e-05,4.101673e-05,4.5267745e-05
5806,201_01463,201,1463,0,N,0,N,0,N,0.99982274,0.99982274,5.326824e-06,6.6338303e-06,9.323861e-05,4.5234647e-06,2.3394212e-05,2.2199716e-05,2.192966e-05
5807,201_01464,201,1464,0,N,0,N,0,N,0.99985105,0.99985105,4.6604755e-06,5.3460494e-06,8.031508e-05,5.1290563e-06,1.9478428e-05,1.9125579e-05,1.48657955e-05
5808,201_01465,201,1465,0,N,0,N,0,N,0.9998194,0.9998194,1.3038852e-05,6.792912e-06,0.00010663117,7.868381e-06,2.0055475e-05,1.1614039e-05,1.4506409e-05
5809,201_01466,201,1466,0,N,0,N,0,N,0.99951875,0.99951875,3.556129e-05,1.744506e-05,0.00020127925,3.2126733e-05,3.926816e-05,0.00010138384,5.4187785e-05
5810,201_01467,201,1467,0,N,0,N,0,N,0.99947363,0.99947363,5.3753978e-05,2.012599e-05,0.0002319258,3.727718e-05,3.919609e-05,8.90367e-05,5.5049924e-05
5811,201_01468,201,1468,0,N,0,N,0,N,0.9981505,0.9981505,0.0004231658,6.477261e-05,0.0006448718,0.00014264436,8.4917294e-05,0.00030868826,0.00018036495
5812,201_01469,201,1469,0,N,0,N,0,N,0.99962234,0.99962234,2.1924197e-05,1.3074343e-05,0.00015823616,2.6804408e-05,3.524388e-05,8.480666e-05,3.750947e-05
5813,201_01470,201,1470,0,N,0,N,0,N,0.99976194,0.99976194,1.5265723e-05,9.010806e-06,0.00013449955,8.142316e-06,2.4574749e-05,1.9343488e-05,2.7231825e-05
5814,201_01471,201,1471,0,N,0,N,0,N,0.9996456,0.9996456,1.4730633e-05,1.1406358e-05,0.00014532832,1.95351e-05,3.746369e-05,8.53045e-05,4.0578547e-05
5815,201_01472,201,1472,0,N,0,N,0,N,0.99919736,0.99919736,0.00014582892,2.31072e-05,0.00039428932,4.515829e-05,4.5361197e-05,6.112748e-05,8.779328e-05
5816,201_01473,201,1473,0,N,0,N,0,N,0.9986281,0.9986281,4.7297843e-05,4.3650423e-05,0.00030525975,0.00010466051,0.000104779545,0.0006542324,0.00011205926
5817,201_01474,201,1474,0,N,0,N,0,N,0.9995041,0.9995041,2.892104e-05,2.074817e-05,0.0002013222,2.1251544e-05,4.308158e-05,0.00010796079,7.274924e-05
5818,201_01475,201,1475,0,N,0,N,0,N,0.9990746,0.9990746,5.4757347e-05,3.0452098e-05,0.00030897817,4.6432575e-05,7.003518e-05,0.00025362946,0.000161077
5819,201_01476,201,1476,0,N,0,N,0,N,0.9995398,0.9995398,3.384104e-05,1.6703427e-05,0.00021964817,1.8754055e-05,3.6951275e-05,6.27053e-05,7.162441e-05
5820,201_01477,201,1477,0,N,0,N,0,N,0.9986132,0.9986132,7.402952e-05,3.3374374e-05,0.00036358475,0.000138765,8.902014e-05,0.0005234115,0.00016461003
5821,201_01478,201,1478,0,N,0,N,0,N,0.9872524,0.9872524,0.004723031,0.00029786775,0.002835007,0.00070858514,0.0002358412,0.0021321701,0.0018150992
5822,201_01479,201,1479,0,N,0,N,0,N,0.9953747,0.9953747,0.00052063353,0.000138799,0.00092389557,0.00037492352,0.00017437509,0.0018096019,0.0006830066
5823,201_01480,201,1480,0,N,0,N,0,N,0.99922913,0.99922913,2.9598938e-05,2.4733903e-05,0.00030191086,1.4852554e-05,5.8488586e-05,0.000115105904,0.00022605504
5824,201_01481,201,1481,0,N,0,N,0,N,0.9995241,0.9995241,1.2289754e-05,1.5614518e-05,0.00019310569,1.290531e-05,5.4670454e-05,9.738945e-05,8.998758e-05
5825,201_01482,201,1482,0,N,0,N,0,N,0.9993474,0.9993474,2.5103935e-05,1.3641811e-05,0.00024930618,4.4678363e-05,5.489179e-05,0.00015290166,0.00011216639
5826,201_01483,201,1483,0,N,0,N,0,N,0.9986213,0.9986213,0.00014663403,4.2307714e-05,0.0004704295,8.284626e-05,7.4648466e-05,0.0003145481,0.00024718375
5827,201_01484,201,1484,0,N,0,N,0,N,0.9991363,0.9991363,1.8677067e-05,3.6689977e-05,0.00025859478,2.6506255e-05,0.00012414309,0.00030693552,9.1999456e-05
5828,201_01485,201,1485,0,N,0,N,0,N,0.9996572,0.9996572,1.2271467e-05,1.27791955e-05,0.00013915643,1.3548022e-05,4.132404e-05,8.1319384e-05,4.229195e-05
5829,201_01486,201,1486,0,N,0,N,0,N,0.9998414,0.9998414,5.432143e-06,6.8511076e-06,8.741646e-05,3.2560843e-06,2.1459602e-05,1.5400417e-05,1.8823583e-05
5830,201_01487,201,1487,0,N,0,N,0,N,0.9998527,0.9998527,5.511549e-06,5.357889e-06,8.624835e-05,4.3904324e-06,2.7164675e-05,6.395594e-06,1.2227556e-05
5831,201_01488,201,1488,0,N,0,N,0,N,0.9998408,0.9998408,4.0301456e-06,5.0848544e-06,9.548957e-05,3.0899228e-06,2.3082795e-05,8.324044e-06,2.0179385e-05
5832,201_01489,201,1489,0,N,0,N,0,N,0.9998954,0.9998954,3.1886345e-06,3.792976e-06,6.234265e-05,2.9194607e-06,1.69432e-05,6.546298e-06,8.9262585e-06
5833,201_01490,201,1490,0,N,0,N,0,N,0.9998822,0.9998822,4.654753e-06,4.097089e-06,7.0321854e-05,4.6805535e-06,1.6801732e-05,7.84127e-06,9.357719e-06
5834,201_01491,201,1491,0,N,0,N,0,N,0.9996846,0.9996846,4.778062e-05,9.949151e-06,0.00018009721,1.5864409e-05,2.8552042e-05,1.4102053e-05,1.9081495e-05
5835,201_01492,201,1492,0,N,0,N,0,N,0.99965173,0.99965173,3.2806067e-05,1.2513277e-05,0.00019484157,1.3665878e-05,2.989369e-05,2.4218809e-05,4.0355848e-05
5836,201_01493,201,1493,0,N,0,N,0,N,0.99974006,0.99974006,1.6443415e-05,1.2431497e-05,0.0001309497,1.0209452e-05,2.512089e-05,3.6755973e-05,2.7971964e-05
5837,201_01494,201,1494,0,N,0,N,0,N,0.99951386,0.99951386,4.9933216e-05,1.8551953e-05,0.00023743941,2.6005582e-05,3.447721e-05,6.11619e-05,5.865363e-05
5838,201_01495,201,1495,0,N,0,N,0,N,0.9997986,0.9997986,5.9639265e-06,1.3262248e-05,8.943557e-05,4.6038213e-06,2.5144125e-05,4.3804397e-05,1.9136069e-05
5839,201_01496,201,1496,0,N,0,N,0,N,0.9996789,0.9996789,1.0279805e-05,1.6115804e-05,0.00012771267,9.369576e-06,3.75859e-05,8.237513e-05,3.7565293e-05
5840,201_01497,201,1497,0,N,0,N,0,N,0.9997713,0.9997713,6.6422244e-06,9.662832e-06,0.00010126623,7.6098154e-06,2.9690926e-05,4.932184e-05,2.4510755e-05
5841,201_01498,201,1498,0,N,0,N,0,N,0.99971205,0.99971205,1.4210906e-05,8.5246365e-06,0.00012815993,2.1841537e-05,3.0708205e-05,5.818286e-05,2.6290956e-05
5842,201_01499,201,1499,0,N,0,N,0,N,0.9996973,0.9996973,1.5784792e-05,1.1404935e-05,0.0001375423,1.5341735e-05,3.0244535e-05,5.88707e-05,3.3511922e-05
5843,201_01500,201,1500,0,N,0,N,0,N,0.99956083,0.99956083,1.1317464e-05,1.2969338e-05,0.00014940185,2.9878205e-05,5.2663505e-05,0.00014787434,3.512106e-05
5844,201_01501,201,1501,0,N,0,N,0,N,0.9997328,0.9997328,8.268838e-06,8.950199e-06,0.00010894687,1.4946895e-05,3.31557e-05,6.961377e-05,2.3309312e-05
5845,201_01502,201,1502,0,N,0,N,0,N,0.99979216,0.99979216,5.9160157e-06,7.9050205e-06,8.786549e-05,1.0585897e-05,2.7833185e-05,5.1974544e-05,1.574787e-05
5846,201_01503,201,1503,0,N,0,N,0,N,0.9998759,0.9998759,4.9152704e-06,5.000976e-06,6.7517365e-05,5.7583393e-06,1.7414586e-05,1.49284915e-05,8.575983e-06
5847,201_01504,201,1504,0,N,0,N,0,N,0.99984616,0.99984616,5.9981553e-06,6.534979e-06,7.840319e-05,6.6624657e-06,2.191884e-05,2.1828599e-05,1.2520032e-05
5848,201_01505,201,1505,0,N,0,N,0,N,0.9997106,0.9997106,1.8335439e-05,1.0415384e-05,0.00015748457,1.0456917e-05,2.9950272e-05,2.5168181e-05,3.7487713e-05
5849,201_01506,201,1506,0,N,0,N,0,N,0.9996959,0.9996959,8.778462e-06,1.311717e-05,0.00012867025,8.461404e-06,3.594473e-05,6.690366e-05,4.2300202e-05
5850,201_01507,201,1507,0,N,0,N,0,N,0.99970067,0.99970067,1.1237872e-05,1.0015075e-05,0.00012415007,1.7508844e-05,3.2513086e-05,7.419083e-05,2.9739695e-05
5851,201_01508,201,1508,0,N,0,N,0,N,0.9997419,0.9997419,8.137984e-06,9.763365e-06,9.696883e-05,1.7518336e-05,3.11766e-05,7.859615e-05,1.6008107e-05
5852,201_01509,201,1509,0,N,0,N,0,N,0.99980426,0.99980426,7.2153116e-06,8.075982e-06,8.601517e-05,1.2127451e-05,2.3383363e-05,4.599316e-05,1.2865617e-05
5853,201_01510,201,1510,0,N,0,N,0,N,0.9998249,0.9998249,4.305591e-06,7.3657197e-06,8.225558e-05,5.2848377e-06,2.6328576e-05,3.3178556e-05,1.6386979e-05
5854,201_01511,201,1511,0,N,0,N,0,N,0.99976265,0.99976265,4.0891555e-06,1.3534832e-05,0.00011058703,2.8208515e-06,3.611864e-05,3.5996392e-05,3.414974e-05
5855,201_01512,201,1512,0,N,0,N,0,N,0.9998232,0.9998232,3.2173148e-06,1.119082e-05,9.618965e-05,1.4106342e-06,2.4393537e-05,1.4263704e-05,2.603813e-05
5856,201_01513,201,1513,0,N,0,N,0,N,0.9998766,0.9998766,3.6174035e-06,6.11409e-06,7.3209754e-05,2.165223e-06,1.9175615e-05,6.7619517e-06,1.2402144e-05
5857,201_01514,201,1514,0,N,0,N,0,N,0.999863,0.999863,3.585509e-06,6.403924e-06,7.22702e-05,3.1467348e-06,1.9168005e-05,1.8599363e-05,1.3770469e-05
5858,201_01515,201,1515,0,N,0,N,0,N,0.99976873,0.99976873,1.185003e-05,8.734631e-06,0.00011005828,1.3344112e-05,2.5382564e-05,4.1787556e-05,2.0090945e-05
5859,201_01516,201,1516,0,N,0,N,0,N,0.9991674,0.9991674,9.1292095e-05,3.1522995e-05,0.00028515357,8.066601e-05,5.7109253e-05,0.0002162926,7.0608934e-05
5860,201_01517,201,1517,0,N,0,N,0,N,0.99767387,0.99767387,0.0007304743,7.634038e-05,0.00090372754,0.00010267168,9.5902535e-05,0.00018630434,0.00023087276
5861,201_01518,201,1518,0,N,0,N,0,N,0.9996362,0.9996362,1.9291518e-05,1.340976e-05,0.00017172778,1.1682054e-05,3.598477e-05,5.2687166e-05,5.9068872e-05
5862,201_01519,201,1519,0,N,0,N,0,N,0.99981654,0.99981654,7.627394e-06,7.0553174e-06,0.00010504771,4.281083e-06,2.3641855e-05,1.2876392e-05,2.2938828e-05
5863,201_01520,201,1520,0,N,0,N,0,N,0.99990326,0.99990326,2.2807194e-06,4.6541586e-06,5.4459688e-05,1.857029e-06,1.7265898e-05,8.174022e-06,8.086438e-06
5864,201_01521,201,1521,0,N,0,N,0,N,0.99991304,0.99991304,2.128498e-06,4.5583197e-06,4.9400012e-05,1.7377778e-06,1.6204816e-05,6.426306e-06,6.491444e-06
5865,201_01522,201,1522,0,N,0,N,0,N,0.99990386,0.99990386,2.7337242e-06,4.539e-06,5.342043e-05,2.6632968e-06,1.6034843e-05,9.676932e-06,7.227201e-06
5866,201_01523,201,1523,0,N,0,N,0,N,0.9998422,0.9998422,5.418416e-06,5.391118e-06,7.760379e-05,9.270493e-06,2.1066558e-05,2.759514e-05,1.1490176e-05
5867,201_01524,201,1524,0,N,0,N,0,N,0.9998358,0.9998358,6.1184364e-06,7.142386e-06,8.846369e-05,4.267143e-06,2.1459991e-05,1.8373867e-05,1.8484398e-05
5868,201_01525,201,1525,0,N,0,N,0,N,0.9998735,0.9998735,3.8249023e-06,4.8561974e-06,6.647178e-05,5.0492417e-06,1.871418e-05,1.8018527e-05,9.639868e-06
5869,201_01526,201,1526,0,N,0,N,0,N,0.99988043,0.99988043,3.3618694e-06,4.4304325e-06,6.176932e-05,5.1954476e-06,1.8173054e-05,1.8468412e-05,8.112206e-06
5870,201_01527,201,1527,0,N,0,N,0,N,0.9998642,0.9998642,4.0530354e-06,5.240337e-06,6.715588e-05,6.4086416e-06,1.9776488e-05,2.3826962e-05,9.315044e-06
5871,201_01528,201,1528,0,N,0,N,0,N,0.99986553,0.99986553,3.3503993e-06,5.5448704e-06,7.077353e-05,3.3246151e-06,2.0731339e-05,1.779059e-05,1.29141135e-05
5872,201_01529,201,1529,0,N,0,N,0,N,0.99968827,0.99968827,5.532759e-06,1.1441839e-05,0.00012376376,1.0865788e-05,4.944612e-05,8.2397666e-05,2.8404133e-05
5873,201_01530,201,1530,0,N,0,N,0,N,0.99984163,0.99984163,5.184476e-06,5.8727082e-06,7.9094956e-05,7.6070346e-06,2.0044257e-05,2.7635077e-05,1.2897129e-05
5874,201_01531,201,1531,0,N,0,N,0,N,0.99968195,0.99968195,1.1712666e-05,1.3240595e-05,0.00013130611,1.2553806e-05,3.597578e-05,7.566922e-05,3.7705497e-05
5875,201_01532,201,1532,0,N,0,N,0,N,0.9998401,0.9998401,3.5040039e-06,8.341775e-06,7.988596e-05,2.7009328e-06,2.4167348e-05,2.3960714e-05,1.7416753e-05
5876,201_01533,201,1533,0,N,0,N,0,N,0.99981177,0.99981177,4.579827e-06,6.7075193e-06,8.968119e-05,6.161397e-06,2.7338518e-05,3.402145e-05,1.9610892e-05
5877,201_01534,201,1534,0,N,0,N,0,N,0.9998619,0.9998619,2.621211e-06,5.7975467e-06,6.691107e-05,3.7729815e-06,2.3659077e-05,2.4582738e-05,1.0816761e-05
5878,201_01535,201,1535,0,N,0,N,0,N,0.9998931,0.9998931,2.6631003e-06,4.910923e-06,5.5669625e-05,3.6366885e-06,1.7683833e-05,1.4890088e-05,7.4195373e-06
5879,201_01536,201,1536,0,N,0,N,0,N,0.9998306,0.9998306,2.9182195e-06,7.553103e-06,8.133007e-05,3.266624e-06,2.8498782e-05,2.7461665e-05,1.8283035e-05
5880,201_01537,201,1537,0,N,0,N,0,N,0.99980783,0.99980783,4.462281e-06,7.4255513e-06,8.640996e-05,7.527052e-06,2.6383423e-05,4.204034e-05,1.7929855e-05
5881,201_01538,201,1538,0,N,0,N,0,N,0.99957204,0.99957204,7.799324e-06,1.505244e-05,0.0001663306,1.25050265e-05,6.2452666e-05,0.0001068512,5.6985406e-05
5882,201_01539,201,1539,0,N,0,N,0,N,0.9996554,0.9996554,6.120157e-06,2.319347e-05,0.0001484176,3.599162e-06,4.3120825e-05,6.0241382e-05,5.9972026e-05
5883,201_01540,201,1540,0,N,0,N,0,N,0.99943286,0.99943286,5.838138e-06,4.9559712e-05,0.0002263557,3.1489858e-06,8.902628e-05,9.309441e-05,0.000100217774
5884,201_01541,201,1541,0,N,0,N,0,N,0.99970424,0.99970424,6.45451e-06,2.1285376e-05,0.00014142702,2.6933874e-06,2.815748e-05,3.7822014e-05,5.7986093e-05
5885,201_01542,201,1542,0,N,0,N,0,N,0.99968016,0.99968016,9.448056e-06,1.3407358e-05,0.00013330382,1.0659847e-05,3.1867763e-05,7.7005454e-05,4.4233082e-05
5886,201_01543,201,1543,0,N,0,N,0,N,0.99930865,0.99930865,4.2776817e-05,1.9250156e-05,0.00027135774,3.9845698e-05,5.518848e-05,0.00014796539,0.000115144605
5887,201_01544,201,1544,0,N,0,N,0,N,0.99972314,0.99972314,8.896874e-06,9.517193e-06,0.00011564343,1.3038865e-05,3.4631314e-05,6.6776076e-05,2.838338e-05
5888,201_01545,201,1545,0,N,0,N,0,N,0.99975073,0.99975073,7.042874e-06,1.2297994e-05,0.00010762009,6.5706363e-06,3.1768843e-05,5.4825457e-05,2.9160597e-05
5889,201_01546,201,1546,0,N,0,N,0,N,0.9998537,0.9998537,2.4797334e-06,1.0046263e-05,7.247984e-05,1.7344213e-06,2.456599e-05,2.0233987e-05,1.4723585e-05
5890,201_01547,201,1547,0,N,0,N,0,N,0.9998519,0.9998519,3.8769867e-06,7.26788e-06,7.709672e-05,3.2527355e-06,2.1743539e-05,1.868255e-05,1.6258715e-05
5891,201_01548,201,1548,0,N,0,N,0,N,0.99987555,0.99987555,4.6588875e-06,4.1179364e-06,6.8526846e-05,6.7387373e-06,1.7500419e-05,1.4364296e-05,8.457873e-06
5892,201_01549,201,1549,0,N,0,N,0,N,0.9998438,0.9998438,7.4779596e-06,6.1858696e-06,8.779497e-05,5.9315857e-06,1.9869773e-05,1.4899935e-05,1.412379e-05
5893,201_01550,201,1550,0,N,0,N,0,N,0.9998954,0.9998954,3.153783e-06,4.1003327e-06,5.8888712e-05,3.471981e-06,1.704332e-05,1.0084976e-05,7.935947e-06
5894,201_01551,201,1551,0,N,0,N,0,N,0.99988484,0.99988484,3.5942317e-06,4.060009e-06,6.014848e-05,6.6005673e-06,1.6843973e-05,1.7069866e-05,6.9763237e-06
5895,201_01552,201,1552,0,N,0,N,0,N,0.99988353,0.99988353,4.1156413e-06,5.1207917e-06,6.735556e-05,3.0564233e-06,1.7078928e-05,9.25246e-06,1.03760785e-05
5896,201_01553,201,1553,0,N,0,N,0,N,0.9998729,0.9998729,2.9415598e-06,7.2232015e-06,6.767001e-05,2.0451105e-06,1.9379464e-05,1.5199412e-05,1.2611035e-05
5897,201_01554,201,1554,0,N,0,N,0,N,0.9998779,0.9998779,2.3235064e-06,5.6713093e-06,6.255172e-05,2.3988132e-06,2.152261e-05,1.6910666e-05,1.068868e-05
5898,201_01555,201,1555,0,N,0,N,0,N,0.9998901,0.9998901,3.0404826e-06,3.5216503e-06,5.891609e-05,5.0348376e-06,1.8114726e-05,1.4099801e-05,7.2333214e-06
5899,201_01556,201,1556,0,N,0,N,0,N,0.9998564,0.9998564,4.6901646e-06,4.804549e-06,7.641034e-05,5.980652e-06,2.1112957e-05,1.8225779e-05,1.2447514e-05
5900,201_01557,201,1557,0,N,0,N,0,N,0.9998557,0.9998557,3.0396825e-06,5.190476e-06,7.861485e-05,2.725159e-06,2.422828e-05,1.3959168e-05,1.6552644e-05
5901,201_01558,201,1558,0,N,0,N,0,N,0.99987996,0.99987996,2.0129687e-06,5.1961683e-06,6.250069e-05,2.106634e-06,2.2892269e-05,1.4410653e-05,1.0817802e-05
5902,201_01559,201,1559,0,N,0,N,0,N,0.99990314,0.99990314,3.2001565e-06,3.108829e-06,5.694929e-05,4.772796e-06,1.4200535e-05,8.487114e-06,6.2127947e-06
5903,201_01560,201,1560,0,N,0,N,0,N,0.99990803,0.99990803,2.6829423e-06,4.017825e-06,5.3113014e-05,2.4767105e-06,1.5399239e-05,7.2796374e-06,6.9911052e-06
5904,201_01561,201,1561,0,N,0,N,0,N,0.9998397,0.9998397,5.721107e-06,7.119367e-06,8.612173e-05,4.1539183e-06,2.0291889e-05,1.918493e-05,1.768994e-05
5905,201_01562,201,1562,0,N,0,N,0,N,0.9998828,0.9998828,2.963911e-06,4.585585e-06,6.254219e-05,3.7278658e-06,1.809888e-05,1.586344e-05,9.381279e-06
5906,201_01563,201,1563,0,N,0,N,0,N,0.999768,0.999768,8.121326e-06,9.337539e-06,0.0001253667,4.377059e-06,2.3932702e-05,2.1713886e-05,3.9048184e-05
5907,201_01564,201,1564,0,N,0,N,0,N,0.99985343,0.99985343,3.3186764e-06,6.877126e-06,7.629135e-05,2.7981418e-06,2.1979684e-05,1.9149697e-05,1.6328042e-05
5908,201_01565,201,1565,0,N,0,N,0,N,0.99974656,0.99974656,4.749873e-06,1.0381406e-05,0.000115144976,5.2485025e-06,3.5641548e-05,4.7374033e-05,3.494248e-05
5909,201_01566,201,1566,0,N,0,N,0,N,0.9998495,0.9998495,4.515603e-06,6.6322364e-06,7.195899e-05,6.208404e-06,2.1040752e-05,2.9052164e-05,1.1189557e-05
5910,201_01567,201,1567,0,N,0,N,0,N,0.99984306,0.99984306,4.6753466e-06,7.697002e-06,7.401686e-05,5.6856416e-06,2.135016e-05,3.12215e-05,1.2290944e-05
5911,201_01568,201,1568,0,N,0,N,0,N,0.9998187,0.9998187,3.34869e-06,1.1096007e-05,8.2163264e-05,2.8682007e-06,2.8670207e-05,3.470654e-05,1.836686e-05
5912,201_01569,201,1569,0,N,0,N,0,N,0.9998558,0.9998558,2.6207251e-06,6.634005e-06,6.846788e-05,3.4393631e-06,2.6415204e-05,2.4226918e-05,1.2400705e-05
5913,201_01570,201,1570,0,N,0,N,0,N,0.99985427,0.99985427,3.2986582e-06,5.429634e-06,6.894978e-05,6.17695e-06,2.2708879e-05,2.8270932e-05,1.0902128e-05
5914,201_01571,201,1571,0,N,0,N,0,N,0.9998581,0.9998581,4.4323497e-06,6.586871e-06,7.55415e-05,3.944537e-06,2.1594367e-05,1.595575e-05,1.4010589e-05
5915,201_01572,201,1572,0,N,0,N,0,N,0.9995649,0.9995649,6.301919e-06,2.0490294e-05,0.0001444194,1.2118155e-05,7.7523684e-05,0.00014349121,3.0846026e-05
5916,201_01573,201,1573,0,N,0,N,0,N,0.999291,0.999291,8.877402e-06,2.7612694e-05,0.00023573327,1.4659608e-05,0.00015609305,0.00019140559,7.4607764e-05
5917,201_01574,201,1574,0,N,0,N,0,N,0.9996984,0.9996984,5.3235717e-06,1.7774031e-05,0.00012975695,3.968143e-06,4.152252e-05,5.7037465e-05,4.6293233e-05
5918,201_01575,201,1575,0,N,0,N,0,N,0.99971825,0.99971825,7.827634e-06,1.4104397e-05,0.00014910594,3.0799974e-06,3.0096497e-05,2.181794e-05,5.5738987e-05
5919,201_01576,201,1576,0,N,0,N,0,N,0.99977285,0.99977285,5.930769e-06,1.1120701e-05,0.00012599357,2.6150203e-06,2.512828e-05,1.6089876e-05,4.0263934e-05
5920,201_01577,201,1577,0,N,0,N,0,N,0.99951327,0.99951327,5.8664842e-05,1.2376917e-05,0.00027783695,1.5612351e-05,3.6258843e-05,2.0563015e-05,6.53586e-05
5921,201_01578,201,1578,0,N,0,N,0,N,0.9996566,0.9996566,3.8731458e-05,9.301208e-06,0.00019362757,1.963783e-05,2.7523949e-05,2.1743066e-05,3.2760523e-05
5922,201_01579,201,1579,0,N,0,N,0,N,0.99986446,0.99986446,5.5589753e-06,5.5928645e-06,7.0439004e-05,7.3496476e-06,1.7785871e-05,1.9820749e-05,8.884353e-06
5923,201_01580,201,1580,0,N,0,N,0,N,0.9998476,0.9998476,4.2879046e-06,5.587865e-06,7.825151e-05,5.5019573e-06,2.1712653e-05,2.290771e-05,1.4244722e-05
5924,201_01581,201,1581,0,N,0,N,0,N,0.99988675,0.99988675,3.851708e-06,4.099394e-06,6.251572e-05,4.9743458e-06,1.8044026e-05,1.1935727e-05,7.80629e-06
5925,201_01582,201,1582,0,N,0,N,0,N,0.999834,0.999834,1.1761114e-05,5.883651e-06,9.5005686e-05,8.0211785e-06,2.8325925e-05,7.4252357e-06,9.63753e-06
5926,201_01583,201,1583,0,N,0,N,0,N,0.99974406,0.99974406,2.984973e-05,7.821546e-06,0.00014879841,1.1682891e-05,3.1086558e-05,9.73995e-06,1.7082737e-05
5927,201_01584,201,1584,0,N,0,N,0,N,0.999844,0.999844,3.932016e-06,5.5566356e-06,7.971907e-05,5.2010982e-06,2.3282533e-05,2.255134e-05,1.5729865e-05
5928,201_01585,201,1585,0,N,0,N,0,N,0.9998188,0.9998188,3.9627594e-06,6.632931e-06,8.0362974e-05,7.762909e-06,2.7325443e-05,4.1376272e-05,1.3688185e-05
5929,201_01586,201,1586,0,N,0,N,0,N,0.9997438,0.9997438,3.134625e-06,1.4329349e-05,9.494811e-05,5.03729e-06,5.791439e-05,6.8092384e-05,1.2787617e-05
5930,201_01587,201,1587,0,N,0,N,0,N,0.9998476,0.9998476,2.1865558e-06,1.027945e-05,6.6046814e-05,2.3476202e-06,3.0750118e-05,3.0997617e-05,9.859928e-06
5931,201_01588,201,1588,0,N,0,N,0,N,0.9998508,0.9998508,2.158403e-06,8.190026e-06,7.012811e-05,2.2556449e-06,2.9526456e-05,2.4293291e-05,1.2643873e-05
5932,201_01589,201,1589,0,N,0,N,0,N,0.99990314,0.99990314,2.1805904e-06,3.7470677e-06,5.25955e-05,3.0236065e-06,1.755647e-05,1.1187468e-05,6.6572434e-06
5933,201_01590,201,1590,0,N,0,N,0,N,0.99985236,0.99985236,6.259366e-06,4.592697e-06,7.895691e-05,9.917303e-06,1.8753033e-05,1.9000363e-05,1.0224572e-05
5934,201_01591,201,1591,0,N,0,N,0,N,0.9998727,0.9998727,5.619204e-06,4.501094e-06,7.5547505e-05,4.435877e-06,1.8486226e-05,8.390653e-06,1.0417917e-05
5935,201_01592,201,1592,0,N,0,N,0,N,0.9998602,0.9998602,2.9675039e-06,6.842389e-06,6.915321e-05,2.9310802e-06,2.3040555e-05,2.240343e-05,1.240549e-05
5936,201_01593,201,1593,5,ABERR,0,N,0,N,0.9999092,0.9999092,1.811021e-06,3.615059e-06,4.849926e-05,2.971835e-06,1.676777e-05,1.1426167e-05,5.765901e-06
5937,201_01594,201,1594,0,N,5,ABERR,0,N,0.99963164,0.99963164,3.7979855e-05,1.2788354e-05,0.00018660657,1.3171971e-05,9.437696e-05,7.922293e-06,1.5374853e-05
5938,201_01595,201,1595,0,N,0,N,0,N,0.99824816,0.99824816,0.0002702541,4.520325e-05,0.0008726447,5.9220434e-05,0.00029592123,3.823989e-05,0.00017021192
5939,201_01596,201,1596,5,ABERR,0,N,0,N,0.99706435,0.99706435,0.00041555025,4.417843e-05,0.0014804853,5.6944988e-05,0.0001470275,7.309127e-05,0.0007184215
5940,201_01597,201,1597,0,N,5,ABERR,0,N,0.99965876,0.99965876,9.24351e-06,5.312335e-06,0.00014121814,3.837384e-05,4.2279436e-05,7.5228556e-05,2.9543515e-05
5941,201_01598,201,1598,0,N,0,N,0,N,0.9997142,0.9997142,1.3519921e-05,1.0859791e-05,0.00010810075,3.0886848e-05,2.964221e-05,7.836825e-05,1.4408072e-05
5942,201_01599,201,1599,0,N,0,N,0,N,0.9997392,0.9997392,2.1795813e-05,1.3241392e-05,0.00012613625,1.7646462e-05,2.6118658e-05,3.7524736e-05,1.8274184e-05
5943,201_01600,201,1600,0,N,0,N,0,N,0.99972576,0.99972576,8.021244e-06,1.2523683e-05,0.00010118652,1.3586838e-05,3.2715358e-05,8.6600194e-05,1.9517505e-05
5944,201_01601,201,1601,0,N,0,N,0,N,0.9998064,0.9998064,6.5755476e-06,8.663349e-06,9.361129e-05,5.965321e-06,2.6078746e-05,3.231817e-05,2.0404092e-05
5945,201_01602,201,1602,0,N,0,N,0,N,0.99986875,0.99986875,3.4022141e-06,6.025777e-06,6.832487e-05,3.2959135e-06,2.0212901e-05,1.7954922e-05,1.19346005e-05
5946,201_01603,201,1603,0,N,0,N,0,N,0.99987173,0.99987173,3.1081029e-06,5.1421266e-06,7.244189e-05,2.471133e-06,2.00562e-05,1.1194256e-05,1.380005e-05
5947,201_01604,201,1604,0,N,0,N,0,N,0.9998889,0.9998889,2.3581897e-06,4.262688e-06,6.164873e-05,2.4082558e-06,1.969788e-05,1.0657864e-05,1.0071157e-05
5948,201_01605,201,1605,0,N,0,N,0,N,0.99985176,0.99985176,5.274486e-06,4.2644774e-06,8.5001615e-05,5.8013707e-06,1.9869593e-05,1.3624482e-05,1.4431811e-05
5949,201_01606,201,1606,0,N,0,N,0,N,0.999901,0.999901,2.7101103e-06,3.6643944e-06,5.6829103e-05,3.2091593e-06,1.6201422e-05,8.779769e-06,7.6171345e-06
5950,201_01607,201,1607,0,N,0,N,0,N,0.99983805,0.99983805,6.473116e-06,4.7763147e-06,8.398092e-05,1.0795727e-05,2.1144991e-05,2.2449343e-05,1.2301519e-05
5951,201_01608,201,1608,0,N,0,N,0,N,0.999877,0.999877,3.557717e-06,3.6689503e-06,6.245248e-05,7.571888e-06,2.0175687e-05,1.8051905e-05,7.4954437e-06
5952,201_01609,201,1609,0,N,0,N,0,N,0.99958134,0.99958134,1.7652274e-05,8.543069e-06,0.00021708,2.2223712e-05,4.9105558e-05,3.7077352e-05,6.6921835e-05
5953,201_01610,201,1610,0,N,0,N,0,N,0.9996099,0.9996099,7.3229353e-06,9.185028e-06,0.00018107863,8.102791e-06,5.183707e-05,4.1519554e-05,9.1150236e-05
5954,201_01611,201,1611,0,N,0,N,0,N,0.9994447,0.9994447,1.03286275e-05,1.165397e-05,0.00024528173,1.0409615e-05,5.8841066e-05,5.3437267e-05,0.00016535894
5955,201_01612,201,1612,0,N,0,N,0,N,0.99971455,0.99971455,3.674103e-06,1.3360286e-05,0.00012477615,3.978188e-06,5.532886e-05,4.7270612e-05,3.7139947e-05
5956,201_01613,201,1613,0,N,0,N,0,N,0.9997944,0.9997944,4.179662e-06,9.265047e-06,0.00011057283,2.588241e-06,3.189646e-05,1.5268999e-05,3.180879e-05
5957,201_01614,201,1614,0,N,0,N,0,N,0.999804,0.999804,4.354467e-06,7.4670015e-06,0.000100349505,3.587428e-06,2.8814433e-05,2.2511244e-05,2.8870958e-05
5958,201_01615,201,1615,0,N,0,N,0,N,0.9998102,0.9998102,3.093086e-06,8.177908e-06,8.74641e-05,3.8343346e-06,3.4680732e-05,3.3997043e-05,1.851736e-05
5959,201_01616,201,1616,0,N,0,N,0,N,0.9998506,0.9998506,3.7773816e-06,5.502341e-06,7.398911e-05,5.358588e-06,2.305917e-05,2.4790743e-05,1.2963723e-05
5960,201_01617,201,1617,0,N,0,N,0,N,0.9998741,0.9998741,2.7276535e-06,3.7565408e-06,6.158324e-05,6.821836e-06,2.1225986e-05,2.1593107e-05,8.172888e-06
5961,201_01618,201,1618,0,N,0,N,0,N,0.999882,0.999882,3.3360814e-06,3.3966603e-06,6.0622944e-05,7.881604e-06,1.8033825e-05,1.777738e-05,6.950995e-06
5962,201_01619,201,1619,0,N,0,N,0,N,0.9999116,0.9999116,2.4915735e-06,3.0066096e-06,5.010753e-05,4.109936e-06,1.4874737e-05,8.77069e-06,5.1368615e-06
5963,201_01620,201,1620,0,N,0,N,0,N,0.9998594,0.9998594,2.9485275e-06,5.0651925e-06,7.202121e-05,3.7871937e-06,2.4171019e-05,1.9043053e-05,1.3569954e-05
5964,201_01621,201,1621,0,N,0,N,0,N,0.9997875,0.9997875,3.7661944e-06,6.642421e-06,0.000105644525,4.511561e-06,3.3099506e-05,2.7655095e-05,3.1200183e-05
5965,201_01622,201,1622,0,N,0,N,0,N,0.99959093,0.99959093,5.8380756e-06,1.1408639e-05,0.0001672699,1.165203e-05,8.185153e-05,8.379075e-05,4.7254354e-05
5966,201_01623,201,1623,0,N,0,N,0,N,0.99981,0.99981,6.0872635e-06,5.9634312e-06,9.886312e-05,6.540298e-06,2.5230911e-05,2.4871244e-05,2.242909e-05
5967,201_01624,201,1624,0,N,0,N,0,N,0.99984056,0.99984056,5.047313e-06,6.5006125e-06,8.835367e-05,3.461984e-06,2.0469924e-05,1.579294e-05,1.9888837e-05
5968,201_01625,201,1625,0,N,0,N,0,N,0.9998708,0.9998708,3.579421e-06,4.712133e-06,6.811253e-05,5.0853073e-06,1.8742347e-05,1.8367798e-05,1.0550094e-05
5969,201_01626,201,1626,0,N,0,N,0,N,0.999817,0.999817,4.7508197e-06,5.8194437e-06,8.63577e-05,8.204062e-06,2.5313588e-05,3.5699853e-05,1.6828684e-05
5970,201_01627,201,1627,0,N,0,N,0,N,0.99987245,0.99987245,3.040545e-06,6.322052e-06,6.0151233e-05,4.558169e-06,2.000853e-05,2.548652e-05,8.073622e-06
5971,201_01628,201,1628,5,ABERR,0,N,0,N,0.99983627,0.99983627,3.845692e-06,7.0870033e-06,8.0606784e-05,3.6627318e-06,2.6272866e-05,2.5083735e-05,1.7125942e-05
5972,201_01629,201,1629,0,N,5,ABERR,0,N,0.9999122,0.9999122,2.131096e-06,4.6586983e-06,4.9434704e-05,1.7072895e-06,1.6946717e-05,6.5299655e-06,6.446581e-06
5973,201_01630,201,1630,0,N,0,N,0,N,0.99979645,0.99979645,9.676059e-06,6.194012e-06,0.000114191,8.363587e-06,2.360763e-05,1.825793e-05,2.3302862e-05
5974,201_01631,201,1631,0,N,0,N,0,N,0.999837,0.999837,7.465325e-06,6.5310874e-06,9.468098e-05,4.8268485e-06,2.9930727e-05,6.804144e-06,1.2795677e-05
5975,201_01632,201,1632,0,N,0,N,0,N,0.9997377,0.9997377,4.3372975e-06,1.5174285e-05,0.00012122128,2.8634481e-06,3.8829985e-05,3.8299982e-05,4.156924e-05
5976,201_01633,201,1633,0,N,0,N,0,N,0.9998077,0.9998077,2.9553453e-06,1.071284e-05,9.1685055e-05,2.3797966e-06,3.2410873e-05,2.798002e-05,2.412123e-05
5977,201_01634,201,1634,0,N,0,N,0,N,0.99977535,0.99977535,2.8460554e-06,9.417235e-06,8.9691435e-05,5.671501e-06,5.2955005e-05,5.279727e-05,1.122332e-05
5978,201_01635,201,1635,0,N,0,N,0,N,0.9997925,0.9997925,5.428574e-06,8.345819e-06,9.130349e-05,7.611762e-06,2.895616e-05,4.7086985e-05,1.8783196e-05
5979,201_01636,201,1636,0,N,0,N,0,N,0.9998335,0.9998335,4.896886e-06,6.441508e-06,8.795363e-05,4.210002e-06,2.3440269e-05,2.0066473e-05,1.954884e-05
5980,201_01637,201,1637,0,N,0,N,0,N,0.9997185,0.9997185,7.5437765e-06,8.169332e-06,0.00014023665,6.4594915e-06,3.5696303e-05,3.164632e-05,5.170751e-05
5981,201_01638,201,1638,0,N,0,N,0,N,0.999753,0.999753,7.022119e-06,7.3502306e-06,0.00013593138,4.797372e-06,3.0713796e-05,1.8173701e-05,4.30095e-05
5982,201_01639,201,1639,0,N,0,N,0,N,0.99973243,0.99973243,8.936549e-06,8.421766e-06,0.00014392864,5.1460015e-06,2.9128129e-05,2.2048105e-05,5.0030183e-05
5983,201_01640,201,1640,0,N,0,N,0,N,0.999863,0.999863,2.4827002e-06,5.9649533e-06,6.867679e-05,2.8336676e-06,2.4241099e-05,1.9800978e-05,1.3000842e-05
5984,201_01641,201,1641,0,N,0,N,0,N,0.9998482,0.9998482,3.3664576e-06,7.543633e-06,7.6116754e-05,2.8678778e-06,2.3232193e-05,2.3063669e-05,1.5642745e-05
5985,201_01642,201,1642,0,N,0,N,0,N,0.99988043,0.99988043,2.8171883e-06,5.8139103e-06,6.519532e-05,2.4178223e-06,1.8145605e-05,1.33915e-05,1.17655645e-05
5986,201_01643,201,1643,0,N,0,N,0,N,0.99978834,0.99978834,2.9738062e-06,1.0104487e-05,9.299289e-05,3.9063148e-06,4.0676914e-05,4.0990788e-05,1.999628e-05
5987,201_01644,201,1644,0,N,0,N,0,N,0.99968696,0.99968696,6.276668e-06,8.904114e-06,0.0001423546,8.968329e-06,4.0753315e-05,5.2080755e-05,5.370944e-05
5988,201_01645,201,1645,0,N,0,N,0,N,0.9997628,0.9997628,3.558108e-06,8.338696e-06,9.066468e-05,1.0327728e-05,4.6576537e-05,6.5788015e-05,1.1881259e-05
5989,201_01646,201,1646,0,N,0,N,0,N,0.9998696,0.9998696,5.946165e-06,4.8430297e-06,7.307057e-05,6.9163457e-06,1.7268017e-05,1.3344936e-05,8.934307e-06
5990,201_01647,201,1647,0,N,0,N,0,N,0.9998403,0.9998403,3.3099313e-06,7.892572e-06,7.071312e-05,4.6445325e-06,2.722487e-05,3.4140605e-05,1.1815905e-05
5991,201_01648,201,1648,0,N,0,N,0,N,0.99987566,0.99987566,2.677424e-06,4.663489e-06,6.6093286e-05,3.193246e-06,2.1857031e-05,1.4349113e-05,1.14552095e-05
5992,201_01649,201,1649,0,N,0,N,0,N,0.99982333,0.99982333,4.0147543e-06,5.862249e-06,8.4974716e-05,5.993501e-06,2.774429e-05,3.085294e-05,1.7230566e-05
5993,201_01650,201,1650,0,N,0,N,0,N,0.9998809,0.9998809,3.1038542e-06,4.8331735e-06,6.3959174e-05,3.8237854e-06,1.9002118e-05,1.4549158e-05,9.850134e-06
5994,201_01651,201,1651,0,N,0,N,0,N,0.9998396,0.9998396,4.4626445e-06,6.9604316e-06,8.5592605e-05,3.1891075e-06,2.2273509e-05,1.822045e-05,1.9744906e-05
5995,201_01652,201,1652,0,N,0,N,0,N,0.9997738,0.9997738,2.6471503e-06,1.2468642e-05,9.489981e-05,3.3966683e-06,4.8556554e-05,4.5904995e-05,1.833226e-05
5996,201_01653,201,1653,0,N,0,N,0,N,0.99987984,0.99987984,2.734446e-06,4.281725e-06,5.956581e-05,5.1889974e-06,1.9513738e-05,2.0835138e-05,7.926513e-06
5997,201_01654,201,1654,0,N,0,N,0,N,0.99989873,0.99989873,3.7355267e-06,3.785003e-06,5.727578e-05,4.943005e-06,1.5219081e-05,1.0454258e-05,5.9724644e-06
5998,201_01655,201,1655,0,N,0,N,0,N,0.99990755,0.99990755,2.2527738e-06,4.246153e-06,4.9482536e-05,3.0915292e-06,1.5856042e-05,1.1733891e-05,5.870816e-06
5999,201_01656,201,1656,0,N,0,N,0,N,0.99988353,0.99988353,3.622054e-06,4.9788864e-06,6.564347e-05,3.0592462e-06,1.7482593e-05,1.1052844e-05,1.0613726e-05
6000,201_01657,201,1657,0,N,0,N,0,N,0.9997655,0.9997655,5.6992058e-06,7.99083e-06,9.791873e-05,1.1533196e-05,3.165928e-05,6.0117614e-05,1.951348e-05
6001,201_01658,201,1658,0,N,0,N,0,N,0.99978834,0.99978834,6.678384e-06,9.030745e-06,0.00010477751,5.5464047e-06,2.5076433e-05,3.2529057e-05,2.8060043e-05
6002,201_01659,201,1659,0,N,0,N,0,N,0.99962616,0.99962616,4.8153493e-06,1.9531406e-05,0.00014499201,5.971075e-06,7.181432e-05,8.8426765e-05,3.832037e-05
6003,201_01660,201,1660,0,N,0,N,0,N,0.9995787,0.9995787,4.2128204e-06,2.4783649e-05,0.0001573152,4.804277e-06,9.2205715e-05,9.626918e-05,4.1635034e-05
6004,201_01661,201,1661,0,N,0,N,0,N,0.99942166,0.99942166,6.148136e-06,2.0674524e-05,0.00021397868,1.0224895e-05,0.0001398118,0.00012815779,5.924506e-05
6005,201_01662,201,1662,0,N,0,N,0,N,0.9994741,0.9994741,6.153011e-06,2.4171823e-05,0.00019526192,7.750604e-06,0.00010903248,0.00012119833,6.231079e-05
6006,201_01663,201,1663,0,N,0,N,0,N,0.9997205,0.9997205,4.646718e-06,1.0737168e-05,0.00011945351,7.0528504e-06,4.8277896e-05,5.856536e-05,3.079457e-05
6007,201_01664,201,1664,0,N,0,N,0,N,0.99985105,0.99985105,3.8024234e-06,5.996869e-06,7.184918e-05,5.1791576e-06,2.3219123e-05,2.698909e-05,1.2014521e-05
6008,201_01665,201,1665,0,N,0,N,0,N,0.9998214,0.9998214,1.048993e-05,7.3794613e-06,0.00010674361,5.0864096e-06,2.135371e-05,1.05015015e-05,1.6966846e-05
6009,201_01666,201,1666,0,N,0,N,0,N,0.9998395,0.9998395,5.939162e-06,6.4723663e-06,8.934886e-05,3.8914814e-06,2.0202444e-05,1.6078293e-05,1.85589e-05
6010,201_01667,201,1667,0,N,0,N,0,N,0.9998195,0.9998195,5.049773e-06,7.0303795e-06,9.321795e-05,4.2706074e-06,2.3634171e-05,2.4326726e-05,2.280086e-05
6011,201_01668,201,1668,0,N,0,N,0,N,0.99976075,0.99976075,3.958216e-06,1.026357e-05,9.598791e-05,7.423481e-06,4.3053333e-05,6.248597e-05,1.6134656e-05
6012,201_01669,201,1669,0,N,0,N,0,N,0.99981046,0.99981046,3.472494e-06,1.0837474e-05,8.411294e-05,3.42363e-06,3.116025e-05,3.7118403e-05,1.9306368e-05
6013,201_01670,201,1670,0,N,0,N,0,N,0.999817,0.999817,3.833768e-06,7.597705e-06,9.3016395e-05,3.333899e-06,2.6474578e-05,2.365533e-05,2.5051217e-05
6014,201_01671,201,1671,0,N,0,N,0,N,0.9998106,0.9998106,3.752879e-06,7.673642e-06,9.676283e-05,3.182932e-06,2.6754235e-05,2.39646e-05,2.7237227e-05
6015,201_01672,201,1672,0,N,0,N,0,N,0.9998471,0.9998471,3.9351044e-06,5.3402805e-06,7.585717e-05,6.018898e-06,2.2632505e-05,2.5852876e-05,1.3278611e-05
6016,201_01673,201,1673,0,N,0,N,0,N,0.9998013,0.9998013,3.2947737e-06,9.191563e-06,8.146657e-05,5.7794423e-06,3.6877074e-05,4.967069e-05,1.2418229e-05
6017,201_01674,201,1674,0,N,0,N,0,N,0.9998677,0.9998677,3.3368865e-06,4.882988e-06,6.708147e-05,4.948535e-06,2.1382208e-05,2.0159381e-05,1.0457044e-05
6018,201_01675,201,1675,0,N,0,N,0,N,0.99983937,0.99983937,2.8517206e-06,5.1228953e-06,7.3715084e-05,6.179969e-06,3.1285766e-05,3.0463669e-05,1.1082045e-05
6019,201_01676,201,1676,0,N,0,N,0,N,0.99988246,0.99988246,3.1056e-06,4.239059e-06,6.64531e-05,3.1709687e-06,2.0270241e-05,9.723218e-06,1.0529339e-05
6020,201_01677,201,1677,0,N,0,N,0,N,0.9998901,0.9998901,1.8658806e-06,3.8253156e-06,5.836563e-05,2.8066258e-06,2.2456315e-05,1.145248e-05,9.125411e-06
6021,201_01678,201,1678,0,N,0,N,0,N,0.99984115,0.99984115,2.8747252e-06,5.575713e-06,8.541913e-05,2.85928e-06,2.6526674e-05,1.5193973e-05,2.0421465e-05
6022,201_01679,201,1679,0,N,0,N,0,N,0.99975383,0.99975383,3.3713284e-06,6.770729e-06,0.000112669455,7.842897e-06,4.592895e-05,4.3628464e-05,2.5976922e-05
6023,201_01680,201,1680,0,N,0,N,0,N,0.99981654,0.99981654,5.020941e-06,5.6022795e-06,9.578897e-05,6.0711686e-06,2.3882221e-05,2.4667268e-05,2.2312495e-05
6024,201_01681,201,1681,0,N,0,N,0,N,0.99984735,0.99984735,2.870004e-06,6.037446e-06,7.1100956e-05,4.8819807e-06,2.6494023e-05,2.9773148e-05,1.1605717e-05
6025,201_01682,201,1682,0,N,0,N,0,N,0.9997641,0.9997641,4.7491685e-06,6.5838467e-06,9.4929484e-05,1.5112283e-05,3.7052774e-05,6.300648e-05,1.441701e-05
6026,201_01683,201,1683,0,N,0,N,0,N,0.99969363,0.99969363,1.4469601e-05,8.636256e-06,0.00012246468,3.2905835e-05,3.2508575e-05,7.507307e-05,2.0343194e-05
6027,201_01684,201,1684,0,N,0,N,0,N,0.9997396,0.9997396,1.4964855e-05,1.0710566e-05,0.00012375512,1.3448058e-05,2.7599624e-05,4.5272896e-05,2.4598094e-05
6028,201_01685,201,1685,0,N,0,N,0,N,0.99985033,0.99985033,5.6977055e-06,5.527912e-06,7.556404e-05,8.541604e-06,2.002376e-05,2.3542734e-05,1.0754283e-05
6029,201_01686,201,1686,0,N,0,N,0,N,0.99985486,0.99985486,3.422695e-06,4.9707255e-06,7.174161e-05,5.9667536e-06,2.2391305e-05,2.462708e-05,1.1994476e-05
6030,201_01687,201,1687,0,N,0,N,0,N,0.9997481,0.9997481,4.6906043e-06,7.985336e-06,0.00011077257,8.619052e-06,4.1535513e-05,5.0965074e-05,2.7377007e-05
6031,201_01688,201,1688,0,N,0,N,0,N,0.9998145,0.9998145,3.196219e-06,7.657064e-06,9.1083464e-05,3.2683038e-06,3.0331128e-05,2.7121989e-05,2.2933817e-05
6032,201_01689,201,1689,0,N,0,N,0,N,0.9998045,0.9998045,3.868832e-06,6.912144e-06,9.553056e-05,4.52387e-06,3.0625204e-05,2.9844305e-05,2.4235867e-05
6033,201_01690,201,1690,0,N,0,N,0,N,0.999876,0.999876,2.0038476e-06,5.4642337e-06,5.810944e-05,3.2449564e-06,2.5155618e-05,2.2918983e-05,7.044327e-06
6034,201_01691,201,1691,0,N,0,N,0,N,0.9998978,0.9998978,2.0674286e-06,5.4153024e-06,5.2447504e-05,2.235404e-06,1.8480061e-05,1.4245096e-05,7.367571e-06
6035,201_01692,201,1692,0,N,0,N,0,N,0.99991137,0.99991137,2.8553332e-06,4.039346e-06,4.9126404e-05,3.724653e-06,1.4053357e-05,9.785352e-06,5.117702e-06
6036,201_01693,201,1693,0,N,0,N,0,N,0.9998949,0.9998949,2.486317e-06,4.2278834e-06,5.3445026e-05,4.9148207e-06,1.6336351e-05,1.7544624e-05,6.234169e-06
6037,201_01694,201,1694,0,N,0,N,0,N,0.9997444,0.9997444,8.836147e-06,9.777432e-06,0.00010060357,1.7879014e-05,2.8142558e-05,7.3010866e-05,1.7473627e-05
6038,201_01695,201,1695,0,N,0,N,0,N,0.9997727,0.9997727,5.543764e-06,1.0613834e-05,9.3267656e-05,7.702687e-06,3.2252086e-05,5.88871e-05,1.8976574e-05
6039,201_01696,201,1696,0,N,0,N,0,N,0.9997249,0.9997249,7.533731e-06,1.0717e-05,0.00011107953,1.2116338e-05,3.4115346e-05,7.2124996e-05,2.7380524e-05
6040,201_01697,201,1697,0,N,0,N,0,N,0.99971336,0.99971336,4.687767e-06,1.4751032e-05,0.00013246146,3.3118097e-06,4.0209125e-05,3.9759132e-05,5.1418054e-05
6041,201_01698,201,1698,0,N,0,N,0,N,0.9997117,0.9997117,3.3070226e-06,1.2534751e-05,0.00011851902,5.385425e-06,6.3239386e-05,5.916044e-05,2.624305e-05
6042,201_01699,201,1699,0,N,0,N,0,N,0.9997986,0.9997986,3.9189263e-06,9.960911e-06,9.371471e-05,3.6805247e-06,2.8738614e-05,3.6662932e-05,2.4717101e-05
6043,201_01700,201,1700,0,N,0,N,0,N,0.99978083,0.99978083,9.146282e-06,7.798588e-06,0.00010844582,1.05846875e-05,2.5649155e-05,3.432498e-05,2.3215545e-05
6044,201_01701,201,1701,0,N,0,N,0,N,0.99974346,0.99974346,1.0040903e-05,7.85047e-06,0.00013058362,1.0038798e-05,2.7131004e-05,3.4281922e-05,3.664001e-05
6045,201_01702,201,1702,0,N,0,N,0,N,0.9996866,0.9996866,6.9426346e-06,7.1870004e-06,0.00013714057,1.6943588e-05,3.9718503e-05,6.528078e-05,4.0157767e-05
6046,201_01703,201,1703,0,N,0,N,0,N,0.9997174,0.9997174,3.209237e-06,9.924233e-06,0.000108449385,9.074261e-06,6.5612854e-05,6.981502e-05,1.6597503e-05
6047,201_01704,201,1704,0,N,0,N,0,N,0.9997236,0.9997236,3.5675262e-06,9.10312e-06,0.00010810681,1.0349694e-05,5.7775578e-05,6.926025e-05,1.8140337e-05
6048,201_01705,201,1705,0,N,0,N,0,N,0.9998292,0.9998292,2.7964547e-06,7.427388e-06,8.5660875e-05,2.9520595e-06,2.8049122e-05,2.235465e-05,2.154454e-05
6049,201_01706,201,1706,0,N,0,N,0,N,0.99983484,0.99983484,3.1780803e-06,6.265413e-06,7.977842e-05,4.4735143e-06,2.6407874e-05,2.8535263e-05,1.6514943e-05
6050,201_01707,201,1707,0,N,0,N,0,N,0.99989504,0.99989504,3.403764e-06,3.881849e-06,5.9000387e-05,4.885963e-06,1.4920551e-05,1.1860086e-05,7.04731e-06
6051,201_01708,201,1708,0,N,0,N,0,N,0.9998974,0.9998974,4.219576e-06,4.835434e-06,5.8097998e-05,3.938062e-06,1.5578382e-05,9.578836e-06,6.431116e-06
6052,201_01709,201,1709,0,N,0,N,0,N,0.9999159,0.9999159,2.003511e-06,4.431553e-06,4.5437864e-05,2.1801857e-06,1.5672356e-05,9.1815855e-06,5.364604e-06
6053,201_01710,201,1710,0,N,0,N,0,N,0.99989337,0.99989337,2.5053284e-06,3.902726e-06,5.7509187e-05,3.542033e-06,1.8418626e-05,1.2826088e-05,7.886671e-06
6054,201_01711,201,1711,0,N,0,N,0,N,0.99986935,0.99986935,2.9222092e-06,4.2909596e-06,6.0583745e-05,7.660756e-06,2.2424112e-05,2.5206553e-05,7.566864e-06
6055,201_01712,201,1712,0,N,0,N,0,N,0.9998683,0.9998683,2.7908306e-06,3.696735e-06,6.212107e-05,9.266403e-06,2.2914608e-05,2.3040673e-05,7.831006e-06
6056,201_01713,201,1713,0,N,0,N,0,N,0.99987924,0.99987924,4.4223348e-06,3.957979e-06,6.491147e-05,8.431875e-06,1.8332203e-05,1.3235178e-05,7.41338e-06
6057,201_01714,201,1714,0,N,0,N,0,N,0.9998551,0.9998551,5.166988e-06,3.3381048e-06,7.324526e-05,1.8683002e-05,1.9634348e-05,1.7305618e-05,7.5586854e-06
6058,201_01715,201,1715,0,N,0,N,0,N,0.9998594,0.9998594,4.5954985e-06,4.3354476e-06,7.703792e-05,7.000839e-06,1.9800924e-05,1.5712414e-05,1.2122974e-05
6059,201_01716,201,1716,0,N,0,N,0,N,0.9998058,0.9998058,8.676705e-06,5.0247527e-06,0.00010546265,1.2876217e-05,2.2366796e-05,2.1538448e-05,1.8310797e-05
6060,201_01717,201,1717,0,N,0,N,0,N,0.99981654,0.99981654,7.3117685e-06,5.029093e-06,8.934621e-05,1.5467196e-05,2.1566715e-05,3.1880958e-05,1.28378415e-05
6061,201_01718,201,1718,0,N,0,N,0,N,0.9996867,0.9996867,2.0757958e-05,1.100684e-05,0.00015379257,1.9589505e-05,2.9374283e-05,4.5770823e-05,3.2992994e-05
6062,201_01719,201,1719,0,N,0,N,0,N,0.99980676,0.99980676,5.807043e-06,6.2643353e-06,9.0289264e-05,9.81795e-06,2.5613643e-05,3.811024e-05,1.7338813e-05
6063,201_01720,201,1720,0,N,0,N,0,N,0.9998328,0.9998328,2.8444524e-06,7.834575e-06,8.136315e-05,2.857198e-06,2.8303748e-05,2.5439082e-05,1.8648994e-05
6064,201_01721,201,1721,0,N,0,N,0,N,0.99986696,0.99986696,3.016041e-06,4.833784e-06,6.87797e-05,3.954599e-06,2.1718022e-05,1.8851732e-05,1.1819117e-05
6065,201_01722,201,1722,0,N,0,N,0,N,0.99987006,0.99987006,2.5924958e-06,5.3523236e-06,6.928572e-05,2.595378e-06,2.120941e-05,1.524786e-05,1.3594878e-05
6066,201_01723,201,1723,0,N,0,N,0,N,0.99981713,0.99981713,3.0238714e-06,9.66427e-06,8.959354e-05,2.4809246e-06,2.8791956e-05,2.5862753e-05,2.334819e-05
6067,201_01724,201,1724,0,N,0,N,0,N,0.99984926,0.99984926,2.6870862e-06,6.3661496e-06,7.645972e-05,2.7371332e-06,2.5345034e-05,2.0892461e-05,1.6285441e-05
6068,201_01725,201,1725,0,N,0,N,0,N,0.9997826,0.9997826,5.4867824e-06,8.160372e-06,0.00010202241,6.294563e-06,2.9216479e-05,3.9873645e-05,2.6330452e-05
6069,201_01726,201,1726,0,N,0,N,0,N,0.99986506,0.99986506,2.7579708e-06,5.9667063e-06,6.5714914e-05,3.6223569e-06,2.3345547e-05,2.2507875e-05,1.1015147e-05
6070,201_01727,201,1727,0,N,0,N,0,N,0.999812,0.999812,3.0364088e-06,8.008107e-06,8.70956e-05,3.7890518e-06,3.5012552e-05,3.2519125e-05,1.8511195e-05
6071,201_01728,201,1728,0,N,0,N,0,N,0.9998993,0.9998993,1.7329942e-06,4.2992683e-06,4.9170012e-05,3.2660105e-06,1.9905587e-05,1.7198483e-05,5.1837364e-06
6072,201_01729,201,1729,0,N,0,N,0,N,0.9998998,0.9998998,3.4644747e-06,3.4452858e-06,5.7514277e-05,4.839819e-06,1.5036053e-05,9.661374e-06,6.227325e-06
6073,201_01730,201,1730,0,N,0,N,0,N,0.99989396,0.99989396,3.5510386e-06,4.003815e-06,5.755284e-05,5.4735374e-06,1.583138e-05,1.3236535e-05,6.406975e-06
6074,201_01731,201,1731,0,N,0,N,0,N,0.9998306,0.9998306,3.3564675e-06,7.5203134e-06,8.29575e-05,3.2888238e-06,2.6582564e-05,2.6846988e-05,1.8782031e-05
6075,201_01732,201,1732,0,N,0,N,0,N,0.99986386,0.99986386,2.3101463e-06,7.2086023e-06,6.461352e-05,2.5374536e-06,2.5417026e-05,2.3424622e-05,1.0575042e-05
6076,201_01733,201,1733,0,N,0,N,0,N,0.9998453,0.9998453,2.89821e-06,7.3761616e-06,7.161624e-05,3.7870248e-06,2.6032722e-05,3.0210007e-05,1.2683258e-05
6077,201_01734,201,1734,0,N,0,N,0,N,0.99988794,0.99988794,2.4722785e-06,5.3888666e-06,5.7912075e-05,2.8917568e-06,1.8870493e-05,1.5716041e-05,8.873976e-06
6078,201_01735,201,1735,0,N,0,N,0,N,0.9998489,0.9998489,3.0240424e-06,6.3894427e-06,7.384596e-05,3.7889856e-06,2.4497956e-05,2.5180307e-05,1.4371997e-05
6079,201_01736,201,1736,0,N,0,N,0,N,0.9998926,0.9998926,2.5248387e-06,3.859621e-06,5.6135385e-05,4.6193836e-06,1.725694e-05,1.5904496e-05,7.058472e-06
6080,201_01737,201,1737,0,N,0,N,0,N,0.9998878,0.9998878,4.1211692e-06,4.3437694e-06,6.51403e-05,3.9070205e-06,1.6067466e-05,9.920322e-06,8.673139e-06
6081,201_01738,201,1738,0,N,0,N,0,N,0.99987423,0.99987423,3.3500837e-06,5.3090635e-06,6.727822e-05,3.3672356e-06,2.0249789e-05,1.4906373e-05,1.1310987e-05
6082,201_01739,201,1739,0,N,0,N,0,N,0.9998376,0.9998376,3.204332e-06,7.308771e-06,8.31481e-05,2.5645047e-06,2.5862568e-05,2.1079242e-05,1.9235895e-05
6083,201_01740,201,1740,0,N,0,N,0,N,0.99983144,0.99983144,2.953201e-06,6.534839e-06,8.010185e-05,4.0198324e-06,3.079493e-05,2.9340625e-05,1.4751114e-05
6084,201_01741,201,1741,0,N,0,N,0,N,0.9998648,0.9998648,2.3614793e-06,7.5477305e-06,6.282388e-05,2.691714e-06,2.4691644e-05,2.5448002e-05,9.558001e-06
6085,201_01742,201,1742,0,N,0,N,0,N,0.99976385,0.99976385,2.8073878e-06,1.4978797e-05,9.808044e-05,2.9459018e-06,4.975445e-05,4.7951537e-05,1.9555886e-05
6086,201_01743,201,1743,0,N,0,N,0,N,0.99976385,0.99976385,3.0183628e-06,1.2693949e-05,9.522996e-05,4.3188e-06,4.9024624e-05,5.5077726e-05,1.670569e-05
6087,201_01744,201,1744,0,N,0,N,0,N,0.99969923,0.99969923,3.2492317e-06,9.923228e-06,0.00011728109,8.4930025e-06,7.696618e-05,6.875538e-05,1.615226e-05
6088,201_01745,201,1745,0,N,0,N,0,N,0.99970734,0.99970734,8.547504e-06,8.710995e-06,0.000111630325,2.141884e-05,3.5023415e-05,8.413652e-05,2.3179902e-05
6089,201_01746,201,1746,0,N,0,N,0,N,0.99950755,0.99950755,4.982442e-06,1.3577617e-05,0.00016111069,2.1530319e-05,0.00012549492,0.00014385812,2.1887421e-05
6090,201_01747,201,1747,0,N,0,N,0,N,0.9983892,0.9983892,2.474809e-05,3.6576283e-05,0.0005510487,2.6734373e-05,0.0002615222,0.00024566377,0.00046446102
6091,201_01748,201,1748,7,NESC,0,N,0,N,0.99961716,0.99961716,5.3597955e-06,1.8208946e-05,0.0001578793,5.294155e-06,6.693042e-05,7.528585e-05,5.3961718e-05
6092,201_01749,201,1749,0,N,7,NESC,0,N,0.9997836,0.9997836,5.6152103e-06,1.050527e-05,0.0001102551,3.360281e-06,2.4045152e-05,2.778163e-05,3.4831683e-05
6093,201_01750,201,1750,7,NESC,0,N,0,N,0.9998635,0.9998635,3.283742e-06,4.662485e-06,6.484387e-05,6.9640637e-06,2.132642e-05,2.6571222e-05,8.98427e-06
6094,201_01751,201,1751,0,N,7,NESC,0,N,0.9998571,0.9998571,3.274602e-06,5.973446e-06,6.691362e-05,5.2787263e-06,2.265692e-05,2.8791845e-05,1.003475e-05
6095,201_01752,201,1752,0,N,0,N,0,N,0.99984723,0.99984723,2.650821e-06,5.8090727e-06,7.426032e-05,3.7105451e-06,2.8222108e-05,2.4596402e-05,1.3619873e-05
6096,201_01753,201,1753,5,ABERR,0,N,0,N,0.9998671,0.9998671,2.0006676e-06,6.2289505e-06,6.631293e-05,2.2496513e-06,2.595817e-05,1.803937e-05,1.2085919e-05
6097,201_01754,201,1754,0,N,5,ABERR,0,N,0.9991608,0.9991608,0.00010366448,1.565052e-05,0.00044237095,5.272835e-05,0.00013672467,2.2977803e-05,6.503424e-05
6098,201_01755,201,1755,0,N,0,N,0,N,0.99420124,0.99420124,0.0024299962,4.4541644e-05,0.0023397086,0.00023910771,0.0002786331,6.0317394e-05,0.00040651468
6099,201_01756,201,1756,0,N,0,N,0,N,0.8631573,0.8631573,0.11559445,0.00014693051,0.01806221,0.0009788,0.0005063872,0.00016252842,0.0013914725
6100,201_01757,201,1757,5,ABERR,0,N,0,N,0.99988496,0.99988496,1.6616432e-06,4.35303e-06,5.8483452e-05,2.422269e-06,2.432442e-05,1.548186e-05,8.36779e-06
6101,201_01758,201,1758,0,N,5,ABERR,0,N,0.9988464,0.9988464,0.00012897883,2.1324058e-05,0.00054329203,6.632888e-05,0.00031931273,2.2856375e-05,5.1415074e-05
6102,201_01759,201,1759,0,N,0,N,0,N,0.9973137,0.9973137,0.00035171505,4.257262e-05,0.0013146806,0.00012788137,0.00058195787,4.9752034e-05,0.00021769958
