row_index,sequence_id,record_id,window_start,y_true,y_true_label,y_prev,y_prev_label,y_pred,y_pred_label,y_pred_conf,proba_N,proba_LBBB,proba_RBBB,proba_APC,proba_AESC,proba_ABERR,proba_NPC,proba_NESC
0,102_00000,102,0,0,N,0,N,0,N,1.0,1.0,0.0,0.0,0.0,0.0,0.0,0.0,0.0
1,102_00001,102,1,0,N,0,N,0,N,1.0,1.0,0.0,0.0,0.0,0.0,0.0,0.0,0.0
2,102_00002,102,2,0,N,0,N,0,N,1.0,1.0,0.0,0.0,0.0,0.0,0.0,0.0,0.0
3,102_00003,102,3,0,N,0,N,0,N,1.0,1.0,0.0,0.0,0.0,0.0,0.0,0.0,0.0
4,102_00004,102,4,0,N,0,N,0,N,1.0,1.0,0.0,0.0,0.0,0.0,0.0,0.0,0.0
5,102_00005,102,5,0,N,0,N,0,N,1.0,1.0,0.0,0.0,0.0,0.0,0.0,0.0,0.0
6,102_00006,102,6,0,N,0,N,0,N,1.0,1.0,0.0,0.0,0.0,0.0,0.0,0.0,0.0
7,102_00007,102,7,0,N,0,N,0,N,1.0,1.0,0.0,0.0,0.0,0.0,0.0,0.0,0.0
8,102_00008,102,8,0,N,0,N,0,N,1.0,1.0,0.0,0.0,0.0,0.0,0.0,0.0,0.0
9,102_00009,102,9,0,N,0,N,0,N,1.0,1.0,0.0,0.0,0.0,0.0,0.0,0.0,0.0
10,102_00010,102,10,0,N,0,N,0,N,1.0,1.0,0.0,0.0,0.0,0.0,0.0,0.0,0.0
11,102_00011,102,11,0,N,0,N,0,N,1.0,1.0,0.0,0.0,0.0,0.0,0.0,0.0,0.0
12,102_00012,102,12,0,N,0,N,0,N,1.0,1.0,0.0,0.0,0.0,0.0,0.0,0.0,0.0
13,102_00013,102,13,0,N,0,N,0,N,1.0,1.0,0.0,0.0,0.0,0.0,0.0,0.0,0.0
14,102_00014,102,14,0,N,0,N,0,N,1.0,1.0,0.0,0.0,0.0,0.0,0.0,0.0,0.0
15,102_00015,102,15,0,N,0,N,0,N,1.0,1.0,0.0,0.0,0.0,0.0,0.0,0.0,0.0
16,102_00016,102,16,0,N,0,N,0,N,1.0,1.0,0.0,0.0,0.0,0.0,0.0,0.0,0.0
17,102_00017,102,17,0,N,0,N,0,N,1.0,1.0,0.0,0.0,0.0,0.0,0.0,0.0,0.0
18,102_00018,102,18,0,N,0,N,0,N,1.0,1.0,0.0,0.0,0.0,0.0,0.0,0.0,0.0
19,102_00019,102,19,0,N,0,N,0,N,1.0,1.0,0.0,0.0,0.0,0.0,0.0,0.0,0.0
20,102_00020,102,20,0,N,0,N,0,N,1.0,1.0,0.0,0.0,0.0,0.0,0.0,0.0,0.0
21,102_00021,102,21,0,N,0,N,0,N,1.0,1.0,0.0,0.0,0.0,0.0,0.0,0.0,0.0
22,102_00022,102,22,0,N,0,N,0,N,1.0,1.0,0.0,0.0,0.0,0.0,0.0,0.0,0.0
23,102_00023,102,23,0,N,0,N,0,N,1.0,1.0,0.0,0.0,0.0,0.0,0.0,0.0,0.0
24,102_00024,102,24,0,N,0,N,0,N,1.0,1.0,0.0,0.0,0.0,0.0,0.0,0.0,0.0
25,102_00025,102,25,0,N,0,N,0,N,1.0,1.0,0.0,0.0,0.0,0.0,0.0,0.0,0.0
26,102_00026,102,26,0,N,0,N,0,N,1.0,1.0,0.0,0.0,0.0,0.0,0.0,0.0,0.0
27,102_00027,102,27,0,N,0,N,0,N,1.0,1.0,0.0,0.0,0.0,0.0,0.0,0.0,0.0
28,102_00028,102,28,0,N,0,N,0,N,1.0,1.0,0.0,0.0,0.0,0.0,0.0,0.0,0.0
29,102_00029,102,29,0,N,0,N,0,N,1.0,1.0,0.0,0.0,0.0,0.0,0.0,0.0,0.0
30,102_00030,102,30,0,N,0,N,0,N,1.0,1.0,0.0,0.0,0.0,0.0,0.0,0.0,0.0
31,102_00031,102,31,0,N,0,N,0,N,1.0,1.0,0.0,0.0,0.0,0.0,0.0,0.0,0.0
32,102_00032,102,32,0,N,0,N,0,N,1.0,1.0,0.0,0.0,0.0,0.0,0.0,0.0,0.0
33,102_00033,102,33,0,N,0,N,0,N,1.0,1.0,0.0,0.0,0.0,0.0,0.0,0.0,0.0
34,102_00034,102,34,0,N,0,N,0,N,1.0,1.0,0.0,0.0,0.0,0.0,0.0,0.0,0.0
35,102_00035,102,35,0,N,0,N,0,N,1.0,1.0,0.0,0.0,0.0,0.0,0.0,0.0,0.0
36,102_00036,102,36,0,N,0,N,0,N,1.0,1.0,0.0,0.0,0.0,0.0,0.0,0.0,0.0
37,102_00037,102,37,0,N,0,N,0,N,1.0,1.0,0.0,0.0,0.0,0.0,0.0,0.0,0.0
38,102_00038,102,38,0,N,0,N,0,N,1.0,1.0,0.0,0.0,0.0,0.0,0.0,0.0,0.0
39,102_00039,102,39,0,N,0,N,0,N,1.0,1.0,0.0,0.0,0.0,0.0,0.0,0.0,0.0
40,102_00040,102,40,0,N,0,N,0,N,1.0,1.0,0.0,0.0,0.0,0.0,0.0,0.0,0.0
41,102_00041,102,41,0,N,0,N,0,N,1.0,1.0,0.0,0.0,0.0,0.0,0.0,0.0,0.0
42,102_00042,102,42,0,N,0,N,0,N,1.0,1.0,0.0,0.0,0.0,0.0,0.0,0.0,0.0
43,102_00043,102,43,0,N,0,N,0,N,1.0,1.0,0.0,0.0,0.0,0.0,0.0,0.0,0.0
44,102_00044,102,44,0,N,0,N,0,N,1.0,1.0,0.0,0.0,0.0,0.0,0.0,0.0,0.0
45,102_00045,102,45,0,N,0,N,0,N,1.0,1.0,0.0,0.0,0.0,0.0,0.0,0.0,0.0
46,102_00046,102,46,0,N,0,N,0,N,1.0,1.0,0.0,0.0,0.0,0.0,0.0,0.0,0.0
47,102_00047,102,47,0,N,0,N,0,N,1.0,1.0,0.0,0.0,0.0,0.0,0.0,0.0,0.0
48,102_00048,102,48,0,N,0,N,0,N,1.0,1.0,0.0,0.0,0.0,0.0,0.0,0.0,0.0
49,102_00049,102,49,0,N,0,N,0,N,1.0,1.0,0.0,0.0,0.0,0.0,0.0,0.0,0.0
50,102_00050,102,50,0,N,0,N,0,N,1.0,1.0,0.0,0.0,0.0,0.0,0.0,0.0,0.0
51,102_00051,102,51,0,N,0,N,0,N,1.0,1.0,0.0,0.0,0.0,0.0,0.0,0.0,0.0
52,102_00052,102,52,0,N,0,N,0,N,1.0,1.0,0.0,0.0,0.0,0.0,0.0,0.0,0.0
53,102_00053,102,53,0,N,0,N,0,N,1.0,1.0,0.0,0.0,0.0,0.0,0.0,0.0,0.0
54,102_00054,102,54,0,N,0,N,0,N,1.0,1.0,0.0,0.0,0.0,0.0,0.0,0.0,0.0
55,102_00055,102,55,0,N,0,N,0,N,1.0,1.0,0.0,0.0,0.0,0.0,0.0,0.0,0.0
56,102_00056,102,56,0,N,0,N,0,N,1.0,1.0,0.0,0.0,0.0,0.0,0.0,0.0,0.0
57,102_00057,102,57,0,N,0,N,0,N,1.0,1.0,0.0,0.0,0.0,0.0,0.0,0.0,0.0
58,102_00058,102,58,0,N,0,N,0,N,1.0,1.0,0.0,0.0,0.0,0.0,0.0,0.0,0.0
59,102_00059,102,59,0,N,0,N,0,N,1.0,1.0,0.0,0.0,0.0,0.0,0.0,0.0,0.0
60,102_00060,102,60,0,N,0,N,0,N,1.0,1.0,0.0,0.0,0.0,0.0,0.0,0.0,0.0
61,102_00061,102,61,0,N,0,N,0,N,1.0,1.0,0.0,0.0,0.0,0.0,0.0,0.0,0.0
62,102_00062,102,62,0,N,0,N,0,N,1.0,1.0,0.0,0.0,0.0,0.0,0.0,0.0,0.0
63,102_00063,102,63,0,N,0,N,0,N,1.0,1.0,0.0,0.0,0.0,0.0,0.0,0.0,0.0
64,102_00064,102,64,0,N,0,N,0,N,1.0,1.0,0.0,0.0,0.0,0.0,0.0,0.0,0.0
65,102_00065,102,65,0,N,0,N,0,N,1.0,1.0,0.0,0.0,0.0,0.0,0.0,0.0,0.0
66,102_00066,102,66,0,N,0,N,0,N,1.0,1.0,0.0,0.0,0.0,0.0,0.0,0.0,0.0
67,102_00067,102,67,0,N,0,N,0,N,1.0,1.0,0.0,0.0,0.0,0.0,0.0,0.0,0.0
68,102_00068,102,68,0,N,0,N,0,N,1.0,1.0,0.0,0.0,0.0,0.0,0.0,0.0,0.0
69,102_00069,102,69,0,N,0,N,0,N,1.0,1.0,0.0,0.0,0.0,0.0,0.0,0.0,0.0
70,102_00070,102,70,0,N,0,N,0,N,1.0,1.0,0.0,0.0,0.0,0.0,0.0,0.0,0.0
71,102_00071,102,71,0,N,0,N,0,N,1.0,1.0,0.0,0.0,0.0,0.0,0.0,0.0,0.0
72,102_00072,102,72,0,N,0,N,0,N,1.0,1.0,0.0,0.0,0.0,0.0,0.0,0.0,0.0
73,102_00073,102,73,0,N,0,N,0,N,1.0,1.0,0.0,0.0,0.0,0.0,0.0,0.0,0.0
74,102_00074,102,74,0,N,0,N,0,N,1.0,1.0,0.0,0.0,0.0,0.0,0.0,0.0,0.0
75,102_00075,102,75,0,N,0,N,0,N,1.0,1.0,0.0,0.0,0.0,0.0,0.0,0.0,0.0
76,102_00076,102,76,0,N,0,N,0,N,1.0,1.0,0.0,0.0,0.0,0.0,0.0,0.0,0.0
77,102_00077,102,77,0,N,0,N,0,N,1.0,1.0,0.0,0.0,0.0,0.0,0.0,0.0,0.0
78,102_00078,102,78,0,N,0,N,0,N,1.0,1.0,0.0,0.0,0.0,0.0,0.0,0.0,0.0
79,102_00079,102,79,0,N,0,N,0,N,1.0,1.0,0.0,0.0,0.0,0.0,0.0,0.0,0.0
80,102_00080,102,80,0,N,0,N,0,N,1.0,1.0,0.0,0.0,0.0,0.0,0.0,0.0,0.0
81,102_00081,102,81,0,N,0,N,0,N,1.0,1.0,0.0,0.0,0.0,0.0,0.0,0.0,0.0
82,102_00082,102,82,0,N,0,N,0,N,1.0,1.0,0.0,0.0,0.0,0.0,0.0,0.0,0.0
83,102_00083,102,83,0,N,0,N,0,N,1.0,1.0,0.0,0.0,0.0,0.0,0.0,0.0,0.0
84,102_00084,102,84,0,N,0,N,0,N,1.0,1.0,0.0,0.0,0.0,0.0,0.0,0.0,0.0
85,102_00085,102,85,0,N,0,N,0,N,1.0,1.0,0.0,0.0,0.0,0.0,0.0,0.0,0.0
86,102_00086,102,86,0,N,0,N,0,N,1.0,1.0,0.0,0.0,0.0,0.0,0.0,0.0,0.0
87,102_00087,102,87,0,N,0,N,0,N,1.0,1.0,0.0,0.0,0.0,0.0,0.0,0.0,0.0
88,102_00088,102,88,0,N,0,N,0,N,1.0,1.0,0.0,0.0,0.0,0.0,0.0,0.0,0.0
89,102_00089,102,89,0,N,0,N,0,N,1.0,1.0,0.0,0.0,0.0,0.0,0.0,0.0,0.0
90,102_00090,102,90,0,N,0,N,0,N,1.0,1.0,0.0,0.0,0.0,0.0,0.0,0.0,0.0
91,102_00091,102,91,0,N,0,N,0,N,1.0,1.0,0.0,0.0,0.0,0.0,0.0,0.0,0.0
92,102_00092,102,92,0,N,0,N,0,N,1.0,1.0,0.0,0.0,0.0,0.0,0.0,0.0,0.0
93,102_00093,102,93,0,N,0,N,0,N,1.0,1.0,0.0,0.0,0.0,0.0,0.0,0.0,0.0
94,102_00094,102,94,0,N,0,N,0,N,1.0,1.0,0.0,0.0,0.0,0.0,0.0,0.0,0.0
95,102_00095,102,95,0,N,0,N,0,N,1.0,1.0,0.0,0.0,0.0,0.0,0.0,0.0,0.0
96,104_00000,104,0,0,N,0,N,0,N,1.0,1.0,0.0,0.0,0.0,0.0,0.0,0.0,0.0
97,104_00001,104,1,0,N,0,N,0,N,1.0,1.0,0.0,0.0,0.0,0.0,0.0,0.0,0.0
98,104_00002,104,2,0,N,0,N,0,N,1.0,1.0,0.0,0.0,0.0,0.0,0.0,0.0,0.0
99,104_00003,104,3,0,N,0,N,0,N,1.0,1.0,0.0,0.0,0.0,0.0,0.0,0.0,0.0
100,104_00004,104,4,0,N,0,N,0,N,1.0,1.0,0.0,0.0,0.0,0.0,0.0,0.0,0.0
101,104_00005,104,5,0,N,0,N,0,N,1.0,1.0,0.0,0.0,0.0,0.0,0.0,0.0,0.0
102,104_00006,104,6,0,N,0,N,0,N,1.0,1.0,0.0,0.0,0.0,0.0,0.0,0.0,0.0
103,104_00007,104,7,0,N,0,N,0,N,1.0,1.0,0.0,0.0,0.0,0.0,0.0,0.0,0.0
104,104_00008,104,8,0,N,0,N,0,N,1.0,1.0,0.0,0.0,0.0,0.0,0.0,0.0,0.0
105,104_00009,104,9,0,N,0,N,0,N,1.0,1.0,0.0,0.0,0.0,0.0,0.0,0.0,0.0
106,104_00010,104,10,0,N,0,N,0,N,1.0,1.0,0.0,0.0,0.0,0.0,0.0,0.0,0.0
107,104_00011,104,11,0,N,0,N,0,N,1.0,1.0,0.0,0.0,0.0,0.0,0.0,0.0,0.0
108,104_00012,104,12,0,N,0,N,0,N,1.0,1.0,0.0,0.0,0.0,0.0,0.0,0.0,0.0
109,104_00013,104,13,0,N,0,N,0,N,1.0,1.0,0.0,0.0,0.0,0.0,0.0,0.0,0.0
110,104_00014,104,14,0,N,0,N,0,N,1.0,1.0,0.0,0.0,0.0,0.0,0.0,0.0,0.0
111,104_00015,104,15,0,N,0,N,0,N,1.0,1.0,0.0,0.0,0.0,0.0,0.0,0.0,0.0
112,104_00016,104,16,0,N,0,N,0,N,1.0,1.0,0.0,0.0,0.0,0.0,0.0,0.0,0.0
113,104_00017,104,17,0,N,0,N,0,N,1.0,1.0,0.0,0.0,0.0,0.0,0.0,0.0,0.0
114,104_00018,104,18,0,N,0,N,0,N,1.0,1.0,0.0,0.0,0.0,0.0,0.0,0.0,0.0
115,104_00019,104,19,0,N,0,N,0,N,1.0,1.0,0.0,0.0,0.0,0.0,0.0,0.0,0.0
116,104_00020,104,20,0,N,0,N,0,N,1.0,1.0,0.0,0.0,0.0,0.0,0.0,0.0,0.0
117,104_00021,104,21,0,N,0,N,0,N,1.0,1.0,0.0,0.0,0.0,0.0,0.0,0.0,0.0
118,104_00022,104,22,0,N,0,N,0,N,1.0,1.0,0.0,0.0,0.0,0.0,0.0,0.0,0.0
119,104_00023,104,23,0,N,0,N,0,N,1.0,1.0,0.0,0.0,0.0,0.0,0.0,0.0,0.0
120,104_00024,104,24,0,N,0,N,0,N,1.0,1.0,0.0,0.0,0.0,0.0,0.0,0.0,0.0
121,104_00025,104,25,0,N,0,N,0,N,1.0,1.0,0.0,0.0,0.0,0.0,0.0,0.0,0.0
122,104_00026,104,26,0,N,0,N,0,N,1.0,1.0,0.0,0.0,0.0,0.0,0.0,0.0,0.0
123,104_00027,104,27,0,N,0,N,0,N,1.0,1.0,0.0,0.0,0.0,0.0,0.0,0.0,0.0
124,104_00028,104,28,0,N,0,N,0,N,1.0,1.0,0.0,0.0,0.0,0.0,0.0,0.0,0.0
125,104_00029,104,29,0,N,0,N,0,N,1.0,1.0,0.0,0.0,0.0,0.0,0.0,0.0,0.0
126,104_00030,104,30,0,N,0,N,0,N,1.0,1.0,0.0,0.0,0.0,0.0,0.0,0.0,0.0
127,104_00031,104,31,0,N,0,N,0,N,1.0,1.0,0.0,0.0,0.0,0.0,0.0,0.0,0.0
128,104_00032,104,32,0,N,0,N,0,N,1.0,1.0,0.0,0.0,0.0,0.0,0.0,0.0,0.0
129,104_00033,104,33,0,N,0,N,0,N,1.0,1.0,0.0,0.0,0.0,0.0,0.0,0.0,0.0
130,104_00034,104,34,0,N,0,N,0,N,1.0,1.0,0.0,0.0,0.0,0.0,0.0,0.0,0.0
131,104_00035,104,35,0,N,0,N,0,N,1.0,1.0,0.0,0.0,0.0,0.0,0.0,0.0,0.0
132,104_00036,104,36,0,N,0,N,0,N,1.0,1.0,0.0,0.0,0.0,0.0,0.0,0.0,0.0
133,104_00037,104,37,0,N,0,N,0,N,1.0,1.0,0.0,0.0,0.0,0.0,0.0,0.0,0.0
134,104_00038,104,38,0,N,0,N,0,N,1.0,1.0,0.0,0.0,0.0,0.0,0.0,0.0,0.0
135,104_00039,104,39,0,N,0,N,0,N,1.0,1.0,0.0,0.0,0.0,0.0,0.0,0.0,0.0
136,104_00040,104,40,0,N,0,N,0,N,1.0,1.0,0.0,0.0,0.0,0.0,0.0,0.0,0.0
137,104_00041,104,41,0,N,0,N,0,N,1.0,1.0,0.0,0.0,0.0,0.0,0.0,0.0,0.0
138,104_00042,104,42,0,N,0,N,0,N,1.0,1.0,0.0,0.0,0.0,0.0,0.0,0.0,0.0
139,104_00043,104,43,0,N,0,N,0,N,1.0,1.0,0.0,0.0,0.0,0.0,0.0,0.0,0.0
140,104_00044,104,44,0,N,0,N,0,N,1.0,1.0,0.0,0.0,0.0,0.0,0.0,0.0,0.0
141,104_00045,104,45,0,N,0,N,0,N,1.0,1.0,0.0,0.0,0.0,0.0,0.0,0.0,0.0
142,104_00046,104,46,0,N,0,N,0,N,1.0,1.0,0.0,0.0,0.0,0.0,0.0,0.0,0.0
143,104_00047,104,47,0,N,0,N,0,N,1.0,1.0,0.0,0.0,0.0,0.0,0.0,0.0,0.0
144,104_00048,104,48,0,N,0,N,0,N,1.0,1.0,0.0,0.0,0.0,0.0,0.0,0.0,0.0
145,104_00049,104,49,0,N,0,N,0,N,1.0,1.0,0.0,0.0,0.0,0.0,0.0,0.0,0.0
146,104_00050,104,50,0,N,0,N,0,N,1.0,1.0,0.0,0.0,0.0,0.0,0.0,0.0,0.0
147,104_00051,104,51,0,N,0,N,0,N,1.0,1.0,0.0,0.0,0.0,0.0,0.0,0.0,0.0
148,104_00052,104,52,0,N,0,N,0,N,1.0,1.0,0.0,0.0,0.0,0.0,0.0,0.0,0.0
149,104_00053,104,53,0,N,0,N,0,N,1.0,1.0,0.0,0.0,0.0,0.0,0.0,0.0,0.0
150,104_00054,104,54,0,N,0,N,0,N,1.0,1.0,0.0,0.0,0.0,0.0,0.0,0.0,0.0
151,104_00055,104,55,0,N,0,N,0,N,1.0,1.0,0.0,0.0,0.0,0.0,0.0,0.0,0.0
152,104_00056,104,56,0,N,0,N,0,N,1.0,1.0,0.0,0.0,0.0,0.0,0.0,0.0,0.0
153,104_00057,104,57,0,N,0,N,0,N,1.0,1.0,0.0,0.0,0.0,0.0,0.0,0.0,0.0
154,104_00058,104,58,0,N,0,N,0,N,1.0,1.0,0.0,0.0,0.0,0.0,0.0,0.0,0.0
155,104_00059,104,59,0,N,0,N,0,N,1.0,1.0,0.0,0.0,0.0,0.0,0.0,0.0,0.0
156,104_00060,104,60,0,N,0,N,0,N,1.0,1.0,0.0,0.0,0.0,0.0,0.0,0.0,0.0
157,104_00061,104,61,0,N,0,N,0,N,1.0,1.0,0.0,0.0,0.0,0.0,0.0,0.0,0.0
158,104_00062,104,62,0,N,0,N,0,N,1.0,1.0,0.0,0.0,0.0,0.0,0.0,0.0,0.0
159,104_00063,104,63,0,N,0,N,0,N,1.0,1.0,0.0,0.0,0.0,0.0,0.0,0.0,0.0
160,104_00064,104,64,0,N,0,N,0,N,1.0,1.0,0.0,0.0,0.0,0.0,0.0,0.0,0.0
161,104_00065,104,65,0,N,0,N,0,N,1.0,1.0,0.0,0.0,0.0,0.0,0.0,0.0,0.0
162,104_00066,104,66,0,N,0,N,0,N,1.0,1.0,0.0,0.0,0.0,0.0,0.0,0.0,0.0
163,104_00067,104,67,0,N,0,N,0,N,1.0,1.0,0.0,0.0,0.0,0.0,0.0,0.0,0.0
164,104_00068,104,68,0,N,0,N,0,N,1.0,1.0,0.0,0.0,0.0,0.0,0.0,0.0,0.0
165,104_00069,104,69,0,N,0,N,0,N,1.0,1.0,0.0,0.0,0.0,0.0,0.0,0.0,0.0
166,104_00070,104,70,0,N,0,N,0,N,1.0,1.0,0.0,0.0,0.0,0.0,0.0,0.0,0.0
167,104_00071,104,71,0,N,0,N,0,N,1.0,1.0,0.0,0.0,0.0,0.0,0.0,0.0,0.0
168,104_00072,104,72,0,N,0,N,0,N,1.0,1.0,0.0,0.0,0.0,0.0,0.0,0.0,0.0
169,104_00073,104,73,0,N,0,N,0,N,1.0,1.0,0.0,0.0,0.0,0.0,0.0,0.0,0.0
170,104_00074,104,74,0,N,0,N,0,N,1.0,1.0,0.0,0.0,0.0,0.0,0.0,0.0,0.0
171,104_00075,104,75,0,N,0,N,0,N,1.0,1.0,0.0,0.0,0.0,0.0,0.0,0.0,0.0
172,104_00076,104,76,0,N,0,N,0,N,1.0,1.0,0.0,0.0,0.0,0.0,0.0,0.0,0.0
173,104_00077,104,77,0,N,0,N,0,N,1.0,1.0,0.0,0.0,0.0,0.0,0.0,0.0,0.0
174,104_00078,104,78,0,N,0,N,0,N,1.0,1.0,0.0,0.0,0.0,0.0,0.0,0.0,0.0
175,104_00079,104,79,0,N,0,N,0,N,1.0,1.0,0.0,0.0,0.0,0.0,0.0,0.0,0.0
176,104_00080,104,80,0,N,0,N,0,N,1.0,1.0,0.0,0.0,0.0,0.0,0.0,0.0,0.0
177,104_00081,104,81,0,N,0,N,0,N,1.0,1.0,0.0,0.0,0.0,0.0,0.0,0.0,0.0
178,104_00082,104,82,0,N,0,N,0,N,1.0,1.0,0.0,0.0,0.0,0.0,0.0,0.0,0.0
179,104_00083,104,83,0,N,0,N,0,N,1.0,1.0,0.0,0.0,0.0,0.0,0.0,0.0,0.0
180,104_00084,104,84,0,N,0,N,0,N,1.0,1.0,0.0,0.0,0.0,0.0,0.0,0.0,0.0
181,104_00085,104,85,0,N,0,N,0,N,1.0,1.0,0.0,0.0,0.0,0.0,0.0,0.0,0.0
182,104_00086,104,86,0,N,0,N,0,N,1.0,1.0,0.0,0.0,0.0,0.0,0.0,0.0,0.0
183,104_00087,104,87,0,N,0,N,0,N,1.0,1.0,0.0,0.0,0.0,0.0,0.0,0.0,0.0
184,104_00088,104,88,0,N,0,N,0,N,1.0,1.0,0.0,0.0,0.0,0.0,0.0,0.0,0.0
185,104_00089,104,89,0,N,0,N,0,N,1.0,1.0,0.0,0.0,0.0,0.0,0.0,0.0,0.0
186,104_00090,104,90,0,N,0,N,0,N,1.0,1.0,0.0,0.0,0.0,0.0,0.0,0.0,0.0
187,104_00091,104,91,0,N,0,N,0,N,1.0,1.0,0.0,0.0,0.0,0.0,0.0,0.0,0.0
188,104_00092,104,92,0,N,0,N,0,N,1.0,1.0,0.0,0.0,0.0,0.0,0.0,0.0,0.0
189,104_00093,104,93,0,N,0,N,0,N,1.0,1.0,0.0,0.0,0.0,0.0,0.0,0.0,0.0
190,104_00094,104,94,0,N,0,N,0,N,1.0,1.0,0.0,0.0,0.0,0.0,0.0,0.0,0.0
191,104_00095,104,95,0,N,0,N,0,N,1.0,1.0,0.0,0.0,0.0,0.0,0.0,0.0,0.0
192,104_00096,104,96,0,N,0,N,0,N,1.0,1.0,0.0,0.0,0.0,0.0,0.0,0.0,0.0
193,104_00097,104,97,0,N,0,N,0,N,1.0,1.0,0.0,0.0,0.0,0.0,0.0,0.0,0.0
194,104_00098,104,98,0,N,0,N,0,N,1.0,1.0,0.0,0.0,0.0,0.0,0.0,0.0,0.0
195,104_00099,104,99,0,N,0,N,0,N,1.0,1.0,0.0,0.0,0.0,0.0,0.0,0.0,0.0
196,104_00100,104,100,0,N,0,N,0,N,1.0,1.0,0.0,0.0,0.0,0.0,0.0,0.0,0.0
197,104_00101,104,101,0,N,0,N,0,N,1.0,1.0,0.0,0.0,0.0,0.0,0.0,0.0,0.0
198,104_00102,104,102,0,N,0,N,0,N,1.0,1.0,0.0,0.0,0.0,0.0,0.0,0.0,0.0
199,104_00103,104,103,0,N,0,N,0,N,1.0,1.0,0.0,0.0,0.0,0.0,0.0,0.0,0.0
200,104_00104,104,104,0,N,0,N,0,N,1.0,1.0,0.0,0.0,0.0,0.0,0.0,0.0,0.0
201,104_00105,104,105,0,N,0,N,0,N,1.0,1.0,0.0,0.0,0.0,0.0,0.0,0.0,0.0
202,104_00106,104,106,0,N,0,N,0,N,1.0,1.0,0.0,0.0,0.0,0.0,0.0,0.0,0.0
203,104_00107,104,107,0,N,0,N,0,N,1.0,1.0,0.0,0.0,0.0,0.0,0.0,0.0,0.0
204,104_00108,104,108,0,N,0,N,0,N,1.0,1.0,0.0,0.0,0.0,0.0,0.0,0.0,0.0
205,104_00109,104,109,0,N,0,N,0,N,1.0,1.0,0.0,0.0,0.0,0.0,0.0,0.0,0.0
206,104_00110,104,110,0,N,0,N,0,N,1.0,1.0,0.0,0.0,0.0,0.0,0.0,0.0,0.0
207,104_00111,104,111,0,N,0,N,0,N,1.0,1.0,0.0,0.0,0.0,0.0,0.0,0.0,0.0
208,104_00112,104,112,0,N,0,N,0,N,1.0,1.0,0.0,0.0,0.0,0.0,0.0,0.0,0.0
209,104_00113,104,113,0,N,0,N,0,N,1.0,1.0,0.0,0.0,0.0,0.0,0.0,0.0,0.0
210,104_00114,104,114,0,N,0,N,0,N,1.0,1.0,0.0,0.0,0.0,0.0,0.0,0.0,0.0
211,104_00115,104,115,0,N,0,N,0,N,1.0,1.0,0.0,0.0,0.0,0.0,0.0,0.0,0.0
212,104_00116,104,116,0,N,0,N,0,N,1.0,1.0,0.0,0.0,0.0,0.0,0.0,0.0,0.0
213,104_00117,104,117,0,N,0,N,0,N,1.0,1.0,0.0,0.0,0.0,0.0,0.0,0.0,0.0
214,104_00118,104,118,0,N,0,N,0,N,1.0,1.0,0.0,0.0,0.0,0.0,0.0,0.0,0.0
215,104_00119,104,119,0,N,0,N,0,N,1.0,1.0,0.0,0.0,0.0,0.0,0.0,0.0,0.0
216,104_00120,104,120,0,N,0,N,0,N,1.0,1.0,0.0,0.0,0.0,0.0,0.0,0.0,0.0
217,104_00121,104,121,0,N,0,N,0,N,1.0,1.0,0.0,0.0,0.0,0.0,0.0,0.0,0.0
218,104_00122,104,122,0,N,0,N,0,N,1.0,1.0,0.0,0.0,0.0,0.0,0.0,0.0,0.0
219,104_00123,104,123,0,N,0,N,0,N,1.0,1.0,0.0,0.0,0.0,0.0,0.0,0.0,0.0
220,104_00124,104,124,0,N,0,N,0,N,1.0,1.0,0.0,0.0,0.0,0.0,0.0,0.0,0.0
221,104_00125,104,125,0,N,0,N,0,N,1.0,1.0,0.0,0.0,0.0,0.0,0.0,0.0,0.0
222,104_00126,104,126,0,N,0,N,0,N,1.0,1.0,0.0,0.0,0.0,0.0,0.0,0.0,0.0
223,104_00127,104,127,0,N,0,N,0,N,1.0,1.0,0.0,0.0,0.0,0.0,0.0,0.0,0.0
224,104_00128,104,128,0,N,0,N,0,N,1.0,1.0,0.0,0.0,0.0,0.0,0.0,0.0,0.0
225,104_00129,104,129,0,N,0,N,0,N,1.0,1.0,0.0,0.0,0.0,0.0,0.0,0.0,0.0
226,104_00130,104,130,0,N,0,N,0,N,1.0,1.0,0.0,0.0,0.0,0.0,0.0,0.0,0.0
227,104_00131,104,131,0,N,0,N,0,N,1.0,1.0,0.0,0.0,0.0,0.0,0.0,0.0,0.0
228,104_00132,104,132,0,N,0,N,0,N,1.0,1.0,0.0,0.0,0.0,0.0,0.0,0.0,0.0
229,104_00133,104,133,0,N,0,N,0,N,1.0,1.0,0.0,0.0,0.0,0.0,0.0,0.0,0.0
230,104_00134,104,134,0,N,0,N,0,N,1.0,1.0,0.0,0.0,0.0,0.0,0.0,0.0,0.0
231,104_00135,104,135,0,N,0,N,0,N,1.0,1.0,0.0,0.0,0.0,0.0,0.0,0.0,0.0
232,104_00136,104,136,0,N,0,N,0,N,1.0,1.0,0.0,0.0,0.0,0.0,0.0,0.0,0.0
233,104_00137,104,137,0,N,0,N,0,N,1.0,1.0,0.0,0.0,0.0,0.0,0.0,0.0,0.0
234,104_00138,104,138,0,N,0,N,0,N,1.0,1.0,0.0,0.0,0.0,0.0,0.0,0.0,0.0
235,104_00139,104,139,0,N,0,N,0,N,1.0,1.0,0.0,0.0,0.0,0.0,0.0,0.0,0.0
236,104_00140,104,140,0,N,0,N,0,N,1.0,1.0,0.0,0.0,0.0,0.0,0.0,0.0,0.0
237,104_00141,104,141,0,N,0,N,0,N,1.0,1.0,0.0,0.0,0.0,0.0,0.0,0.0,0.0
238,104_00142,104,142,0,N,0,N,0,N,1.0,1.0,0.0,0.0,0.0,0.0,0.0,0.0,0.0
239,104_00143,104,143,0,N,0,N,0,N,1.0,1.0,0.0,0.0,0.0,0.0,0.0,0.0,0.0
240,104_00144,104,144,0,N,0,N,0,N,1.0,1.0,0.0,0.0,0.0,0.0,0.0,0.0,0.0
241,104_00145,104,145,0,N,0,N,0,N,1.0,1.0,0.0,0.0,0.0,0.0,0.0,0.0,0.0
242,104_00146,104,146,0,N,0,N,0,N,1.0,1.0,0.0,0.0,0.0,0.0,0.0,0.0,0.0
243,104_00147,104,147,0,N,0,N,0,N,1.0,1.0,0.0,0.0,0.0,0.0,0.0,0.0,0.0
244,104_00148,104,148,0,N,0,N,0,N,1.0,1.0,0.0,0.0,0.0,0.0,0.0,0.0,0.0
245,104_00149,104,149,0,N,0,N,0,N,1.0,1.0,0.0,0.0,0.0,0.0,0.0,0.0,0.0
246,104_00150,104,150,0,N,0,N,0,N,1.0,1.0,0.0,0.0,0.0,0.0,0.0,0.0,0.0
247,104_00151,104,151,0,N,0,N,0,N,1.0,1.0,0.0,0.0,0.0,0.0,0.0,0.0,0.0
248,104_00152,104,152,0,N,0,N,0,N,1.0,1.0,0.0,0.0,0.0,0.0,0.0,0.0,0.0
249,104_00153,104,153,0,N,0,N,0,N,1.0,1.0,0.0,0.0,0.0,0.0,0.0,0.0,0.0
250,104_00154,104,154,0,N,0,N,0,N,1.0,1.0,0.0,0.0,0.0,0.0,0.0,0.0,0.0
251,104_00155,104,155,0,N,0,N,0,N,1.0,1.0,0.0,0.0,0.0,0.0,0.0,0.0,0.0
252,104_00156,104,156,0,N,0,N,0,N,1.0,1.0,0.0,0.0,0.0,0.0,0.0,0.0,0.0
253,104_00157,104,157,0,N,0,N,0,N,1.0,1.0,0.0,0.0,0.0,0.0,0.0,0.0,0.0
254,104_00158,104,158,0,N,0,N,0,N,1.0,1.0,0.0,0.0,0.0,0.0,0.0,0.0,0.0
255,104_00159,104,159,0,N,0,N,0,N,1.0,1.0,0.0,0.0,0.0,0.0,0.0,0.0,0.0
256,114_00000,114,0,0,N,0,N,0,N,1.0,1.0,0.0,0.0,0.0,0.0,0.0,0.0,0.0
257,114_00001,114,1,0,N,0,N,0,N,1.0,1.0,0.0,0.0,0.0,0.0,0.0,0.0,0.0
258,114_00002,114,2,0,N,0,N,0,N,1.0,1.0,0.0,0.0,0.0,0.0,0.0,0.0,0.0
259,114_00003,114,3,0,N,0,N,0,N,1.0,1.0,0.0,0.0,0.0,0.0,0.0,0.0,0.0
260,114_00004,114,4,0,N,0,N,0,N,1.0,1.0,0.0,0.0,0.0,0.0,0.0,0.0,0.0
261,114_00005,114,5,0,N,0,N,0,N,1.0,1.0,0.0,0.0,0.0,0.0,0.0,0.0,0.0
262,114_00006,114,6,0,N,0,N,0,N,1.0,1.0,0.0,0.0,0.0,0.0,0.0,0.0,0.0
263,114_00007,114,7,0,N,0,N,0,N,1.0,1.0,0.0,0.0,0.0,0.0,0.0,0.0,0.0
264,114_00008,114,8,0,N,0,N,0,N,1.0,1.0,0.0,0.0,0.0,0.0,0.0,0.0,0.0
265,114_00009,114,9,0,N,0,N,0,N,1.0,1.0,0.0,0.0,0.0,0.0,0.0,0.0,0.0
266,114_00010,114,10,0,N,0,N,0,N,1.0,1.0,0.0,0.0,0.0,0.0,0.0,0.0,0.0
267,114_00011,114,11,0,N,0,N,0,N,1.0,1.0,0.0,0.0,0.0,0.0,0.0,0.0,0.0
268,114_00012,114,12,0,N,0,N,0,N,1.0,1.0,0.0,0.0,0.0,0.0,0.0,0.0,0.0
269,114_00013,114,13,0,N,0,N,0,N,1.0,1.0,0.0,0.0,0.0,0.0,0.0,0.0,0.0
270,114_00014,114,14,0,N,0,N,0,N,1.0,1.0,0.0,0.0,0.0,0.0,0.0,0.0,0.0
271,114_00015,114,15,0,N,0,N,0,N,1.0,1.0,0.0,0.0,0.0,0.0,0.0,0.0,0.0
272,114_00016,114,16,0,N,0,N,0,N,1.0,1.0,0.0,0.0,0.0,0.0,0.0,0.0,0.0
273,114_00017,114,17,0,N,0,N,0,N,1.0,1.0,0.0,0.0,0.0,0.0,0.0,0.0,0.0
274,114_00018,114,18,0,N,0,N,0,N,1.0,1.0,0.0,0.0,0.0,0.0,0.0,0.0,0.0
275,114_00019,114,19,0,N,0,N,0,N,1.0,1.0,0.0,0.0,0.0,0.0,0.0,0.0,0.0
276,114_00020,114,20,0,N,0,N,0,N,1.0,1.0,0.0,0.0,0.0,0.0,0.0,0.0,0.0
277,114_00021,114,21,0,N,0,N,0,N,1.0,1.0,0.0,0.0,0.0,0.0,0.0,0.0,0.0
278,114_00022,114,22,0,N,0,N,0,N,1.0,1.0,0.0,0.0,0.0,0.0,0.0,0.0,0.0
279,114_00023,114,23,0,N,0,N,0,N,1.0,1.0,0.0,0.0,0.0,0.0,0.0,0.0,0.0
280,114_00024,114,24,0,N,0,N,0,N,1.0,1.0,0.0,0.0,0.0,0.0,0.0,0.0,0.0
281,114_00025,114,25,0,N,0,N,0,N,1.0,1.0,0.0,0.0,0.0,0.0,0.0,0.0,0.0
282,114_00026,114,26,0,N,0,N,0,N,1.0,1.0,0.0,0.0,0.0,0.0,0.0,0.0,0.0
283,114_00027,114,27,0,N,0,N,0,N,1.0,1.0,0.0,0.0,0.0,0.0,0.0,0.0,0.0
284,114_00028,114,28,0,N,0,N,0,N,1.0,1.0,0.0,0.0,0.0,0.0,0.0,0.0,0.0
285,114_00029,114,29,0,N,0,N,0,N,1.0,1.0,0.0,0.0,0.0,0.0,0.0,0.0,0.0
286,114_00030,114,30,0,N,0,N,0,N,1.0,1.0,0.0,0.0,0.0,0.0,0.0,0.0,0.0
287,114_00031,114,31,0,N,0,N,0,N,1.0,1.0,0.0,0.0,0.0,0.0,0.0,0.0,0.0
288,114_00032,114,32,0,N,0,N,0,N,1.0,1.0,0.0,0.0,0.0,0.0,0.0,0.0,0.0
289,114_00033,114,33,0,N,0,N,0,N,1.0,1.0,0.0,0.0,0.0,0.0,0.0,0.0,0.0
290,114_00034,114,34,0,N,0,N,0,N,1.0,1.0,0.0,0.0,0.0,0.0,0.0,0.0,0.0
291,114_00035,114,35,0,N,0,N,0,N,1.0,1.0,0.0,0.0,0.0,0.0,0.0,0.0,0.0
292,114_00036,114,36,0,N,0,N,0,N,1.0,1.0,0.0,0.0,0.0,0.0,0.0,0.0,0.0
293,114_00037,114,37,0,N,0,N,0,N,1.0,1.0,0.0,0.0,0.0,0.0,0.0,0.0,0.0
294,114_00038,114,38,0,N,0,N,0,N,1.0,1.0,0.0,0.0,0.0,0.0,0.0,0.0,0.0
295,114_00039,114,39,0,N,0,N,0,N,1.0,1.0,0.0,0.0,0.0,0.0,0.0,0.0,0.0
296,114_00040,114,40,0,N,0,N,0,N,1.0,1.0,0.0,0.0,0.0,0.0,0.0,0.0,0.0
297,114_00041,114,41,0,N,0,N,0,N,1.0,1.0,0.0,0.0,0.0,0.0,0.0,0.0,0.0
298,114_00042,114,42,0,N,0,N,0,N,1.0,1.0,0.0,0.0,0.0,0.0,0.0,0.0,0.0
299,114_00043,114,43,0,N,0,N,0,N,1.0,1.0,0.0,0.0,0.0,0.0,0.0,0.0,0.0
300,114_00044,114,44,0,N,0,N,0,N,1.0,1.0,0.0,0.0,0.0,0.0,0.0,0.0,0.0
301,114_00045,114,45,0,N,0,N,0,N,1.0,1.0,0.0,0.0,0.0,0.0,0.0,0.0,0.0
302,114_00046,114,46,0,N,0,N,0,N,1.0,1.0,0.0,0.0,0.0,0.0,0.0,0.0,0.0
303,114_00047,114,47,0,N,0,N,0,N,1.0,1.0,0.0,0.0,0.0,0.0,0.0,0.0,0.0
304,114_00048,114,48,0,N,0,N,0,N,1.0,1.0,0.0,0.0,0.0,0.0,0.0,0.0,0.0
305,114_00049,114,49,0,N,0,N,0,N,1.0,1.0,0.0,0.0,0.0,0.0,0.0,0.0,0.0
306,114_00050,114,50,0,N,0,N,0,N,1.0,1.0,0.0,0.0,0.0,0.0,0.0,0.0,0.0
307,114_00051,114,51,0,N,0,N,0,N,1.0,1.0,0.0,0.0,0.0,0.0,0.0,0.0,0.0
308,114_00052,114,52,0,N,0,N,0,N,1.0,1.0,0.0,0.0,0.0,0.0,0.0,0.0,0.0
309,114_00053,114,53,0,N,0,N,0,N,1.0,1.0,0.0,0.0,0.0,0.0,0.0,0.0,0.0
310,114_00054,114,54,0,N,0,N,0,N,1.0,1.0,0.0,0.0,0.0,0.0,0.0,0.0,0.0
311,114_00055,114,55,0,N,0,N,0,N,1.0,1.0,0.0,0.0,0.0,0.0,0.0,0.0,0.0
312,114_00056,114,56,0,N,0,N,0,N,1.0,1.0,0.0,0.0,0.0,0.0,0.0,0.0,0.0
313,114_00057,114,57,0,N,0,N,0,N,1.0,1.0,0.0,0.0,0.0,0.0,0.0,0.0,0.0
314,114_00058,114,58,0,N,0,N,0,N,1.0,1.0,0.0,0.0,0.0,0.0,0.0,0.0,0.0
315,114_00059,114,59,0,N,0,N,0,N,1.0,1.0,0.0,0.0,0.0,0.0,0.0,0.0,0.0
316,114_00060,114,60,0,N,0,N,0,N,1.0,1.0,0.0,0.0,0.0,0.0,0.0,0.0,0.0
317,114_00061,114,61,0,N,0,N,0,N,1.0,1.0,0.0,0.0,0.0,0.0,0.0,0.0,0.0
318,114_00062,114,62,0,N,0,N,0,N,1.0,1.0,0.0,0.0,0.0,0.0,0.0,0.0,0.0
319,114_00063,114,63,0,N,0,N,0,N,1.0,1.0,0.0,0.0,0.0,0.0,0.0,0.0,0.0
320,114_00064,114,64,0,N,0,N,0,N,1.0,1.0,0.0,0.0,0.0,0.0,0.0,0.0,0.0
321,114_00065,114,65,0,N,0,N,0,N,1.0,1.0,0.0,0.0,0.0,0.0,0.0,0.0,0.0
322,114_00066,114,66,0,N,0,N,0,N,1.0,1.0,0.0,0.0,0.0,0.0,0.0,0.0,0.0
323,114_00067,114,67,0,N,0,N,0,N,1.0,1.0,0.0,0.0,0.0,0.0,0.0,0.0,0.0
324,114_00068,114,68,0,N,0,N,0,N,1.0,1.0,0.0,0.0,0.0,0.0,0.0,0.0,0.0
325,114_00069,114,69,0,N,0,N,0,N,1.0,1.0,0.0,0.0,0.0,0.0,0.0,0.0,0.0
326,114_00070,114,70,0,N,0,N,0,N,1.0,1.0,0.0,0.0,0.0,0.0,0.0,0.0,0.0
327,114_00071,114,71,0,N,0,N,0,N,1.0,1.0,0.0,0.0,0.0,0.0,0.0,0.0,0.0
328,114_00072,114,72,0,N,0,N,0,N,1.0,1.0,0.0,0.0,0.0,0.0,0.0,0.0,0.0
329,114_00073,114,73,0,N,0,N,0,N,1.0,1.0,0.0,0.0,0.0,0.0,0.0,0.0,0.0
330,114_00074,114,74,0,N,0,N,0,N,1.0,1.0,0.0,0.0,0.0,0.0,0.0,0.0,0.0
331,114_00075,114,75,0,N,0,N,0,N,1.0,1.0,0.0,0.0,0.0,0.0,0.0,0.0,0.0
332,114_00076,114,76,0,N,0,N,0,N,1.0,1.0,0.0,0.0,0.0,0.0,0.0,0.0,0.0
333,114_00077,114,77,0,N,0,N,0,N,1.0,1.0,0.0,0.0,0.0,0.0,0.0,0.0,0.0
334,114_00078,114,78,0,N,0,N,0,N,1.0,1.0,0.0,0.0,0.0,0.0,0.0,0.0,0.0
335,114_00079,114,79,0,N,0,N,0,N,1.0,1.0,0.0,0.0,0.0,0.0,0.0,0.0,0.0
336,114_00080,114,80,0,N,0,N,0,N,1.0,1.0,0.0,0.0,0.0,0.0,0.0,0.0,0.0
337,114_00081,114,81,0,N,0,N,0,N,1.0,1.0,0.0,0.0,0.0,0.0,0.0,0.0,0.0
338,114_00082,114,82,0,N,0,N,0,N,1.0,1.0,0.0,0.0,0.0,0.0,0.0,0.0,0.0
339,114_00083,114,83,0,N,0,N,0,N,1.0,1.0,0.0,0.0,0.0,0.0,0.0,0.0,0.0
340,114_00084,114,84,0,N,0,N,0,N,1.0,1.0,0.0,0.0,0.0,0.0,0.0,0.0,0.0
341,114_00085,114,85,0,N,0,N,0,N,1.0,1.0,0.0,0.0,0.0,0.0,0.0,0.0,0.0
342,114_00086,114,86,0,N,0,N,0,N,1.0,1.0,0.0,0.0,0.0,0.0,0.0,0.0,0.0
343,114_00087,114,87,0,N,0,N,0,N,1.0,1.0,0.0,0.0,0.0,0.0,0.0,0.0,0.0
344,114_00088,114,88,0,N,0,N,0,N,1.0,1.0,0.0,0.0,0.0,0.0,0.0,0.0,0.0
345,114_00089,114,89,0,N,0,N,0,N,1.0,1.0,0.0,0.0,0.0,0.0,0.0,0.0,0.0
346,114_00090,114,90,0,N,0,N,0,N,1.0,1.0,0.0,0.0,0.0,0.0,0.0,0.0,0.0
347,114_00091,114,91,0,N,0,N,0,N,1.0,1.0,0.0,0.0,0.0,0.0,0.0,0.0,0.0
348,114_00092,114,92,0,N,0,N,0,N,1.0,1.0,0.0,0.0,0.0,0.0,0.0,0.0,0.0
349,114_00093,114,93,0,N,0,N,0,N,1.0,1.0,0.0,0.0,0.0,0.0,0.0,0.0,0.0
350,114_00094,114,94,0,N,0,N,0,N,1.0,1.0,0.0,0.0,0.0,0.0,0.0,0.0,0.0
351,114_00095,114,95,0,N,0,N,0,N,1.0,1.0,0.0,0.0,0.0,0.0,0.0,0.0,0.0
352,114_00096,114,96,0,N,0,N,0,N,1.0,1.0,0.0,0.0,0.0,0.0,0.0,0.0,0.0
353,114_00097,114,97,0,N,0,N,0,N,1.0,1.0,0.0,0.0,0.0,0.0,0.0,0.0,0.0
354,114_00098,114,98,0,N,0,N,0,N,1.0,1.0,0.0,0.0,0.0,0.0,0.0,0.0,0.0
355,114_00099,114,99,0,N,0,N,0,N,1.0,1.0,0.0,0.0,0.0,0.0,0.0,0.0,0.0
356,114_00100,114,100,0,N,0,N,0,N,1.0,1.0,0.0,0.0,0.0,0.0,0.0,0.0,0.0
357,114_00101,114,101,0,N,0,N,0,N,1.0,1.0,0.0,0.0,0.0,0.0,0.0,0.0,0.0
358,114_00102,114,102,0,N,0,N,0,N,1.0,1.0,0.0,0.0,0.0,0.0,0.0,0.0,0.0
359,114_00103,114,103,0,N,0,N,0,N,1.0,1.0,0.0,0.0,0.0,0.0,0.0,0.0,0.0
360,114_00104,114,104,0,N,0,N,0,N,1.0,1.0,0.0,0.0,0.0,0.0,0.0,0.0,0.0
361,114_00105,114,105,0,N,0,N,0,N,1.0,1.0,0.0,0.0,0.0,0.0,0.0,0.0,0.0
362,114_00106,114,106,0,N,0,N,0,N,1.0,1.0,0.0,0.0,0.0,0.0,0.0,0.0,0.0
363,114_00107,114,107,0,N,0,N,0,N,1.0,1.0,0.0,0.0,0.0,0.0,0.0,0.0,0.0
364,114_00108,114,108,0,N,0,N,0,N,1.0,1.0,0.0,0.0,0.0,0.0,0.0,0.0,0.0
365,114_00109,114,109,0,N,0,N,0,N,1.0,1.0,0.0,0.0,0.0,0.0,0.0,0.0,0.0
366,114_00110,114,110,0,N,0,N,0,N,1.0,1.0,0.0,0.0,0.0,0.0,0.0,0.0,0.0
367,114_00111,114,111,0,N,0,N,0,N,1.0,1.0,0.0,0.0,0.0,0.0,0.0,0.0,0.0
368,114_00112,114,112,0,N,0,N,0,N,1.0,1.0,0.0,0.0,0.0,0.0,0.0,0.0,0.0
369,114_00113,114,113,0,N,0,N,0,N,1.0,1.0,0.0,0.0,0.0,0.0,0.0,0.0,0.0
370,114_00114,114,114,0,N,0,N,0,N,1.0,1.0,0.0,0.0,0.0,0.0,0.0,0.0,0.0
371,114_00115,114,115,0,N,0,N,0,N,1.0,1.0,0.0,0.0,0.0,0.0,0.0,0.0,0.0
372,114_00116,114,116,0,N,0,N,0,N,1.0,1.0,0.0,0.0,0.0,0.0,0.0,0.0,0.0
373,114_00117,114,117,0,N,0,N,0,N,1.0,1.0,0.0,0.0,0.0,0.0,0.0,0.0,0.0
374,114_00118,114,118,0,N,0,N,0,N,1.0,1.0,0.0,0.0,0.0,0.0,0.0,0.0,0.0
375,114_00119,114,119,0,N,0,N,0,N,1.0,1.0,0.0,0.0,0.0,0.0,0.0,0.0,0.0
376,114_00120,114,120,0,N,0,N,0,N,1.0,1.0,0.0,0.0,0.0,0.0,0.0,0.0,0.0
377,114_00121,114,121,0,N,0,N,0,N,1.0,1.0,0.0,0.0,0.0,0.0,0.0,0.0,0.0
378,114_00122,114,122,0,N,0,N,0,N,1.0,1.0,0.0,0.0,0.0,0.0,0.0,0.0,0.0
379,114_00123,114,123,0,N,0,N,0,N,1.0,1.0,0.0,0.0,0.0,0.0,0.0,0.0,0.0
380,114_00124,114,124,0,N,0,N,0,N,1.0,1.0,0.0,0.0,0.0,0.0,0.0,0.0,0.0
381,114_00125,114,125,0,N,0,N,0,N,1.0,1.0,0.0,0.0,0.0,0.0,0.0,0.0,0.0
382,114_00126,114,126,0,N,0,N,0,N,1.0,1.0,0.0,0.0,0.0,0.0,0.0,0.0,0.0
383,114_00127,114,127,0,N,0,N,0,N,1.0,1.0,0.0,0.0,0.0,0.0,0.0,0.0,0.0
384,114_00128,114,128,0,N,0,N,0,N,1.0,1.0,0.0,0.0,0.0,0.0,0.0,0.0,0.0
385,114_00129,114,129,0,N,0,N,0,N,1.0,1.0,0.0,0.0,0.0,0.0,0.0,0.0,0.0
386,114_00130,114,130,0,N,0,N,0,N,1.0,1.0,0.0,0.0,0.0,0.0,0.0,0.0,0.0
387,114_00131,114,131,0,N,0,N,0,N,1.0,1.0,0.0,0.0,0.0,0.0,0.0,0.0,0.0
388,114_00132,114,132,0,N,0,N,0,N,1.0,1.0,0.0,0.0,0.0,0.0,0.0,0.0,0.0
389,114_00133,114,133,0,N,0,N,0,N,1.0,1.0,0.0,0.0,0.0,0.0,0.0,0.0,0.0
390,114_00134,114,134,0,N,0,N,0,N,1.0,1.0,0.0,0.0,0.0,0.0,0.0,0.0,0.0
391,114_00135,114,135,0,N,0,N,0,N,1.0,1.0,0.0,0.0,0.0,0.0,0.0,0.0,0.0
392,114_00136,114,136,0,N,0,N,0,N,1.0,1.0,0.0,0.0,0.0,0.0,0.0,0.0,0.0
393,114_00137,114,137,0,N,0,N,0,N,1.0,1.0,0.0,0.0,0.0,0.0,0.0,0.0,0.0
394,114_00138,114,138,0,N,0,N,0,N,1.0,1.0,0.0,0.0,0.0,0.0,0.0,0.0,0.0
395,114_00139,114,139,0,N,0,N,0,N,1.0,1.0,0.0,0.0,0.0,0.0,0.0,0.0,0.0
396,114_00140,114,140,0,N,0,N,0,N,1.0,1.0,0.0,0.0,0.0,0.0,0.0,0.0,0.0
397,114_00141,114,141,0,N,0,N,0,N,1.0,1.0,0.0,0.0,0.0,0.0,0.0,0.0,0.0
398,114_00142,114,142,0,N,0,N,0,N,1.0,1.0,0.0,0.0,0.0,0.0,0.0,0.0,0.0
399,114_00143,114,143,0,N,0,N,0,N,1.0,1.0,0.0,0.0,0.0,0.0,0.0,0.0,0.0
400,114_00144,114,144,0,N,0,N,0,N,1.0,1.0,0.0,0.0,0.0,0.0,0.0,0.0,0.0
401,114_00145,114,145,0,N,0,N,0,N,1.0,1.0,0.0,0.0,0.0,0.0,0.0,0.0,0.0
402,114_00146,114,146,0,N,0,N,0,N,1.0,1.0,0.0,0.0,0.0,0.0,0.0,0.0,0.0
403,114_00147,114,147,0,N,0,N,0,N,1.0,1.0,0.0,0.0,0.0,0.0,0.0,0.0,0.0
404,114_00148,114,148,0,N,0,N,0,N,1.0,1.0,0.0,0.0,0.0,0.0,0.0,0.0,0.0
405,114_00149,114,149,0,N,0,N,0,N,1.0,1.0,0.0,0.0,0.0,0.0,0.0,0.0,0.0
406,114_00150,114,150,0,N,0,N,0,N,1.0,1.0,0.0,0.0,0.0,0.0,0.0,0.0,0.0
407,114_00151,114,151,0,N,0,N,0,N,1.0,1.0,0.0,0.0,0.0,0.0,0.0,0.0,0.0
408,114_00152,114,152,0,N,0,N,0,N,1.0,1.0,0.0,0.0,0.0,0.0,0.0,0.0,0.0
409,114_00153,114,153,0,N,0,N,0,N,1.0,1.0,0.0,0.0,0.0,0.0,0.0,0.0,0.0
410,114_00154,114,154,0,N,0,N,0,N,1.0,1.0,0.0,0.0,0.0,0.0,0.0,0.0,0.0
411,114_00155,114,155,0,N,0,N,0,N,1.0,1.0,0.0,0.0,0.0,0.0,0.0,0.0,0.0
412,114_00156,114,156,0,N,0,N,0,N,1.0,1.0,0.0,0.0,0.0,0.0,0.0,0.0,0.0
413,114_00157,114,157,0,N,0,N,0,N,1.0,1.0,0.0,0.0,0.0,0.0,0.0,0.0,0.0
414,114_00158,114,158,0,N,0,N,0,N,1.0,1.0,0.0,0.0,0.0,0.0,0.0,0.0,0.0
415,114_00159,114,159,0,N,0,N,0,N,1.0,1.0,0.0,0.0,0.0,0.0,0.0,0.0,0.0
416,114_00160,114,160,0,N,0,N,0,N,1.0,1.0,0.0,0.0,0.0,0.0,0.0,0.0,0.0
417,114_00161,114,161,0,N,0,N,0,N,1.0,1.0,0.0,0.0,0.0,0.0,0.0,0.0,0.0
418,114_00162,114,162,0,N,0,N,0,N,1.0,1.0,0.0,0.0,0.0,0.0,0.0,0.0,0.0
419,114_00163,114,163,0,N,0,N,0,N,1.0,1.0,0.0,0.0,0.0,0.0,0.0,0.0,0.0
420,114_00164,114,164,0,N,0,N,0,N,1.0,1.0,0.0,0.0,0.0,0.0,0.0,0.0,0.0
421,114_00165,114,165,0,N,0,N,0,N,1.0,1.0,0.0,0.0,0.0,0.0,0.0,0.0,0.0
422,114_00166,114,166,0,N,0,N,0,N,1.0,1.0,0.0,0.0,0.0,0.0,0.0,0.0,0.0
423,114_00167,114,167,0,N,0,N,0,N,1.0,1.0,0.0,0.0,0.0,0.0,0.0,0.0,0.0
424,114_00168,114,168,0,N,0,N,0,N,1.0,1.0,0.0,0.0,0.0,0.0,0.0,0.0,0.0
425,114_00169,114,169,0,N,0,N,0,N,1.0,1.0,0.0,0.0,0.0,0.0,0.0,0.0,0.0
426,114_00170,114,170,0,N,0,N,0,N,1.0,1.0,0.0,0.0,0.0,0.0,0.0,0.0,0.0
427,114_00171,114,171,0,N,0,N,0,N,1.0,1.0,0.0,0.0,0.0,0.0,0.0,0.0,0.0
428,114_00172,114,172,0,N,0,N,0,N,1.0,1.0,0.0,0.0,0.0,0.0,0.0,0.0,0.0
429,114_00173,114,173,0,N,0,N,0,N,1.0,1.0,0.0,0.0,0.0,0.0,0.0,0.0,0.0
430,114_00174,114,174,0,N,0,N,0,N,1.0,1.0,0.0,0.0,0.0,0.0,0.0,0.0,0.0
431,114_00175,114,175,0,N,0,N,0,N,1.0,1.0,0.0,0.0,0.0,0.0,0.0,0.0,0.0
432,114_00176,114,176,0,N,0,N,0,N,1.0,1.0,0.0,0.0,0.0,0.0,0.0,0.0,0.0
433,114_00177,114,177,0,N,0,N,0,N,1.0,1.0,0.0,0.0,0.0,0.0,0.0,0.0,0.0
434,114_00178,114,178,0,N,0,N,0,N,1.0,1.0,0.0,0.0,0.0,0.0,0.0,0.0,0.0
435,114_00179,114,179,0,N,0,N,0,N,1.0,1.0,0.0,0.0,0.0,0.0,0.0,0.0,0.0
436,114_00180,114,180,0,N,0,N,0,N,1.0,1.0,0.0,0.0,0.0,0.0,0.0,0.0,0.0
437,114_00181,114,181,0,N,0,N,0,N,1.0,1.0,0.0,0.0,0.0,0.0,0.0,0.0,0.0
438,114_00182,114,182,0,N,0,N,0,N,1.0,1.0,0.0,0.0,0.0,0.0,0.0,0.0,0.0
439,114_00183,114,183,0,N,0,N,0,N,1.0,1.0,0.0,0.0,0.0,0.0,0.0,0.0,0.0
440,114_00184,114,184,0,N,0,N,0,N,1.0,1.0,0.0,0.0,0.0,0.0,0.0,0.0,0.0
441,114_00185,114,185,0,N,0,N,0,N,1.0,1.0,0.0,0.0,0.0,0.0,0.0,0.0,0.0
442,114_00186,114,186,0,N,0,N,0,N,1.0,1.0,0.0,0.0,0.0,0.0,0.0,0.0,0.0
443,114_00187,114,187,0,N,0,N,0,N,1.0,1.0,0.0,0.0,0.0,0.0,0.0,0.0,0.0
444,114_00188,114,188,0,N,0,N,0,N,1.0,1.0,0.0,0.0,0.0,0.0,0.0,0.0,0.0
445,114_00189,114,189,0,N,0,N,0,N,1.0,1.0,0.0,0.0,0.0,0.0,0.0,0.0,0.0
446,114_00190,114,190,0,N,0,N,0,N,1.0,1.0,0.0,0.0,0.0,0.0,0.0,0.0,0.0
447,114_00191,114,191,0,N,0,N,0,N,1.0,1.0,0.0,0.0,0.0,0.0,0.0,0.0,0.0
448,114_00192,114,192,0,N,0,N,0,N,1.0,1.0,0.0,0.0,0.0,0.0,0.0,0.0,0.0
449,114_00193,114,193,0,N,0,N,0,N,1.0,1.0,0.0,0.0,0.0,0.0,0.0,0.0,0.0
450,114_00194,114,194,0,N,0,N,0,N,1.0,1.0,0.0,0.0,0.0,0.0,0.0,0.0,0.0
451,114_00195,114,195,0,N,0,N,0,N,1.0,1.0,0.0,0.0,0.0,0.0,0.0,0.0,0.0
452,114_00196,114,196,0,N,0,N,0,N,1.0,1.0,0.0,0.0,0.0,0.0,0.0,0.0,0.0
453,114_00197,114,197,0,N,0,N,0,N,1.0,1.0,0.0,0.0,0.0,0.0,0.0,0.0,0.0
454,114_00198,114,198,0,N,0,N,0,N,1.0,1.0,0.0,0.0,0.0,0.0,0.0,0.0,0.0
455,114_00199,114,199,0,N,0,N,0,N,1.0,1.0,0.0,0.0,0.0,0.0,0.0,0.0,0.0
456,114_00200,114,200,0,N,0,N,0,N,1.0,1.0,0.0,0.0,0.0,0.0,0.0,0.0,0.0
457,114_00201,114,201,0,N,0,N,0,N,1.0,1.0,0.0,0.0,0.0,0.0,0.0,0.0,0.0
458,114_00202,114,202,0,N,0,N,0,N,1.0,1.0,0.0,0.0,0.0,0.0,0.0,0.0,0.0
459,114_00203,114,203,0,N,0,N,0,N,1.0,1.0,0.0,0.0,0.0,0.0,0.0,0.0,0.0
460,114_00204,114,204,0,N,0,N,0,N,1.0,1.0,0.0,0.0,0.0,0.0,0.0,0.0,0.0
461,114_00205,114,205,0,N,0,N,0,N,1.0,1.0,0.0,0.0,0.0,0.0,0.0,0.0,0.0
462,114_00206,114,206,0,N,0,N,0,N,1.0,1.0,0.0,0.0,0.0,0.0,0.0,0.0,0.0
463,114_00207,114,207,0,N,0,N,0,N,1.0,1.0,0.0,0.0,0.0,0.0,0.0,0.0,0.0
464,114_00208,114,208,0,N,0,N,0,N,1.0,1.0,0.0,0.0,0.0,0.0,0.0,0.0,0.0
465,114_00209,114,209,0,N,0,N,0,N,1.0,1.0,0.0,0.0,0.0,0.0,0.0,0.0,0.0
466,114_00210,114,210,0,N,0,N,0,N,1.0,1.0,0.0,0.0,0.0,0.0,0.0,0.0,0.0
467,114_00211,114,211,0,N,0,N,0,N,1.0,1.0,0.0,0.0,0.0,0.0,0.0,0.0,0.0
468,114_00212,114,212,0,N,0,N,0,N,1.0,1.0,0.0,0.0,0.0,0.0,0.0,0.0,0.0
469,114_00213,114,213,0,N,0,N,0,N,1.0,1.0,0.0,0.0,0.0,0.0,0.0,0.0,0.0
470,114_00214,114,214,0,N,0,N,0,N,1.0,1.0,0.0,0.0,0.0,0.0,0.0,0.0,0.0
471,114_00215,114,215,0,N,0,N,0,N,1.0,1.0,0.0,0.0,0.0,0.0,0.0,0.0,0.0
472,114_00216,114,216,0,N,0,N,0,N,1.0,1.0,0.0,0.0,0.0,0.0,0.0,0.0,0.0
473,114_00217,114,217,0,N,0,N,0,N,1.0,1.0,0.0,0.0,0.0,0.0,0.0,0.0,0.0
474,114_00218,114,218,0,N,0,N,0,N,1.0,1.0,0.0,0.0,0.0,0.0,0.0,0.0,0.0
475,114_00219,114,219,6,NPC,0,N,0,N,1.0,1.0,0.0,0.0,0.0,0.0,0.0,0.0,0.0
476,114_00220,114,220,0,N,6,NPC,6,NPC,1.0,0.0,0.0,0.0,0.0,0.0,0.0,1.0,0.0
477,114_00221,114,221,0,N,0,N,0,N,1.0,1.0,0.0,0.0,0.0,0.0,0.0,0.0,0.0
478,114_00222,114,222,0,N,0,N,0,N,1.0,1.0,0.0,0.0,0.0,0.0,0.0,0.0,0.0
479,114_00223,114,223,0,N,0,N,0,N,1.0,1.0,0.0,0.0,0.0,0.0,0.0,0.0,0.0
480,114_00224,114,224,0,N,0,N,0,N,1.0,1.0,0.0,0.0,0.0,0.0,0.0,0.0,0.0
481,114_00225,114,225,0,N,0,N,0,N,1.0,1.0,0.0,0.0,0.0,0.0,0.0,0.0,0.0
482,114_00226,114,226,0,N,0,N,0,N,1.0,1.0,0.0,0.0,0.0,0.0,0.0,0.0,0.0
483,114_00227,114,227,0,N,0,N,0,N,1.0,1.0,0.0,0.0,0.0,0.0,0.0,0.0,0.0
484,114_00228,114,228,0,N,0,N,0,N,1.0,1.0,0.0,0.0,0.0,0.0,0.0,0.0,0.0
485,114_00229,114,229,0,N,0,N,0,N,1.0,1.0,0.0,0.0,0.0,0.0,0.0,0.0,0.0
486,114_00230,114,230,0,N,0,N,0,N,1.0,1.0,0.0,0.0,0.0,0.0,0.0,0.0,0.0
487,114_00231,114,231,0,N,0,N,0,N,1.0,1.0,0.0,0.0,0.0,0.0,0.0,0.0,0.0
488,114_00232,114,232,0,N,0,N,0,N,1.0,1.0,0.0,0.0,0.0,0.0,0.0,0.0,0.0
489,114_00233,114,233,0,N,0,N,0,N,1.0,1.0,0.0,0.0,0.0,0.0,0.0,0.0,0.0
490,114_00234,114,234,0,N,0,N,0,N,1.0,1.0,0.0,0.0,0.0,0.0,0.0,0.0,0.0
491,114_00235,114,235,0,N,0,N,0,N,1.0,1.0,0.0,0.0,0.0,0.0,0.0,0.0,0.0
492,114_00236,114,236,0,N,0,N,0,N,1.0,1.0,0.0,0.0,0.0,0.0,0.0,0.0,0.0
493,114_00237,114,237,0,N,0,N,0,N,1.0,1.0,0.0,0.0,0.0,0.0,0.0,0.0,0.0
494,114_00238,114,238,0,N,0,N,0,N,1.0,1.0,0.0,0.0,0.0,0.0,0.0,0.0,0.0
495,114_00239,114,239,0,N,0,N,0,N,1.0,1.0,0.0,0.0,0.0,0.0,0.0,0.0,0.0
496,114_00240,114,240,0,N,0,N,0,N,1.0,1.0,0.0,0.0,0.0,0.0,0.0,0.0,0.0
497,114_00241,114,241,0,N,0,N,0,N,1.0,1.0,0.0,0.0,0.0,0.0,0.0,0.0,0.0
498,114_00242,114,242,0,N,0,N,0,N,1.0,1.0,0.0,0.0,0.0,0.0,0.0,0.0,0.0
499,114_00243,114,243,0,N,0,N,0,N,1.0,1.0,0.0,0.0,0.0,0.0,0.0,0.0,0.0
500,114_00244,114,244,0,N,0,N,0,N,1.0,1.0,0.0,0.0,0.0,0.0,0.0,0.0,0.0
501,114_00245,114,245,0,N,0,N,0,N,1.0,1.0,0.0,0.0,0.0,0.0,0.0,0.0,0.0
502,114_00246,114,246,0,N,0,N,0,N,1.0,1.0,0.0,0.0,0.0,0.0,0.0,0.0,0.0
503,114_00247,114,247,0,N,0,N,0,N,1.0,1.0,0.0,0.0,0.0,0.0,0.0,0.0,0.0
504,114_00248,114,248,0,N,0,N,0,N,1.0,1.0,0.0,0.0,0.0,0.0,0.0,0.0,0.0
505,114_00249,114,249,0,N,0,N,0,N,1.0,1.0,0.0,0.0,0.0,0.0,0.0,0.0,0.0
506,114_00250,114,250,0,N,0,N,0,N,1.0,1.0,0.0,0.0,0.0,0.0,0.0,0.0,0.0
507,114_00251,114,251,0,N,0,N,0,N,1.0,1.0,0.0,0.0,0.0,0.0,0.0,0.0,0.0
508,114_00252,114,252,0,N,0,N,0,N,1.0,1.0,0.0,0.0,0.0,0.0,0.0,0.0,0.0
509,114_00253,114,253,0,N,0,N,0,N,1.0,1.0,0.0,0.0,0.0,0.0,0.0,0.0,0.0
510,114_00254,114,254,0,N,0,N,0,N,1.0,1.0,0.0,0.0,0.0,0.0,0.0,0.0,0.0
511,114_00255,114,255,0,N,0,N,0,N,1.0,1.0,0.0,0.0,0.0,0.0,0.0,0.0,0.0
512,114_00256,114,256,0,N,0,N,0,N,1.0,1.0,0.0,0.0,0.0,0.0,0.0,0.0,0.0
513,114_00257,114,257,0,N,0,N,0,N,1.0,1.0,0.0,0.0,0.0,0.0,0.0,0.0,0.0
514,114_00258,114,258,0,N,0,N,0,N,1.0,1.0,0.0,0.0,0.0,0.0,0.0,0.0,0.0
515,114_00259,114,259,0,N,0,N,0,N,1.0,1.0,0.0,0.0,0.0,0.0,0.0,0.0,0.0
516,114_00260,114,260,0,N,0,N,0,N,1.0,1.0,0.0,0.0,0.0,0.0,0.0,0.0,0.0
517,114_00261,114,261,0,N,0,N,0,N,1.0,1.0,0.0,0.0,0.0,0.0,0.0,0.0,0.0
518,114_00262,114,262,0,N,0,N,0,N,1.0,1.0,0.0,0.0,0.0,0.0,0.0,0.0,0.0
519,114_00263,114,263,0,N,0,N,0,N,1.0,1.0,0.0,0.0,0.0,0.0,0.0,0.0,0.0
520,114_00264,114,264,0,N,0,N,0,N,1.0,1.0,0.0,0.0,0.0,0.0,0.0,0.0,0.0
521,114_00265,114,265,0,N,0,N,0,N,1.0,1.0,0.0,0.0,0.0,0.0,0.0,0.0,0.0
522,114_00266,114,266,0,N,0,N,0,N,1.0,1.0,0.0,0.0,0.0,0.0,0.0,0.0,0.0
523,114_00267,114,267,0,N,0,N,0,N,1.0,1.0,0.0,0.0,0.0,0.0,0.0,0.0,0.0
524,114_00268,114,268,0,N,0,N,0,N,1.0,1.0,0.0,0.0,0.0,0.0,0.0,0.0,0.0
525,114_00269,114,269,0,N,0,N,0,N,1.0,1.0,0.0,0.0,0.0,0.0,0.0,0.0,0.0
526,114_00270,114,270,0,N,0,N,0,N,1.0,1.0,0.0,0.0,0.0,0.0,0.0,0.0,0.0
527,114_00271,114,271,0,N,0,N,0,N,1.0,1.0,0.0,0.0,0.0,0.0,0.0,0.0,0.0
528,114_00272,114,272,0,N,0,N,0,N,1.0,1.0,0.0,0.0,0.0,0.0,0.0,0.0,0.0
529,114_00273,114,273,0,N,0,N,0,N,1.0,1.0,0.0,0.0,0.0,0.0,0.0,0.0,0.0
530,114_00274,114,274,0,N,0,N,0,N,1.0,1.0,0.0,0.0,0.0,0.0,0.0,0.0,0.0
531,114_00275,114,275,0,N,0,N,0,N,1.0,1.0,0.0,0.0,0.0,0.0,0.0,0.0,0.0
532,114_00276,114,276,0,N,0,N,0,N,1.0,1.0,0.0,0.0,0.0,0.0,0.0,0.0,0.0
533,114_00277,114,277,0,N,0,N,0,N,1.0,1.0,0.0,0.0,0.0,0.0,0.0,0.0,0.0
534,114_00278,114,278,0,N,0,N,0,N,1.0,1.0,0.0,0.0,0.0,0.0,0.0,0.0,0.0
535,114_00279,114,279,0,N,0,N,0,N,1.0,1.0,0.0,0.0,0.0,0.0,0.0,0.0,0.0
536,114_00280,114,280,0,N,0,N,0,N,1.0,1.0,0.0,0.0,0.0,0.0,0.0,0.0,0.0
537,114_00281,114,281,0,N,0,N,0,N,1.0,1.0,0.0,0.0,0.0,0.0,0.0,0.0,0.0
538,114_00282,114,282,0,N,0,N,0,N,1.0,1.0,0.0,0.0,0.0,0.0,0.0,0.0,0.0
539,114_00283,114,283,0,N,0,N,0,N,1.0,1.0,0.0,0.0,0.0,0.0,0.0,0.0,0.0
540,114_00284,114,284,0,N,0,N,0,N,1.0,1.0,0.0,0.0,0.0,0.0,0.0,0.0,0.0
541,114_00285,114,285,0,N,0,N,0,N,1.0,1.0,0.0,0.0,0.0,0.0,0.0,0.0,0.0
542,114_00286,114,286,0,N,0,N,0,N,1.0,1.0,0.0,0.0,0.0,0.0,0.0,0.0,0.0
543,114_00287,114,287,0,N,0,N,0,N,1.0,1.0,0.0,0.0,0.0,0.0,0.0,0.0,0.0
544,114_00288,114,288,0,N,0,N,0,N,1.0,1.0,0.0,0.0,0.0,0.0,0.0,0.0,0.0
545,114_00289,114,289,0,N,0,N,0,N,1.0,1.0,0.0,0.0,0.0,0.0,0.0,0.0,0.0
546,114_00290,114,290,0,N,0,N,0,N,1.0,1.0,0.0,0.0,0.0,0.0,0.0,0.0,0.0
547,114_00291,114,291,0,N,0,N,0,N,1.0,1.0,0.0,0.0,0.0,0.0,0.0,0.0,0.0
548,114_00292,114,292,0,N,0,N,0,N,1.0,1.0,0.0,0.0,0.0,0.0,0.0,0.0,0.0
549,114_00293,114,293,0,N,0,N,0,N,1.0,1.0,0.0,0.0,0.0,0.0,0.0,0.0,0.0
550,114_00294,114,294,0,N,0,N,0,N,1.0,1.0,0.0,0.0,0.0,0.0,0.0,0.0,0.0
551,114_00295,114,295,0,N,0,N,0,N,1.0,1.0,0.0,0.0,0.0,0.0,0.0,0.0,0.0
552,114_00296,114,296,0,N,0,N,0,N,1.0,1.0,0.0,0.0,0.0,0.0,0.0,0.0,0.0
553,114_00297,114,297,0,N,0,N,0,N,1.0,1.0,0.0,0.0,0.0,0.0,0.0,0.0,0.0
554,114_00298,114,298,0,N,0,N,0,N,1.0,1.0,0.0,0.0,0.0,0.0,0.0,0.0,0.0
555,114_00299,114,299,0,N,0,N,0,N,1.0,1.0,0.0,0.0,0.0,0.0,0.0,0.0,0.0
556,114_00300,114,300,0,N,0,N,0,N,1.0,1.0,0.0,0.0,0.0,0.0,0.0,0.0,0.0
557,114_00301,114,301,0,N,0,N,0,N,1.0,1.0,0.0,0.0,0.0,0.0,0.0,0.0,0.0
558,114_00302,114,302,0,N,0,N,0,N,1.0,1.0,0.0,0.0,0.0,0.0,0.0,0.0,0.0
559,114_00303,114,303,0,N,0,N,0,N,1.0,1.0,0.0,0.0,0.0,0.0,0.0,0.0,0.0
560,114_00304,114,304,0,N,0,N,0,N,1.0,1.0,0.0,0.0,0.0,0.0,0.0,0.0,0.0
561,114_00305,114,305,0,N,0,N,0,N,1.0,1.0,0.0,0.0,0.0,0.0,0.0,0.0,0.0
562,114_00306,114,306,0,N,0,N,0,N,1.0,1.0,0.0,0.0,0.0,0.0,0.0,0.0,0.0
563,114_00307,114,307,0,N,0,N,0,N,1.0,1.0,0.0,0.0,0.0,0.0,0.0,0.0,0.0
564,114_00308,114,308,0,N,0,N,0,N,1.0,1.0,0.0,0.0,0.0,0.0,0.0,0.0,0.0
565,114_00309,114,309,0,N,0,N,0,N,1.0,1.0,0.0,0.0,0.0,0.0,0.0,0.0,0.0
566,114_00310,114,310,0,N,0,N,0,N,1.0,1.0,0.0,0.0,0.0,0.0,0.0,0.0,0.0
567,114_00311,114,311,0,N,0,N,0,N,1.0,1.0,0.0,0.0,0.0,0.0,0.0,0.0,0.0
568,114_00312,114,312,0,N,0,N,0,N,1.0,1.0,0.0,0.0,0.0,0.0,0.0,0.0,0.0
569,114_00313,114,313,0,N,0,N,0,N,1.0,1.0,0.0,0.0,0.0,0.0,0.0,0.0,0.0
570,114_00314,114,314,0,N,0,N,0,N,1.0,1.0,0.0,0.0,0.0,0.0,0.0,0.0,0.0
571,114_00315,114,315,0,N,0,N,0,N,1.0,1.0,0.0,0.0,0.0,0.0,0.0,0.0,0.0
572,114_00316,114,316,0,N,0,N,0,N,1.0,1.0,0.0,0.0,0.0,0.0,0.0,0.0,0.0
573,114_00317,114,317,0,N,0,N,0,N,1.0,1.0,0.0,0.0,0.0,0.0,0.0,0.0,0.0
574,114_00318,114,318,0,N,0,N,0,N,1.0,1.0,0.0,0.0,0.0,0.0,0.0,0.0,0.0
575,114_00319,114,319,0,N,0,N,0,N,1.0,1.0,0.0,0.0,0.0,0.0,0.0,0.0,0.0
576,114_00320,114,320,0,N,0,N,0,N,1.0,1.0,0.0,0.0,0.0,0.0,0.0,0.0,0.0
577,114_00321,114,321,0,N,0,N,0,N,1.0,1.0,0.0,0.0,0.0,0.0,0.0,0.0,0.0
578,114_00322,114,322,0,N,0,N,0,N,1.0,1.0,0.0,0.0,0.0,0.0,0.0,0.0,0.0
579,114_00323,114,323,0,N,0,N,0,N,1.0,1.0,0.0,0.0,0.0,0.0,0.0,0.0,0.0
580,114_00324,114,324,0,N,0,N,0,N,1.0,1.0,0.0,0.0,0.0,0.0,0.0,0.0,0.0
581,114_00325,114,325,0,N,0,N,0,N,1.0,1.0,0.0,0.0,0.0,0.0,0.0,0.0,0.0
582,114_00326,114,326,0,N,0,N,0,N,1.0,1.0,0.0,0.0,0.0,0.0,0.0,0.0,0.0
583,114_00327,114,327,0,N,0,N,0,N,1.0,1.0,0.0,0.0,0.0,0.0,0.0,0.0,0.0
584,114_00328,114,328,0,N,0,N,0,N,1.0,1.0,0.0,0.0,0.0,0.0,0.0,0.0,0.0
585,114_00329,114,329,0,N,0,N,0,N,1.0,1.0,0.0,0.0,0.0,0.0,0.0,0.0,0.0
586,114_00330,114,330,0,N,0,N,0,N,1.0,1.0,0.0,0.0,0.0,0.0,0.0,0.0,0.0
587,114_00331,114,331,0,N,0,N,0,N,1.0,1.0,0.0,0.0,0.0,0.0,0.0,0.0,0.0
588,114_00332,114,332,0,N,0,N,0,N,1.0,1.0,0.0,0.0,0.0,0.0,0.0,0.0,0.0
589,114_00333,114,333,0,N,0,N,0,N,1.0,1.0,0.0,0.0,0.0,0.0,0.0,0.0,0.0
590,114_00334,114,334,0,N,0,N,0,N,1.0,1.0,0.0,0.0,0.0,0.0,0.0,0.0,0.0
591,114_00335,114,335,0,N,0,N,0,N,1.0,1.0,0.0,0.0,0.0,0.0,0.0,0.0,0.0
592,114_00336,114,336,0,N,0,N,0,N,1.0,1.0,0.0,0.0,0.0,0.0,0.0,0.0,0.0
593,114_00337,114,337,0,N,0,N,0,N,1.0,1.0,0.0,0.0,0.0,0.0,0.0,0.0,0.0
594,114_00338,114,338,0,N,0,N,0,N,1.0,1.0,0.0,0.0,0.0,0.0,0.0,0.0,0.0
595,114_00339,114,339,0,N,0,N,0,N,1.0,1.0,0.0,0.0,0.0,0.0,0.0,0.0,0.0
596,114_00340,114,340,0,N,0,N,0,N,1.0,1.0,0.0,0.0,0.0,0.0,0.0,0.0,0.0
597,114_00341,114,341,0,N,0,N,0,N,1.0,1.0,0.0,0.0,0.0,0.0,0.0,0.0,0.0
598,114_00342,114,342,0,N,0,N,0,N,1.0,1.0,0.0,0.0,0.0,0.0,0.0,0.0,0.0
599,114_00343,114,343,0,N,0,N,0,N,1.0,1.0,0.0,0.0,0.0,0.0,0.0,0.0,0.0
600,114_00344,114,344,0,N,0,N,0,N,1.0,1.0,0.0,0.0,0.0,0.0,0.0,0.0,0.0
601,114_00345,114,345,0,N,0,N,0,N,1.0,1.0,0.0,0.0,0.0,0.0,0.0,0.0,0.0
602,114_00346,114,346,0,N,0,N,0,N,1.0,1.0,0.0,0.0,0.0,0.0,0.0,0.0,0.0
603,114_00347,114,347,0,N,0,N,0,N,1.0,1.0,0.0,0.0,0.0,0.0,0.0,0.0,0.0
604,114_00348,114,348,0,N,0,N,0,N,1.0,1.0,0.0,0.0,0.0,0.0,0.0,0.0,0.0
605,114_00349,114,349,0,N,0,N,0,N,1.0,1.0,0.0,0.0,0.0,0.0,0.0,0.0,0.0
606,114_00350,114,350,0,N,0,N,0,N,1.0,1.0,0.0,0.0,0.0,0.0,0.0,0.0,0.0
607,114_00351,114,351,0,N,0,N,0,N,1.0,1.0,0.0,0.0,0.0,0.0,0.0,0.0,0.0
608,114_00352,114,352,0,N,0,N,0,N,1.0,1.0,0.0,0.0,0.0,0.0,0.0,0.0,0.0
609,114_00353,114,353,0,N,0,N,0,N,1.0,1.0,0.0,0.0,0.0,0.0,0.0,0.0,0.0
610,114_00354,114,354,0,N,0,N,0,N,1.0,1.0,0.0,0.0,0.0,0.0,0.0,0.0,0.0
611,114_00355,114,355,0,N,0,N,0,N,1.0,1.0,0.0,0.0,0.0,0.0,0.0,0.0,0.0
612,114_00356,114,356,0,N,0,N,0,N,1.0,1.0,0.0,0.0,0.0,0.0,0.0,0.0,0.0
613,114_00357,114,357,0,N,0,N,0,N,1.0,1.0,0.0,0.0,0.0,0.0,0.0,0.0,0.0
614,114_00358,114,358,0,N,0,N,0,N,1.0,1.0,0.0,0.0,0.0,0.0,0.0,0.0,0.0
615,114_00359,114,359,0,N,0,N,0,N,1.0,1.0,0.0,0.0,0.0,0.0,0.0,0.0,0.0
616,114_00360,114,360,0,N,0,N,0,N,1.0,1.0,0.0,0.0,0.0,0.0,0.0,0.0,0.0
617,114_00361,114,361,0,N,0,N,0,N,1.0,1.0,0.0,0.0,0.0,0.0,0.0,0.0,0.0
618,114_00362,114,362,0,N,0,N,0,N,1.0,1.0,0.0,0.0,0.0,0.0,0.0,0.0,0.0
619,114_00363,114,363,0,N,0,N,0,N,1.0,1.0,0.0,0.0,0.0,0.0,0.0,0.0,0.0
620,114_00364,114,364,0,N,0,N,0,N,1.0,1.0,0.0,0.0,0.0,0.0,0.0,0.0,0.0
621,114_00365,114,365,0,N,0,N,0,N,1.0,1.0,0.0,0.0,0.0,0.0,0.0,0.0,0.0
622,114_00366,114,366,0,N,0,N,0,N,1.0,1.0,0.0,0.0,0.0,0.0,0.0,0.0,0.0
623,114_00367,114,367,0,N,0,N,0,N,1.0,1.0,0.0,0.0,0.0,0.0,0.0,0.0,0.0
624,114_00368,114,368,0,N,0,N,0,N,1.0,1.0,0.0,0.0,0.0,0.0,0.0,0.0,0.0
625,114_00369,114,369,0,N,0,N,0,N,1.0,1.0,0.0,0.0,0.0,0.0,0.0,0.0,0.0
626,114_00370,114,370,0,N,0,N,0,N,1.0,1.0,0.0,0.0,0.0,0.0,0.0,0.0,0.0
627,114_00371,114,371,0,N,0,N,0,N,1.0,1.0,0.0,0.0,0.0,0.0,0.0,0.0,0.0
628,114_00372,114,372,0,N,0,N,0,N,1.0,1.0,0.0,0.0,0.0,0.0,0.0,0.0,0.0
629,114_00373,114,373,0,N,0,N,0,N,1.0,1.0,0.0,0.0,0.0,0.0,0.0,0.0,0.0
630,114_00374,114,374,0,N,0,N,0,N,1.0,1.0,0.0,0.0,0.0,0.0,0.0,0.0,0.0
631,114_00375,114,375,0,N,0,N,0,N,1.0,1.0,0.0,0.0,0.0,0.0,0.0,0.0,0.0
632,114_00376,114,376,0,N,0,N,0,N,1.0,1.0,0.0,0.0,0.0,0.0,0.0,0.0,0.0
633,114_00377,114,377,0,N,0,N,0,N,1.0,1.0,0.0,0.0,0.0,0.0,0.0,0.0,0.0
634,114_00378,114,378,0,N,0,N,0,N,1.0,1.0,0.0,0.0,0.0,0.0,0.0,0.0,0.0
635,114_00379,114,379,0,N,0,N,0,N,1.0,1.0,0.0,0.0,0.0,0.0,0.0,0.0,0.0
636,114_00380,114,380,0,N,0,N,0,N,1.0,1.0,0.0,0.0,0.0,0.0,0.0,0.0,0.0
637,114_00381,114,381,0,N,0,N,0,N,1.0,1.0,0.0,0.0,0.0,0.0,0.0,0.0,0.0
638,114_00382,114,382,0,N,0,N,0,N,1.0,1.0,0.0,0.0,0.0,0.0,0.0,0.0,0.0
639,114_00383,114,383,0,N,0,N,0,N,1.0,1.0,0.0,0.0,0.0,0.0,0.0,0.0,0.0
640,114_00384,114,384,0,N,0,N,0,N,1.0,1.0,0.0,0.0,0.0,0.0,0.0,0.0,0.0
641,114_00385,114,385,0,N,0,N,0,N,1.0,1.0,0.0,0.0,0.0,0.0,0.0,0.0,0.0
642,114_00386,114,386,0,N,0,N,0,N,1.0,1.0,0.0,0.0,0.0,0.0,0.0,0.0,0.0
643,114_00387,114,387,0,N,0,N,0,N,1.0,1.0,0.0,0.0,0.0,0.0,0.0,0.0,0.0
644,114_00388,114,388,0,N,0,N,0,N,1.0,1.0,0.0,0.0,0.0,0.0,0.0,0.0,0.0
645,114_00389,114,389,0,N,0,N,0,N,1.0,1.0,0.0,0.0,0.0,0.0,0.0,0.0,0.0
646,114_00390,114,390,0,N,0,N,0,N,1.0,1.0,0.0,0.0,0.0,0.0,0.0,0.0,0.0
647,114_00391,114,391,0,N,0,N,0,N,1.0,1.0,0.0,0.0,0.0,0.0,0.0,0.0,0.0
648,114_00392,114,392,0,N,0,N,0,N,1.0,1.0,0.0,0.0,0.0,0.0,0.0,0.0,0.0
649,114_00393,114,393,0,N,0,N,0,N,1.0,1.0,0.0,0.0,0.0,0.0,0.0,0.0,0.0
650,114_00394,114,394,0,N,0,N,0,N,1.0,1.0,0.0,0.0,0.0,0.0,0.0,0.0,0.0
651,114_00395,114,395,0,N,0,N,0,N,1.0,1.0,0.0,0.0,0.0,0.0,0.0,0.0,0.0
652,114_00396,114,396,0,N,0,N,0,N,1.0,1.0,0.0,0.0,0.0,0.0,0.0,0.0,0.0
653,114_00397,114,397,0,N,0,N,0,N,1.0,1.0,0.0,0.0,0.0,0.0,0.0,0.0,0.0
654,114_00398,114,398,0,N,0,N,0,N,1.0,1.0,0.0,0.0,0.0,0.0,0.0,0.0,0.0
655,114_00399,114,399,0,N,0,N,0,N,1.0,1.0,0.0,0.0,0.0,0.0,0.0,0.0,0.0
656,114_00400,114,400,0,N,0,N,0,N,1.0,1.0,0.0,0.0,0.0,0.0,0.0,0.0,0.0
657,114_00401,114,401,0,N,0,N,0,N,1.0,1.0,0.0,0.0,0.0,0.0,0.0,0.0,0.0
658,114_00402,114,402,0,N,0,N,0,N,1.0,1.0,0.0,0.0,0.0,0.0,0.0,0.0,0.0
659,114_00403,114,403,0,N,0,N,0,N,1.0,1.0,0.0,0.0,0.0,0.0,0.0,0.0,0.0
660,114_00404,114,404,0,N,0,N,0,N,1.0,1.0,0.0,0.0,0.0,0.0,0.0,0.0,0.0
661,114_00405,114,405,0,N,0,N,0,N,1.0,1.0,0.0,0.0,0.0,0.0,0.0,0.0,0.0
662,114_00406,114,406,0,N,0,N,0,N,1.0,1.0,0.0,0.0,0.0,0.0,0.0,0.0,0.0
663,114_00407,114,407,0,N,0,N,0,N,1.0,1.0,0.0,0.0,0.0,0.0,0.0,0.0,0.0
664,114_00408,114,408,0,N,0,N,0,N,1.0,1.0,0.0,0.0,0.0,0.0,0.0,0.0,0.0
665,114_00409,114,409,0,N,0,N,0,N,1.0,1.0,0.0,0.0,0.0,0.0,0.0,0.0,0.0
666,114_00410,114,410,0,N,0,N,0,N,1.0,1.0,0.0,0.0,0.0,0.0,0.0,0.0,0.0
667,114_00411,114,411,0,N,0,N,0,N,1.0,1.0,0.0,0.0,0.0,0.0,0.0,0.0,0.0
668,114_00412,114,412,0,N,0,N,0,N,1.0,1.0,0.0,0.0,0.0,0.0,0.0,0.0,0.0
669,114_00413,114,413,0,N,0,N,0,N,1.0,1.0,0.0,0.0,0.0,0.0,0.0,0.0,0.0
670,114_00414,114,414,0,N,0,N,0,N,1.0,1.0,0.0,0.0,0.0,0.0,0.0,0.0,0.0
671,114_00415,114,415,0,N,0,N,0,N,1.0,1.0,0.0,0.0,0.0,0.0,0.0,0.0,0.0
672,114_00416,114,416,0,N,0,N,0,N,1.0,1.0,0.0,0.0,0.0,0.0,0.0,0.0,0.0
673,114_00417,114,417,0,N,0,N,0,N,1.0,1.0,0.0,0.0,0.0,0.0,0.0,0.0,0.0
674,114_00418,114,418,0,N,0,N,0,N,1.0,1.0,0.0,0.0,0.0,0.0,0.0,0.0,0.0
675,114_00419,114,419,0,N,0,N,0,N,1.0,1.0,0.0,0.0,0.0,0.0,0.0,0.0,0.0
676,114_00420,114,420,0,N,0,N,0,N,1.0,1.0,0.0,0.0,0.0,0.0,0.0,0.0,0.0
677,114_00421,114,421,0,N,0,N,0,N,1.0,1.0,0.0,0.0,0.0,0.0,0.0,0.0,0.0
678,114_00422,114,422,0,N,0,N,0,N,1.0,1.0,0.0,0.0,0.0,0.0,0.0,0.0,0.0
679,114_00423,114,423,0,N,0,N,0,N,1.0,1.0,0.0,0.0,0.0,0.0,0.0,0.0,0.0
680,114_00424,114,424,0,N,0,N,0,N,1.0,1.0,0.0,0.0,0.0,0.0,0.0,0.0,0.0
681,114_00425,114,425,0,N,0,N,0,N,1.0,1.0,0.0,0.0,0.0,0.0,0.0,0.0,0.0
682,114_00426,114,426,0,N,0,N,0,N,1.0,1.0,0.0,0.0,0.0,0.0,0.0,0.0,0.0
683,114_00427,114,427,0,N,0,N,0,N,1.0,1.0,0.0,0.0,0.0,0.0,0.0,0.0,0.0
684,114_00428,114,428,0,N,0,N,0,N,1.0,1.0,0.0,0.0,0.0,0.0,0.0,0.0,0.0
685,114_00429,114,429,0,N,0,N,0,N,1.0,1.0,0.0,0.0,0.0,0.0,0.0,0.0,0.0
686,114_00430,114,430,0,N,0,N,0,N,1.0,1.0,0.0,0.0,0.0,0.0,0.0,0.0,0.0
687,114_00431,114,431,0,N,0,N,0,N,1.0,1.0,0.0,0.0,0.0,0.0,0.0,0.0,0.0
688,114_00432,114,432,0,N,0,N,0,N,1.0,1.0,0.0,0.0,0.0,0.0,0.0,0.0,0.0
689,114_00433,114,433,0,N,0,N,0,N,1.0,1.0,0.0,0.0,0.0,0.0,0.0,0.0,0.0
690,114_00434,114,434,0,N,0,N,0,N,1.0,1.0,0.0,0.0,0.0,0.0,0.0,0.0,0.0
691,114_00435,114,435,0,N,0,N,0,N,1.0,1.0,0.0,0.0,0.0,0.0,0.0,0.0,0.0
692,114_00436,114,436,0,N,0,N,0,N,1.0,1.0,0.0,0.0,0.0,0.0,0.0,0.0,0.0
693,114_00437,114,437,0,N,0,N,0,N,1.0,1.0,0.0,0.0,0.0,0.0,0.0,0.0,0.0
694,114_00438,114,438,0,N,0,N,0,N,1.0,1.0,0.0,0.0,0.0,0.0,0.0,0.0,0.0
695,114_00439,114,439,0,N,0,N,0,N,1.0,1.0,0.0,0.0,0.0,0.0,0.0,0.0,0.0
696,114_00440,114,440,0,N,0,N,0,N,1.0,1.0,0.0,0.0,0.0,0.0,0.0,0.0,0.0
697,114_00441,114,441,0,N,0,N,0,N,1.0,1.0,0.0,0.0,0.0,0.0,0.0,0.0,0.0
698,114_00442,114,442,0,N,0,N,0,N,1.0,1.0,0.0,0.0,0.0,0.0,0.0,0.0,0.0
699,114_00443,114,443,0,N,0,N,0,N,1.0,1.0,0.0,0.0,0.0,0.0,0.0,0.0,0.0
700,114_00444,114,444,0,N,0,N,0,N,1.0,1.0,0.0,0.0,0.0,0.0,0.0,0.0,0.0
701,114_00445,114,445,0,N,0,N,0,N,1.0,1.0,0.0,0.0,0.0,0.0,0.0,0.0,0.0
702,114_00446,114,446,0,N,0,N,0,N,1.0,1.0,0.0,0.0,0.0,0.0,0.0,0.0,0.0
703,114_00447,114,447,0,N,0,N,0,N,1.0,1.0,0.0,0.0,0.0,0.0,0.0,0.0,0.0
704,114_00448,114,448,0,N,0,N,0,N,1.0,1.0,0.0,0.0,0.0,0.0,0.0,0.0,0.0
705,114_00449,114,449,0,N,0,N,0,N,1.0,1.0,0.0,0.0,0.0,0.0,0.0,0.0,0.0
706,114_00450,114,450,0,N,0,N,0,N,1.0,1.0,0.0,0.0,0.0,0.0,0.0,0.0,0.0
707,114_00451,114,451,0,N,0,N,0,N,1.0,1.0,0.0,0.0,0.0,0.0,0.0,0.0,0.0
708,114_00452,114,452,0,N,0,N,0,N,1.0,1.0,0.0,0.0,0.0,0.0,0.0,0.0,0.0
709,114_00453,114,453,0,N,0,N,0,N,1.0,1.0,0.0,0.0,0.0,0.0,0.0,0.0,0.0
710,114_00454,114,454,0,N,0,N,0,N,1.0,1.0,0.0,0.0,0.0,0.0,0.0,0.0,0.0
711,114_00455,114,455,0,N,0,N,0,N,1.0,1.0,0.0,0.0,0.0,0.0,0.0,0.0,0.0
712,114_00456,114,456,0,N,0,N,0,N,1.0,1.0,0.0,0.0,0.0,0.0,0.0,0.0,0.0
713,114_00457,114,457,0,N,0,N,0,N,1.0,1.0,0.0,0.0,0.0,0.0,0.0,0.0,0.0
714,114_00458,114,458,0,N,0,N,0,N,1.0,1.0,0.0,0.0,0.0,0.0,0.0,0.0,0.0
715,114_00459,114,459,0,N,0,N,0,N,1.0,1.0,0.0,0.0,0.0,0.0,0.0,0.0,0.0
716,114_00460,114,460,0,N,0,N,0,N,1.0,1.0,0.0,0.0,0.0,0.0,0.0,0.0,0.0
717,114_00461,114,461,0,N,0,N,0,N,1.0,1.0,0.0,0.0,0.0,0.0,0.0,0.0,0.0
718,114_00462,114,462,0,N,0,N,0,N,1.0,1.0,0.0,0.0,0.0,0.0,0.0,0.0,0.0
719,114_00463,114,463,0,N,0,N,0,N,1.0,1.0,0.0,0.0,0.0,0.0,0.0,0.0,0.0
720,114_00464,114,464,0,N,0,N,0,N,1.0,1.0,0.0,0.0,0.0,0.0,0.0,0.0,0.0
721,114_00465,114,465,0,N,0,N,0,N,1.0,1.0,0.0,0.0,0.0,0.0,0.0,0.0,0.0
722,114_00466,114,466,0,N,0,N,0,N,1.0,1.0,0.0,0.0,0.0,0.0,0.0,0.0,0.0
723,114_00467,114,467,0,N,0,N,0,N,1.0,1.0,0.0,0.0,0.0,0.0,0.0,0.0,0.0
724,114_00468,114,468,0,N,0,N,0,N,1.0,1.0,0.0,0.0,0.0,0.0,0.0,0.0,0.0
725,114_00469,114,469,0,N,0,N,0,N,1.0,1.0,0.0,0.0,0.0,0.0,0.0,0.0,0.0
726,114_00470,114,470,0,N,0,N,0,N,1.0,1.0,0.0,0.0,0.0,0.0,0.0,0.0,0.0
727,114_00471,114,471,0,N,0,N,0,N,1.0,1.0,0.0,0.0,0.0,0.0,0.0,0.0,0.0
728,114_00472,114,472,0,N,0,N,0,N,1.0,1.0,0.0,0.0,0.0,0.0,0.0,0.0,0.0
729,114_00473,114,473,0,N,0,N,0,N,1.0,1.0,0.0,0.0,0.0,0.0,0.0,0.0,0.0
730,114_00474,114,474,0,N,0,N,0,N,1.0,1.0,0.0,0.0,0.0,0.0,0.0,0.0,0.0
731,114_00475,114,475,0,N,0,N,0,N,1.0,1.0,0.0,0.0,0.0,0.0,0.0,0.0,0.0
732,114_00476,114,476,0,N,0,N,0,N,1.0,1.0,0.0,0.0,0.0,0.0,0.0,0.0,0.0
733,114_00477,114,477,0,N,0,N,0,N,1.0,1.0,0.0,0.0,0.0,0.0,0.0,0.0,0.0
734,114_00478,114,478,0,N,0,N,0,N,1.0,1.0,0.0,0.0,0.0,0.0,0.0,0.0,0.0
735,114_00479,114,479,0,N,0,N,0,N,1.0,1.0,0.0,0.0,0.0,0.0,0.0,0.0,0.0
736,114_00480,114,480,0,N,0,N,0,N,1.0,1.0,0.0,0.0,0.0,0.0,0.0,0.0,0.0
737,114_00481,114,481,0,N,0,N,0,N,1.0,1.0,0.0,0.0,0.0,0.0,0.0,0.0,0.0
738,114_00482,114,482,0,N,0,N,0,N,1.0,1.0,0.0,0.0,0.0,0.0,0.0,0.0,0.0
739,114_00483,114,483,0,N,0,N,0,N,1.0,1.0,0.0,0.0,0.0,0.0,0.0,0.0,0.0
740,114_00484,114,484,0,N,0,N,0,N,1.0,1.0,0.0,0.0,0.0,0.0,0.0,0.0,0.0
741,114_00485,114,485,0,N,0,N,0,N,1.0,1.0,0.0,0.0,0.0,0.0,0.0,0.0,0.0
742,114_00486,114,486,0,N,0,N,0,N,1.0,1.0,0.0,0.0,0.0,0.0,0.0,0.0,0.0
743,114_00487,114,487,0,N,0,N,0,N,1.0,1.0,0.0,0.0,0.0,0.0,0.0,0.0,0.0
744,114_00488,114,488,0,N,0,N,0,N,1.0,1.0,0.0,0.0,0.0,0.0,0.0,0.0,0.0
745,114_00489,114,489,0,N,0,N,0,N,1.0,1.0,0.0,0.0,0.0,0.0,0.0,0.0,0.0
746,114_00490,114,490,0,N,0,N,0,N,1.0,1.0,0.0,0.0,0.0,0.0,0.0,0.0,0.0
747,114_00491,114,491,0,N,0,N,0,N,1.0,1.0,0.0,0.0,0.0,0.0,0.0,0.0,0.0
748,114_00492,114,492,0,N,0,N,0,N,1.0,1.0,0.0,0.0,0.0,0.0,0.0,0.0,0.0
749,114_00493,114,493,0,N,0,N,0,N,1.0,1.0,0.0,0.0,0.0,0.0,0.0,0.0,0.0
750,114_00494,114,494,0,N,0,N,0,N,1.0,1.0,0.0,0.0,0.0,0.0,0.0,0.0,0.0
751,114_00495,114,495,0,N,0,N,0,N,1.0,1.0,0.0,0.0,0.0,0.0,0.0,0.0,0.0
752,114_00496,114,496,0,N,0,N,0,N,1.0,1.0,0.0,0.0,0.0,0.0,0.0,0.0,0.0
753,114_00497,114,497,0,N,0,N,0,N,1.0,1.0,0.0,0.0,0.0,0.0,0.0,0.0,0.0
754,114_00498,114,498,0,N,0,N,0,N,1.0,1.0,0.0,0.0,0.0,0.0,0.0,0.0,0.0
755,114_00499,114,499,0,N,0,N,0,N,1.0,1.0,0.0,0.0,0.0,0.0,0.0,0.0,0.0
756,114_00500,114,500,0,N,0,N,0,N,1.0,1.0,0.0,0.0,0.0,0.0,0.0,0.0,0.0
757,114_00501,114,501,0,N,0,N,0,N,1.0,1.0,0.0,0.0,0.0,0.0,0.0,0.0,0.0
758,114_00502,114,502,0,N,0,N,0,N,1.0,1.0,0.0,0.0,0.0,0.0,0.0,0.0,0.0
759,114_00503,114,503,0,N,0,N,0,N,1.0,1.0,0.0,0.0,0.0,0.0,0.0,0.0,0.0
760,114_00504,114,504,0,N,0,N,0,N,1.0,1.0,0.0,0.0,0.0,0.0,0.0,0.0,0.0
761,114_00505,114,505,0,N,0,N,0,N,1.0,1.0,0.0,0.0,0.0,0.0,0.0,0.0,0.0
762,114_00506,114,506,0,N,0,N,0,N,1.0,1.0,0.0,0.0,0.0,0.0,0.0,0.0,0.0
763,114_00507,114,507,0,N,0,N,0,N,1.0,1.0,0.0,0.0,0.0,0.0,0.0,0.0,0.0
764,114_00508,114,508,0,N,0,N,0,N,1.0,1.0,0.0,0.0,0.0,0.0,0.0,0.0,0.0
765,114_00509,114,509,0,N,0,N,0,N,1.0,1.0,0.0,0.0,0.0,0.0,0.0,0.0,0.0
766,114_00510,114,510,0,N,0,N,0,N,1.0,1.0,0.0,0.0,0.0,0.0,0.0,0.0,0.0
767,114_00511,114,511,0,N,0,N,0,N,1.0,1.0,0.0,0.0,0.0,0.0,0.0,0.0,0.0
768,114_00512,114,512,0,N,0,N,0,N,1.0,1.0,0.0,0.0,0.0,0.0,0.0,0.0,0.0
769,114_00513,114,513,0,N,0,N,0,N,1.0,1.0,0.0,0.0,0.0,0.0,0.0,0.0,0.0
770,114_00514,114,514,0,N,0,N,0,N,1.0,1.0,0.0,0.0,0.0,0.0,0.0,0.0,0.0
771,114_00515,114,515,0,N,0,N,0,N,1.0,1.0,0.0,0.0,0.0,0.0,0.0,0.0,0.0
772,114_00516,114,516,0,N,0,N,0,N,1.0,1.0,0.0,0.0,0.0,0.0,0.0,0.0,0.0
773,114_00517,114,517,0,N,0,N,0,N,1.0,1.0,0.0,0.0,0.0,0.0,0.0,0.0,0.0
774,114_00518,114,518,0,N,0,N,0,N,1.0,1.0,0.0,0.0,0.0,0.0,0.0,0.0,0.0
775,114_00519,114,519,0,N,0,N,0,N,1.0,1.0,0.0,0.0,0.0,0.0,0.0,0.0,0.0
776,114_00520,114,520,0,N,0,N,0,N,1.0,1.0,0.0,0.0,0.0,0.0,0.0,0.0,0.0
777,114_00521,114,521,0,N,0,N,0,N,1.0,1.0,0.0,0.0,0.0,0.0,0.0,0.0,0.0
778,114_00522,114,522,0,N,0,N,0,N,1.0,1.0,0.0,0.0,0.0,0.0,0.0,0.0,0.0
779,114_00523,114,523,0,N,0,N,0,N,1.0,1.0,0.0,0.0,0.0,0.0,0.0,0.0,0.0
780,114_00524,114,524,0,N,0,N,0,N,1.0,1.0,0.0,0.0,0.0,0.0,0.0,0.0,0.0
781,114_00525,114,525,0,N,0,N,0,N,1.0,1.0,0.0,0.0,0.0,0.0,0.0,0.0,0.0
782,114_00526,114,526,0,N,0,N,0,N,1.0,1.0,0.0,0.0,0.0,0.0,0.0,0.0,0.0
783,114_00527,114,527,0,N,0,N,0,N,1.0,1.0,0.0,0.0,0.0,0.0,0.0,0.0,0.0
784,114_00528,114,528,0,N,0,N,0,N,1.0,1.0,0.0,0.0,0.0,0.0,0.0,0.0,0.0
785,114_00529,114,529,0,N,0,N,0,N,1.0,1.0,0.0,0.0,0.0,0.0,0.0,0.0,0.0
786,114_00530,114,530,0,N,0,N,0,N,1.0,1.0,0.0,0.0,0.0,0.0,0.0,0.0,0.0
787,114_00531,114,531,0,N,0,N,0,N,1.0,1.0,0.0,0.0,0.0,0.0,0.0,0.0,0.0
788,114_00532,114,532,0,N,0,N,0,N,1.0,1.0,0.0,0.0,0.0,0.0,0.0,0.0,0.0
789,114_00533,114,533,0,N,0,N,0,N,1.0,1.0,0.0,0.0,0.0,0.0,0.0,0.0,0.0
790,114_00534,114,534,0,N,0,N,0,N,1.0,1.0,0.0,0.0,0.0,0.0,0.0,0.0,0.0
791,114_00535,114,535,0,N,0,N,0,N,1.0,1.0,0.0,0.0,0.0,0.0,0.0,0.0,0.0
792,114_00536,114,536,0,N,0,N,0,N,1.0,1.0,0.0,0.0,0.0,0.0,0.0,0.0,0.0
793,114_00537,114,537,0,N,0,N,0,N,1.0,1.0,0.0,0.0,0.0,0.0,0.0,0.0,0.0
794,114_00538,114,538,0,N,0,N,0,N,1.0,1.0,0.0,0.0,0.0,0.0,0.0,0.0,0.0
795,114_00539,114,539,0,N,0,N,0,N,1.0,1.0,0.0,0.0,0.0,0.0,0.0,0.0,0.0
796,114_00540,114,540,0,N,0,N,0,N,1.0,1.0,0.0,0.0,0.0,0.0,0.0,0.0,0.0
797,114_00541,114,541,0,N,0,N,0,N,1.0,1.0,0.0,0.0,0.0,0.0,0.0,0.0,0.0
798,114_00542,114,542,0,N,0,N,0,N,1.0,1.0,0.0,0.0,0.0,0.0,0.0,0.0,0.0
799,114_00543,114,543,0,N,0,N,0,N,1.0,1.0,0.0,0.0,0.0,0.0,0.0,0.0,0.0
800,114_00544,114,544,0,N,0,N,0,N,1.0,1.0,0.0,0.0,0.0,0.0,0.0,0.0,0.0
801,114_00545,114,545,0,N,0,N,0,N,1.0,1.0,0.0,0.0,0.0,0.0,0.0,0.0,0.0
802,114_00546,114,546,0,N,0,N,0,N,1.0,1.0,0.0,0.0,0.0,0.0,0.0,0.0,0.0
803,114_00547,114,547,0,N,0,N,0,N,1.0,1.0,0.0,0.0,0.0,0.0,0.0,0.0,0.0
804,114_00548,114,548,0,N,0,N,0,N,1.0,1.0,0.0,0.0,0.0,0.0,0.0,0.0,0.0
805,114_00549,114,549,0,N,0,N,0,N,1.0,1.0,0.0,0.0,0.0,0.0,0.0,0.0,0.0
806,114_00550,114,550,0,N,0,N,0,N,1.0,1.0,0.0,0.0,0.0,0.0,0.0,0.0,0.0
807,114_00551,114,551,0,N,0,N,0,N,1.0,1.0,0.0,0.0,0.0,0.0,0.0,0.0,0.0
808,114_00552,114,552,0,N,0,N,0,N,1.0,1.0,0.0,0.0,0.0,0.0,0.0,0.0,0.0
809,114_00553,114,553,0,N,0,N,0,N,1.0,1.0,0.0,0.0,0.0,0.0,0.0,0.0,0.0
810,114_00554,114,554,0,N,0,N,0,N,1.0,1.0,0.0,0.0,0.0,0.0,0.0,0.0,0.0
811,114_00555,114,555,0,N,0,N,0,N,1.0,1.0,0.0,0.0,0.0,0.0,0.0,0.0,0.0
812,114_00556,114,556,0,N,0,N,0,N,1.0,1.0,0.0,0.0,0.0,0.0,0.0,0.0,0.0
813,114_00557,114,557,0,N,0,N,0,N,1.0,1.0,0.0,0.0,0.0,0.0,0.0,0.0,0.0
814,114_00558,114,558,0,N,0,N,0,N,1.0,1.0,0.0,0.0,0.0,0.0,0.0,0.0,0.0
815,114_00559,114,559,0,N,0,N,0,N,1.0,1.0,0.0,0.0,0.0,0.0,0.0,0.0,0.0
816,114_00560,114,560,0,N,0,N,0,N,1.0,1.0,0.0,0.0,0.0,0.0,0.0,0.0,0.0
817,114_00561,114,561,0,N,0,N,0,N,1.0,1.0,0.0,0.0,0.0,0.0,0.0,0.0,0.0
818,114_00562,114,562,0,N,0,N,0,N,1.0,1.0,0.0,0.0,0.0,0.0,0.0,0.0,0.0
819,114_00563,114,563,0,N,0,N,0,N,1.0,1.0,0.0,0.0,0.0,0.0,0.0,0.0,0.0
820,114_00564,114,564,0,N,0,N,0,N,1.0,1.0,0.0,0.0,0.0,0.0,0.0,0.0,0.0
821,114_00565,114,565,0,N,0,N,0,N,1.0,1.0,0.0,0.0,0.0,0.0,0.0,0.0,0.0
822,114_00566,114,566,0,N,0,N,0,N,1.0,1.0,0.0,0.0,0.0,0.0,0.0,0.0,0.0
823,114_00567,114,567,0,N,0,N,0,N,1.0,1.0,0.0,0.0,0.0,0.0,0.0,0.0,0.0
824,114_00568,114,568,0,N,0,N,0,N,1.0,1.0,0.0,0.0,0.0,0.0,0.0,0.0,0.0
825,114_00569,114,569,0,N,0,N,0,N,1.0,1.0,0.0,0.0,0.0,0.0,0.0,0.0,0.0
826,114_00570,114,570,0,N,0,N,0,N,1.0,1.0,0.0,0.0,0.0,0.0,0.0,0.0,0.0
827,114_00571,114,571,0,N,0,N,0,N,1.0,1.0,0.0,0.0,0.0,0.0,0.0,0.0,0.0
828,114_00572,114,572,0,N,0,N,0,N,1.0,1.0,0.0,0.0,0.0,0.0,0.0,0.0,0.0
829,114_00573,114,573,0,N,0,N,0,N,1.0,1.0,0.0,0.0,0.0,0.0,0.0,0.0,0.0
830,114_00574,114,574,0,N,0,N,0,N,1.0,1.0,0.0,0.0,0.0,0.0,0.0,0.0,0.0
831,114_00575,114,575,0,N,0,N,0,N,1.0,1.0,0.0,0.0,0.0,0.0,0.0,0.0,0.0
832,114_00576,114,576,0,N,0,N,0,N,1.0,1.0,0.0,0.0,0.0,0.0,0.0,0.0,0.0
833,114_00577,114,577,0,N,0,N,0,N,1.0,1.0,0.0,0.0,0.0,0.0,0.0,0.0,0.0
834,114_00578,114,578,0,N,0,N,0,N,1.0,1.0,0.0,0.0,0.0,0.0,0.0,0.0,0.0
835,114_00579,114,579,0,N,0,N,0,N,1.0,1.0,0.0,0.0,0.0,0.0,0.0,0.0,0.0
836,114_00580,114,580,0,N,0,N,0,N,1.0,1.0,0.0,0.0,0.0,0.0,0.0,0.0,0.0
837,114_00581,114,581,0,N,0,N,0,N,1.0,1.0,0.0,0.0,0.0,0.0,0.0,0.0,0.0
838,114_00582,114,582,0,N,0,N,0,N,1.0,1.0,0.0,0.0,0.0,0.0,0.0,0.0,0.0
839,114_00583,114,583,0,N,0,N,0,N,1.0,1.0,0.0,0.0,0.0,0.0,0.0,0.0,0.0
840,114_00584,114,584,0,N,0,N,0,N,1.0,1.0,0.0,0.0,0.0,0.0,0.0,0.0,0.0
841,114_00585,114,585,0,N,0,N,0,N,1.0,1.0,0.0,0.0,0.0,0.0,0.0,0.0,0.0
842,114_00586,114,586,0,N,0,N,0,N,1.0,1.0,0.0,0.0,0.0,0.0,0.0,0.0,0.0
843,114_00587,114,587,0,N,0,N,0,N,1.0,1.0,0.0,0.0,0.0,0.0,0.0,0.0,0.0
844,114_00588,114,588,0,N,0,N,0,N,1.0,1.0,0.0,0.0,0.0,0.0,0.0,0.0,0.0
845,114_00589,114,589,0,N,0,N,0,N,1.0,1.0,0.0,0.0,0.0,0.0,0.0,0.0,0.0
846,114_00590,114,590,0,N,0,N,0,N,1.0,1.0,0.0,0.0,0.0,0.0,0.0,0.0,0.0
847,114_00591,114,591,0,N,0,N,0,N,1.0,1.0,0.0,0.0,0.0,0.0,0.0,0.0,0.0
848,114_00592,114,592,0,N,0,N,0,N,1.0,1.0,0.0,0.0,0.0,0.0,0.0,0.0,0.0
849,114_00593,114,593,0,N,0,N,0,N,1.0,1.0,0.0,0.0,0.0,0.0,0.0,0.0,0.0
850,114_00594,114,594,0,N,0,N,0,N,1.0,1.0,0.0,0.0,0.0,0.0,0.0,0.0,0.0
851,114_00595,114,595,0,N,0,N,0,N,1.0,1.0,0.0,0.0,0.0,0.0,0.0,0.0,0.0
852,114_00596,114,596,0,N,0,N,0,N,1.0,1.0,0.0,0.0,0.0,0.0,0.0,0.0,0.0
853,114_00597,114,597,0,N,0,N,0,N,1.0,1.0,0.0,0.0,0.0,0.0,0.0,0.0,0.0
854,114_00598,114,598,0,N,0,N,0,N,1.0,1.0,0.0,0.0,0.0,0.0,0.0,0.0,0.0
855,114_00599,114,599,0,N,0,N,0,N,1.0,1.0,0.0,0.0,0.0,0.0,0.0,0.0,0.0
856,114_00600,114,600,0,N,0,N,0,N,1.0,1.0,0.0,0.0,0.0,0.0,0.0,0.0,0.0
857,114_00601,114,601,0,N,0,N,0,N,1.0,1.0,0.0,0.0,0.0,0.0,0.0,0.0,0.0
858,114_00602,114,602,0,N,0,N,0,N,1.0,1.0,0.0,0.0,0.0,0.0,0.0,0.0,0.0
859,114_00603,114,603,0,N,0,N,0,N,1.0,1.0,0.0,0.0,0.0,0.0,0.0,0.0,0.0
860,114_00604,114,604,0,N,0,N,0,N,1.0,1.0,0.0,0.0,0.0,0.0,0.0,0.0,0.0
861,114_00605,114,605,0,N,0,N,0,N,1.0,1.0,0.0,0.0,0.0,0.0,0.0,0.0,0.0
862,114_00606,114,606,0,N,0,N,0,N,1.0,1.0,0.0,0.0,0.0,0.0,0.0,0.0,0.0
863,114_00607,114,607,0,N,0,N,0,N,1.0,1.0,0.0,0.0,0.0,0.0,0.0,0.0,0.0
864,114_00608,114,608,0,N,0,N,0,N,1.0,1.0,0.0,0.0,0.0,0.0,0.0,0.0,0.0
865,114_00609,114,609,0,N,0,N,0,N,1.0,1.0,0.0,0.0,0.0,0.0,0.0,0.0,0.0
866,114_00610,114,610,0,N,0,N,0,N,1.0,1.0,0.0,0.0,0.0,0.0,0.0,0.0,0.0
867,114_00611,114,611,0,N,0,N,0,N,1.0,1.0,0.0,0.0,0.0,0.0,0.0,0.0,0.0
868,114_00612,114,612,0,N,0,N,0,N,1.0,1.0,0.0,0.0,0.0,0.0,0.0,0.0,0.0
869,114_00613,114,613,0,N,0,N,0,N,1.0,1.0,0.0,0.0,0.0,0.0,0.0,0.0,0.0
870,114_00614,114,614,0,N,0,N,0,N,1.0,1.0,0.0,0.0,0.0,0.0,0.0,0.0,0.0
871,114_00615,114,615,0,N,0,N,0,N,1.0,1.0,0.0,0.0,0.0,0.0,0.0,0.0,0.0
872,114_00616,114,616,0,N,0,N,0,N,1.0,1.0,0.0,0.0,0.0,0.0,0.0,0.0,0.0
873,114_00617,114,617,0,N,0,N,0,N,1.0,1.0,0.0,0.0,0.0,0.0,0.0,0.0,0.0
874,114_00618,114,618,0,N,0,N,0,N,1.0,1.0,0.0,0.0,0.0,0.0,0.0,0.0,0.0
875,114_00619,114,619,0,N,0,N,0,N,1.0,1.0,0.0,0.0,0.0,0.0,0.0,0.0,0.0
876,114_00620,114,620,3,APC,0,N,0,N,1.0,1.0,0.0,0.0,0.0,0.0,0.0,0.0,0.0
877,114_00621,114,621,3,APC,3,APC,3,APC,1.0,0.0,0.0,0.0,1.0,0.0,0.0,0.0,0.0
878,114_00622,114,622,3,APC,3,APC,3,APC,1.0,0.0,0.0,0.0,1.0,0.0,0.0,0.0,0.0
879,114_00623,114,623,3,APC,3,APC,3,APC,1.0,0.0,0.0,0.0,1.0,0.0,0.0,0.0,0.0
880,114_00624,114,624,3,APC,3,APC,3,APC,1.0,0.0,0.0,0.0,1.0,0.0,0.0,0.0,0.0
881,114_00625,114,625,6,NPC,3,APC,3,APC,1.0,0.0,0.0,0.0,1.0,0.0,0.0,0.0,0.0
882,114_00626,114,626,0,N,6,NPC,6,NPC,1.0,0.0,0.0,0.0,0.0,0.0,0.0,1.0,0.0
883,114_00627,114,627,0,N,0,N,0,N,1.0,1.0,0.0,0.0,0.0,0.0,0.0,0.0,0.0
884,114_00628,114,628,0,N,0,N,0,N,1.0,1.0,0.0,0.0,0.0,0.0,0.0,0.0,0.0
885,114_00629,114,629,0,N,0,N,0,N,1.0,1.0,0.0,0.0,0.0,0.0,0.0,0.0,0.0
886,114_00630,114,630,0,N,0,N,0,N,1.0,1.0,0.0,0.0,0.0,0.0,0.0,0.0,0.0
887,114_00631,114,631,0,N,0,N,0,N,1.0,1.0,0.0,0.0,0.0,0.0,0.0,0.0,0.0
888,114_00632,114,632,0,N,0,N,0,N,1.0,1.0,0.0,0.0,0.0,0.0,0.0,0.0,0.0
889,114_00633,114,633,0,N,0,N,0,N,1.0,1.0,0.0,0.0,0.0,0.0,0.0,0.0,0.0
890,114_00634,114,634,0,N,0,N,0,N,1.0,1.0,0.0,0.0,0.0,0.0,0.0,0.0,0.0
891,114_00635,114,635,0,N,0,N,0,N,1.0,1.0,0.0,0.0,0.0,0.0,0.0,0.0,0.0
892,114_00636,114,636,0,N,0,N,0,N,1.0,1.0,0.0,0.0,0.0,0.0,0.0,0.0,0.0
893,114_00637,114,637,0,N,0,N,0,N,1.0,1.0,0.0,0.0,0.0,0.0,0.0,0.0,0.0
894,114_00638,114,638,0,N,0,N,0,N,1.0,1.0,0.0,0.0,0.0,0.0,0.0,0.0,0.0
895,114_00639,114,639,0,N,0,N,0,N,1.0,1.0,0.0,0.0,0.0,0.0,0.0,0.0,0.0
896,114_00640,114,640,0,N,0,N,0,N,1.0,1.0,0.0,0.0,0.0,0.0,0.0,0.0,0.0
897,114_00641,114,641,0,N,0,N,0,N,1.0,1.0,0.0,0.0,0.0,0.0,0.0,0.0,0.0
898,114_00642,114,642,0,N,0,N,0,N,1.0,1.0,0.0,0.0,0.0,0.0,0.0,0.0,0.0
899,114_00643,114,643,0,N,0,N,0,N,1.0,1.0,0.0,0.0,0.0,0.0,0.0,0.0,0.0
900,114_00644,114,644,0,N,0,N,0,N,1.0,1.0,0.0,0.0,0.0,0.0,0.0,0.0,0.0
901,114_00645,114,645,0,N,0,N,0,N,1.0,1.0,0.0,0.0,0.0,0.0,0.0,0.0,0.0
902,114_00646,114,646,0,N,0,N,0,N,1.0,1.0,0.0,0.0,0.0,0.0,0.0,0.0,0.0
903,114_00647,114,647,0,N,0,N,0,N,1.0,1.0,0.0,0.0,0.0,0.0,0.0,0.0,0.0
904,114_00648,114,648,0,N,0,N,0,N,1.0,1.0,0.0,0.0,0.0,0.0,0.0,0.0,0.0
905,114_00649,114,649,0,N,0,N,0,N,1.0,1.0,0.0,0.0,0.0,0.0,0.0,0.0,0.0
906,114_00650,114,650,0,N,0,N,0,N,1.0,1.0,0.0,0.0,0.0,0.0,0.0,0.0,0.0
907,114_00651,114,651,0,N,0,N,0,N,1.0,1.0,0.0,0.0,0.0,0.0,0.0,0.0,0.0
908,114_00652,114,652,0,N,0,N,0,N,1.0,1.0,0.0,0.0,0.0,0.0,0.0,0.0,0.0
909,114_00653,114,653,0,N,0,N,0,N,1.0,1.0,0.0,0.0,0.0,0.0,0.0,0.0,0.0
910,114_00654,114,654,0,N,0,N,0,N,1.0,1.0,0.0,0.0,0.0,0.0,0.0,0.0,0.0
911,114_00655,114,655,0,N,0,N,0,N,1.0,1.0,0.0,0.0,0.0,0.0,0.0,0.0,0.0
912,114_00656,114,656,0,N,0,N,0,N,1.0,1.0,0.0,0.0,0.0,0.0,0.0,0.0,0.0
913,114_00657,114,657,0,N,0,N,0,N,1.0,1.0,0.0,0.0,0.0,0.0,0.0,0.0,0.0
914,114_00658,114,658,0,N,0,N,0,N,1.0,1.0,0.0,0.0,0.0,0.0,0.0,0.0,0.0
915,114_00659,114,659,0,N,0,N,0,N,1.0,1.0,0.0,0.0,0.0,0.0,0.0,0.0,0.0
916,114_00660,114,660,0,N,0,N,0,N,1.0,1.0,0.0,0.0,0.0,0.0,0.0,0.0,0.0
917,114_00661,114,661,0,N,0,N,0,N,1.0,1.0,0.0,0.0,0.0,0.0,0.0,0.0,0.0
918,114_00662,114,662,0,N,0,N,0,N,1.0,1.0,0.0,0.0,0.0,0.0,0.0,0.0,0.0
919,114_00663,114,663,0,N,0,N,0,N,1.0,1.0,0.0,0.0,0.0,0.0,0.0,0.0,0.0
920,114_00664,114,664,0,N,0,N,0,N,1.0,1.0,0.0,0.0,0.0,0.0,0.0,0.0,0.0
921,114_00665,114,665,0,N,0,N,0,N,1.0,1.0,0.0,0.0,0.0,0.0,0.0,0.0,0.0
922,114_00666,114,666,0,N,0,N,0,N,1.0,1.0,0.0,0.0,0.0,0.0,0.0,0.0,0.0
923,114_00667,114,667,0,N,0,N,0,N,1.0,1.0,0.0,0.0,0.0,0.0,0.0,0.0,0.0
924,114_00668,114,668,0,N,0,N,0,N,1.0,1.0,0.0,0.0,0.0,0.0,0.0,0.0,0.0
925,114_00669,114,669,0,N,0,N,0,N,1.0,1.0,0.0,0.0,0.0,0.0,0.0,0.0,0.0
926,114_00670,114,670,0,N,0,N,0,N,1.0,1.0,0.0,0.0,0.0,0.0,0.0,0.0,0.0
927,114_00671,114,671,0,N,0,N,0,N,1.0,1.0,0.0,0.0,0.0,0.0,0.0,0.0,0.0
928,114_00672,114,672,0,N,0,N,0,N,1.0,1.0,0.0,0.0,0.0,0.0,0.0,0.0,0.0
929,114_00673,114,673,0,N,0,N,0,N,1.0,1.0,0.0,0.0,0.0,0.0,0.0,0.0,0.0
930,114_00674,114,674,0,N,0,N,0,N,1.0,1.0,0.0,0.0,0.0,0.0,0.0,0.0,0.0
931,114_00675,114,675,0,N,0,N,0,N,1.0,1.0,0.0,0.0,0.0,0.0,0.0,0.0,0.0
932,114_00676,114,676,0,N,0,N,0,N,1.0,1.0,0.0,0.0,0.0,0.0,0.0,0.0,0.0
933,114_00677,114,677,0,N,0,N,0,N,1.0,1.0,0.0,0.0,0.0,0.0,0.0,0.0,0.0
934,114_00678,114,678,0,N,0,N,0,N,1.0,1.0,0.0,0.0,0.0,0.0,0.0,0.0,0.0
935,114_00679,114,679,0,N,0,N,0,N,1.0,1.0,0.0,0.0,0.0,0.0,0.0,0.0,0.0
936,114_00680,114,680,0,N,0,N,0,N,1.0,1.0,0.0,0.0,0.0,0.0,0.0,0.0,0.0
937,114_00681,114,681,0,N,0,N,0,N,1.0,1.0,0.0,0.0,0.0,0.0,0.0,0.0,0.0
938,114_00682,114,682,0,N,0,N,0,N,1.0,1.0,0.0,0.0,0.0,0.0,0.0,0.0,0.0
939,114_00683,114,683,0,N,0,N,0,N,1.0,1.0,0.0,0.0,0.0,0.0,0.0,0.0,0.0
940,114_00684,114,684,0,N,0,N,0,N,1.0,1.0,0.0,0.0,0.0,0.0,0.0,0.0,0.0
941,114_00685,114,685,0,N,0,N,0,N,1.0,1.0,0.0,0.0,0.0,0.0,0.0,0.0,0.0
942,114_00686,114,686,0,N,0,N,0,N,1.0,1.0,0.0,0.0,0.0,0.0,0.0,0.0,0.0
943,114_00687,114,687,0,N,0,N,0,N,1.0,1.0,0.0,0.0,0.0,0.0,0.0,0.0,0.0
944,114_00688,114,688,0,N,0,N,0,N,1.0,1.0,0.0,0.0,0.0,0.0,0.0,0.0,0.0
945,114_00689,114,689,0,N,0,N,0,N,1.0,1.0,0.0,0.0,0.0,0.0,0.0,0.0,0.0
946,114_00690,114,690,0,N,0,N,0,N,1.0,1.0,0.0,0.0,0.0,0.0,0.0,0.0,0.0
947,114_00691,114,691,0,N,0,N,0,N,1.0,1.0,0.0,0.0,0.0,0.0,0.0,0.0,0.0
948,114_00692,114,692,0,N,0,N,0,N,1.0,1.0,0.0,0.0,0.0,0.0,0.0,0.0,0.0
949,114_00693,114,693,0,N,0,N,0,N,1.0,1.0,0.0,0.0,0.0,0.0,0.0,0.0,0.0
950,114_00694,114,694,0,N,0,N,0,N,1.0,1.0,0.0,0.0,0.0,0.0,0.0,0.0,0.0
951,114_00695,114,695,0,N,0,N,0,N,1.0,1.0,0.0,0.0,0.0,0.0,0.0,0.0,0.0
952,114_00696,114,696,0,N,0,N,0,N,1.0,1.0,0.0,0.0,0.0,0.0,0.0,0.0,0.0
953,114_00697,114,697,0,N,0,N,0,N,1.0,1.0,0.0,0.0,0.0,0.0,0.0,0.0,0.0
954,114_00698,114,698,0,N,0,N,0,N,1.0,1.0,0.0,0.0,0.0,0.0,0.0,0.0,0.0
955,114_00699,114,699,0,N,0,N,0,N,1.0,1.0,0.0,0.0,0.0,0.0,0.0,0.0,0.0
956,114_00700,114,700,0,N,0,N,0,N,1.0,1.0,0.0,0.0,0.0,0.0,0.0,0.0,0.0
957,114_00701,114,701,0,N,0,N,0,N,1.0,1.0,0.0,0.0,0.0,0.0,0.0,0.0,0.0
958,114_00702,114,702,0,N,0,N,0,N,1.0,1.0,0.0,0.0,0.0,0.0,0.0,0.0,0.0
959,114_00703,114,703,0,N,0,N,0,N,1.0,1.0,0.0,0.0,0.0,0.0,0.0,0.0,0.0
960,114_00704,114,704,0,N,0,N,0,N,1.0,1.0,0.0,0.0,0.0,0.0,0.0,0.0,0.0
961,114_00705,114,705,0,N,0,N,0,N,1.0,1.0,0.0,0.0,0.0,0.0,0.0,0.0,0.0
962,114_00706,114,706,0,N,0,N,0,N,1.0,1.0,0.0,0.0,0.0,0.0,0.0,0.0,0.0
963,114_00707,114,707,0,N,0,N,0,N,1.0,1.0,0.0,0.0,0.0,0.0,0.0,0.0,0.0
964,114_00708,114,708,0,N,0,N,0,N,1.0,1.0,0.0,0.0,0.0,0.0,0.0,0.0,0.0
965,114_00709,114,709,0,N,0,N,0,N,1.0,1.0,0.0,0.0,0.0,0.0,0.0,0.0,0.0
966,114_00710,114,710,0,N,0,N,0,N,1.0,1.0,0.0,0.0,0.0,0.0,0.0,0.0,0.0
967,114_00711,114,711,0,N,0,N,0,N,1.0,1.0,0.0,0.0,0.0,0.0,0.0,0.0,0.0
968,114_00712,114,712,0,N,0,N,0,N,1.0,1.0,0.0,0.0,0.0,0.0,0.0,0.0,0.0
969,114_00713,114,713,0,N,0,N,0,N,1.0,1.0,0.0,0.0,0.0,0.0,0.0,0.0,0.0
970,114_00714,114,714,0,N,0,N,0,N,1.0,1.0,0.0,0.0,0.0,0.0,0.0,0.0,0.0
971,114_00715,114,715,0,N,0,N,0,N,1.0,1.0,0.0,0.0,0.0,0.0,0.0,0.0,0.0
972,114_00716,114,716,0,N,0,N,0,N,1.0,1.0,0.0,0.0,0.0,0.0,0.0,0.0,0.0
973,114_00717,114,717,0,N,0,N,0,N,1.0,1.0,0.0,0.0,0.0,0.0,0.0,0.0,0.0
974,114_00718,114,718,0,N,0,N,0,N,1.0,1.0,0.0,0.0,0.0,0.0,0.0,0.0,0.0
975,114_00719,114,719,0,N,0,N,0,N,1.0,1.0,0.0,0.0,0.0,0.0,0.0,0.0,0.0
976,114_00720,114,720,0,N,0,N,0,N,1.0,1.0,0.0,0.0,0.0,0.0,0.0,0.0,0.0
977,114_00721,114,721,0,N,0,N,0,N,1.0,1.0,0.0,0.0,0.0,0.0,0.0,0.0,0.0
978,114_00722,114,722,0,N,0,N,0,N,1.0,1.0,0.0,0.0,0.0,0.0,0.0,0.0,0.0
979,114_00723,114,723,0,N,0,N,0,N,1.0,1.0,0.0,0.0,0.0,0.0,0.0,0.0,0.0
980,114_00724,114,724,0,N,0,N,0,N,1.0,1.0,0.0,0.0,0.0,0.0,0.0,0.0,0.0
981,114_00725,114,725,0,N,0,N,0,N,1.0,1.0,0.0,0.0,0.0,0.0,0.0,0.0,0.0
982,114_00726,114,726,0,N,0,N,0,N,1.0,1.0,0.0,0.0,0.0,0.0,0.0,0.0,0.0
983,114_00727,114,727,0,N,0,N,0,N,1.0,1.0,0.0,0.0,0.0,0.0,0.0,0.0,0.0
984,114_00728,114,728,0,N,0,N,0,N,1.0,1.0,0.0,0.0,0.0,0.0,0.0,0.0,0.0
985,114_00729,114,729,0,N,0,N,0,N,1.0,1.0,0.0,0.0,0.0,0.0,0.0,0.0,0.0
986,114_00730,114,730,0,N,0,N,0,N,1.0,1.0,0.0,0.0,0.0,0.0,0.0,0.0,0.0
987,114_00731,114,731,0,N,0,N,0,N,1.0,1.0,0.0,0.0,0.0,0.0,0.0,0.0,0.0
988,114_00732,114,732,0,N,0,N,0,N,1.0,1.0,0.0,0.0,0.0,0.0,0.0,0.0,0.0
989,114_00733,114,733,0,N,0,N,0,N,1.0,1.0,0.0,0.0,0.0,0.0,0.0,0.0,0.0
990,114_00734,114,734,0,N,0,N,0,N,1.0,1.0,0.0,0.0,0.0,0.0,0.0,0.0,0.0
991,114_00735,114,735,0,N,0,N,0,N,1.0,1.0,0.0,0.0,0.0,0.0,0.0,0.0,0.0
992,114_00736,114,736,0,N,0,N,0,N,1.0,1.0,0.0,0.0,0.0,0.0,0.0,0.0,0.0
993,114_00737,114,737,0,N,0,N,0,N,1.0,1.0,0.0,0.0,0.0,0.0,0.0,0.0,0.0
994,114_00738,114,738,0,N,0,N,0,N,1.0,1.0,0.0,0.0,0.0,0.0,0.0,0.0,0.0
995,114_00739,114,739,0,N,0,N,0,N,1.0,1.0,0.0,0.0,0.0,0.0,0.0,0.0,0.0
996,114_00740,114,740,0,N,0,N,0,N,1.0,1.0,0.0,0.0,0.0,0.0,0.0,0.0,0.0
997,114_00741,114,741,0,N,0,N,0,N,1.0,1.0,0.0,0.0,0.0,0.0,0.0,0.0,0.0
998,114_00742,114,742,0,N,0,N,0,N,1.0,1.0,0.0,0.0,0.0,0.0,0.0,0.0,0.0
999,114_00743,114,743,0,N,0,N,0,N,1.0,1.0,0.0,0.0,0.0,0.0,0.0,0.0,0.0
1000,114_00744,114,744,0,N,0,N,0,N,1.0,1.0,0.0,0.0,0.0,0.0,0.0,0.0,0.0
1001,114_00745,114,745,0,N,0,N,0,N,1.0,1.0,0.0,0.0,0.0,0.0,0.0,0.0,0.0
1002,114_00746,114,746,0,N,0,N,0,N,1.0,1.0,0.0,0.0,0.0,0.0,0.0,0.0,0.0
1003,114_00747,114,747,0,N,0,N,0,N,1.0,1.0,0.0,0.0,0.0,0.0,0.0,0.0,0.0
1004,114_00748,114,748,0,N,0,N,0,N,1.0,1.0,0.0,0.0,0.0,0.0,0.0,0.0,0.0
1005,114_00749,114,749,0,N,0,N,0,N,1.0,1.0,0.0,0.0,0.0,0.0,0.0,0.0,0.0
1006,114_00750,114,750,0,N,0,N,0,N,1.0,1.0,0.0,0.0,0.0,0.0,0.0,0.0,0.0
1007,114_00751,114,751,0,N,0,N,0,N,1.0,1.0,0.0,0.0,0.0,0.0,0.0,0.0,0.0
1008,114_00752,114,752,0,N,0,N,0,N,1.0,1.0,0.0,0.0,0.0,0.0,0.0,0.0,0.0
1009,114_00753,114,753,0,N,0,N,0,N,1.0,1.0,0.0,0.0,0.0,0.0,0.0,0.0,0.0
1010,114_00754,114,754,0,N,0,N,0,N,1.0,1.0,0.0,0.0,0.0,0.0,0.0,0.0,0.0
1011,114_00755,114,755,0,N,0,N,0,N,1.0,1.0,0.0,0.0,0.0,0.0,0.0,0.0,0.0
1012,114_00756,114,756,0,N,0,N,0,N,1.0,1.0,0.0,0.0,0.0,0.0,0.0,0.0,0.0
1013,114_00757,114,757,0,N,0,N,0,N,1.0,1.0,0.0,0.0,0.0,0.0,0.0,0.0,0.0
1014,114_00758,114,758,0,N,0,N,0,N,1.0,1.0,0.0,0.0,0.0,0.0,0.0,0.0,0.0
1015,114_00759,114,759,0,N,0,N,0,N,1.0,1.0,0.0,0.0,0.0,0.0,0.0,0.0,0.0
1016,114_00760,114,760,0,N,0,N,0,N,1.0,1.0,0.0,0.0,0.0,0.0,0.0,0.0,0.0
1017,114_00761,114,761,0,N,0,N,0,N,1.0,1.0,0.0,0.0,0.0,0.0,0.0,0.0,0.0
1018,114_00762,114,762,0,N,0,N,0,N,1.0,1.0,0.0,0.0,0.0,0.0,0.0,0.0,0.0
1019,114_00763,114,763,0,N,0,N,0,N,1.0,1.0,0.0,0.0,0.0,0.0,0.0,0.0,0.0
1020,114_00764,114,764,0,N,0,N,0,N,1.0,1.0,0.0,0.0,0.0,0.0,0.0,0.0,0.0
1021,114_00765,114,765,0,N,0,N,0,N,1.0,1.0,0.0,0.0,0.0,0.0,0.0,0.0,0.0
1022,114_00766,114,766,0,N,0,N,0,N,1.0,1.0,0.0,0.0,0.0,0.0,0.0,0.0,0.0
1023,114_00767,114,767,0,N,0,N,0,N,1.0,1.0,0.0,0.0,0.0,0.0,0.0,0.0,0.0
1024,114_00768,114,768,0,N,0,N,0,N,1.0,1.0,0.0,0.0,0.0,0.0,0.0,0.0,0.0
1025,114_00769,114,769,0,N,0,N,0,N,1.0,1.0,0.0,0.0,0.0,0.0,0.0,0.0,0.0
1026,114_00770,114,770,0,N,0,N,0,N,1.0,1.0,0.0,0.0,0.0,0.0,0.0,0.0,0.0
1027,114_00771,114,771,0,N,0,N,0,N,1.0,1.0,0.0,0.0,0.0,0.0,0.0,0.0,0.0
1028,114_00772,114,772,0,N,0,N,0,N,1.0,1.0,0.0,0.0,0.0,0.0,0.0,0.0,0.0
1029,114_00773,114,773,0,N,0,N,0,N,1.0,1.0,0.0,0.0,0.0,0.0,0.0,0.0,0.0
1030,114_00774,114,774,0,N,0,N,0,N,1.0,1.0,0.0,0.0,0.0,0.0,0.0,0.0,0.0
1031,114_00775,114,775,0,N,0,N,0,N,1.0,1.0,0.0,0.0,0.0,0.0,0.0,0.0,0.0
1032,114_00776,114,776,0,N,0,N,0,N,1.0,1.0,0.0,0.0,0.0,0.0,0.0,0.0,0.0
1033,114_00777,114,777,0,N,0,N,0,N,1.0,1.0,0.0,0.0,0.0,0.0,0.0,0.0,0.0
1034,114_00778,114,778,0,N,0,N,0,N,1.0,1.0,0.0,0.0,0.0,0.0,0.0,0.0,0.0
1035,114_00779,114,779,0,N,0,N,0,N,1.0,1.0,0.0,0.0,0.0,0.0,0.0,0.0,0.0
1036,114_00780,114,780,0,N,0,N,0,N,1.0,1.0,0.0,0.0,0.0,0.0,0.0,0.0,0.0
1037,114_00781,114,781,0,N,0,N,0,N,1.0,1.0,0.0,0.0,0.0,0.0,0.0,0.0,0.0
1038,114_00782,114,782,0,N,0,N,0,N,1.0,1.0,0.0,0.0,0.0,0.0,0.0,0.0,0.0
1039,114_00783,114,783,0,N,0,N,0,N,1.0,1.0,0.0,0.0,0.0,0.0,0.0,0.0,0.0
1040,114_00784,114,784,0,N,0,N,0,N,1.0,1.0,0.0,0.0,0.0,0.0,0.0,0.0,0.0
1041,114_00785,114,785,0,N,0,N,0,N,1.0,1.0,0.0,0.0,0.0,0.0,0.0,0.0,0.0
1042,114_00786,114,786,0,N,0,N,0,N,1.0,1.0,0.0,0.0,0.0,0.0,0.0,0.0,0.0
1043,114_00787,114,787,0,N,0,N,0,N,1.0,1.0,0.0,0.0,0.0,0.0,0.0,0.0,0.0
1044,114_00788,114,788,0,N,0,N,0,N,1.0,1.0,0.0,0.0,0.0,0.0,0.0,0.0,0.0
1045,114_00789,114,789,0,N,0,N,0,N,1.0,1.0,0.0,0.0,0.0,0.0,0.0,0.0,0.0
1046,114_00790,114,790,0,N,0,N,0,N,1.0,1.0,0.0,0.0,0.0,0.0,0.0,0.0,0.0
1047,114_00791,114,791,0,N,0,N,0,N,1.0,1.0,0.0,0.0,0.0,0.0,0.0,0.0,0.0
1048,114_00792,114,792,0,N,0,N,0,N,1.0,1.0,0.0,0.0,0.0,0.0,0.0,0.0,0.0
1049,114_00793,114,793,0,N,0,N,0,N,1.0,1.0,0.0,0.0,0.0,0.0,0.0,0.0,0.0
1050,114_00794,114,794,0,N,0,N,0,N,1.0,1.0,0.0,0.0,0.0,0.0,0.0,0.0,0.0
1051,114_00795,114,795,0,N,0,N,0,N,1.0,1.0,0.0,0.0,0.0,0.0,0.0,0.0,0.0
1052,114_00796,114,796,0,N,0,N,0,N,1.0,1.0,0.0,0.0,0.0,0.0,0.0,0.0,0.0
1053,114_00797,114,797,0,N,0,N,0,N,1.0,1.0,0.0,0.0,0.0,0.0,0.0,0.0,0.0
1054,114_00798,114,798,0,N,0,N,0,N,1.0,1.0,0.0,0.0,0.0,0.0,0.0,0.0,0.0
1055,114_00799,114,799,0,N,0,N,0,N,1.0,1.0,0.0,0.0,0.0,0.0,0.0,0.0,0.0
1056,114_00800,114,800,0,N,0,N,0,N,1.0,1.0,0.0,0.0,0.0,0.0,0.0,0.0,0.0
1057,114_00801,114,801,0,N,0,N,0,N,1.0,1.0,0.0,0.0,0.0,0.0,0.0,0.0,0.0
1058,114_00802,114,802,0,N,0,N,0,N,1.0,1.0,0.0,0.0,0.0,0.0,0.0,0.0,0.0
1059,114_00803,114,803,0,N,0,N,0,N,1.0,1.0,0.0,0.0,0.0,0.0,0.0,0.0,0.0
1060,114_00804,114,804,0,N,0,N,0,N,1.0,1.0,0.0,0.0,0.0,0.0,0.0,0.0,0.0
1061,114_00805,114,805,0,N,0,N,0,N,1.0,1.0,0.0,0.0,0.0,0.0,0.0,0.0,0.0
1062,114_00806,114,806,0,N,0,N,0,N,1.0,1.0,0.0,0.0,0.0,0.0,0.0,0.0,0.0
1063,114_00807,114,807,0,N,0,N,0,N,1.0,1.0,0.0,0.0,0.0,0.0,0.0,0.0,0.0
1064,114_00808,114,808,0,N,0,N,0,N,1.0,1.0,0.0,0.0,0.0,0.0,0.0,0.0,0.0
1065,114_00809,114,809,0,N,0,N,0,N,1.0,1.0,0.0,0.0,0.0,0.0,0.0,0.0,0.0
1066,114_00810,114,810,0,N,0,N,0,N,1.0,1.0,0.0,0.0,0.0,0.0,0.0,0.0,0.0
1067,114_00811,114,811,0,N,0,N,0,N,1.0,1.0,0.0,0.0,0.0,0.0,0.0,0.0,0.0
1068,114_00812,114,812,0,N,0,N,0,N,1.0,1.0,0.0,0.0,0.0,0.0,0.0,0.0,0.0
1069,114_00813,114,813,0,N,0,N,0,N,1.0,1.0,0.0,0.0,0.0,0.0,0.0,0.0,0.0
1070,114_00814,114,814,0,N,0,N,0,N,1.0,1.0,0.0,0.0,0.0,0.0,0.0,0.0,0.0
1071,114_00815,114,815,0,N,0,N,0,N,1.0,1.0,0.0,0.0,0.0,0.0,0.0,0.0,0.0
1072,114_00816,114,816,0,N,0,N,0,N,1.0,1.0,0.0,0.0,0.0,0.0,0.0,0.0,0.0
1073,114_00817,114,817,0,N,0,N,0,N,1.0,1.0,0.0,0.0,0.0,0.0,0.0,0.0,0.0
1074,114_00818,114,818,0,N,0,N,0,N,1.0,1.0,0.0,0.0,0.0,0.0,0.0,0.0,0.0
1075,114_00819,114,819,0,N,0,N,0,N,1.0,1.0,0.0,0.0,0.0,0.0,0.0,0.0,0.0
1076,114_00820,114,820,0,N,0,N,0,N,1.0,1.0,0.0,0.0,0.0,0.0,0.0,0.0,0.0
1077,114_00821,114,821,0,N,0,N,0,N,1.0,1.0,0.0,0.0,0.0,0.0,0.0,0.0,0.0
1078,114_00822,114,822,0,N,0,N,0,N,1.0,1.0,0.0,0.0,0.0,0.0,0.0,0.0,0.0
1079,114_00823,114,823,0,N,0,N,0,N,1.0,1.0,0.0,0.0,0.0,0.0,0.0,0.0,0.0
1080,114_00824,114,824,0,N,0,N,0,N,1.0,1.0,0.0,0.0,0.0,0.0,0.0,0.0,0.0
1081,114_00825,114,825,0,N,0,N,0,N,1.0,1.0,0.0,0.0,0.0,0.0,0.0,0.0,0.0
1082,114_00826,114,826,0,N,0,N,0,N,1.0,1.0,0.0,0.0,0.0,0.0,0.0,0.0,0.0
1083,114_00827,114,827,0,N,0,N,0,N,1.0,1.0,0.0,0.0,0.0,0.0,0.0,0.0,0.0
1084,114_00828,114,828,0,N,0,N,0,N,1.0,1.0,0.0,0.0,0.0,0.0,0.0,0.0,0.0
1085,114_00829,114,829,0,N,0,N,0,N,1.0,1.0,0.0,0.0,0.0,0.0,0.0,0.0,0.0
1086,114_00830,114,830,0,N,0,N,0,N,1.0,1.0,0.0,0.0,0.0,0.0,0.0,0.0,0.0
1087,114_00831,114,831,0,N,0,N,0,N,1.0,1.0,0.0,0.0,0.0,0.0,0.0,0.0,0.0
1088,114_00832,114,832,0,N,0,N,0,N,1.0,1.0,0.0,0.0,0.0,0.0,0.0,0.0,0.0
1089,114_00833,114,833,0,N,0,N,0,N,1.0,1.0,0.0,0.0,0.0,0.0,0.0,0.0,0.0
1090,114_00834,114,834,0,N,0,N,0,N,1.0,1.0,0.0,0.0,0.0,0.0,0.0,0.0,0.0
1091,114_00835,114,835,0,N,0,N,0,N,1.0,1.0,0.0,0.0,0.0,0.0,0.0,0.0,0.0
1092,114_00836,114,836,0,N,0,N,0,N,1.0,1.0,0.0,0.0,0.0,0.0,0.0,0.0,0.0
1093,114_00837,114,837,0,N,0,N,0,N,1.0,1.0,0.0,0.0,0.0,0.0,0.0,0.0,0.0
1094,114_00838,114,838,0,N,0,N,0,N,1.0,1.0,0.0,0.0,0.0,0.0,0.0,0.0,0.0
1095,114_00839,114,839,0,N,0,N,0,N,1.0,1.0,0.0,0.0,0.0,0.0,0.0,0.0,0.0
1096,114_00840,114,840,0,N,0,N,0,N,1.0,1.0,0.0,0.0,0.0,0.0,0.0,0.0,0.0
1097,114_00841,114,841,0,N,0,N,0,N,1.0,1.0,0.0,0.0,0.0,0.0,0.0,0.0,0.0
1098,114_00842,114,842,0,N,0,N,0,N,1.0,1.0,0.0,0.0,0.0,0.0,0.0,0.0,0.0
1099,114_00843,114,843,0,N,0,N,0,N,1.0,1.0,0.0,0.0,0.0,0.0,0.0,0.0,0.0
1100,114_00844,114,844,0,N,0,N,0,N,1.0,1.0,0.0,0.0,0.0,0.0,0.0,0.0,0.0
1101,114_00845,114,845,0,N,0,N,0,N,1.0,1.0,0.0,0.0,0.0,0.0,0.0,0.0,0.0
1102,114_00846,114,846,0,N,0,N,0,N,1.0,1.0,0.0,0.0,0.0,0.0,0.0,0.0,0.0
1103,114_00847,114,847,0,N,0,N,0,N,1.0,1.0,0.0,0.0,0.0,0.0,0.0,0.0,0.0
1104,114_00848,114,848,0,N,0,N,0,N,1.0,1.0,0.0,0.0,0.0,0.0,0.0,0.0,0.0
1105,114_00849,114,849,0,N,0,N,0,N,1.0,1.0,0.0,0.0,0.0,0.0,0.0,0.0,0.0
1106,114_00850,114,850,0,N,0,N,0,N,1.0,1.0,0.0,0.0,0.0,0.0,0.0,0.0,0.0
1107,114_00851,114,851,0,N,0,N,0,N,1.0,1.0,0.0,0.0,0.0,0.0,0.0,0.0,0.0
1108,114_00852,114,852,0,N,0,N,0,N,1.0,1.0,0.0,0.0,0.0,0.0,0.0,0.0,0.0
1109,114_00853,114,853,0,N,0,N,0,N,1.0,1.0,0.0,0.0,0.0,0.0,0.0,0.0,0.0
1110,114_00854,114,854,0,N,0,N,0,N,1.0,1.0,0.0,0.0,0.0,0.0,0.0,0.0,0.0
1111,114_00855,114,855,0,N,0,N,0,N,1.0,1.0,0.0,0.0,0.0,0.0,0.0,0.0,0.0
1112,114_00856,114,856,0,N,0,N,0,N,1.0,1.0,0.0,0.0,0.0,0.0,0.0,0.0,0.0
1113,114_00857,114,857,0,N,0,N,0,N,1.0,1.0,0.0,0.0,0.0,0.0,0.0,0.0,0.0
1114,114_00858,114,858,0,N,0,N,0,N,1.0,1.0,0.0,0.0,0.0,0.0,0.0,0.0,0.0
1115,114_00859,114,859,0,N,0,N,0,N,1.0,1.0,0.0,0.0,0.0,0.0,0.0,0.0,0.0
1116,114_00860,114,860,0,N,0,N,0,N,1.0,1.0,0.0,0.0,0.0,0.0,0.0,0.0,0.0
1117,114_00861,114,861,0,N,0,N,0,N,1.0,1.0,0.0,0.0,0.0,0.0,0.0,0.0,0.0
1118,114_00862,114,862,0,N,0,N,0,N,1.0,1.0,0.0,0.0,0.0,0.0,0.0,0.0,0.0
1119,114_00863,114,863,0,N,0,N,0,N,1.0,1.0,0.0,0.0,0.0,0.0,0.0,0.0,0.0
1120,114_00864,114,864,0,N,0,N,0,N,1.0,1.0,0.0,0.0,0.0,0.0,0.0,0.0,0.0
1121,114_00865,114,865,0,N,0,N,0,N,1.0,1.0,0.0,0.0,0.0,0.0,0.0,0.0,0.0
1122,114_00866,114,866,0,N,0,N,0,N,1.0,1.0,0.0,0.0,0.0,0.0,0.0,0.0,0.0
1123,114_00867,114,867,0,N,0,N,0,N,1.0,1.0,0.0,0.0,0.0,0.0,0.0,0.0,0.0
1124,114_00868,114,868,0,N,0,N,0,N,1.0,1.0,0.0,0.0,0.0,0.0,0.0,0.0,0.0
1125,114_00869,114,869,0,N,0,N,0,N,1.0,1.0,0.0,0.0,0.0,0.0,0.0,0.0,0.0
1126,114_00870,114,870,0,N,0,N,0,N,1.0,1.0,0.0,0.0,0.0,0.0,0.0,0.0,0.0
1127,114_00871,114,871,0,N,0,N,0,N,1.0,1.0,0.0,0.0,0.0,0.0,0.0,0.0,0.0
1128,114_00872,114,872,0,N,0,N,0,N,1.0,1.0,0.0,0.0,0.0,0.0,0.0,0.0,0.0
1129,114_00873,114,873,0,N,0,N,0,N,1.0,1.0,0.0,0.0,0.0,0.0,0.0,0.0,0.0
1130,114_00874,114,874,0,N,0,N,0,N,1.0,1.0,0.0,0.0,0.0,0.0,0.0,0.0,0.0
1131,114_00875,114,875,0,N,0,N,0,N,1.0,1.0,0.0,0.0,0.0,0.0,0.0,0.0,0.0
1132,114_00876,114,876,0,N,0,N,0,N,1.0,1.0,0.0,0.0,0.0,0.0,0.0,0.0,0.0
1133,114_00877,114,877,0,N,0,N,0,N,1.0,1.0,0.0,0.0,0.0,0.0,0.0,0.0,0.0
1134,114_00878,114,878,0,N,0,N,0,N,1.0,1.0,0.0,0.0,0.0,0.0,0.0,0.0,0.0
1135,114_00879,114,879,0,N,0,N,0,N,1.0,1.0,0.0,0.0,0.0,0.0,0.0,0.0,0.0
1136,114_00880,114,880,0,N,0,N,0,N,1.0,1.0,0.0,0.0,0.0,0.0,0.0,0.0,0.0
1137,114_00881,114,881,0,N,0,N,0,N,1.0,1.0,0.0,0.0,0.0,0.0,0.0,0.0,0.0
1138,114_00882,114,882,0,N,0,N,0,N,1.0,1.0,0.0,0.0,0.0,0.0,0.0,0.0,0.0
1139,114_00883,114,883,0,N,0,N,0,N,1.0,1.0,0.0,0.0,0.0,0.0,0.0,0.0,0.0
1140,114_00884,114,884,0,N,0,N,0,N,1.0,1.0,0.0,0.0,0.0,0.0,0.0,0.0,0.0
1141,114_00885,114,885,0,N,0,N,0,N,1.0,1.0,0.0,0.0,0.0,0.0,0.0,0.0,0.0
1142,114_00886,114,886,0,N,0,N,0,N,1.0,1.0,0.0,0.0,0.0,0.0,0.0,0.0,0.0
1143,114_00887,114,887,0,N,0,N,0,N,1.0,1.0,0.0,0.0,0.0,0.0,0.0,0.0,0.0
1144,114_00888,114,888,0,N,0,N,0,N,1.0,1.0,0.0,0.0,0.0,0.0,0.0,0.0,0.0
1145,114_00889,114,889,0,N,0,N,0,N,1.0,1.0,0.0,0.0,0.0,0.0,0.0,0.0,0.0
1146,114_00890,114,890,0,N,0,N,0,N,1.0,1.0,0.0,0.0,0.0,0.0,0.0,0.0,0.0
1147,114_00891,114,891,0,N,0,N,0,N,1.0,1.0,0.0,0.0,0.0,0.0,0.0,0.0,0.0
1148,114_00892,114,892,0,N,0,N,0,N,1.0,1.0,0.0,0.0,0.0,0.0,0.0,0.0,0.0
1149,114_00893,114,893,0,N,0,N,0,N,1.0,1.0,0.0,0.0,0.0,0.0,0.0,0.0,0.0
1150,114_00894,114,894,0,N,0,N,0,N,1.0,1.0,0.0,0.0,0.0,0.0,0.0,0.0,0.0
1151,114_00895,114,895,0,N,0,N,0,N,1.0,1.0,0.0,0.0,0.0,0.0,0.0,0.0,0.0
1152,114_00896,114,896,0,N,0,N,0,N,1.0,1.0,0.0,0.0,0.0,0.0,0.0,0.0,0.0
1153,114_00897,114,897,0,N,0,N,0,N,1.0,1.0,0.0,0.0,0.0,0.0,0.0,0.0,0.0
1154,114_00898,114,898,0,N,0,N,0,N,1.0,1.0,0.0,0.0,0.0,0.0,0.0,0.0,0.0
1155,114_00899,114,899,0,N,0,N,0,N,1.0,1.0,0.0,0.0,0.0,0.0,0.0,0.0,0.0
1156,114_00900,114,900,0,N,0,N,0,N,1.0,1.0,0.0,0.0,0.0,0.0,0.0,0.0,0.0
1157,114_00901,114,901,0,N,0,N,0,N,1.0,1.0,0.0,0.0,0.0,0.0,0.0,0.0,0.0
1158,114_00902,114,902,3,APC,0,N,0,N,1.0,1.0,0.0,0.0,0.0,0.0,0.0,0.0,0.0
1159,114_00903,114,903,0,N,3,APC,3,APC,1.0,0.0,0.0,0.0,1.0,0.0,0.0,0.0,0.0
1160,114_00904,114,904,0,N,0,N,0,N,1.0,1.0,0.0,0.0,0.0,0.0,0.0,0.0,0.0
1161,114_00905,114,905,0,N,0,N,0,N,1.0,1.0,0.0,0.0,0.0,0.0,0.0,0.0,0.0
1162,114_00906,114,906,0,N,0,N,0,N,1.0,1.0,0.0,0.0,0.0,0.0,0.0,0.0,0.0
1163,114_00907,114,907,0,N,0,N,0,N,1.0,1.0,0.0,0.0,0.0,0.0,0.0,0.0,0.0
1164,114_00908,114,908,0,N,0,N,0,N,1.0,1.0,0.0,0.0,0.0,0.0,0.0,0.0,0.0
1165,114_00909,114,909,0,N,0,N,0,N,1.0,1.0,0.0,0.0,0.0,0.0,0.0,0.0,0.0
1166,114_00910,114,910,0,N,0,N,0,N,1.0,1.0,0.0,0.0,0.0,0.0,0.0,0.0,0.0
1167,114_00911,114,911,0,N,0,N,0,N,1.0,1.0,0.0,0.0,0.0,0.0,0.0,0.0,0.0
1168,114_00912,114,912,0,N,0,N,0,N,1.0,1.0,0.0,0.0,0.0,0.0,0.0,0.0,0.0
1169,114_00913,114,913,0,N,0,N,0,N,1.0,1.0,0.0,0.0,0.0,0.0,0.0,0.0,0.0
1170,114_00914,114,914,0,N,0,N,0,N,1.0,1.0,0.0,0.0,0.0,0.0,0.0,0.0,0.0
1171,114_00915,114,915,0,N,0,N,0,N,1.0,1.0,0.0,0.0,0.0,0.0,0.0,0.0,0.0
1172,114_00916,114,916,0,N,0,N,0,N,1.0,1.0,0.0,0.0,0.0,0.0,0.0,0.0,0.0
1173,114_00917,114,917,0,N,0,N,0,N,1.0,1.0,0.0,0.0,0.0,0.0,0.0,0.0,0.0
1174,114_00918,114,918,0,N,0,N,0,N,1.0,1.0,0.0,0.0,0.0,0.0,0.0,0.0,0.0
1175,114_00919,114,919,0,N,0,N,0,N,1.0,1.0,0.0,0.0,0.0,0.0,0.0,0.0,0.0
1176,114_00920,114,920,0,N,0,N,0,N,1.0,1.0,0.0,0.0,0.0,0.0,0.0,0.0,0.0
1177,114_00921,114,921,0,N,0,N,0,N,1.0,1.0,0.0,0.0,0.0,0.0,0.0,0.0,0.0
1178,114_00922,114,922,0,N,0,N,0,N,1.0,1.0,0.0,0.0,0.0,0.0,0.0,0.0,0.0
1179,114_00923,114,923,0,N,0,N,0,N,1.0,1.0,0.0,0.0,0.0,0.0,0.0,0.0,0.0
1180,114_00924,114,924,0,N,0,N,0,N,1.0,1.0,0.0,0.0,0.0,0.0,0.0,0.0,0.0
1181,114_00925,114,925,0,N,0,N,0,N,1.0,1.0,0.0,0.0,0.0,0.0,0.0,0.0,0.0
1182,114_00926,114,926,0,N,0,N,0,N,1.0,1.0,0.0,0.0,0.0,0.0,0.0,0.0,0.0
1183,114_00927,114,927,0,N,0,N,0,N,1.0,1.0,0.0,0.0,0.0,0.0,0.0,0.0,0.0
1184,114_00928,114,928,0,N,0,N,0,N,1.0,1.0,0.0,0.0,0.0,0.0,0.0,0.0,0.0
1185,114_00929,114,929,0,N,0,N,0,N,1.0,1.0,0.0,0.0,0.0,0.0,0.0,0.0,0.0
1186,114_00930,114,930,0,N,0,N,0,N,1.0,1.0,0.0,0.0,0.0,0.0,0.0,0.0,0.0
1187,114_00931,114,931,0,N,0,N,0,N,1.0,1.0,0.0,0.0,0.0,0.0,0.0,0.0,0.0
1188,114_00932,114,932,0,N,0,N,0,N,1.0,1.0,0.0,0.0,0.0,0.0,0.0,0.0,0.0
1189,114_00933,114,933,0,N,0,N,0,N,1.0,1.0,0.0,0.0,0.0,0.0,0.0,0.0,0.0
1190,114_00934,114,934,0,N,0,N,0,N,1.0,1.0,0.0,0.0,0.0,0.0,0.0,0.0,0.0
1191,114_00935,114,935,0,N,0,N,0,N,1.0,1.0,0.0,0.0,0.0,0.0,0.0,0.0,0.0
1192,114_00936,114,936,0,N,0,N,0,N,1.0,1.0,0.0,0.0,0.0,0.0,0.0,0.0,0.0
1193,114_00937,114,937,0,N,0,N,0,N,1.0,1.0,0.0,0.0,0.0,0.0,0.0,0.0,0.0
1194,114_00938,114,938,0,N,0,N,0,N,1.0,1.0,0.0,0.0,0.0,0.0,0.0,0.0,0.0
1195,114_00939,114,939,0,N,0,N,0,N,1.0,1.0,0.0,0.0,0.0,0.0,0.0,0.0,0.0
1196,114_00940,114,940,0,N,0,N,0,N,1.0,1.0,0.0,0.0,0.0,0.0,0.0,0.0,0.0
1197,114_00941,114,941,0,N,0,N,0,N,1.0,1.0,0.0,0.0,0.0,0.0,0.0,0.0,0.0
1198,114_00942,114,942,0,N,0,N,0,N,1.0,1.0,0.0,0.0,0.0,0.0,0.0,0.0,0.0
1199,114_00943,114,943,0,N,0,N,0,N,1.0,1.0,0.0,0.0,0.0,0.0,0.0,0.0,0.0
1200,114_00944,114,944,0,N,0,N,0,N,1.0,1.0,0.0,0.0,0.0,0.0,0.0,0.0,0.0
1201,114_00945,114,945,0,N,0,N,0,N,1.0,1.0,0.0,0.0,0.0,0.0,0.0,0.0,0.0
1202,114_00946,114,946,0,N,0,N,0,N,1.0,1.0,0.0,0.0,0.0,0.0,0.0,0.0,0.0
1203,114_00947,114,947,0,N,0,N,0,N,1.0,1.0,0.0,0.0,0.0,0.0,0.0,0.0,0.0
1204,114_00948,114,948,0,N,0,N,0,N,1.0,1.0,0.0,0.0,0.0,0.0,0.0,0.0,0.0
1205,114_00949,114,949,0,N,0,N,0,N,1.0,1.0,0.0,0.0,0.0,0.0,0.0,0.0,0.0
1206,114_00950,114,950,0,N,0,N,0,N,1.0,1.0,0.0,0.0,0.0,0.0,0.0,0.0,0.0
1207,114_00951,114,951,0,N,0,N,0,N,1.0,1.0,0.0,0.0,0.0,0.0,0.0,0.0,0.0
1208,114_00952,114,952,0,N,0,N,0,N,1.0,1.0,0.0,0.0,0.0,0.0,0.0,0.0,0.0
1209,114_00953,114,953,0,N,0,N,0,N,1.0,1.0,0.0,0.0,0.0,0.0,0.0,0.0,0.0
1210,114_00954,114,954,0,N,0,N,0,N,1.0,1.0,0.0,0.0,0.0,0.0,0.0,0.0,0.0
1211,114_00955,114,955,0,N,0,N,0,N,1.0,1.0,0.0,0.0,0.0,0.0,0.0,0.0,0.0
1212,114_00956,114,956,0,N,0,N,0,N,1.0,1.0,0.0,0.0,0.0,0.0,0.0,0.0,0.0
1213,114_00957,114,957,0,N,0,N,0,N,1.0,1.0,0.0,0.0,0.0,0.0,0.0,0.0,0.0
1214,114_00958,114,958,0,N,0,N,0,N,1.0,1.0,0.0,0.0,0.0,0.0,0.0,0.0,0.0
1215,114_00959,114,959,0,N,0,N,0,N,1.0,1.0,0.0,0.0,0.0,0.0,0.0,0.0,0.0
1216,114_00960,114,960,0,N,0,N,0,N,1.0,1.0,0.0,0.0,0.0,0.0,0.0,0.0,0.0
1217,114_00961,114,961,0,N,0,N,0,N,1.0,1.0,0.0,0.0,0.0,0.0,0.0,0.0,0.0
1218,114_00962,114,962,0,N,0,N,0,N,1.0,1.0,0.0,0.0,0.0,0.0,0.0,0.0,0.0
1219,114_00963,114,963,0,N,0,N,0,N,1.0,1.0,0.0,0.0,0.0,0.0,0.0,0.0,0.0
1220,114_00964,114,964,0,N,0,N,0,N,1.0,1.0,0.0,0.0,0.0,0.0,0.0,0.0,0.0
1221,114_00965,114,965,0,N,0,N,0,N,1.0,1.0,0.0,0.0,0.0,0.0,0.0,0.0,0.0
1222,114_00966,114,966,0,N,0,N,0,N,1.0,1.0,0.0,0.0,0.0,0.0,0.0,0.0,0.0
1223,114_00967,114,967,0,N,0,N,0,N,1.0,1.0,0.0,0.0,0.0,0.0,0.0,0.0,0.0
1224,114_00968,114,968,0,N,0,N,0,N,1.0,1.0,0.0,0.0,0.0,0.0,0.0,0.0,0.0
1225,114_00969,114,969,0,N,0,N,0,N,1.0,1.0,0.0,0.0,0.0,0.0,0.0,0.0,0.0
1226,114_00970,114,970,0,N,0,N,0,N,1.0,1.0,0.0,0.0,0.0,0.0,0.0,0.0,0.0
1227,114_00971,114,971,0,N,0,N,0,N,1.0,1.0,0.0,0.0,0.0,0.0,0.0,0.0,0.0
1228,114_00972,114,972,0,N,0,N,0,N,1.0,1.0,0.0,0.0,0.0,0.0,0.0,0.0,0.0
1229,114_00973,114,973,0,N,0,N,0,N,1.0,1.0,0.0,0.0,0.0,0.0,0.0,0.0,0.0
1230,114_00974,114,974,0,N,0,N,0,N,1.0,1.0,0.0,0.0,0.0,0.0,0.0,0.0,0.0
1231,114_00975,114,975,0,N,0,N,0,N,1.0,1.0,0.0,0.0,0.0,0.0,0.0,0.0,0.0
1232,114_00976,114,976,0,N,0,N,0,N,1.0,1.0,0.0,0.0,0.0,0.0,0.0,0.0,0.0
1233,114_00977,114,977,0,N,0,N,0,N,1.0,1.0,0.0,0.0,0.0,0.0,0.0,0.0,0.0
1234,114_00978,114,978,0,N,0,N,0,N,1.0,1.0,0.0,0.0,0.0,0.0,0.0,0.0,0.0
1235,114_00979,114,979,0,N,0,N,0,N,1.0,1.0,0.0,0.0,0.0,0.0,0.0,0.0,0.0
1236,114_00980,114,980,0,N,0,N,0,N,1.0,1.0,0.0,0.0,0.0,0.0,0.0,0.0,0.0
1237,114_00981,114,981,0,N,0,N,0,N,1.0,1.0,0.0,0.0,0.0,0.0,0.0,0.0,0.0
1238,114_00982,114,982,0,N,0,N,0,N,1.0,1.0,0.0,0.0,0.0,0.0,0.0,0.0,0.0
1239,114_00983,114,983,0,N,0,N,0,N,1.0,1.0,0.0,0.0,0.0,0.0,0.0,0.0,0.0
1240,114_00984,114,984,0,N,0,N,0,N,1.0,1.0,0.0,0.0,0.0,0.0,0.0,0.0,0.0
1241,114_00985,114,985,0,N,0,N,0,N,1.0,1.0,0.0,0.0,0.0,0.0,0.0,0.0,0.0
1242,114_00986,114,986,0,N,0,N,0,N,1.0,1.0,0.0,0.0,0.0,0.0,0.0,0.0,0.0
1243,114_00987,114,987,0,N,0,N,0,N,1.0,1.0,0.0,0.0,0.0,0.0,0.0,0.0,0.0
1244,114_00988,114,988,0,N,0,N,0,N,1.0,1.0,0.0,0.0,0.0,0.0,0.0,0.0,0.0
1245,114_00989,114,989,0,N,0,N,0,N,1.0,1.0,0.0,0.0,0.0,0.0,0.0,0.0,0.0
1246,114_00990,114,990,0,N,0,N,0,N,1.0,1.0,0.0,0.0,0.0,0.0,0.0,0.0,0.0
1247,114_00991,114,991,0,N,0,N,0,N,1.0,1.0,0.0,0.0,0.0,0.0,0.0,0.0,0.0
1248,114_00992,114,992,0,N,0,N,0,N,1.0,1.0,0.0,0.0,0.0,0.0,0.0,0.0,0.0
1249,114_00993,114,993,0,N,0,N,0,N,1.0,1.0,0.0,0.0,0.0,0.0,0.0,0.0,0.0
1250,114_00994,114,994,0,N,0,N,0,N,1.0,1.0,0.0,0.0,0.0,0.0,0.0,0.0,0.0
1251,114_00995,114,995,0,N,0,N,0,N,1.0,1.0,0.0,0.0,0.0,0.0,0.0,0.0,0.0
1252,114_00996,114,996,0,N,0,N,0,N,1.0,1.0,0.0,0.0,0.0,0.0,0.0,0.0,0.0
1253,114_00997,114,997,0,N,0,N,0,N,1.0,1.0,0.0,0.0,0.0,0.0,0.0,0.0,0.0
1254,114_00998,114,998,0,N,0,N,0,N,1.0,1.0,0.0,0.0,0.0,0.0,0.0,0.0,0.0
1255,114_00999,114,999,0,N,0,N,0,N,1.0,1.0,0.0,0.0,0.0,0.0,0.0,0.0,0.0
1256,114_01000,114,1000,0,N,0,N,0,N,1.0,1.0,0.0,0.0,0.0,0.0,0.0,0.0,0.0
1257,114_01001,114,1001,0,N,0,N,0,N,1.0,1.0,0.0,0.0,0.0,0.0,0.0,0.0,0.0
1258,114_01002,114,1002,0,N,0,N,0,N,1.0,1.0,0.0,0.0,0.0,0.0,0.0,0.0,0.0
1259,114_01003,114,1003,0,N,0,N,0,N,1.0,1.0,0.0,0.0,0.0,0.0,0.0,0.0,0.0
1260,114_01004,114,1004,0,N,0,N,0,N,1.0,1.0,0.0,0.0,0.0,0.0,0.0,0.0,0.0
1261,114_01005,114,1005,0,N,0,N,0,N,1.0,1.0,0.0,0.0,0.0,0.0,0.0,0.0,0.0
1262,114_01006,114,1006,0,N,0,N,0,N,1.0,1.0,0.0,0.0,0.0,0.0,0.0,0.0,0.0
1263,114_01007,114,1007,0,N,0,N,0,N,1.0,1.0,0.0,0.0,0.0,0.0,0.0,0.0,0.0
1264,114_01008,114,1008,0,N,0,N,0,N,1.0,1.0,0.0,0.0,0.0,0.0,0.0,0.0,0.0
1265,114_01009,114,1009,0,N,0,N,0,N,1.0,1.0,0.0,0.0,0.0,0.0,0.0,0.0,0.0
1266,114_01010,114,1010,0,N,0,N,0,N,1.0,1.0,0.0,0.0,0.0,0.0,0.0,0.0,0.0
1267,114_01011,114,1011,0,N,0,N,0,N,1.0,1.0,0.0,0.0,0.0,0.0,0.0,0.0,0.0
1268,114_01012,114,1012,0,N,0,N,0,N,1.0,1.0,0.0,0.0,0.0,0.0,0.0,0.0,0.0
1269,114_01013,114,1013,0,N,0,N,0,N,1.0,1.0,0.0,0.0,0.0,0.0,0.0,0.0,0.0
1270,114_01014,114,1014,0,N,0,N,0,N,1.0,1.0,0.0,0.0,0.0,0.0,0.0,0.0,0.0
1271,114_01015,114,1015,0,N,0,N,0,N,1.0,1.0,0.0,0.0,0.0,0.0,0.0,0.0,0.0
1272,114_01016,114,1016,0,N,0,N,0,N,1.0,1.0,0.0,0.0,0.0,0.0,0.0,0.0,0.0
1273,114_01017,114,1017,0,N,0,N,0,N,1.0,1.0,0.0,0.0,0.0,0.0,0.0,0.0,0.0
1274,114_01018,114,1018,0,N,0,N,0,N,1.0,1.0,0.0,0.0,0.0,0.0,0.0,0.0,0.0
1275,114_01019,114,1019,0,N,0,N,0,N,1.0,1.0,0.0,0.0,0.0,0.0,0.0,0.0,0.0
1276,114_01020,114,1020,0,N,0,N,0,N,1.0,1.0,0.0,0.0,0.0,0.0,0.0,0.0,0.0
1277,114_01021,114,1021,0,N,0,N,0,N,1.0,1.0,0.0,0.0,0.0,0.0,0.0,0.0,0.0
1278,114_01022,114,1022,0,N,0,N,0,N,1.0,1.0,0.0,0.0,0.0,0.0,0.0,0.0,0.0
1279,114_01023,114,1023,0,N,0,N,0,N,1.0,1.0,0.0,0.0,0.0,0.0,0.0,0.0,0.0
1280,114_01024,114,1024,0,N,0,N,0,N,1.0,1.0,0.0,0.0,0.0,0.0,0.0,0.0,0.0
1281,114_01025,114,1025,0,N,0,N,0,N,1.0,1.0,0.0,0.0,0.0,0.0,0.0,0.0,0.0
1282,114_01026,114,1026,0,N,0,N,0,N,1.0,1.0,0.0,0.0,0.0,0.0,0.0,0.0,0.0
1283,114_01027,114,1027,0,N,0,N,0,N,1.0,1.0,0.0,0.0,0.0,0.0,0.0,0.0,0.0
1284,114_01028,114,1028,0,N,0,N,0,N,1.0,1.0,0.0,0.0,0.0,0.0,0.0,0.0,0.0
1285,114_01029,114,1029,0,N,0,N,0,N,1.0,1.0,0.0,0.0,0.0,0.0,0.0,0.0,0.0
1286,114_01030,114,1030,0,N,0,N,0,N,1.0,1.0,0.0,0.0,0.0,0.0,0.0,0.0,0.0
1287,114_01031,114,1031,0,N,0,N,0,N,1.0,1.0,0.0,0.0,0.0,0.0,0.0,0.0,0.0
1288,114_01032,114,1032,0,N,0,N,0,N,1.0,1.0,0.0,0.0,0.0,0.0,0.0,0.0,0.0
1289,114_01033,114,1033,0,N,0,N,0,N,1.0,1.0,0.0,0.0,0.0,0.0,0.0,0.0,0.0
1290,114_01034,114,1034,0,N,0,N,0,N,1.0,1.0,0.0,0.0,0.0,0.0,0.0,0.0,0.0
1291,114_01035,114,1035,0,N,0,N,0,N,1.0,1.0,0.0,0.0,0.0,0.0,0.0,0.0,0.0
1292,114_01036,114,1036,0,N,0,N,0,N,1.0,1.0,0.0,0.0,0.0,0.0,0.0,0.0,0.0
1293,114_01037,114,1037,0,N,0,N,0,N,1.0,1.0,0.0,0.0,0.0,0.0,0.0,0.0,0.0
1294,114_01038,114,1038,0,N,0,N,0,N,1.0,1.0,0.0,0.0,0.0,0.0,0.0,0.0,0.0
1295,114_01039,114,1039,0,N,0,N,0,N,1.0,1.0,0.0,0.0,0.0,0.0,0.0,0.0,0.0
1296,114_01040,114,1040,0,N,0,N,0,N,1.0,1.0,0.0,0.0,0.0,0.0,0.0,0.0,0.0
1297,114_01041,114,1041,0,N,0,N,0,N,1.0,1.0,0.0,0.0,0.0,0.0,0.0,0.0,0.0
1298,114_01042,114,1042,0,N,0,N,0,N,1.0,1.0,0.0,0.0,0.0,0.0,0.0,0.0,0.0
1299,114_01043,114,1043,0,N,0,N,0,N,1.0,1.0,0.0,0.0,0.0,0.0,0.0,0.0,0.0
1300,114_01044,114,1044,0,N,0,N,0,N,1.0,1.0,0.0,0.0,0.0,0.0,0.0,0.0,0.0
1301,114_01045,114,1045,0,N,0,N,0,N,1.0,1.0,0.0,0.0,0.0,0.0,0.0,0.0,0.0
1302,114_01046,114,1046,0,N,0,N,0,N,1.0,1.0,0.0,0.0,0.0,0.0,0.0,0.0,0.0
1303,114_01047,114,1047,0,N,0,N,0,N,1.0,1.0,0.0,0.0,0.0,0.0,0.0,0.0,0.0
1304,114_01048,114,1048,0,N,0,N,0,N,1.0,1.0,0.0,0.0,0.0,0.0,0.0,0.0,0.0
1305,114_01049,114,1049,0,N,0,N,0,N,1.0,1.0,0.0,0.0,0.0,0.0,0.0,0.0,0.0
1306,114_01050,114,1050,0,N,0,N,0,N,1.0,1.0,0.0,0.0,0.0,0.0,0.0,0.0,0.0
1307,114_01051,114,1051,0,N,0,N,0,N,1.0,1.0,0.0,0.0,0.0,0.0,0.0,0.0,0.0
1308,114_01052,114,1052,0,N,0,N,0,N,1.0,1.0,0.0,0.0,0.0,0.0,0.0,0.0,0.0
1309,114_01053,114,1053,0,N,0,N,0,N,1.0,1.0,0.0,0.0,0.0,0.0,0.0,0.0,0.0
1310,114_01054,114,1054,0,N,0,N,0,N,1.0,1.0,0.0,0.0,0.0,0.0,0.0,0.0,0.0
1311,114_01055,114,1055,0,N,0,N,0,N,1.0,1.0,0.0,0.0,0.0,0.0,0.0,0.0,0.0
1312,114_01056,114,1056,0,N,0,N,0,N,1.0,1.0,0.0,0.0,0.0,0.0,0.0,0.0,0.0
1313,114_01057,114,1057,0,N,0,N,0,N,1.0,1.0,0.0,0.0,0.0,0.0,0.0,0.0,0.0
1314,114_01058,114,1058,0,N,0,N,0,N,1.0,1.0,0.0,0.0,0.0,0.0,0.0,0.0,0.0
1315,114_01059,114,1059,0,N,0,N,0,N,1.0,1.0,0.0,0.0,0.0,0.0,0.0,0.0,0.0
1316,114_01060,114,1060,0,N,0,N,0,N,1.0,1.0,0.0,0.0,0.0,0.0,0.0,0.0,0.0
1317,114_01061,114,1061,0,N,0,N,0,N,1.0,1.0,0.0,0.0,0.0,0.0,0.0,0.0,0.0
1318,114_01062,114,1062,0,N,0,N,0,N,1.0,1.0,0.0,0.0,0.0,0.0,0.0,0.0,0.0
1319,114_01063,114,1063,0,N,0,N,0,N,1.0,1.0,0.0,0.0,0.0,0.0,0.0,0.0,0.0
1320,114_01064,114,1064,0,N,0,N,0,N,1.0,1.0,0.0,0.0,0.0,0.0,0.0,0.0,0.0
1321,114_01065,114,1065,0,N,0,N,0,N,1.0,1.0,0.0,0.0,0.0,0.0,0.0,0.0,0.0
1322,114_01066,114,1066,0,N,0,N,0,N,1.0,1.0,0.0,0.0,0.0,0.0,0.0,0.0,0.0
1323,114_01067,114,1067,0,N,0,N,0,N,1.0,1.0,0.0,0.0,0.0,0.0,0.0,0.0,0.0
1324,114_01068,114,1068,0,N,0,N,0,N,1.0,1.0,0.0,0.0,0.0,0.0,0.0,0.0,0.0
1325,114_01069,114,1069,0,N,0,N,0,N,1.0,1.0,0.0,0.0,0.0,0.0,0.0,0.0,0.0
1326,114_01070,114,1070,0,N,0,N,0,N,1.0,1.0,0.0,0.0,0.0,0.0,0.0,0.0,0.0
1327,114_01071,114,1071,0,N,0,N,0,N,1.0,1.0,0.0,0.0,0.0,0.0,0.0,0.0,0.0
1328,114_01072,114,1072,0,N,0,N,0,N,1.0,1.0,0.0,0.0,0.0,0.0,0.0,0.0,0.0
1329,114_01073,114,1073,0,N,0,N,0,N,1.0,1.0,0.0,0.0,0.0,0.0,0.0,0.0,0.0
1330,114_01074,114,1074,0,N,0,N,0,N,1.0,1.0,0.0,0.0,0.0,0.0,0.0,0.0,0.0
1331,114_01075,114,1075,0,N,0,N,0,N,1.0,1.0,0.0,0.0,0.0,0.0,0.0,0.0,0.0
1332,114_01076,114,1076,0,N,0,N,0,N,1.0,1.0,0.0,0.0,0.0,0.0,0.0,0.0,0.0
1333,114_01077,114,1077,0,N,0,N,0,N,1.0,1.0,0.0,0.0,0.0,0.0,0.0,0.0,0.0
1334,114_01078,114,1078,0,N,0,N,0,N,1.0,1.0,0.0,0.0,0.0,0.0,0.0,0.0,0.0
1335,114_01079,114,1079,0,N,0,N,0,N,1.0,1.0,0.0,0.0,0.0,0.0,0.0,0.0,0.0
1336,114_01080,114,1080,0,N,0,N,0,N,1.0,1.0,0.0,0.0,0.0,0.0,0.0,0.0,0.0
1337,114_01081,114,1081,0,N,0,N,0,N,1.0,1.0,0.0,0.0,0.0,0.0,0.0,0.0,0.0
1338,114_01082,114,1082,0,N,0,N,0,N,1.0,1.0,0.0,0.0,0.0,0.0,0.0,0.0,0.0
1339,114_01083,114,1083,0,N,0,N,0,N,1.0,1.0,0.0,0.0,0.0,0.0,0.0,0.0,0.0
1340,114_01084,114,1084,0,N,0,N,0,N,1.0,1.0,0.0,0.0,0.0,0.0,0.0,0.0,0.0
1341,114_01085,114,1085,0,N,0,N,0,N,1.0,1.0,0.0,0.0,0.0,0.0,0.0,0.0,0.0
1342,114_01086,114,1086,0,N,0,N,0,N,1.0,1.0,0.0,0.0,0.0,0.0,0.0,0.0,0.0
1343,114_01087,114,1087,0,N,0,N,0,N,1.0,1.0,0.0,0.0,0.0,0.0,0.0,0.0,0.0
1344,114_01088,114,1088,0,N,0,N,0,N,1.0,1.0,0.0,0.0,0.0,0.0,0.0,0.0,0.0
1345,114_01089,114,1089,0,N,0,N,0,N,1.0,1.0,0.0,0.0,0.0,0.0,0.0,0.0,0.0
1346,114_01090,114,1090,0,N,0,N,0,N,1.0,1.0,0.0,0.0,0.0,0.0,0.0,0.0,0.0
1347,114_01091,114,1091,0,N,0,N,0,N,1.0,1.0,0.0,0.0,0.0,0.0,0.0,0.0,0.0
1348,114_01092,114,1092,0,N,0,N,0,N,1.0,1.0,0.0,0.0,0.0,0.0,0.0,0.0,0.0
1349,114_01093,114,1093,0,N,0,N,0,N,1.0,1.0,0.0,0.0,0.0,0.0,0.0,0.0,0.0
1350,114_01094,114,1094,0,N,0,N,0,N,1.0,1.0,0.0,0.0,0.0,0.0,0.0,0.0,0.0
1351,114_01095,114,1095,0,N,0,N,0,N,1.0,1.0,0.0,0.0,0.0,0.0,0.0,0.0,0.0
1352,114_01096,114,1096,0,N,0,N,0,N,1.0,1.0,0.0,0.0,0.0,0.0,0.0,0.0,0.0
1353,114_01097,114,1097,0,N,0,N,0,N,1.0,1.0,0.0,0.0,0.0,0.0,0.0,0.0,0.0
1354,114_01098,114,1098,0,N,0,N,0,N,1.0,1.0,0.0,0.0,0.0,0.0,0.0,0.0,0.0
1355,114_01099,114,1099,0,N,0,N,0,N,1.0,1.0,0.0,0.0,0.0,0.0,0.0,0.0,0.0
1356,114_01100,114,1100,0,N,0,N,0,N,1.0,1.0,0.0,0.0,0.0,0.0,0.0,0.0,0.0
1357,114_01101,114,1101,0,N,0,N,0,N,1.0,1.0,0.0,0.0,0.0,0.0,0.0,0.0,0.0
1358,114_01102,114,1102,0,N,0,N,0,N,1.0,1.0,0.0,0.0,0.0,0.0,0.0,0.0,0.0
1359,114_01103,114,1103,0,N,0,N,0,N,1.0,1.0,0.0,0.0,0.0,0.0,0.0,0.0,0.0
1360,114_01104,114,1104,0,N,0,N,0,N,1.0,1.0,0.0,0.0,0.0,0.0,0.0,0.0,0.0
1361,114_01105,114,1105,0,N,0,N,0,N,1.0,1.0,0.0,0.0,0.0,0.0,0.0,0.0,0.0
1362,114_01106,114,1106,0,N,0,N,0,N,1.0,1.0,0.0,0.0,0.0,0.0,0.0,0.0,0.0
1363,114_01107,114,1107,0,N,0,N,0,N,1.0,1.0,0.0,0.0,0.0,0.0,0.0,0.0,0.0
1364,114_01108,114,1108,0,N,0,N,0,N,1.0,1.0,0.0,0.0,0.0,0.0,0.0,0.0,0.0
1365,114_01109,114,1109,0,N,0,N,0,N,1.0,1.0,0.0,0.0,0.0,0.0,0.0,0.0,0.0
1366,114_01110,114,1110,0,N,0,N,0,N,1.0,1.0,0.0,0.0,0.0,0.0,0.0,0.0,0.0
1367,114_01111,114,1111,0,N,0,N,0,N,1.0,1.0,0.0,0.0,0.0,0.0,0.0,0.0,0.0
1368,114_01112,114,1112,0,N,0,N,0,N,1.0,1.0,0.0,0.0,0.0,0.0,0.0,0.0,0.0
1369,114_01113,114,1113,0,N,0,N,0,N,1.0,1.0,0.0,0.0,0.0,0.0,0.0,0.0,0.0
1370,114_01114,114,1114,0,N,0,N,0,N,1.0,1.0,0.0,0.0,0.0,0.0,0.0,0.0,0.0
1371,114_01115,114,1115,0,N,0,N,0,N,1.0,1.0,0.0,0.0,0.0,0.0,0.0,0.0,0.0
1372,114_01116,114,1116,0,N,0,N,0,N,1.0,1.0,0.0,0.0,0.0,0.0,0.0,0.0,0.0
1373,114_01117,114,1117,0,N,0,N,0,N,1.0,1.0,0.0,0.0,0.0,0.0,0.0,0.0,0.0
1374,114_01118,114,1118,0,N,0,N,0,N,1.0,1.0,0.0,0.0,0.0,0.0,0.0,0.0,0.0
1375,114_01119,114,1119,0,N,0,N,0,N,1.0,1.0,0.0,0.0,0.0,0.0,0.0,0.0,0.0
1376,114_01120,114,1120,0,N,0,N,0,N,1.0,1.0,0.0,0.0,0.0,0.0,0.0,0.0,0.0
1377,114_01121,114,1121,0,N,0,N,0,N,1.0,1.0,0.0,0.0,0.0,0.0,0.0,0.0,0.0
1378,114_01122,114,1122,0,N,0,N,0,N,1.0,1.0,0.0,0.0,0.0,0.0,0.0,0.0,0.0
1379,114_01123,114,1123,0,N,0,N,0,N,1.0,1.0,0.0,0.0,0.0,0.0,0.0,0.0,0.0
1380,114_01124,114,1124,0,N,0,N,0,N,1.0,1.0,0.0,0.0,0.0,0.0,0.0,0.0,0.0
1381,114_01125,114,1125,0,N,0,N,0,N,1.0,1.0,0.0,0.0,0.0,0.0,0.0,0.0,0.0
1382,114_01126,114,1126,0,N,0,N,0,N,1.0,1.0,0.0,0.0,0.0,0.0,0.0,0.0,0.0
1383,114_01127,114,1127,0,N,0,N,0,N,1.0,1.0,0.0,0.0,0.0,0.0,0.0,0.0,0.0
1384,114_01128,114,1128,0,N,0,N,0,N,1.0,1.0,0.0,0.0,0.0,0.0,0.0,0.0,0.0
1385,114_01129,114,1129,0,N,0,N,0,N,1.0,1.0,0.0,0.0,0.0,0.0,0.0,0.0,0.0
1386,114_01130,114,1130,0,N,0,N,0,N,1.0,1.0,0.0,0.0,0.0,0.0,0.0,0.0,0.0
1387,114_01131,114,1131,0,N,0,N,0,N,1.0,1.0,0.0,0.0,0.0,0.0,0.0,0.0,0.0
1388,114_01132,114,1132,0,N,0,N,0,N,1.0,1.0,0.0,0.0,0.0,0.0,0.0,0.0,0.0
1389,114_01133,114,1133,0,N,0,N,0,N,1.0,1.0,0.0,0.0,0.0,0.0,0.0,0.0,0.0
1390,114_01134,114,1134,0,N,0,N,0,N,1.0,1.0,0.0,0.0,0.0,0.0,0.0,0.0,0.0
1391,114_01135,114,1135,0,N,0,N,0,N,1.0,1.0,0.0,0.0,0.0,0.0,0.0,0.0,0.0
1392,114_01136,114,1136,0,N,0,N,0,N,1.0,1.0,0.0,0.0,0.0,0.0,0.0,0.0,0.0
1393,114_01137,114,1137,0,N,0,N,0,N,1.0,1.0,0.0,0.0,0.0,0.0,0.0,0.0,0.0
1394,114_01138,114,1138,0,N,0,N,0,N,1.0,1.0,0.0,0.0,0.0,0.0,0.0,0.0,0.0
1395,114_01139,114,1139,0,N,0,N,0,N,1.0,1.0,0.0,0.0,0.0,0.0,0.0,0.0,0.0
1396,114_01140,114,1140,0,N,0,N,0,N,1.0,1.0,0.0,0.0,0.0,0.0,0.0,0.0,0.0
1397,114_01141,114,1141,0,N,0,N,0,N,1.0,1.0,0.0,0.0,0.0,0.0,0.0,0.0,0.0
1398,114_01142,114,1142,0,N,0,N,0,N,1.0,1.0,0.0,0.0,0.0,0.0,0.0,0.0,0.0
1399,114_01143,114,1143,0,N,0,N,0,N,1.0,1.0,0.0,0.0,0.0,0.0,0.0,0.0,0.0
1400,114_01144,114,1144,0,N,0,N,0,N,1.0,1.0,0.0,0.0,0.0,0.0,0.0,0.0,0.0
1401,114_01145,114,1145,0,N,0,N,0,N,1.0,1.0,0.0,0.0,0.0,0.0,0.0,0.0,0.0
1402,114_01146,114,1146,0,N,0,N,0,N,1.0,1.0,0.0,0.0,0.0,0.0,0.0,0.0,0.0
1403,114_01147,114,1147,0,N,0,N,0,N,1.0,1.0,0.0,0.0,0.0,0.0,0.0,0.0,0.0
1404,114_01148,114,1148,0,N,0,N,0,N,1.0,1.0,0.0,0.0,0.0,0.0,0.0,0.0,0.0
1405,114_01149,114,1149,0,N,0,N,0,N,1.0,1.0,0.0,0.0,0.0,0.0,0.0,0.0,0.0
1406,114_01150,114,1150,0,N,0,N,0,N,1.0,1.0,0.0,0.0,0.0,0.0,0.0,0.0,0.0
1407,114_01151,114,1151,0,N,0,N,0,N,1.0,1.0,0.0,0.0,0.0,0.0,0.0,0.0,0.0
1408,114_01152,114,1152,0,N,0,N,0,N,1.0,1.0,0.0,0.0,0.0,0.0,0.0,0.0,0.0
1409,114_01153,114,1153,0,N,0,N,0,N,1.0,1.0,0.0,0.0,0.0,0.0,0.0,0.0,0.0
1410,114_01154,114,1154,0,N,0,N,0,N,1.0,1.0,0.0,0.0,0.0,0.0,0.0,0.0,0.0
1411,114_01155,114,1155,0,N,0,N,0,N,1.0,1.0,0.0,0.0,0.0,0.0,0.0,0.0,0.0
1412,114_01156,114,1156,0,N,0,N,0,N,1.0,1.0,0.0,0.0,0.0,0.0,0.0,0.0,0.0
1413,114_01157,114,1157,0,N,0,N,0,N,1.0,1.0,0.0,0.0,0.0,0.0,0.0,0.0,0.0
1414,114_01158,114,1158,0,N,0,N,0,N,1.0,1.0,0.0,0.0,0.0,0.0,0.0,0.0,0.0
1415,114_01159,114,1159,0,N,0,N,0,N,1.0,1.0,0.0,0.0,0.0,0.0,0.0,0.0,0.0
1416,114_01160,114,1160,0,N,0,N,0,N,1.0,1.0,0.0,0.0,0.0,0.0,0.0,0.0,0.0
1417,114_01161,114,1161,0,N,0,N,0,N,1.0,1.0,0.0,0.0,0.0,0.0,0.0,0.0,0.0
1418,114_01162,114,1162,0,N,0,N,0,N,1.0,1.0,0.0,0.0,0.0,0.0,0.0,0.0,0.0
1419,114_01163,114,1163,0,N,0,N,0,N,1.0,1.0,0.0,0.0,0.0,0.0,0.0,0.0,0.0
1420,114_01164,114,1164,0,N,0,N,0,N,1.0,1.0,0.0,0.0,0.0,0.0,0.0,0.0,0.0
1421,114_01165,114,1165,0,N,0,N,0,N,1.0,1.0,0.0,0.0,0.0,0.0,0.0,0.0,0.0
1422,114_01166,114,1166,0,N,0,N,0,N,1.0,1.0,0.0,0.0,0.0,0.0,0.0,0.0,0.0
1423,114_01167,114,1167,0,N,0,N,0,N,1.0,1.0,0.0,0.0,0.0,0.0,0.0,0.0,0.0
1424,114_01168,114,1168,0,N,0,N,0,N,1.0,1.0,0.0,0.0,0.0,0.0,0.0,0.0,0.0
1425,114_01169,114,1169,0,N,0,N,0,N,1.0,1.0,0.0,0.0,0.0,0.0,0.0,0.0,0.0
1426,114_01170,114,1170,0,N,0,N,0,N,1.0,1.0,0.0,0.0,0.0,0.0,0.0,0.0,0.0
1427,114_01171,114,1171,0,N,0,N,0,N,1.0,1.0,0.0,0.0,0.0,0.0,0.0,0.0,0.0
1428,114_01172,114,1172,0,N,0,N,0,N,1.0,1.0,0.0,0.0,0.0,0.0,0.0,0.0,0.0
1429,114_01173,114,1173,0,N,0,N,0,N,1.0,1.0,0.0,0.0,0.0,0.0,0.0,0.0,0.0
1430,114_01174,114,1174,0,N,0,N,0,N,1.0,1.0,0.0,0.0,0.0,0.0,0.0,0.0,0.0
1431,114_01175,114,1175,0,N,0,N,0,N,1.0,1.0,0.0,0.0,0.0,0.0,0.0,0.0,0.0
1432,114_01176,114,1176,0,N,0,N,0,N,1.0,1.0,0.0,0.0,0.0,0.0,0.0,0.0,0.0
1433,114_01177,114,1177,0,N,0,N,0,N,1.0,1.0,0.0,0.0,0.0,0.0,0.0,0.0,0.0
1434,114_01178,114,1178,0,N,0,N,0,N,1.0,1.0,0.0,0.0,0.0,0.0,0.0,0.0,0.0
1435,114_01179,114,1179,0,N,0,N,0,N,1.0,1.0,0.0,0.0,0.0,0.0,0.0,0.0,0.0
1436,114_01180,114,1180,0,N,0,N,0,N,1.0,1.0,0.0,0.0,0.0,0.0,0.0,0.0,0.0
1437,114_01181,114,1181,0,N,0,N,0,N,1.0,1.0,0.0,0.0,0.0,0.0,0.0,0.0,0.0
1438,114_01182,114,1182,0,N,0,N,0,N,1.0,1.0,0.0,0.0,0.0,0.0,0.0,0.0,0.0
1439,114_01183,114,1183,0,N,0,N,0,N,1.0,1.0,0.0,0.0,0.0,0.0,0.0,0.0,0.0
1440,114_01184,114,1184,0,N,0,N,0,N,1.0,1.0,0.0,0.0,0.0,0.0,0.0,0.0,0.0
1441,114_01185,114,1185,0,N,0,N,0,N,1.0,1.0,0.0,0.0,0.0,0.0,0.0,0.0,0.0
1442,114_01186,114,1186,0,N,0,N,0,N,1.0,1.0,0.0,0.0,0.0,0.0,0.0,0.0,0.0
1443,114_01187,114,1187,0,N,0,N,0,N,1.0,1.0,0.0,0.0,0.0,0.0,0.0,0.0,0.0
1444,114_01188,114,1188,0,N,0,N,0,N,1.0,1.0,0.0,0.0,0.0,0.0,0.0,0.0,0.0
1445,114_01189,114,1189,0,N,0,N,0,N,1.0,1.0,0.0,0.0,0.0,0.0,0.0,0.0,0.0
1446,114_01190,114,1190,0,N,0,N,0,N,1.0,1.0,0.0,0.0,0.0,0.0,0.0,0.0,0.0
1447,114_01191,114,1191,0,N,0,N,0,N,1.0,1.0,0.0,0.0,0.0,0.0,0.0,0.0,0.0
1448,114_01192,114,1192,0,N,0,N,0,N,1.0,1.0,0.0,0.0,0.0,0.0,0.0,0.0,0.0
1449,114_01193,114,1193,0,N,0,N,0,N,1.0,1.0,0.0,0.0,0.0,0.0,0.0,0.0,0.0
1450,114_01194,114,1194,0,N,0,N,0,N,1.0,1.0,0.0,0.0,0.0,0.0,0.0,0.0,0.0
1451,114_01195,114,1195,0,N,0,N,0,N,1.0,1.0,0.0,0.0,0.0,0.0,0.0,0.0,0.0
1452,114_01196,114,1196,0,N,0,N,0,N,1.0,1.0,0.0,0.0,0.0,0.0,0.0,0.0,0.0
1453,114_01197,114,1197,0,N,0,N,0,N,1.0,1.0,0.0,0.0,0.0,0.0,0.0,0.0,0.0
1454,114_01198,114,1198,0,N,0,N,0,N,1.0,1.0,0.0,0.0,0.0,0.0,0.0,0.0,0.0
1455,114_01199,114,1199,0,N,0,N,0,N,1.0,1.0,0.0,0.0,0.0,0.0,0.0,0.0,0.0
1456,114_01200,114,1200,0,N,0,N,0,N,1.0,1.0,0.0,0.0,0.0,0.0,0.0,0.0,0.0
1457,114_01201,114,1201,0,N,0,N,0,N,1.0,1.0,0.0,0.0,0.0,0.0,0.0,0.0,0.0
1458,114_01202,114,1202,0,N,0,N,0,N,1.0,1.0,0.0,0.0,0.0,0.0,0.0,0.0,0.0
1459,114_01203,114,1203,0,N,0,N,0,N,1.0,1.0,0.0,0.0,0.0,0.0,0.0,0.0,0.0
1460,114_01204,114,1204,0,N,0,N,0,N,1.0,1.0,0.0,0.0,0.0,0.0,0.0,0.0,0.0
1461,114_01205,114,1205,0,N,0,N,0,N,1.0,1.0,0.0,0.0,0.0,0.0,0.0,0.0,0.0
1462,114_01206,114,1206,0,N,0,N,0,N,1.0,1.0,0.0,0.0,0.0,0.0,0.0,0.0,0.0
1463,114_01207,114,1207,0,N,0,N,0,N,1.0,1.0,0.0,0.0,0.0,0.0,0.0,0.0,0.0
1464,114_01208,114,1208,0,N,0,N,0,N,1.0,1.0,0.0,0.0,0.0,0.0,0.0,0.0,0.0
1465,114_01209,114,1209,0,N,0,N,0,N,1.0,1.0,0.0,0.0,0.0,0.0,0.0,0.0,0.0
1466,114_01210,114,1210,0,N,0,N,0,N,1.0,1.0,0.0,0.0,0.0,0.0,0.0,0.0,0.0
1467,114_01211,114,1211,0,N,0,N,0,N,1.0,1.0,0.0,0.0,0.0,0.0,0.0,0.0,0.0
1468,114_01212,114,1212,0,N,0,N,0,N,1.0,1.0,0.0,0.0,0.0,0.0,0.0,0.0,0.0
1469,114_01213,114,1213,0,N,0,N,0,N,1.0,1.0,0.0,0.0,0.0,0.0,0.0,0.0,0.0
1470,114_01214,114,1214,0,N,0,N,0,N,1.0,1.0,0.0,0.0,0.0,0.0,0.0,0.0,0.0
1471,114_01215,114,1215,0,N,0,N,0,N,1.0,1.0,0.0,0.0,0.0,0.0,0.0,0.0,0.0
1472,114_01216,114,1216,0,N,0,N,0,N,1.0,1.0,0.0,0.0,0.0,0.0,0.0,0.0,0.0
1473,114_01217,114,1217,0,N,0,N,0,N,1.0,1.0,0.0,0.0,0.0,0.0,0.0,0.0,0.0
1474,114_01218,114,1218,0,N,0,N,0,N,1.0,1.0,0.0,0.0,0.0,0.0,0.0,0.0,0.0
1475,114_01219,114,1219,0,N,0,N,0,N,1.0,1.0,0.0,0.0,0.0,0.0,0.0,0.0,0.0
1476,114_01220,114,1220,0,N,0,N,0,N,1.0,1.0,0.0,0.0,0.0,0.0,0.0,0.0,0.0
1477,114_01221,114,1221,0,N,0,N,0,N,1.0,1.0,0.0,0.0,0.0,0.0,0.0,0.0,0.0
1478,114_01222,114,1222,0,N,0,N,0,N,1.0,1.0,0.0,0.0,0.0,0.0,0.0,0.0,0.0
1479,114_01223,114,1223,0,N,0,N,0,N,1.0,1.0,0.0,0.0,0.0,0.0,0.0,0.0,0.0
1480,114_01224,114,1224,0,N,0,N,0,N,1.0,1.0,0.0,0.0,0.0,0.0,0.0,0.0,0.0
1481,114_01225,114,1225,0,N,0,N,0,N,1.0,1.0,0.0,0.0,0.0,0.0,0.0,0.0,0.0
1482,114_01226,114,1226,0,N,0,N,0,N,1.0,1.0,0.0,0.0,0.0,0.0,0.0,0.0,0.0
1483,114_01227,114,1227,0,N,0,N,0,N,1.0,1.0,0.0,0.0,0.0,0.0,0.0,0.0,0.0
1484,114_01228,114,1228,0,N,0,N,0,N,1.0,1.0,0.0,0.0,0.0,0.0,0.0,0.0,0.0
1485,114_01229,114,1229,0,N,0,N,0,N,1.0,1.0,0.0,0.0,0.0,0.0,0.0,0.0,0.0
1486,114_01230,114,1230,0,N,0,N,0,N,1.0,1.0,0.0,0.0,0.0,0.0,0.0,0.0,0.0
1487,114_01231,114,1231,0,N,0,N,0,N,1.0,1.0,0.0,0.0,0.0,0.0,0.0,0.0,0.0
1488,114_01232,114,1232,0,N,0,N,0,N,1.0,1.0,0.0,0.0,0.0,0.0,0.0,0.0,0.0
1489,114_01233,114,1233,0,N,0,N,0,N,1.0,1.0,0.0,0.0,0.0,0.0,0.0,0.0,0.0
1490,114_01234,114,1234,0,N,0,N,0,N,1.0,1.0,0.0,0.0,0.0,0.0,0.0,0.0,0.0
1491,114_01235,114,1235,0,N,0,N,0,N,1.0,1.0,0.0,0.0,0.0,0.0,0.0,0.0,0.0
1492,114_01236,114,1236,0,N,0,N,0,N,1.0,1.0,0.0,0.0,0.0,0.0,0.0,0.0,0.0
1493,114_01237,114,1237,0,N,0,N,0,N,1.0,1.0,0.0,0.0,0.0,0.0,0.0,0.0,0.0
1494,114_01238,114,1238,0,N,0,N,0,N,1.0,1.0,0.0,0.0,0.0,0.0,0.0,0.0,0.0
1495,114_01239,114,1239,0,N,0,N,0,N,1.0,1.0,0.0,0.0,0.0,0.0,0.0,0.0,0.0
1496,114_01240,114,1240,0,N,0,N,0,N,1.0,1.0,0.0,0.0,0.0,0.0,0.0,0.0,0.0
1497,114_01241,114,1241,0,N,0,N,0,N,1.0,1.0,0.0,0.0,0.0,0.0,0.0,0.0,0.0
1498,114_01242,114,1242,0,N,0,N,0,N,1.0,1.0,0.0,0.0,0.0,0.0,0.0,0.0,0.0
1499,114_01243,114,1243,0,N,0,N,0,N,1.0,1.0,0.0,0.0,0.0,0.0,0.0,0.0,0.0
1500,114_01244,114,1244,0,N,0,N,0,N,1.0,1.0,0.0,0.0,0.0,0.0,0.0,0.0,0.0
1501,114_01245,114,1245,0,N,0,N,0,N,1.0,1.0,0.0,0.0,0.0,0.0,0.0,0.0,0.0
1502,114_01246,114,1246,0,N,0,N,0,N,1.0,1.0,0.0,0.0,0.0,0.0,0.0,0.0,0.0
1503,114_01247,114,1247,0,N,0,N,0,N,1.0,1.0,0.0,0.0,0.0,0.0,0.0,0.0,0.0
1504,114_01248,114,1248,0,N,0,N,0,N,1.0,1.0,0.0,0.0,0.0,0.0,0.0,0.0,0.0
1505,114_01249,114,1249,0,N,0,N,0,N,1.0,1.0,0.0,0.0,0.0,0.0,0.0,0.0,0.0
1506,114_01250,114,1250,0,N,0,N,0,N,1.0,1.0,0.0,0.0,0.0,0.0,0.0,0.0,0.0
1507,114_01251,114,1251,0,N,0,N,0,N,1.0,1.0,0.0,0.0,0.0,0.0,0.0,0.0,0.0
1508,114_01252,114,1252,0,N,0,N,0,N,1.0,1.0,0.0,0.0,0.0,0.0,0.0,0.0,0.0
1509,114_01253,114,1253,0,N,0,N,0,N,1.0,1.0,0.0,0.0,0.0,0.0,0.0,0.0,0.0
1510,114_01254,114,1254,0,N,0,N,0,N,1.0,1.0,0.0,0.0,0.0,0.0,0.0,0.0,0.0
1511,114_01255,114,1255,0,N,0,N,0,N,1.0,1.0,0.0,0.0,0.0,0.0,0.0,0.0,0.0
1512,114_01256,114,1256,0,N,0,N,0,N,1.0,1.0,0.0,0.0,0.0,0.0,0.0,0.0,0.0
1513,114_01257,114,1257,0,N,0,N,0,N,1.0,1.0,0.0,0.0,0.0,0.0,0.0,0.0,0.0
1514,114_01258,114,1258,0,N,0,N,0,N,1.0,1.0,0.0,0.0,0.0,0.0,0.0,0.0,0.0
1515,114_01259,114,1259,0,N,0,N,0,N,1.0,1.0,0.0,0.0,0.0,0.0,0.0,0.0,0.0
1516,114_01260,114,1260,0,N,0,N,0,N,1.0,1.0,0.0,0.0,0.0,0.0,0.0,0.0,0.0
1517,114_01261,114,1261,0,N,0,N,0,N,1.0,1.0,0.0,0.0,0.0,0.0,0.0,0.0,0.0
1518,114_01262,114,1262,0,N,0,N,0,N,1.0,1.0,0.0,0.0,0.0,0.0,0.0,0.0,0.0
1519,114_01263,114,1263,0,N,0,N,0,N,1.0,1.0,0.0,0.0,0.0,0.0,0.0,0.0,0.0
1520,114_01264,114,1264,0,N,0,N,0,N,1.0,1.0,0.0,0.0,0.0,0.0,0.0,0.0,0.0
1521,114_01265,114,1265,0,N,0,N,0,N,1.0,1.0,0.0,0.0,0.0,0.0,0.0,0.0,0.0
1522,114_01266,114,1266,0,N,0,N,0,N,1.0,1.0,0.0,0.0,0.0,0.0,0.0,0.0,0.0
1523,114_01267,114,1267,0,N,0,N,0,N,1.0,1.0,0.0,0.0,0.0,0.0,0.0,0.0,0.0
1524,114_01268,114,1268,0,N,0,N,0,N,1.0,1.0,0.0,0.0,0.0,0.0,0.0,0.0,0.0
1525,114_01269,114,1269,0,N,0,N,0,N,1.0,1.0,0.0,0.0,0.0,0.0,0.0,0.0,0.0
1526,114_01270,114,1270,0,N,0,N,0,N,1.0,1.0,0.0,0.0,0.0,0.0,0.0,0.0,0.0
1527,114_01271,114,1271,0,N,0,N,0,N,1.0,1.0,0.0,0.0,0.0,0.0,0.0,0.0,0.0
1528,114_01272,114,1272,0,N,0,N,0,N,1.0,1.0,0.0,0.0,0.0,0.0,0.0,0.0,0.0
1529,114_01273,114,1273,0,N,0,N,0,N,1.0,1.0,0.0,0.0,0.0,0.0,0.0,0.0,0.0
1530,114_01274,114,1274,0,N,0,N,0,N,1.0,1.0,0.0,0.0,0.0,0.0,0.0,0.0,0.0
1531,114_01275,114,1275,0,N,0,N,0,N,1.0,1.0,0.0,0.0,0.0,0.0,0.0,0.0,0.0
1532,114_01276,114,1276,0,N,0,N,0,N,1.0,1.0,0.0,0.0,0.0,0.0,0.0,0.0,0.0
1533,114_01277,114,1277,0,N,0,N,0,N,1.0,1.0,0.0,0.0,0.0,0.0,0.0,0.0,0.0
1534,114_01278,114,1278,0,N,0,N,0,N,1.0,1.0,0.0,0.0,0.0,0.0,0.0,0.0,0.0
1535,114_01279,114,1279,0,N,0,N,0,N,1.0,1.0,0.0,0.0,0.0,0.0,0.0,0.0,0.0
1536,114_01280,114,1280,0,N,0,N,0,N,1.0,1.0,0.0,0.0,0.0,0.0,0.0,0.0,0.0
1537,114_01281,114,1281,0,N,0,N,0,N,1.0,1.0,0.0,0.0,0.0,0.0,0.0,0.0,0.0
1538,114_01282,114,1282,0,N,0,N,0,N,1.0,1.0,0.0,0.0,0.0,0.0,0.0,0.0,0.0
1539,114_01283,114,1283,0,N,0,N,0,N,1.0,1.0,0.0,0.0,0.0,0.0,0.0,0.0,0.0
1540,114_01284,114,1284,0,N,0,N,0,N,1.0,1.0,0.0,0.0,0.0,0.0,0.0,0.0,0.0
1541,114_01285,114,1285,0,N,0,N,0,N,1.0,1.0,0.0,0.0,0.0,0.0,0.0,0.0,0.0
1542,114_01286,114,1286,0,N,0,N,0,N,1.0,1.0,0.0,0.0,0.0,0.0,0.0,0.0,0.0
1543,114_01287,114,1287,0,N,0,N,0,N,1.0,1.0,0.0,0.0,0.0,0.0,0.0,0.0,0.0
1544,114_01288,114,1288,0,N,0,N,0,N,1.0,1.0,0.0,0.0,0.0,0.0,0.0,0.0,0.0
1545,114_01289,114,1289,0,N,0,N,0,N,1.0,1.0,0.0,0.0,0.0,0.0,0.0,0.0,0.0
1546,114_01290,114,1290,0,N,0,N,0,N,1.0,1.0,0.0,0.0,0.0,0.0,0.0,0.0,0.0
1547,114_01291,114,1291,0,N,0,N,0,N,1.0,1.0,0.0,0.0,0.0,0.0,0.0,0.0,0.0
1548,114_01292,114,1292,0,N,0,N,0,N,1.0,1.0,0.0,0.0,0.0,0.0,0.0,0.0,0.0
1549,114_01293,114,1293,0,N,0,N,0,N,1.0,1.0,0.0,0.0,0.0,0.0,0.0,0.0,0.0
1550,114_01294,114,1294,0,N,0,N,0,N,1.0,1.0,0.0,0.0,0.0,0.0,0.0,0.0,0.0
1551,114_01295,114,1295,0,N,0,N,0,N,1.0,1.0,0.0,0.0,0.0,0.0,0.0,0.0,0.0
1552,114_01296,114,1296,0,N,0,N,0,N,1.0,1.0,0.0,0.0,0.0,0.0,0.0,0.0,0.0
1553,114_01297,114,1297,0,N,0,N,0,N,1.0,1.0,0.0,0.0,0.0,0.0,0.0,0.0,0.0
1554,114_01298,114,1298,0,N,0,N,0,N,1.0,1.0,0.0,0.0,0.0,0.0,0.0,0.0,0.0
1555,114_01299,114,1299,0,N,0,N,0,N,1.0,1.0,0.0,0.0,0.0,0.0,0.0,0.0,0.0
1556,114_01300,114,1300,0,N,0,N,0,N,1.0,1.0,0.0,0.0,0.0,0.0,0.0,0.0,0.0
1557,114_01301,114,1301,0,N,0,N,0,N,1.0,1.0,0.0,0.0,0.0,0.0,0.0,0.0,0.0
1558,114_01302,114,1302,0,N,0,N,0,N,1.0,1.0,0.0,0.0,0.0,0.0,0.0,0.0,0.0
1559,114_01303,114,1303,0,N,0,N,0,N,1.0,1.0,0.0,0.0,0.0,0.0,0.0,0.0,0.0
1560,114_01304,114,1304,0,N,0,N,0,N,1.0,1.0,0.0,0.0,0.0,0.0,0.0,0.0,0.0
1561,114_01305,114,1305,0,N,0,N,0,N,1.0,1.0,0.0,0.0,0.0,0.0,0.0,0.0,0.0
1562,114_01306,114,1306,0,N,0,N,0,N,1.0,1.0,0.0,0.0,0.0,0.0,0.0,0.0,0.0
1563,114_01307,114,1307,0,N,0,N,0,N,1.0,1.0,0.0,0.0,0.0,0.0,0.0,0.0,0.0
1564,114_01308,114,1308,0,N,0,N,0,N,1.0,1.0,0.0,0.0,0.0,0.0,0.0,0.0,0.0
1565,114_01309,114,1309,0,N,0,N,0,N,1.0,1.0,0.0,0.0,0.0,0.0,0.0,0.0,0.0
1566,114_01310,114,1310,0,N,0,N,0,N,1.0,1.0,0.0,0.0,0.0,0.0,0.0,0.0,0.0
1567,114_01311,114,1311,0,N,0,N,0,N,1.0,1.0,0.0,0.0,0.0,0.0,0.0,0.0,0.0
1568,114_01312,114,1312,0,N,0,N,0,N,1.0,1.0,0.0,0.0,0.0,0.0,0.0,0.0,0.0
1569,114_01313,114,1313,0,N,0,N,0,N,1.0,1.0,0.0,0.0,0.0,0.0,0.0,0.0,0.0
1570,114_01314,114,1314,0,N,0,N,0,N,1.0,1.0,0.0,0.0,0.0,0.0,0.0,0.0,0.0
1571,114_01315,114,1315,0,N,0,N,0,N,1.0,1.0,0.0,0.0,0.0,0.0,0.0,0.0,0.0
1572,114_01316,114,1316,0,N,0,N,0,N,1.0,1.0,0.0,0.0,0.0,0.0,0.0,0.0,0.0
1573,114_01317,114,1317,0,N,0,N,0,N,1.0,1.0,0.0,0.0,0.0,0.0,0.0,0.0,0.0
1574,114_01318,114,1318,0,N,0,N,0,N,1.0,1.0,0.0,0.0,0.0,0.0,0.0,0.0,0.0
1575,114_01319,114,1319,0,N,0,N,0,N,1.0,1.0,0.0,0.0,0.0,0.0,0.0,0.0,0.0
1576,114_01320,114,1320,0,N,0,N,0,N,1.0,1.0,0.0,0.0,0.0,0.0,0.0,0.0,0.0
1577,114_01321,114,1321,0,N,0,N,0,N,1.0,1.0,0.0,0.0,0.0,0.0,0.0,0.0,0.0
1578,114_01322,114,1322,0,N,0,N,0,N,1.0,1.0,0.0,0.0,0.0,0.0,0.0,0.0,0.0
1579,114_01323,114,1323,0,N,0,N,0,N,1.0,1.0,0.0,0.0,0.0,0.0,0.0,0.0,0.0
1580,114_01324,114,1324,0,N,0,N,0,N,1.0,1.0,0.0,0.0,0.0,0.0,0.0,0.0,0.0
1581,114_01325,114,1325,0,N,0,N,0,N,1.0,1.0,0.0,0.0,0.0,0.0,0.0,0.0,0.0
1582,114_01326,114,1326,0,N,0,N,0,N,1.0,1.0,0.0,0.0,0.0,0.0,0.0,0.0,0.0
1583,114_01327,114,1327,0,N,0,N,0,N,1.0,1.0,0.0,0.0,0.0,0.0,0.0,0.0,0.0
1584,114_01328,114,1328,0,N,0,N,0,N,1.0,1.0,0.0,0.0,0.0,0.0,0.0,0.0,0.0
1585,114_01329,114,1329,0,N,0,N,0,N,1.0,1.0,0.0,0.0,0.0,0.0,0.0,0.0,0.0
1586,114_01330,114,1330,0,N,0,N,0,N,1.0,1.0,0.0,0.0,0.0,0.0,0.0,0.0,0.0
1587,114_01331,114,1331,0,N,0,N,0,N,1.0,1.0,0.0,0.0,0.0,0.0,0.0,0.0,0.0
1588,114_01332,114,1332,0,N,0,N,0,N,1.0,1.0,0.0,0.0,0.0,0.0,0.0,0.0,0.0
1589,114_01333,114,1333,0,N,0,N,0,N,1.0,1.0,0.0,0.0,0.0,0.0,0.0,0.0,0.0
1590,114_01334,114,1334,0,N,0,N,0,N,1.0,1.0,0.0,0.0,0.0,0.0,0.0,0.0,0.0
1591,114_01335,114,1335,0,N,0,N,0,N,1.0,1.0,0.0,0.0,0.0,0.0,0.0,0.0,0.0
1592,114_01336,114,1336,0,N,0,N,0,N,1.0,1.0,0.0,0.0,0.0,0.0,0.0,0.0,0.0
1593,114_01337,114,1337,0,N,0,N,0,N,1.0,1.0,0.0,0.0,0.0,0.0,0.0,0.0,0.0
1594,114_01338,114,1338,0,N,0,N,0,N,1.0,1.0,0.0,0.0,0.0,0.0,0.0,0.0,0.0
1595,114_01339,114,1339,0,N,0,N,0,N,1.0,1.0,0.0,0.0,0.0,0.0,0.0,0.0,0.0
1596,114_01340,114,1340,0,N,0,N,0,N,1.0,1.0,0.0,0.0,0.0,0.0,0.0,0.0,0.0
1597,114_01341,114,1341,0,N,0,N,0,N,1.0,1.0,0.0,0.0,0.0,0.0,0.0,0.0,0.0
1598,114_01342,114,1342,0,N,0,N,0,N,1.0,1.0,0.0,0.0,0.0,0.0,0.0,0.0,0.0
1599,114_01343,114,1343,0,N,0,N,0,N,1.0,1.0,0.0,0.0,0.0,0.0,0.0,0.0,0.0
1600,114_01344,114,1344,0,N,0,N,0,N,1.0,1.0,0.0,0.0,0.0,0.0,0.0,0.0,0.0
1601,114_01345,114,1345,0,N,0,N,0,N,1.0,1.0,0.0,0.0,0.0,0.0,0.0,0.0,0.0
1602,114_01346,114,1346,0,N,0,N,0,N,1.0,1.0,0.0,0.0,0.0,0.0,0.0,0.0,0.0
1603,114_01347,114,1347,0,N,0,N,0,N,1.0,1.0,0.0,0.0,0.0,0.0,0.0,0.0,0.0
1604,114_01348,114,1348,0,N,0,N,0,N,1.0,1.0,0.0,0.0,0.0,0.0,0.0,0.0,0.0
1605,114_01349,114,1349,0,N,0,N,0,N,1.0,1.0,0.0,0.0,0.0,0.0,0.0,0.0,0.0
1606,114_01350,114,1350,0,N,0,N,0,N,1.0,1.0,0.0,0.0,0.0,0.0,0.0,0.0,0.0
1607,114_01351,114,1351,0,N,0,N,0,N,1.0,1.0,0.0,0.0,0.0,0.0,0.0,0.0,0.0
1608,114_01352,114,1352,0,N,0,N,0,N,1.0,1.0,0.0,0.0,0.0,0.0,0.0,0.0,0.0
1609,114_01353,114,1353,0,N,0,N,0,N,1.0,1.0,0.0,0.0,0.0,0.0,0.0,0.0,0.0
1610,114_01354,114,1354,0,N,0,N,0,N,1.0,1.0,0.0,0.0,0.0,0.0,0.0,0.0,0.0
1611,114_01355,114,1355,0,N,0,N,0,N,1.0,1.0,0.0,0.0,0.0,0.0,0.0,0.0,0.0
1612,114_01356,114,1356,0,N,0,N,0,N,1.0,1.0,0.0,0.0,0.0,0.0,0.0,0.0,0.0
1613,114_01357,114,1357,0,N,0,N,0,N,1.0,1.0,0.0,0.0,0.0,0.0,0.0,0.0,0.0
1614,114_01358,114,1358,0,N,0,N,0,N,1.0,1.0,0.0,0.0,0.0,0.0,0.0,0.0,0.0
1615,114_01359,114,1359,0,N,0,N,0,N,1.0,1.0,0.0,0.0,0.0,0.0,0.0,0.0,0.0
1616,114_01360,114,1360,0,N,0,N,0,N,1.0,1.0,0.0,0.0,0.0,0.0,0.0,0.0,0.0
1617,114_01361,114,1361,0,N,0,N,0,N,1.0,1.0,0.0,0.0,0.0,0.0,0.0,0.0,0.0
1618,114_01362,114,1362,0,N,0,N,0,N,1.0,1.0,0.0,0.0,0.0,0.0,0.0,0.0,0.0
1619,114_01363,114,1363,0,N,0,N,0,N,1.0,1.0,0.0,0.0,0.0,0.0,0.0,0.0,0.0
1620,114_01364,114,1364,0,N,0,N,0,N,1.0,1.0,0.0,0.0,0.0,0.0,0.0,0.0,0.0
1621,114_01365,114,1365,0,N,0,N,0,N,1.0,1.0,0.0,0.0,0.0,0.0,0.0,0.0,0.0
1622,114_01366,114,1366,0,N,0,N,0,N,1.0,1.0,0.0,0.0,0.0,0.0,0.0,0.0,0.0
1623,114_01367,114,1367,0,N,0,N,0,N,1.0,1.0,0.0,0.0,0.0,0.0,0.0,0.0,0.0
1624,114_01368,114,1368,0,N,0,N,0,N,1.0,1.0,0.0,0.0,0.0,0.0,0.0,0.0,0.0
1625,114_01369,114,1369,0,N,0,N,0,N,1.0,1.0,0.0,0.0,0.0,0.0,0.0,0.0,0.0
1626,114_01370,114,1370,0,N,0,N,0,N,1.0,1.0,0.0,0.0,0.0,0.0,0.0,0.0,0.0
1627,114_01371,114,1371,0,N,0,N,0,N,1.0,1.0,0.0,0.0,0.0,0.0,0.0,0.0,0.0
1628,114_01372,114,1372,0,N,0,N,0,N,1.0,1.0,0.0,0.0,0.0,0.0,0.0,0.0,0.0
1629,114_01373,114,1373,0,N,0,N,0,N,1.0,1.0,0.0,0.0,0.0,0.0,0.0,0.0,0.0
1630,114_01374,114,1374,0,N,0,N,0,N,1.0,1.0,0.0,0.0,0.0,0.0,0.0,0.0,0.0
1631,114_01375,114,1375,0,N,0,N,0,N,1.0,1.0,0.0,0.0,0.0,0.0,0.0,0.0,0.0
1632,114_01376,114,1376,0,N,0,N,0,N,1.0,1.0,0.0,0.0,0.0,0.0,0.0,0.0,0.0
1633,114_01377,114,1377,0,N,0,N,0,N,1.0,1.0,0.0,0.0,0.0,0.0,0.0,0.0,0.0
1634,114_01378,114,1378,0,N,0,N,0,N,1.0,1.0,0.0,0.0,0.0,0.0,0.0,0.0,0.0
1635,114_01379,114,1379,0,N,0,N,0,N,1.0,1.0,0.0,0.0,0.0,0.0,0.0,0.0,0.0
1636,114_01380,114,1380,0,N,0,N,0,N,1.0,1.0,0.0,0.0,0.0,0.0,0.0,0.0,0.0
1637,114_01381,114,1381,0,N,0,N,0,N,1.0,1.0,0.0,0.0,0.0,0.0,0.0,0.0,0.0
1638,114_01382,114,1382,0,N,0,N,0,N,1.0,1.0,0.0,0.0,0.0,0.0,0.0,0.0,0.0
1639,114_01383,114,1383,0,N,0,N,0,N,1.0,1.0,0.0,0.0,0.0,0.0,0.0,0.0,0.0
1640,114_01384,114,1384,0,N,0,N,0,N,1.0,1.0,0.0,0.0,0.0,0.0,0.0,0.0,0.0
1641,114_01385,114,1385,0,N,0,N,0,N,1.0,1.0,0.0,0.0,0.0,0.0,0.0,0.0,0.0
1642,114_01386,114,1386,0,N,0,N,0,N,1.0,1.0,0.0,0.0,0.0,0.0,0.0,0.0,0.0
1643,114_01387,114,1387,0,N,0,N,0,N,1.0,1.0,0.0,0.0,0.0,0.0,0.0,0.0,0.0
1644,114_01388,114,1388,0,N,0,N,0,N,1.0,1.0,0.0,0.0,0.0,0.0,0.0,0.0,0.0
1645,114_01389,114,1389,0,N,0,N,0,N,1.0,1.0,0.0,0.0,0.0,0.0,0.0,0.0,0.0
1646,114_01390,114,1390,0,N,0,N,0,N,1.0,1.0,0.0,0.0,0.0,0.0,0.0,0.0,0.0
1647,114_01391,114,1391,0,N,0,N,0,N,1.0,1.0,0.0,0.0,0.0,0.0,0.0,0.0,0.0
1648,114_01392,114,1392,0,N,0,N,0,N,1.0,1.0,0.0,0.0,0.0,0.0,0.0,0.0,0.0
1649,114_01393,114,1393,0,N,0,N,0,N,1.0,1.0,0.0,0.0,0.0,0.0,0.0,0.0,0.0
1650,114_01394,114,1394,0,N,0,N,0,N,1.0,1.0,0.0,0.0,0.0,0.0,0.0,0.0,0.0
1651,114_01395,114,1395,0,N,0,N,0,N,1.0,1.0,0.0,0.0,0.0,0.0,0.0,0.0,0.0
1652,114_01396,114,1396,0,N,0,N,0,N,1.0,1.0,0.0,0.0,0.0,0.0,0.0,0.0,0.0
1653,114_01397,114,1397,0,N,0,N,0,N,1.0,1.0,0.0,0.0,0.0,0.0,0.0,0.0,0.0
1654,114_01398,114,1398,0,N,0,N,0,N,1.0,1.0,0.0,0.0,0.0,0.0,0.0,0.0,0.0
1655,114_01399,114,1399,0,N,0,N,0,N,1.0,1.0,0.0,0.0,0.0,0.0,0.0,0.0,0.0
1656,114_01400,114,1400,0,N,0,N,0,N,1.0,1.0,0.0,0.0,0.0,0.0,0.0,0.0,0.0
1657,114_01401,114,1401,0,N,0,N,0,N,1.0,1.0,0.0,0.0,0.0,0.0,0.0,0.0,0.0
1658,114_01402,114,1402,0,N,0,N,0,N,1.0,1.0,0.0,0.0,0.0,0.0,0.0,0.0,0.0
1659,114_01403,114,1403,0,N,0,N,0,N,1.0,1.0,0.0,0.0,0.0,0.0,0.0,0.0,0.0
1660,114_01404,114,1404,0,N,0,N,0,N,1.0,1.0,0.0,0.0,0.0,0.0,0.0,0.0,0.0
1661,114_01405,114,1405,0,N,0,N,0,N,1.0,1.0,0.0,0.0,0.0,0.0,0.0,0.0,0.0
1662,114_01406,114,1406,0,N,0,N,0,N,1.0,1.0,0.0,0.0,0.0,0.0,0.0,0.0,0.0
1663,114_01407,114,1407,0,N,0,N,0,N,1.0,1.0,0.0,0.0,0.0,0.0,0.0,0.0,0.0
1664,114_01408,114,1408,0,N,0,N,0,N,1.0,1.0,0.0,0.0,0.0,0.0,0.0,0.0,0.0
1665,114_01409,114,1409,0,N,0,N,0,N,1.0,1.0,0.0,0.0,0.0,0.0,0.0,0.0,0.0
1666,114_01410,114,1410,0,N,0,N,0,N,1.0,1.0,0.0,0.0,0.0,0.0,0.0,0.0,0.0
1667,114_01411,114,1411,0,N,0,N,0,N,1.0,1.0,0.0,0.0,0.0,0.0,0.0,0.0,0.0
1668,114_01412,114,1412,0,N,0,N,0,N,1.0,1.0,0.0,0.0,0.0,0.0,0.0,0.0,0.0
1669,114_01413,114,1413,0,N,0,N,0,N,1.0,1.0,0.0,0.0,0.0,0.0,0.0,0.0,0.0
1670,114_01414,114,1414,0,N,0,N,0,N,1.0,1.0,0.0,0.0,0.0,0.0,0.0,0.0,0.0
1671,114_01415,114,1415,0,N,0,N,0,N,1.0,1.0,0.0,0.0,0.0,0.0,0.0,0.0,0.0
1672,114_01416,114,1416,0,N,0,N,0,N,1.0,1.0,0.0,0.0,0.0,0.0,0.0,0.0,0.0
1673,114_01417,114,1417,0,N,0,N,0,N,1.0,1.0,0.0,0.0,0.0,0.0,0.0,0.0,0.0
1674,114_01418,114,1418,0,N,0,N,0,N,1.0,1.0,0.0,0.0,0.0,0.0,0.0,0.0,0.0
1675,114_01419,114,1419,0,N,0,N,0,N,1.0,1.0,0.0,0.0,0.0,0.0,0.0,0.0,0.0
1676,114_01420,114,1420,0,N,0,N,0,N,1.0,1.0,0.0,0.0,0.0,0.0,0.0,0.0,0.0
1677,114_01421,114,1421,0,N,0,N,0,N,1.0,1.0,0.0,0.0,0.0,0.0,0.0,0.0,0.0
1678,114_01422,114,1422,0,N,0,N,0,N,1.0,1.0,0.0,0.0,0.0,0.0,0.0,0.0,0.0
1679,114_01423,114,1423,0,N,0,N,0,N,1.0,1.0,0.0,0.0,0.0,0.0,0.0,0.0,0.0
1680,114_01424,114,1424,0,N,0,N,0,N,1.0,1.0,0.0,0.0,0.0,0.0,0.0,0.0,0.0
1681,114_01425,114,1425,0,N,0,N,0,N,1.0,1.0,0.0,0.0,0.0,0.0,0.0,0.0,0.0
1682,114_01426,114,1426,0,N,0,N,0,N,1.0,1.0,0.0,0.0,0.0,0.0,0.0,0.0,0.0
1683,114_01427,114,1427,0,N,0,N,0,N,1.0,1.0,0.0,0.0,0.0,0.0,0.0,0.0,0.0
1684,114_01428,114,1428,0,N,0,N,0,N,1.0,1.0,0.0,0.0,0.0,0.0,0.0,0.0,0.0
1685,114_01429,114,1429,0,N,0,N,0,N,1.0,1.0,0.0,0.0,0.0,0.0,0.0,0.0,0.0
1686,114_01430,114,1430,0,N,0,N,0,N,1.0,1.0,0.0,0.0,0.0,0.0,0.0,0.0,0.0
1687,114_01431,114,1431,0,N,0,N,0,N,1.0,1.0,0.0,0.0,0.0,0.0,0.0,0.0,0.0
1688,114_01432,114,1432,0,N,0,N,0,N,1.0,1.0,0.0,0.0,0.0,0.0,0.0,0.0,0.0
1689,114_01433,114,1433,0,N,0,N,0,N,1.0,1.0,0.0,0.0,0.0,0.0,0.0,0.0,0.0
1690,114_01434,114,1434,0,N,0,N,0,N,1.0,1.0,0.0,0.0,0.0,0.0,0.0,0.0,0.0
1691,114_01435,114,1435,0,N,0,N,0,N,1.0,1.0,0.0,0.0,0.0,0.0,0.0,0.0,0.0
1692,114_01436,114,1436,0,N,0,N,0,N,1.0,1.0,0.0,0.0,0.0,0.0,0.0,0.0,0.0
1693,114_01437,114,1437,0,N,0,N,0,N,1.0,1.0,0.0,0.0,0.0,0.0,0.0,0.0,0.0
1694,114_01438,114,1438,0,N,0,N,0,N,1.0,1.0,0.0,0.0,0.0,0.0,0.0,0.0,0.0
1695,114_01439,114,1439,0,N,0,N,0,N,1.0,1.0,0.0,0.0,0.0,0.0,0.0,0.0,0.0
1696,114_01440,114,1440,0,N,0,N,0,N,1.0,1.0,0.0,0.0,0.0,0.0,0.0,0.0,0.0
1697,114_01441,114,1441,0,N,0,N,0,N,1.0,1.0,0.0,0.0,0.0,0.0,0.0,0.0,0.0
1698,114_01442,114,1442,0,N,0,N,0,N,1.0,1.0,0.0,0.0,0.0,0.0,0.0,0.0,0.0
1699,114_01443,114,1443,0,N,0,N,0,N,1.0,1.0,0.0,0.0,0.0,0.0,0.0,0.0,0.0
1700,114_01444,114,1444,0,N,0,N,0,N,1.0,1.0,0.0,0.0,0.0,0.0,0.0,0.0,0.0
1701,114_01445,114,1445,0,N,0,N,0,N,1.0,1.0,0.0,0.0,0.0,0.0,0.0,0.0,0.0
1702,114_01446,114,1446,0,N,0,N,0,N,1.0,1.0,0.0,0.0,0.0,0.0,0.0,0.0,0.0
1703,114_01447,114,1447,0,N,0,N,0,N,1.0,1.0,0.0,0.0,0.0,0.0,0.0,0.0,0.0
1704,114_01448,114,1448,0,N,0,N,0,N,1.0,1.0,0.0,0.0,0.0,0.0,0.0,0.0,0.0
1705,114_01449,114,1449,0,N,0,N,0,N,1.0,1.0,0.0,0.0,0.0,0.0,0.0,0.0,0.0
1706,114_01450,114,1450,0,N,0,N,0,N,1.0,1.0,0.0,0.0,0.0,0.0,0.0,0.0,0.0
1707,114_01451,114,1451,0,N,0,N,0,N,1.0,1.0,0.0,0.0,0.0,0.0,0.0,0.0,0.0
1708,114_01452,114,1452,0,N,0,N,0,N,1.0,1.0,0.0,0.0,0.0,0.0,0.0,0.0,0.0
1709,114_01453,114,1453,0,N,0,N,0,N,1.0,1.0,0.0,0.0,0.0,0.0,0.0,0.0,0.0
1710,114_01454,114,1454,0,N,0,N,0,N,1.0,1.0,0.0,0.0,0.0,0.0,0.0,0.0,0.0
1711,114_01455,114,1455,0,N,0,N,0,N,1.0,1.0,0.0,0.0,0.0,0.0,0.0,0.0,0.0
1712,114_01456,114,1456,0,N,0,N,0,N,1.0,1.0,0.0,0.0,0.0,0.0,0.0,0.0,0.0
1713,114_01457,114,1457,0,N,0,N,0,N,1.0,1.0,0.0,0.0,0.0,0.0,0.0,0.0,0.0
1714,114_01458,114,1458,0,N,0,N,0,N,1.0,1.0,0.0,0.0,0.0,0.0,0.0,0.0,0.0
1715,114_01459,114,1459,0,N,0,N,0,N,1.0,1.0,0.0,0.0,0.0,0.0,0.0,0.0,0.0
1716,114_01460,114,1460,0,N,0,N,0,N,1.0,1.0,0.0,0.0,0.0,0.0,0.0,0.0,0.0
1717,114_01461,114,1461,0,N,0,N,0,N,1.0,1.0,0.0,0.0,0.0,0.0,0.0,0.0,0.0
1718,114_01462,114,1462,0,N,0,N,0,N,1.0,1.0,0.0,0.0,0.0,0.0,0.0,0.0,0.0
1719,114_01463,114,1463,0,N,0,N,0,N,1.0,1.0,0.0,0.0,0.0,0.0,0.0,0.0,0.0
1720,114_01464,114,1464,0,N,0,N,0,N,1.0,1.0,0.0,0.0,0.0,0.0,0.0,0.0,0.0
1721,114_01465,114,1465,0,N,0,N,0,N,1.0,1.0,0.0,0.0,0.0,0.0,0.0,0.0,0.0
1722,114_01466,114,1466,0,N,0,N,0,N,1.0,1.0,0.0,0.0,0.0,0.0,0.0,0.0,0.0
1723,114_01467,114,1467,0,N,0,N,0,N,1.0,1.0,0.0,0.0,0.0,0.0,0.0,0.0,0.0
1724,114_01468,114,1468,0,N,0,N,0,N,1.0,1.0,0.0,0.0,0.0,0.0,0.0,0.0,0.0
1725,114_01469,114,1469,0,N,0,N,0,N,1.0,1.0,0.0,0.0,0.0,0.0,0.0,0.0,0.0
1726,114_01470,114,1470,0,N,0,N,0,N,1.0,1.0,0.0,0.0,0.0,0.0,0.0,0.0,0.0
1727,114_01471,114,1471,0,N,0,N,0,N,1.0,1.0,0.0,0.0,0.0,0.0,0.0,0.0,0.0
1728,114_01472,114,1472,0,N,0,N,0,N,1.0,1.0,0.0,0.0,0.0,0.0,0.0,0.0,0.0
1729,114_01473,114,1473,0,N,0,N,0,N,1.0,1.0,0.0,0.0,0.0,0.0,0.0,0.0,0.0
1730,114_01474,114,1474,0,N,0,N,0,N,1.0,1.0,0.0,0.0,0.0,0.0,0.0,0.0,0.0
1731,114_01475,114,1475,0,N,0,N,0,N,1.0,1.0,0.0,0.0,0.0,0.0,0.0,0.0,0.0
1732,114_01476,114,1476,0,N,0,N,0,N,1.0,1.0,0.0,0.0,0.0,0.0,0.0,0.0,0.0
1733,114_01477,114,1477,0,N,0,N,0,N,1.0,1.0,0.0,0.0,0.0,0.0,0.0,0.0,0.0
1734,114_01478,114,1478,0,N,0,N,0,N,1.0,1.0,0.0,0.0,0.0,0.0,0.0,0.0,0.0
1735,114_01479,114,1479,0,N,0,N,0,N,1.0,1.0,0.0,0.0,0.0,0.0,0.0,0.0,0.0
1736,114_01480,114,1480,0,N,0,N,0,N,1.0,1.0,0.0,0.0,0.0,0.0,0.0,0.0,0.0
1737,114_01481,114,1481,0,N,0,N,0,N,1.0,1.0,0.0,0.0,0.0,0.0,0.0,0.0,0.0
1738,114_01482,114,1482,0,N,0,N,0,N,1.0,1.0,0.0,0.0,0.0,0.0,0.0,0.0,0.0
1739,114_01483,114,1483,0,N,0,N,0,N,1.0,1.0,0.0,0.0,0.0,0.0,0.0,0.0,0.0
1740,114_01484,114,1484,0,N,0,N,0,N,1.0,1.0,0.0,0.0,0.0,0.0,0.0,0.0,0.0
1741,114_01485,114,1485,0,N,0,N,0,N,1.0,1.0,0.0,0.0,0.0,0.0,0.0,0.0,0.0
1742,114_01486,114,1486,0,N,0,N,0,N,1.0,1.0,0.0,0.0,0.0,0.0,0.0,0.0,0.0
1743,114_01487,114,1487,0,N,0,N,0,N,1.0,1.0,0.0,0.0,0.0,0.0,0.0,0.0,0.0
1744,114_01488,114,1488,0,N,0,N,0,N,1.0,1.0,0.0,0.0,0.0,0.0,0.0,0.0,0.0
1745,114_01489,114,1489,0,N,0,N,0,N,1.0,1.0,0.0,0.0,0.0,0.0,0.0,0.0,0.0
1746,114_01490,114,1490,0,N,0,N,0,N,1.0,1.0,0.0,0.0,0.0,0.0,0.0,0.0,0.0
1747,114_01491,114,1491,0,N,0,N,0,N,1.0,1.0,0.0,0.0,0.0,0.0,0.0,0.0,0.0
1748,114_01492,114,1492,0,N,0,N,0,N,1.0,1.0,0.0,0.0,0.0,0.0,0.0,0.0,0.0
1749,114_01493,114,1493,0,N,0,N,0,N,1.0,1.0,0.0,0.0,0.0,0.0,0.0,0.0,0.0
1750,114_01494,114,1494,0,N,0,N,0,N,1.0,1.0,0.0,0.0,0.0,0.0,0.0,0.0,0.0
1751,114_01495,114,1495,0,N,0,N,0,N,1.0,1.0,0.0,0.0,0.0,0.0,0.0,0.0,0.0
1752,114_01496,114,1496,0,N,0,N,0,N,1.0,1.0,0.0,0.0,0.0,0.0,0.0,0.0,0.0
1753,114_01497,114,1497,0,N,0,N,0,N,1.0,1.0,0.0,0.0,0.0,0.0,0.0,0.0,0.0
1754,114_01498,114,1498,0,N,0,N,0,N,1.0,1.0,0.0,0.0,0.0,0.0,0.0,0.0,0.0
1755,114_01499,114,1499,0,N,0,N,0,N,1.0,1.0,0.0,0.0,0.0,0.0,0.0,0.0,0.0
1756,114_01500,114,1500,0,N,0,N,0,N,1.0,1.0,0.0,0.0,0.0,0.0,0.0,0.0,0.0
1757,114_01501,114,1501,0,N,0,N,0,N,1.0,1.0,0.0,0.0,0.0,0.0,0.0,0.0,0.0
1758,114_01502,114,1502,0,N,0,N,0,N,1.0,1.0,0.0,0.0,0.0,0.0,0.0,0.0,0.0
1759,114_01503,114,1503,0,N,0,N,0,N,1.0,1.0,0.0,0.0,0.0,0.0,0.0,0.0,0.0
1760,114_01504,114,1504,0,N,0,N,0,N,1.0,1.0,0.0,0.0,0.0,0.0,0.0,0.0,0.0
1761,114_01505,114,1505,0,N,0,N,0,N,1.0,1.0,0.0,0.0,0.0,0.0,0.0,0.0,0.0
1762,114_01506,114,1506,0,N,0,N,0,N,1.0,1.0,0.0,0.0,0.0,0.0,0.0,0.0,0.0
1763,114_01507,114,1507,0,N,0,N,0,N,1.0,1.0,0.0,0.0,0.0,0.0,0.0,0.0,0.0
1764,114_01508,114,1508,0,N,0,N,0,N,1.0,1.0,0.0,0.0,0.0,0.0,0.0,0.0,0.0
1765,114_01509,114,1509,0,N,0,N,0,N,1.0,1.0,0.0,0.0,0.0,0.0,0.0,0.0,0.0
1766,114_01510,114,1510,0,N,0,N,0,N,1.0,1.0,0.0,0.0,0.0,0.0,0.0,0.0,0.0
1767,114_01511,114,1511,0,N,0,N,0,N,1.0,1.0,0.0,0.0,0.0,0.0,0.0,0.0,0.0
1768,114_01512,114,1512,0,N,0,N,0,N,1.0,1.0,0.0,0.0,0.0,0.0,0.0,0.0,0.0
1769,114_01513,114,1513,0,N,0,N,0,N,1.0,1.0,0.0,0.0,0.0,0.0,0.0,0.0,0.0
1770,114_01514,114,1514,0,N,0,N,0,N,1.0,1.0,0.0,0.0,0.0,0.0,0.0,0.0,0.0
1771,114_01515,114,1515,0,N,0,N,0,N,1.0,1.0,0.0,0.0,0.0,0.0,0.0,0.0,0.0
1772,114_01516,114,1516,0,N,0,N,0,N,1.0,1.0,0.0,0.0,0.0,0.0,0.0,0.0,0.0
1773,114_01517,114,1517,0,N,0,N,0,N,1.0,1.0,0.0,0.0,0.0,0.0,0.0,0.0,0.0
1774,114_01518,114,1518,0,N,0,N,0,N,1.0,1.0,0.0,0.0,0.0,0.0,0.0,0.0,0.0
1775,114_01519,114,1519,0,N,0,N,0,N,1.0,1.0,0.0,0.0,0.0,0.0,0.0,0.0,0.0
1776,114_01520,114,1520,0,N,0,N,0,N,1.0,1.0,0.0,0.0,0.0,0.0,0.0,0.0,0.0
1777,114_01521,114,1521,0,N,0,N,0,N,1.0,1.0,0.0,0.0,0.0,0.0,0.0,0.0,0.0
1778,114_01522,114,1522,0,N,0,N,0,N,1.0,1.0,0.0,0.0,0.0,0.0,0.0,0.0,0.0
1779,114_01523,114,1523,0,N,0,N,0,N,1.0,1.0,0.0,0.0,0.0,0.0,0.0,0.0,0.0
1780,114_01524,114,1524,0,N,0,N,0,N,1.0,1.0,0.0,0.0,0.0,0.0,0.0,0.0,0.0
1781,114_01525,114,1525,0,N,0,N,0,N,1.0,1.0,0.0,0.0,0.0,0.0,0.0,0.0,0.0
1782,114_01526,114,1526,0,N,0,N,0,N,1.0,1.0,0.0,0.0,0.0,0.0,0.0,0.0,0.0
1783,114_01527,114,1527,0,N,0,N,0,N,1.0,1.0,0.0,0.0,0.0,0.0,0.0,0.0,0.0
1784,114_01528,114,1528,0,N,0,N,0,N,1.0,1.0,0.0,0.0,0.0,0.0,0.0,0.0,0.0
1785,114_01529,114,1529,0,N,0,N,0,N,1.0,1.0,0.0,0.0,0.0,0.0,0.0,0.0,0.0
1786,114_01530,114,1530,0,N,0,N,0,N,1.0,1.0,0.0,0.0,0.0,0.0,0.0,0.0,0.0
1787,114_01531,114,1531,0,N,0,N,0,N,1.0,1.0,0.0,0.0,0.0,0.0,0.0,0.0,0.0
1788,114_01532,114,1532,0,N,0,N,0,N,1.0,1.0,0.0,0.0,0.0,0.0,0.0,0.0,0.0
1789,114_01533,114,1533,0,N,0,N,0,N,1.0,1.0,0.0,0.0,0.0,0.0,0.0,0.0,0.0
1790,114_01534,114,1534,0,N,0,N,0,N,1.0,1.0,0.0,0.0,0.0,0.0,0.0,0.0,0.0
1791,114_01535,114,1535,0,N,0,N,0,N,1.0,1.0,0.0,0.0,0.0,0.0,0.0,0.0,0.0
1792,114_01536,114,1536,0,N,0,N,0,N,1.0,1.0,0.0,0.0,0.0,0.0,0.0,0.0,0.0
1793,114_01537,114,1537,0,N,0,N,0,N,1.0,1.0,0.0,0.0,0.0,0.0,0.0,0.0,0.0
1794,114_01538,114,1538,0,N,0,N,0,N,1.0,1.0,0.0,0.0,0.0,0.0,0.0,0.0,0.0
1795,114_01539,114,1539,0,N,0,N,0,N,1.0,1.0,0.0,0.0,0.0,0.0,0.0,0.0,0.0
1796,114_01540,114,1540,0,N,0,N,0,N,1.0,1.0,0.0,0.0,0.0,0.0,0.0,0.0,0.0
1797,114_01541,114,1541,0,N,0,N,0,N,1.0,1.0,0.0,0.0,0.0,0.0,0.0,0.0,0.0
1798,114_01542,114,1542,0,N,0,N,0,N,1.0,1.0,0.0,0.0,0.0,0.0,0.0,0.0,0.0
1799,114_01543,114,1543,0,N,0,N,0,N,1.0,1.0,0.0,0.0,0.0,0.0,0.0,0.0,0.0
1800,114_01544,114,1544,0,N,0,N,0,N,1.0,1.0,0.0,0.0,0.0,0.0,0.0,0.0,0.0
1801,114_01545,114,1545,0,N,0,N,0,N,1.0,1.0,0.0,0.0,0.0,0.0,0.0,0.0,0.0
1802,114_01546,114,1546,0,N,0,N,0,N,1.0,1.0,0.0,0.0,0.0,0.0,0.0,0.0,0.0
1803,114_01547,114,1547,0,N,0,N,0,N,1.0,1.0,0.0,0.0,0.0,0.0,0.0,0.0,0.0
1804,114_01548,114,1548,0,N,0,N,0,N,1.0,1.0,0.0,0.0,0.0,0.0,0.0,0.0,0.0
1805,114_01549,114,1549,0,N,0,N,0,N,1.0,1.0,0.0,0.0,0.0,0.0,0.0,0.0,0.0
1806,114_01550,114,1550,0,N,0,N,0,N,1.0,1.0,0.0,0.0,0.0,0.0,0.0,0.0,0.0
1807,114_01551,114,1551,0,N,0,N,0,N,1.0,1.0,0.0,0.0,0.0,0.0,0.0,0.0,0.0
1808,114_01552,114,1552,0,N,0,N,0,N,1.0,1.0,0.0,0.0,0.0,0.0,0.0,0.0,0.0
1809,114_01553,114,1553,0,N,0,N,0,N,1.0,1.0,0.0,0.0,0.0,0.0,0.0,0.0,0.0
1810,114_01554,114,1554,0,N,0,N,0,N,1.0,1.0,0.0,0.0,0.0,0.0,0.0,0.0,0.0
1811,114_01555,114,1555,0,N,0,N,0,N,1.0,1.0,0.0,0.0,0.0,0.0,0.0,0.0,0.0
1812,114_01556,114,1556,0,N,0,N,0,N,1.0,1.0,0.0,0.0,0.0,0.0,0.0,0.0,0.0
1813,114_01557,114,1557,0,N,0,N,0,N,1.0,1.0,0.0,0.0,0.0,0.0,0.0,0.0,0.0
1814,114_01558,114,1558,0,N,0,N,0,N,1.0,1.0,0.0,0.0,0.0,0.0,0.0,0.0,0.0
1815,114_01559,114,1559,0,N,0,N,0,N,1.0,1.0,0.0,0.0,0.0,0.0,0.0,0.0,0.0
1816,114_01560,114,1560,0,N,0,N,0,N,1.0,1.0,0.0,0.0,0.0,0.0,0.0,0.0,0.0
1817,114_01561,114,1561,0,N,0,N,0,N,1.0,1.0,0.0,0.0,0.0,0.0,0.0,0.0,0.0
1818,114_01562,114,1562,0,N,0,N,0,N,1.0,1.0,0.0,0.0,0.0,0.0,0.0,0.0,0.0
1819,114_01563,114,1563,0,N,0,N,0,N,1.0,1.0,0.0,0.0,0.0,0.0,0.0,0.0,0.0
1820,114_01564,114,1564,0,N,0,N,0,N,1.0,1.0,0.0,0.0,0.0,0.0,0.0,0.0,0.0
1821,114_01565,114,1565,0,N,0,N,0,N,1.0,1.0,0.0,0.0,0.0,0.0,0.0,0.0,0.0
1822,114_01566,114,1566,0,N,0,N,0,N,1.0,1.0,0.0,0.0,0.0,0.0,0.0,0.0,0.0
1823,114_01567,114,1567,0,N,0,N,0,N,1.0,1.0,0.0,0.0,0.0,0.0,0.0,0.0,0.0
1824,114_01568,114,1568,0,N,0,N,0,N,1.0,1.0,0.0,0.0,0.0,0.0,0.0,0.0,0.0
1825,114_01569,114,1569,0,N,0,N,0,N,1.0,1.0,0.0,0.0,0.0,0.0,0.0,0.0,0.0
1826,114_01570,114,1570,0,N,0,N,0,N,1.0,1.0,0.0,0.0,0.0,0.0,0.0,0.0,0.0
1827,114_01571,114,1571,0,N,0,N,0,N,1.0,1.0,0.0,0.0,0.0,0.0,0.0,0.0,0.0
1828,114_01572,114,1572,0,N,0,N,0,N,1.0,1.0,0.0,0.0,0.0,0.0,0.0,0.0,0.0
1829,114_01573,114,1573,0,N,0,N,0,N,1.0,1.0,0.0,0.0,0.0,0.0,0.0,0.0,0.0
1830,114_01574,114,1574,0,N,0,N,0,N,1.0,1.0,0.0,0.0,0.0,0.0,0.0,0.0,0.0
1831,114_01575,114,1575,0,N,0,N,0,N,1.0,1.0,0.0,0.0,0.0,0.0,0.0,0.0,0.0
1832,114_01576,114,1576,0,N,0,N,0,N,1.0,1.0,0.0,0.0,0.0,0.0,0.0,0.0,0.0
1833,114_01577,114,1577,0,N,0,N,0,N,1.0,1.0,0.0,0.0,0.0,0.0,0.0,0.0,0.0
1834,114_01578,114,1578,0,N,0,N,0,N,1.0,1.0,0.0,0.0,0.0,0.0,0.0,0.0,0.0
1835,114_01579,114,1579,0,N,0,N,0,N,1.0,1.0,0.0,0.0,0.0,0.0,0.0,0.0,0.0
1836,114_01580,114,1580,0,N,0,N,0,N,1.0,1.0,0.0,0.0,0.0,0.0,0.0,0.0,0.0
1837,114_01581,114,1581,0,N,0,N,0,N,1.0,1.0,0.0,0.0,0.0,0.0,0.0,0.0,0.0
1838,114_01582,114,1582,3,APC,0,N,0,N,1.0,1.0,0.0,0.0,0.0,0.0,0.0,0.0,0.0
1839,114_01583,114,1583,0,N,3,APC,3,APC,1.0,0.0,0.0,0.0,1.0,0.0,0.0,0.0,0.0
1840,114_01584,114,1584,0,N,0,N,0,N,1.0,1.0,0.0,0.0,0.0,0.0,0.0,0.0,0.0
1841,114_01585,114,1585,0,N,0,N,0,N,1.0,1.0,0.0,0.0,0.0,0.0,0.0,0.0,0.0
1842,114_01586,114,1586,0,N,0,N,0,N,1.0,1.0,0.0,0.0,0.0,0.0,0.0,0.0,0.0
1843,114_01587,114,1587,0,N,0,N,0,N,1.0,1.0,0.0,0.0,0.0,0.0,0.0,0.0,0.0
1844,114_01588,114,1588,0,N,0,N,0,N,1.0,1.0,0.0,0.0,0.0,0.0,0.0,0.0,0.0
1845,114_01589,114,1589,3,APC,0,N,0,N,1.0,1.0,0.0,0.0,0.0,0.0,0.0,0.0,0.0
1846,114_01590,114,1590,0,N,3,APC,3,APC,1.0,0.0,0.0,0.0,1.0,0.0,0.0,0.0,0.0
1847,114_01591,114,1591,0,N,0,N,0,N,1.0,1.0,0.0,0.0,0.0,0.0,0.0,0.0,0.0
1848,114_01592,114,1592,0,N,0,N,0,N,1.0,1.0,0.0,0.0,0.0,0.0,0.0,0.0,0.0
1849,114_01593,114,1593,0,N,0,N,0,N,1.0,1.0,0.0,0.0,0.0,0.0,0.0,0.0,0.0
1850,114_01594,114,1594,0,N,0,N,0,N,1.0,1.0,0.0,0.0,0.0,0.0,0.0,0.0,0.0
1851,114_01595,114,1595,0,N,0,N,0,N,1.0,1.0,0.0,0.0,0.0,0.0,0.0,0.0,0.0
1852,114_01596,114,1596,0,N,0,N,0,N,1.0,1.0,0.0,0.0,0.0,0.0,0.0,0.0,0.0
1853,114_01597,114,1597,0,N,0,N,0,N,1.0,1.0,0.0,0.0,0.0,0.0,0.0,0.0,0.0
1854,114_01598,114,1598,3,APC,0,N,0,N,1.0,1.0,0.0,0.0,0.0,0.0,0.0,0.0,0.0
1855,114_01599,114,1599,0,N,3,APC,3,APC,1.0,0.0,0.0,0.0,1.0,0.0,0.0,0.0,0.0
1856,114_01600,114,1600,0,N,0,N,0,N,1.0,1.0,0.0,0.0,0.0,0.0,0.0,0.0,0.0
1857,114_01601,114,1601,0,N,0,N,0,N,1.0,1.0,0.0,0.0,0.0,0.0,0.0,0.0,0.0
1858,114_01602,114,1602,0,N,0,N,0,N,1.0,1.0,0.0,0.0,0.0,0.0,0.0,0.0,0.0
1859,114_01603,114,1603,0,N,0,N,0,N,1.0,1.0,0.0,0.0,0.0,0.0,0.0,0.0,0.0
1860,114_01604,114,1604,0,N,0,N,0,N,1.0,1.0,0.0,0.0,0.0,0.0,0.0,0.0,0.0
1861,114_01605,114,1605,0,N,0,N,0,N,1.0,1.0,0.0,0.0,0.0,0.0,0.0,0.0,0.0
1862,114_01606,114,1606,0,N,0,N,0,N,1.0,1.0,0.0,0.0,0.0,0.0,0.0,0.0,0.0
1863,114_01607,114,1607,0,N,0,N,0,N,1.0,1.0,0.0,0.0,0.0,0.0,0.0,0.0,0.0
1864,114_01608,114,1608,0,N,0,N,0,N,1.0,1.0,0.0,0.0,0.0,0.0,0.0,0.0,0.0
1865,114_01609,114,1609,0,N,0,N,0,N,1.0,1.0,0.0,0.0,0.0,0.0,0.0,0.0,0.0
1866,114_01610,114,1610,0,N,0,N,0,N,1.0,1.0,0.0,0.0,0.0,0.0,0.0,0.0,0.0
1867,114_01611,114,1611,0,N,0,N,0,N,1.0,1.0,0.0,0.0,0.0,0.0,0.0,0.0,0.0
1868,114_01612,114,1612,0,N,0,N,0,N,1.0,1.0,0.0,0.0,0.0,0.0,0.0,0.0,0.0
1869,114_01613,114,1613,0,N,0,N,0,N,1.0,1.0,0.0,0.0,0.0,0.0,0.0,0.0,0.0
1870,114_01614,114,1614,0,N,0,N,0,N,1.0,1.0,0.0,0.0,0.0,0.0,0.0,0.0,0.0
1871,114_01615,114,1615,0,N,0,N,0,N,1.0,1.0,0.0,0.0,0.0,0.0,0.0,0.0,0.0
1872,114_01616,114,1616,0,N,0,N,0,N,1.0,1.0,0.0,0.0,0.0,0.0,0.0,0.0,0.0
1873,114_01617,114,1617,0,N,0,N,0,N,1.0,1.0,0.0,0.0,0.0,0.0,0.0,0.0,0.0
1874,114_01618,114,1618,0,N,0,N,0,N,1.0,1.0,0.0,0.0,0.0,0.0,0.0,0.0,0.0
1875,114_01619,114,1619,0,N,0,N,0,N,1.0,1.0,0.0,0.0,0.0,0.0,0.0,0.0,0.0
1876,114_01620,114,1620,0,N,0,N,0,N,1.0,1.0,0.0,0.0,0.0,0.0,0.0,0.0,0.0
1877,114_01621,114,1621,0,N,0,N,0,N,1.0,1.0,0.0,0.0,0.0,0.0,0.0,0.0,0.0
1878,114_01622,114,1622,0,N,0,N,0,N,1.0,1.0,0.0,0.0,0.0,0.0,0.0,0.0,0.0
1879,114_01623,114,1623,0,N,0,N,0,N,1.0,1.0,0.0,0.0,0.0,0.0,0.0,0.0,0.0
1880,114_01624,114,1624,0,N,0,N,0,N,1.0,1.0,0.0,0.0,0.0,0.0,0.0,0.0,0.0
1881,114_01625,114,1625,0,N,0,N,0,N,1.0,1.0,0.0,0.0,0.0,0.0,0.0,0.0,0.0
1882,114_01626,114,1626,0,N,0,N,0,N,1.0,1.0,0.0,0.0,0.0,0.0,0.0,0.0,0.0
1883,114_01627,114,1627,0,N,0,N,0,N,1.0,1.0,0.0,0.0,0.0,0.0,0.0,0.0,0.0
1884,114_01628,114,1628,0,N,0,N,0,N,1.0,1.0,0.0,0.0,0.0,0.0,0.0,0.0,0.0
1885,114_01629,114,1629,0,N,0,N,0,N,1.0,1.0,0.0,0.0,0.0,0.0,0.0,0.0,0.0
1886,114_01630,114,1630,0,N,0,N,0,N,1.0,1.0,0.0,0.0,0.0,0.0,0.0,0.0,0.0
1887,114_01631,114,1631,0,N,0,N,0,N,1.0,1.0,0.0,0.0,0.0,0.0,0.0,0.0,0.0
1888,114_01632,114,1632,0,N,0,N,0,N,1.0,1.0,0.0,0.0,0.0,0.0,0.0,0.0,0.0
1889,114_01633,114,1633,0,N,0,N,0,N,1.0,1.0,0.0,0.0,0.0,0.0,0.0,0.0,0.0
1890,114_01634,114,1634,0,N,0,N,0,N,1.0,1.0,0.0,0.0,0.0,0.0,0.0,0.0,0.0
1891,114_01635,114,1635,0,N,0,N,0,N,1.0,1.0,0.0,0.0,0.0,0.0,0.0,0.0,0.0
1892,114_01636,114,1636,0,N,0,N,0,N,1.0,1.0,0.0,0.0,0.0,0.0,0.0,0.0,0.0
1893,114_01637,114,1637,0,N,0,N,0,N,1.0,1.0,0.0,0.0,0.0,0.0,0.0,0.0,0.0
1894,114_01638,114,1638,0,N,0,N,0,N,1.0,1.0,0.0,0.0,0.0,0.0,0.0,0.0,0.0
1895,114_01639,114,1639,0,N,0,N,0,N,1.0,1.0,0.0,0.0,0.0,0.0,0.0,0.0,0.0
1896,114_01640,114,1640,0,N,0,N,0,N,1.0,1.0,0.0,0.0,0.0,0.0,0.0,0.0,0.0
1897,114_01641,114,1641,0,N,0,N,0,N,1.0,1.0,0.0,0.0,0.0,0.0,0.0,0.0,0.0
1898,114_01642,114,1642,0,N,0,N,0,N,1.0,1.0,0.0,0.0,0.0,0.0,0.0,0.0,0.0
1899,114_01643,114,1643,0,N,0,N,0,N,1.0,1.0,0.0,0.0,0.0,0.0,0.0,0.0,0.0
1900,114_01644,114,1644,0,N,0,N,0,N,1.0,1.0,0.0,0.0,0.0,0.0,0.0,0.0,0.0
1901,114_01645,114,1645,0,N,0,N,0,N,1.0,1.0,0.0,0.0,0.0,0.0,0.0,0.0,0.0
1902,114_01646,114,1646,0,N,0,N,0,N,1.0,1.0,0.0,0.0,0.0,0.0,0.0,0.0,0.0
1903,114_01647,114,1647,0,N,0,N,0,N,1.0,1.0,0.0,0.0,0.0,0.0,0.0,0.0,0.0
1904,114_01648,114,1648,0,N,0,N,0,N,1.0,1.0,0.0,0.0,0.0,0.0,0.0,0.0,0.0
1905,114_01649,114,1649,0,N,0,N,0,N,1.0,1.0,0.0,0.0,0.0,0.0,0.0,0.0,0.0
1906,114_01650,114,1650,0,N,0,N,0,N,1.0,1.0,0.0,0.0,0.0,0.0,0.0,0.0,0.0
1907,114_01651,114,1651,0,N,0,N,0,N,1.0,1.0,0.0,0.0,0.0,0.0,0.0,0.0,0.0
1908,114_01652,114,1652,0,N,0,N,0,N,1.0,1.0,0.0,0.0,0.0,0.0,0.0,0.0,0.0
1909,114_01653,114,1653,0,N,0,N,0,N,1.0,1.0,0.0,0.0,0.0,0.0,0.0,0.0,0.0
1910,114_01654,114,1654,0,N,0,N,0,N,1.0,1.0,0.0,0.0,0.0,0.0,0.0,0.0,0.0
1911,114_01655,114,1655,0,N,0,N,0,N,1.0,1.0,0.0,0.0,0.0,0.0,0.0,0.0,0.0
1912,114_01656,114,1656,0,N,0,N,0,N,1.0,1.0,0.0,0.0,0.0,0.0,0.0,0.0,0.0
1913,114_01657,114,1657,0,N,0,N,0,N,1.0,1.0,0.0,0.0,0.0,0.0,0.0,0.0,0.0
1914,114_01658,114,1658,0,N,0,N,0,N,1.0,1.0,0.0,0.0,0.0,0.0,0.0,0.0,0.0
1915,114_01659,114,1659,0,N,0,N,0,N,1.0,1.0,0.0,0.0,0.0,0.0,0.0,0.0,0.0
1916,114_01660,114,1660,0,N,0,N,0,N,1.0,1.0,0.0,0.0,0.0,0.0,0.0,0.0,0.0
1917,114_01661,114,1661,0,N,0,N,0,N,1.0,1.0,0.0,0.0,0.0,0.0,0.0,0.0,0.0
1918,114_01662,114,1662,0,N,0,N,0,N,1.0,1.0,0.0,0.0,0.0,0.0,0.0,0.0,0.0
1919,114_01663,114,1663,0,N,0,N,0,N,1.0,1.0,0.0,0.0,0.0,0.0,0.0,0.0,0.0
1920,114_01664,114,1664,0,N,0,N,0,N,1.0,1.0,0.0,0.0,0.0,0.0,0.0,0.0,0.0
1921,114_01665,114,1665,0,N,0,N,0,N,1.0,1.0,0.0,0.0,0.0,0.0,0.0,0.0,0.0
1922,114_01666,114,1666,0,N,0,N,0,N,1.0,1.0,0.0,0.0,0.0,0.0,0.0,0.0,0.0
1923,114_01667,114,1667,0,N,0,N,0,N,1.0,1.0,0.0,0.0,0.0,0.0,0.0,0.0,0.0
1924,114_01668,114,1668,0,N,0,N,0,N,1.0,1.0,0.0,0.0,0.0,0.0,0.0,0.0,0.0
1925,114_01669,114,1669,0,N,0,N,0,N,1.0,1.0,0.0,0.0,0.0,0.0,0.0,0.0,0.0
1926,114_01670,114,1670,0,N,0,N,0,N,1.0,1.0,0.0,0.0,0.0,0.0,0.0,0.0,0.0
1927,114_01671,114,1671,0,N,0,N,0,N,1.0,1.0,0.0,0.0,0.0,0.0,0.0,0.0,0.0
1928,114_01672,114,1672,0,N,0,N,0,N,1.0,1.0,0.0,0.0,0.0,0.0,0.0,0.0,0.0
1929,114_01673,114,1673,0,N,0,N,0,N,1.0,1.0,0.0,0.0,0.0,0.0,0.0,0.0,0.0
1930,114_01674,114,1674,0,N,0,N,0,N,1.0,1.0,0.0,0.0,0.0,0.0,0.0,0.0,0.0
1931,114_01675,114,1675,0,N,0,N,0,N,1.0,1.0,0.0,0.0,0.0,0.0,0.0,0.0,0.0
1932,114_01676,114,1676,0,N,0,N,0,N,1.0,1.0,0.0,0.0,0.0,0.0,0.0,0.0,0.0
1933,114_01677,114,1677,0,N,0,N,0,N,1.0,1.0,0.0,0.0,0.0,0.0,0.0,0.0,0.0
1934,114_01678,114,1678,0,N,0,N,0,N,1.0,1.0,0.0,0.0,0.0,0.0,0.0,0.0,0.0
1935,114_01679,114,1679,0,N,0,N,0,N,1.0,1.0,0.0,0.0,0.0,0.0,0.0,0.0,0.0
1936,114_01680,114,1680,0,N,0,N,0,N,1.0,1.0,0.0,0.0,0.0,0.0,0.0,0.0,0.0
1937,114_01681,114,1681,0,N,0,N,0,N,1.0,1.0,0.0,0.0,0.0,0.0,0.0,0.0,0.0
1938,114_01682,114,1682,0,N,0,N,0,N,1.0,1.0,0.0,0.0,0.0,0.0,0.0,0.0,0.0
1939,114_01683,114,1683,0,N,0,N,0,N,1.0,1.0,0.0,0.0,0.0,0.0,0.0,0.0,0.0
1940,114_01684,114,1684,0,N,0,N,0,N,1.0,1.0,0.0,0.0,0.0,0.0,0.0,0.0,0.0
1941,114_01685,114,1685,0,N,0,N,0,N,1.0,1.0,0.0,0.0,0.0,0.0,0.0,0.0,0.0
1942,114_01686,114,1686,0,N,0,N,0,N,1.0,1.0,0.0,0.0,0.0,0.0,0.0,0.0,0.0
1943,114_01687,114,1687,0,N,0,N,0,N,1.0,1.0,0.0,0.0,0.0,0.0,0.0,0.0,0.0
1944,114_01688,114,1688,0,N,0,N,0,N,1.0,1.0,0.0,0.0,0.0,0.0,0.0,0.0,0.0
1945,114_01689,114,1689,0,N,0,N,0,N,1.0,1.0,0.0,0.0,0.0,0.0,0.0,0.0,0.0
1946,114_01690,114,1690,0,N,0,N,0,N,1.0,1.0,0.0,0.0,0.0,0.0,0.0,0.0,0.0
1947,114_01691,114,1691,0,N,0,N,0,N,1.0,1.0,0.0,0.0,0.0,0.0,0.0,0.0,0.0
1948,114_01692,114,1692,0,N,0,N,0,N,1.0,1.0,0.0,0.0,0.0,0.0,0.0,0.0,0.0
1949,114_01693,114,1693,0,N,0,N,0,N,1.0,1.0,0.0,0.0,0.0,0.0,0.0,0.0,0.0
1950,114_01694,114,1694,0,N,0,N,0,N,1.0,1.0,0.0,0.0,0.0,0.0,0.0,0.0,0.0
1951,114_01695,114,1695,0,N,0,N,0,N,1.0,1.0,0.0,0.0,0.0,0.0,0.0,0.0,0.0
1952,114_01696,114,1696,0,N,0,N,0,N,1.0,1.0,0.0,0.0,0.0,0.0,0.0,0.0,0.0
1953,114_01697,114,1697,0,N,0,N,0,N,1.0,1.0,0.0,0.0,0.0,0.0,0.0,0.0,0.0
1954,114_01698,114,1698,0,N,0,N,0,N,1.0,1.0,0.0,0.0,0.0,0.0,0.0,0.0,0.0
1955,114_01699,114,1699,0,N,0,N,0,N,1.0,1.0,0.0,0.0,0.0,0.0,0.0,0.0,0.0
1956,114_01700,114,1700,0,N,0,N,0,N,1.0,1.0,0.0,0.0,0.0,0.0,0.0,0.0,0.0
1957,114_01701,114,1701,0,N,0,N,0,N,1.0,1.0,0.0,0.0,0.0,0.0,0.0,0.0,0.0
1958,114_01702,114,1702,0,N,0,N,0,N,1.0,1.0,0.0,0.0,0.0,0.0,0.0,0.0,0.0
1959,114_01703,114,1703,0,N,0,N,0,N,1.0,1.0,0.0,0.0,0.0,0.0,0.0,0.0,0.0
1960,114_01704,114,1704,0,N,0,N,0,N,1.0,1.0,0.0,0.0,0.0,0.0,0.0,0.0,0.0
1961,114_01705,114,1705,0,N,0,N,0,N,1.0,1.0,0.0,0.0,0.0,0.0,0.0,0.0,0.0
1962,114_01706,114,1706,0,N,0,N,0,N,1.0,1.0,0.0,0.0,0.0,0.0,0.0,0.0,0.0
1963,114_01707,114,1707,0,N,0,N,0,N,1.0,1.0,0.0,0.0,0.0,0.0,0.0,0.0,0.0
1964,114_01708,114,1708,0,N,0,N,0,N,1.0,1.0,0.0,0.0,0.0,0.0,0.0,0.0,0.0
1965,114_01709,114,1709,0,N,0,N,0,N,1.0,1.0,0.0,0.0,0.0,0.0,0.0,0.0,0.0
1966,114_01710,114,1710,0,N,0,N,0,N,1.0,1.0,0.0,0.0,0.0,0.0,0.0,0.0,0.0
1967,114_01711,114,1711,0,N,0,N,0,N,1.0,1.0,0.0,0.0,0.0,0.0,0.0,0.0,0.0
1968,114_01712,114,1712,0,N,0,N,0,N,1.0,1.0,0.0,0.0,0.0,0.0,0.0,0.0,0.0
1969,114_01713,114,1713,0,N,0,N,0,N,1.0,1.0,0.0,0.0,0.0,0.0,0.0,0.0,0.0
1970,114_01714,114,1714,0,N,0,N,0,N,1.0,1.0,0.0,0.0,0.0,0.0,0.0,0.0,0.0
1971,114_01715,114,1715,0,N,0,N,0,N,1.0,1.0,0.0,0.0,0.0,0.0,0.0,0.0,0.0
1972,114_01716,114,1716,0,N,0,N,0,N,1.0,1.0,0.0,0.0,0.0,0.0,0.0,0.0,0.0
1973,114_01717,114,1717,0,N,0,N,0,N,1.0,1.0,0.0,0.0,0.0,0.0,0.0,0.0,0.0
1974,114_01718,114,1718,0,N,0,N,0,N,1.0,1.0,0.0,0.0,0.0,0.0,0.0,0.0,0.0
1975,114_01719,114,1719,0,N,0,N,0,N,1.0,1.0,0.0,0.0,0.0,0.0,0.0,0.0,0.0
1976,114_01720,114,1720,0,N,0,N,0,N,1.0,1.0,0.0,0.0,0.0,0.0,0.0,0.0,0.0
1977,114_01721,114,1721,0,N,0,N,0,N,1.0,1.0,0.0,0.0,0.0,0.0,0.0,0.0,0.0
1978,114_01722,114,1722,0,N,0,N,0,N,1.0,1.0,0.0,0.0,0.0,0.0,0.0,0.0,0.0
1979,114_01723,114,1723,0,N,0,N,0,N,1.0,1.0,0.0,0.0,0.0,0.0,0.0,0.0,0.0
1980,114_01724,114,1724,0,N,0,N,0,N,1.0,1.0,0.0,0.0,0.0,0.0,0.0,0.0,0.0
1981,114_01725,114,1725,0,N,0,N,0,N,1.0,1.0,0.0,0.0,0.0,0.0,0.0,0.0,0.0
1982,114_01726,114,1726,0,N,0,N,0,N,1.0,1.0,0.0,0.0,0.0,0.0,0.0,0.0,0.0
1983,114_01727,114,1727,0,N,0,N,0,N,1.0,1.0,0.0,0.0,0.0,0.0,0.0,0.0,0.0
1984,114_01728,114,1728,0,N,0,N,0,N,1.0,1.0,0.0,0.0,0.0,0.0,0.0,0.0,0.0
1985,114_01729,114,1729,0,N,0,N,0,N,1.0,1.0,0.0,0.0,0.0,0.0,0.0,0.0,0.0
1986,114_01730,114,1730,0,N,0,N,0,N,1.0,1.0,0.0,0.0,0.0,0.0,0.0,0.0,0.0
1987,114_01731,114,1731,0,N,0,N,0,N,1.0,1.0,0.0,0.0,0.0,0.0,0.0,0.0,0.0
1988,114_01732,114,1732,0,N,0,N,0,N,1.0,1.0,0.0,0.0,0.0,0.0,0.0,0.0,0.0
1989,114_01733,114,1733,0,N,0,N,0,N,1.0,1.0,0.0,0.0,0.0,0.0,0.0,0.0,0.0
1990,114_01734,114,1734,0,N,0,N,0,N,1.0,1.0,0.0,0.0,0.0,0.0,0.0,0.0,0.0
1991,114_01735,114,1735,0,N,0,N,0,N,1.0,1.0,0.0,0.0,0.0,0.0,0.0,0.0,0.0
1992,114_01736,114,1736,0,N,0,N,0,N,1.0,1.0,0.0,0.0,0.0,0.0,0.0,0.0,0.0
1993,114_01737,114,1737,0,N,0,N,0,N,1.0,1.0,0.0,0.0,0.0,0.0,0.0,0.0,0.0
1994,114_01738,114,1738,0,N,0,N,0,N,1.0,1.0,0.0,0.0,0.0,0.0,0.0,0.0,0.0
1995,114_01739,114,1739,0,N,0,N,0,N,1.0,1.0,0.0,0.0,0.0,0.0,0.0,0.0,0.0
1996,114_01740,114,1740,0,N,0,N,0,N,1.0,1.0,0.0,0.0,0.0,0.0,0.0,0.0,0.0
1997,114_01741,114,1741,0,N,0,N,0,N,1.0,1.0,0.0,0.0,0.0,0.0,0.0,0.0,0.0
1998,114_01742,114,1742,0,N,0,N,0,N,1.0,1.0,0.0,0.0,0.0,0.0,0.0,0.0,0.0
1999,114_01743,114,1743,0,N,0,N,0,N,1.0,1.0,0.0,0.0,0.0,0.0,0.0,0.0,0.0
2000,114_01744,114,1744,0,N,0,N,0,N,1.0,1.0,0.0,0.0,0.0,0.0,0.0,0.0,0.0
2001,114_01745,114,1745,0,N,0,N,0,N,1.0,1.0,0.0,0.0,0.0,0.0,0.0,0.0,0.0
2002,114_01746,114,1746,0,N,0,N,0,N,1.0,1.0,0.0,0.0,0.0,0.0,0.0,0.0,0.0
2003,114_01747,114,1747,0,N,0,N,0,N,1.0,1.0,0.0,0.0,0.0,0.0,0.0,0.0,0.0
2004,114_01748,114,1748,0,N,0,N,0,N,1.0,1.0,0.0,0.0,0.0,0.0,0.0,0.0,0.0
2005,114_01749,114,1749,0,N,0,N,0,N,1.0,1.0,0.0,0.0,0.0,0.0,0.0,0.0,0.0
2006,114_01750,114,1750,0,N,0,N,0,N,1.0,1.0,0.0,0.0,0.0,0.0,0.0,0.0,0.0
2007,114_01751,114,1751,0,N,0,N,0,N,1.0,1.0,0.0,0.0,0.0,0.0,0.0,0.0,0.0
2008,114_01752,114,1752,0,N,0,N,0,N,1.0,1.0,0.0,0.0,0.0,0.0,0.0,0.0,0.0
2009,114_01753,114,1753,0,N,0,N,0,N,1.0,1.0,0.0,0.0,0.0,0.0,0.0,0.0,0.0
2010,114_01754,114,1754,0,N,0,N,0,N,1.0,1.0,0.0,0.0,0.0,0.0,0.0,0.0,0.0
2011,114_01755,114,1755,0,N,0,N,0,N,1.0,1.0,0.0,0.0,0.0,0.0,0.0,0.0,0.0
2012,114_01756,114,1756,0,N,0,N,0,N,1.0,1.0,0.0,0.0,0.0,0.0,0.0,0.0,0.0
2013,114_01757,114,1757,0,N,0,N,0,N,1.0,1.0,0.0,0.0,0.0,0.0,0.0,0.0,0.0
2014,114_01758,114,1758,0,N,0,N,0,N,1.0,1.0,0.0,0.0,0.0,0.0,0.0,0.0,0.0
2015,114_01759,114,1759,0,N,0,N,0,N,1.0,1.0,0.0,0.0,0.0,0.0,0.0,0.0,0.0
2016,114_01760,114,1760,0,N,0,N,0,N,1.0,1.0,0.0,0.0,0.0,0.0,0.0,0.0,0.0
2017,114_01761,114,1761,0,N,0,N,0,N,1.0,1.0,0.0,0.0,0.0,0.0,0.0,0.0,0.0
2018,114_01762,114,1762,0,N,0,N,0,N,1.0,1.0,0.0,0.0,0.0,0.0,0.0,0.0,0.0
2019,114_01763,114,1763,0,N,0,N,0,N,1.0,1.0,0.0,0.0,0.0,0.0,0.0,0.0,0.0
2020,114_01764,114,1764,0,N,0,N,0,N,1.0,1.0,0.0,0.0,0.0,0.0,0.0,0.0,0.0
2021,114_01765,114,1765,0,N,0,N,0,N,1.0,1.0,0.0,0.0,0.0,0.0,0.0,0.0,0.0
2022,114_01766,114,1766,0,N,0,N,0,N,1.0,1.0,0.0,0.0,0.0,0.0,0.0,0.0,0.0
2023,114_01767,114,1767,0,N,0,N,0,N,1.0,1.0,0.0,0.0,0.0,0.0,0.0,0.0,0.0
2024,114_01768,114,1768,0,N,0,N,0,N,1.0,1.0,0.0,0.0,0.0,0.0,0.0,0.0,0.0
2025,114_01769,114,1769,0,N,0,N,0,N,1.0,1.0,0.0,0.0,0.0,0.0,0.0,0.0,0.0
2026,114_01770,114,1770,0,N,0,N,0,N,1.0,1.0,0.0,0.0,0.0,0.0,0.0,0.0,0.0
2027,114_01771,114,1771,0,N,0,N,0,N,1.0,1.0,0.0,0.0,0.0,0.0,0.0,0.0,0.0
2028,114_01772,114,1772,0,N,0,N,0,N,1.0,1.0,0.0,0.0,0.0,0.0,0.0,0.0,0.0
2029,114_01773,114,1773,0,N,0,N,0,N,1.0,1.0,0.0,0.0,0.0,0.0,0.0,0.0,0.0
2030,114_01774,114,1774,0,N,0,N,0,N,1.0,1.0,0.0,0.0,0.0,0.0,0.0,0.0,0.0
2031,114_01775,114,1775,0,N,0,N,0,N,1.0,1.0,0.0,0.0,0.0,0.0,0.0,0.0,0.0
2032,114_01776,114,1776,0,N,0,N,0,N,1.0,1.0,0.0,0.0,0.0,0.0,0.0,0.0,0.0
2033,114_01777,114,1777,0,N,0,N,0,N,1.0,1.0,0.0,0.0,0.0,0.0,0.0,0.0,0.0
2034,114_01778,114,1778,0,N,0,N,0,N,1.0,1.0,0.0,0.0,0.0,0.0,0.0,0.0,0.0
2035,114_01779,114,1779,0,N,0,N,0,N,1.0,1.0,0.0,0.0,0.0,0.0,0.0,0.0,0.0
2036,114_01780,114,1780,0,N,0,N,0,N,1.0,1.0,0.0,0.0,0.0,0.0,0.0,0.0,0.0
2037,114_01781,114,1781,0,N,0,N,0,N,1.0,1.0,0.0,0.0,0.0,0.0,0.0,0.0,0.0
2038,114_01782,114,1782,0,N,0,N,0,N,1.0,1.0,0.0,0.0,0.0,0.0,0.0,0.0,0.0
2039,114_01783,114,1783,0,N,0,N,0,N,1.0,1.0,0.0,0.0,0.0,0.0,0.0,0.0,0.0
2040,114_01784,114,1784,0,N,0,N,0,N,1.0,1.0,0.0,0.0,0.0,0.0,0.0,0.0,0.0
2041,114_01785,114,1785,0,N,0,N,0,N,1.0,1.0,0.0,0.0,0.0,0.0,0.0,0.0,0.0
2042,114_01786,114,1786,3,APC,0,N,0,N,1.0,1.0,0.0,0.0,0.0,0.0,0.0,0.0,0.0
2043,114_01787,114,1787,0,N,3,APC,3,APC,1.0,0.0,0.0,0.0,1.0,0.0,0.0,0.0,0.0
2044,114_01788,114,1788,0,N,0,N,0,N,1.0,1.0,0.0,0.0,0.0,0.0,0.0,0.0,0.0
2045,114_01789,114,1789,0,N,0,N,0,N,1.0,1.0,0.0,0.0,0.0,0.0,0.0,0.0,0.0
2046,114_01790,114,1790,0,N,0,N,0,N,1.0,1.0,0.0,0.0,0.0,0.0,0.0,0.0,0.0
2047,114_01791,114,1791,0,N,0,N,0,N,1.0,1.0,0.0,0.0,0.0,0.0,0.0,0.0,0.0
2048,114_01792,114,1792,0,N,0,N,0,N,1.0,1.0,0.0,0.0,0.0,0.0,0.0,0.0,0.0
2049,114_01793,114,1793,0,N,0,N,0,N,1.0,1.0,0.0,0.0,0.0,0.0,0.0,0.0,0.0
2050,114_01794,114,1794,0,N,0,N,0,N,1.0,1.0,0.0,0.0,0.0,0.0,0.0,0.0,0.0
2051,114_01795,114,1795,0,N,0,N,0,N,1.0,1.0,0.0,0.0,0.0,0.0,0.0,0.0,0.0
2052,114_01796,114,1796,0,N,0,N,0,N,1.0,1.0,0.0,0.0,0.0,0.0,0.0,0.0,0.0
2053,114_01797,114,1797,0,N,0,N,0,N,1.0,1.0,0.0,0.0,0.0,0.0,0.0,0.0,0.0
2054,114_01798,114,1798,0,N,0,N,0,N,1.0,1.0,0.0,0.0,0.0,0.0,0.0,0.0,0.0
2055,114_01799,114,1799,0,N,0,N,0,N,1.0,1.0,0.0,0.0,0.0,0.0,0.0,0.0,0.0
2056,114_01800,114,1800,0,N,0,N,0,N,1.0,1.0,0.0,0.0,0.0,0.0,0.0,0.0,0.0
2057,114_01801,114,1801,0,N,0,N,0,N,1.0,1.0,0.0,0.0,0.0,0.0,0.0,0.0,0.0
2058,114_01802,114,1802,0,N,0,N,0,N,1.0,1.0,0.0,0.0,0.0,0.0,0.0,0.0,0.0
2059,114_01803,114,1803,0,N,0,N,0,N,1.0,1.0,0.0,0.0,0.0,0.0,0.0,0.0,0.0
2060,114_01804,114,1804,0,N,0,N,0,N,1.0,1.0,0.0,0.0,0.0,0.0,0.0,0.0,0.0
2061,114_01805,114,1805,0,N,0,N,0,N,1.0,1.0,0.0,0.0,0.0,0.0,0.0,0.0,0.0
2062,114_01806,114,1806,0,N,0,N,0,N,1.0,1.0,0.0,0.0,0.0,0.0,0.0,0.0,0.0
2063,114_01807,114,1807,0,N,0,N,0,N,1.0,1.0,0.0,0.0,0.0,0.0,0.0,0.0,0.0
2064,114_01808,114,1808,0,N,0,N,0,N,1.0,1.0,0.0,0.0,0.0,0.0,0.0,0.0,0.0
2065,114_01809,114,1809,0,N,0,N,0,N,1.0,1.0,0.0,0.0,0.0,0.0,0.0,0.0,0.0
2066,114_01810,114,1810,0,N,0,N,0,N,1.0,1.0,0.0,0.0,0.0,0.0,0.0,0.0,0.0
2067,114_01811,114,1811,0,N,0,N,0,N,1.0,1.0,0.0,0.0,0.0,0.0,0.0,0.0,0.0
2068,114_01812,114,1812,0,N,0,N,0,N,1.0,1.0,0.0,0.0,0.0,0.0,0.0,0.0,0.0
2069,114_01813,114,1813,0,N,0,N,0,N,1.0,1.0,0.0,0.0,0.0,0.0,0.0,0.0,0.0
2070,114_01814,114,1814,0,N,0,N,0,N,1.0,1.0,0.0,0.0,0.0,0.0,0.0,0.0,0.0
2071,114_01815,114,1815,0,N,0,N,0,N,1.0,1.0,0.0,0.0,0.0,0.0,0.0,0.0,0.0
2072,114_01816,114,1816,0,N,0,N,0,N,1.0,1.0,0.0,0.0,0.0,0.0,0.0,0.0,0.0
2073,114_01817,114,1817,0,N,0,N,0,N,1.0,1.0,0.0,0.0,0.0,0.0,0.0,0.0,0.0
2074,114_01818,114,1818,0,N,0,N,0,N,1.0,1.0,0.0,0.0,0.0,0.0,0.0,0.0,0.0
2075,114_01819,114,1819,0,N,0,N,0,N,1.0,1.0,0.0,0.0,0.0,0.0,0.0,0.0,0.0
2076,114_01820,114,1820,0,N,0,N,0,N,1.0,1.0,0.0,0.0,0.0,0.0,0.0,0.0,0.0
2077,114_01821,114,1821,0,N,0,N,0,N,1.0,1.0,0.0,0.0,0.0,0.0,0.0,0.0,0.0
2078,114_01822,114,1822,0,N,0,N,0,N,1.0,1.0,0.0,0.0,0.0,0.0,0.0,0.0,0.0
2079,114_01823,114,1823,0,N,0,N,0,N,1.0,1.0,0.0,0.0,0.0,0.0,0.0,0.0,0.0
2080,114_01824,114,1824,0,N,0,N,0,N,1.0,1.0,0.0,0.0,0.0,0.0,0.0,0.0,0.0
2081,114_01825,114,1825,0,N,0,N,0,N,1.0,1.0,0.0,0.0,0.0,0.0,0.0,0.0,0.0
2082,114_01826,114,1826,0,N,0,N,0,N,1.0,1.0,0.0,0.0,0.0,0.0,0.0,0.0,0.0
2083,114_01827,114,1827,0,N,0,N,0,N,1.0,1.0,0.0,0.0,0.0,0.0,0.0,0.0,0.0
2084,114_01828,114,1828,0,N,0,N,0,N,1.0,1.0,0.0,0.0,0.0,0.0,0.0,0.0,0.0
2085,118_00000,118,0,2,RBBB,2,RBBB,2,RBBB,1.0,0.0,0.0,1.0,0.0,0.0,0.0,0.0,0.0
2086,118_00001,118,1,2,RBBB,2,RBBB,2,RBBB,1.0,0.0,0.0,1.0,0.0,0.0,0.0,0.0,0.0
2087,118_00002,118,2,2,RBBB,2,RBBB,2,RBBB,1.0,0.0,0.0,1.0,0.0,0.0,0.0,0.0,0.0
2088,118_00003,118,3,2,RBBB,2,RBBB,2,RBBB,1.0,0.0,0.0,1.0,0.0,0.0,0.0,0.0,0.0
2089,118_00004,118,4,2,RBBB,2,RBBB,2,RBBB,1.0,0.0,0.0,1.0,0.0,0.0,0.0,0.0,0.0
2090,118_00005,118,5,2,RBBB,2,RBBB,2,RBBB,1.0,0.0,0.0,1.0,0.0,0.0,0.0,0.0,0.0
2091,118_00006,118,6,2,RBBB,2,RBBB,2,RBBB,1.0,0.0,0.0,1.0,0.0,0.0,0.0,0.0,0.0
2092,118_00007,118,7,2,RBBB,2,RBBB,2,RBBB,1.0,0.0,0.0,1.0,0.0,0.0,0.0,0.0,0.0
2093,118_00008,118,8,2,RBBB,2,RBBB,2,RBBB,1.0,0.0,0.0,1.0,0.0,0.0,0.0,0.0,0.0
2094,118_00009,118,9,2,RBBB,2,RBBB,2,RBBB,1.0,0.0,0.0,1.0,0.0,0.0,0.0,0.0,0.0
2095,118_00010,118,10,2,RBBB,2,RBBB,2,RBBB,1.0,0.0,0.0,1.0,0.0,0.0,0.0,0.0,0.0
2096,118_00011,118,11,2,RBBB,2,RBBB,2,RBBB,1.0,0.0,0.0,1.0,0.0,0.0,0.0,0.0,0.0
2097,118_00012,118,12,2,RBBB,2,RBBB,2,RBBB,1.0,0.0,0.0,1.0,0.0,0.0,0.0,0.0,0.0
2098,118_00013,118,13,2,RBBB,2,RBBB,2,RBBB,1.0,0.0,0.0,1.0,0.0,0.0,0.0,0.0,0.0
2099,118_00014,118,14,2,RBBB,2,RBBB,2,RBBB,1.0,0.0,0.0,1.0,0.0,0.0,0.0,0.0,0.0
2100,118_00015,118,15,2,RBBB,2,RBBB,2,RBBB,1.0,0.0,0.0,1.0,0.0,0.0,0.0,0.0,0.0
2101,118_00016,118,16,2,RBBB,2,RBBB,2,RBBB,1.0,0.0,0.0,1.0,0.0,0.0,0.0,0.0,0.0
2102,118_00017,118,17,2,RBBB,2,RBBB,2,RBBB,1.0,0.0,0.0,1.0,0.0,0.0,0.0,0.0,0.0
2103,118_00018,118,18,2,RBBB,2,RBBB,2,RBBB,1.0,0.0,0.0,1.0,0.0,0.0,0.0,0.0,0.0
2104,118_00019,118,19,2,RBBB,2,RBBB,2,RBBB,1.0,0.0,0.0,1.0,0.0,0.0,0.0,0.0,0.0
2105,118_00020,118,20,2,RBBB,2,RBBB,2,RBBB,1.0,0.0,0.0,1.0,0.0,0.0,0.0,0.0,0.0
2106,118_00021,118,21,2,RBBB,2,RBBB,2,RBBB,1.0,0.0,0.0,1.0,0.0,0.0,0.0,0.0,0.0
2107,118_00022,118,22,2,RBBB,2,RBBB,2,RBBB,1.0,0.0,0.0,1.0,0.0,0.0,0.0,0.0,0.0
2108,118_00023,118,23,2,RBBB,2,RBBB,2,RBBB,1.0,0.0,0.0,1.0,0.0,0.0,0.0,0.0,0.0
2109,118_00024,118,24,2,RBBB,2,RBBB,2,RBBB,1.0,0.0,0.0,1.0,0.0,0.0,0.0,0.0,0.0
2110,118_00025,118,25,2,RBBB,2,RBBB,2,RBBB,1.0,0.0,0.0,1.0,0.0,0.0,0.0,0.0,0.0
2111,118_00026,118,26,2,RBBB,2,RBBB,2,RBBB,1.0,0.0,0.0,1.0,0.0,0.0,0.0,0.0,0.0
2112,118_00027,118,27,2,RBBB,2,RBBB,2,RBBB,1.0,0.0,0.0,1.0,0.0,0.0,0.0,0.0,0.0
2113,118_00028,118,28,2,RBBB,2,RBBB,2,RBBB,1.0,0.0,0.0,1.0,0.0,0.0,0.0,0.0,0.0
2114,118_00029,118,29,2,RBBB,2,RBBB,2,RBBB,1.0,0.0,0.0,1.0,0.0,0.0,0.0,0.0,0.0
2115,118_00030,118,30,2,RBBB,2,RBBB,2,RBBB,1.0,0.0,0.0,1.0,0.0,0.0,0.0,0.0,0.0
2116,118_00031,118,31,2,RBBB,2,RBBB,2,RBBB,1.0,0.0,0.0,1.0,0.0,0.0,0.0,0.0,0.0
2117,118_00032,118,32,2,RBBB,2,RBBB,2,RBBB,1.0,0.0,0.0,1.0,0.0,0.0,0.0,0.0,0.0
2118,118_00033,118,33,2,RBBB,2,RBBB,2,RBBB,1.0,0.0,0.0,1.0,0.0,0.0,0.0,0.0,0.0
2119,118_00034,118,34,2,RBBB,2,RBBB,2,RBBB,1.0,0.0,0.0,1.0,0.0,0.0,0.0,0.0,0.0
2120,118_00035,118,35,2,RBBB,2,RBBB,2,RBBB,1.0,0.0,0.0,1.0,0.0,0.0,0.0,0.0,0.0
2121,118_00036,118,36,2,RBBB,2,RBBB,2,RBBB,1.0,0.0,0.0,1.0,0.0,0.0,0.0,0.0,0.0
2122,118_00037,118,37,2,RBBB,2,RBBB,2,RBBB,1.0,0.0,0.0,1.0,0.0,0.0,0.0,0.0,0.0
2123,118_00038,118,38,2,RBBB,2,RBBB,2,RBBB,1.0,0.0,0.0,1.0,0.0,0.0,0.0,0.0,0.0
2124,118_00039,118,39,2,RBBB,2,RBBB,2,RBBB,1.0,0.0,0.0,1.0,0.0,0.0,0.0,0.0,0.0
2125,118_00040,118,40,2,RBBB,2,RBBB,2,RBBB,1.0,0.0,0.0,1.0,0.0,0.0,0.0,0.0,0.0
2126,118_00041,118,41,2,RBBB,2,RBBB,2,RBBB,1.0,0.0,0.0,1.0,0.0,0.0,0.0,0.0,0.0
2127,118_00042,118,42,2,RBBB,2,RBBB,2,RBBB,1.0,0.0,0.0,1.0,0.0,0.0,0.0,0.0,0.0
2128,118_00043,118,43,2,RBBB,2,RBBB,2,RBBB,1.0,0.0,0.0,1.0,0.0,0.0,0.0,0.0,0.0
2129,118_00044,118,44,2,RBBB,2,RBBB,2,RBBB,1.0,0.0,0.0,1.0,0.0,0.0,0.0,0.0,0.0
2130,118_00045,118,45,2,RBBB,2,RBBB,2,RBBB,1.0,0.0,0.0,1.0,0.0,0.0,0.0,0.0,0.0
2131,118_00046,118,46,2,RBBB,2,RBBB,2,RBBB,1.0,0.0,0.0,1.0,0.0,0.0,0.0,0.0,0.0
2132,118_00047,118,47,2,RBBB,2,RBBB,2,RBBB,1.0,0.0,0.0,1.0,0.0,0.0,0.0,0.0,0.0
2133,118_00048,118,48,2,RBBB,2,RBBB,2,RBBB,1.0,0.0,0.0,1.0,0.0,0.0,0.0,0.0,0.0
2134,118_00049,118,49,2,RBBB,2,RBBB,2,RBBB,1.0,0.0,0.0,1.0,0.0,0.0,0.0,0.0,0.0
2135,118_00050,118,50,2,RBBB,2,RBBB,2,RBBB,1.0,0.0,0.0,1.0,0.0,0.0,0.0,0.0,0.0
2136,118_00051,118,51,2,RBBB,2,RBBB,2,RBBB,1.0,0.0,0.0,1.0,0.0,0.0,0.0,0.0,0.0
2137,118_00052,118,52,2,RBBB,2,RBBB,2,RBBB,1.0,0.0,0.0,1.0,0.0,0.0,0.0,0.0,0.0
2138,118_00053,118,53,2,RBBB,2,RBBB,2,RBBB,1.0,0.0,0.0,1.0,0.0,0.0,0.0,0.0,0.0
2139,118_00054,118,54,2,RBBB,2,RBBB,2,RBBB,1.0,0.0,0.0,1.0,0.0,0.0,0.0,0.0,0.0
2140,118_00055,118,55,2,RBBB,2,RBBB,2,RBBB,1.0,0.0,0.0,1.0,0.0,0.0,0.0,0.0,0.0
2141,118_00056,118,56,2,RBBB,2,RBBB,2,RBBB,1.0,0.0,0.0,1.0,0.0,0.0,0.0,0.0,0.0
2142,118_00057,118,57,2,RBBB,2,RBBB,2,RBBB,1.0,0.0,0.0,1.0,0.0,0.0,0.0,0.0,0.0
2143,118_00058,118,58,2,RBBB,2,RBBB,2,RBBB,1.0,0.0,0.0,1.0,0.0,0.0,0.0,0.0,0.0
2144,118_00059,118,59,2,RBBB,2,RBBB,2,RBBB,1.0,0.0,0.0,1.0,0.0,0.0,0.0,0.0,0.0
2145,118_00060,118,60,2,RBBB,2,RBBB,2,RBBB,1.0,0.0,0.0,1.0,0.0,0.0,0.0,0.0,0.0
2146,118_00061,118,61,2,RBBB,2,RBBB,2,RBBB,1.0,0.0,0.0,1.0,0.0,0.0,0.0,0.0,0.0
2147,118_00062,118,62,2,RBBB,2,RBBB,2,RBBB,1.0,0.0,0.0,1.0,0.0,0.0,0.0,0.0,0.0
2148,118_00063,118,63,2,RBBB,2,RBBB,2,RBBB,1.0,0.0,0.0,1.0,0.0,0.0,0.0,0.0,0.0
2149,118_00064,118,64,2,RBBB,2,RBBB,2,RBBB,1.0,0.0,0.0,1.0,0.0,0.0,0.0,0.0,0.0
2150,118_00065,118,65,2,RBBB,2,RBBB,2,RBBB,1.0,0.0,0.0,1.0,0.0,0.0,0.0,0.0,0.0
2151,118_00066,118,66,2,RBBB,2,RBBB,2,RBBB,1.0,0.0,0.0,1.0,0.0,0.0,0.0,0.0,0.0
2152,118_00067,118,67,2,RBBB,2,RBBB,2,RBBB,1.0,0.0,0.0,1.0,0.0,0.0,0.0,0.0,0.0
2153,118_00068,118,68,2,RBBB,2,RBBB,2,RBBB,1.0,0.0,0.0,1.0,0.0,0.0,0.0,0.0,0.0
2154,118_00069,118,69,2,RBBB,2,RBBB,2,RBBB,1.0,0.0,0.0,1.0,0.0,0.0,0.0,0.0,0.0
2155,118_00070,118,70,2,RBBB,2,RBBB,2,RBBB,1.0,0.0,0.0,1.0,0.0,0.0,0.0,0.0,0.0
2156,118_00071,118,71,2,RBBB,2,RBBB,2,RBBB,1.0,0.0,0.0,1.0,0.0,0.0,0.0,0.0,0.0
2157,118_00072,118,72,2,RBBB,2,RBBB,2,RBBB,1.0,0.0,0.0,1.0,0.0,0.0,0.0,0.0,0.0
2158,118_00073,118,73,2,RBBB,2,RBBB,2,RBBB,1.0,0.0,0.0,1.0,0.0,0.0,0.0,0.0,0.0
2159,118_00074,118,74,2,RBBB,2,RBBB,2,RBBB,1.0,0.0,0.0,1.0,0.0,0.0,0.0,0.0,0.0
2160,118_00075,118,75,2,RBBB,2,RBBB,2,RBBB,1.0,0.0,0.0,1.0,0.0,0.0,0.0,0.0,0.0
2161,118_00076,118,76,2,RBBB,2,RBBB,2,RBBB,1.0,0.0,0.0,1.0,0.0,0.0,0.0,0.0,0.0
2162,118_00077,118,77,2,RBBB,2,RBBB,2,RBBB,1.0,0.0,0.0,1.0,0.0,0.0,0.0,0.0,0.0
2163,118_00078,118,78,2,RBBB,2,RBBB,2,RBBB,1.0,0.0,0.0,1.0,0.0,0.0,0.0,0.0,0.0
2164,118_00079,118,79,2,RBBB,2,RBBB,2,RBBB,1.0,0.0,0.0,1.0,0.0,0.0,0.0,0.0,0.0
2165,118_00080,118,80,2,RBBB,2,RBBB,2,RBBB,1.0,0.0,0.0,1.0,0.0,0.0,0.0,0.0,0.0
2166,118_00081,118,81,2,RBBB,2,RBBB,2,RBBB,1.0,0.0,0.0,1.0,0.0,0.0,0.0,0.0,0.0
2167,118_00082,118,82,2,RBBB,2,RBBB,2,RBBB,1.0,0.0,0.0,1.0,0.0,0.0,0.0,0.0,0.0
2168,118_00083,118,83,2,RBBB,2,RBBB,2,RBBB,1.0,0.0,0.0,1.0,0.0,0.0,0.0,0.0,0.0
2169,118_00084,118,84,2,RBBB,2,RBBB,2,RBBB,1.0,0.0,0.0,1.0,0.0,0.0,0.0,0.0,0.0
2170,118_00085,118,85,2,RBBB,2,RBBB,2,RBBB,1.0,0.0,0.0,1.0,0.0,0.0,0.0,0.0,0.0
2171,118_00086,118,86,2,RBBB,2,RBBB,2,RBBB,1.0,0.0,0.0,1.0,0.0,0.0,0.0,0.0,0.0
2172,118_00087,118,87,2,RBBB,2,RBBB,2,RBBB,1.0,0.0,0.0,1.0,0.0,0.0,0.0,0.0,0.0
2173,118_00088,118,88,2,RBBB,2,RBBB,2,RBBB,1.0,0.0,0.0,1.0,0.0,0.0,0.0,0.0,0.0
2174,118_00089,118,89,2,RBBB,2,RBBB,2,RBBB,1.0,0.0,0.0,1.0,0.0,0.0,0.0,0.0,0.0
2175,118_00090,118,90,2,RBBB,2,RBBB,2,RBBB,1.0,0.0,0.0,1.0,0.0,0.0,0.0,0.0,0.0
2176,118_00091,118,91,2,RBBB,2,RBBB,2,RBBB,1.0,0.0,0.0,1.0,0.0,0.0,0.0,0.0,0.0
2177,118_00092,118,92,2,RBBB,2,RBBB,2,RBBB,1.0,0.0,0.0,1.0,0.0,0.0,0.0,0.0,0.0
2178,118_00093,118,93,2,RBBB,2,RBBB,2,RBBB,1.0,0.0,0.0,1.0,0.0,0.0,0.0,0.0,0.0
2179,118_00094,118,94,2,RBBB,2,RBBB,2,RBBB,1.0,0.0,0.0,1.0,0.0,0.0,0.0,0.0,0.0
2180,118_00095,118,95,2,RBBB,2,RBBB,2,RBBB,1.0,0.0,0.0,1.0,0.0,0.0,0.0,0.0,0.0
2181,118_00096,118,96,2,RBBB,2,RBBB,2,RBBB,1.0,0.0,0.0,1.0,0.0,0.0,0.0,0.0,0.0
2182,118_00097,118,97,2,RBBB,2,RBBB,2,RBBB,1.0,0.0,0.0,1.0,0.0,0.0,0.0,0.0,0.0
2183,118_00098,118,98,2,RBBB,2,RBBB,2,RBBB,1.0,0.0,0.0,1.0,0.0,0.0,0.0,0.0,0.0
2184,118_00099,118,99,2,RBBB,2,RBBB,2,RBBB,1.0,0.0,0.0,1.0,0.0,0.0,0.0,0.0,0.0
2185,118_00100,118,100,2,RBBB,2,RBBB,2,RBBB,1.0,0.0,0.0,1.0,0.0,0.0,0.0,0.0,0.0
2186,118_00101,118,101,2,RBBB,2,RBBB,2,RBBB,1.0,0.0,0.0,1.0,0.0,0.0,0.0,0.0,0.0
2187,118_00102,118,102,2,RBBB,2,RBBB,2,RBBB,1.0,0.0,0.0,1.0,0.0,0.0,0.0,0.0,0.0
2188,118_00103,118,103,2,RBBB,2,RBBB,2,RBBB,1.0,0.0,0.0,1.0,0.0,0.0,0.0,0.0,0.0
2189,118_00104,118,104,2,RBBB,2,RBBB,2,RBBB,1.0,0.0,0.0,1.0,0.0,0.0,0.0,0.0,0.0
2190,118_00105,118,105,2,RBBB,2,RBBB,2,RBBB,1.0,0.0,0.0,1.0,0.0,0.0,0.0,0.0,0.0
2191,118_00106,118,106,2,RBBB,2,RBBB,2,RBBB,1.0,0.0,0.0,1.0,0.0,0.0,0.0,0.0,0.0
2192,118_00107,118,107,2,RBBB,2,RBBB,2,RBBB,1.0,0.0,0.0,1.0,0.0,0.0,0.0,0.0,0.0
2193,118_00108,118,108,3,APC,2,RBBB,2,RBBB,1.0,0.0,0.0,1.0,0.0,0.0,0.0,0.0,0.0
2194,118_00109,118,109,2,RBBB,3,APC,3,APC,1.0,0.0,0.0,0.0,1.0,0.0,0.0,0.0,0.0
2195,118_00110,118,110,2,RBBB,2,RBBB,2,RBBB,1.0,0.0,0.0,1.0,0.0,0.0,0.0,0.0,0.0
2196,118_00111,118,111,2,RBBB,2,RBBB,2,RBBB,1.0,0.0,0.0,1.0,0.0,0.0,0.0,0.0,0.0
2197,118_00112,118,112,2,RBBB,2,RBBB,2,RBBB,1.0,0.0,0.0,1.0,0.0,0.0,0.0,0.0,0.0
2198,118_00113,118,113,2,RBBB,2,RBBB,2,RBBB,1.0,0.0,0.0,1.0,0.0,0.0,0.0,0.0,0.0
2199,118_00114,118,114,3,APC,2,RBBB,2,RBBB,1.0,0.0,0.0,1.0,0.0,0.0,0.0,0.0,0.0
2200,118_00115,118,115,2,RBBB,3,APC,3,APC,1.0,0.0,0.0,0.0,1.0,0.0,0.0,0.0,0.0
2201,118_00116,118,116,2,RBBB,2,RBBB,2,RBBB,1.0,0.0,0.0,1.0,0.0,0.0,0.0,0.0,0.0
2202,118_00117,118,117,2,RBBB,2,RBBB,2,RBBB,1.0,0.0,0.0,1.0,0.0,0.0,0.0,0.0,0.0
2203,118_00118,118,118,2,RBBB,2,RBBB,2,RBBB,1.0,0.0,0.0,1.0,0.0,0.0,0.0,0.0,0.0
2204,118_00119,118,119,2,RBBB,2,RBBB,2,RBBB,1.0,0.0,0.0,1.0,0.0,0.0,0.0,0.0,0.0
2205,118_00120,118,120,2,RBBB,2,RBBB,2,RBBB,1.0,0.0,0.0,1.0,0.0,0.0,0.0,0.0,0.0
2206,118_00121,118,121,2,RBBB,2,RBBB,2,RBBB,1.0,0.0,0.0,1.0,0.0,0.0,0.0,0.0,0.0
2207,118_00122,118,122,2,RBBB,2,RBBB,2,RBBB,1.0,0.0,0.0,1.0,0.0,0.0,0.0,0.0,0.0
2208,118_00123,118,123,3,APC,2,RBBB,2,RBBB,1.0,0.0,0.0,1.0,0.0,0.0,0.0,0.0,0.0
2209,118_00124,118,124,2,RBBB,3,APC,3,APC,1.0,0.0,0.0,0.0,1.0,0.0,0.0,0.0,0.0
2210,118_00125,118,125,2,RBBB,2,RBBB,2,RBBB,1.0,0.0,0.0,1.0,0.0,0.0,0.0,0.0,0.0
2211,118_00126,118,126,2,RBBB,2,RBBB,2,RBBB,1.0,0.0,0.0,1.0,0.0,0.0,0.0,0.0,0.0
2212,118_00127,118,127,2,RBBB,2,RBBB,2,RBBB,1.0,0.0,0.0,1.0,0.0,0.0,0.0,0.0,0.0
2213,118_00128,118,128,2,RBBB,2,RBBB,2,RBBB,1.0,0.0,0.0,1.0,0.0,0.0,0.0,0.0,0.0
2214,118_00129,118,129,2,RBBB,2,RBBB,2,RBBB,1.0,0.0,0.0,1.0,0.0,0.0,0.0,0.0,0.0
2215,118_00130,118,130,2,RBBB,2,RBBB,2,RBBB,1.0,0.0,0.0,1.0,0.0,0.0,0.0,0.0,0.0
2216,118_00131,118,131,3,APC,2,RBBB,2,RBBB,1.0,0.0,0.0,1.0,0.0,0.0,0.0,0.0,0.0
2217,118_00132,118,132,2,RBBB,3,APC,3,APC,1.0,0.0,0.0,0.0,1.0,0.0,0.0,0.0,0.0
2218,118_00133,118,133,2,RBBB,2,RBBB,2,RBBB,1.0,0.0,0.0,1.0,0.0,0.0,0.0,0.0,0.0
2219,118_00134,118,134,2,RBBB,2,RBBB,2,RBBB,1.0,0.0,0.0,1.0,0.0,0.0,0.0,0.0,0.0
2220,118_00135,118,135,2,RBBB,2,RBBB,2,RBBB,1.0,0.0,0.0,1.0,0.0,0.0,0.0,0.0,0.0
2221,118_00136,118,136,2,RBBB,2,RBBB,2,RBBB,1.0,0.0,0.0,1.0,0.0,0.0,0.0,0.0,0.0
2222,118_00137,118,137,2,RBBB,2,RBBB,2,RBBB,1.0,0.0,0.0,1.0,0.0,0.0,0.0,0.0,0.0
2223,118_00138,118,138,2,RBBB,2,RBBB,2,RBBB,1.0,0.0,0.0,1.0,0.0,0.0,0.0,0.0,0.0
2224,118_00139,118,139,2,RBBB,2,RBBB,2,RBBB,1.0,0.0,0.0,1.0,0.0,0.0,0.0,0.0,0.0
2225,118_00140,118,140,2,RBBB,2,RBBB,2,RBBB,1.0,0.0,0.0,1.0,0.0,0.0,0.0,0.0,0.0
2226,118_00141,118,141,2,RBBB,2,RBBB,2,RBBB,1.0,0.0,0.0,1.0,0.0,0.0,0.0,0.0,0.0
2227,118_00142,118,142,2,RBBB,2,RBBB,2,RBBB,1.0,0.0,0.0,1.0,0.0,0.0,0.0,0.0,0.0
2228,118_00143,118,143,2,RBBB,2,RBBB,2,RBBB,1.0,0.0,0.0,1.0,0.0,0.0,0.0,0.0,0.0
2229,118_00144,118,144,2,RBBB,2,RBBB,2,RBBB,1.0,0.0,0.0,1.0,0.0,0.0,0.0,0.0,0.0
2230,118_00145,118,145,2,RBBB,2,RBBB,2,RBBB,1.0,0.0,0.0,1.0,0.0,0.0,0.0,0.0,0.0
2231,118_00146,118,146,2,RBBB,2,RBBB,2,RBBB,1.0,0.0,0.0,1.0,0.0,0.0,0.0,0.0,0.0
2232,118_00147,118,147,2,RBBB,2,RBBB,2,RBBB,1.0,0.0,0.0,1.0,0.0,0.0,0.0,0.0,0.0
2233,118_00148,118,148,2,RBBB,2,RBBB,2,RBBB,1.0,0.0,0.0,1.0,0.0,0.0,0.0,0.0,0.0
2234,118_00149,118,149,2,RBBB,2,RBBB,2,RBBB,1.0,0.0,0.0,1.0,0.0,0.0,0.0,0.0,0.0
2235,118_00150,118,150,2,RBBB,2,RBBB,2,RBBB,1.0,0.0,0.0,1.0,0.0,0.0,0.0,0.0,0.0
2236,118_00151,118,151,2,RBBB,2,RBBB,2,RBBB,1.0,0.0,0.0,1.0,0.0,0.0,0.0,0.0,0.0
2237,118_00152,118,152,2,RBBB,2,RBBB,2,RBBB,1.0,0.0,0.0,1.0,0.0,0.0,0.0,0.0,0.0
2238,118_00153,118,153,2,RBBB,2,RBBB,2,RBBB,1.0,0.0,0.0,1.0,0.0,0.0,0.0,0.0,0.0
2239,118_00154,118,154,2,RBBB,2,RBBB,2,RBBB,1.0,0.0,0.0,1.0,0.0,0.0,0.0,0.0,0.0
2240,118_00155,118,155,2,RBBB,2,RBBB,2,RBBB,1.0,0.0,0.0,1.0,0.0,0.0,0.0,0.0,0.0
2241,118_00156,118,156,2,RBBB,2,RBBB,2,RBBB,1.0,0.0,0.0,1.0,0.0,0.0,0.0,0.0,0.0
2242,118_00157,118,157,2,RBBB,2,RBBB,2,RBBB,1.0,0.0,0.0,1.0,0.0,0.0,0.0,0.0,0.0
2243,118_00158,118,158,2,RBBB,2,RBBB,2,RBBB,1.0,0.0,0.0,1.0,0.0,0.0,0.0,0.0,0.0
2244,118_00159,118,159,2,RBBB,2,RBBB,2,RBBB,1.0,0.0,0.0,1.0,0.0,0.0,0.0,0.0,0.0
2245,118_00160,118,160,2,RBBB,2,RBBB,2,RBBB,1.0,0.0,0.0,1.0,0.0,0.0,0.0,0.0,0.0
2246,118_00161,118,161,2,RBBB,2,RBBB,2,RBBB,1.0,0.0,0.0,1.0,0.0,0.0,0.0,0.0,0.0
2247,118_00162,118,162,2,RBBB,2,RBBB,2,RBBB,1.0,0.0,0.0,1.0,0.0,0.0,0.0,0.0,0.0
2248,118_00163,118,163,2,RBBB,2,RBBB,2,RBBB,1.0,0.0,0.0,1.0,0.0,0.0,0.0,0.0,0.0
2249,118_00164,118,164,2,RBBB,2,RBBB,2,RBBB,1.0,0.0,0.0,1.0,0.0,0.0,0.0,0.0,0.0
2250,118_00165,118,165,2,RBBB,2,RBBB,2,RBBB,1.0,0.0,0.0,1.0,0.0,0.0,0.0,0.0,0.0
2251,118_00166,118,166,2,RBBB,2,RBBB,2,RBBB,1.0,0.0,0.0,1.0,0.0,0.0,0.0,0.0,0.0
2252,118_00167,118,167,2,RBBB,2,RBBB,2,RBBB,1.0,0.0,0.0,1.0,0.0,0.0,0.0,0.0,0.0
2253,118_00168,118,168,2,RBBB,2,RBBB,2,RBBB,1.0,0.0,0.0,1.0,0.0,0.0,0.0,0.0,0.0
2254,118_00169,118,169,2,RBBB,2,RBBB,2,RBBB,1.0,0.0,0.0,1.0,0.0,0.0,0.0,0.0,0.0
2255,118_00170,118,170,2,RBBB,2,RBBB,2,RBBB,1.0,0.0,0.0,1.0,0.0,0.0,0.0,0.0,0.0
2256,118_00171,118,171,2,RBBB,2,RBBB,2,RBBB,1.0,0.0,0.0,1.0,0.0,0.0,0.0,0.0,0.0
2257,118_00172,118,172,2,RBBB,2,RBBB,2,RBBB,1.0,0.0,0.0,1.0,0.0,0.0,0.0,0.0,0.0
2258,118_00173,118,173,2,RBBB,2,RBBB,2,RBBB,1.0,0.0,0.0,1.0,0.0,0.0,0.0,0.0,0.0
2259,118_00174,118,174,2,RBBB,2,RBBB,2,RBBB,1.0,0.0,0.0,1.0,0.0,0.0,0.0,0.0,0.0
2260,118_00175,118,175,2,RBBB,2,RBBB,2,RBBB,1.0,0.0,0.0,1.0,0.0,0.0,0.0,0.0,0.0
2261,118_00176,118,176,2,RBBB,2,RBBB,2,RBBB,1.0,0.0,0.0,1.0,0.0,0.0,0.0,0.0,0.0
2262,118_00177,118,177,2,RBBB,2,RBBB,2,RBBB,1.0,0.0,0.0,1.0,0.0,0.0,0.0,0.0,0.0
2263,118_00178,118,178,2,RBBB,2,RBBB,2,RBBB,1.0,0.0,0.0,1.0,0.0,0.0,0.0,0.0,0.0
2264,118_00179,118,179,2,RBBB,2,RBBB,2,RBBB,1.0,0.0,0.0,1.0,0.0,0.0,0.0,0.0,0.0
2265,118_00180,118,180,2,RBBB,2,RBBB,2,RBBB,1.0,0.0,0.0,1.0,0.0,0.0,0.0,0.0,0.0
2266,118_00181,118,181,2,RBBB,2,RBBB,2,RBBB,1.0,0.0,0.0,1.0,0.0,0.0,0.0,0.0,0.0
2267,118_00182,118,182,2,RBBB,2,RBBB,2,RBBB,1.0,0.0,0.0,1.0,0.0,0.0,0.0,0.0,0.0
2268,118_00183,118,183,2,RBBB,2,RBBB,2,RBBB,1.0,0.0,0.0,1.0,0.0,0.0,0.0,0.0,0.0
2269,118_00184,118,184,2,RBBB,2,RBBB,2,RBBB,1.0,0.0,0.0,1.0,0.0,0.0,0.0,0.0,0.0
2270,118_00185,118,185,2,RBBB,2,RBBB,2,RBBB,1.0,0.0,0.0,1.0,0.0,0.0,0.0,0.0,0.0
2271,118_00186,118,186,2,RBBB,2,RBBB,2,RBBB,1.0,0.0,0.0,1.0,0.0,0.0,0.0,0.0,0.0
2272,118_00187,118,187,2,RBBB,2,RBBB,2,RBBB,1.0,0.0,0.0,1.0,0.0,0.0,0.0,0.0,0.0
2273,118_00188,118,188,2,RBBB,2,RBBB,2,RBBB,1.0,0.0,0.0,1.0,0.0,0.0,0.0,0.0,0.0
2274,118_00189,118,189,2,RBBB,2,RBBB,2,RBBB,1.0,0.0,0.0,1.0,0.0,0.0,0.0,0.0,0.0
2275,118_00190,118,190,2,RBBB,2,RBBB,2,RBBB,1.0,0.0,0.0,1.0,0.0,0.0,0.0,0.0,0.0
2276,118_00191,118,191,2,RBBB,2,RBBB,2,RBBB,1.0,0.0,0.0,1.0,0.0,0.0,0.0,0.0,0.0
2277,118_00192,118,192,2,RBBB,2,RBBB,2,RBBB,1.0,0.0,0.0,1.0,0.0,0.0,0.0,0.0,0.0
2278,118_00193,118,193,2,RBBB,2,RBBB,2,RBBB,1.0,0.0,0.0,1.0,0.0,0.0,0.0,0.0,0.0
2279,118_00194,118,194,2,RBBB,2,RBBB,2,RBBB,1.0,0.0,0.0,1.0,0.0,0.0,0.0,0.0,0.0
2280,118_00195,118,195,2,RBBB,2,RBBB,2,RBBB,1.0,0.0,0.0,1.0,0.0,0.0,0.0,0.0,0.0
2281,118_00196,118,196,2,RBBB,2,RBBB,2,RBBB,1.0,0.0,0.0,1.0,0.0,0.0,0.0,0.0,0.0
2282,118_00197,118,197,2,RBBB,2,RBBB,2,RBBB,1.0,0.0,0.0,1.0,0.0,0.0,0.0,0.0,0.0
2283,118_00198,118,198,2,RBBB,2,RBBB,2,RBBB,1.0,0.0,0.0,1.0,0.0,0.0,0.0,0.0,0.0
2284,118_00199,118,199,2,RBBB,2,RBBB,2,RBBB,1.0,0.0,0.0,1.0,0.0,0.0,0.0,0.0,0.0
2285,118_00200,118,200,3,APC,2,RBBB,2,RBBB,1.0,0.0,0.0,1.0,0.0,0.0,0.0,0.0,0.0
2286,118_00201,118,201,2,RBBB,3,APC,3,APC,1.0,0.0,0.0,0.0,1.0,0.0,0.0,0.0,0.0
2287,118_00202,118,202,2,RBBB,2,RBBB,2,RBBB,1.0,0.0,0.0,1.0,0.0,0.0,0.0,0.0,0.0
2288,118_00203,118,203,2,RBBB,2,RBBB,2,RBBB,1.0,0.0,0.0,1.0,0.0,0.0,0.0,0.0,0.0
2289,118_00204,118,204,2,RBBB,2,RBBB,2,RBBB,1.0,0.0,0.0,1.0,0.0,0.0,0.0,0.0,0.0
2290,118_00205,118,205,2,RBBB,2,RBBB,2,RBBB,1.0,0.0,0.0,1.0,0.0,0.0,0.0,0.0,0.0
2291,118_00206,118,206,2,RBBB,2,RBBB,2,RBBB,1.0,0.0,0.0,1.0,0.0,0.0,0.0,0.0,0.0
2292,118_00207,118,207,2,RBBB,2,RBBB,2,RBBB,1.0,0.0,0.0,1.0,0.0,0.0,0.0,0.0,0.0
2293,118_00208,118,208,2,RBBB,2,RBBB,2,RBBB,1.0,0.0,0.0,1.0,0.0,0.0,0.0,0.0,0.0
2294,118_00209,118,209,2,RBBB,2,RBBB,2,RBBB,1.0,0.0,0.0,1.0,0.0,0.0,0.0,0.0,0.0
2295,118_00210,118,210,2,RBBB,2,RBBB,2,RBBB,1.0,0.0,0.0,1.0,0.0,0.0,0.0,0.0,0.0
2296,118_00211,118,211,2,RBBB,2,RBBB,2,RBBB,1.0,0.0,0.0,1.0,0.0,0.0,0.0,0.0,0.0
2297,118_00212,118,212,2,RBBB,2,RBBB,2,RBBB,1.0,0.0,0.0,1.0,0.0,0.0,0.0,0.0,0.0
2298,118_00213,118,213,2,RBBB,2,RBBB,2,RBBB,1.0,0.0,0.0,1.0,0.0,0.0,0.0,0.0,0.0
2299,118_00214,118,214,2,RBBB,2,RBBB,2,RBBB,1.0,0.0,0.0,1.0,0.0,0.0,0.0,0.0,0.0
2300,118_00215,118,215,2,RBBB,2,RBBB,2,RBBB,1.0,0.0,0.0,1.0,0.0,0.0,0.0,0.0,0.0
2301,118_00216,118,216,2,RBBB,2,RBBB,2,RBBB,1.0,0.0,0.0,1.0,0.0,0.0,0.0,0.0,0.0
2302,118_00217,118,217,2,RBBB,2,RBBB,2,RBBB,1.0,0.0,0.0,1.0,0.0,0.0,0.0,0.0,0.0
2303,118_00218,118,218,2,RBBB,2,RBBB,2,RBBB,1.0,0.0,0.0,1.0,0.0,0.0,0.0,0.0,0.0
2304,118_00219,118,219,2,RBBB,2,RBBB,2,RBBB,1.0,0.0,0.0,1.0,0.0,0.0,0.0,0.0,0.0
2305,118_00220,118,220,2,RBBB,2,RBBB,2,RBBB,1.0,0.0,0.0,1.0,0.0,0.0,0.0,0.0,0.0
2306,118_00221,118,221,2,RBBB,2,RBBB,2,RBBB,1.0,0.0,0.0,1.0,0.0,0.0,0.0,0.0,0.0
2307,118_00222,118,222,2,RBBB,2,RBBB,2,RBBB,1.0,0.0,0.0,1.0,0.0,0.0,0.0,0.0,0.0
2308,118_00223,118,223,2,RBBB,2,RBBB,2,RBBB,1.0,0.0,0.0,1.0,0.0,0.0,0.0,0.0,0.0
2309,118_00224,118,224,2,RBBB,2,RBBB,2,RBBB,1.0,0.0,0.0,1.0,0.0,0.0,0.0,0.0,0.0
2310,118_00225,118,225,2,RBBB,2,RBBB,2,RBBB,1.0,0.0,0.0,1.0,0.0,0.0,0.0,0.0,0.0
2311,118_00226,118,226,2,RBBB,2,RBBB,2,RBBB,1.0,0.0,0.0,1.0,0.0,0.0,0.0,0.0,0.0
2312,118_00227,118,227,2,RBBB,2,RBBB,2,RBBB,1.0,0.0,0.0,1.0,0.0,0.0,0.0,0.0,0.0
2313,118_00228,118,228,2,RBBB,2,RBBB,2,RBBB,1.0,0.0,0.0,1.0,0.0,0.0,0.0,0.0,0.0
2314,118_00229,118,229,2,RBBB,2,RBBB,2,RBBB,1.0,0.0,0.0,1.0,0.0,0.0,0.0,0.0,0.0
2315,118_00230,118,230,2,RBBB,2,RBBB,2,RBBB,1.0,0.0,0.0,1.0,0.0,0.0,0.0,0.0,0.0
2316,118_00231,118,231,2,RBBB,2,RBBB,2,RBBB,1.0,0.0,0.0,1.0,0.0,0.0,0.0,0.0,0.0
2317,118_00232,118,232,2,RBBB,2,RBBB,2,RBBB,1.0,0.0,0.0,1.0,0.0,0.0,0.0,0.0,0.0
2318,118_00233,118,233,2,RBBB,2,RBBB,2,RBBB,1.0,0.0,0.0,1.0,0.0,0.0,0.0,0.0,0.0
2319,118_00234,118,234,2,RBBB,2,RBBB,2,RBBB,1.0,0.0,0.0,1.0,0.0,0.0,0.0,0.0,0.0
2320,118_00235,118,235,3,APC,2,RBBB,2,RBBB,1.0,0.0,0.0,1.0,0.0,0.0,0.0,0.0,0.0
2321,118_00236,118,236,2,RBBB,3,APC,3,APC,1.0,0.0,0.0,0.0,1.0,0.0,0.0,0.0,0.0
2322,118_00237,118,237,3,APC,2,RBBB,2,RBBB,1.0,0.0,0.0,1.0,0.0,0.0,0.0,0.0,0.0
2323,118_00238,118,238,2,RBBB,3,APC,3,APC,1.0,0.0,0.0,0.0,1.0,0.0,0.0,0.0,0.0
2324,118_00239,118,239,2,RBBB,2,RBBB,2,RBBB,1.0,0.0,0.0,1.0,0.0,0.0,0.0,0.0,0.0
2325,118_00240,118,240,2,RBBB,2,RBBB,2,RBBB,1.0,0.0,0.0,1.0,0.0,0.0,0.0,0.0,0.0
2326,118_00241,118,241,2,RBBB,2,RBBB,2,RBBB,1.0,0.0,0.0,1.0,0.0,0.0,0.0,0.0,0.0
2327,118_00242,118,242,2,RBBB,2,RBBB,2,RBBB,1.0,0.0,0.0,1.0,0.0,0.0,0.0,0.0,0.0
2328,118_00243,118,243,2,RBBB,2,RBBB,2,RBBB,1.0,0.0,0.0,1.0,0.0,0.0,0.0,0.0,0.0
2329,118_00244,118,244,2,RBBB,2,RBBB,2,RBBB,1.0,0.0,0.0,1.0,0.0,0.0,0.0,0.0,0.0
2330,118_00245,118,245,2,RBBB,2,RBBB,2,RBBB,1.0,0.0,0.0,1.0,0.0,0.0,0.0,0.0,0.0
2331,118_00246,118,246,2,RBBB,2,RBBB,2,RBBB,1.0,0.0,0.0,1.0,0.0,0.0,0.0,0.0,0.0
2332,118_00247,118,247,2,RBBB,2,RBBB,2,RBBB,1.0,0.0,0.0,1.0,0.0,0.0,0.0,0.0,0.0
2333,118_00248,118,248,2,RBBB,2,RBBB,2,RBBB,1.0,0.0,0.0,1.0,0.0,0.0,0.0,0.0,0.0
2334,118_00249,118,249,2,RBBB,2,RBBB,2,RBBB,1.0,0.0,0.0,1.0,0.0,0.0,0.0,0.0,0.0
2335,118_00250,118,250,2,RBBB,2,RBBB,2,RBBB,1.0,0.0,0.0,1.0,0.0,0.0,0.0,0.0,0.0
2336,118_00251,118,251,2,RBBB,2,RBBB,2,RBBB,1.0,0.0,0.0,1.0,0.0,0.0,0.0,0.0,0.0
2337,118_00252,118,252,2,RBBB,2,RBBB,2,RBBB,1.0,0.0,0.0,1.0,0.0,0.0,0.0,0.0,0.0
2338,118_00253,118,253,2,RBBB,2,RBBB,2,RBBB,1.0,0.0,0.0,1.0,0.0,0.0,0.0,0.0,0.0
2339,118_00254,118,254,2,RBBB,2,RBBB,2,RBBB,1.0,0.0,0.0,1.0,0.0,0.0,0.0,0.0,0.0
2340,118_00255,118,255,2,RBBB,2,RBBB,2,RBBB,1.0,0.0,0.0,1.0,0.0,0.0,0.0,0.0,0.0
2341,118_00256,118,256,2,RBBB,2,RBBB,2,RBBB,1.0,0.0,0.0,1.0,0.0,0.0,0.0,0.0,0.0
2342,118_00257,118,257,2,RBBB,2,RBBB,2,RBBB,1.0,0.0,0.0,1.0,0.0,0.0,0.0,0.0,0.0
2343,118_00258,118,258,2,RBBB,2,RBBB,2,RBBB,1.0,0.0,0.0,1.0,0.0,0.0,0.0,0.0,0.0
2344,118_00259,118,259,2,RBBB,2,RBBB,2,RBBB,1.0,0.0,0.0,1.0,0.0,0.0,0.0,0.0,0.0
2345,118_00260,118,260,2,RBBB,2,RBBB,2,RBBB,1.0,0.0,0.0,1.0,0.0,0.0,0.0,0.0,0.0
2346,118_00261,118,261,2,RBBB,2,RBBB,2,RBBB,1.0,0.0,0.0,1.0,0.0,0.0,0.0,0.0,0.0
2347,118_00262,118,262,2,RBBB,2,RBBB,2,RBBB,1.0,0.0,0.0,1.0,0.0,0.0,0.0,0.0,0.0
2348,118_00263,118,263,2,RBBB,2,RBBB,2,RBBB,1.0,0.0,0.0,1.0,0.0,0.0,0.0,0.0,0.0
2349,118_00264,118,264,2,RBBB,2,RBBB,2,RBBB,1.0,0.0,0.0,1.0,0.0,0.0,0.0,0.0,0.0
2350,118_00265,118,265,2,RBBB,2,RBBB,2,RBBB,1.0,0.0,0.0,1.0,0.0,0.0,0.0,0.0,0.0
2351,118_00266,118,266,2,RBBB,2,RBBB,2,RBBB,1.0,0.0,0.0,1.0,0.0,0.0,0.0,0.0,0.0
2352,118_00267,118,267,2,RBBB,2,RBBB,2,RBBB,1.0,0.0,0.0,1.0,0.0,0.0,0.0,0.0,0.0
2353,118_00268,118,268,2,RBBB,2,RBBB,2,RBBB,1.0,0.0,0.0,1.0,0.0,0.0,0.0,0.0,0.0
2354,118_00269,118,269,2,RBBB,2,RBBB,2,RBBB,1.0,0.0,0.0,1.0,0.0,0.0,0.0,0.0,0.0
2355,118_00270,118,270,2,RBBB,2,RBBB,2,RBBB,1.0,0.0,0.0,1.0,0.0,0.0,0.0,0.0,0.0
2356,118_00271,118,271,2,RBBB,2,RBBB,2,RBBB,1.0,0.0,0.0,1.0,0.0,0.0,0.0,0.0,0.0
2357,118_00272,118,272,2,RBBB,2,RBBB,2,RBBB,1.0,0.0,0.0,1.0,0.0,0.0,0.0,0.0,0.0
2358,118_00273,118,273,2,RBBB,2,RBBB,2,RBBB,1.0,0.0,0.0,1.0,0.0,0.0,0.0,0.0,0.0
2359,118_00274,118,274,2,RBBB,2,RBBB,2,RBBB,1.0,0.0,0.0,1.0,0.0,0.0,0.0,0.0,0.0
2360,118_00275,118,275,2,RBBB,2,RBBB,2,RBBB,1.0,0.0,0.0,1.0,0.0,0.0,0.0,0.0,0.0
2361,118_00276,118,276,2,RBBB,2,RBBB,2,RBBB,1.0,0.0,0.0,1.0,0.0,0.0,0.0,0.0,0.0
2362,118_00277,118,277,2,RBBB,2,RBBB,2,RBBB,1.0,0.0,0.0,1.0,0.0,0.0,0.0,0.0,0.0
2363,118_00278,118,278,2,RBBB,2,RBBB,2,RBBB,1.0,0.0,0.0,1.0,0.0,0.0,0.0,0.0,0.0
2364,118_00279,118,279,2,RBBB,2,RBBB,2,RBBB,1.0,0.0,0.0,1.0,0.0,0.0,0.0,0.0,0.0
2365,118_00280,118,280,2,RBBB,2,RBBB,2,RBBB,1.0,0.0,0.0,1.0,0.0,0.0,0.0,0.0,0.0
2366,118_00281,118,281,2,RBBB,2,RBBB,2,RBBB,1.0,0.0,0.0,1.0,0.0,0.0,0.0,0.0,0.0
2367,118_00282,118,282,2,RBBB,2,RBBB,2,RBBB,1.0,0.0,0.0,1.0,0.0,0.0,0.0,0.0,0.0
2368,118_00283,118,283,2,RBBB,2,RBBB,2,RBBB,1.0,0.0,0.0,1.0,0.0,0.0,0.0,0.0,0.0
2369,118_00284,118,284,2,RBBB,2,RBBB,2,RBBB,1.0,0.0,0.0,1.0,0.0,0.0,0.0,0.0,0.0
2370,118_00285,118,285,2,RBBB,2,RBBB,2,RBBB,1.0,0.0,0.0,1.0,0.0,0.0,0.0,0.0,0.0
2371,118_00286,118,286,2,RBBB,2,RBBB,2,RBBB,1.0,0.0,0.0,1.0,0.0,0.0,0.0,0.0,0.0
2372,118_00287,118,287,2,RBBB,2,RBBB,2,RBBB,1.0,0.0,0.0,1.0,0.0,0.0,0.0,0.0,0.0
2373,118_00288,118,288,2,RBBB,2,RBBB,2,RBBB,1.0,0.0,0.0,1.0,0.0,0.0,0.0,0.0,0.0
2374,118_00289,118,289,2,RBBB,2,RBBB,2,RBBB,1.0,0.0,0.0,1.0,0.0,0.0,0.0,0.0,0.0
2375,118_00290,118,290,2,RBBB,2,RBBB,2,RBBB,1.0,0.0,0.0,1.0,0.0,0.0,0.0,0.0,0.0
2376,118_00291,118,291,2,RBBB,2,RBBB,2,RBBB,1.0,0.0,0.0,1.0,0.0,0.0,0.0,0.0,0.0
2377,118_00292,118,292,2,RBBB,2,RBBB,2,RBBB,1.0,0.0,0.0,1.0,0.0,0.0,0.0,0.0,0.0
2378,118_00293,118,293,2,RBBB,2,RBBB,2,RBBB,1.0,0.0,0.0,1.0,0.0,0.0,0.0,0.0,0.0
2379,118_00294,118,294,2,RBBB,2,RBBB,2,RBBB,1.0,0.0,0.0,1.0,0.0,0.0,0.0,0.0,0.0
2380,118_00295,118,295,2,RBBB,2,RBBB,2,RBBB,1.0,0.0,0.0,1.0,0.0,0.0,0.0,0.0,0.0
2381,118_00296,118,296,2,RBBB,2,RBBB,2,RBBB,1.0,0.0,0.0,1.0,0.0,0.0,0.0,0.0,0.0
2382,118_00297,118,297,2,RBBB,2,RBBB,2,RBBB,1.0,0.0,0.0,1.0,0.0,0.0,0.0,0.0,0.0
2383,118_00298,118,298,2,RBBB,2,RBBB,2,RBBB,1.0,0.0,0.0,1.0,0.0,0.0,0.0,0.0,0.0
2384,118_00299,118,299,2,RBBB,2,RBBB,2,RBBB,1.0,0.0,0.0,1.0,0.0,0.0,0.0,0.0,0.0
2385,118_00300,118,300,2,RBBB,2,RBBB,2,RBBB,1.0,0.0,0.0,1.0,0.0,0.0,0.0,0.0,0.0
2386,118_00301,118,301,2,RBBB,2,RBBB,2,RBBB,1.0,0.0,0.0,1.0,0.0,0.0,0.0,0.0,0.0
2387,118_00302,118,302,2,RBBB,2,RBBB,2,RBBB,1.0,0.0,0.0,1.0,0.0,0.0,0.0,0.0,0.0
2388,118_00303,118,303,2,RBBB,2,RBBB,2,RBBB,1.0,0.0,0.0,1.0,0.0,0.0,0.0,0.0,0.0
2389,118_00304,118,304,2,RBBB,2,RBBB,2,RBBB,1.0,0.0,0.0,1.0,0.0,0.0,0.0,0.0,0.0
2390,118_00305,118,305,2,RBBB,2,RBBB,2,RBBB,1.0,0.0,0.0,1.0,0.0,0.0,0.0,0.0,0.0
2391,118_00306,118,306,2,RBBB,2,RBBB,2,RBBB,1.0,0.0,0.0,1.0,0.0,0.0,0.0,0.0,0.0
2392,118_00307,118,307,2,RBBB,2,RBBB,2,RBBB,1.0,0.0,0.0,1.0,0.0,0.0,0.0,0.0,0.0
2393,118_00308,118,308,2,RBBB,2,RBBB,2,RBBB,1.0,0.0,0.0,1.0,0.0,0.0,0.0,0.0,0.0
2394,118_00309,118,309,2,RBBB,2,RBBB,2,RBBB,1.0,0.0,0.0,1.0,0.0,0.0,0.0,0.0,0.0
2395,118_00310,118,310,2,RBBB,2,RBBB,2,RBBB,1.0,0.0,0.0,1.0,0.0,0.0,0.0,0.0,0.0
2396,118_00311,118,311,2,RBBB,2,RBBB,2,RBBB,1.0,0.0,0.0,1.0,0.0,0.0,0.0,0.0,0.0
2397,118_00312,118,312,2,RBBB,2,RBBB,2,RBBB,1.0,0.0,0.0,1.0,0.0,0.0,0.0,0.0,0.0
2398,118_00313,118,313,2,RBBB,2,RBBB,2,RBBB,1.0,0.0,0.0,1.0,0.0,0.0,0.0,0.0,0.0
2399,118_00314,118,314,2,RBBB,2,RBBB,2,RBBB,1.0,0.0,0.0,1.0,0.0,0.0,0.0,0.0,0.0
2400,118_00315,118,315,2,RBBB,2,RBBB,2,RBBB,1.0,0.0,0.0,1.0,0.0,0.0,0.0,0.0,0.0
2401,118_00316,118,316,2,RBBB,2,RBBB,2,RBBB,1.0,0.0,0.0,1.0,0.0,0.0,0.0,0.0,0.0
2402,118_00317,118,317,2,RBBB,2,RBBB,2,RBBB,1.0,0.0,0.0,1.0,0.0,0.0,0.0,0.0,0.0
2403,118_00318,118,318,2,RBBB,2,RBBB,2,RBBB,1.0,0.0,0.0,1.0,0.0,0.0,0.0,0.0,0.0
2404,118_00319,118,319,2,RBBB,2,RBBB,2,RBBB,1.0,0.0,0.0,1.0,0.0,0.0,0.0,0.0,0.0
2405,118_00320,118,320,2,RBBB,2,RBBB,2,RBBB,1.0,0.0,0.0,1.0,0.0,0.0,0.0,0.0,0.0
2406,118_00321,118,321,2,RBBB,2,RBBB,2,RBBB,1.0,0.0,0.0,1.0,0.0,0.0,0.0,0.0,0.0
2407,118_00322,118,322,2,RBBB,2,RBBB,2,RBBB,1.0,0.0,0.0,1.0,0.0,0.0,0.0,0.0,0.0
2408,118_00323,118,323,2,RBBB,2,RBBB,2,RBBB,1.0,0.0,0.0,1.0,0.0,0.0,0.0,0.0,0.0
2409,118_00324,118,324,2,RBBB,2,RBBB,2,RBBB,1.0,0.0,0.0,1.0,0.0,0.0,0.0,0.0,0.0
2410,118_00325,118,325,3,APC,2,RBBB,2,RBBB,1.0,0.0,0.0,1.0,0.0,0.0,0.0,0.0,0.0
2411,118_00326,118,326,2,RBBB,3,APC,3,APC,1.0,0.0,0.0,0.0,1.0,0.0,0.0,0.0,0.0
2412,118_00327,118,327,2,RBBB,2,RBBB,2,RBBB,1.0,0.0,0.0,1.0,0.0,0.0,0.0,0.0,0.0
2413,118_00328,118,328,2,RBBB,2,RBBB,2,RBBB,1.0,0.0,0.0,1.0,0.0,0.0,0.0,0.0,0.0
2414,118_00329,118,329,2,RBBB,2,RBBB,2,RBBB,1.0,0.0,0.0,1.0,0.0,0.0,0.0,0.0,0.0
2415,118_00330,118,330,2,RBBB,2,RBBB,2,RBBB,1.0,0.0,0.0,1.0,0.0,0.0,0.0,0.0,0.0
2416,118_00331,118,331,3,APC,2,RBBB,2,RBBB,1.0,0.0,0.0,1.0,0.0,0.0,0.0,0.0,0.0
2417,118_00332,118,332,2,RBBB,3,APC,3,APC,1.0,0.0,0.0,0.0,1.0,0.0,0.0,0.0,0.0
2418,118_00333,118,333,2,RBBB,2,RBBB,2,RBBB,1.0,0.0,0.0,1.0,0.0,0.0,0.0,0.0,0.0
2419,118_00334,118,334,2,RBBB,2,RBBB,2,RBBB,1.0,0.0,0.0,1.0,0.0,0.0,0.0,0.0,0.0
2420,118_00335,118,335,2,RBBB,2,RBBB,2,RBBB,1.0,0.0,0.0,1.0,0.0,0.0,0.0,0.0,0.0
2421,118_00336,118,336,2,RBBB,2,RBBB,2,RBBB,1.0,0.0,0.0,1.0,0.0,0.0,0.0,0.0,0.0
2422,118_00337,118,337,3,APC,2,RBBB,2,RBBB,1.0,0.0,0.0,1.0,0.0,0.0,0.0,0.0,0.0
2423,118_00338,118,338,2,RBBB,3,APC,3,APC,1.0,0.0,0.0,0.0,1.0,0.0,0.0,0.0,0.0
2424,118_00339,118,339,2,RBBB,2,RBBB,2,RBBB,1.0,0.0,0.0,1.0,0.0,0.0,0.0,0.0,0.0
2425,118_00340,118,340,2,RBBB,2,RBBB,2,RBBB,1.0,0.0,0.0,1.0,0.0,0.0,0.0,0.0,0.0
2426,118_00341,118,341,2,RBBB,2,RBBB,2,RBBB,1.0,0.0,0.0,1.0,0.0,0.0,0.0,0.0,0.0
2427,118_00342,118,342,2,RBBB,2,RBBB,2,RBBB,1.0,0.0,0.0,1.0,0.0,0.0,0.0,0.0,0.0
2428,118_00343,118,343,2,RBBB,2,RBBB,2,RBBB,1.0,0.0,0.0,1.0,0.0,0.0,0.0,0.0,0.0
2429,118_00344,118,344,2,RBBB,2,RBBB,2,RBBB,1.0,0.0,0.0,1.0,0.0,0.0,0.0,0.0,0.0
2430,118_00345,118,345,2,RBBB,2,RBBB,2,RBBB,1.0,0.0,0.0,1.0,0.0,0.0,0.0,0.0,0.0
2431,118_00346,118,346,2,RBBB,2,RBBB,2,RBBB,1.0,0.0,0.0,1.0,0.0,0.0,0.0,0.0,0.0
2432,118_00347,118,347,2,RBBB,2,RBBB,2,RBBB,1.0,0.0,0.0,1.0,0.0,0.0,0.0,0.0,0.0
2433,118_00348,118,348,2,RBBB,2,RBBB,2,RBBB,1.0,0.0,0.0,1.0,0.0,0.0,0.0,0.0,0.0
2434,118_00349,118,349,2,RBBB,2,RBBB,2,RBBB,1.0,0.0,0.0,1.0,0.0,0.0,0.0,0.0,0.0
2435,118_00350,118,350,2,RBBB,2,RBBB,2,RBBB,1.0,0.0,0.0,1.0,0.0,0.0,0.0,0.0,0.0
2436,118_00351,118,351,2,RBBB,2,RBBB,2,RBBB,1.0,0.0,0.0,1.0,0.0,0.0,0.0,0.0,0.0
2437,118_00352,118,352,2,RBBB,2,RBBB,2,RBBB,1.0,0.0,0.0,1.0,0.0,0.0,0.0,0.0,0.0
2438,118_00353,118,353,2,RBBB,2,RBBB,2,RBBB,1.0,0.0,0.0,1.0,0.0,0.0,0.0,0.0,0.0
2439,118_00354,118,354,2,RBBB,2,RBBB,2,RBBB,1.0,0.0,0.0,1.0,0.0,0.0,0.0,0.0,0.0
2440,118_00355,118,355,2,RBBB,2,RBBB,2,RBBB,1.0,0.0,0.0,1.0,0.0,0.0,0.0,0.0,0.0
2441,118_00356,118,356,2,RBBB,2,RBBB,2,RBBB,1.0,0.0,0.0,1.0,0.0,0.0,0.0,0.0,0.0
2442,118_00357,118,357,2,RBBB,2,RBBB,2,RBBB,1.0,0.0,0.0,1.0,0.0,0.0,0.0,0.0,0.0
2443,118_00358,118,358,2,RBBB,2,RBBB,2,RBBB,1.0,0.0,0.0,1.0,0.0,0.0,0.0,0.0,0.0
2444,118_00359,118,359,2,RBBB,2,RBBB,2,RBBB,1.0,0.0,0.0,1.0,0.0,0.0,0.0,0.0,0.0
2445,118_00360,118,360,2,RBBB,2,RBBB,2,RBBB,1.0,0.0,0.0,1.0,0.0,0.0,0.0,0.0,0.0
2446,118_00361,118,361,3,APC,2,RBBB,2,RBBB,1.0,0.0,0.0,1.0,0.0,0.0,0.0,0.0,0.0
2447,118_00362,118,362,2,RBBB,3,APC,3,APC,1.0,0.0,0.0,0.0,1.0,0.0,0.0,0.0,0.0
2448,118_00363,118,363,2,RBBB,2,RBBB,2,RBBB,1.0,0.0,0.0,1.0,0.0,0.0,0.0,0.0,0.0
2449,118_00364,118,364,2,RBBB,2,RBBB,2,RBBB,1.0,0.0,0.0,1.0,0.0,0.0,0.0,0.0,0.0
2450,118_00365,118,365,2,RBBB,2,RBBB,2,RBBB,1.0,0.0,0.0,1.0,0.0,0.0,0.0,0.0,0.0
2451,118_00366,118,366,2,RBBB,2,RBBB,2,RBBB,1.0,0.0,0.0,1.0,0.0,0.0,0.0,0.0,0.0
2452,118_00367,118,367,3,APC,2,RBBB,2,RBBB,1.0,0.0,0.0,1.0,0.0,0.0,0.0,0.0,0.0
2453,118_00368,118,368,2,RBBB,3,APC,3,APC,1.0,0.0,0.0,0.0,1.0,0.0,0.0,0.0,0.0
2454,118_00369,118,369,2,RBBB,2,RBBB,2,RBBB,1.0,0.0,0.0,1.0,0.0,0.0,0.0,0.0,0.0
2455,118_00370,118,370,2,RBBB,2,RBBB,2,RBBB,1.0,0.0,0.0,1.0,0.0,0.0,0.0,0.0,0.0
2456,118_00371,118,371,2,RBBB,2,RBBB,2,RBBB,1.0,0.0,0.0,1.0,0.0,0.0,0.0,0.0,0.0
2457,118_00372,118,372,2,RBBB,2,RBBB,2,RBBB,1.0,0.0,0.0,1.0,0.0,0.0,0.0,0.0,0.0
2458,118_00373,118,373,2,RBBB,2,RBBB,2,RBBB,1.0,0.0,0.0,1.0,0.0,0.0,0.0,0.0,0.0
2459,118_00374,118,374,2,RBBB,2,RBBB,2,RBBB,1.0,0.0,0.0,1.0,0.0,0.0,0.0,0.0,0.0
2460,118_00375,118,375,2,RBBB,2,RBBB,2,RBBB,1.0,0.0,0.0,1.0,0.0,0.0,0.0,0.0,0.0
2461,118_00376,118,376,2,RBBB,2,RBBB,2,RBBB,1.0,0.0,0.0,1.0,0.0,0.0,0.0,0.0,0.0
2462,118_00377,118,377,2,RBBB,2,RBBB,2,RBBB,1.0,0.0,0.0,1.0,0.0,0.0,0.0,0.0,0.0
2463,118_00378,118,378,2,RBBB,2,RBBB,2,RBBB,1.0,0.0,0.0,1.0,0.0,0.0,0.0,0.0,0.0
2464,118_00379,118,379,2,RBBB,2,RBBB,2,RBBB,1.0,0.0,0.0,1.0,0.0,0.0,0.0,0.0,0.0
2465,118_00380,118,380,2,RBBB,2,RBBB,2,RBBB,1.0,0.0,0.0,1.0,0.0,0.0,0.0,0.0,0.0
2466,118_00381,118,381,2,RBBB,2,RBBB,2,RBBB,1.0,0.0,0.0,1.0,0.0,0.0,0.0,0.0,0.0
2467,118_00382,118,382,2,RBBB,2,RBBB,2,RBBB,1.0,0.0,0.0,1.0,0.0,0.0,0.0,0.0,0.0
2468,118_00383,118,383,2,RBBB,2,RBBB,2,RBBB,1.0,0.0,0.0,1.0,0.0,0.0,0.0,0.0,0.0
2469,118_00384,118,384,2,RBBB,2,RBBB,2,RBBB,1.0,0.0,0.0,1.0,0.0,0.0,0.0,0.0,0.0
2470,118_00385,118,385,2,RBBB,2,RBBB,2,RBBB,1.0,0.0,0.0,1.0,0.0,0.0,0.0,0.0,0.0
2471,118_00386,118,386,2,RBBB,2,RBBB,2,RBBB,1.0,0.0,0.0,1.0,0.0,0.0,0.0,0.0,0.0
2472,118_00387,118,387,2,RBBB,2,RBBB,2,RBBB,1.0,0.0,0.0,1.0,0.0,0.0,0.0,0.0,0.0
2473,118_00388,118,388,2,RBBB,2,RBBB,2,RBBB,1.0,0.0,0.0,1.0,0.0,0.0,0.0,0.0,0.0
2474,118_00389,118,389,2,RBBB,2,RBBB,2,RBBB,1.0,0.0,0.0,1.0,0.0,0.0,0.0,0.0,0.0
2475,118_00390,118,390,2,RBBB,2,RBBB,2,RBBB,1.0,0.0,0.0,1.0,0.0,0.0,0.0,0.0,0.0
2476,118_00391,118,391,2,RBBB,2,RBBB,2,RBBB,1.0,0.0,0.0,1.0,0.0,0.0,0.0,0.0,0.0
2477,118_00392,118,392,2,RBBB,2,RBBB,2,RBBB,1.0,0.0,0.0,1.0,0.0,0.0,0.0,0.0,0.0
2478,118_00393,118,393,2,RBBB,2,RBBB,2,RBBB,1.0,0.0,0.0,1.0,0.0,0.0,0.0,0.0,0.0
2479,118_00394,118,394,2,RBBB,2,RBBB,2,RBBB,1.0,0.0,0.0,1.0,0.0,0.0,0.0,0.0,0.0
2480,118_00395,118,395,2,RBBB,2,RBBB,2,RBBB,1.0,0.0,0.0,1.0,0.0,0.0,0.0,0.0,0.0
2481,118_00396,118,396,2,RBBB,2,RBBB,2,RBBB,1.0,0.0,0.0,1.0,0.0,0.0,0.0,0.0,0.0
2482,118_00397,118,397,2,RBBB,2,RBBB,2,RBBB,1.0,0.0,0.0,1.0,0.0,0.0,0.0,0.0,0.0
2483,118_00398,118,398,2,RBBB,2,RBBB,2,RBBB,1.0,0.0,0.0,1.0,0.0,0.0,0.0,0.0,0.0
2484,118_00399,118,399,2,RBBB,2,RBBB,2,RBBB,1.0,0.0,0.0,1.0,0.0,0.0,0.0,0.0,0.0
2485,118_00400,118,400,2,RBBB,2,RBBB,2,RBBB,1.0,0.0,0.0,1.0,0.0,0.0,0.0,0.0,0.0
2486,118_00401,118,401,2,RBBB,2,RBBB,2,RBBB,1.0,0.0,0.0,1.0,0.0,0.0,0.0,0.0,0.0
2487,118_00402,118,402,2,RBBB,2,RBBB,2,RBBB,1.0,0.0,0.0,1.0,0.0,0.0,0.0,0.0,0.0
2488,118_00403,118,403,2,RBBB,2,RBBB,2,RBBB,1.0,0.0,0.0,1.0,0.0,0.0,0.0,0.0,0.0
2489,118_00404,118,404,2,RBBB,2,RBBB,2,RBBB,1.0,0.0,0.0,1.0,0.0,0.0,0.0,0.0,0.0
2490,118_00405,118,405,2,RBBB,2,RBBB,2,RBBB,1.0,0.0,0.0,1.0,0.0,0.0,0.0,0.0,0.0
2491,118_00406,118,406,2,RBBB,2,RBBB,2,RBBB,1.0,0.0,0.0,1.0,0.0,0.0,0.0,0.0,0.0
2492,118_00407,118,407,2,RBBB,2,RBBB,2,RBBB,1.0,0.0,0.0,1.0,0.0,0.0,0.0,0.0,0.0
2493,118_00408,118,408,2,RBBB,2,RBBB,2,RBBB,1.0,0.0,0.0,1.0,0.0,0.0,0.0,0.0,0.0
2494,118_00409,118,409,2,RBBB,2,RBBB,2,RBBB,1.0,0.0,0.0,1.0,0.0,0.0,0.0,0.0,0.0
2495,118_00410,118,410,2,RBBB,2,RBBB,2,RBBB,1.0,0.0,0.0,1.0,0.0,0.0,0.0,0.0,0.0
2496,118_00411,118,411,2,RBBB,2,RBBB,2,RBBB,1.0,0.0,0.0,1.0,0.0,0.0,0.0,0.0,0.0
2497,118_00412,118,412,2,RBBB,2,RBBB,2,RBBB,1.0,0.0,0.0,1.0,0.0,0.0,0.0,0.0,0.0
2498,118_00413,118,413,2,RBBB,2,RBBB,2,RBBB,1.0,0.0,0.0,1.0,0.0,0.0,0.0,0.0,0.0
2499,118_00414,118,414,2,RBBB,2,RBBB,2,RBBB,1.0,0.0,0.0,1.0,0.0,0.0,0.0,0.0,0.0
2500,118_00415,118,415,3,APC,2,RBBB,2,RBBB,1.0,0.0,0.0,1.0,0.0,0.0,0.0,0.0,0.0
2501,118_00416,118,416,2,RBBB,3,APC,3,APC,1.0,0.0,0.0,0.0,1.0,0.0,0.0,0.0,0.0
2502,118_00417,118,417,2,RBBB,2,RBBB,2,RBBB,1.0,0.0,0.0,1.0,0.0,0.0,0.0,0.0,0.0
2503,118_00418,118,418,2,RBBB,2,RBBB,2,RBBB,1.0,0.0,0.0,1.0,0.0,0.0,0.0,0.0,0.0
2504,118_00419,118,419,2,RBBB,2,RBBB,2,RBBB,1.0,0.0,0.0,1.0,0.0,0.0,0.0,0.0,0.0
2505,118_00420,118,420,3,APC,2,RBBB,2,RBBB,1.0,0.0,0.0,1.0,0.0,0.0,0.0,0.0,0.0
2506,118_00421,118,421,2,RBBB,3,APC,3,APC,1.0,0.0,0.0,0.0,1.0,0.0,0.0,0.0,0.0
2507,118_00422,118,422,3,APC,2,RBBB,2,RBBB,1.0,0.0,0.0,1.0,0.0,0.0,0.0,0.0,0.0
2508,118_00423,118,423,2,RBBB,3,APC,3,APC,1.0,0.0,0.0,0.0,1.0,0.0,0.0,0.0,0.0
2509,118_00424,118,424,3,APC,2,RBBB,2,RBBB,1.0,0.0,0.0,1.0,0.0,0.0,0.0,0.0,0.0
2510,118_00425,118,425,2,RBBB,3,APC,3,APC,1.0,0.0,0.0,0.0,1.0,0.0,0.0,0.0,0.0
2511,118_00426,118,426,3,APC,2,RBBB,2,RBBB,1.0,0.0,0.0,1.0,0.0,0.0,0.0,0.0,0.0
2512,118_00427,118,427,2,RBBB,3,APC,3,APC,1.0,0.0,0.0,0.0,1.0,0.0,0.0,0.0,0.0
2513,118_00428,118,428,2,RBBB,2,RBBB,2,RBBB,1.0,0.0,0.0,1.0,0.0,0.0,0.0,0.0,0.0
2514,118_00429,118,429,2,RBBB,2,RBBB,2,RBBB,1.0,0.0,0.0,1.0,0.0,0.0,0.0,0.0,0.0
2515,118_00430,118,430,3,APC,2,RBBB,2,RBBB,1.0,0.0,0.0,1.0,0.0,0.0,0.0,0.0,0.0
2516,118_00431,118,431,2,RBBB,3,APC,3,APC,1.0,0.0,0.0,0.0,1.0,0.0,0.0,0.0,0.0
2517,118_00432,118,432,2,RBBB,2,RBBB,2,RBBB,1.0,0.0,0.0,1.0,0.0,0.0,0.0,0.0,0.0
2518,118_00433,118,433,2,RBBB,2,RBBB,2,RBBB,1.0,0.0,0.0,1.0,0.0,0.0,0.0,0.0,0.0
2519,118_00434,118,434,2,RBBB,2,RBBB,2,RBBB,1.0,0.0,0.0,1.0,0.0,0.0,0.0,0.0,0.0
2520,118_00435,118,435,2,RBBB,2,RBBB,2,RBBB,1.0,0.0,0.0,1.0,0.0,0.0,0.0,0.0,0.0
2521,118_00436,118,436,2,RBBB,2,RBBB,2,RBBB,1.0,0.0,0.0,1.0,0.0,0.0,0.0,0.0,0.0
2522,118_00437,118,437,2,RBBB,2,RBBB,2,RBBB,1.0,0.0,0.0,1.0,0.0,0.0,0.0,0.0,0.0
2523,118_00438,118,438,2,RBBB,2,RBBB,2,RBBB,1.0,0.0,0.0,1.0,0.0,0.0,0.0,0.0,0.0
2524,118_00439,118,439,2,RBBB,2,RBBB,2,RBBB,1.0,0.0,0.0,1.0,0.0,0.0,0.0,0.0,0.0
2525,118_00440,118,440,2,RBBB,2,RBBB,2,RBBB,1.0,0.0,0.0,1.0,0.0,0.0,0.0,0.0,0.0
2526,118_00441,118,441,2,RBBB,2,RBBB,2,RBBB,1.0,0.0,0.0,1.0,0.0,0.0,0.0,0.0,0.0
2527,118_00442,118,442,2,RBBB,2,RBBB,2,RBBB,1.0,0.0,0.0,1.0,0.0,0.0,0.0,0.0,0.0
2528,118_00443,118,443,2,RBBB,2,RBBB,2,RBBB,1.0,0.0,0.0,1.0,0.0,0.0,0.0,0.0,0.0
2529,118_00444,118,444,2,RBBB,2,RBBB,2,RBBB,1.0,0.0,0.0,1.0,0.0,0.0,0.0,0.0,0.0
2530,118_00445,118,445,2,RBBB,2,RBBB,2,RBBB,1.0,0.0,0.0,1.0,0.0,0.0,0.0,0.0,0.0
2531,118_00446,118,446,2,RBBB,2,RBBB,2,RBBB,1.0,0.0,0.0,1.0,0.0,0.0,0.0,0.0,0.0
2532,118_00447,118,447,2,RBBB,2,RBBB,2,RBBB,1.0,0.0,0.0,1.0,0.0,0.0,0.0,0.0,0.0
2533,118_00448,118,448,2,RBBB,2,RBBB,2,RBBB,1.0,0.0,0.0,1.0,0.0,0.0,0.0,0.0,0.0
2534,118_00449,118,449,2,RBBB,2,RBBB,2,RBBB,1.0,0.0,0.0,1.0,0.0,0.0,0.0,0.0,0.0
2535,118_00450,118,450,2,RBBB,2,RBBB,2,RBBB,1.0,0.0,0.0,1.0,0.0,0.0,0.0,0.0,0.0
2536,118_00451,118,451,2,RBBB,2,RBBB,2,RBBB,1.0,0.0,0.0,1.0,0.0,0.0,0.0,0.0,0.0
2537,118_00452,118,452,2,RBBB,2,RBBB,2,RBBB,1.0,0.0,0.0,1.0,0.0,0.0,0.0,0.0,0.0
2538,118_00453,118,453,2,RBBB,2,RBBB,2,RBBB,1.0,0.0,0.0,1.0,0.0,0.0,0.0,0.0,0.0
2539,118_00454,118,454,2,RBBB,2,RBBB,2,RBBB,1.0,0.0,0.0,1.0,0.0,0.0,0.0,0.0,0.0
2540,118_00455,118,455,2,RBBB,2,RBBB,2,RBBB,1.0,0.0,0.0,1.0,0.0,0.0,0.0,0.0,0.0
2541,118_00456,118,456,2,RBBB,2,RBBB,2,RBBB,1.0,0.0,0.0,1.0,0.0,0.0,0.0,0.0,0.0
2542,118_00457,118,457,2,RBBB,2,RBBB,2,RBBB,1.0,0.0,0.0,1.0,0.0,0.0,0.0,0.0,0.0
2543,118_00458,118,458,2,RBBB,2,RBBB,2,RBBB,1.0,0.0,0.0,1.0,0.0,0.0,0.0,0.0,0.0
2544,118_00459,118,459,2,RBBB,2,RBBB,2,RBBB,1.0,0.0,0.0,1.0,0.0,0.0,0.0,0.0,0.0
2545,118_00460,118,460,2,RBBB,2,RBBB,2,RBBB,1.0,0.0,0.0,1.0,0.0,0.0,0.0,0.0,0.0
2546,118_00461,118,461,2,RBBB,2,RBBB,2,RBBB,1.0,0.0,0.0,1.0,0.0,0.0,0.0,0.0,0.0
2547,118_00462,118,462,2,RBBB,2,RBBB,2,RBBB,1.0,0.0,0.0,1.0,0.0,0.0,0.0,0.0,0.0
2548,118_00463,118,463,2,RBBB,2,RBBB,2,RBBB,1.0,0.0,0.0,1.0,0.0,0.0,0.0,0.0,0.0
2549,118_00464,118,464,2,RBBB,2,RBBB,2,RBBB,1.0,0.0,0.0,1.0,0.0,0.0,0.0,0.0,0.0
2550,118_00465,118,465,2,RBBB,2,RBBB,2,RBBB,1.0,0.0,0.0,1.0,0.0,0.0,0.0,0.0,0.0
2551,118_00466,118,466,2,RBBB,2,RBBB,2,RBBB,1.0,0.0,0.0,1.0,0.0,0.0,0.0,0.0,0.0
2552,118_00467,118,467,2,RBBB,2,RBBB,2,RBBB,1.0,0.0,0.0,1.0,0.0,0.0,0.0,0.0,0.0
2553,118_00468,118,468,2,RBBB,2,RBBB,2,RBBB,1.0,0.0,0.0,1.0,0.0,0.0,0.0,0.0,0.0
2554,118_00469,118,469,2,RBBB,2,RBBB,2,RBBB,1.0,0.0,0.0,1.0,0.0,0.0,0.0,0.0,0.0
2555,118_00470,118,470,2,RBBB,2,RBBB,2,RBBB,1.0,0.0,0.0,1.0,0.0,0.0,0.0,0.0,0.0
2556,118_00471,118,471,2,RBBB,2,RBBB,2,RBBB,1.0,0.0,0.0,1.0,0.0,0.0,0.0,0.0,0.0
2557,118_00472,118,472,2,RBBB,2,RBBB,2,RBBB,1.0,0.0,0.0,1.0,0.0,0.0,0.0,0.0,0.0
2558,118_00473,118,473,3,APC,2,RBBB,2,RBBB,1.0,0.0,0.0,1.0,0.0,0.0,0.0,0.0,0.0
2559,118_00474,118,474,2,RBBB,3,APC,3,APC,1.0,0.0,0.0,0.0,1.0,0.0,0.0,0.0,0.0
2560,118_00475,118,475,2,RBBB,2,RBBB,2,RBBB,1.0,0.0,0.0,1.0,0.0,0.0,0.0,0.0,0.0
2561,118_00476,118,476,2,RBBB,2,RBBB,2,RBBB,1.0,0.0,0.0,1.0,0.0,0.0,0.0,0.0,0.0
2562,118_00477,118,477,2,RBBB,2,RBBB,2,RBBB,1.0,0.0,0.0,1.0,0.0,0.0,0.0,0.0,0.0
2563,118_00478,118,478,2,RBBB,2,RBBB,2,RBBB,1.0,0.0,0.0,1.0,0.0,0.0,0.0,0.0,0.0
2564,118_00479,118,479,2,RBBB,2,RBBB,2,RBBB,1.0,0.0,0.0,1.0,0.0,0.0,0.0,0.0,0.0
2565,118_00480,118,480,2,RBBB,2,RBBB,2,RBBB,1.0,0.0,0.0,1.0,0.0,0.0,0.0,0.0,0.0
2566,118_00481,118,481,2,RBBB,2,RBBB,2,RBBB,1.0,0.0,0.0,1.0,0.0,0.0,0.0,0.0,0.0
2567,118_00482,118,482,2,RBBB,2,RBBB,2,RBBB,1.0,0.0,0.0,1.0,0.0,0.0,0.0,0.0,0.0
2568,118_00483,118,483,2,RBBB,2,RBBB,2,RBBB,1.0,0.0,0.0,1.0,0.0,0.0,0.0,0.0,0.0
2569,118_00484,118,484,2,RBBB,2,RBBB,2,RBBB,1.0,0.0,0.0,1.0,0.0,0.0,0.0,0.0,0.0
2570,118_00485,118,485,2,RBBB,2,RBBB,2,RBBB,1.0,0.0,0.0,1.0,0.0,0.0,0.0,0.0,0.0
2571,118_00486,118,486,2,RBBB,2,RBBB,2,RBBB,1.0,0.0,0.0,1.0,0.0,0.0,0.0,0.0,0.0
2572,118_00487,118,487,2,RBBB,2,RBBB,2,RBBB,1.0,0.0,0.0,1.0,0.0,0.0,0.0,0.0,0.0
2573,118_00488,118,488,2,RBBB,2,RBBB,2,RBBB,1.0,0.0,0.0,1.0,0.0,0.0,0.0,0.0,0.0
2574,118_00489,118,489,2,RBBB,2,RBBB,2,RBBB,1.0,0.0,0.0,1.0,0.0,0.0,0.0,0.0,0.0
2575,118_00490,118,490,2,RBBB,2,RBBB,2,RBBB,1.0,0.0,0.0,1.0,0.0,0.0,0.0,0.0,0.0
2576,118_00491,118,491,2,RBBB,2,RBBB,2,RBBB,1.0,0.0,0.0,1.0,0.0,0.0,0.0,0.0,0.0
2577,118_00492,118,492,2,RBBB,2,RBBB,2,RBBB,1.0,0.0,0.0,1.0,0.0,0.0,0.0,0.0,0.0
2578,118_00493,118,493,2,RBBB,2,RBBB,2,RBBB,1.0,0.0,0.0,1.0,0.0,0.0,0.0,0.0,0.0
2579,118_00494,118,494,2,RBBB,2,RBBB,2,RBBB,1.0,0.0,0.0,1.0,0.0,0.0,0.0,0.0,0.0
2580,118_00495,118,495,2,RBBB,2,RBBB,2,RBBB,1.0,0.0,0.0,1.0,0.0,0.0,0.0,0.0,0.0
2581,118_00496,118,496,2,RBBB,2,RBBB,2,RBBB,1.0,0.0,0.0,1.0,0.0,0.0,0.0,0.0,0.0
2582,118_00497,118,497,2,RBBB,2,RBBB,2,RBBB,1.0,0.0,0.0,1.0,0.0,0.0,0.0,0.0,0.0
2583,118_00498,118,498,2,RBBB,2,RBBB,2,RBBB,1.0,0.0,0.0,1.0,0.0,0.0,0.0,0.0,0.0
2584,118_00499,118,499,2,RBBB,2,RBBB,2,RBBB,1.0,0.0,0.0,1.0,0.0,0.0,0.0,0.0,0.0
2585,118_00500,118,500,2,RBBB,2,RBBB,2,RBBB,1.0,0.0,0.0,1.0,0.0,0.0,0.0,0.0,0.0
2586,118_00501,118,501,2,RBBB,2,RBBB,2,RBBB,1.0,0.0,0.0,1.0,0.0,0.0,0.0,0.0,0.0
2587,118_00502,118,502,2,RBBB,2,RBBB,2,RBBB,1.0,0.0,0.0,1.0,0.0,0.0,0.0,0.0,0.0
2588,118_00503,118,503,2,RBBB,2,RBBB,2,RBBB,1.0,0.0,0.0,1.0,0.0,0.0,0.0,0.0,0.0
2589,118_00504,118,504,2,RBBB,2,RBBB,2,RBBB,1.0,0.0,0.0,1.0,0.0,0.0,0.0,0.0,0.0
2590,118_00505,118,505,2,RBBB,2,RBBB,2,RBBB,1.0,0.0,0.0,1.0,0.0,0.0,0.0,0.0,0.0
2591,118_00506,118,506,2,RBBB,2,RBBB,2,RBBB,1.0,0.0,0.0,1.0,0.0,0.0,0.0,0.0,0.0
2592,118_00507,118,507,2,RBBB,2,RBBB,2,RBBB,1.0,0.0,0.0,1.0,0.0,0.0,0.0,0.0,0.0
2593,118_00508,118,508,2,RBBB,2,RBBB,2,RBBB,1.0,0.0,0.0,1.0,0.0,0.0,0.0,0.0,0.0
2594,118_00509,118,509,2,RBBB,2,RBBB,2,RBBB,1.0,0.0,0.0,1.0,0.0,0.0,0.0,0.0,0.0
2595,118_00510,118,510,2,RBBB,2,RBBB,2,RBBB,1.0,0.0,0.0,1.0,0.0,0.0,0.0,0.0,0.0
2596,118_00511,118,511,2,RBBB,2,RBBB,2,RBBB,1.0,0.0,0.0,1.0,0.0,0.0,0.0,0.0,0.0
2597,118_00512,118,512,2,RBBB,2,RBBB,2,RBBB,1.0,0.0,0.0,1.0,0.0,0.0,0.0,0.0,0.0
2598,118_00513,118,513,2,RBBB,2,RBBB,2,RBBB,1.0,0.0,0.0,1.0,0.0,0.0,0.0,0.0,0.0
2599,118_00514,118,514,2,RBBB,2,RBBB,2,RBBB,1.0,0.0,0.0,1.0,0.0,0.0,0.0,0.0,0.0
2600,118_00515,118,515,2,RBBB,2,RBBB,2,RBBB,1.0,0.0,0.0,1.0,0.0,0.0,0.0,0.0,0.0
2601,118_00516,118,516,2,RBBB,2,RBBB,2,RBBB,1.0,0.0,0.0,1.0,0.0,0.0,0.0,0.0,0.0
2602,118_00517,118,517,2,RBBB,2,RBBB,2,RBBB,1.0,0.0,0.0,1.0,0.0,0.0,0.0,0.0,0.0
2603,118_00518,118,518,2,RBBB,2,RBBB,2,RBBB,1.0,0.0,0.0,1.0,0.0,0.0,0.0,0.0,0.0
2604,118_00519,118,519,2,RBBB,2,RBBB,2,RBBB,1.0,0.0,0.0,1.0,0.0,0.0,0.0,0.0,0.0
2605,118_00520,118,520,2,RBBB,2,RBBB,2,RBBB,1.0,0.0,0.0,1.0,0.0,0.0,0.0,0.0,0.0
2606,118_00521,118,521,2,RBBB,2,RBBB,2,RBBB,1.0,0.0,0.0,1.0,0.0,0.0,0.0,0.0,0.0
2607,118_00522,118,522,2,RBBB,2,RBBB,2,RBBB,1.0,0.0,0.0,1.0,0.0,0.0,0.0,0.0,0.0
2608,118_00523,118,523,2,RBBB,2,RBBB,2,RBBB,1.0,0.0,0.0,1.0,0.0,0.0,0.0,0.0,0.0
2609,118_00524,118,524,2,RBBB,2,RBBB,2,RBBB,1.0,0.0,0.0,1.0,0.0,0.0,0.0,0.0,0.0
2610,118_00525,118,525,2,RBBB,2,RBBB,2,RBBB,1.0,0.0,0.0,1.0,0.0,0.0,0.0,0.0,0.0
2611,118_00526,118,526,2,RBBB,2,RBBB,2,RBBB,1.0,0.0,0.0,1.0,0.0,0.0,0.0,0.0,0.0
2612,118_00527,118,527,2,RBBB,2,RBBB,2,RBBB,1.0,0.0,0.0,1.0,0.0,0.0,0.0,0.0,0.0
2613,118_00528,118,528,2,RBBB,2,RBBB,2,RBBB,1.0,0.0,0.0,1.0,0.0,0.0,0.0,0.0,0.0
2614,118_00529,118,529,2,RBBB,2,RBBB,2,RBBB,1.0,0.0,0.0,1.0,0.0,0.0,0.0,0.0,0.0
2615,118_00530,118,530,2,RBBB,2,RBBB,2,RBBB,1.0,0.0,0.0,1.0,0.0,0.0,0.0,0.0,0.0
2616,118_00531,118,531,2,RBBB,2,RBBB,2,RBBB,1.0,0.0,0.0,1.0,0.0,0.0,0.0,0.0,0.0
2617,118_00532,118,532,2,RBBB,2,RBBB,2,RBBB,1.0,0.0,0.0,1.0,0.0,0.0,0.0,0.0,0.0
2618,118_00533,118,533,2,RBBB,2,RBBB,2,RBBB,1.0,0.0,0.0,1.0,0.0,0.0,0.0,0.0,0.0
2619,118_00534,118,534,2,RBBB,2,RBBB,2,RBBB,1.0,0.0,0.0,1.0,0.0,0.0,0.0,0.0,0.0
2620,118_00535,118,535,2,RBBB,2,RBBB,2,RBBB,1.0,0.0,0.0,1.0,0.0,0.0,0.0,0.0,0.0
2621,118_00536,118,536,2,RBBB,2,RBBB,2,RBBB,1.0,0.0,0.0,1.0,0.0,0.0,0.0,0.0,0.0
2622,118_00537,118,537,2,RBBB,2,RBBB,2,RBBB,1.0,0.0,0.0,1.0,0.0,0.0,0.0,0.0,0.0
2623,118_00538,118,538,2,RBBB,2,RBBB,2,RBBB,1.0,0.0,0.0,1.0,0.0,0.0,0.0,0.0,0.0
2624,118_00539,118,539,2,RBBB,2,RBBB,2,RBBB,1.0,0.0,0.0,1.0,0.0,0.0,0.0,0.0,0.0
2625,118_00540,118,540,3,APC,2,RBBB,2,RBBB,1.0,0.0,0.0,1.0,0.0,0.0,0.0,0.0,0.0
2626,118_00541,118,541,2,RBBB,3,APC,3,APC,1.0,0.0,0.0,0.0,1.0,0.0,0.0,0.0,0.0
2627,118_00542,118,542,2,RBBB,2,RBBB,2,RBBB,1.0,0.0,0.0,1.0,0.0,0.0,0.0,0.0,0.0
2628,118_00543,118,543,2,RBBB,2,RBBB,2,RBBB,1.0,0.0,0.0,1.0,0.0,0.0,0.0,0.0,0.0
2629,118_00544,118,544,2,RBBB,2,RBBB,2,RBBB,1.0,0.0,0.0,1.0,0.0,0.0,0.0,0.0,0.0
2630,118_00545,118,545,2,RBBB,2,RBBB,2,RBBB,1.0,0.0,0.0,1.0,0.0,0.0,0.0,0.0,0.0
2631,118_00546,118,546,2,RBBB,2,RBBB,2,RBBB,1.0,0.0,0.0,1.0,0.0,0.0,0.0,0.0,0.0
2632,118_00547,118,547,2,RBBB,2,RBBB,2,RBBB,1.0,0.0,0.0,1.0,0.0,0.0,0.0,0.0,0.0
2633,118_00548,118,548,2,RBBB,2,RBBB,2,RBBB,1.0,0.0,0.0,1.0,0.0,0.0,0.0,0.0,0.0
2634,118_00549,118,549,2,RBBB,2,RBBB,2,RBBB,1.0,0.0,0.0,1.0,0.0,0.0,0.0,0.0,0.0
2635,118_00550,118,550,2,RBBB,2,RBBB,2,RBBB,1.0,0.0,0.0,1.0,0.0,0.0,0.0,0.0,0.0
2636,118_00551,118,551,2,RBBB,2,RBBB,2,RBBB,1.0,0.0,0.0,1.0,0.0,0.0,0.0,0.0,0.0
2637,118_00552,118,552,2,RBBB,2,RBBB,2,RBBB,1.0,0.0,0.0,1.0,0.0,0.0,0.0,0.0,0.0
2638,118_00553,118,553,2,RBBB,2,RBBB,2,RBBB,1.0,0.0,0.0,1.0,0.0,0.0,0.0,0.0,0.0
2639,118_00554,118,554,3,APC,2,RBBB,2,RBBB,1.0,0.0,0.0,1.0,0.0,0.0,0.0,0.0,0.0
2640,118_00555,118,555,2,RBBB,3,APC,3,APC,1.0,0.0,0.0,0.0,1.0,0.0,0.0,0.0,0.0
2641,118_00556,118,556,2,RBBB,2,RBBB,2,RBBB,1.0,0.0,0.0,1.0,0.0,0.0,0.0,0.0,0.0
2642,118_00557,118,557,2,RBBB,2,RBBB,2,RBBB,1.0,0.0,0.0,1.0,0.0,0.0,0.0,0.0,0.0
2643,118_00558,118,558,2,RBBB,2,RBBB,2,RBBB,1.0,0.0,0.0,1.0,0.0,0.0,0.0,0.0,0.0
2644,118_00559,118,559,2,RBBB,2,RBBB,2,RBBB,1.0,0.0,0.0,1.0,0.0,0.0,0.0,0.0,0.0
2645,118_00560,118,560,2,RBBB,2,RBBB,2,RBBB,1.0,0.0,0.0,1.0,0.0,0.0,0.0,0.0,0.0
2646,118_00561,118,561,2,RBBB,2,RBBB,2,RBBB,1.0,0.0,0.0,1.0,0.0,0.0,0.0,0.0,0.0
2647,118_00562,118,562,2,RBBB,2,RBBB,2,RBBB,1.0,0.0,0.0,1.0,0.0,0.0,0.0,0.0,0.0
2648,118_00563,118,563,2,RBBB,2,RBBB,2,RBBB,1.0,0.0,0.0,1.0,0.0,0.0,0.0,0.0,0.0
2649,118_00564,118,564,2,RBBB,2,RBBB,2,RBBB,1.0,0.0,0.0,1.0,0.0,0.0,0.0,0.0,0.0
2650,118_00565,118,565,2,RBBB,2,RBBB,2,RBBB,1.0,0.0,0.0,1.0,0.0,0.0,0.0,0.0,0.0
2651,118_00566,118,566,2,RBBB,2,RBBB,2,RBBB,1.0,0.0,0.0,1.0,0.0,0.0,0.0,0.0,0.0
2652,118_00567,118,567,2,RBBB,2,RBBB,2,RBBB,1.0,0.0,0.0,1.0,0.0,0.0,0.0,0.0,0.0
2653,118_00568,118,568,2,RBBB,2,RBBB,2,RBBB,1.0,0.0,0.0,1.0,0.0,0.0,0.0,0.0,0.0
2654,118_00569,118,569,2,RBBB,2,RBBB,2,RBBB,1.0,0.0,0.0,1.0,0.0,0.0,0.0,0.0,0.0
2655,118_00570,118,570,2,RBBB,2,RBBB,2,RBBB,1.0,0.0,0.0,1.0,0.0,0.0,0.0,0.0,0.0
2656,118_00571,118,571,3,APC,2,RBBB,2,RBBB,1.0,0.0,0.0,1.0,0.0,0.0,0.0,0.0,0.0
2657,118_00572,118,572,2,RBBB,3,APC,3,APC,1.0,0.0,0.0,0.0,1.0,0.0,0.0,0.0,0.0
2658,118_00573,118,573,2,RBBB,2,RBBB,2,RBBB,1.0,0.0,0.0,1.0,0.0,0.0,0.0,0.0,0.0
2659,118_00574,118,574,2,RBBB,2,RBBB,2,RBBB,1.0,0.0,0.0,1.0,0.0,0.0,0.0,0.0,0.0
2660,118_00575,118,575,2,RBBB,2,RBBB,2,RBBB,1.0,0.0,0.0,1.0,0.0,0.0,0.0,0.0,0.0
2661,118_00576,118,576,2,RBBB,2,RBBB,2,RBBB,1.0,0.0,0.0,1.0,0.0,0.0,0.0,0.0,0.0
2662,118_00577,118,577,2,RBBB,2,RBBB,2,RBBB,1.0,0.0,0.0,1.0,0.0,0.0,0.0,0.0,0.0
2663,118_00578,118,578,2,RBBB,2,RBBB,2,RBBB,1.0,0.0,0.0,1.0,0.0,0.0,0.0,0.0,0.0
2664,118_00579,118,579,2,RBBB,2,RBBB,2,RBBB,1.0,0.0,0.0,1.0,0.0,0.0,0.0,0.0,0.0
2665,118_00580,118,580,2,RBBB,2,RBBB,2,RBBB,1.0,0.0,0.0,1.0,0.0,0.0,0.0,0.0,0.0
2666,118_00581,118,581,2,RBBB,2,RBBB,2,RBBB,1.0,0.0,0.0,1.0,0.0,0.0,0.0,0.0,0.0
2667,118_00582,118,582,2,RBBB,2,RBBB,2,RBBB,1.0,0.0,0.0,1.0,0.0,0.0,0.0,0.0,0.0
2668,118_00583,118,583,2,RBBB,2,RBBB,2,RBBB,1.0,0.0,0.0,1.0,0.0,0.0,0.0,0.0,0.0
2669,118_00584,118,584,2,RBBB,2,RBBB,2,RBBB,1.0,0.0,0.0,1.0,0.0,0.0,0.0,0.0,0.0
2670,118_00585,118,585,2,RBBB,2,RBBB,2,RBBB,1.0,0.0,0.0,1.0,0.0,0.0,0.0,0.0,0.0
2671,118_00586,118,586,2,RBBB,2,RBBB,2,RBBB,1.0,0.0,0.0,1.0,0.0,0.0,0.0,0.0,0.0
2672,118_00587,118,587,2,RBBB,2,RBBB,2,RBBB,1.0,0.0,0.0,1.0,0.0,0.0,0.0,0.0,0.0
2673,118_00588,118,588,2,RBBB,2,RBBB,2,RBBB,1.0,0.0,0.0,1.0,0.0,0.0,0.0,0.0,0.0
2674,118_00589,118,589,2,RBBB,2,RBBB,2,RBBB,1.0,0.0,0.0,1.0,0.0,0.0,0.0,0.0,0.0
2675,118_00590,118,590,2,RBBB,2,RBBB,2,RBBB,1.0,0.0,0.0,1.0,0.0,0.0,0.0,0.0,0.0
2676,118_00591,118,591,2,RBBB,2,RBBB,2,RBBB,1.0,0.0,0.0,1.0,0.0,0.0,0.0,0.0,0.0
2677,118_00592,118,592,2,RBBB,2,RBBB,2,RBBB,1.0,0.0,0.0,1.0,0.0,0.0,0.0,0.0,0.0
2678,118_00593,118,593,2,RBBB,2,RBBB,2,RBBB,1.0,0.0,0.0,1.0,0.0,0.0,0.0,0.0,0.0
2679,118_00594,118,594,2,RBBB,2,RBBB,2,RBBB,1.0,0.0,0.0,1.0,0.0,0.0,0.0,0.0,0.0
2680,118_00595,118,595,2,RBBB,2,RBBB,2,RBBB,1.0,0.0,0.0,1.0,0.0,0.0,0.0,0.0,0.0
2681,118_00596,118,596,2,RBBB,2,RBBB,2,RBBB,1.0,0.0,0.0,1.0,0.0,0.0,0.0,0.0,0.0
2682,118_00597,118,597,2,RBBB,2,RBBB,2,RBBB,1.0,0.0,0.0,1.0,0.0,0.0,0.0,0.0,0.0
2683,118_00598,118,598,2,RBBB,2,RBBB,2,RBBB,1.0,0.0,0.0,1.0,0.0,0.0,0.0,0.0,0.0
2684,118_00599,118,599,2,RBBB,2,RBBB,2,RBBB,1.0,0.0,0.0,1.0,0.0,0.0,0.0,0.0,0.0
2685,118_00600,118,600,2,RBBB,2,RBBB,2,RBBB,1.0,0.0,0.0,1.0,0.0,0.0,0.0,0.0,0.0
2686,118_00601,118,601,2,RBBB,2,RBBB,2,RBBB,1.0,0.0,0.0,1.0,0.0,0.0,0.0,0.0,0.0
2687,118_00602,118,602,2,RBBB,2,RBBB,2,RBBB,1.0,0.0,0.0,1.0,0.0,0.0,0.0,0.0,0.0
2688,118_00603,118,603,2,RBBB,2,RBBB,2,RBBB,1.0,0.0,0.0,1.0,0.0,0.0,0.0,0.0,0.0
2689,118_00604,118,604,2,RBBB,2,RBBB,2,RBBB,1.0,0.0,0.0,1.0,0.0,0.0,0.0,0.0,0.0
2690,118_00605,118,605,2,RBBB,2,RBBB,2,RBBB,1.0,0.0,0.0,1.0,0.0,0.0,0.0,0.0,0.0
2691,118_00606,118,606,2,RBBB,2,RBBB,2,RBBB,1.0,0.0,0.0,1.0,0.0,0.0,0.0,0.0,0.0
2692,118_00607,118,607,2,RBBB,2,RBBB,2,RBBB,1.0,0.0,0.0,1.0,0.0,0.0,0.0,0.0,0.0
2693,118_00608,118,608,2,RBBB,2,RBBB,2,RBBB,1.0,0.0,0.0,1.0,0.0,0.0,0.0,0.0,0.0
2694,118_00609,118,609,2,RBBB,2,RBBB,2,RBBB,1.0,0.0,0.0,1.0,0.0,0.0,0.0,0.0,0.0
2695,118_00610,118,610,2,RBBB,2,RBBB,2,RBBB,1.0,0.0,0.0,1.0,0.0,0.0,0.0,0.0,0.0
2696,118_00611,118,611,2,RBBB,2,RBBB,2,RBBB,1.0,0.0,0.0,1.0,0.0,0.0,0.0,0.0,0.0
2697,118_00612,118,612,2,RBBB,2,RBBB,2,RBBB,1.0,0.0,0.0,1.0,0.0,0.0,0.0,0.0,0.0
2698,118_00613,118,613,2,RBBB,2,RBBB,2,RBBB,1.0,0.0,0.0,1.0,0.0,0.0,0.0,0.0,0.0
2699,118_00614,118,614,2,RBBB,2,RBBB,2,RBBB,1.0,0.0,0.0,1.0,0.0,0.0,0.0,0.0,0.0
2700,118_00615,118,615,2,RBBB,2,RBBB,2,RBBB,1.0,0.0,0.0,1.0,0.0,0.0,0.0,0.0,0.0
2701,118_00616,118,616,2,RBBB,2,RBBB,2,RBBB,1.0,0.0,0.0,1.0,0.0,0.0,0.0,0.0,0.0
2702,118_00617,118,617,2,RBBB,2,RBBB,2,RBBB,1.0,0.0,0.0,1.0,0.0,0.0,0.0,0.0,0.0
2703,118_00618,118,618,2,RBBB,2,RBBB,2,RBBB,1.0,0.0,0.0,1.0,0.0,0.0,0.0,0.0,0.0
2704,118_00619,118,619,2,RBBB,2,RBBB,2,RBBB,1.0,0.0,0.0,1.0,0.0,0.0,0.0,0.0,0.0
2705,118_00620,118,620,2,RBBB,2,RBBB,2,RBBB,1.0,0.0,0.0,1.0,0.0,0.0,0.0,0.0,0.0
2706,118_00621,118,621,2,RBBB,2,RBBB,2,RBBB,1.0,0.0,0.0,1.0,0.0,0.0,0.0,0.0,0.0
2707,118_00622,118,622,3,APC,2,RBBB,2,RBBB,1.0,0.0,0.0,1.0,0.0,0.0,0.0,0.0,0.0
2708,118_00623,118,623,2,RBBB,3,APC,3,APC,1.0,0.0,0.0,0.0,1.0,0.0,0.0,0.0,0.0
2709,118_00624,118,624,2,RBBB,2,RBBB,2,RBBB,1.0,0.0,0.0,1.0,0.0,0.0,0.0,0.0,0.0
2710,118_00625,118,625,2,RBBB,2,RBBB,2,RBBB,1.0,0.0,0.0,1.0,0.0,0.0,0.0,0.0,0.0
2711,118_00626,118,626,2,RBBB,2,RBBB,2,RBBB,1.0,0.0,0.0,1.0,0.0,0.0,0.0,0.0,0.0
2712,118_00627,118,627,2,RBBB,2,RBBB,2,RBBB,1.0,0.0,0.0,1.0,0.0,0.0,0.0,0.0,0.0
2713,118_00628,118,628,2,RBBB,2,RBBB,2,RBBB,1.0,0.0,0.0,1.0,0.0,0.0,0.0,0.0,0.0
2714,118_00629,118,629,2,RBBB,2,RBBB,2,RBBB,1.0,0.0,0.0,1.0,0.0,0.0,0.0,0.0,0.0
2715,118_00630,118,630,2,RBBB,2,RBBB,2,RBBB,1.0,0.0,0.0,1.0,0.0,0.0,0.0,0.0,0.0
2716,118_00631,118,631,2,RBBB,2,RBBB,2,RBBB,1.0,0.0,0.0,1.0,0.0,0.0,0.0,0.0,0.0
2717,118_00632,118,632,2,RBBB,2,RBBB,2,RBBB,1.0,0.0,0.0,1.0,0.0,0.0,0.0,0.0,0.0
2718,118_00633,118,633,2,RBBB,2,RBBB,2,RBBB,1.0,0.0,0.0,1.0,0.0,0.0,0.0,0.0,0.0
2719,118_00634,118,634,2,RBBB,2,RBBB,2,RBBB,1.0,0.0,0.0,1.0,0.0,0.0,0.0,0.0,0.0
2720,118_00635,118,635,2,RBBB,2,RBBB,2,RBBB,1.0,0.0,0.0,1.0,0.0,0.0,0.0,0.0,0.0
2721,118_00636,118,636,2,RBBB,2,RBBB,2,RBBB,1.0,0.0,0.0,1.0,0.0,0.0,0.0,0.0,0.0
2722,118_00637,118,637,2,RBBB,2,RBBB,2,RBBB,1.0,0.0,0.0,1.0,0.0,0.0,0.0,0.0,0.0
2723,118_00638,118,638,3,APC,2,RBBB,2,RBBB,1.0,0.0,0.0,1.0,0.0,0.0,0.0,0.0,0.0
2724,118_00639,118,639,2,RBBB,3,APC,3,APC,1.0,0.0,0.0,0.0,1.0,0.0,0.0,0.0,0.0
2725,118_00640,118,640,2,RBBB,2,RBBB,2,RBBB,1.0,0.0,0.0,1.0,0.0,0.0,0.0,0.0,0.0
2726,118_00641,118,641,2,RBBB,2,RBBB,2,RBBB,1.0,0.0,0.0,1.0,0.0,0.0,0.0,0.0,0.0
2727,118_00642,118,642,2,RBBB,2,RBBB,2,RBBB,1.0,0.0,0.0,1.0,0.0,0.0,0.0,0.0,0.0
2728,118_00643,118,643,2,RBBB,2,RBBB,2,RBBB,1.0,0.0,0.0,1.0,0.0,0.0,0.0,0.0,0.0
2729,118_00644,118,644,2,RBBB,2,RBBB,2,RBBB,1.0,0.0,0.0,1.0,0.0,0.0,0.0,0.0,0.0
2730,118_00645,118,645,2,RBBB,2,RBBB,2,RBBB,1.0,0.0,0.0,1.0,0.0,0.0,0.0,0.0,0.0
2731,118_00646,118,646,2,RBBB,2,RBBB,2,RBBB,1.0,0.0,0.0,1.0,0.0,0.0,0.0,0.0,0.0
2732,118_00647,118,647,3,APC,2,RBBB,2,RBBB,1.0,0.0,0.0,1.0,0.0,0.0,0.0,0.0,0.0
2733,118_00648,118,648,2,RBBB,3,APC,3,APC,1.0,0.0,0.0,0.0,1.0,0.0,0.0,0.0,0.0
2734,118_00649,118,649,2,RBBB,2,RBBB,2,RBBB,1.0,0.0,0.0,1.0,0.0,0.0,0.0,0.0,0.0
2735,118_00650,118,650,2,RBBB,2,RBBB,2,RBBB,1.0,0.0,0.0,1.0,0.0,0.0,0.0,0.0,0.0
2736,118_00651,118,651,2,RBBB,2,RBBB,2,RBBB,1.0,0.0,0.0,1.0,0.0,0.0,0.0,0.0,0.0
2737,118_00652,118,652,2,RBBB,2,RBBB,2,RBBB,1.0,0.0,0.0,1.0,0.0,0.0,0.0,0.0,0.0
2738,118_00653,118,653,2,RBBB,2,RBBB,2,RBBB,1.0,0.0,0.0,1.0,0.0,0.0,0.0,0.0,0.0
2739,118_00654,118,654,2,RBBB,2,RBBB,2,RBBB,1.0,0.0,0.0,1.0,0.0,0.0,0.0,0.0,0.0
2740,118_00655,118,655,2,RBBB,2,RBBB,2,RBBB,1.0,0.0,0.0,1.0,0.0,0.0,0.0,0.0,0.0
2741,118_00656,118,656,2,RBBB,2,RBBB,2,RBBB,1.0,0.0,0.0,1.0,0.0,0.0,0.0,0.0,0.0
2742,118_00657,118,657,2,RBBB,2,RBBB,2,RBBB,1.0,0.0,0.0,1.0,0.0,0.0,0.0,0.0,0.0
2743,118_00658,118,658,2,RBBB,2,RBBB,2,RBBB,1.0,0.0,0.0,1.0,0.0,0.0,0.0,0.0,0.0
2744,118_00659,118,659,2,RBBB,2,RBBB,2,RBBB,1.0,0.0,0.0,1.0,0.0,0.0,0.0,0.0,0.0
2745,118_00660,118,660,2,RBBB,2,RBBB,2,RBBB,1.0,0.0,0.0,1.0,0.0,0.0,0.0,0.0,0.0
2746,118_00661,118,661,2,RBBB,2,RBBB,2,RBBB,1.0,0.0,0.0,1.0,0.0,0.0,0.0,0.0,0.0
2747,118_00662,118,662,2,RBBB,2,RBBB,2,RBBB,1.0,0.0,0.0,1.0,0.0,0.0,0.0,0.0,0.0
2748,118_00663,118,663,2,RBBB,2,RBBB,2,RBBB,1.0,0.0,0.0,1.0,0.0,0.0,0.0,0.0,0.0
2749,118_00664,118,664,2,RBBB,2,RBBB,2,RBBB,1.0,0.0,0.0,1.0,0.0,0.0,0.0,0.0,0.0
2750,118_00665,118,665,3,APC,2,RBBB,2,RBBB,1.0,0.0,0.0,1.0,0.0,0.0,0.0,0.0,0.0
2751,118_00666,118,666,2,RBBB,3,APC,3,APC,1.0,0.0,0.0,0.0,1.0,0.0,0.0,0.0,0.0
2752,118_00667,118,667,2,RBBB,2,RBBB,2,RBBB,1.0,0.0,0.0,1.0,0.0,0.0,0.0,0.0,0.0
2753,118_00668,118,668,2,RBBB,2,RBBB,2,RBBB,1.0,0.0,0.0,1.0,0.0,0.0,0.0,0.0,0.0
2754,118_00669,118,669,2,RBBB,2,RBBB,2,RBBB,1.0,0.0,0.0,1.0,0.0,0.0,0.0,0.0,0.0
2755,118_00670,118,670,2,RBBB,2,RBBB,2,RBBB,1.0,0.0,0.0,1.0,0.0,0.0,0.0,0.0,0.0
2756,118_00671,118,671,2,RBBB,2,RBBB,2,RBBB,1.0,0.0,0.0,1.0,0.0,0.0,0.0,0.0,0.0
2757,118_00672,118,672,2,RBBB,2,RBBB,2,RBBB,1.0,0.0,0.0,1.0,0.0,0.0,0.0,0.0,0.0
2758,118_00673,118,673,2,RBBB,2,RBBB,2,RBBB,1.0,0.0,0.0,1.0,0.0,0.0,0.0,0.0,0.0
2759,118_00674,118,674,2,RBBB,2,RBBB,2,RBBB,1.0,0.0,0.0,1.0,0.0,0.0,0.0,0.0,0.0
2760,118_00675,118,675,2,RBBB,2,RBBB,2,RBBB,1.0,0.0,0.0,1.0,0.0,0.0,0.0,0.0,0.0
2761,118_00676,118,676,2,RBBB,2,RBBB,2,RBBB,1.0,0.0,0.0,1.0,0.0,0.0,0.0,0.0,0.0
2762,118_00677,118,677,2,RBBB,2,RBBB,2,RBBB,1.0,0.0,0.0,1.0,0.0,0.0,0.0,0.0,0.0
2763,118_00678,118,678,2,RBBB,2,RBBB,2,RBBB,1.0,0.0,0.0,1.0,0.0,0.0,0.0,0.0,0.0
2764,118_00679,118,679,2,RBBB,2,RBBB,2,RBBB,1.0,0.0,0.0,1.0,0.0,0.0,0.0,0.0,0.0
2765,118_00680,118,680,2,RBBB,2,RBBB,2,RBBB,1.0,0.0,0.0,1.0,0.0,0.0,0.0,0.0,0.0
2766,118_00681,118,681,2,RBBB,2,RBBB,2,RBBB,1.0,0.0,0.0,1.0,0.0,0.0,0.0,0.0,0.0
2767,118_00682,118,682,2,RBBB,2,RBBB,2,RBBB,1.0,0.0,0.0,1.0,0.0,0.0,0.0,0.0,0.0
2768,118_00683,118,683,2,RBBB,2,RBBB,2,RBBB,1.0,0.0,0.0,1.0,0.0,0.0,0.0,0.0,0.0
2769,118_00684,118,684,2,RBBB,2,RBBB,2,RBBB,1.0,0.0,0.0,1.0,0.0,0.0,0.0,0.0,0.0
2770,118_00685,118,685,2,RBBB,2,RBBB,2,RBBB,1.0,0.0,0.0,1.0,0.0,0.0,0.0,0.0,0.0
2771,118_00686,118,686,2,RBBB,2,RBBB,2,RBBB,1.0,0.0,0.0,1.0,0.0,0.0,0.0,0.0,0.0
2772,118_00687,118,687,2,RBBB,2,RBBB,2,RBBB,1.0,0.0,0.0,1.0,0.0,0.0,0.0,0.0,0.0
2773,118_00688,118,688,2,RBBB,2,RBBB,2,RBBB,1.0,0.0,0.0,1.0,0.0,0.0,0.0,0.0,0.0
2774,118_00689,118,689,2,RBBB,2,RBBB,2,RBBB,1.0,0.0,0.0,1.0,0.0,0.0,0.0,0.0,0.0
2775,118_00690,118,690,2,RBBB,2,RBBB,2,RBBB,1.0,0.0,0.0,1.0,0.0,0.0,0.0,0.0,0.0
2776,118_00691,118,691,2,RBBB,2,RBBB,2,RBBB,1.0,0.0,0.0,1.0,0.0,0.0,0.0,0.0,0.0
2777,118_00692,118,692,2,RBBB,2,RBBB,2,RBBB,1.0,0.0,0.0,1.0,0.0,0.0,0.0,0.0,0.0
2778,118_00693,118,693,2,RBBB,2,RBBB,2,RBBB,1.0,0.0,0.0,1.0,0.0,0.0,0.0,0.0,0.0
2779,118_00694,118,694,2,RBBB,2,RBBB,2,RBBB,1.0,0.0,0.0,1.0,0.0,0.0,0.0,0.0,0.0
2780,118_00695,118,695,2,RBBB,2,RBBB,2,RBBB,1.0,0.0,0.0,1.0,0.0,0.0,0.0,0.0,0.0
2781,118_00696,118,696,2,RBBB,2,RBBB,2,RBBB,1.0,0.0,0.0,1.0,0.0,0.0,0.0,0.0,0.0
2782,118_00697,118,697,2,RBBB,2,RBBB,2,RBBB,1.0,0.0,0.0,1.0,0.0,0.0,0.0,0.0,0.0
2783,118_00698,118,698,2,RBBB,2,RBBB,2,RBBB,1.0,0.0,0.0,1.0,0.0,0.0,0.0,0.0,0.0
2784,118_00699,118,699,3,APC,2,RBBB,2,RBBB,1.0,0.0,0.0,1.0,0.0,0.0,0.0,0.0,0.0
2785,118_00700,118,700,2,RBBB,3,APC,3,APC,1.0,0.0,0.0,0.0,1.0,0.0,0.0,0.0,0.0
2786,118_00701,118,701,2,RBBB,2,RBBB,2,RBBB,1.0,0.0,0.0,1.0,0.0,0.0,0.0,0.0,0.0
2787,118_00702,118,702,3,APC,2,RBBB,2,RBBB,1.0,0.0,0.0,1.0,0.0,0.0,0.0,0.0,0.0
2788,118_00703,118,703,2,RBBB,3,APC,3,APC,1.0,0.0,0.0,0.0,1.0,0.0,0.0,0.0,0.0
2789,118_00704,118,704,2,RBBB,2,RBBB,2,RBBB,1.0,0.0,0.0,1.0,0.0,0.0,0.0,0.0,0.0
2790,118_00705,118,705,2,RBBB,2,RBBB,2,RBBB,1.0,0.0,0.0,1.0,0.0,0.0,0.0,0.0,0.0
2791,118_00706,118,706,2,RBBB,2,RBBB,2,RBBB,1.0,0.0,0.0,1.0,0.0,0.0,0.0,0.0,0.0
2792,118_00707,118,707,2,RBBB,2,RBBB,2,RBBB,1.0,0.0,0.0,1.0,0.0,0.0,0.0,0.0,0.0
2793,118_00708,118,708,2,RBBB,2,RBBB,2,RBBB,1.0,0.0,0.0,1.0,0.0,0.0,0.0,0.0,0.0
2794,118_00709,118,709,2,RBBB,2,RBBB,2,RBBB,1.0,0.0,0.0,1.0,0.0,0.0,0.0,0.0,0.0
2795,118_00710,118,710,2,RBBB,2,RBBB,2,RBBB,1.0,0.0,0.0,1.0,0.0,0.0,0.0,0.0,0.0
2796,118_00711,118,711,2,RBBB,2,RBBB,2,RBBB,1.0,0.0,0.0,1.0,0.0,0.0,0.0,0.0,0.0
2797,118_00712,118,712,2,RBBB,2,RBBB,2,RBBB,1.0,0.0,0.0,1.0,0.0,0.0,0.0,0.0,0.0
2798,118_00713,118,713,2,RBBB,2,RBBB,2,RBBB,1.0,0.0,0.0,1.0,0.0,0.0,0.0,0.0,0.0
2799,118_00714,118,714,2,RBBB,2,RBBB,2,RBBB,1.0,0.0,0.0,1.0,0.0,0.0,0.0,0.0,0.0
2800,118_00715,118,715,2,RBBB,2,RBBB,2,RBBB,1.0,0.0,0.0,1.0,0.0,0.0,0.0,0.0,0.0
2801,118_00716,118,716,2,RBBB,2,RBBB,2,RBBB,1.0,0.0,0.0,1.0,0.0,0.0,0.0,0.0,0.0
2802,118_00717,118,717,2,RBBB,2,RBBB,2,RBBB,1.0,0.0,0.0,1.0,0.0,0.0,0.0,0.0,0.0
2803,118_00718,118,718,2,RBBB,2,RBBB,2,RBBB,1.0,0.0,0.0,1.0,0.0,0.0,0.0,0.0,0.0
2804,118_00719,118,719,2,RBBB,2,RBBB,2,RBBB,1.0,0.0,0.0,1.0,0.0,0.0,0.0,0.0,0.0
2805,118_00720,118,720,2,RBBB,2,RBBB,2,RBBB,1.0,0.0,0.0,1.0,0.0,0.0,0.0,0.0,0.0
2806,118_00721,118,721,2,RBBB,2,RBBB,2,RBBB,1.0,0.0,0.0,1.0,0.0,0.0,0.0,0.0,0.0
2807,118_00722,118,722,2,RBBB,2,RBBB,2,RBBB,1.0,0.0,0.0,1.0,0.0,0.0,0.0,0.0,0.0
2808,118_00723,118,723,2,RBBB,2,RBBB,2,RBBB,1.0,0.0,0.0,1.0,0.0,0.0,0.0,0.0,0.0
2809,118_00724,118,724,2,RBBB,2,RBBB,2,RBBB,1.0,0.0,0.0,1.0,0.0,0.0,0.0,0.0,0.0
2810,118_00725,118,725,2,RBBB,2,RBBB,2,RBBB,1.0,0.0,0.0,1.0,0.0,0.0,0.0,0.0,0.0
2811,118_00726,118,726,2,RBBB,2,RBBB,2,RBBB,1.0,0.0,0.0,1.0,0.0,0.0,0.0,0.0,0.0
2812,118_00727,118,727,2,RBBB,2,RBBB,2,RBBB,1.0,0.0,0.0,1.0,0.0,0.0,0.0,0.0,0.0
2813,118_00728,118,728,2,RBBB,2,RBBB,2,RBBB,1.0,0.0,0.0,1.0,0.0,0.0,0.0,0.0,0.0
2814,118_00729,118,729,2,RBBB,2,RBBB,2,RBBB,1.0,0.0,0.0,1.0,0.0,0.0,0.0,0.0,0.0
2815,118_00730,118,730,2,RBBB,2,RBBB,2,RBBB,1.0,0.0,0.0,1.0,0.0,0.0,0.0,0.0,0.0
2816,118_00731,118,731,2,RBBB,2,RBBB,2,RBBB,1.0,0.0,0.0,1.0,0.0,0.0,0.0,0.0,0.0
2817,118_00732,118,732,2,RBBB,2,RBBB,2,RBBB,1.0,0.0,0.0,1.0,0.0,0.0,0.0,0.0,0.0
2818,118_00733,118,733,2,RBBB,2,RBBB,2,RBBB,1.0,0.0,0.0,1.0,0.0,0.0,0.0,0.0,0.0
2819,118_00734,118,734,2,RBBB,2,RBBB,2,RBBB,1.0,0.0,0.0,1.0,0.0,0.0,0.0,0.0,0.0
2820,118_00735,118,735,2,RBBB,2,RBBB,2,RBBB,1.0,0.0,0.0,1.0,0.0,0.0,0.0,0.0,0.0
2821,118_00736,118,736,2,RBBB,2,RBBB,2,RBBB,1.0,0.0,0.0,1.0,0.0,0.0,0.0,0.0,0.0
2822,118_00737,118,737,2,RBBB,2,RBBB,2,RBBB,1.0,0.0,0.0,1.0,0.0,0.0,0.0,0.0,0.0
2823,118_00738,118,738,2,RBBB,2,RBBB,2,RBBB,1.0,0.0,0.0,1.0,0.0,0.0,0.0,0.0,0.0
2824,118_00739,118,739,2,RBBB,2,RBBB,2,RBBB,1.0,0.0,0.0,1.0,0.0,0.0,0.0,0.0,0.0
2825,118_00740,118,740,2,RBBB,2,RBBB,2,RBBB,1.0,0.0,0.0,1.0,0.0,0.0,0.0,0.0,0.0
2826,118_00741,118,741,2,RBBB,2,RBBB,2,RBBB,1.0,0.0,0.0,1.0,0.0,0.0,0.0,0.0,0.0
2827,118_00742,118,742,2,RBBB,2,RBBB,2,RBBB,1.0,0.0,0.0,1.0,0.0,0.0,0.0,0.0,0.0
2828,118_00743,118,743,2,RBBB,2,RBBB,2,RBBB,1.0,0.0,0.0,1.0,0.0,0.0,0.0,0.0,0.0
2829,118_00744,118,744,2,RBBB,2,RBBB,2,RBBB,1.0,0.0,0.0,1.0,0.0,0.0,0.0,0.0,0.0
2830,118_00745,118,745,2,RBBB,2,RBBB,2,RBBB,1.0,0.0,0.0,1.0,0.0,0.0,0.0,0.0,0.0
2831,118_00746,118,746,2,RBBB,2,RBBB,2,RBBB,1.0,0.0,0.0,1.0,0.0,0.0,0.0,0.0,0.0
2832,118_00747,118,747,2,RBBB,2,RBBB,2,RBBB,1.0,0.0,0.0,1.0,0.0,0.0,0.0,0.0,0.0
2833,118_00748,118,748,2,RBBB,2,RBBB,2,RBBB,1.0,0.0,0.0,1.0,0.0,0.0,0.0,0.0,0.0
2834,118_00749,118,749,2,RBBB,2,RBBB,2,RBBB,1.0,0.0,0.0,1.0,0.0,0.0,0.0,0.0,0.0
2835,118_00750,118,750,2,RBBB,2,RBBB,2,RBBB,1.0,0.0,0.0,1.0,0.0,0.0,0.0,0.0,0.0
2836,118_00751,118,751,2,RBBB,2,RBBB,2,RBBB,1.0,0.0,0.0,1.0,0.0,0.0,0.0,0.0,0.0
2837,118_00752,118,752,2,RBBB,2,RBBB,2,RBBB,1.0,0.0,0.0,1.0,0.0,0.0,0.0,0.0,0.0
2838,118_00753,118,753,2,RBBB,2,RBBB,2,RBBB,1.0,0.0,0.0,1.0,0.0,0.0,0.0,0.0,0.0
2839,118_00754,118,754,2,RBBB,2,RBBB,2,RBBB,1.0,0.0,0.0,1.0,0.0,0.0,0.0,0.0,0.0
2840,118_00755,118,755,2,RBBB,2,RBBB,2,RBBB,1.0,0.0,0.0,1.0,0.0,0.0,0.0,0.0,0.0
2841,118_00756,118,756,2,RBBB,2,RBBB,2,RBBB,1.0,0.0,0.0,1.0,0.0,0.0,0.0,0.0,0.0
2842,118_00757,118,757,2,RBBB,2,RBBB,2,RBBB,1.0,0.0,0.0,1.0,0.0,0.0,0.0,0.0,0.0
2843,118_00758,118,758,2,RBBB,2,RBBB,2,RBBB,1.0,0.0,0.0,1.0,0.0,0.0,0.0,0.0,0.0
2844,118_00759,118,759,2,RBBB,2,RBBB,2,RBBB,1.0,0.0,0.0,1.0,0.0,0.0,0.0,0.0,0.0
2845,118_00760,118,760,2,RBBB,2,RBBB,2,RBBB,1.0,0.0,0.0,1.0,0.0,0.0,0.0,0.0,0.0
2846,118_00761,118,761,3,APC,2,RBBB,2,RBBB,1.0,0.0,0.0,1.0,0.0,0.0,0.0,0.0,0.0
2847,118_00762,118,762,2,RBBB,3,APC,3,APC,1.0,0.0,0.0,0.0,1.0,0.0,0.0,0.0,0.0
2848,118_00763,118,763,2,RBBB,2,RBBB,2,RBBB,1.0,0.0,0.0,1.0,0.0,0.0,0.0,0.0,0.0
2849,118_00764,118,764,2,RBBB,2,RBBB,2,RBBB,1.0,0.0,0.0,1.0,0.0,0.0,0.0,0.0,0.0
2850,118_00765,118,765,2,RBBB,2,RBBB,2,RBBB,1.0,0.0,0.0,1.0,0.0,0.0,0.0,0.0,0.0
2851,118_00766,118,766,2,RBBB,2,RBBB,2,RBBB,1.0,0.0,0.0,1.0,0.0,0.0,0.0,0.0,0.0
2852,118_00767,118,767,2,RBBB,2,RBBB,2,RBBB,1.0,0.0,0.0,1.0,0.0,0.0,0.0,0.0,0.0
2853,118_00768,118,768,2,RBBB,2,RBBB,2,RBBB,1.0,0.0,0.0,1.0,0.0,0.0,0.0,0.0,0.0
2854,118_00769,118,769,2,RBBB,2,RBBB,2,RBBB,1.0,0.0,0.0,1.0,0.0,0.0,0.0,0.0,0.0
2855,118_00770,118,770,2,RBBB,2,RBBB,2,RBBB,1.0,0.0,0.0,1.0,0.0,0.0,0.0,0.0,0.0
2856,118_00771,118,771,2,RBBB,2,RBBB,2,RBBB,1.0,0.0,0.0,1.0,0.0,0.0,0.0,0.0,0.0
2857,118_00772,118,772,2,RBBB,2,RBBB,2,RBBB,1.0,0.0,0.0,1.0,0.0,0.0,0.0,0.0,0.0
2858,118_00773,118,773,2,RBBB,2,RBBB,2,RBBB,1.0,0.0,0.0,1.0,0.0,0.0,0.0,0.0,0.0
2859,118_00774,118,774,2,RBBB,2,RBBB,2,RBBB,1.0,0.0,0.0,1.0,0.0,0.0,0.0,0.0,0.0
2860,118_00775,118,775,2,RBBB,2,RBBB,2,RBBB,1.0,0.0,0.0,1.0,0.0,0.0,0.0,0.0,0.0
2861,118_00776,118,776,2,RBBB,2,RBBB,2,RBBB,1.0,0.0,0.0,1.0,0.0,0.0,0.0,0.0,0.0
2862,118_00777,118,777,2,RBBB,2,RBBB,2,RBBB,1.0,0.0,0.0,1.0,0.0,0.0,0.0,0.0,0.0
2863,118_00778,118,778,2,RBBB,2,RBBB,2,RBBB,1.0,0.0,0.0,1.0,0.0,0.0,0.0,0.0,0.0
2864,118_00779,118,779,2,RBBB,2,RBBB,2,RBBB,1.0,0.0,0.0,1.0,0.0,0.0,0.0,0.0,0.0
2865,118_00780,118,780,2,RBBB,2,RBBB,2,RBBB,1.0,0.0,0.0,1.0,0.0,0.0,0.0,0.0,0.0
2866,118_00781,118,781,2,RBBB,2,RBBB,2,RBBB,1.0,0.0,0.0,1.0,0.0,0.0,0.0,0.0,0.0
2867,118_00782,118,782,2,RBBB,2,RBBB,2,RBBB,1.0,0.0,0.0,1.0,0.0,0.0,0.0,0.0,0.0
2868,118_00783,118,783,2,RBBB,2,RBBB,2,RBBB,1.0,0.0,0.0,1.0,0.0,0.0,0.0,0.0,0.0
2869,118_00784,118,784,2,RBBB,2,RBBB,2,RBBB,1.0,0.0,0.0,1.0,0.0,0.0,0.0,0.0,0.0
2870,118_00785,118,785,2,RBBB,2,RBBB,2,RBBB,1.0,0.0,0.0,1.0,0.0,0.0,0.0,0.0,0.0
2871,118_00786,118,786,2,RBBB,2,RBBB,2,RBBB,1.0,0.0,0.0,1.0,0.0,0.0,0.0,0.0,0.0
2872,118_00787,118,787,2,RBBB,2,RBBB,2,RBBB,1.0,0.0,0.0,1.0,0.0,0.0,0.0,0.0,0.0
2873,118_00788,118,788,2,RBBB,2,RBBB,2,RBBB,1.0,0.0,0.0,1.0,0.0,0.0,0.0,0.0,0.0
2874,118_00789,118,789,2,RBBB,2,RBBB,2,RBBB,1.0,0.0,0.0,1.0,0.0,0.0,0.0,0.0,0.0
2875,118_00790,118,790,2,RBBB,2,RBBB,2,RBBB,1.0,0.0,0.0,1.0,0.0,0.0,0.0,0.0,0.0
2876,118_00791,118,791,2,RBBB,2,RBBB,2,RBBB,1.0,0.0,0.0,1.0,0.0,0.0,0.0,0.0,0.0
2877,118_00792,118,792,2,RBBB,2,RBBB,2,RBBB,1.0,0.0,0.0,1.0,0.0,0.0,0.0,0.0,0.0
2878,118_00793,118,793,2,RBBB,2,RBBB,2,RBBB,1.0,0.0,0.0,1.0,0.0,0.0,0.0,0.0,0.0
2879,118_00794,118,794,2,RBBB,2,RBBB,2,RBBB,1.0,0.0,0.0,1.0,0.0,0.0,0.0,0.0,0.0
2880,118_00795,118,795,3,APC,2,RBBB,2,RBBB,1.0,0.0,0.0,1.0,0.0,0.0,0.0,0.0,0.0
2881,118_00796,118,796,2,RBBB,3,APC,3,APC,1.0,0.0,0.0,0.0,1.0,0.0,0.0,0.0,0.0
2882,118_00797,118,797,2,RBBB,2,RBBB,2,RBBB,1.0,0.0,0.0,1.0,0.0,0.0,0.0,0.0,0.0
2883,118_00798,118,798,2,RBBB,2,RBBB,2,RBBB,1.0,0.0,0.0,1.0,0.0,0.0,0.0,0.0,0.0
2884,118_00799,118,799,2,RBBB,2,RBBB,2,RBBB,1.0,0.0,0.0,1.0,0.0,0.0,0.0,0.0,0.0
2885,118_00800,118,800,2,RBBB,2,RBBB,2,RBBB,1.0,0.0,0.0,1.0,0.0,0.0,0.0,0.0,0.0
2886,118_00801,118,801,2,RBBB,2,RBBB,2,RBBB,1.0,0.0,0.0,1.0,0.0,0.0,0.0,0.0,0.0
2887,118_00802,118,802,2,RBBB,2,RBBB,2,RBBB,1.0,0.0,0.0,1.0,0.0,0.0,0.0,0.0,0.0
2888,118_00803,118,803,2,RBBB,2,RBBB,2,RBBB,1.0,0.0,0.0,1.0,0.0,0.0,0.0,0.0,0.0
2889,118_00804,118,804,2,RBBB,2,RBBB,2,RBBB,1.0,0.0,0.0,1.0,0.0,0.0,0.0,0.0,0.0
2890,118_00805,118,805,2,RBBB,2,RBBB,2,RBBB,1.0,0.0,0.0,1.0,0.0,0.0,0.0,0.0,0.0
2891,118_00806,118,806,2,RBBB,2,RBBB,2,RBBB,1.0,0.0,0.0,1.0,0.0,0.0,0.0,0.0,0.0
2892,118_00807,118,807,2,RBBB,2,RBBB,2,RBBB,1.0,0.0,0.0,1.0,0.0,0.0,0.0,0.0,0.0
2893,118_00808,118,808,2,RBBB,2,RBBB,2,RBBB,1.0,0.0,0.0,1.0,0.0,0.0,0.0,0.0,0.0
2894,118_00809,118,809,2,RBBB,2,RBBB,2,RBBB,1.0,0.0,0.0,1.0,0.0,0.0,0.0,0.0,0.0
2895,118_00810,118,810,2,RBBB,2,RBBB,2,RBBB,1.0,0.0,0.0,1.0,0.0,0.0,0.0,0.0,0.0
2896,118_00811,118,811,2,RBBB,2,RBBB,2,RBBB,1.0,0.0,0.0,1.0,0.0,0.0,0.0,0.0,0.0
2897,118_00812,118,812,2,RBBB,2,RBBB,2,RBBB,1.0,0.0,0.0,1.0,0.0,0.0,0.0,0.0,0.0
2898,118_00813,118,813,2,RBBB,2,RBBB,2,RBBB,1.0,0.0,0.0,1.0,0.0,0.0,0.0,0.0,0.0
2899,118_00814,118,814,2,RBBB,2,RBBB,2,RBBB,1.0,0.0,0.0,1.0,0.0,0.0,0.0,0.0,0.0
2900,118_00815,118,815,2,RBBB,2,RBBB,2,RBBB,1.0,0.0,0.0,1.0,0.0,0.0,0.0,0.0,0.0
2901,118_00816,118,816,2,RBBB,2,RBBB,2,RBBB,1.0,0.0,0.0,1.0,0.0,0.0,0.0,0.0,0.0
2902,118_00817,118,817,2,RBBB,2,RBBB,2,RBBB,1.0,0.0,0.0,1.0,0.0,0.0,0.0,0.0,0.0
2903,118_00818,118,818,2,RBBB,2,RBBB,2,RBBB,1.0,0.0,0.0,1.0,0.0,0.0,0.0,0.0,0.0
2904,118_00819,118,819,2,RBBB,2,RBBB,2,RBBB,1.0,0.0,0.0,1.0,0.0,0.0,0.0,0.0,0.0
2905,118_00820,118,820,2,RBBB,2,RBBB,2,RBBB,1.0,0.0,0.0,1.0,0.0,0.0,0.0,0.0,0.0
2906,118_00821,118,821,2,RBBB,2,RBBB,2,RBBB,1.0,0.0,0.0,1.0,0.0,0.0,0.0,0.0,0.0
2907,118_00822,118,822,2,RBBB,2,RBBB,2,RBBB,1.0,0.0,0.0,1.0,0.0,0.0,0.0,0.0,0.0
2908,118_00823,118,823,2,RBBB,2,RBBB,2,RBBB,1.0,0.0,0.0,1.0,0.0,0.0,0.0,0.0,0.0
2909,118_00824,118,824,2,RBBB,2,RBBB,2,RBBB,1.0,0.0,0.0,1.0,0.0,0.0,0.0,0.0,0.0
2910,118_00825,118,825,2,RBBB,2,RBBB,2,RBBB,1.0,0.0,0.0,1.0,0.0,0.0,0.0,0.0,0.0
2911,118_00826,118,826,3,APC,2,RBBB,2,RBBB,1.0,0.0,0.0,1.0,0.0,0.0,0.0,0.0,0.0
2912,118_00827,118,827,2,RBBB,3,APC,3,APC,1.0,0.0,0.0,0.0,1.0,0.0,0.0,0.0,0.0
2913,118_00828,118,828,2,RBBB,2,RBBB,2,RBBB,1.0,0.0,0.0,1.0,0.0,0.0,0.0,0.0,0.0
2914,118_00829,118,829,2,RBBB,2,RBBB,2,RBBB,1.0,0.0,0.0,1.0,0.0,0.0,0.0,0.0,0.0
2915,118_00830,118,830,2,RBBB,2,RBBB,2,RBBB,1.0,0.0,0.0,1.0,0.0,0.0,0.0,0.0,0.0
2916,118_00831,118,831,2,RBBB,2,RBBB,2,RBBB,1.0,0.0,0.0,1.0,0.0,0.0,0.0,0.0,0.0
2917,118_00832,118,832,2,RBBB,2,RBBB,2,RBBB,1.0,0.0,0.0,1.0,0.0,0.0,0.0,0.0,0.0
2918,118_00833,118,833,2,RBBB,2,RBBB,2,RBBB,1.0,0.0,0.0,1.0,0.0,0.0,0.0,0.0,0.0
2919,118_00834,118,834,2,RBBB,2,RBBB,2,RBBB,1.0,0.0,0.0,1.0,0.0,0.0,0.0,0.0,0.0
2920,118_00835,118,835,2,RBBB,2,RBBB,2,RBBB,1.0,0.0,0.0,1.0,0.0,0.0,0.0,0.0,0.0
2921,118_00836,118,836,2,RBBB,2,RBBB,2,RBBB,1.0,0.0,0.0,1.0,0.0,0.0,0.0,0.0,0.0
2922,118_00837,118,837,2,RBBB,2,RBBB,2,RBBB,1.0,0.0,0.0,1.0,0.0,0.0,0.0,0.0,0.0
2923,118_00838,118,838,2,RBBB,2,RBBB,2,RBBB,1.0,0.0,0.0,1.0,0.0,0.0,0.0,0.0,0.0
2924,118_00839,118,839,2,RBBB,2,RBBB,2,RBBB,1.0,0.0,0.0,1.0,0.0,0.0,0.0,0.0,0.0
2925,118_00840,118,840,2,RBBB,2,RBBB,2,RBBB,1.0,0.0,0.0,1.0,0.0,0.0,0.0,0.0,0.0
2926,118_00841,118,841,2,RBBB,2,RBBB,2,RBBB,1.0,0.0,0.0,1.0,0.0,0.0,0.0,0.0,0.0
2927,118_00842,118,842,3,APC,2,RBBB,2,RBBB,1.0,0.0,0.0,1.0,0.0,0.0,0.0,0.0,0.0
2928,118_00843,118,843,2,RBBB,3,APC,3,APC,1.0,0.0,0.0,0.0,1.0,0.0,0.0,0.0,0.0
2929,118_00844,118,844,2,RBBB,2,RBBB,2,RBBB,1.0,0.0,0.0,1.0,0.0,0.0,0.0,0.0,0.0
2930,118_00845,118,845,2,RBBB,2,RBBB,2,RBBB,1.0,0.0,0.0,1.0,0.0,0.0,0.0,0.0,0.0
2931,118_00846,118,846,3,APC,2,RBBB,2,RBBB,1.0,0.0,0.0,1.0,0.0,0.0,0.0,0.0,0.0
2932,118_00847,118,847,2,RBBB,3,APC,3,APC,1.0,0.0,0.0,0.0,1.0,0.0,0.0,0.0,0.0
2933,118_00848,118,848,2,RBBB,2,RBBB,2,RBBB,1.0,0.0,0.0,1.0,0.0,0.0,0.0,0.0,0.0
2934,118_00849,118,849,2,RBBB,2,RBBB,2,RBBB,1.0,0.0,0.0,1.0,0.0,0.0,0.0,0.0,0.0
2935,118_00850,118,850,2,RBBB,2,RBBB,2,RBBB,1.0,0.0,0.0,1.0,0.0,0.0,0.0,0.0,0.0
2936,118_00851,118,851,2,RBBB,2,RBBB,2,RBBB,1.0,0.0,0.0,1.0,0.0,0.0,0.0,0.0,0.0
2937,118_00852,118,852,2,RBBB,2,RBBB,2,RBBB,1.0,0.0,0.0,1.0,0.0,0.0,0.0,0.0,0.0
2938,118_00853,118,853,2,RBBB,2,RBBB,2,RBBB,1.0,0.0,0.0,1.0,0.0,0.0,0.0,0.0,0.0
2939,118_00854,118,854,2,RBBB,2,RBBB,2,RBBB,1.0,0.0,0.0,1.0,0.0,0.0,0.0,0.0,0.0
2940,118_00855,118,855,2,RBBB,2,RBBB,2,RBBB,1.0,0.0,0.0,1.0,0.0,0.0,0.0,0.0,0.0
2941,118_00856,118,856,2,RBBB,2,RBBB,2,RBBB,1.0,0.0,0.0,1.0,0.0,0.0,0.0,0.0,0.0
2942,118_00857,118,857,2,RBBB,2,RBBB,2,RBBB,1.0,0.0,0.0,1.0,0.0,0.0,0.0,0.0,0.0
2943,118_00858,118,858,2,RBBB,2,RBBB,2,RBBB,1.0,0.0,0.0,1.0,0.0,0.0,0.0,0.0,0.0
2944,118_00859,118,859,2,RBBB,2,RBBB,2,RBBB,1.0,0.0,0.0,1.0,0.0,0.0,0.0,0.0,0.0
2945,118_00860,118,860,2,RBBB,2,RBBB,2,RBBB,1.0,0.0,0.0,1.0,0.0,0.0,0.0,0.0,0.0
2946,118_00861,118,861,2,RBBB,2,RBBB,2,RBBB,1.0,0.0,0.0,1.0,0.0,0.0,0.0,0.0,0.0
2947,118_00862,118,862,2,RBBB,2,RBBB,2,RBBB,1.0,0.0,0.0,1.0,0.0,0.0,0.0,0.0,0.0
2948,118_00863,118,863,2,RBBB,2,RBBB,2,RBBB,1.0,0.0,0.0,1.0,0.0,0.0,0.0,0.0,0.0
2949,118_00864,118,864,2,RBBB,2,RBBB,2,RBBB,1.0,0.0,0.0,1.0,0.0,0.0,0.0,0.0,0.0
2950,118_00865,118,865,2,RBBB,2,RBBB,2,RBBB,1.0,0.0,0.0,1.0,0.0,0.0,0.0,0.0,0.0
2951,118_00866,118,866,2,RBBB,2,RBBB,2,RBBB,1.0,0.0,0.0,1.0,0.0,0.0,0.0,0.0,0.0
2952,118_00867,118,867,2,RBBB,2,RBBB,2,RBBB,1.0,0.0,0.0,1.0,0.0,0.0,0.0,0.0,0.0
2953,118_00868,118,868,2,RBBB,2,RBBB,2,RBBB,1.0,0.0,0.0,1.0,0.0,0.0,0.0,0.0,0.0
2954,118_00869,118,869,2,RBBB,2,RBBB,2,RBBB,1.0,0.0,0.0,1.0,0.0,0.0,0.0,0.0,0.0
2955,118_00870,118,870,2,RBBB,2,RBBB,2,RBBB,1.0,0.0,0.0,1.0,0.0,0.0,0.0,0.0,0.0
2956,118_00871,118,871,2,RBBB,2,RBBB,2,RBBB,1.0,0.0,0.0,1.0,0.0,0.0,0.0,0.0,0.0
2957,118_00872,118,872,2,RBBB,2,RBBB,2,RBBB,1.0,0.0,0.0,1.0,0.0,0.0,0.0,0.0,0.0
2958,118_00873,118,873,2,RBBB,2,RBBB,2,RBBB,1.0,0.0,0.0,1.0,0.0,0.0,0.0,0.0,0.0
2959,118_00874,118,874,2,RBBB,2,RBBB,2,RBBB,1.0,0.0,0.0,1.0,0.0,0.0,0.0,0.0,0.0
2960,118_00875,118,875,2,RBBB,2,RBBB,2,RBBB,1.0,0.0,0.0,1.0,0.0,0.0,0.0,0.0,0.0
2961,118_00876,118,876,2,RBBB,2,RBBB,2,RBBB,1.0,0.0,0.0,1.0,0.0,0.0,0.0,0.0,0.0
2962,118_00877,118,877,2,RBBB,2,RBBB,2,RBBB,1.0,0.0,0.0,1.0,0.0,0.0,0.0,0.0,0.0
2963,118_00878,118,878,2,RBBB,2,RBBB,2,RBBB,1.0,0.0,0.0,1.0,0.0,0.0,0.0,0.0,0.0
2964,118_00879,118,879,2,RBBB,2,RBBB,2,RBBB,1.0,0.0,0.0,1.0,0.0,0.0,0.0,0.0,0.0
2965,118_00880,118,880,2,RBBB,2,RBBB,2,RBBB,1.0,0.0,0.0,1.0,0.0,0.0,0.0,0.0,0.0
2966,118_00881,118,881,2,RBBB,2,RBBB,2,RBBB,1.0,0.0,0.0,1.0,0.0,0.0,0.0,0.0,0.0
2967,118_00882,118,882,2,RBBB,2,RBBB,2,RBBB,1.0,0.0,0.0,1.0,0.0,0.0,0.0,0.0,0.0
2968,118_00883,118,883,2,RBBB,2,RBBB,2,RBBB,1.0,0.0,0.0,1.0,0.0,0.0,0.0,0.0,0.0
2969,118_00884,118,884,2,RBBB,2,RBBB,2,RBBB,1.0,0.0,0.0,1.0,0.0,0.0,0.0,0.0,0.0
2970,118_00885,118,885,2,RBBB,2,RBBB,2,RBBB,1.0,0.0,0.0,1.0,0.0,0.0,0.0,0.0,0.0
2971,118_00886,118,886,2,RBBB,2,RBBB,2,RBBB,1.0,0.0,0.0,1.0,0.0,0.0,0.0,0.0,0.0
2972,118_00887,118,887,2,RBBB,2,RBBB,2,RBBB,1.0,0.0,0.0,1.0,0.0,0.0,0.0,0.0,0.0
2973,118_00888,118,888,3,APC,2,RBBB,2,RBBB,1.0,0.0,0.0,1.0,0.0,0.0,0.0,0.0,0.0
2974,118_00889,118,889,2,RBBB,3,APC,3,APC,1.0,0.0,0.0,0.0,1.0,0.0,0.0,0.0,0.0
2975,118_00890,118,890,2,RBBB,2,RBBB,2,RBBB,1.0,0.0,0.0,1.0,0.0,0.0,0.0,0.0,0.0
2976,118_00891,118,891,2,RBBB,2,RBBB,2,RBBB,1.0,0.0,0.0,1.0,0.0,0.0,0.0,0.0,0.0
2977,118_00892,118,892,2,RBBB,2,RBBB,2,RBBB,1.0,0.0,0.0,1.0,0.0,0.0,0.0,0.0,0.0
2978,118_00893,118,893,2,RBBB,2,RBBB,2,RBBB,1.0,0.0,0.0,1.0,0.0,0.0,0.0,0.0,0.0
2979,118_00894,118,894,2,RBBB,2,RBBB,2,RBBB,1.0,0.0,0.0,1.0,0.0,0.0,0.0,0.0,0.0
2980,118_00895,118,895,2,RBBB,2,RBBB,2,RBBB,1.0,0.0,0.0,1.0,0.0,0.0,0.0,0.0,0.0
2981,118_00896,118,896,2,RBBB,2,RBBB,2,RBBB,1.0,0.0,0.0,1.0,0.0,0.0,0.0,0.0,0.0
2982,118_00897,118,897,2,RBBB,2,RBBB,2,RBBB,1.0,0.0,0.0,1.0,0.0,0.0,0.0,0.0,0.0
2983,118_00898,118,898,2,RBBB,2,RBBB,2,RBBB,1.0,0.0,0.0,1.0,0.0,0.0,0.0,0.0,0.0
2984,118_00899,118,899,2,RBBB,2,RBBB,2,RBBB,1.0,0.0,0.0,1.0,0.0,0.0,0.0,0.0,0.0
2985,118_00900,118,900,2,RBBB,2,RBBB,2,RBBB,1.0,0.0,0.0,1.0,0.0,0.0,0.0,0.0,0.0
2986,118_00901,118,901,2,RBBB,2,RBBB,2,RBBB,1.0,0.0,0.0,1.0,0.0,0.0,0.0,0.0,0.0
2987,118_00902,118,902,2,RBBB,2,RBBB,2,RBBB,1.0,0.0,0.0,1.0,0.0,0.0,0.0,0.0,0.0
2988,118_00903,118,903,2,RBBB,2,RBBB,2,RBBB,1.0,0.0,0.0,1.0,0.0,0.0,0.0,0.0,0.0
2989,118_00904,118,904,2,RBBB,2,RBBB,2,RBBB,1.0,0.0,0.0,1.0,0.0,0.0,0.0,0.0,0.0
2990,118_00905,118,905,2,RBBB,2,RBBB,2,RBBB,1.0,0.0,0.0,1.0,0.0,0.0,0.0,0.0,0.0
2991,118_00906,118,906,2,RBBB,2,RBBB,2,RBBB,1.0,0.0,0.0,1.0,0.0,0.0,0.0,0.0,0.0
2992,118_00907,118,907,2,RBBB,2,RBBB,2,RBBB,1.0,0.0,0.0,1.0,0.0,0.0,0.0,0.0,0.0
2993,118_00908,118,908,2,RBBB,2,RBBB,2,RBBB,1.0,0.0,0.0,1.0,0.0,0.0,0.0,0.0,0.0
2994,118_00909,118,909,2,RBBB,2,RBBB,2,RBBB,1.0,0.0,0.0,1.0,0.0,0.0,0.0,0.0,0.0
2995,118_00910,118,910,2,RBBB,2,RBBB,2,RBBB,1.0,0.0,0.0,1.0,0.0,0.0,0.0,0.0,0.0
2996,118_00911,118,911,2,RBBB,2,RBBB,2,RBBB,1.0,0.0,0.0,1.0,0.0,0.0,0.0,0.0,0.0
2997,118_00912,118,912,2,RBBB,2,RBBB,2,RBBB,1.0,0.0,0.0,1.0,0.0,0.0,0.0,0.0,0.0
2998,118_00913,118,913,3,APC,2,RBBB,2,RBBB,1.0,0.0,0.0,1.0,0.0,0.0,0.0,0.0,0.0
2999,118_00914,118,914,2,RBBB,3,APC,3,APC,1.0,0.0,0.0,0.0,1.0,0.0,0.0,0.0,0.0
3000,118_00915,118,915,2,RBBB,2,RBBB,2,RBBB,1.0,0.0,0.0,1.0,0.0,0.0,0.0,0.0,0.0
3001,118_00916,118,916,2,RBBB,2,RBBB,2,RBBB,1.0,0.0,0.0,1.0,0.0,0.0,0.0,0.0,0.0
3002,118_00917,118,917,2,RBBB,2,RBBB,2,RBBB,1.0,0.0,0.0,1.0,0.0,0.0,0.0,0.0,0.0
3003,118_00918,118,918,3,APC,2,RBBB,2,RBBB,1.0,0.0,0.0,1.0,0.0,0.0,0.0,0.0,0.0
3004,118_00919,118,919,2,RBBB,3,APC,3,APC,1.0,0.0,0.0,0.0,1.0,0.0,0.0,0.0,0.0
3005,118_00920,118,920,2,RBBB,2,RBBB,2,RBBB,1.0,0.0,0.0,1.0,0.0,0.0,0.0,0.0,0.0
3006,118_00921,118,921,3,APC,2,RBBB,2,RBBB,1.0,0.0,0.0,1.0,0.0,0.0,0.0,0.0,0.0
3007,118_00922,118,922,2,RBBB,3,APC,3,APC,1.0,0.0,0.0,0.0,1.0,0.0,0.0,0.0,0.0
3008,118_00923,118,923,3,APC,2,RBBB,2,RBBB,1.0,0.0,0.0,1.0,0.0,0.0,0.0,0.0,0.0
3009,118_00924,118,924,2,RBBB,3,APC,3,APC,1.0,0.0,0.0,0.0,1.0,0.0,0.0,0.0,0.0
3010,118_00925,118,925,2,RBBB,2,RBBB,2,RBBB,1.0,0.0,0.0,1.0,0.0,0.0,0.0,0.0,0.0
3011,118_00926,118,926,2,RBBB,2,RBBB,2,RBBB,1.0,0.0,0.0,1.0,0.0,0.0,0.0,0.0,0.0
3012,118_00927,118,927,2,RBBB,2,RBBB,2,RBBB,1.0,0.0,0.0,1.0,0.0,0.0,0.0,0.0,0.0
3013,118_00928,118,928,2,RBBB,2,RBBB,2,RBBB,1.0,0.0,0.0,1.0,0.0,0.0,0.0,0.0,0.0
3014,118_00929,118,929,2,RBBB,2,RBBB,2,RBBB,1.0,0.0,0.0,1.0,0.0,0.0,0.0,0.0,0.0
3015,118_00930,118,930,2,RBBB,2,RBBB,2,RBBB,1.0,0.0,0.0,1.0,0.0,0.0,0.0,0.0,0.0
3016,118_00931,118,931,2,RBBB,2,RBBB,2,RBBB,1.0,0.0,0.0,1.0,0.0,0.0,0.0,0.0,0.0
3017,118_00932,118,932,2,RBBB,2,RBBB,2,RBBB,1.0,0.0,0.0,1.0,0.0,0.0,0.0,0.0,0.0
3018,118_00933,118,933,2,RBBB,2,RBBB,2,RBBB,1.0,0.0,0.0,1.0,0.0,0.0,0.0,0.0,0.0
3019,118_00934,118,934,2,RBBB,2,RBBB,2,RBBB,1.0,0.0,0.0,1.0,0.0,0.0,0.0,0.0,0.0
3020,118_00935,118,935,2,RBBB,2,RBBB,2,RBBB,1.0,0.0,0.0,1.0,0.0,0.0,0.0,0.0,0.0
3021,118_00936,118,936,2,RBBB,2,RBBB,2,RBBB,1.0,0.0,0.0,1.0,0.0,0.0,0.0,0.0,0.0
3022,118_00937,118,937,2,RBBB,2,RBBB,2,RBBB,1.0,0.0,0.0,1.0,0.0,0.0,0.0,0.0,0.0
3023,118_00938,118,938,2,RBBB,2,RBBB,2,RBBB,1.0,0.0,0.0,1.0,0.0,0.0,0.0,0.0,0.0
3024,118_00939,118,939,2,RBBB,2,RBBB,2,RBBB,1.0,0.0,0.0,1.0,0.0,0.0,0.0,0.0,0.0
3025,118_00940,118,940,2,RBBB,2,RBBB,2,RBBB,1.0,0.0,0.0,1.0,0.0,0.0,0.0,0.0,0.0
3026,118_00941,118,941,3,APC,2,RBBB,2,RBBB,1.0,0.0,0.0,1.0,0.0,0.0,0.0,0.0,0.0
3027,118_00942,118,942,2,RBBB,3,APC,3,APC,1.0,0.0,0.0,0.0,1.0,0.0,0.0,0.0,0.0
3028,118_00943,118,943,2,RBBB,2,RBBB,2,RBBB,1.0,0.0,0.0,1.0,0.0,0.0,0.0,0.0,0.0
3029,118_00944,118,944,2,RBBB,2,RBBB,2,RBBB,1.0,0.0,0.0,1.0,0.0,0.0,0.0,0.0,0.0
3030,118_00945,118,945,2,RBBB,2,RBBB,2,RBBB,1.0,0.0,0.0,1.0,0.0,0.0,0.0,0.0,0.0
3031,118_00946,118,946,2,RBBB,2,RBBB,2,RBBB,1.0,0.0,0.0,1.0,0.0,0.0,0.0,0.0,0.0
3032,118_00947,118,947,2,RBBB,2,RBBB,2,RBBB,1.0,0.0,0.0,1.0,0.0,0.0,0.0,0.0,0.0
3033,118_00948,118,948,2,RBBB,2,RBBB,2,RBBB,1.0,0.0,0.0,1.0,0.0,0.0,0.0,0.0,0.0
3034,118_00949,118,949,2,RBBB,2,RBBB,2,RBBB,1.0,0.0,0.0,1.0,0.0,0.0,0.0,0.0,0.0
3035,118_00950,118,950,2,RBBB,2,RBBB,2,RBBB,1.0,0.0,0.0,1.0,0.0,0.0,0.0,0.0,0.0
3036,118_00951,118,951,2,RBBB,2,RBBB,2,RBBB,1.0,0.0,0.0,1.0,0.0,0.0,0.0,0.0,0.0
3037,118_00952,118,952,2,RBBB,2,RBBB,2,RBBB,1.0,0.0,0.0,1.0,0.0,0.0,0.0,0.0,0.0
3038,118_00953,118,953,3,APC,2,RBBB,2,RBBB,1.0,0.0,0.0,1.0,0.0,0.0,0.0,0.0,0.0
3039,118_00954,118,954,2,RBBB,3,APC,3,APC,1.0,0.0,0.0,0.0,1.0,0.0,0.0,0.0,0.0
3040,118_00955,118,955,2,RBBB,2,RBBB,2,RBBB,1.0,0.0,0.0,1.0,0.0,0.0,0.0,0.0,0.0
3041,118_00956,118,956,2,RBBB,2,RBBB,2,RBBB,1.0,0.0,0.0,1.0,0.0,0.0,0.0,0.0,0.0
3042,118_00957,118,957,2,RBBB,2,RBBB,2,RBBB,1.0,0.0,0.0,1.0,0.0,0.0,0.0,0.0,0.0
3043,118_00958,118,958,2,RBBB,2,RBBB,2,RBBB,1.0,0.0,0.0,1.0,0.0,0.0,0.0,0.0,0.0
3044,118_00959,118,959,3,APC,2,RBBB,2,RBBB,1.0,0.0,0.0,1.0,0.0,0.0,0.0,0.0,0.0
3045,118_00960,118,960,2,RBBB,3,APC,3,APC,1.0,0.0,0.0,0.0,1.0,0.0,0.0,0.0,0.0
3046,118_00961,118,961,2,RBBB,2,RBBB,2,RBBB,1.0,0.0,0.0,1.0,0.0,0.0,0.0,0.0,0.0
3047,118_00962,118,962,2,RBBB,2,RBBB,2,RBBB,1.0,0.0,0.0,1.0,0.0,0.0,0.0,0.0,0.0
3048,118_00963,118,963,2,RBBB,2,RBBB,2,RBBB,1.0,0.0,0.0,1.0,0.0,0.0,0.0,0.0,0.0
3049,118_00964,118,964,2,RBBB,2,RBBB,2,RBBB,1.0,0.0,0.0,1.0,0.0,0.0,0.0,0.0,0.0
3050,118_00965,118,965,3,APC,2,RBBB,2,RBBB,1.0,0.0,0.0,1.0,0.0,0.0,0.0,0.0,0.0
3051,118_00966,118,966,2,RBBB,3,APC,3,APC,1.0,0.0,0.0,0.0,1.0,0.0,0.0,0.0,0.0
3052,118_00967,118,967,2,RBBB,2,RBBB,2,RBBB,1.0,0.0,0.0,1.0,0.0,0.0,0.0,0.0,0.0
3053,118_00968,118,968,2,RBBB,2,RBBB,2,RBBB,1.0,0.0,0.0,1.0,0.0,0.0,0.0,0.0,0.0
3054,118_00969,118,969,2,RBBB,2,RBBB,2,RBBB,1.0,0.0,0.0,1.0,0.0,0.0,0.0,0.0,0.0
3055,118_00970,118,970,2,RBBB,2,RBBB,2,RBBB,1.0,0.0,0.0,1.0,0.0,0.0,0.0,0.0,0.0
3056,118_00971,118,971,2,RBBB,2,RBBB,2,RBBB,1.0,0.0,0.0,1.0,0.0,0.0,0.0,0.0,0.0
3057,118_00972,118,972,2,RBBB,2,RBBB,2,RBBB,1.0,0.0,0.0,1.0,0.0,0.0,0.0,0.0,0.0
3058,118_00973,118,973,3,APC,2,RBBB,2,RBBB,1.0,0.0,0.0,1.0,0.0,0.0,0.0,0.0,0.0
3059,118_00974,118,974,2,RBBB,3,APC,3,APC,1.0,0.0,0.0,0.0,1.0,0.0,0.0,0.0,0.0
3060,118_00975,118,975,2,RBBB,2,RBBB,2,RBBB,1.0,0.0,0.0,1.0,0.0,0.0,0.0,0.0,0.0
3061,118_00976,118,976,2,RBBB,2,RBBB,2,RBBB,1.0,0.0,0.0,1.0,0.0,0.0,0.0,0.0,0.0
3062,118_00977,118,977,2,RBBB,2,RBBB,2,RBBB,1.0,0.0,0.0,1.0,0.0,0.0,0.0,0.0,0.0
3063,118_00978,118,978,2,RBBB,2,RBBB,2,RBBB,1.0,0.0,0.0,1.0,0.0,0.0,0.0,0.0,0.0
3064,118_00979,118,979,3,APC,2,RBBB,2,RBBB,1.0,0.0,0.0,1.0,0.0,0.0,0.0,0.0,0.0
3065,118_00980,118,980,2,RBBB,3,APC,3,APC,1.0,0.0,0.0,0.0,1.0,0.0,0.0,0.0,0.0
3066,118_00981,118,981,2,RBBB,2,RBBB,2,RBBB,1.0,0.0,0.0,1.0,0.0,0.0,0.0,0.0,0.0
3067,118_00982,118,982,2,RBBB,2,RBBB,2,RBBB,1.0,0.0,0.0,1.0,0.0,0.0,0.0,0.0,0.0
3068,118_00983,118,983,2,RBBB,2,RBBB,2,RBBB,1.0,0.0,0.0,1.0,0.0,0.0,0.0,0.0,0.0
3069,118_00984,118,984,2,RBBB,2,RBBB,2,RBBB,1.0,0.0,0.0,1.0,0.0,0.0,0.0,0.0,0.0
3070,118_00985,118,985,2,RBBB,2,RBBB,2,RBBB,1.0,0.0,0.0,1.0,0.0,0.0,0.0,0.0,0.0
3071,118_00986,118,986,2,RBBB,2,RBBB,2,RBBB,1.0,0.0,0.0,1.0,0.0,0.0,0.0,0.0,0.0
3072,118_00987,118,987,2,RBBB,2,RBBB,2,RBBB,1.0,0.0,0.0,1.0,0.0,0.0,0.0,0.0,0.0
3073,118_00988,118,988,2,RBBB,2,RBBB,2,RBBB,1.0,0.0,0.0,1.0,0.0,0.0,0.0,0.0,0.0
3074,118_00989,118,989,2,RBBB,2,RBBB,2,RBBB,1.0,0.0,0.0,1.0,0.0,0.0,0.0,0.0,0.0
3075,118_00990,118,990,2,RBBB,2,RBBB,2,RBBB,1.0,0.0,0.0,1.0,0.0,0.0,0.0,0.0,0.0
3076,118_00991,118,991,2,RBBB,2,RBBB,2,RBBB,1.0,0.0,0.0,1.0,0.0,0.0,0.0,0.0,0.0
3077,118_00992,118,992,2,RBBB,2,RBBB,2,RBBB,1.0,0.0,0.0,1.0,0.0,0.0,0.0,0.0,0.0
3078,118_00993,118,993,2,RBBB,2,RBBB,2,RBBB,1.0,0.0,0.0,1.0,0.0,0.0,0.0,0.0,0.0
3079,118_00994,118,994,2,RBBB,2,RBBB,2,RBBB,1.0,0.0,0.0,1.0,0.0,0.0,0.0,0.0,0.0
3080,118_00995,118,995,2,RBBB,2,RBBB,2,RBBB,1.0,0.0,0.0,1.0,0.0,0.0,0.0,0.0,0.0
3081,118_00996,118,996,2,RBBB,2,RBBB,2,RBBB,1.0,0.0,0.0,1.0,0.0,0.0,0.0,0.0,0.0
3082,118_00997,118,997,2,RBBB,2,RBBB,2,RBBB,1.0,0.0,0.0,1.0,0.0,0.0,0.0,0.0,0.0
3083,118_00998,118,998,2,RBBB,2,RBBB,2,RBBB,1.0,0.0,0.0,1.0,0.0,0.0,0.0,0.0,0.0
3084,118_00999,118,999,2,RBBB,2,RBBB,2,RBBB,1.0,0.0,0.0,1.0,0.0,0.0,0.0,0.0,0.0
3085,118_01000,118,1000,2,RBBB,2,RBBB,2,RBBB,1.0,0.0,0.0,1.0,0.0,0.0,0.0,0.0,0.0
3086,118_01001,118,1001,2,RBBB,2,RBBB,2,RBBB,1.0,0.0,0.0,1.0,0.0,0.0,0.0,0.0,0.0
3087,118_01002,118,1002,2,RBBB,2,RBBB,2,RBBB,1.0,0.0,0.0,1.0,0.0,0.0,0.0,0.0,0.0
3088,118_01003,118,1003,2,RBBB,2,RBBB,2,RBBB,1.0,0.0,0.0,1.0,0.0,0.0,0.0,0.0,0.0
3089,118_01004,118,1004,2,RBBB,2,RBBB,2,RBBB,1.0,0.0,0.0,1.0,0.0,0.0,0.0,0.0,0.0
3090,118_01005,118,1005,3,APC,2,RBBB,2,RBBB,1.0,0.0,0.0,1.0,0.0,0.0,0.0,0.0,0.0
3091,118_01006,118,1006,2,RBBB,3,APC,3,APC,1.0,0.0,0.0,0.0,1.0,0.0,0.0,0.0,0.0
3092,118_01007,118,1007,2,RBBB,2,RBBB,2,RBBB,1.0,0.0,0.0,1.0,0.0,0.0,0.0,0.0,0.0
3093,118_01008,118,1008,2,RBBB,2,RBBB,2,RBBB,1.0,0.0,0.0,1.0,0.0,0.0,0.0,0.0,0.0
3094,118_01009,118,1009,2,RBBB,2,RBBB,2,RBBB,1.0,0.0,0.0,1.0,0.0,0.0,0.0,0.0,0.0
3095,118_01010,118,1010,2,RBBB,2,RBBB,2,RBBB,1.0,0.0,0.0,1.0,0.0,0.0,0.0,0.0,0.0
3096,118_01011,118,1011,2,RBBB,2,RBBB,2,RBBB,1.0,0.0,0.0,1.0,0.0,0.0,0.0,0.0,0.0
3097,118_01012,118,1012,2,RBBB,2,RBBB,2,RBBB,1.0,0.0,0.0,1.0,0.0,0.0,0.0,0.0,0.0
3098,118_01013,118,1013,2,RBBB,2,RBBB,2,RBBB,1.0,0.0,0.0,1.0,0.0,0.0,0.0,0.0,0.0
3099,118_01014,118,1014,2,RBBB,2,RBBB,2,RBBB,1.0,0.0,0.0,1.0,0.0,0.0,0.0,0.0,0.0
3100,118_01015,118,1015,2,RBBB,2,RBBB,2,RBBB,1.0,0.0,0.0,1.0,0.0,0.0,0.0,0.0,0.0
3101,118_01016,118,1016,2,RBBB,2,RBBB,2,RBBB,1.0,0.0,0.0,1.0,0.0,0.0,0.0,0.0,0.0
3102,118_01017,118,1017,2,RBBB,2,RBBB,2,RBBB,1.0,0.0,0.0,1.0,0.0,0.0,0.0,0.0,0.0
3103,118_01018,118,1018,2,RBBB,2,RBBB,2,RBBB,1.0,0.0,0.0,1.0,0.0,0.0,0.0,0.0,0.0
3104,118_01019,118,1019,2,RBBB,2,RBBB,2,RBBB,1.0,0.0,0.0,1.0,0.0,0.0,0.0,0.0,0.0
3105,118_01020,118,1020,2,RBBB,2,RBBB,2,RBBB,1.0,0.0,0.0,1.0,0.0,0.0,0.0,0.0,0.0
3106,118_01021,118,1021,2,RBBB,2,RBBB,2,RBBB,1.0,0.0,0.0,1.0,0.0,0.0,0.0,0.0,0.0
3107,118_01022,118,1022,2,RBBB,2,RBBB,2,RBBB,1.0,0.0,0.0,1.0,0.0,0.0,0.0,0.0,0.0
3108,118_01023,118,1023,2,RBBB,2,RBBB,2,RBBB,1.0,0.0,0.0,1.0,0.0,0.0,0.0,0.0,0.0
3109,118_01024,118,1024,3,APC,2,RBBB,2,RBBB,1.0,0.0,0.0,1.0,0.0,0.0,0.0,0.0,0.0
3110,118_01025,118,1025,2,RBBB,3,APC,3,APC,1.0,0.0,0.0,0.0,1.0,0.0,0.0,0.0,0.0
3111,118_01026,118,1026,2,RBBB,2,RBBB,2,RBBB,1.0,0.0,0.0,1.0,0.0,0.0,0.0,0.0,0.0
3112,118_01027,118,1027,2,RBBB,2,RBBB,2,RBBB,1.0,0.0,0.0,1.0,0.0,0.0,0.0,0.0,0.0
3113,118_01028,118,1028,2,RBBB,2,RBBB,2,RBBB,1.0,0.0,0.0,1.0,0.0,0.0,0.0,0.0,0.0
3114,118_01029,118,1029,2,RBBB,2,RBBB,2,RBBB,1.0,0.0,0.0,1.0,0.0,0.0,0.0,0.0,0.0
3115,118_01030,118,1030,2,RBBB,2,RBBB,2,RBBB,1.0,0.0,0.0,1.0,0.0,0.0,0.0,0.0,0.0
3116,118_01031,118,1031,2,RBBB,2,RBBB,2,RBBB,1.0,0.0,0.0,1.0,0.0,0.0,0.0,0.0,0.0
3117,118_01032,118,1032,2,RBBB,2,RBBB,2,RBBB,1.0,0.0,0.0,1.0,0.0,0.0,0.0,0.0,0.0
3118,118_01033,118,1033,2,RBBB,2,RBBB,2,RBBB,1.0,0.0,0.0,1.0,0.0,0.0,0.0,0.0,0.0
3119,118_01034,118,1034,2,RBBB,2,RBBB,2,RBBB,1.0,0.0,0.0,1.0,0.0,0.0,0.0,0.0,0.0
3120,118_01035,118,1035,2,RBBB,2,RBBB,2,RBBB,1.0,0.0,0.0,1.0,0.0,0.0,0.0,0.0,0.0
3121,118_01036,118,1036,2,RBBB,2,RBBB,2,RBBB,1.0,0.0,0.0,1.0,0.0,0.0,0.0,0.0,0.0
3122,118_01037,118,1037,2,RBBB,2,RBBB,2,RBBB,1.0,0.0,0.0,1.0,0.0,0.0,0.0,0.0,0.0
3123,118_01038,118,1038,2,RBBB,2,RBBB,2,RBBB,1.0,0.0,0.0,1.0,0.0,0.0,0.0,0.0,0.0
3124,118_01039,118,1039,2,RBBB,2,RBBB,2,RBBB,1.0,0.0,0.0,1.0,0.0,0.0,0.0,0.0,0.0
3125,118_01040,118,1040,2,RBBB,2,RBBB,2,RBBB,1.0,0.0,0.0,1.0,0.0,0.0,0.0,0.0,0.0
3126,118_01041,118,1041,2,RBBB,2,RBBB,2,RBBB,1.0,0.0,0.0,1.0,0.0,0.0,0.0,0.0,0.0
3127,118_01042,118,1042,2,RBBB,2,RBBB,2,RBBB,1.0,0.0,0.0,1.0,0.0,0.0,0.0,0.0,0.0
3128,118_01043,118,1043,2,RBBB,2,RBBB,2,RBBB,1.0,0.0,0.0,1.0,0.0,0.0,0.0,0.0,0.0
3129,118_01044,118,1044,2,RBBB,2,RBBB,2,RBBB,1.0,0.0,0.0,1.0,0.0,0.0,0.0,0.0,0.0
3130,118_01045,118,1045,2,RBBB,2,RBBB,2,RBBB,1.0,0.0,0.0,1.0,0.0,0.0,0.0,0.0,0.0
3131,118_01046,118,1046,2,RBBB,2,RBBB,2,RBBB,1.0,0.0,0.0,1.0,0.0,0.0,0.0,0.0,0.0
3132,118_01047,118,1047,2,RBBB,2,RBBB,2,RBBB,1.0,0.0,0.0,1.0,0.0,0.0,0.0,0.0,0.0
3133,118_01048,118,1048,2,RBBB,2,RBBB,2,RBBB,1.0,0.0,0.0,1.0,0.0,0.0,0.0,0.0,0.0
3134,118_01049,118,1049,2,RBBB,2,RBBB,2,RBBB,1.0,0.0,0.0,1.0,0.0,0.0,0.0,0.0,0.0
3135,118_01050,118,1050,2,RBBB,2,RBBB,2,RBBB,1.0,0.0,0.0,1.0,0.0,0.0,0.0,0.0,0.0
3136,118_01051,118,1051,2,RBBB,2,RBBB,2,RBBB,1.0,0.0,0.0,1.0,0.0,0.0,0.0,0.0,0.0
3137,118_01052,118,1052,2,RBBB,2,RBBB,2,RBBB,1.0,0.0,0.0,1.0,0.0,0.0,0.0,0.0,0.0
3138,118_01053,118,1053,2,RBBB,2,RBBB,2,RBBB,1.0,0.0,0.0,1.0,0.0,0.0,0.0,0.0,0.0
3139,118_01054,118,1054,2,RBBB,2,RBBB,2,RBBB,1.0,0.0,0.0,1.0,0.0,0.0,0.0,0.0,0.0
3140,118_01055,118,1055,2,RBBB,2,RBBB,2,RBBB,1.0,0.0,0.0,1.0,0.0,0.0,0.0,0.0,0.0
3141,118_01056,118,1056,2,RBBB,2,RBBB,2,RBBB,1.0,0.0,0.0,1.0,0.0,0.0,0.0,0.0,0.0
3142,118_01057,118,1057,2,RBBB,2,RBBB,2,RBBB,1.0,0.0,0.0,1.0,0.0,0.0,0.0,0.0,0.0
3143,118_01058,118,1058,2,RBBB,2,RBBB,2,RBBB,1.0,0.0,0.0,1.0,0.0,0.0,0.0,0.0,0.0
3144,118_01059,118,1059,2,RBBB,2,RBBB,2,RBBB,1.0,0.0,0.0,1.0,0.0,0.0,0.0,0.0,0.0
3145,118_01060,118,1060,2,RBBB,2,RBBB,2,RBBB,1.0,0.0,0.0,1.0,0.0,0.0,0.0,0.0,0.0
3146,118_01061,118,1061,2,RBBB,2,RBBB,2,RBBB,1.0,0.0,0.0,1.0,0.0,0.0,0.0,0.0,0.0
3147,118_01062,118,1062,2,RBBB,2,RBBB,2,RBBB,1.0,0.0,0.0,1.0,0.0,0.0,0.0,0.0,0.0
3148,118_01063,118,1063,2,RBBB,2,RBBB,2,RBBB,1.0,0.0,0.0,1.0,0.0,0.0,0.0,0.0,0.0
3149,118_01064,118,1064,2,RBBB,2,RBBB,2,RBBB,1.0,0.0,0.0,1.0,0.0,0.0,0.0,0.0,0.0
3150,118_01065,118,1065,2,RBBB,2,RBBB,2,RBBB,1.0,0.0,0.0,1.0,0.0,0.0,0.0,0.0,0.0
3151,118_01066,118,1066,2,RBBB,2,RBBB,2,RBBB,1.0,0.0,0.0,1.0,0.0,0.0,0.0,0.0,0.0
3152,118_01067,118,1067,2,RBBB,2,RBBB,2,RBBB,1.0,0.0,0.0,1.0,0.0,0.0,0.0,0.0,0.0
3153,118_01068,118,1068,2,RBBB,2,RBBB,2,RBBB,1.0,0.0,0.0,1.0,0.0,0.0,0.0,0.0,0.0
3154,118_01069,118,1069,2,RBBB,2,RBBB,2,RBBB,1.0,0.0,0.0,1.0,0.0,0.0,0.0,0.0,0.0
3155,118_01070,118,1070,3,APC,2,RBBB,2,RBBB,1.0,0.0,0.0,1.0,0.0,0.0,0.0,0.0,0.0
3156,118_01071,118,1071,2,RBBB,3,APC,3,APC,1.0,0.0,0.0,0.0,1.0,0.0,0.0,0.0,0.0
3157,118_01072,118,1072,2,RBBB,2,RBBB,2,RBBB,1.0,0.0,0.0,1.0,0.0,0.0,0.0,0.0,0.0
3158,118_01073,118,1073,2,RBBB,2,RBBB,2,RBBB,1.0,0.0,0.0,1.0,0.0,0.0,0.0,0.0,0.0
3159,118_01074,118,1074,2,RBBB,2,RBBB,2,RBBB,1.0,0.0,0.0,1.0,0.0,0.0,0.0,0.0,0.0
3160,118_01075,118,1075,3,APC,2,RBBB,2,RBBB,1.0,0.0,0.0,1.0,0.0,0.0,0.0,0.0,0.0
3161,118_01076,118,1076,2,RBBB,3,APC,3,APC,1.0,0.0,0.0,0.0,1.0,0.0,0.0,0.0,0.0
3162,118_01077,118,1077,2,RBBB,2,RBBB,2,RBBB,1.0,0.0,0.0,1.0,0.0,0.0,0.0,0.0,0.0
3163,118_01078,118,1078,2,RBBB,2,RBBB,2,RBBB,1.0,0.0,0.0,1.0,0.0,0.0,0.0,0.0,0.0
3164,118_01079,118,1079,2,RBBB,2,RBBB,2,RBBB,1.0,0.0,0.0,1.0,0.0,0.0,0.0,0.0,0.0
3165,118_01080,118,1080,2,RBBB,2,RBBB,2,RBBB,1.0,0.0,0.0,1.0,0.0,0.0,0.0,0.0,0.0
3166,118_01081,118,1081,2,RBBB,2,RBBB,2,RBBB,1.0,0.0,0.0,1.0,0.0,0.0,0.0,0.0,0.0
3167,118_01082,118,1082,2,RBBB,2,RBBB,2,RBBB,1.0,0.0,0.0,1.0,0.0,0.0,0.0,0.0,0.0
3168,118_01083,118,1083,2,RBBB,2,RBBB,2,RBBB,1.0,0.0,0.0,1.0,0.0,0.0,0.0,0.0,0.0
3169,118_01084,118,1084,3,APC,2,RBBB,2,RBBB,1.0,0.0,0.0,1.0,0.0,0.0,0.0,0.0,0.0
3170,118_01085,118,1085,2,RBBB,3,APC,3,APC,1.0,0.0,0.0,0.0,1.0,0.0,0.0,0.0,0.0
3171,118_01086,118,1086,2,RBBB,2,RBBB,2,RBBB,1.0,0.0,0.0,1.0,0.0,0.0,0.0,0.0,0.0
3172,118_01087,118,1087,2,RBBB,2,RBBB,2,RBBB,1.0,0.0,0.0,1.0,0.0,0.0,0.0,0.0,0.0
3173,118_01088,118,1088,2,RBBB,2,RBBB,2,RBBB,1.0,0.0,0.0,1.0,0.0,0.0,0.0,0.0,0.0
3174,118_01089,118,1089,2,RBBB,2,RBBB,2,RBBB,1.0,0.0,0.0,1.0,0.0,0.0,0.0,0.0,0.0
3175,118_01090,118,1090,2,RBBB,2,RBBB,2,RBBB,1.0,0.0,0.0,1.0,0.0,0.0,0.0,0.0,0.0
3176,118_01091,118,1091,2,RBBB,2,RBBB,2,RBBB,1.0,0.0,0.0,1.0,0.0,0.0,0.0,0.0,0.0
3177,118_01092,118,1092,2,RBBB,2,RBBB,2,RBBB,1.0,0.0,0.0,1.0,0.0,0.0,0.0,0.0,0.0
3178,118_01093,118,1093,2,RBBB,2,RBBB,2,RBBB,1.0,0.0,0.0,1.0,0.0,0.0,0.0,0.0,0.0
3179,118_01094,118,1094,2,RBBB,2,RBBB,2,RBBB,1.0,0.0,0.0,1.0,0.0,0.0,0.0,0.0,0.0
3180,118_01095,118,1095,2,RBBB,2,RBBB,2,RBBB,1.0,0.0,0.0,1.0,0.0,0.0,0.0,0.0,0.0
3181,118_01096,118,1096,2,RBBB,2,RBBB,2,RBBB,1.0,0.0,0.0,1.0,0.0,0.0,0.0,0.0,0.0
3182,118_01097,118,1097,2,RBBB,2,RBBB,2,RBBB,1.0,0.0,0.0,1.0,0.0,0.0,0.0,0.0,0.0
3183,118_01098,118,1098,2,RBBB,2,RBBB,2,RBBB,1.0,0.0,0.0,1.0,0.0,0.0,0.0,0.0,0.0
3184,118_01099,118,1099,2,RBBB,2,RBBB,2,RBBB,1.0,0.0,0.0,1.0,0.0,0.0,0.0,0.0,0.0
3185,118_01100,118,1100,3,APC,2,RBBB,2,RBBB,1.0,0.0,0.0,1.0,0.0,0.0,0.0,0.0,0.0
3186,118_01101,118,1101,2,RBBB,3,APC,3,APC,1.0,0.0,0.0,0.0,1.0,0.0,0.0,0.0,0.0
3187,118_01102,118,1102,2,RBBB,2,RBBB,2,RBBB,1.0,0.0,0.0,1.0,0.0,0.0,0.0,0.0,0.0
3188,118_01103,118,1103,2,RBBB,2,RBBB,2,RBBB,1.0,0.0,0.0,1.0,0.0,0.0,0.0,0.0,0.0
3189,118_01104,118,1104,2,RBBB,2,RBBB,2,RBBB,1.0,0.0,0.0,1.0,0.0,0.0,0.0,0.0,0.0
3190,118_01105,118,1105,2,RBBB,2,RBBB,2,RBBB,1.0,0.0,0.0,1.0,0.0,0.0,0.0,0.0,0.0
3191,118_01106,118,1106,2,RBBB,2,RBBB,2,RBBB,1.0,0.0,0.0,1.0,0.0,0.0,0.0,0.0,0.0
3192,118_01107,118,1107,2,RBBB,2,RBBB,2,RBBB,1.0,0.0,0.0,1.0,0.0,0.0,0.0,0.0,0.0
3193,118_01108,118,1108,2,RBBB,2,RBBB,2,RBBB,1.0,0.0,0.0,1.0,0.0,0.0,0.0,0.0,0.0
3194,118_01109,118,1109,2,RBBB,2,RBBB,2,RBBB,1.0,0.0,0.0,1.0,0.0,0.0,0.0,0.0,0.0
3195,118_01110,118,1110,2,RBBB,2,RBBB,2,RBBB,1.0,0.0,0.0,1.0,0.0,0.0,0.0,0.0,0.0
3196,118_01111,118,1111,2,RBBB,2,RBBB,2,RBBB,1.0,0.0,0.0,1.0,0.0,0.0,0.0,0.0,0.0
3197,118_01112,118,1112,2,RBBB,2,RBBB,2,RBBB,1.0,0.0,0.0,1.0,0.0,0.0,0.0,0.0,0.0
3198,118_01113,118,1113,2,RBBB,2,RBBB,2,RBBB,1.0,0.0,0.0,1.0,0.0,0.0,0.0,0.0,0.0
3199,118_01114,118,1114,2,RBBB,2,RBBB,2,RBBB,1.0,0.0,0.0,1.0,0.0,0.0,0.0,0.0,0.0
3200,118_01115,118,1115,2,RBBB,2,RBBB,2,RBBB,1.0,0.0,0.0,1.0,0.0,0.0,0.0,0.0,0.0
3201,118_01116,118,1116,2,RBBB,2,RBBB,2,RBBB,1.0,0.0,0.0,1.0,0.0,0.0,0.0,0.0,0.0
3202,118_01117,118,1117,2,RBBB,2,RBBB,2,RBBB,1.0,0.0,0.0,1.0,0.0,0.0,0.0,0.0,0.0
3203,118_01118,118,1118,2,RBBB,2,RBBB,2,RBBB,1.0,0.0,0.0,1.0,0.0,0.0,0.0,0.0,0.0
3204,118_01119,118,1119,3,APC,2,RBBB,2,RBBB,1.0,0.0,0.0,1.0,0.0,0.0,0.0,0.0,0.0
3205,118_01120,118,1120,2,RBBB,3,APC,3,APC,1.0,0.0,0.0,0.0,1.0,0.0,0.0,0.0,0.0
3206,118_01121,118,1121,2,RBBB,2,RBBB,2,RBBB,1.0,0.0,0.0,1.0,0.0,0.0,0.0,0.0,0.0
3207,118_01122,118,1122,2,RBBB,2,RBBB,2,RBBB,1.0,0.0,0.0,1.0,0.0,0.0,0.0,0.0,0.0
3208,118_01123,118,1123,2,RBBB,2,RBBB,2,RBBB,1.0,0.0,0.0,1.0,0.0,0.0,0.0,0.0,0.0
3209,118_01124,118,1124,2,RBBB,2,RBBB,2,RBBB,1.0,0.0,0.0,1.0,0.0,0.0,0.0,0.0,0.0
3210,118_01125,118,1125,2,RBBB,2,RBBB,2,RBBB,1.0,0.0,0.0,1.0,0.0,0.0,0.0,0.0,0.0
3211,118_01126,118,1126,2,RBBB,2,RBBB,2,RBBB,1.0,0.0,0.0,1.0,0.0,0.0,0.0,0.0,0.0
3212,118_01127,118,1127,2,RBBB,2,RBBB,2,RBBB,1.0,0.0,0.0,1.0,0.0,0.0,0.0,0.0,0.0
3213,118_01128,118,1128,2,RBBB,2,RBBB,2,RBBB,1.0,0.0,0.0,1.0,0.0,0.0,0.0,0.0,0.0
3214,118_01129,118,1129,2,RBBB,2,RBBB,2,RBBB,1.0,0.0,0.0,1.0,0.0,0.0,0.0,0.0,0.0
3215,118_01130,118,1130,2,RBBB,2,RBBB,2,RBBB,1.0,0.0,0.0,1.0,0.0,0.0,0.0,0.0,0.0
3216,118_01131,118,1131,2,RBBB,2,RBBB,2,RBBB,1.0,0.0,0.0,1.0,0.0,0.0,0.0,0.0,0.0
3217,118_01132,118,1132,2,RBBB,2,RBBB,2,RBBB,1.0,0.0,0.0,1.0,0.0,0.0,0.0,0.0,0.0
3218,118_01133,118,1133,2,RBBB,2,RBBB,2,RBBB,1.0,0.0,0.0,1.0,0.0,0.0,0.0,0.0,0.0
3219,118_01134,118,1134,2,RBBB,2,RBBB,2,RBBB,1.0,0.0,0.0,1.0,0.0,0.0,0.0,0.0,0.0
3220,118_01135,118,1135,2,RBBB,2,RBBB,2,RBBB,1.0,0.0,0.0,1.0,0.0,0.0,0.0,0.0,0.0
3221,118_01136,118,1136,2,RBBB,2,RBBB,2,RBBB,1.0,0.0,0.0,1.0,0.0,0.0,0.0,0.0,0.0
3222,118_01137,118,1137,2,RBBB,2,RBBB,2,RBBB,1.0,0.0,0.0,1.0,0.0,0.0,0.0,0.0,0.0
3223,118_01138,118,1138,2,RBBB,2,RBBB,2,RBBB,1.0,0.0,0.0,1.0,0.0,0.0,0.0,0.0,0.0
3224,118_01139,118,1139,2,RBBB,2,RBBB,2,RBBB,1.0,0.0,0.0,1.0,0.0,0.0,0.0,0.0,0.0
3225,118_01140,118,1140,2,RBBB,2,RBBB,2,RBBB,1.0,0.0,0.0,1.0,0.0,0.0,0.0,0.0,0.0
3226,118_01141,118,1141,2,RBBB,2,RBBB,2,RBBB,1.0,0.0,0.0,1.0,0.0,0.0,0.0,0.0,0.0
3227,118_01142,118,1142,2,RBBB,2,RBBB,2,RBBB,1.0,0.0,0.0,1.0,0.0,0.0,0.0,0.0,0.0
3228,118_01143,118,1143,2,RBBB,2,RBBB,2,RBBB,1.0,0.0,0.0,1.0,0.0,0.0,0.0,0.0,0.0
3229,118_01144,118,1144,2,RBBB,2,RBBB,2,RBBB,1.0,0.0,0.0,1.0,0.0,0.0,0.0,0.0,0.0
3230,118_01145,118,1145,2,RBBB,2,RBBB,2,RBBB,1.0,0.0,0.0,1.0,0.0,0.0,0.0,0.0,0.0
3231,118_01146,118,1146,2,RBBB,2,RBBB,2,RBBB,1.0,0.0,0.0,1.0,0.0,0.0,0.0,0.0,0.0
3232,118_01147,118,1147,2,RBBB,2,RBBB,2,RBBB,1.0,0.0,0.0,1.0,0.0,0.0,0.0,0.0,0.0
3233,118_01148,118,1148,2,RBBB,2,RBBB,2,RBBB,1.0,0.0,0.0,1.0,0.0,0.0,0.0,0.0,0.0
3234,118_01149,118,1149,2,RBBB,2,RBBB,2,RBBB,1.0,0.0,0.0,1.0,0.0,0.0,0.0,0.0,0.0
3235,118_01150,118,1150,2,RBBB,2,RBBB,2,RBBB,1.0,0.0,0.0,1.0,0.0,0.0,0.0,0.0,0.0
3236,118_01151,118,1151,2,RBBB,2,RBBB,2,RBBB,1.0,0.0,0.0,1.0,0.0,0.0,0.0,0.0,0.0
3237,118_01152,118,1152,2,RBBB,2,RBBB,2,RBBB,1.0,0.0,0.0,1.0,0.0,0.0,0.0,0.0,0.0
3238,118_01153,118,1153,2,RBBB,2,RBBB,2,RBBB,1.0,0.0,0.0,1.0,0.0,0.0,0.0,0.0,0.0
3239,118_01154,118,1154,2,RBBB,2,RBBB,2,RBBB,1.0,0.0,0.0,1.0,0.0,0.0,0.0,0.0,0.0
3240,118_01155,118,1155,3,APC,2,RBBB,2,RBBB,1.0,0.0,0.0,1.0,0.0,0.0,0.0,0.0,0.0
3241,118_01156,118,1156,2,RBBB,3,APC,3,APC,1.0,0.0,0.0,0.0,1.0,0.0,0.0,0.0,0.0
3242,118_01157,118,1157,2,RBBB,2,RBBB,2,RBBB,1.0,0.0,0.0,1.0,0.0,0.0,0.0,0.0,0.0
3243,118_01158,118,1158,2,RBBB,2,RBBB,2,RBBB,1.0,0.0,0.0,1.0,0.0,0.0,0.0,0.0,0.0
3244,118_01159,118,1159,2,RBBB,2,RBBB,2,RBBB,1.0,0.0,0.0,1.0,0.0,0.0,0.0,0.0,0.0
3245,118_01160,118,1160,2,RBBB,2,RBBB,2,RBBB,1.0,0.0,0.0,1.0,0.0,0.0,0.0,0.0,0.0
3246,118_01161,118,1161,2,RBBB,2,RBBB,2,RBBB,1.0,0.0,0.0,1.0,0.0,0.0,0.0,0.0,0.0
3247,118_01162,118,1162,2,RBBB,2,RBBB,2,RBBB,1.0,0.0,0.0,1.0,0.0,0.0,0.0,0.0,0.0
3248,118_01163,118,1163,2,RBBB,2,RBBB,2,RBBB,1.0,0.0,0.0,1.0,0.0,0.0,0.0,0.0,0.0
3249,118_01164,118,1164,2,RBBB,2,RBBB,2,RBBB,1.0,0.0,0.0,1.0,0.0,0.0,0.0,0.0,0.0
3250,118_01165,118,1165,2,RBBB,2,RBBB,2,RBBB,1.0,0.0,0.0,1.0,0.0,0.0,0.0,0.0,0.0
3251,118_01166,118,1166,2,RBBB,2,RBBB,2,RBBB,1.0,0.0,0.0,1.0,0.0,0.0,0.0,0.0,0.0
3252,118_01167,118,1167,2,RBBB,2,RBBB,2,RBBB,1.0,0.0,0.0,1.0,0.0,0.0,0.0,0.0,0.0
3253,118_01168,118,1168,2,RBBB,2,RBBB,2,RBBB,1.0,0.0,0.0,1.0,0.0,0.0,0.0,0.0,0.0
3254,118_01169,118,1169,2,RBBB,2,RBBB,2,RBBB,1.0,0.0,0.0,1.0,0.0,0.0,0.0,0.0,0.0
3255,118_01170,118,1170,2,RBBB,2,RBBB,2,RBBB,1.0,0.0,0.0,1.0,0.0,0.0,0.0,0.0,0.0
3256,118_01171,118,1171,2,RBBB,2,RBBB,2,RBBB,1.0,0.0,0.0,1.0,0.0,0.0,0.0,0.0,0.0
3257,118_01172,118,1172,2,RBBB,2,RBBB,2,RBBB,1.0,0.0,0.0,1.0,0.0,0.0,0.0,0.0,0.0
3258,118_01173,118,1173,2,RBBB,2,RBBB,2,RBBB,1.0,0.0,0.0,1.0,0.0,0.0,0.0,0.0,0.0
3259,118_01174,118,1174,2,RBBB,2,RBBB,2,RBBB,1.0,0.0,0.0,1.0,0.0,0.0,0.0,0.0,0.0
3260,118_01175,118,1175,2,RBBB,2,RBBB,2,RBBB,1.0,0.0,0.0,1.0,0.0,0.0,0.0,0.0,0.0
3261,118_01176,118,1176,2,RBBB,2,RBBB,2,RBBB,1.0,0.0,0.0,1.0,0.0,0.0,0.0,0.0,0.0
3262,118_01177,118,1177,2,RBBB,2,RBBB,2,RBBB,1.0,0.0,0.0,1.0,0.0,0.0,0.0,0.0,0.0
3263,118_01178,118,1178,2,RBBB,2,RBBB,2,RBBB,1.0,0.0,0.0,1.0,0.0,0.0,0.0,0.0,0.0
3264,118_01179,118,1179,2,RBBB,2,RBBB,2,RBBB,1.0,0.0,0.0,1.0,0.0,0.0,0.0,0.0,0.0
3265,118_01180,118,1180,2,RBBB,2,RBBB,2,RBBB,1.0,0.0,0.0,1.0,0.0,0.0,0.0,0.0,0.0
3266,118_01181,118,1181,2,RBBB,2,RBBB,2,RBBB,1.0,0.0,0.0,1.0,0.0,0.0,0.0,0.0,0.0
3267,118_01182,118,1182,2,RBBB,2,RBBB,2,RBBB,1.0,0.0,0.0,1.0,0.0,0.0,0.0,0.0,0.0
3268,118_01183,118,1183,2,RBBB,2,RBBB,2,RBBB,1.0,0.0,0.0,1.0,0.0,0.0,0.0,0.0,0.0
3269,118_01184,118,1184,2,RBBB,2,RBBB,2,RBBB,1.0,0.0,0.0,1.0,0.0,0.0,0.0,0.0,0.0
3270,118_01185,118,1185,2,RBBB,2,RBBB,2,RBBB,1.0,0.0,0.0,1.0,0.0,0.0,0.0,0.0,0.0
3271,118_01186,118,1186,2,RBBB,2,RBBB,2,RBBB,1.0,0.0,0.0,1.0,0.0,0.0,0.0,0.0,0.0
3272,118_01187,118,1187,3,APC,2,RBBB,2,RBBB,1.0,0.0,0.0,1.0,0.0,0.0,0.0,0.0,0.0
3273,118_01188,118,1188,2,RBBB,3,APC,3,APC,1.0,0.0,0.0,0.0,1.0,0.0,0.0,0.0,0.0
3274,118_01189,118,1189,2,RBBB,2,RBBB,2,RBBB,1.0,0.0,0.0,1.0,0.0,0.0,0.0,0.0,0.0
3275,118_01190,118,1190,2,RBBB,2,RBBB,2,RBBB,1.0,0.0,0.0,1.0,0.0,0.0,0.0,0.0,0.0
3276,118_01191,118,1191,2,RBBB,2,RBBB,2,RBBB,1.0,0.0,0.0,1.0,0.0,0.0,0.0,0.0,0.0
3277,118_01192,118,1192,2,RBBB,2,RBBB,2,RBBB,1.0,0.0,0.0,1.0,0.0,0.0,0.0,0.0,0.0
3278,118_01193,118,1193,2,RBBB,2,RBBB,2,RBBB,1.0,0.0,0.0,1.0,0.0,0.0,0.0,0.0,0.0
3279,118_01194,118,1194,2,RBBB,2,RBBB,2,RBBB,1.0,0.0,0.0,1.0,0.0,0.0,0.0,0.0,0.0
3280,118_01195,118,1195,2,RBBB,2,RBBB,2,RBBB,1.0,0.0,0.0,1.0,0.0,0.0,0.0,0.0,0.0
3281,118_01196,118,1196,2,RBBB,2,RBBB,2,RBBB,1.0,0.0,0.0,1.0,0.0,0.0,0.0,0.0,0.0
3282,118_01197,118,1197,2,RBBB,2,RBBB,2,RBBB,1.0,0.0,0.0,1.0,0.0,0.0,0.0,0.0,0.0
3283,118_01198,118,1198,2,RBBB,2,RBBB,2,RBBB,1.0,0.0,0.0,1.0,0.0,0.0,0.0,0.0,0.0
3284,118_01199,118,1199,3,APC,2,RBBB,2,RBBB,1.0,0.0,0.0,1.0,0.0,0.0,0.0,0.0,0.0
3285,118_01200,118,1200,2,RBBB,3,APC,3,APC,1.0,0.0,0.0,0.0,1.0,0.0,0.0,0.0,0.0
3286,118_01201,118,1201,2,RBBB,2,RBBB,2,RBBB,1.0,0.0,0.0,1.0,0.0,0.0,0.0,0.0,0.0
3287,118_01202,118,1202,2,RBBB,2,RBBB,2,RBBB,1.0,0.0,0.0,1.0,0.0,0.0,0.0,0.0,0.0
3288,118_01203,118,1203,2,RBBB,2,RBBB,2,RBBB,1.0,0.0,0.0,1.0,0.0,0.0,0.0,0.0,0.0
3289,118_01204,118,1204,2,RBBB,2,RBBB,2,RBBB,1.0,0.0,0.0,1.0,0.0,0.0,0.0,0.0,0.0
3290,118_01205,118,1205,2,RBBB,2,RBBB,2,RBBB,1.0,0.0,0.0,1.0,0.0,0.0,0.0,0.0,0.0
3291,118_01206,118,1206,2,RBBB,2,RBBB,2,RBBB,1.0,0.0,0.0,1.0,0.0,0.0,0.0,0.0,0.0
3292,118_01207,118,1207,3,APC,2,RBBB,2,RBBB,1.0,0.0,0.0,1.0,0.0,0.0,0.0,0.0,0.0
3293,118_01208,118,1208,2,RBBB,3,APC,3,APC,1.0,0.0,0.0,0.0,1.0,0.0,0.0,0.0,0.0
3294,118_01209,118,1209,2,RBBB,2,RBBB,2,RBBB,1.0,0.0,0.0,1.0,0.0,0.0,0.0,0.0,0.0
3295,118_01210,118,1210,2,RBBB,2,RBBB,2,RBBB,1.0,0.0,0.0,1.0,0.0,0.0,0.0,0.0,0.0
3296,118_01211,118,1211,2,RBBB,2,RBBB,2,RBBB,1.0,0.0,0.0,1.0,0.0,0.0,0.0,0.0,0.0
3297,118_01212,118,1212,2,RBBB,2,RBBB,2,RBBB,1.0,0.0,0.0,1.0,0.0,0.0,0.0,0.0,0.0
3298,118_01213,118,1213,2,RBBB,2,RBBB,2,RBBB,1.0,0.0,0.0,1.0,0.0,0.0,0.0,0.0,0.0
3299,118_01214,118,1214,2,RBBB,2,RBBB,2,RBBB,1.0,0.0,0.0,1.0,0.0,0.0,0.0,0.0,0.0
3300,118_01215,118,1215,2,RBBB,2,RBBB,2,RBBB,1.0,0.0,0.0,1.0,0.0,0.0,0.0,0.0,0.0
3301,118_01216,118,1216,2,RBBB,2,RBBB,2,RBBB,1.0,0.0,0.0,1.0,0.0,0.0,0.0,0.0,0.0
3302,118_01217,118,1217,2,RBBB,2,RBBB,2,RBBB,1.0,0.0,0.0,1.0,0.0,0.0,0.0,0.0,0.0
3303,118_01218,118,1218,2,RBBB,2,RBBB,2,RBBB,1.0,0.0,0.0,1.0,0.0,0.0,0.0,0.0,0.0
3304,118_01219,118,1219,2,RBBB,2,RBBB,2,RBBB,1.0,0.0,0.0,1.0,0.0,0.0,0.0,0.0,0.0
3305,118_01220,118,1220,2,RBBB,2,RBBB,2,RBBB,1.0,0.0,0.0,1.0,0.0,0.0,0.0,0.0,0.0
3306,118_01221,118,1221,2,RBBB,2,RBBB,2,RBBB,1.0,0.0,0.0,1.0,0.0,0.0,0.0,0.0,0.0
3307,118_01222,118,1222,2,RBBB,2,RBBB,2,RBBB,1.0,0.0,0.0,1.0,0.0,0.0,0.0,0.0,0.0
3308,118_01223,118,1223,2,RBBB,2,RBBB,2,RBBB,1.0,0.0,0.0,1.0,0.0,0.0,0.0,0.0,0.0
3309,118_01224,118,1224,2,RBBB,2,RBBB,2,RBBB,1.0,0.0,0.0,1.0,0.0,0.0,0.0,0.0,0.0
3310,118_01225,118,1225,2,RBBB,2,RBBB,2,RBBB,1.0,0.0,0.0,1.0,0.0,0.0,0.0,0.0,0.0
3311,118_01226,118,1226,2,RBBB,2,RBBB,2,RBBB,1.0,0.0,0.0,1.0,0.0,0.0,0.0,0.0,0.0
3312,118_01227,118,1227,3,APC,2,RBBB,2,RBBB,1.0,0.0,0.0,1.0,0.0,0.0,0.0,0.0,0.0
3313,118_01228,118,1228,2,RBBB,3,APC,3,APC,1.0,0.0,0.0,0.0,1.0,0.0,0.0,0.0,0.0
3314,118_01229,118,1229,2,RBBB,2,RBBB,2,RBBB,1.0,0.0,0.0,1.0,0.0,0.0,0.0,0.0,0.0
3315,118_01230,118,1230,2,RBBB,2,RBBB,2,RBBB,1.0,0.0,0.0,1.0,0.0,0.0,0.0,0.0,0.0
3316,118_01231,118,1231,2,RBBB,2,RBBB,2,RBBB,1.0,0.0,0.0,1.0,0.0,0.0,0.0,0.0,0.0
3317,118_01232,118,1232,2,RBBB,2,RBBB,2,RBBB,1.0,0.0,0.0,1.0,0.0,0.0,0.0,0.0,0.0
3318,118_01233,118,1233,2,RBBB,2,RBBB,2,RBBB,1.0,0.0,0.0,1.0,0.0,0.0,0.0,0.0,0.0
3319,118_01234,118,1234,2,RBBB,2,RBBB,2,RBBB,1.0,0.0,0.0,1.0,0.0,0.0,0.0,0.0,0.0
3320,118_01235,118,1235,2,RBBB,2,RBBB,2,RBBB,1.0,0.0,0.0,1.0,0.0,0.0,0.0,0.0,0.0
3321,118_01236,118,1236,2,RBBB,2,RBBB,2,RBBB,1.0,0.0,0.0,1.0,0.0,0.0,0.0,0.0,0.0
3322,118_01237,118,1237,2,RBBB,2,RBBB,2,RBBB,1.0,0.0,0.0,1.0,0.0,0.0,0.0,0.0,0.0
3323,118_01238,118,1238,2,RBBB,2,RBBB,2,RBBB,1.0,0.0,0.0,1.0,0.0,0.0,0.0,0.0,0.0
3324,118_01239,118,1239,3,APC,2,RBBB,2,RBBB,1.0,0.0,0.0,1.0,0.0,0.0,0.0,0.0,0.0
3325,118_01240,118,1240,2,RBBB,3,APC,3,APC,1.0,0.0,0.0,0.0,1.0,0.0,0.0,0.0,0.0
3326,118_01241,118,1241,2,RBBB,2,RBBB,2,RBBB,1.0,0.0,0.0,1.0,0.0,0.0,0.0,0.0,0.0
3327,118_01242,118,1242,2,RBBB,2,RBBB,2,RBBB,1.0,0.0,0.0,1.0,0.0,0.0,0.0,0.0,0.0
3328,118_01243,118,1243,2,RBBB,2,RBBB,2,RBBB,1.0,0.0,0.0,1.0,0.0,0.0,0.0,0.0,0.0
3329,118_01244,118,1244,2,RBBB,2,RBBB,2,RBBB,1.0,0.0,0.0,1.0,0.0,0.0,0.0,0.0,0.0
3330,118_01245,118,1245,2,RBBB,2,RBBB,2,RBBB,1.0,0.0,0.0,1.0,0.0,0.0,0.0,0.0,0.0
3331,118_01246,118,1246,2,RBBB,2,RBBB,2,RBBB,1.0,0.0,0.0,1.0,0.0,0.0,0.0,0.0,0.0
3332,118_01247,118,1247,2,RBBB,2,RBBB,2,RBBB,1.0,0.0,0.0,1.0,0.0,0.0,0.0,0.0,0.0
3333,118_01248,118,1248,2,RBBB,2,RBBB,2,RBBB,1.0,0.0,0.0,1.0,0.0,0.0,0.0,0.0,0.0
3334,118_01249,118,1249,2,RBBB,2,RBBB,2,RBBB,1.0,0.0,0.0,1.0,0.0,0.0,0.0,0.0,0.0
3335,118_01250,118,1250,2,RBBB,2,RBBB,2,RBBB,1.0,0.0,0.0,1.0,0.0,0.0,0.0,0.0,0.0
3336,118_01251,118,1251,2,RBBB,2,RBBB,2,RBBB,1.0,0.0,0.0,1.0,0.0,0.0,0.0,0.0,0.0
3337,118_01252,118,1252,2,RBBB,2,RBBB,2,RBBB,1.0,0.0,0.0,1.0,0.0,0.0,0.0,0.0,0.0
3338,118_01253,118,1253,2,RBBB,2,RBBB,2,RBBB,1.0,0.0,0.0,1.0,0.0,0.0,0.0,0.0,0.0
3339,118_01254,118,1254,2,RBBB,2,RBBB,2,RBBB,1.0,0.0,0.0,1.0,0.0,0.0,0.0,0.0,0.0
3340,118_01255,118,1255,2,RBBB,2,RBBB,2,RBBB,1.0,0.0,0.0,1.0,0.0,0.0,0.0,0.0,0.0
3341,118_01256,118,1256,2,RBBB,2,RBBB,2,RBBB,1.0,0.0,0.0,1.0,0.0,0.0,0.0,0.0,0.0
3342,118_01257,118,1257,2,RBBB,2,RBBB,2,RBBB,1.0,0.0,0.0,1.0,0.0,0.0,0.0,0.0,0.0
3343,118_01258,118,1258,2,RBBB,2,RBBB,2,RBBB,1.0,0.0,0.0,1.0,0.0,0.0,0.0,0.0,0.0
3344,118_01259,118,1259,2,RBBB,2,RBBB,2,RBBB,1.0,0.0,0.0,1.0,0.0,0.0,0.0,0.0,0.0
3345,118_01260,118,1260,2,RBBB,2,RBBB,2,RBBB,1.0,0.0,0.0,1.0,0.0,0.0,0.0,0.0,0.0
3346,118_01261,118,1261,2,RBBB,2,RBBB,2,RBBB,1.0,0.0,0.0,1.0,0.0,0.0,0.0,0.0,0.0
3347,118_01262,118,1262,2,RBBB,2,RBBB,2,RBBB,1.0,0.0,0.0,1.0,0.0,0.0,0.0,0.0,0.0
3348,118_01263,118,1263,2,RBBB,2,RBBB,2,RBBB,1.0,0.0,0.0,1.0,0.0,0.0,0.0,0.0,0.0
3349,118_01264,118,1264,2,RBBB,2,RBBB,2,RBBB,1.0,0.0,0.0,1.0,0.0,0.0,0.0,0.0,0.0
3350,118_01265,118,1265,3,APC,2,RBBB,2,RBBB,1.0,0.0,0.0,1.0,0.0,0.0,0.0,0.0,0.0
3351,118_01266,118,1266,2,RBBB,3,APC,3,APC,1.0,0.0,0.0,0.0,1.0,0.0,0.0,0.0,0.0
3352,118_01267,118,1267,2,RBBB,2,RBBB,2,RBBB,1.0,0.0,0.0,1.0,0.0,0.0,0.0,0.0,0.0
3353,118_01268,118,1268,2,RBBB,2,RBBB,2,RBBB,1.0,0.0,0.0,1.0,0.0,0.0,0.0,0.0,0.0
3354,118_01269,118,1269,2,RBBB,2,RBBB,2,RBBB,1.0,0.0,0.0,1.0,0.0,0.0,0.0,0.0,0.0
3355,118_01270,118,1270,2,RBBB,2,RBBB,2,RBBB,1.0,0.0,0.0,1.0,0.0,0.0,0.0,0.0,0.0
3356,118_01271,118,1271,2,RBBB,2,RBBB,2,RBBB,1.0,0.0,0.0,1.0,0.0,0.0,0.0,0.0,0.0
3357,118_01272,118,1272,2,RBBB,2,RBBB,2,RBBB,1.0,0.0,0.0,1.0,0.0,0.0,0.0,0.0,0.0
3358,118_01273,118,1273,2,RBBB,2,RBBB,2,RBBB,1.0,0.0,0.0,1.0,0.0,0.0,0.0,0.0,0.0
3359,118_01274,118,1274,2,RBBB,2,RBBB,2,RBBB,1.0,0.0,0.0,1.0,0.0,0.0,0.0,0.0,0.0
3360,118_01275,118,1275,2,RBBB,2,RBBB,2,RBBB,1.0,0.0,0.0,1.0,0.0,0.0,0.0,0.0,0.0
3361,118_01276,118,1276,2,RBBB,2,RBBB,2,RBBB,1.0,0.0,0.0,1.0,0.0,0.0,0.0,0.0,0.0
3362,118_01277,118,1277,2,RBBB,2,RBBB,2,RBBB,1.0,0.0,0.0,1.0,0.0,0.0,0.0,0.0,0.0
3363,118_01278,118,1278,2,RBBB,2,RBBB,2,RBBB,1.0,0.0,0.0,1.0,0.0,0.0,0.0,0.0,0.0
3364,118_01279,118,1279,2,RBBB,2,RBBB,2,RBBB,1.0,0.0,0.0,1.0,0.0,0.0,0.0,0.0,0.0
3365,118_01280,118,1280,2,RBBB,2,RBBB,2,RBBB,1.0,0.0,0.0,1.0,0.0,0.0,0.0,0.0,0.0
3366,118_01281,118,1281,2,RBBB,2,RBBB,2,RBBB,1.0,0.0,0.0,1.0,0.0,0.0,0.0,0.0,0.0
3367,118_01282,118,1282,2,RBBB,2,RBBB,2,RBBB,1.0,0.0,0.0,1.0,0.0,0.0,0.0,0.0,0.0
3368,118_01283,118,1283,2,RBBB,2,RBBB,2,RBBB,1.0,0.0,0.0,1.0,0.0,0.0,0.0,0.0,0.0
3369,118_01284,118,1284,2,RBBB,2,RBBB,2,RBBB,1.0,0.0,0.0,1.0,0.0,0.0,0.0,0.0,0.0
3370,118_01285,118,1285,2,RBBB,2,RBBB,2,RBBB,1.0,0.0,0.0,1.0,0.0,0.0,0.0,0.0,0.0
3371,118_01286,118,1286,2,RBBB,2,RBBB,2,RBBB,1.0,0.0,0.0,1.0,0.0,0.0,0.0,0.0,0.0
3372,118_01287,118,1287,2,RBBB,2,RBBB,2,RBBB,1.0,0.0,0.0,1.0,0.0,0.0,0.0,0.0,0.0
3373,118_01288,118,1288,2,RBBB,2,RBBB,2,RBBB,1.0,0.0,0.0,1.0,0.0,0.0,0.0,0.0,0.0
3374,118_01289,118,1289,2,RBBB,2,RBBB,2,RBBB,1.0,0.0,0.0,1.0,0.0,0.0,0.0,0.0,0.0
3375,118_01290,118,1290,2,RBBB,2,RBBB,2,RBBB,1.0,0.0,0.0,1.0,0.0,0.0,0.0,0.0,0.0
3376,118_01291,118,1291,2,RBBB,2,RBBB,2,RBBB,1.0,0.0,0.0,1.0,0.0,0.0,0.0,0.0,0.0
3377,118_01292,118,1292,2,RBBB,2,RBBB,2,RBBB,1.0,0.0,0.0,1.0,0.0,0.0,0.0,0.0,0.0
3378,118_01293,118,1293,2,RBBB,2,RBBB,2,RBBB,1.0,0.0,0.0,1.0,0.0,0.0,0.0,0.0,0.0
3379,118_01294,118,1294,2,RBBB,2,RBBB,2,RBBB,1.0,0.0,0.0,1.0,0.0,0.0,0.0,0.0,0.0
3380,118_01295,118,1295,2,RBBB,2,RBBB,2,RBBB,1.0,0.0,0.0,1.0,0.0,0.0,0.0,0.0,0.0
3381,118_01296,118,1296,2,RBBB,2,RBBB,2,RBBB,1.0,0.0,0.0,1.0,0.0,0.0,0.0,0.0,0.0
3382,118_01297,118,1297,2,RBBB,2,RBBB,2,RBBB,1.0,0.0,0.0,1.0,0.0,0.0,0.0,0.0,0.0
3383,118_01298,118,1298,2,RBBB,2,RBBB,2,RBBB,1.0,0.0,0.0,1.0,0.0,0.0,0.0,0.0,0.0
3384,118_01299,118,1299,2,RBBB,2,RBBB,2,RBBB,1.0,0.0,0.0,1.0,0.0,0.0,0.0,0.0,0.0
3385,118_01300,118,1300,2,RBBB,2,RBBB,2,RBBB,1.0,0.0,0.0,1.0,0.0,0.0,0.0,0.0,0.0
3386,118_01301,118,1301,2,RBBB,2,RBBB,2,RBBB,1.0,0.0,0.0,1.0,0.0,0.0,0.0,0.0,0.0
3387,118_01302,118,1302,2,RBBB,2,RBBB,2,RBBB,1.0,0.0,0.0,1.0,0.0,0.0,0.0,0.0,0.0
3388,118_01303,118,1303,2,RBBB,2,RBBB,2,RBBB,1.0,0.0,0.0,1.0,0.0,0.0,0.0,0.0,0.0
3389,118_01304,118,1304,2,RBBB,2,RBBB,2,RBBB,1.0,0.0,0.0,1.0,0.0,0.0,0.0,0.0,0.0
3390,118_01305,118,1305,2,RBBB,2,RBBB,2,RBBB,1.0,0.0,0.0,1.0,0.0,0.0,0.0,0.0,0.0
3391,118_01306,118,1306,2,RBBB,2,RBBB,2,RBBB,1.0,0.0,0.0,1.0,0.0,0.0,0.0,0.0,0.0
3392,118_01307,118,1307,2,RBBB,2,RBBB,2,RBBB,1.0,0.0,0.0,1.0,0.0,0.0,0.0,0.0,0.0
3393,118_01308,118,1308,2,RBBB,2,RBBB,2,RBBB,1.0,0.0,0.0,1.0,0.0,0.0,0.0,0.0,0.0
3394,118_01309,118,1309,2,RBBB,2,RBBB,2,RBBB,1.0,0.0,0.0,1.0,0.0,0.0,0.0,0.0,0.0
3395,118_01310,118,1310,2,RBBB,2,RBBB,2,RBBB,1.0,0.0,0.0,1.0,0.0,0.0,0.0,0.0,0.0
3396,118_01311,118,1311,2,RBBB,2,RBBB,2,RBBB,1.0,0.0,0.0,1.0,0.0,0.0,0.0,0.0,0.0
3397,118_01312,118,1312,2,RBBB,2,RBBB,2,RBBB,1.0,0.0,0.0,1.0,0.0,0.0,0.0,0.0,0.0
3398,118_01313,118,1313,2,RBBB,2,RBBB,2,RBBB,1.0,0.0,0.0,1.0,0.0,0.0,0.0,0.0,0.0
3399,118_01314,118,1314,2,RBBB,2,RBBB,2,RBBB,1.0,0.0,0.0,1.0,0.0,0.0,0.0,0.0,0.0
3400,118_01315,118,1315,2,RBBB,2,RBBB,2,RBBB,1.0,0.0,0.0,1.0,0.0,0.0,0.0,0.0,0.0
3401,118_01316,118,1316,3,APC,2,RBBB,2,RBBB,1.0,0.0,0.0,1.0,0.0,0.0,0.0,0.0,0.0
3402,118_01317,118,1317,2,RBBB,3,APC,3,APC,1.0,0.0,0.0,0.0,1.0,0.0,0.0,0.0,0.0
3403,118_01318,118,1318,2,RBBB,2,RBBB,2,RBBB,1.0,0.0,0.0,1.0,0.0,0.0,0.0,0.0,0.0
3404,118_01319,118,1319,2,RBBB,2,RBBB,2,RBBB,1.0,0.0,0.0,1.0,0.0,0.0,0.0,0.0,0.0
3405,118_01320,118,1320,2,RBBB,2,RBBB,2,RBBB,1.0,0.0,0.0,1.0,0.0,0.0,0.0,0.0,0.0
3406,118_01321,118,1321,2,RBBB,2,RBBB,2,RBBB,1.0,0.0,0.0,1.0,0.0,0.0,0.0,0.0,0.0
3407,118_01322,118,1322,2,RBBB,2,RBBB,2,RBBB,1.0,0.0,0.0,1.0,0.0,0.0,0.0,0.0,0.0
3408,118_01323,118,1323,2,RBBB,2,RBBB,2,RBBB,1.0,0.0,0.0,1.0,0.0,0.0,0.0,0.0,0.0
3409,118_01324,118,1324,2,RBBB,2,RBBB,2,RBBB,1.0,0.0,0.0,1.0,0.0,0.0,0.0,0.0,0.0
3410,118_01325,118,1325,2,RBBB,2,RBBB,2,RBBB,1.0,0.0,0.0,1.0,0.0,0.0,0.0,0.0,0.0
3411,118_01326,118,1326,2,RBBB,2,RBBB,2,RBBB,1.0,0.0,0.0,1.0,0.0,0.0,0.0,0.0,0.0
3412,118_01327,118,1327,2,RBBB,2,RBBB,2,RBBB,1.0,0.0,0.0,1.0,0.0,0.0,0.0,0.0,0.0
3413,118_01328,118,1328,2,RBBB,2,RBBB,2,RBBB,1.0,0.0,0.0,1.0,0.0,0.0,0.0,0.0,0.0
3414,118_01329,118,1329,2,RBBB,2,RBBB,2,RBBB,1.0,0.0,0.0,1.0,0.0,0.0,0.0,0.0,0.0
3415,118_01330,118,1330,2,RBBB,2,RBBB,2,RBBB,1.0,0.0,0.0,1.0,0.0,0.0,0.0,0.0,0.0
3416,118_01331,118,1331,2,RBBB,2,RBBB,2,RBBB,1.0,0.0,0.0,1.0,0.0,0.0,0.0,0.0,0.0
3417,118_01332,118,1332,2,RBBB,2,RBBB,2,RBBB,1.0,0.0,0.0,1.0,0.0,0.0,0.0,0.0,0.0
3418,118_01333,118,1333,2,RBBB,2,RBBB,2,RBBB,1.0,0.0,0.0,1.0,0.0,0.0,0.0,0.0,0.0
3419,118_01334,118,1334,2,RBBB,2,RBBB,2,RBBB,1.0,0.0,0.0,1.0,0.0,0.0,0.0,0.0,0.0
3420,118_01335,118,1335,2,RBBB,2,RBBB,2,RBBB,1.0,0.0,0.0,1.0,0.0,0.0,0.0,0.0,0.0
3421,118_01336,118,1336,2,RBBB,2,RBBB,2,RBBB,1.0,0.0,0.0,1.0,0.0,0.0,0.0,0.0,0.0
3422,118_01337,118,1337,2,RBBB,2,RBBB,2,RBBB,1.0,0.0,0.0,1.0,0.0,0.0,0.0,0.0,0.0
3423,118_01338,118,1338,2,RBBB,2,RBBB,2,RBBB,1.0,0.0,0.0,1.0,0.0,0.0,0.0,0.0,0.0
3424,118_01339,118,1339,2,RBBB,2,RBBB,2,RBBB,1.0,0.0,0.0,1.0,0.0,0.0,0.0,0.0,0.0
3425,118_01340,118,1340,2,RBBB,2,RBBB,2,RBBB,1.0,0.0,0.0,1.0,0.0,0.0,0.0,0.0,0.0
3426,118_01341,118,1341,2,RBBB,2,RBBB,2,RBBB,1.0,0.0,0.0,1.0,0.0,0.0,0.0,0.0,0.0
3427,118_01342,118,1342,2,RBBB,2,RBBB,2,RBBB,1.0,0.0,0.0,1.0,0.0,0.0,0.0,0.0,0.0
3428,118_01343,118,1343,2,RBBB,2,RBBB,2,RBBB,1.0,0.0,0.0,1.0,0.0,0.0,0.0,0.0,0.0
3429,118_01344,118,1344,2,RBBB,2,RBBB,2,RBBB,1.0,0.0,0.0,1.0,0.0,0.0,0.0,0.0,0.0
3430,118_01345,118,1345,2,RBBB,2,RBBB,2,RBBB,1.0,0.0,0.0,1.0,0.0,0.0,0.0,0.0,0.0
3431,118_01346,118,1346,2,RBBB,2,RBBB,2,RBBB,1.0,0.0,0.0,1.0,0.0,0.0,0.0,0.0,0.0
3432,118_01347,118,1347,2,RBBB,2,RBBB,2,RBBB,1.0,0.0,0.0,1.0,0.0,0.0,0.0,0.0,0.0
3433,118_01348,118,1348,2,RBBB,2,RBBB,2,RBBB,1.0,0.0,0.0,1.0,0.0,0.0,0.0,0.0,0.0
3434,118_01349,118,1349,2,RBBB,2,RBBB,2,RBBB,1.0,0.0,0.0,1.0,0.0,0.0,0.0,0.0,0.0
3435,118_01350,118,1350,2,RBBB,2,RBBB,2,RBBB,1.0,0.0,0.0,1.0,0.0,0.0,0.0,0.0,0.0
3436,118_01351,118,1351,2,RBBB,2,RBBB,2,RBBB,1.0,0.0,0.0,1.0,0.0,0.0,0.0,0.0,0.0
3437,118_01352,118,1352,2,RBBB,2,RBBB,2,RBBB,1.0,0.0,0.0,1.0,0.0,0.0,0.0,0.0,0.0
3438,118_01353,118,1353,2,RBBB,2,RBBB,2,RBBB,1.0,0.0,0.0,1.0,0.0,0.0,0.0,0.0,0.0
3439,118_01354,118,1354,2,RBBB,2,RBBB,2,RBBB,1.0,0.0,0.0,1.0,0.0,0.0,0.0,0.0,0.0
3440,118_01355,118,1355,2,RBBB,2,RBBB,2,RBBB,1.0,0.0,0.0,1.0,0.0,0.0,0.0,0.0,0.0
3441,118_01356,118,1356,2,RBBB,2,RBBB,2,RBBB,1.0,0.0,0.0,1.0,0.0,0.0,0.0,0.0,0.0
3442,118_01357,118,1357,2,RBBB,2,RBBB,2,RBBB,1.0,0.0,0.0,1.0,0.0,0.0,0.0,0.0,0.0
3443,118_01358,118,1358,2,RBBB,2,RBBB,2,RBBB,1.0,0.0,0.0,1.0,0.0,0.0,0.0,0.0,0.0
3444,118_01359,118,1359,2,RBBB,2,RBBB,2,RBBB,1.0,0.0,0.0,1.0,0.0,0.0,0.0,0.0,0.0
3445,118_01360,118,1360,2,RBBB,2,RBBB,2,RBBB,1.0,0.0,0.0,1.0,0.0,0.0,0.0,0.0,0.0
3446,118_01361,118,1361,2,RBBB,2,RBBB,2,RBBB,1.0,0.0,0.0,1.0,0.0,0.0,0.0,0.0,0.0
3447,118_01362,118,1362,2,RBBB,2,RBBB,2,RBBB,1.0,0.0,0.0,1.0,0.0,0.0,0.0,0.0,0.0
3448,118_01363,118,1363,2,RBBB,2,RBBB,2,RBBB,1.0,0.0,0.0,1.0,0.0,0.0,0.0,0.0,0.0
3449,118_01364,118,1364,2,RBBB,2,RBBB,2,RBBB,1.0,0.0,0.0,1.0,0.0,0.0,0.0,0.0,0.0
3450,118_01365,118,1365,2,RBBB,2,RBBB,2,RBBB,1.0,0.0,0.0,1.0,0.0,0.0,0.0,0.0,0.0
3451,118_01366,118,1366,2,RBBB,2,RBBB,2,RBBB,1.0,0.0,0.0,1.0,0.0,0.0,0.0,0.0,0.0
3452,118_01367,118,1367,2,RBBB,2,RBBB,2,RBBB,1.0,0.0,0.0,1.0,0.0,0.0,0.0,0.0,0.0
3453,118_01368,118,1368,2,RBBB,2,RBBB,2,RBBB,1.0,0.0,0.0,1.0,0.0,0.0,0.0,0.0,0.0
3454,118_01369,118,1369,2,RBBB,2,RBBB,2,RBBB,1.0,0.0,0.0,1.0,0.0,0.0,0.0,0.0,0.0
3455,118_01370,118,1370,2,RBBB,2,RBBB,2,RBBB,1.0,0.0,0.0,1.0,0.0,0.0,0.0,0.0,0.0
3456,118_01371,118,1371,2,RBBB,2,RBBB,2,RBBB,1.0,0.0,0.0,1.0,0.0,0.0,0.0,0.0,0.0
3457,118_01372,118,1372,2,RBBB,2,RBBB,2,RBBB,1.0,0.0,0.0,1.0,0.0,0.0,0.0,0.0,0.0
3458,118_01373,118,1373,2,RBBB,2,RBBB,2,RBBB,1.0,0.0,0.0,1.0,0.0,0.0,0.0,0.0,0.0
3459,118_01374,118,1374,2,RBBB,2,RBBB,2,RBBB,1.0,0.0,0.0,1.0,0.0,0.0,0.0,0.0,0.0
3460,118_01375,118,1375,2,RBBB,2,RBBB,2,RBBB,1.0,0.0,0.0,1.0,0.0,0.0,0.0,0.0,0.0
3461,118_01376,118,1376,2,RBBB,2,RBBB,2,RBBB,1.0,0.0,0.0,1.0,0.0,0.0,0.0,0.0,0.0
3462,118_01377,118,1377,2,RBBB,2,RBBB,2,RBBB,1.0,0.0,0.0,1.0,0.0,0.0,0.0,0.0,0.0
3463,118_01378,118,1378,2,RBBB,2,RBBB,2,RBBB,1.0,0.0,0.0,1.0,0.0,0.0,0.0,0.0,0.0
3464,118_01379,118,1379,2,RBBB,2,RBBB,2,RBBB,1.0,0.0,0.0,1.0,0.0,0.0,0.0,0.0,0.0
3465,118_01380,118,1380,2,RBBB,2,RBBB,2,RBBB,1.0,0.0,0.0,1.0,0.0,0.0,0.0,0.0,0.0
3466,118_01381,118,1381,2,RBBB,2,RBBB,2,RBBB,1.0,0.0,0.0,1.0,0.0,0.0,0.0,0.0,0.0
3467,118_01382,118,1382,2,RBBB,2,RBBB,2,RBBB,1.0,0.0,0.0,1.0,0.0,0.0,0.0,0.0,0.0
3468,118_01383,118,1383,2,RBBB,2,RBBB,2,RBBB,1.0,0.0,0.0,1.0,0.0,0.0,0.0,0.0,0.0
3469,118_01384,118,1384,2,RBBB,2,RBBB,2,RBBB,1.0,0.0,0.0,1.0,0.0,0.0,0.0,0.0,0.0
3470,118_01385,118,1385,2,RBBB,2,RBBB,2,RBBB,1.0,0.0,0.0,1.0,0.0,0.0,0.0,0.0,0.0
3471,118_01386,118,1386,2,RBBB,2,RBBB,2,RBBB,1.0,0.0,0.0,1.0,0.0,0.0,0.0,0.0,0.0
3472,118_01387,118,1387,2,RBBB,2,RBBB,2,RBBB,1.0,0.0,0.0,1.0,0.0,0.0,0.0,0.0,0.0
3473,118_01388,118,1388,2,RBBB,2,RBBB,2,RBBB,1.0,0.0,0.0,1.0,0.0,0.0,0.0,0.0,0.0
3474,118_01389,118,1389,2,RBBB,2,RBBB,2,RBBB,1.0,0.0,0.0,1.0,0.0,0.0,0.0,0.0,0.0
3475,118_01390,118,1390,2,RBBB,2,RBBB,2,RBBB,1.0,0.0,0.0,1.0,0.0,0.0,0.0,0.0,0.0
3476,118_01391,118,1391,2,RBBB,2,RBBB,2,RBBB,1.0,0.0,0.0,1.0,0.0,0.0,0.0,0.0,0.0
3477,118_01392,118,1392,3,APC,2,RBBB,2,RBBB,1.0,0.0,0.0,1.0,0.0,0.0,0.0,0.0,0.0
3478,118_01393,118,1393,2,RBBB,3,APC,3,APC,1.0,0.0,0.0,0.0,1.0,0.0,0.0,0.0,0.0
3479,118_01394,118,1394,2,RBBB,2,RBBB,2,RBBB,1.0,0.0,0.0,1.0,0.0,0.0,0.0,0.0,0.0
3480,118_01395,118,1395,2,RBBB,2,RBBB,2,RBBB,1.0,0.0,0.0,1.0,0.0,0.0,0.0,0.0,0.0
3481,118_01396,118,1396,2,RBBB,2,RBBB,2,RBBB,1.0,0.0,0.0,1.0,0.0,0.0,0.0,0.0,0.0
3482,118_01397,118,1397,2,RBBB,2,RBBB,2,RBBB,1.0,0.0,0.0,1.0,0.0,0.0,0.0,0.0,0.0
3483,118_01398,118,1398,2,RBBB,2,RBBB,2,RBBB,1.0,0.0,0.0,1.0,0.0,0.0,0.0,0.0,0.0
3484,118_01399,118,1399,2,RBBB,2,RBBB,2,RBBB,1.0,0.0,0.0,1.0,0.0,0.0,0.0,0.0,0.0
3485,118_01400,118,1400,2,RBBB,2,RBBB,2,RBBB,1.0,0.0,0.0,1.0,0.0,0.0,0.0,0.0,0.0
3486,118_01401,118,1401,2,RBBB,2,RBBB,2,RBBB,1.0,0.0,0.0,1.0,0.0,0.0,0.0,0.0,0.0
3487,118_01402,118,1402,2,RBBB,2,RBBB,2,RBBB,1.0,0.0,0.0,1.0,0.0,0.0,0.0,0.0,0.0
3488,118_01403,118,1403,2,RBBB,2,RBBB,2,RBBB,1.0,0.0,0.0,1.0,0.0,0.0,0.0,0.0,0.0
3489,118_01404,118,1404,2,RBBB,2,RBBB,2,RBBB,1.0,0.0,0.0,1.0,0.0,0.0,0.0,0.0,0.0
3490,118_01405,118,1405,2,RBBB,2,RBBB,2,RBBB,1.0,0.0,0.0,1.0,0.0,0.0,0.0,0.0,0.0
3491,118_01406,118,1406,2,RBBB,2,RBBB,2,RBBB,1.0,0.0,0.0,1.0,0.0,0.0,0.0,0.0,0.0
3492,118_01407,118,1407,2,RBBB,2,RBBB,2,RBBB,1.0,0.0,0.0,1.0,0.0,0.0,0.0,0.0,0.0
3493,118_01408,118,1408,2,RBBB,2,RBBB,2,RBBB,1.0,0.0,0.0,1.0,0.0,0.0,0.0,0.0,0.0
3494,118_01409,118,1409,2,RBBB,2,RBBB,2,RBBB,1.0,0.0,0.0,1.0,0.0,0.0,0.0,0.0,0.0
3495,118_01410,118,1410,2,RBBB,2,RBBB,2,RBBB,1.0,0.0,0.0,1.0,0.0,0.0,0.0,0.0,0.0
3496,118_01411,118,1411,2,RBBB,2,RBBB,2,RBBB,1.0,0.0,0.0,1.0,0.0,0.0,0.0,0.0,0.0
3497,118_01412,118,1412,2,RBBB,2,RBBB,2,RBBB,1.0,0.0,0.0,1.0,0.0,0.0,0.0,0.0,0.0
3498,118_01413,118,1413,2,RBBB,2,RBBB,2,RBBB,1.0,0.0,0.0,1.0,0.0,0.0,0.0,0.0,0.0
3499,118_01414,118,1414,2,RBBB,2,RBBB,2,RBBB,1.0,0.0,0.0,1.0,0.0,0.0,0.0,0.0,0.0
3500,118_01415,118,1415,2,RBBB,2,RBBB,2,RBBB,1.0,0.0,0.0,1.0,0.0,0.0,0.0,0.0,0.0
3501,118_01416,118,1416,2,RBBB,2,RBBB,2,RBBB,1.0,0.0,0.0,1.0,0.0,0.0,0.0,0.0,0.0
3502,118_01417,118,1417,3,APC,2,RBBB,2,RBBB,1.0,0.0,0.0,1.0,0.0,0.0,0.0,0.0,0.0
3503,118_01418,118,1418,2,RBBB,3,APC,3,APC,1.0,0.0,0.0,0.0,1.0,0.0,0.0,0.0,0.0
3504,118_01419,118,1419,2,RBBB,2,RBBB,2,RBBB,1.0,0.0,0.0,1.0,0.0,0.0,0.0,0.0,0.0
3505,118_01420,118,1420,2,RBBB,2,RBBB,2,RBBB,1.0,0.0,0.0,1.0,0.0,0.0,0.0,0.0,0.0
3506,118_01421,118,1421,2,RBBB,2,RBBB,2,RBBB,1.0,0.0,0.0,1.0,0.0,0.0,0.0,0.0,0.0
3507,118_01422,118,1422,2,RBBB,2,RBBB,2,RBBB,1.0,0.0,0.0,1.0,0.0,0.0,0.0,0.0,0.0
3508,118_01423,118,1423,2,RBBB,2,RBBB,2,RBBB,1.0,0.0,0.0,1.0,0.0,0.0,0.0,0.0,0.0
3509,118_01424,118,1424,2,RBBB,2,RBBB,2,RBBB,1.0,0.0,0.0,1.0,0.0,0.0,0.0,0.0,0.0
3510,118_01425,118,1425,2,RBBB,2,RBBB,2,RBBB,1.0,0.0,0.0,1.0,0.0,0.0,0.0,0.0,0.0
3511,118_01426,118,1426,2,RBBB,2,RBBB,2,RBBB,1.0,0.0,0.0,1.0,0.0,0.0,0.0,0.0,0.0
3512,118_01427,118,1427,2,RBBB,2,RBBB,2,RBBB,1.0,0.0,0.0,1.0,0.0,0.0,0.0,0.0,0.0
3513,118_01428,118,1428,2,RBBB,2,RBBB,2,RBBB,1.0,0.0,0.0,1.0,0.0,0.0,0.0,0.0,0.0
3514,118_01429,118,1429,2,RBBB,2,RBBB,2,RBBB,1.0,0.0,0.0,1.0,0.0,0.0,0.0,0.0,0.0
3515,118_01430,118,1430,2,RBBB,2,RBBB,2,RBBB,1.0,0.0,0.0,1.0,0.0,0.0,0.0,0.0,0.0
3516,118_01431,118,1431,2,RBBB,2,RBBB,2,RBBB,1.0,0.0,0.0,1.0,0.0,0.0,0.0,0.0,0.0
3517,118_01432,118,1432,2,RBBB,2,RBBB,2,RBBB,1.0,0.0,0.0,1.0,0.0,0.0,0.0,0.0,0.0
3518,118_01433,118,1433,2,RBBB,2,RBBB,2,RBBB,1.0,0.0,0.0,1.0,0.0,0.0,0.0,0.0,0.0
3519,118_01434,118,1434,2,RBBB,2,RBBB,2,RBBB,1.0,0.0,0.0,1.0,0.0,0.0,0.0,0.0,0.0
3520,118_01435,118,1435,2,RBBB,2,RBBB,2,RBBB,1.0,0.0,0.0,1.0,0.0,0.0,0.0,0.0,0.0
3521,118_01436,118,1436,2,RBBB,2,RBBB,2,RBBB,1.0,0.0,0.0,1.0,0.0,0.0,0.0,0.0,0.0
3522,118_01437,118,1437,2,RBBB,2,RBBB,2,RBBB,1.0,0.0,0.0,1.0,0.0,0.0,0.0,0.0,0.0
3523,118_01438,118,1438,2,RBBB,2,RBBB,2,RBBB,1.0,0.0,0.0,1.0,0.0,0.0,0.0,0.0,0.0
3524,118_01439,118,1439,2,RBBB,2,RBBB,2,RBBB,1.0,0.0,0.0,1.0,0.0,0.0,0.0,0.0,0.0
3525,118_01440,118,1440,2,RBBB,2,RBBB,2,RBBB,1.0,0.0,0.0,1.0,0.0,0.0,0.0,0.0,0.0
3526,118_01441,118,1441,2,RBBB,2,RBBB,2,RBBB,1.0,0.0,0.0,1.0,0.0,0.0,0.0,0.0,0.0
3527,118_01442,118,1442,2,RBBB,2,RBBB,2,RBBB,1.0,0.0,0.0,1.0,0.0,0.0,0.0,0.0,0.0
3528,118_01443,118,1443,2,RBBB,2,RBBB,2,RBBB,1.0,0.0,0.0,1.0,0.0,0.0,0.0,0.0,0.0
3529,118_01444,118,1444,2,RBBB,2,RBBB,2,RBBB,1.0,0.0,0.0,1.0,0.0,0.0,0.0,0.0,0.0
3530,118_01445,118,1445,2,RBBB,2,RBBB,2,RBBB,1.0,0.0,0.0,1.0,0.0,0.0,0.0,0.0,0.0
3531,118_01446,118,1446,2,RBBB,2,RBBB,2,RBBB,1.0,0.0,0.0,1.0,0.0,0.0,0.0,0.0,0.0
3532,118_01447,118,1447,2,RBBB,2,RBBB,2,RBBB,1.0,0.0,0.0,1.0,0.0,0.0,0.0,0.0,0.0
3533,118_01448,118,1448,2,RBBB,2,RBBB,2,RBBB,1.0,0.0,0.0,1.0,0.0,0.0,0.0,0.0,0.0
3534,118_01449,118,1449,2,RBBB,2,RBBB,2,RBBB,1.0,0.0,0.0,1.0,0.0,0.0,0.0,0.0,0.0
3535,118_01450,118,1450,2,RBBB,2,RBBB,2,RBBB,1.0,0.0,0.0,1.0,0.0,0.0,0.0,0.0,0.0
3536,118_01451,118,1451,2,RBBB,2,RBBB,2,RBBB,1.0,0.0,0.0,1.0,0.0,0.0,0.0,0.0,0.0
3537,118_01452,118,1452,2,RBBB,2,RBBB,2,RBBB,1.0,0.0,0.0,1.0,0.0,0.0,0.0,0.0,0.0
3538,118_01453,118,1453,2,RBBB,2,RBBB,2,RBBB,1.0,0.0,0.0,1.0,0.0,0.0,0.0,0.0,0.0
3539,118_01454,118,1454,2,RBBB,2,RBBB,2,RBBB,1.0,0.0,0.0,1.0,0.0,0.0,0.0,0.0,0.0
3540,118_01455,118,1455,2,RBBB,2,RBBB,2,RBBB,1.0,0.0,0.0,1.0,0.0,0.0,0.0,0.0,0.0
3541,118_01456,118,1456,2,RBBB,2,RBBB,2,RBBB,1.0,0.0,0.0,1.0,0.0,0.0,0.0,0.0,0.0
3542,118_01457,118,1457,2,RBBB,2,RBBB,2,RBBB,1.0,0.0,0.0,1.0,0.0,0.0,0.0,0.0,0.0
3543,118_01458,118,1458,2,RBBB,2,RBBB,2,RBBB,1.0,0.0,0.0,1.0,0.0,0.0,0.0,0.0,0.0
3544,118_01459,118,1459,2,RBBB,2,RBBB,2,RBBB,1.0,0.0,0.0,1.0,0.0,0.0,0.0,0.0,0.0
3545,118_01460,118,1460,2,RBBB,2,RBBB,2,RBBB,1.0,0.0,0.0,1.0,0.0,0.0,0.0,0.0,0.0
3546,118_01461,118,1461,2,RBBB,2,RBBB,2,RBBB,1.0,0.0,0.0,1.0,0.0,0.0,0.0,0.0,0.0
3547,118_01462,118,1462,2,RBBB,2,RBBB,2,RBBB,1.0,0.0,0.0,1.0,0.0,0.0,0.0,0.0,0.0
3548,118_01463,118,1463,2,RBBB,2,RBBB,2,RBBB,1.0,0.0,0.0,1.0,0.0,0.0,0.0,0.0,0.0
3549,118_01464,118,1464,2,RBBB,2,RBBB,2,RBBB,1.0,0.0,0.0,1.0,0.0,0.0,0.0,0.0,0.0
3550,118_01465,118,1465,2,RBBB,2,RBBB,2,RBBB,1.0,0.0,0.0,1.0,0.0,0.0,0.0,0.0,0.0
3551,118_01466,118,1466,2,RBBB,2,RBBB,2,RBBB,1.0,0.0,0.0,1.0,0.0,0.0,0.0,0.0,0.0
3552,118_01467,118,1467,2,RBBB,2,RBBB,2,RBBB,1.0,0.0,0.0,1.0,0.0,0.0,0.0,0.0,0.0
3553,118_01468,118,1468,2,RBBB,2,RBBB,2,RBBB,1.0,0.0,0.0,1.0,0.0,0.0,0.0,0.0,0.0
3554,118_01469,118,1469,3,APC,2,RBBB,2,RBBB,1.0,0.0,0.0,1.0,0.0,0.0,0.0,0.0,0.0
3555,118_01470,118,1470,2,RBBB,3,APC,3,APC,1.0,0.0,0.0,0.0,1.0,0.0,0.0,0.0,0.0
3556,118_01471,118,1471,2,RBBB,2,RBBB,2,RBBB,1.0,0.0,0.0,1.0,0.0,0.0,0.0,0.0,0.0
3557,118_01472,118,1472,2,RBBB,2,RBBB,2,RBBB,1.0,0.0,0.0,1.0,0.0,0.0,0.0,0.0,0.0
3558,118_01473,118,1473,2,RBBB,2,RBBB,2,RBBB,1.0,0.0,0.0,1.0,0.0,0.0,0.0,0.0,0.0
3559,118_01474,118,1474,2,RBBB,2,RBBB,2,RBBB,1.0,0.0,0.0,1.0,0.0,0.0,0.0,0.0,0.0
3560,118_01475,118,1475,3,APC,2,RBBB,2,RBBB,1.0,0.0,0.0,1.0,0.0,0.0,0.0,0.0,0.0
3561,118_01476,118,1476,2,RBBB,3,APC,3,APC,1.0,0.0,0.0,0.0,1.0,0.0,0.0,0.0,0.0
3562,118_01477,118,1477,2,RBBB,2,RBBB,2,RBBB,1.0,0.0,0.0,1.0,0.0,0.0,0.0,0.0,0.0
3563,118_01478,118,1478,2,RBBB,2,RBBB,2,RBBB,1.0,0.0,0.0,1.0,0.0,0.0,0.0,0.0,0.0
3564,118_01479,118,1479,2,RBBB,2,RBBB,2,RBBB,1.0,0.0,0.0,1.0,0.0,0.0,0.0,0.0,0.0
3565,118_01480,118,1480,2,RBBB,2,RBBB,2,RBBB,1.0,0.0,0.0,1.0,0.0,0.0,0.0,0.0,0.0
3566,118_01481,118,1481,2,RBBB,2,RBBB,2,RBBB,1.0,0.0,0.0,1.0,0.0,0.0,0.0,0.0,0.0
3567,118_01482,118,1482,2,RBBB,2,RBBB,2,RBBB,1.0,0.0,0.0,1.0,0.0,0.0,0.0,0.0,0.0
3568,118_01483,118,1483,2,RBBB,2,RBBB,2,RBBB,1.0,0.0,0.0,1.0,0.0,0.0,0.0,0.0,0.0
3569,118_01484,118,1484,2,RBBB,2,RBBB,2,RBBB,1.0,0.0,0.0,1.0,0.0,0.0,0.0,0.0,0.0
3570,118_01485,118,1485,2,RBBB,2,RBBB,2,RBBB,1.0,0.0,0.0,1.0,0.0,0.0,0.0,0.0,0.0
3571,118_01486,118,1486,2,RBBB,2,RBBB,2,RBBB,1.0,0.0,0.0,1.0,0.0,0.0,0.0,0.0,0.0
3572,118_01487,118,1487,2,RBBB,2,RBBB,2,RBBB,1.0,0.0,0.0,1.0,0.0,0.0,0.0,0.0,0.0
3573,118_01488,118,1488,2,RBBB,2,RBBB,2,RBBB,1.0,0.0,0.0,1.0,0.0,0.0,0.0,0.0,0.0
3574,118_01489,118,1489,2,RBBB,2,RBBB,2,RBBB,1.0,0.0,0.0,1.0,0.0,0.0,0.0,0.0,0.0
3575,118_01490,118,1490,2,RBBB,2,RBBB,2,RBBB,1.0,0.0,0.0,1.0,0.0,0.0,0.0,0.0,0.0
3576,118_01491,118,1491,2,RBBB,2,RBBB,2,RBBB,1.0,0.0,0.0,1.0,0.0,0.0,0.0,0.0,0.0
3577,118_01492,118,1492,2,RBBB,2,RBBB,2,RBBB,1.0,0.0,0.0,1.0,0.0,0.0,0.0,0.0,0.0
3578,118_01493,118,1493,2,RBBB,2,RBBB,2,RBBB,1.0,0.0,0.0,1.0,0.0,0.0,0.0,0.0,0.0
3579,118_01494,118,1494,2,RBBB,2,RBBB,2,RBBB,1.0,0.0,0.0,1.0,0.0,0.0,0.0,0.0,0.0
3580,118_01495,118,1495,2,RBBB,2,RBBB,2,RBBB,1.0,0.0,0.0,1.0,0.0,0.0,0.0,0.0,0.0
3581,118_01496,118,1496,2,RBBB,2,RBBB,2,RBBB,1.0,0.0,0.0,1.0,0.0,0.0,0.0,0.0,0.0
3582,118_01497,118,1497,2,RBBB,2,RBBB,2,RBBB,1.0,0.0,0.0,1.0,0.0,0.0,0.0,0.0,0.0
3583,118_01498,118,1498,3,APC,2,RBBB,2,RBBB,1.0,0.0,0.0,1.0,0.0,0.0,0.0,0.0,0.0
3584,118_01499,118,1499,2,RBBB,3,APC,3,APC,1.0,0.0,0.0,0.0,1.0,0.0,0.0,0.0,0.0
3585,118_01500,118,1500,2,RBBB,2,RBBB,2,RBBB,1.0,0.0,0.0,1.0,0.0,0.0,0.0,0.0,0.0
3586,118_01501,118,1501,2,RBBB,2,RBBB,2,RBBB,1.0,0.0,0.0,1.0,0.0,0.0,0.0,0.0,0.0
3587,118_01502,118,1502,2,RBBB,2,RBBB,2,RBBB,1.0,0.0,0.0,1.0,0.0,0.0,0.0,0.0,0.0
3588,118_01503,118,1503,2,RBBB,2,RBBB,2,RBBB,1.0,0.0,0.0,1.0,0.0,0.0,0.0,0.0,0.0
3589,118_01504,118,1504,2,RBBB,2,RBBB,2,RBBB,1.0,0.0,0.0,1.0,0.0,0.0,0.0,0.0,0.0
3590,118_01505,118,1505,2,RBBB,2,RBBB,2,RBBB,1.0,0.0,0.0,1.0,0.0,0.0,0.0,0.0,0.0
3591,118_01506,118,1506,2,RBBB,2,RBBB,2,RBBB,1.0,0.0,0.0,1.0,0.0,0.0,0.0,0.0,0.0
3592,118_01507,118,1507,2,RBBB,2,RBBB,2,RBBB,1.0,0.0,0.0,1.0,0.0,0.0,0.0,0.0,0.0
3593,118_01508,118,1508,2,RBBB,2,RBBB,2,RBBB,1.0,0.0,0.0,1.0,0.0,0.0,0.0,0.0,0.0
3594,118_01509,118,1509,2,RBBB,2,RBBB,2,RBBB,1.0,0.0,0.0,1.0,0.0,0.0,0.0,0.0,0.0
3595,118_01510,118,1510,2,RBBB,2,RBBB,2,RBBB,1.0,0.0,0.0,1.0,0.0,0.0,0.0,0.0,0.0
3596,118_01511,118,1511,2,RBBB,2,RBBB,2,RBBB,1.0,0.0,0.0,1.0,0.0,0.0,0.0,0.0,0.0
3597,118_01512,118,1512,2,RBBB,2,RBBB,2,RBBB,1.0,0.0,0.0,1.0,0.0,0.0,0.0,0.0,0.0
3598,118_01513,118,1513,2,RBBB,2,RBBB,2,RBBB,1.0,0.0,0.0,1.0,0.0,0.0,0.0,0.0,0.0
3599,118_01514,118,1514,2,RBBB,2,RBBB,2,RBBB,1.0,0.0,0.0,1.0,0.0,0.0,0.0,0.0,0.0
3600,118_01515,118,1515,2,RBBB,2,RBBB,2,RBBB,1.0,0.0,0.0,1.0,0.0,0.0,0.0,0.0,0.0
3601,118_01516,118,1516,2,RBBB,2,RBBB,2,RBBB,1.0,0.0,0.0,1.0,0.0,0.0,0.0,0.0,0.0
3602,118_01517,118,1517,2,RBBB,2,RBBB,2,RBBB,1.0,0.0,0.0,1.0,0.0,0.0,0.0,0.0,0.0
3603,118_01518,118,1518,2,RBBB,2,RBBB,2,RBBB,1.0,0.0,0.0,1.0,0.0,0.0,0.0,0.0,0.0
3604,118_01519,118,1519,2,RBBB,2,RBBB,2,RBBB,1.0,0.0,0.0,1.0,0.0,0.0,0.0,0.0,0.0
3605,118_01520,118,1520,2,RBBB,2,RBBB,2,RBBB,1.0,0.0,0.0,1.0,0.0,0.0,0.0,0.0,0.0
3606,118_01521,118,1521,2,RBBB,2,RBBB,2,RBBB,1.0,0.0,0.0,1.0,0.0,0.0,0.0,0.0,0.0
3607,118_01522,118,1522,2,RBBB,2,RBBB,2,RBBB,1.0,0.0,0.0,1.0,0.0,0.0,0.0,0.0,0.0
3608,118_01523,118,1523,2,RBBB,2,RBBB,2,RBBB,1.0,0.0,0.0,1.0,0.0,0.0,0.0,0.0,0.0
3609,118_01524,118,1524,2,RBBB,2,RBBB,2,RBBB,1.0,0.0,0.0,1.0,0.0,0.0,0.0,0.0,0.0
3610,118_01525,118,1525,2,RBBB,2,RBBB,2,RBBB,1.0,0.0,0.0,1.0,0.0,0.0,0.0,0.0,0.0
3611,118_01526,118,1526,2,RBBB,2,RBBB,2,RBBB,1.0,0.0,0.0,1.0,0.0,0.0,0.0,0.0,0.0
3612,118_01527,118,1527,2,RBBB,2,RBBB,2,RBBB,1.0,0.0,0.0,1.0,0.0,0.0,0.0,0.0,0.0
3613,118_01528,118,1528,2,RBBB,2,RBBB,2,RBBB,1.0,0.0,0.0,1.0,0.0,0.0,0.0,0.0,0.0
3614,118_01529,118,1529,2,RBBB,2,RBBB,2,RBBB,1.0,0.0,0.0,1.0,0.0,0.0,0.0,0.0,0.0
3615,118_01530,118,1530,2,RBBB,2,RBBB,2,RBBB,1.0,0.0,0.0,1.0,0.0,0.0,0.0,0.0,0.0
3616,118_01531,118,1531,2,RBBB,2,RBBB,2,RBBB,1.0,0.0,0.0,1.0,0.0,0.0,0.0,0.0,0.0
3617,118_01532,118,1532,2,RBBB,2,RBBB,2,RBBB,1.0,0.0,0.0,1.0,0.0,0.0,0.0,0.0,0.0
3618,118_01533,118,1533,2,RBBB,2,RBBB,2,RBBB,1.0,0.0,0.0,1.0,0.0,0.0,0.0,0.0,0.0
3619,118_01534,118,1534,2,RBBB,2,RBBB,2,RBBB,1.0,0.0,0.0,1.0,0.0,0.0,0.0,0.0,0.0
3620,118_01535,118,1535,2,RBBB,2,RBBB,2,RBBB,1.0,0.0,0.0,1.0,0.0,0.0,0.0,0.0,0.0
3621,118_01536,118,1536,2,RBBB,2,RBBB,2,RBBB,1.0,0.0,0.0,1.0,0.0,0.0,0.0,0.0,0.0
3622,118_01537,118,1537,2,RBBB,2,RBBB,2,RBBB,1.0,0.0,0.0,1.0,0.0,0.0,0.0,0.0,0.0
3623,118_01538,118,1538,2,RBBB,2,RBBB,2,RBBB,1.0,0.0,0.0,1.0,0.0,0.0,0.0,0.0,0.0
3624,118_01539,118,1539,2,RBBB,2,RBBB,2,RBBB,1.0,0.0,0.0,1.0,0.0,0.0,0.0,0.0,0.0
3625,118_01540,118,1540,2,RBBB,2,RBBB,2,RBBB,1.0,0.0,0.0,1.0,0.0,0.0,0.0,0.0,0.0
3626,118_01541,118,1541,2,RBBB,2,RBBB,2,RBBB,1.0,0.0,0.0,1.0,0.0,0.0,0.0,0.0,0.0
3627,118_01542,118,1542,2,RBBB,2,RBBB,2,RBBB,1.0,0.0,0.0,1.0,0.0,0.0,0.0,0.0,0.0
3628,118_01543,118,1543,2,RBBB,2,RBBB,2,RBBB,1.0,0.0,0.0,1.0,0.0,0.0,0.0,0.0,0.0
3629,118_01544,118,1544,2,RBBB,2,RBBB,2,RBBB,1.0,0.0,0.0,1.0,0.0,0.0,0.0,0.0,0.0
3630,118_01545,118,1545,2,RBBB,2,RBBB,2,RBBB,1.0,0.0,0.0,1.0,0.0,0.0,0.0,0.0,0.0
3631,118_01546,118,1546,2,RBBB,2,RBBB,2,RBBB,1.0,0.0,0.0,1.0,0.0,0.0,0.0,0.0,0.0
3632,118_01547,118,1547,2,RBBB,2,RBBB,2,RBBB,1.0,0.0,0.0,1.0,0.0,0.0,0.0,0.0,0.0
3633,118_01548,118,1548,2,RBBB,2,RBBB,2,RBBB,1.0,0.0,0.0,1.0,0.0,0.0,0.0,0.0,0.0
3634,118_01549,118,1549,2,RBBB,2,RBBB,2,RBBB,1.0,0.0,0.0,1.0,0.0,0.0,0.0,0.0,0.0
3635,118_01550,118,1550,2,RBBB,2,RBBB,2,RBBB,1.0,0.0,0.0,1.0,0.0,0.0,0.0,0.0,0.0
3636,118_01551,118,1551,2,RBBB,2,RBBB,2,RBBB,1.0,0.0,0.0,1.0,0.0,0.0,0.0,0.0,0.0
3637,118_01552,118,1552,2,RBBB,2,RBBB,2,RBBB,1.0,0.0,0.0,1.0,0.0,0.0,0.0,0.0,0.0
3638,118_01553,118,1553,2,RBBB,2,RBBB,2,RBBB,1.0,0.0,0.0,1.0,0.0,0.0,0.0,0.0,0.0
3639,118_01554,118,1554,2,RBBB,2,RBBB,2,RBBB,1.0,0.0,0.0,1.0,0.0,0.0,0.0,0.0,0.0
3640,118_01555,118,1555,2,RBBB,2,RBBB,2,RBBB,1.0,0.0,0.0,1.0,0.0,0.0,0.0,0.0,0.0
3641,118_01556,118,1556,3,APC,2,RBBB,2,RBBB,1.0,0.0,0.0,1.0,0.0,0.0,0.0,0.0,0.0
3642,118_01557,118,1557,2,RBBB,3,APC,3,APC,1.0,0.0,0.0,0.0,1.0,0.0,0.0,0.0,0.0
3643,118_01558,118,1558,2,RBBB,2,RBBB,2,RBBB,1.0,0.0,0.0,1.0,0.0,0.0,0.0,0.0,0.0
3644,118_01559,118,1559,2,RBBB,2,RBBB,2,RBBB,1.0,0.0,0.0,1.0,0.0,0.0,0.0,0.0,0.0
3645,118_01560,118,1560,2,RBBB,2,RBBB,2,RBBB,1.0,0.0,0.0,1.0,0.0,0.0,0.0,0.0,0.0
3646,118_01561,118,1561,2,RBBB,2,RBBB,2,RBBB,1.0,0.0,0.0,1.0,0.0,0.0,0.0,0.0,0.0
3647,118_01562,118,1562,2,RBBB,2,RBBB,2,RBBB,1.0,0.0,0.0,1.0,0.0,0.0,0.0,0.0,0.0
3648,118_01563,118,1563,2,RBBB,2,RBBB,2,RBBB,1.0,0.0,0.0,1.0,0.0,0.0,0.0,0.0,0.0
3649,118_01564,118,1564,2,RBBB,2,RBBB,2,RBBB,1.0,0.0,0.0,1.0,0.0,0.0,0.0,0.0,0.0
3650,118_01565,118,1565,2,RBBB,2,RBBB,2,RBBB,1.0,0.0,0.0,1.0,0.0,0.0,0.0,0.0,0.0
3651,118_01566,118,1566,2,RBBB,2,RBBB,2,RBBB,1.0,0.0,0.0,1.0,0.0,0.0,0.0,0.0,0.0
3652,118_01567,118,1567,2,RBBB,2,RBBB,2,RBBB,1.0,0.0,0.0,1.0,0.0,0.0,0.0,0.0,0.0
3653,118_01568,118,1568,2,RBBB,2,RBBB,2,RBBB,1.0,0.0,0.0,1.0,0.0,0.0,0.0,0.0,0.0
3654,118_01569,118,1569,2,RBBB,2,RBBB,2,RBBB,1.0,0.0,0.0,1.0,0.0,0.0,0.0,0.0,0.0
3655,118_01570,118,1570,2,RBBB,2,RBBB,2,RBBB,1.0,0.0,0.0,1.0,0.0,0.0,0.0,0.0,0.0
3656,118_01571,118,1571,2,RBBB,2,RBBB,2,RBBB,1.0,0.0,0.0,1.0,0.0,0.0,0.0,0.0,0.0
3657,118_01572,118,1572,2,RBBB,2,RBBB,2,RBBB,1.0,0.0,0.0,1.0,0.0,0.0,0.0,0.0,0.0
3658,118_01573,118,1573,2,RBBB,2,RBBB,2,RBBB,1.0,0.0,0.0,1.0,0.0,0.0,0.0,0.0,0.0
3659,118_01574,118,1574,2,RBBB,2,RBBB,2,RBBB,1.0,0.0,0.0,1.0,0.0,0.0,0.0,0.0,0.0
3660,118_01575,118,1575,2,RBBB,2,RBBB,2,RBBB,1.0,0.0,0.0,1.0,0.0,0.0,0.0,0.0,0.0
3661,118_01576,118,1576,2,RBBB,2,RBBB,2,RBBB,1.0,0.0,0.0,1.0,0.0,0.0,0.0,0.0,0.0
3662,118_01577,118,1577,2,RBBB,2,RBBB,2,RBBB,1.0,0.0,0.0,1.0,0.0,0.0,0.0,0.0,0.0
3663,118_01578,118,1578,2,RBBB,2,RBBB,2,RBBB,1.0,0.0,0.0,1.0,0.0,0.0,0.0,0.0,0.0
3664,118_01579,118,1579,2,RBBB,2,RBBB,2,RBBB,1.0,0.0,0.0,1.0,0.0,0.0,0.0,0.0,0.0
3665,118_01580,118,1580,2,RBBB,2,RBBB,2,RBBB,1.0,0.0,0.0,1.0,0.0,0.0,0.0,0.0,0.0
3666,118_01581,118,1581,2,RBBB,2,RBBB,2,RBBB,1.0,0.0,0.0,1.0,0.0,0.0,0.0,0.0,0.0
3667,118_01582,118,1582,2,RBBB,2,RBBB,2,RBBB,1.0,0.0,0.0,1.0,0.0,0.0,0.0,0.0,0.0
3668,118_01583,118,1583,2,RBBB,2,RBBB,2,RBBB,1.0,0.0,0.0,1.0,0.0,0.0,0.0,0.0,0.0
3669,118_01584,118,1584,2,RBBB,2,RBBB,2,RBBB,1.0,0.0,0.0,1.0,0.0,0.0,0.0,0.0,0.0
3670,118_01585,118,1585,2,RBBB,2,RBBB,2,RBBB,1.0,0.0,0.0,1.0,0.0,0.0,0.0,0.0,0.0
3671,118_01586,118,1586,2,RBBB,2,RBBB,2,RBBB,1.0,0.0,0.0,1.0,0.0,0.0,0.0,0.0,0.0
3672,118_01587,118,1587,2,RBBB,2,RBBB,2,RBBB,1.0,0.0,0.0,1.0,0.0,0.0,0.0,0.0,0.0
3673,118_01588,118,1588,2,RBBB,2,RBBB,2,RBBB,1.0,0.0,0.0,1.0,0.0,0.0,0.0,0.0,0.0
3674,118_01589,118,1589,2,RBBB,2,RBBB,2,RBBB,1.0,0.0,0.0,1.0,0.0,0.0,0.0,0.0,0.0
3675,118_01590,118,1590,2,RBBB,2,RBBB,2,RBBB,1.0,0.0,0.0,1.0,0.0,0.0,0.0,0.0,0.0
3676,118_01591,118,1591,2,RBBB,2,RBBB,2,RBBB,1.0,0.0,0.0,1.0,0.0,0.0,0.0,0.0,0.0
3677,118_01592,118,1592,2,RBBB,2,RBBB,2,RBBB,1.0,0.0,0.0,1.0,0.0,0.0,0.0,0.0,0.0
3678,118_01593,118,1593,2,RBBB,2,RBBB,2,RBBB,1.0,0.0,0.0,1.0,0.0,0.0,0.0,0.0,0.0
3679,118_01594,118,1594,2,RBBB,2,RBBB,2,RBBB,1.0,0.0,0.0,1.0,0.0,0.0,0.0,0.0,0.0
3680,118_01595,118,1595,2,RBBB,2,RBBB,2,RBBB,1.0,0.0,0.0,1.0,0.0,0.0,0.0,0.0,0.0
3681,118_01596,118,1596,2,RBBB,2,RBBB,2,RBBB,1.0,0.0,0.0,1.0,0.0,0.0,0.0,0.0,0.0
3682,118_01597,118,1597,2,RBBB,2,RBBB,2,RBBB,1.0,0.0,0.0,1.0,0.0,0.0,0.0,0.0,0.0
3683,118_01598,118,1598,2,RBBB,2,RBBB,2,RBBB,1.0,0.0,0.0,1.0,0.0,0.0,0.0,0.0,0.0
3684,118_01599,118,1599,2,RBBB,2,RBBB,2,RBBB,1.0,0.0,0.0,1.0,0.0,0.0,0.0,0.0,0.0
3685,118_01600,118,1600,2,RBBB,2,RBBB,2,RBBB,1.0,0.0,0.0,1.0,0.0,0.0,0.0,0.0,0.0
3686,118_01601,118,1601,2,RBBB,2,RBBB,2,RBBB,1.0,0.0,0.0,1.0,0.0,0.0,0.0,0.0,0.0
3687,118_01602,118,1602,2,RBBB,2,RBBB,2,RBBB,1.0,0.0,0.0,1.0,0.0,0.0,0.0,0.0,0.0
3688,118_01603,118,1603,2,RBBB,2,RBBB,2,RBBB,1.0,0.0,0.0,1.0,0.0,0.0,0.0,0.0,0.0
3689,118_01604,118,1604,2,RBBB,2,RBBB,2,RBBB,1.0,0.0,0.0,1.0,0.0,0.0,0.0,0.0,0.0
3690,118_01605,118,1605,2,RBBB,2,RBBB,2,RBBB,1.0,0.0,0.0,1.0,0.0,0.0,0.0,0.0,0.0
3691,118_01606,118,1606,2,RBBB,2,RBBB,2,RBBB,1.0,0.0,0.0,1.0,0.0,0.0,0.0,0.0,0.0
3692,118_01607,118,1607,2,RBBB,2,RBBB,2,RBBB,1.0,0.0,0.0,1.0,0.0,0.0,0.0,0.0,0.0
3693,118_01608,118,1608,2,RBBB,2,RBBB,2,RBBB,1.0,0.0,0.0,1.0,0.0,0.0,0.0,0.0,0.0
3694,118_01609,118,1609,2,RBBB,2,RBBB,2,RBBB,1.0,0.0,0.0,1.0,0.0,0.0,0.0,0.0,0.0
3695,118_01610,118,1610,2,RBBB,2,RBBB,2,RBBB,1.0,0.0,0.0,1.0,0.0,0.0,0.0,0.0,0.0
3696,118_01611,118,1611,2,RBBB,2,RBBB,2,RBBB,1.0,0.0,0.0,1.0,0.0,0.0,0.0,0.0,0.0
3697,118_01612,118,1612,2,RBBB,2,RBBB,2,RBBB,1.0,0.0,0.0,1.0,0.0,0.0,0.0,0.0,0.0
3698,118_01613,118,1613,2,RBBB,2,RBBB,2,RBBB,1.0,0.0,0.0,1.0,0.0,0.0,0.0,0.0,0.0
3699,118_01614,118,1614,2,RBBB,2,RBBB,2,RBBB,1.0,0.0,0.0,1.0,0.0,0.0,0.0,0.0,0.0
3700,118_01615,118,1615,2,RBBB,2,RBBB,2,RBBB,1.0,0.0,0.0,1.0,0.0,0.0,0.0,0.0,0.0
3701,118_01616,118,1616,2,RBBB,2,RBBB,2,RBBB,1.0,0.0,0.0,1.0,0.0,0.0,0.0,0.0,0.0
3702,118_01617,118,1617,2,RBBB,2,RBBB,2,RBBB,1.0,0.0,0.0,1.0,0.0,0.0,0.0,0.0,0.0
3703,118_01618,118,1618,2,RBBB,2,RBBB,2,RBBB,1.0,0.0,0.0,1.0,0.0,0.0,0.0,0.0,0.0
3704,118_01619,118,1619,2,RBBB,2,RBBB,2,RBBB,1.0,0.0,0.0,1.0,0.0,0.0,0.0,0.0,0.0
3705,118_01620,118,1620,2,RBBB,2,RBBB,2,RBBB,1.0,0.0,0.0,1.0,0.0,0.0,0.0,0.0,0.0
3706,118_01621,118,1621,2,RBBB,2,RBBB,2,RBBB,1.0,0.0,0.0,1.0,0.0,0.0,0.0,0.0,0.0
3707,118_01622,118,1622,2,RBBB,2,RBBB,2,RBBB,1.0,0.0,0.0,1.0,0.0,0.0,0.0,0.0,0.0
3708,118_01623,118,1623,2,RBBB,2,RBBB,2,RBBB,1.0,0.0,0.0,1.0,0.0,0.0,0.0,0.0,0.0
3709,118_01624,118,1624,2,RBBB,2,RBBB,2,RBBB,1.0,0.0,0.0,1.0,0.0,0.0,0.0,0.0,0.0
3710,118_01625,118,1625,2,RBBB,2,RBBB,2,RBBB,1.0,0.0,0.0,1.0,0.0,0.0,0.0,0.0,0.0
3711,118_01626,118,1626,2,RBBB,2,RBBB,2,RBBB,1.0,0.0,0.0,1.0,0.0,0.0,0.0,0.0,0.0
3712,118_01627,118,1627,2,RBBB,2,RBBB,2,RBBB,1.0,0.0,0.0,1.0,0.0,0.0,0.0,0.0,0.0
3713,118_01628,118,1628,2,RBBB,2,RBBB,2,RBBB,1.0,0.0,0.0,1.0,0.0,0.0,0.0,0.0,0.0
3714,118_01629,118,1629,2,RBBB,2,RBBB,2,RBBB,1.0,0.0,0.0,1.0,0.0,0.0,0.0,0.0,0.0
3715,118_01630,118,1630,2,RBBB,2,RBBB,2,RBBB,1.0,0.0,0.0,1.0,0.0,0.0,0.0,0.0,0.0
3716,118_01631,118,1631,2,RBBB,2,RBBB,2,RBBB,1.0,0.0,0.0,1.0,0.0,0.0,0.0,0.0,0.0
3717,118_01632,118,1632,2,RBBB,2,RBBB,2,RBBB,1.0,0.0,0.0,1.0,0.0,0.0,0.0,0.0,0.0
3718,118_01633,118,1633,2,RBBB,2,RBBB,2,RBBB,1.0,0.0,0.0,1.0,0.0,0.0,0.0,0.0,0.0
3719,118_01634,118,1634,2,RBBB,2,RBBB,2,RBBB,1.0,0.0,0.0,1.0,0.0,0.0,0.0,0.0,0.0
3720,118_01635,118,1635,2,RBBB,2,RBBB,2,RBBB,1.0,0.0,0.0,1.0,0.0,0.0,0.0,0.0,0.0
3721,118_01636,118,1636,2,RBBB,2,RBBB,2,RBBB,1.0,0.0,0.0,1.0,0.0,0.0,0.0,0.0,0.0
3722,118_01637,118,1637,2,RBBB,2,RBBB,2,RBBB,1.0,0.0,0.0,1.0,0.0,0.0,0.0,0.0,0.0
3723,118_01638,118,1638,2,RBBB,2,RBBB,2,RBBB,1.0,0.0,0.0,1.0,0.0,0.0,0.0,0.0,0.0
3724,118_01639,118,1639,2,RBBB,2,RBBB,2,RBBB,1.0,0.0,0.0,1.0,0.0,0.0,0.0,0.0,0.0
3725,118_01640,118,1640,2,RBBB,2,RBBB,2,RBBB,1.0,0.0,0.0,1.0,0.0,0.0,0.0,0.0,0.0
3726,118_01641,118,1641,2,RBBB,2,RBBB,2,RBBB,1.0,0.0,0.0,1.0,0.0,0.0,0.0,0.0,0.0
3727,118_01642,118,1642,2,RBBB,2,RBBB,2,RBBB,1.0,0.0,0.0,1.0,0.0,0.0,0.0,0.0,0.0
3728,118_01643,118,1643,2,RBBB,2,RBBB,2,RBBB,1.0,0.0,0.0,1.0,0.0,0.0,0.0,0.0,0.0
3729,118_01644,118,1644,2,RBBB,2,RBBB,2,RBBB,1.0,0.0,0.0,1.0,0.0,0.0,0.0,0.0,0.0
3730,118_01645,118,1645,2,RBBB,2,RBBB,2,RBBB,1.0,0.0,0.0,1.0,0.0,0.0,0.0,0.0,0.0
3731,118_01646,118,1646,2,RBBB,2,RBBB,2,RBBB,1.0,0.0,0.0,1.0,0.0,0.0,0.0,0.0,0.0
3732,118_01647,118,1647,2,RBBB,2,RBBB,2,RBBB,1.0,0.0,0.0,1.0,0.0,0.0,0.0,0.0,0.0
3733,118_01648,118,1648,2,RBBB,2,RBBB,2,RBBB,1.0,0.0,0.0,1.0,0.0,0.0,0.0,0.0,0.0
3734,118_01649,118,1649,2,RBBB,2,RBBB,2,RBBB,1.0,0.0,0.0,1.0,0.0,0.0,0.0,0.0,0.0
3735,118_01650,118,1650,2,RBBB,2,RBBB,2,RBBB,1.0,0.0,0.0,1.0,0.0,0.0,0.0,0.0,0.0
3736,118_01651,118,1651,2,RBBB,2,RBBB,2,RBBB,1.0,0.0,0.0,1.0,0.0,0.0,0.0,0.0,0.0
3737,118_01652,118,1652,2,RBBB,2,RBBB,2,RBBB,1.0,0.0,0.0,1.0,0.0,0.0,0.0,0.0,0.0
3738,118_01653,118,1653,2,RBBB,2,RBBB,2,RBBB,1.0,0.0,0.0,1.0,0.0,0.0,0.0,0.0,0.0
3739,118_01654,118,1654,2,RBBB,2,RBBB,2,RBBB,1.0,0.0,0.0,1.0,0.0,0.0,0.0,0.0,0.0
3740,118_01655,118,1655,2,RBBB,2,RBBB,2,RBBB,1.0,0.0,0.0,1.0,0.0,0.0,0.0,0.0,0.0
3741,118_01656,118,1656,2,RBBB,2,RBBB,2,RBBB,1.0,0.0,0.0,1.0,0.0,0.0,0.0,0.0,0.0
3742,118_01657,118,1657,2,RBBB,2,RBBB,2,RBBB,1.0,0.0,0.0,1.0,0.0,0.0,0.0,0.0,0.0
3743,118_01658,118,1658,2,RBBB,2,RBBB,2,RBBB,1.0,0.0,0.0,1.0,0.0,0.0,0.0,0.0,0.0
3744,118_01659,118,1659,2,RBBB,2,RBBB,2,RBBB,1.0,0.0,0.0,1.0,0.0,0.0,0.0,0.0,0.0
3745,118_01660,118,1660,2,RBBB,2,RBBB,2,RBBB,1.0,0.0,0.0,1.0,0.0,0.0,0.0,0.0,0.0
3746,118_01661,118,1661,2,RBBB,2,RBBB,2,RBBB,1.0,0.0,0.0,1.0,0.0,0.0,0.0,0.0,0.0
3747,118_01662,118,1662,2,RBBB,2,RBBB,2,RBBB,1.0,0.0,0.0,1.0,0.0,0.0,0.0,0.0,0.0
3748,118_01663,118,1663,2,RBBB,2,RBBB,2,RBBB,1.0,0.0,0.0,1.0,0.0,0.0,0.0,0.0,0.0
3749,118_01664,118,1664,2,RBBB,2,RBBB,2,RBBB,1.0,0.0,0.0,1.0,0.0,0.0,0.0,0.0,0.0
3750,118_01665,118,1665,2,RBBB,2,RBBB,2,RBBB,1.0,0.0,0.0,1.0,0.0,0.0,0.0,0.0,0.0
3751,118_01666,118,1666,2,RBBB,2,RBBB,2,RBBB,1.0,0.0,0.0,1.0,0.0,0.0,0.0,0.0,0.0
3752,118_01667,118,1667,2,RBBB,2,RBBB,2,RBBB,1.0,0.0,0.0,1.0,0.0,0.0,0.0,0.0,0.0
3753,118_01668,118,1668,2,RBBB,2,RBBB,2,RBBB,1.0,0.0,0.0,1.0,0.0,0.0,0.0,0.0,0.0
3754,118_01669,118,1669,2,RBBB,2,RBBB,2,RBBB,1.0,0.0,0.0,1.0,0.0,0.0,0.0,0.0,0.0
3755,118_01670,118,1670,2,RBBB,2,RBBB,2,RBBB,1.0,0.0,0.0,1.0,0.0,0.0,0.0,0.0,0.0
3756,118_01671,118,1671,3,APC,2,RBBB,2,RBBB,1.0,0.0,0.0,1.0,0.0,0.0,0.0,0.0,0.0
3757,118_01672,118,1672,2,RBBB,3,APC,3,APC,1.0,0.0,0.0,0.0,1.0,0.0,0.0,0.0,0.0
3758,118_01673,118,1673,2,RBBB,2,RBBB,2,RBBB,1.0,0.0,0.0,1.0,0.0,0.0,0.0,0.0,0.0
3759,118_01674,118,1674,2,RBBB,2,RBBB,2,RBBB,1.0,0.0,0.0,1.0,0.0,0.0,0.0,0.0,0.0
3760,118_01675,118,1675,2,RBBB,2,RBBB,2,RBBB,1.0,0.0,0.0,1.0,0.0,0.0,0.0,0.0,0.0
3761,118_01676,118,1676,2,RBBB,2,RBBB,2,RBBB,1.0,0.0,0.0,1.0,0.0,0.0,0.0,0.0,0.0
3762,118_01677,118,1677,2,RBBB,2,RBBB,2,RBBB,1.0,0.0,0.0,1.0,0.0,0.0,0.0,0.0,0.0
3763,118_01678,118,1678,2,RBBB,2,RBBB,2,RBBB,1.0,0.0,0.0,1.0,0.0,0.0,0.0,0.0,0.0
3764,118_01679,118,1679,2,RBBB,2,RBBB,2,RBBB,1.0,0.0,0.0,1.0,0.0,0.0,0.0,0.0,0.0
3765,118_01680,118,1680,2,RBBB,2,RBBB,2,RBBB,1.0,0.0,0.0,1.0,0.0,0.0,0.0,0.0,0.0
3766,118_01681,118,1681,2,RBBB,2,RBBB,2,RBBB,1.0,0.0,0.0,1.0,0.0,0.0,0.0,0.0,0.0
3767,118_01682,118,1682,2,RBBB,2,RBBB,2,RBBB,1.0,0.0,0.0,1.0,0.0,0.0,0.0,0.0,0.0
3768,118_01683,118,1683,2,RBBB,2,RBBB,2,RBBB,1.0,0.0,0.0,1.0,0.0,0.0,0.0,0.0,0.0
3769,118_01684,118,1684,2,RBBB,2,RBBB,2,RBBB,1.0,0.0,0.0,1.0,0.0,0.0,0.0,0.0,0.0
3770,118_01685,118,1685,2,RBBB,2,RBBB,2,RBBB,1.0,0.0,0.0,1.0,0.0,0.0,0.0,0.0,0.0
3771,118_01686,118,1686,2,RBBB,2,RBBB,2,RBBB,1.0,0.0,0.0,1.0,0.0,0.0,0.0,0.0,0.0
3772,118_01687,118,1687,2,RBBB,2,RBBB,2,RBBB,1.0,0.0,0.0,1.0,0.0,0.0,0.0,0.0,0.0
3773,118_01688,118,1688,2,RBBB,2,RBBB,2,RBBB,1.0,0.0,0.0,1.0,0.0,0.0,0.0,0.0,0.0
3774,118_01689,118,1689,2,RBBB,2,RBBB,2,RBBB,1.0,0.0,0.0,1.0,0.0,0.0,0.0,0.0,0.0
3775,118_01690,118,1690,2,RBBB,2,RBBB,2,RBBB,1.0,0.0,0.0,1.0,0.0,0.0,0.0,0.0,0.0
3776,118_01691,118,1691,3,APC,2,RBBB,2,RBBB,1.0,0.0,0.0,1.0,0.0,0.0,0.0,0.0,0.0
3777,118_01692,118,1692,2,RBBB,3,APC,3,APC,1.0,0.0,0.0,0.0,1.0,0.0,0.0,0.0,0.0
3778,118_01693,118,1693,2,RBBB,2,RBBB,2,RBBB,1.0,0.0,0.0,1.0,0.0,0.0,0.0,0.0,0.0
3779,118_01694,118,1694,2,RBBB,2,RBBB,2,RBBB,1.0,0.0,0.0,1.0,0.0,0.0,0.0,0.0,0.0
3780,118_01695,118,1695,2,RBBB,2,RBBB,2,RBBB,1.0,0.0,0.0,1.0,0.0,0.0,0.0,0.0,0.0
3781,118_01696,118,1696,2,RBBB,2,RBBB,2,RBBB,1.0,0.0,0.0,1.0,0.0,0.0,0.0,0.0,0.0
3782,118_01697,118,1697,2,RBBB,2,RBBB,2,RBBB,1.0,0.0,0.0,1.0,0.0,0.0,0.0,0.0,0.0
3783,118_01698,118,1698,2,RBBB,2,RBBB,2,RBBB,1.0,0.0,0.0,1.0,0.0,0.0,0.0,0.0,0.0
3784,118_01699,118,1699,2,RBBB,2,RBBB,2,RBBB,1.0,0.0,0.0,1.0,0.0,0.0,0.0,0.0,0.0
3785,118_01700,118,1700,3,APC,2,RBBB,2,RBBB,1.0,0.0,0.0,1.0,0.0,0.0,0.0,0.0,0.0
3786,118_01701,118,1701,2,RBBB,3,APC,3,APC,1.0,0.0,0.0,0.0,1.0,0.0,0.0,0.0,0.0
3787,118_01702,118,1702,2,RBBB,2,RBBB,2,RBBB,1.0,0.0,0.0,1.0,0.0,0.0,0.0,0.0,0.0
3788,118_01703,118,1703,2,RBBB,2,RBBB,2,RBBB,1.0,0.0,0.0,1.0,0.0,0.0,0.0,0.0,0.0
3789,118_01704,118,1704,2,RBBB,2,RBBB,2,RBBB,1.0,0.0,0.0,1.0,0.0,0.0,0.0,0.0,0.0
3790,118_01705,118,1705,2,RBBB,2,RBBB,2,RBBB,1.0,0.0,0.0,1.0,0.0,0.0,0.0,0.0,0.0
3791,118_01706,118,1706,2,RBBB,2,RBBB,2,RBBB,1.0,0.0,0.0,1.0,0.0,0.0,0.0,0.0,0.0
3792,118_01707,118,1707,2,RBBB,2,RBBB,2,RBBB,1.0,0.0,0.0,1.0,0.0,0.0,0.0,0.0,0.0
3793,118_01708,118,1708,2,RBBB,2,RBBB,2,RBBB,1.0,0.0,0.0,1.0,0.0,0.0,0.0,0.0,0.0
3794,118_01709,118,1709,2,RBBB,2,RBBB,2,RBBB,1.0,0.0,0.0,1.0,0.0,0.0,0.0,0.0,0.0
3795,118_01710,118,1710,2,RBBB,2,RBBB,2,RBBB,1.0,0.0,0.0,1.0,0.0,0.0,0.0,0.0,0.0
3796,118_01711,118,1711,2,RBBB,2,RBBB,2,RBBB,1.0,0.0,0.0,1.0,0.0,0.0,0.0,0.0,0.0
3797,118_01712,118,1712,2,RBBB,2,RBBB,2,RBBB,1.0,0.0,0.0,1.0,0.0,0.0,0.0,0.0,0.0
3798,118_01713,118,1713,2,RBBB,2,RBBB,2,RBBB,1.0,0.0,0.0,1.0,0.0,0.0,0.0,0.0,0.0
3799,118_01714,118,1714,2,RBBB,2,RBBB,2,RBBB,1.0,0.0,0.0,1.0,0.0,0.0,0.0,0.0,0.0
3800,118_01715,118,1715,2,RBBB,2,RBBB,2,RBBB,1.0,0.0,0.0,1.0,0.0,0.0,0.0,0.0,0.0
3801,118_01716,118,1716,2,RBBB,2,RBBB,2,RBBB,1.0,0.0,0.0,1.0,0.0,0.0,0.0,0.0,0.0
3802,118_01717,118,1717,3,APC,2,RBBB,2,RBBB,1.0,0.0,0.0,1.0,0.0,0.0,0.0,0.0,0.0
3803,118_01718,118,1718,2,RBBB,3,APC,3,APC,1.0,0.0,0.0,0.0,1.0,0.0,0.0,0.0,0.0
3804,118_01719,118,1719,2,RBBB,2,RBBB,2,RBBB,1.0,0.0,0.0,1.0,0.0,0.0,0.0,0.0,0.0
3805,118_01720,118,1720,2,RBBB,2,RBBB,2,RBBB,1.0,0.0,0.0,1.0,0.0,0.0,0.0,0.0,0.0
3806,118_01721,118,1721,2,RBBB,2,RBBB,2,RBBB,1.0,0.0,0.0,1.0,0.0,0.0,0.0,0.0,0.0
3807,118_01722,118,1722,2,RBBB,2,RBBB,2,RBBB,1.0,0.0,0.0,1.0,0.0,0.0,0.0,0.0,0.0
3808,118_01723,118,1723,3,APC,2,RBBB,2,RBBB,1.0,0.0,0.0,1.0,0.0,0.0,0.0,0.0,0.0
3809,118_01724,118,1724,2,RBBB,3,APC,3,APC,1.0,0.0,0.0,0.0,1.0,0.0,0.0,0.0,0.0
3810,118_01725,118,1725,2,RBBB,2,RBBB,2,RBBB,1.0,0.0,0.0,1.0,0.0,0.0,0.0,0.0,0.0
3811,118_01726,118,1726,2,RBBB,2,RBBB,2,RBBB,1.0,0.0,0.0,1.0,0.0,0.0,0.0,0.0,0.0
3812,118_01727,118,1727,2,RBBB,2,RBBB,2,RBBB,1.0,0.0,0.0,1.0,0.0,0.0,0.0,0.0,0.0
3813,118_01728,118,1728,2,RBBB,2,RBBB,2,RBBB,1.0,0.0,0.0,1.0,0.0,0.0,0.0,0.0,0.0
3814,118_01729,118,1729,2,RBBB,2,RBBB,2,RBBB,1.0,0.0,0.0,1.0,0.0,0.0,0.0,0.0,0.0
3815,118_01730,118,1730,2,RBBB,2,RBBB,2,RBBB,1.0,0.0,0.0,1.0,0.0,0.0,0.0,0.0,0.0
3816,118_01731,118,1731,2,RBBB,2,RBBB,2,RBBB,1.0,0.0,0.0,1.0,0.0,0.0,0.0,0.0,0.0
3817,118_01732,118,1732,2,RBBB,2,RBBB,2,RBBB,1.0,0.0,0.0,1.0,0.0,0.0,0.0,0.0,0.0
3818,118_01733,118,1733,2,RBBB,2,RBBB,2,RBBB,1.0,0.0,0.0,1.0,0.0,0.0,0.0,0.0,0.0
3819,118_01734,118,1734,2,RBBB,2,RBBB,2,RBBB,1.0,0.0,0.0,1.0,0.0,0.0,0.0,0.0,0.0
3820,118_01735,118,1735,2,RBBB,2,RBBB,2,RBBB,1.0,0.0,0.0,1.0,0.0,0.0,0.0,0.0,0.0
3821,118_01736,118,1736,3,APC,2,RBBB,2,RBBB,1.0,0.0,0.0,1.0,0.0,0.0,0.0,0.0,0.0
3822,118_01737,118,1737,2,RBBB,3,APC,3,APC,1.0,0.0,0.0,0.0,1.0,0.0,0.0,0.0,0.0
3823,118_01738,118,1738,2,RBBB,2,RBBB,2,RBBB,1.0,0.0,0.0,1.0,0.0,0.0,0.0,0.0,0.0
3824,118_01739,118,1739,2,RBBB,2,RBBB,2,RBBB,1.0,0.0,0.0,1.0,0.0,0.0,0.0,0.0,0.0
3825,118_01740,118,1740,2,RBBB,2,RBBB,2,RBBB,1.0,0.0,0.0,1.0,0.0,0.0,0.0,0.0,0.0
3826,118_01741,118,1741,2,RBBB,2,RBBB,2,RBBB,1.0,0.0,0.0,1.0,0.0,0.0,0.0,0.0,0.0
3827,118_01742,118,1742,2,RBBB,2,RBBB,2,RBBB,1.0,0.0,0.0,1.0,0.0,0.0,0.0,0.0,0.0
3828,118_01743,118,1743,2,RBBB,2,RBBB,2,RBBB,1.0,0.0,0.0,1.0,0.0,0.0,0.0,0.0,0.0
3829,118_01744,118,1744,2,RBBB,2,RBBB,2,RBBB,1.0,0.0,0.0,1.0,0.0,0.0,0.0,0.0,0.0
3830,118_01745,118,1745,2,RBBB,2,RBBB,2,RBBB,1.0,0.0,0.0,1.0,0.0,0.0,0.0,0.0,0.0
3831,118_01746,118,1746,2,RBBB,2,RBBB,2,RBBB,1.0,0.0,0.0,1.0,0.0,0.0,0.0,0.0,0.0
3832,118_01747,118,1747,2,RBBB,2,RBBB,2,RBBB,1.0,0.0,0.0,1.0,0.0,0.0,0.0,0.0,0.0
3833,118_01748,118,1748,3,APC,2,RBBB,2,RBBB,1.0,0.0,0.0,1.0,0.0,0.0,0.0,0.0,0.0
3834,118_01749,118,1749,2,RBBB,3,APC,3,APC,1.0,0.0,0.0,0.0,1.0,0.0,0.0,0.0,0.0
3835,118_01750,118,1750,2,RBBB,2,RBBB,2,RBBB,1.0,0.0,0.0,1.0,0.0,0.0,0.0,0.0,0.0
3836,118_01751,118,1751,2,RBBB,2,RBBB,2,RBBB,1.0,0.0,0.0,1.0,0.0,0.0,0.0,0.0,0.0
3837,118_01752,118,1752,2,RBBB,2,RBBB,2,RBBB,1.0,0.0,0.0,1.0,0.0,0.0,0.0,0.0,0.0
3838,118_01753,118,1753,3,APC,2,RBBB,2,RBBB,1.0,0.0,0.0,1.0,0.0,0.0,0.0,0.0,0.0
3839,118_01754,118,1754,2,RBBB,3,APC,3,APC,1.0,0.0,0.0,0.0,1.0,0.0,0.0,0.0,0.0
3840,118_01755,118,1755,2,RBBB,2,RBBB,2,RBBB,1.0,0.0,0.0,1.0,0.0,0.0,0.0,0.0,0.0
3841,118_01756,118,1756,2,RBBB,2,RBBB,2,RBBB,1.0,0.0,0.0,1.0,0.0,0.0,0.0,0.0,0.0
3842,118_01757,118,1757,2,RBBB,2,RBBB,2,RBBB,1.0,0.0,0.0,1.0,0.0,0.0,0.0,0.0,0.0
3843,118_01758,118,1758,3,APC,2,RBBB,2,RBBB,1.0,0.0,0.0,1.0,0.0,0.0,0.0,0.0,0.0
3844,118_01759,118,1759,2,RBBB,3,APC,3,APC,1.0,0.0,0.0,0.0,1.0,0.0,0.0,0.0,0.0
3845,118_01760,118,1760,2,RBBB,2,RBBB,2,RBBB,1.0,0.0,0.0,1.0,0.0,0.0,0.0,0.0,0.0
3846,118_01761,118,1761,2,RBBB,2,RBBB,2,RBBB,1.0,0.0,0.0,1.0,0.0,0.0,0.0,0.0,0.0
3847,118_01762,118,1762,2,RBBB,2,RBBB,2,RBBB,1.0,0.0,0.0,1.0,0.0,0.0,0.0,0.0,0.0
3848,118_01763,118,1763,2,RBBB,2,RBBB,2,RBBB,1.0,0.0,0.0,1.0,0.0,0.0,0.0,0.0,0.0
3849,118_01764,118,1764,2,RBBB,2,RBBB,2,RBBB,1.0,0.0,0.0,1.0,0.0,0.0,0.0,0.0,0.0
3850,118_01765,118,1765,2,RBBB,2,RBBB,2,RBBB,1.0,0.0,0.0,1.0,0.0,0.0,0.0,0.0,0.0
3851,118_01766,118,1766,3,APC,2,RBBB,2,RBBB,1.0,0.0,0.0,1.0,0.0,0.0,0.0,0.0,0.0
3852,118_01767,118,1767,2,RBBB,3,APC,3,APC,1.0,0.0,0.0,0.0,1.0,0.0,0.0,0.0,0.0
3853,118_01768,118,1768,2,RBBB,2,RBBB,2,RBBB,1.0,0.0,0.0,1.0,0.0,0.0,0.0,0.0,0.0
3854,118_01769,118,1769,2,RBBB,2,RBBB,2,RBBB,1.0,0.0,0.0,1.0,0.0,0.0,0.0,0.0,0.0
3855,118_01770,118,1770,3,APC,2,RBBB,2,RBBB,1.0,0.0,0.0,1.0,0.0,0.0,0.0,0.0,0.0
3856,118_01771,118,1771,2,RBBB,3,APC,3,APC,1.0,0.0,0.0,0.0,1.0,0.0,0.0,0.0,0.0
3857,118_01772,118,1772,2,RBBB,2,RBBB,2,RBBB,1.0,0.0,0.0,1.0,0.0,0.0,0.0,0.0,0.0
3858,118_01773,118,1773,2,RBBB,2,RBBB,2,RBBB,1.0,0.0,0.0,1.0,0.0,0.0,0.0,0.0,0.0
3859,118_01774,118,1774,3,APC,2,RBBB,2,RBBB,1.0,0.0,0.0,1.0,0.0,0.0,0.0,0.0,0.0
3860,118_01775,118,1775,2,RBBB,3,APC,3,APC,1.0,0.0,0.0,0.0,1.0,0.0,0.0,0.0,0.0
3861,118_01776,118,1776,2,RBBB,2,RBBB,2,RBBB,1.0,0.0,0.0,1.0,0.0,0.0,0.0,0.0,0.0
3862,118_01777,118,1777,2,RBBB,2,RBBB,2,RBBB,1.0,0.0,0.0,1.0,0.0,0.0,0.0,0.0,0.0
3863,118_01778,118,1778,2,RBBB,2,RBBB,2,RBBB,1.0,0.0,0.0,1.0,0.0,0.0,0.0,0.0,0.0
3864,118_01779,118,1779,2,RBBB,2,RBBB,2,RBBB,1.0,0.0,0.0,1.0,0.0,0.0,0.0,0.0,0.0
3865,118_01780,118,1780,2,RBBB,2,RBBB,2,RBBB,1.0,0.0,0.0,1.0,0.0,0.0,0.0,0.0,0.0
3866,118_01781,118,1781,2,RBBB,2,RBBB,2,RBBB,1.0,0.0,0.0,1.0,0.0,0.0,0.0,0.0,0.0
3867,118_01782,118,1782,2,RBBB,2,RBBB,2,RBBB,1.0,0.0,0.0,1.0,0.0,0.0,0.0,0.0,0.0
3868,118_01783,118,1783,2,RBBB,2,RBBB,2,RBBB,1.0,0.0,0.0,1.0,0.0,0.0,0.0,0.0,0.0
3869,118_01784,118,1784,2,RBBB,2,RBBB,2,RBBB,1.0,0.0,0.0,1.0,0.0,0.0,0.0,0.0,0.0
3870,118_01785,118,1785,2,RBBB,2,RBBB,2,RBBB,1.0,0.0,0.0,1.0,0.0,0.0,0.0,0.0,0.0
3871,118_01786,118,1786,2,RBBB,2,RBBB,2,RBBB,1.0,0.0,0.0,1.0,0.0,0.0,0.0,0.0,0.0
3872,118_01787,118,1787,2,RBBB,2,RBBB,2,RBBB,1.0,0.0,0.0,1.0,0.0,0.0,0.0,0.0,0.0
3873,118_01788,118,1788,2,RBBB,2,RBBB,2,RBBB,1.0,0.0,0.0,1.0,0.0,0.0,0.0,0.0,0.0
3874,118_01789,118,1789,2,RBBB,2,RBBB,2,RBBB,1.0,0.0,0.0,1.0,0.0,0.0,0.0,0.0,0.0
3875,118_01790,118,1790,2,RBBB,2,RBBB,2,RBBB,1.0,0.0,0.0,1.0,0.0,0.0,0.0,0.0,0.0
3876,118_01791,118,1791,2,RBBB,2,RBBB,2,RBBB,1.0,0.0,0.0,1.0,0.0,0.0,0.0,0.0,0.0
3877,118_01792,118,1792,2,RBBB,2,RBBB,2,RBBB,1.0,0.0,0.0,1.0,0.0,0.0,0.0,0.0,0.0
3878,118_01793,118,1793,2,RBBB,2,RBBB,2,RBBB,1.0,0.0,0.0,1.0,0.0,0.0,0.0,0.0,0.0
3879,118_01794,118,1794,2,RBBB,2,RBBB,2,RBBB,1.0,0.0,0.0,1.0,0.0,0.0,0.0,0.0,0.0
3880,118_01795,118,1795,2,RBBB,2,RBBB,2,RBBB,1.0,0.0,0.0,1.0,0.0,0.0,0.0,0.0,0.0
3881,118_01796,118,1796,2,RBBB,2,RBBB,2,RBBB,1.0,0.0,0.0,1.0,0.0,0.0,0.0,0.0,0.0
3882,118_01797,118,1797,2,RBBB,2,RBBB,2,RBBB,1.0,0.0,0.0,1.0,0.0,0.0,0.0,0.0,0.0
3883,118_01798,118,1798,2,RBBB,2,RBBB,2,RBBB,1.0,0.0,0.0,1.0,0.0,0.0,0.0,0.0,0.0
3884,118_01799,118,1799,2,RBBB,2,RBBB,2,RBBB,1.0,0.0,0.0,1.0,0.0,0.0,0.0,0.0,0.0
3885,118_01800,118,1800,2,RBBB,2,RBBB,2,RBBB,1.0,0.0,0.0,1.0,0.0,0.0,0.0,0.0,0.0
3886,118_01801,118,1801,2,RBBB,2,RBBB,2,RBBB,1.0,0.0,0.0,1.0,0.0,0.0,0.0,0.0,0.0
3887,118_01802,118,1802,2,RBBB,2,RBBB,2,RBBB,1.0,0.0,0.0,1.0,0.0,0.0,0.0,0.0,0.0
3888,118_01803,118,1803,2,RBBB,2,RBBB,2,RBBB,1.0,0.0,0.0,1.0,0.0,0.0,0.0,0.0,0.0
3889,118_01804,118,1804,2,RBBB,2,RBBB,2,RBBB,1.0,0.0,0.0,1.0,0.0,0.0,0.0,0.0,0.0
3890,118_01805,118,1805,2,RBBB,2,RBBB,2,RBBB,1.0,0.0,0.0,1.0,0.0,0.0,0.0,0.0,0.0
3891,118_01806,118,1806,2,RBBB,2,RBBB,2,RBBB,1.0,0.0,0.0,1.0,0.0,0.0,0.0,0.0,0.0
3892,118_01807,118,1807,2,RBBB,2,RBBB,2,RBBB,1.0,0.0,0.0,1.0,0.0,0.0,0.0,0.0,0.0
3893,118_01808,118,1808,2,RBBB,2,RBBB,2,RBBB,1.0,0.0,0.0,1.0,0.0,0.0,0.0,0.0,0.0
3894,118_01809,118,1809,2,RBBB,2,RBBB,2,RBBB,1.0,0.0,0.0,1.0,0.0,0.0,0.0,0.0,0.0
3895,118_01810,118,1810,2,RBBB,2,RBBB,2,RBBB,1.0,0.0,0.0,1.0,0.0,0.0,0.0,0.0,0.0
3896,118_01811,118,1811,2,RBBB,2,RBBB,2,RBBB,1.0,0.0,0.0,1.0,0.0,0.0,0.0,0.0,0.0
3897,118_01812,118,1812,2,RBBB,2,RBBB,2,RBBB,1.0,0.0,0.0,1.0,0.0,0.0,0.0,0.0,0.0
3898,118_01813,118,1813,2,RBBB,2,RBBB,2,RBBB,1.0,0.0,0.0,1.0,0.0,0.0,0.0,0.0,0.0
3899,118_01814,118,1814,2,RBBB,2,RBBB,2,RBBB,1.0,0.0,0.0,1.0,0.0,0.0,0.0,0.0,0.0
3900,118_01815,118,1815,2,RBBB,2,RBBB,2,RBBB,1.0,0.0,0.0,1.0,0.0,0.0,0.0,0.0,0.0
3901,118_01816,118,1816,2,RBBB,2,RBBB,2,RBBB,1.0,0.0,0.0,1.0,0.0,0.0,0.0,0.0,0.0
3902,118_01817,118,1817,2,RBBB,2,RBBB,2,RBBB,1.0,0.0,0.0,1.0,0.0,0.0,0.0,0.0,0.0
3903,118_01818,118,1818,2,RBBB,2,RBBB,2,RBBB,1.0,0.0,0.0,1.0,0.0,0.0,0.0,0.0,0.0
3904,118_01819,118,1819,2,RBBB,2,RBBB,2,RBBB,1.0,0.0,0.0,1.0,0.0,0.0,0.0,0.0,0.0
3905,118_01820,118,1820,2,RBBB,2,RBBB,2,RBBB,1.0,0.0,0.0,1.0,0.0,0.0,0.0,0.0,0.0
3906,118_01821,118,1821,2,RBBB,2,RBBB,2,RBBB,1.0,0.0,0.0,1.0,0.0,0.0,0.0,0.0,0.0
3907,118_01822,118,1822,2,RBBB,2,RBBB,2,RBBB,1.0,0.0,0.0,1.0,0.0,0.0,0.0,0.0,0.0
3908,118_01823,118,1823,2,RBBB,2,RBBB,2,RBBB,1.0,0.0,0.0,1.0,0.0,0.0,0.0,0.0,0.0
3909,118_01824,118,1824,2,RBBB,2,RBBB,2,RBBB,1.0,0.0,0.0,1.0,0.0,0.0,0.0,0.0,0.0
3910,118_01825,118,1825,2,RBBB,2,RBBB,2,RBBB,1.0,0.0,0.0,1.0,0.0,0.0,0.0,0.0,0.0
3911,118_01826,118,1826,2,RBBB,2,RBBB,2,RBBB,1.0,0.0,0.0,1.0,0.0,0.0,0.0,0.0,0.0
3912,118_01827,118,1827,2,RBBB,2,RBBB,2,RBBB,1.0,0.0,0.0,1.0,0.0,0.0,0.0,0.0,0.0
3913,118_01828,118,1828,2,RBBB,2,RBBB,2,RBBB,1.0,0.0,0.0,1.0,0.0,0.0,0.0,0.0,0.0
3914,118_01829,118,1829,2,RBBB,2,RBBB,2,RBBB,1.0,0.0,0.0,1.0,0.0,0.0,0.0,0.0,0.0
3915,118_01830,118,1830,2,RBBB,2,RBBB,2,RBBB,1.0,0.0,0.0,1.0,0.0,0.0,0.0,0.0,0.0
3916,118_01831,118,1831,2,RBBB,2,RBBB,2,RBBB,1.0,0.0,0.0,1.0,0.0,0.0,0.0,0.0,0.0
3917,118_01832,118,1832,2,RBBB,2,RBBB,2,RBBB,1.0,0.0,0.0,1.0,0.0,0.0,0.0,0.0,0.0
3918,118_01833,118,1833,2,RBBB,2,RBBB,2,RBBB,1.0,0.0,0.0,1.0,0.0,0.0,0.0,0.0,0.0
3919,118_01834,118,1834,2,RBBB,2,RBBB,2,RBBB,1.0,0.0,0.0,1.0,0.0,0.0,0.0,0.0,0.0
3920,118_01835,118,1835,2,RBBB,2,RBBB,2,RBBB,1.0,0.0,0.0,1.0,0.0,0.0,0.0,0.0,0.0
3921,118_01836,118,1836,2,RBBB,2,RBBB,2,RBBB,1.0,0.0,0.0,1.0,0.0,0.0,0.0,0.0,0.0
3922,118_01837,118,1837,2,RBBB,2,RBBB,2,RBBB,1.0,0.0,0.0,1.0,0.0,0.0,0.0,0.0,0.0
3923,118_01838,118,1838,2,RBBB,2,RBBB,2,RBBB,1.0,0.0,0.0,1.0,0.0,0.0,0.0,0.0,0.0
3924,118_01839,118,1839,2,RBBB,2,RBBB,2,RBBB,1.0,0.0,0.0,1.0,0.0,0.0,0.0,0.0,0.0
3925,118_01840,118,1840,2,RBBB,2,RBBB,2,RBBB,1.0,0.0,0.0,1.0,0.0,0.0,0.0,0.0,0.0
3926,118_01841,118,1841,2,RBBB,2,RBBB,2,RBBB,1.0,0.0,0.0,1.0,0.0,0.0,0.0,0.0,0.0
3927,118_01842,118,1842,2,RBBB,2,RBBB,2,RBBB,1.0,0.0,0.0,1.0,0.0,0.0,0.0,0.0,0.0
3928,118_01843,118,1843,2,RBBB,2,RBBB,2,RBBB,1.0,0.0,0.0,1.0,0.0,0.0,0.0,0.0,0.0
3929,118_01844,118,1844,2,RBBB,2,RBBB,2,RBBB,1.0,0.0,0.0,1.0,0.0,0.0,0.0,0.0,0.0
3930,118_01845,118,1845,2,RBBB,2,RBBB,2,RBBB,1.0,0.0,0.0,1.0,0.0,0.0,0.0,0.0,0.0
3931,118_01846,118,1846,2,RBBB,2,RBBB,2,RBBB,1.0,0.0,0.0,1.0,0.0,0.0,0.0,0.0,0.0
3932,118_01847,118,1847,2,RBBB,2,RBBB,2,RBBB,1.0,0.0,0.0,1.0,0.0,0.0,0.0,0.0,0.0
3933,118_01848,118,1848,2,RBBB,2,RBBB,2,RBBB,1.0,0.0,0.0,1.0,0.0,0.0,0.0,0.0,0.0
3934,118_01849,118,1849,2,RBBB,2,RBBB,2,RBBB,1.0,0.0,0.0,1.0,0.0,0.0,0.0,0.0,0.0
3935,118_01850,118,1850,2,RBBB,2,RBBB,2,RBBB,1.0,0.0,0.0,1.0,0.0,0.0,0.0,0.0,0.0
3936,118_01851,118,1851,2,RBBB,2,RBBB,2,RBBB,1.0,0.0,0.0,1.0,0.0,0.0,0.0,0.0,0.0
3937,118_01852,118,1852,2,RBBB,2,RBBB,2,RBBB,1.0,0.0,0.0,1.0,0.0,0.0,0.0,0.0,0.0
3938,118_01853,118,1853,2,RBBB,2,RBBB,2,RBBB,1.0,0.0,0.0,1.0,0.0,0.0,0.0,0.0,0.0
3939,118_01854,118,1854,2,RBBB,2,RBBB,2,RBBB,1.0,0.0,0.0,1.0,0.0,0.0,0.0,0.0,0.0
3940,118_01855,118,1855,2,RBBB,2,RBBB,2,RBBB,1.0,0.0,0.0,1.0,0.0,0.0,0.0,0.0,0.0
3941,118_01856,118,1856,2,RBBB,2,RBBB,2,RBBB,1.0,0.0,0.0,1.0,0.0,0.0,0.0,0.0,0.0
3942,118_01857,118,1857,2,RBBB,2,RBBB,2,RBBB,1.0,0.0,0.0,1.0,0.0,0.0,0.0,0.0,0.0
3943,118_01858,118,1858,2,RBBB,2,RBBB,2,RBBB,1.0,0.0,0.0,1.0,0.0,0.0,0.0,0.0,0.0
3944,118_01859,118,1859,2,RBBB,2,RBBB,2,RBBB,1.0,0.0,0.0,1.0,0.0,0.0,0.0,0.0,0.0
3945,118_01860,118,1860,2,RBBB,2,RBBB,2,RBBB,1.0,0.0,0.0,1.0,0.0,0.0,0.0,0.0,0.0
3946,118_01861,118,1861,2,RBBB,2,RBBB,2,RBBB,1.0,0.0,0.0,1.0,0.0,0.0,0.0,0.0,0.0
3947,118_01862,118,1862,2,RBBB,2,RBBB,2,RBBB,1.0,0.0,0.0,1.0,0.0,0.0,0.0,0.0,0.0
3948,118_01863,118,1863,2,RBBB,2,RBBB,2,RBBB,1.0,0.0,0.0,1.0,0.0,0.0,0.0,0.0,0.0
3949,118_01864,118,1864,2,RBBB,2,RBBB,2,RBBB,1.0,0.0,0.0,1.0,0.0,0.0,0.0,0.0,0.0
3950,118_01865,118,1865,2,RBBB,2,RBBB,2,RBBB,1.0,0.0,0.0,1.0,0.0,0.0,0.0,0.0,0.0
3951,118_01866,118,1866,2,RBBB,2,RBBB,2,RBBB,1.0,0.0,0.0,1.0,0.0,0.0,0.0,0.0,0.0
3952,118_01867,118,1867,2,RBBB,2,RBBB,2,RBBB,1.0,0.0,0.0,1.0,0.0,0.0,0.0,0.0,0.0
3953,118_01868,118,1868,2,RBBB,2,RBBB,2,RBBB,1.0,0.0,0.0,1.0,0.0,0.0,0.0,0.0,0.0
3954,118_01869,118,1869,2,RBBB,2,RBBB,2,RBBB,1.0,0.0,0.0,1.0,0.0,0.0,0.0,0.0,0.0
3955,118_01870,118,1870,2,RBBB,2,RBBB,2,RBBB,1.0,0.0,0.0,1.0,0.0,0.0,0.0,0.0,0.0
3956,118_01871,118,1871,2,RBBB,2,RBBB,2,RBBB,1.0,0.0,0.0,1.0,0.0,0.0,0.0,0.0,0.0
3957,118_01872,118,1872,2,RBBB,2,RBBB,2,RBBB,1.0,0.0,0.0,1.0,0.0,0.0,0.0,0.0,0.0
3958,118_01873,118,1873,2,RBBB,2,RBBB,2,RBBB,1.0,0.0,0.0,1.0,0.0,0.0,0.0,0.0,0.0
3959,118_01874,118,1874,2,RBBB,2,RBBB,2,RBBB,1.0,0.0,0.0,1.0,0.0,0.0,0.0,0.0,0.0
3960,118_01875,118,1875,2,RBBB,2,RBBB,2,RBBB,1.0,0.0,0.0,1.0,0.0,0.0,0.0,0.0,0.0
3961,118_01876,118,1876,2,RBBB,2,RBBB,2,RBBB,1.0,0.0,0.0,1.0,0.0,0.0,0.0,0.0,0.0
3962,118_01877,118,1877,2,RBBB,2,RBBB,2,RBBB,1.0,0.0,0.0,1.0,0.0,0.0,0.0,0.0,0.0
3963,118_01878,118,1878,2,RBBB,2,RBBB,2,RBBB,1.0,0.0,0.0,1.0,0.0,0.0,0.0,0.0,0.0
3964,118_01879,118,1879,2,RBBB,2,RBBB,2,RBBB,1.0,0.0,0.0,1.0,0.0,0.0,0.0,0.0,0.0
3965,118_01880,118,1880,2,RBBB,2,RBBB,2,RBBB,1.0,0.0,0.0,1.0,0.0,0.0,0.0,0.0,0.0
3966,118_01881,118,1881,2,RBBB,2,RBBB,2,RBBB,1.0,0.0,0.0,1.0,0.0,0.0,0.0,0.0,0.0
3967,118_01882,118,1882,2,RBBB,2,RBBB,2,RBBB,1.0,0.0,0.0,1.0,0.0,0.0,0.0,0.0,0.0
3968,118_01883,118,1883,2,RBBB,2,RBBB,2,RBBB,1.0,0.0,0.0,1.0,0.0,0.0,0.0,0.0,0.0
3969,118_01884,118,1884,2,RBBB,2,RBBB,2,RBBB,1.0,0.0,0.0,1.0,0.0,0.0,0.0,0.0,0.0
3970,118_01885,118,1885,2,RBBB,2,RBBB,2,RBBB,1.0,0.0,0.0,1.0,0.0,0.0,0.0,0.0,0.0
3971,118_01886,118,1886,2,RBBB,2,RBBB,2,RBBB,1.0,0.0,0.0,1.0,0.0,0.0,0.0,0.0,0.0
3972,118_01887,118,1887,3,APC,2,RBBB,2,RBBB,1.0,0.0,0.0,1.0,0.0,0.0,0.0,0.0,0.0
3973,118_01888,118,1888,2,RBBB,3,APC,3,APC,1.0,0.0,0.0,0.0,1.0,0.0,0.0,0.0,0.0
3974,118_01889,118,1889,2,RBBB,2,RBBB,2,RBBB,1.0,0.0,0.0,1.0,0.0,0.0,0.0,0.0,0.0
3975,118_01890,118,1890,2,RBBB,2,RBBB,2,RBBB,1.0,0.0,0.0,1.0,0.0,0.0,0.0,0.0,0.0
3976,118_01891,118,1891,2,RBBB,2,RBBB,2,RBBB,1.0,0.0,0.0,1.0,0.0,0.0,0.0,0.0,0.0
3977,118_01892,118,1892,2,RBBB,2,RBBB,2,RBBB,1.0,0.0,0.0,1.0,0.0,0.0,0.0,0.0,0.0
3978,118_01893,118,1893,2,RBBB,2,RBBB,2,RBBB,1.0,0.0,0.0,1.0,0.0,0.0,0.0,0.0,0.0
3979,118_01894,118,1894,2,RBBB,2,RBBB,2,RBBB,1.0,0.0,0.0,1.0,0.0,0.0,0.0,0.0,0.0
3980,118_01895,118,1895,2,RBBB,2,RBBB,2,RBBB,1.0,0.0,0.0,1.0,0.0,0.0,0.0,0.0,0.0
3981,118_01896,118,1896,2,RBBB,2,RBBB,2,RBBB,1.0,0.0,0.0,1.0,0.0,0.0,0.0,0.0,0.0
3982,118_01897,118,1897,2,RBBB,2,RBBB,2,RBBB,1.0,0.0,0.0,1.0,0.0,0.0,0.0,0.0,0.0
3983,118_01898,118,1898,2,RBBB,2,RBBB,2,RBBB,1.0,0.0,0.0,1.0,0.0,0.0,0.0,0.0,0.0
3984,118_01899,118,1899,2,RBBB,2,RBBB,2,RBBB,1.0,0.0,0.0,1.0,0.0,0.0,0.0,0.0,0.0
3985,118_01900,118,1900,2,RBBB,2,RBBB,2,RBBB,1.0,0.0,0.0,1.0,0.0,0.0,0.0,0.0,0.0
3986,118_01901,118,1901,2,RBBB,2,RBBB,2,RBBB,1.0,0.0,0.0,1.0,0.0,0.0,0.0,0.0,0.0
3987,118_01902,118,1902,2,RBBB,2,RBBB,2,RBBB,1.0,0.0,0.0,1.0,0.0,0.0,0.0,0.0,0.0
3988,118_01903,118,1903,2,RBBB,2,RBBB,2,RBBB,1.0,0.0,0.0,1.0,0.0,0.0,0.0,0.0,0.0
3989,118_01904,118,1904,2,RBBB,2,RBBB,2,RBBB,1.0,0.0,0.0,1.0,0.0,0.0,0.0,0.0,0.0
3990,118_01905,118,1905,2,RBBB,2,RBBB,2,RBBB,1.0,0.0,0.0,1.0,0.0,0.0,0.0,0.0,0.0
3991,118_01906,118,1906,2,RBBB,2,RBBB,2,RBBB,1.0,0.0,0.0,1.0,0.0,0.0,0.0,0.0,0.0
3992,118_01907,118,1907,2,RBBB,2,RBBB,2,RBBB,1.0,0.0,0.0,1.0,0.0,0.0,0.0,0.0,0.0
3993,118_01908,118,1908,2,RBBB,2,RBBB,2,RBBB,1.0,0.0,0.0,1.0,0.0,0.0,0.0,0.0,0.0
3994,118_01909,118,1909,2,RBBB,2,RBBB,2,RBBB,1.0,0.0,0.0,1.0,0.0,0.0,0.0,0.0,0.0
3995,118_01910,118,1910,3,APC,2,RBBB,2,RBBB,1.0,0.0,0.0,1.0,0.0,0.0,0.0,0.0,0.0
3996,118_01911,118,1911,2,RBBB,3,APC,3,APC,1.0,0.0,0.0,0.0,1.0,0.0,0.0,0.0,0.0
3997,118_01912,118,1912,2,RBBB,2,RBBB,2,RBBB,1.0,0.0,0.0,1.0,0.0,0.0,0.0,0.0,0.0
3998,118_01913,118,1913,2,RBBB,2,RBBB,2,RBBB,1.0,0.0,0.0,1.0,0.0,0.0,0.0,0.0,0.0
3999,118_01914,118,1914,2,RBBB,2,RBBB,2,RBBB,1.0,0.0,0.0,1.0,0.0,0.0,0.0,0.0,0.0
4000,118_01915,118,1915,2,RBBB,2,RBBB,2,RBBB,1.0,0.0,0.0,1.0,0.0,0.0,0.0,0.0,0.0
4001,118_01916,118,1916,2,RBBB,2,RBBB,2,RBBB,1.0,0.0,0.0,1.0,0.0,0.0,0.0,0.0,0.0
4002,118_01917,118,1917,2,RBBB,2,RBBB,2,RBBB,1.0,0.0,0.0,1.0,0.0,0.0,0.0,0.0,0.0
4003,118_01918,118,1918,2,RBBB,2,RBBB,2,RBBB,1.0,0.0,0.0,1.0,0.0,0.0,0.0,0.0,0.0
4004,118_01919,118,1919,2,RBBB,2,RBBB,2,RBBB,1.0,0.0,0.0,1.0,0.0,0.0,0.0,0.0,0.0
4005,118_01920,118,1920,2,RBBB,2,RBBB,2,RBBB,1.0,0.0,0.0,1.0,0.0,0.0,0.0,0.0,0.0
4006,118_01921,118,1921,2,RBBB,2,RBBB,2,RBBB,1.0,0.0,0.0,1.0,0.0,0.0,0.0,0.0,0.0
4007,118_01922,118,1922,2,RBBB,2,RBBB,2,RBBB,1.0,0.0,0.0,1.0,0.0,0.0,0.0,0.0,0.0
4008,118_01923,118,1923,2,RBBB,2,RBBB,2,RBBB,1.0,0.0,0.0,1.0,0.0,0.0,0.0,0.0,0.0
4009,118_01924,118,1924,2,RBBB,2,RBBB,2,RBBB,1.0,0.0,0.0,1.0,0.0,0.0,0.0,0.0,0.0
4010,118_01925,118,1925,2,RBBB,2,RBBB,2,RBBB,1.0,0.0,0.0,1.0,0.0,0.0,0.0,0.0,0.0
4011,118_01926,118,1926,2,RBBB,2,RBBB,2,RBBB,1.0,0.0,0.0,1.0,0.0,0.0,0.0,0.0,0.0
4012,118_01927,118,1927,2,RBBB,2,RBBB,2,RBBB,1.0,0.0,0.0,1.0,0.0,0.0,0.0,0.0,0.0
4013,118_01928,118,1928,2,RBBB,2,RBBB,2,RBBB,1.0,0.0,0.0,1.0,0.0,0.0,0.0,0.0,0.0
4014,118_01929,118,1929,2,RBBB,2,RBBB,2,RBBB,1.0,0.0,0.0,1.0,0.0,0.0,0.0,0.0,0.0
4015,118_01930,118,1930,2,RBBB,2,RBBB,2,RBBB,1.0,0.0,0.0,1.0,0.0,0.0,0.0,0.0,0.0
4016,118_01931,118,1931,2,RBBB,2,RBBB,2,RBBB,1.0,0.0,0.0,1.0,0.0,0.0,0.0,0.0,0.0
4017,118_01932,118,1932,2,RBBB,2,RBBB,2,RBBB,1.0,0.0,0.0,1.0,0.0,0.0,0.0,0.0,0.0
4018,118_01933,118,1933,3,APC,2,RBBB,2,RBBB,1.0,0.0,0.0,1.0,0.0,0.0,0.0,0.0,0.0
4019,118_01934,118,1934,2,RBBB,3,APC,3,APC,1.0,0.0,0.0,0.0,1.0,0.0,0.0,0.0,0.0
4020,118_01935,118,1935,2,RBBB,2,RBBB,2,RBBB,1.0,0.0,0.0,1.0,0.0,0.0,0.0,0.0,0.0
4021,118_01936,118,1936,2,RBBB,2,RBBB,2,RBBB,1.0,0.0,0.0,1.0,0.0,0.0,0.0,0.0,0.0
4022,118_01937,118,1937,2,RBBB,2,RBBB,2,RBBB,1.0,0.0,0.0,1.0,0.0,0.0,0.0,0.0,0.0
4023,118_01938,118,1938,2,RBBB,2,RBBB,2,RBBB,1.0,0.0,0.0,1.0,0.0,0.0,0.0,0.0,0.0
4024,118_01939,118,1939,2,RBBB,2,RBBB,2,RBBB,1.0,0.0,0.0,1.0,0.0,0.0,0.0,0.0,0.0
4025,118_01940,118,1940,2,RBBB,2,RBBB,2,RBBB,1.0,0.0,0.0,1.0,0.0,0.0,0.0,0.0,0.0
4026,118_01941,118,1941,2,RBBB,2,RBBB,2,RBBB,1.0,0.0,0.0,1.0,0.0,0.0,0.0,0.0,0.0
4027,118_01942,118,1942,2,RBBB,2,RBBB,2,RBBB,1.0,0.0,0.0,1.0,0.0,0.0,0.0,0.0,0.0
4028,118_01943,118,1943,2,RBBB,2,RBBB,2,RBBB,1.0,0.0,0.0,1.0,0.0,0.0,0.0,0.0,0.0
4029,118_01944,118,1944,2,RBBB,2,RBBB,2,RBBB,1.0,0.0,0.0,1.0,0.0,0.0,0.0,0.0,0.0
4030,118_01945,118,1945,2,RBBB,2,RBBB,2,RBBB,1.0,0.0,0.0,1.0,0.0,0.0,0.0,0.0,0.0
4031,118_01946,118,1946,2,RBBB,2,RBBB,2,RBBB,1.0,0.0,0.0,1.0,0.0,0.0,0.0,0.0,0.0
4032,118_01947,118,1947,2,RBBB,2,RBBB,2,RBBB,1.0,0.0,0.0,1.0,0.0,0.0,0.0,0.0,0.0
4033,118_01948,118,1948,2,RBBB,2,RBBB,2,RBBB,1.0,0.0,0.0,1.0,0.0,0.0,0.0,0.0,0.0
4034,118_01949,118,1949,2,RBBB,2,RBBB,2,RBBB,1.0,0.0,0.0,1.0,0.0,0.0,0.0,0.0,0.0
4035,118_01950,118,1950,2,RBBB,2,RBBB,2,RBBB,1.0,0.0,0.0,1.0,0.0,0.0,0.0,0.0,0.0
4036,118_01951,118,1951,2,RBBB,2,RBBB,2,RBBB,1.0,0.0,0.0,1.0,0.0,0.0,0.0,0.0,0.0
4037,118_01952,118,1952,2,RBBB,2,RBBB,2,RBBB,1.0,0.0,0.0,1.0,0.0,0.0,0.0,0.0,0.0
4038,118_01953,118,1953,2,RBBB,2,RBBB,2,RBBB,1.0,0.0,0.0,1.0,0.0,0.0,0.0,0.0,0.0
4039,118_01954,118,1954,2,RBBB,2,RBBB,2,RBBB,1.0,0.0,0.0,1.0,0.0,0.0,0.0,0.0,0.0
4040,118_01955,118,1955,2,RBBB,2,RBBB,2,RBBB,1.0,0.0,0.0,1.0,0.0,0.0,0.0,0.0,0.0
4041,118_01956,118,1956,2,RBBB,2,RBBB,2,RBBB,1.0,0.0,0.0,1.0,0.0,0.0,0.0,0.0,0.0
4042,118_01957,118,1957,2,RBBB,2,RBBB,2,RBBB,1.0,0.0,0.0,1.0,0.0,0.0,0.0,0.0,0.0
4043,118_01958,118,1958,2,RBBB,2,RBBB,2,RBBB,1.0,0.0,0.0,1.0,0.0,0.0,0.0,0.0,0.0
4044,118_01959,118,1959,2,RBBB,2,RBBB,2,RBBB,1.0,0.0,0.0,1.0,0.0,0.0,0.0,0.0,0.0
4045,118_01960,118,1960,2,RBBB,2,RBBB,2,RBBB,1.0,0.0,0.0,1.0,0.0,0.0,0.0,0.0,0.0
4046,118_01961,118,1961,2,RBBB,2,RBBB,2,RBBB,1.0,0.0,0.0,1.0,0.0,0.0,0.0,0.0,0.0
4047,118_01962,118,1962,2,RBBB,2,RBBB,2,RBBB,1.0,0.0,0.0,1.0,0.0,0.0,0.0,0.0,0.0
4048,118_01963,118,1963,2,RBBB,2,RBBB,2,RBBB,1.0,0.0,0.0,1.0,0.0,0.0,0.0,0.0,0.0
4049,118_01964,118,1964,2,RBBB,2,RBBB,2,RBBB,1.0,0.0,0.0,1.0,0.0,0.0,0.0,0.0,0.0
4050,118_01965,118,1965,2,RBBB,2,RBBB,2,RBBB,1.0,0.0,0.0,1.0,0.0,0.0,0.0,0.0,0.0
4051,118_01966,118,1966,2,RBBB,2,RBBB,2,RBBB,1.0,0.0,0.0,1.0,0.0,0.0,0.0,0.0,0.0
4052,118_01967,118,1967,2,RBBB,2,RBBB,2,RBBB,1.0,0.0,0.0,1.0,0.0,0.0,0.0,0.0,0.0
4053,118_01968,118,1968,2,RBBB,2,RBBB,2,RBBB,1.0,0.0,0.0,1.0,0.0,0.0,0.0,0.0,0.0
4054,118_01969,118,1969,2,RBBB,2,RBBB,2,RBBB,1.0,0.0,0.0,1.0,0.0,0.0,0.0,0.0,0.0
4055,118_01970,118,1970,2,RBBB,2,RBBB,2,RBBB,1.0,0.0,0.0,1.0,0.0,0.0,0.0,0.0,0.0
4056,118_01971,118,1971,2,RBBB,2,RBBB,2,RBBB,1.0,0.0,0.0,1.0,0.0,0.0,0.0,0.0,0.0
4057,118_01972,118,1972,2,RBBB,2,RBBB,2,RBBB,1.0,0.0,0.0,1.0,0.0,0.0,0.0,0.0,0.0
4058,118_01973,118,1973,2,RBBB,2,RBBB,2,RBBB,1.0,0.0,0.0,1.0,0.0,0.0,0.0,0.0,0.0
4059,118_01974,118,1974,2,RBBB,2,RBBB,2,RBBB,1.0,0.0,0.0,1.0,0.0,0.0,0.0,0.0,0.0
4060,118_01975,118,1975,2,RBBB,2,RBBB,2,RBBB,1.0,0.0,0.0,1.0,0.0,0.0,0.0,0.0,0.0
4061,118_01976,118,1976,2,RBBB,2,RBBB,2,RBBB,1.0,0.0,0.0,1.0,0.0,0.0,0.0,0.0,0.0
4062,118_01977,118,1977,2,RBBB,2,RBBB,2,RBBB,1.0,0.0,0.0,1.0,0.0,0.0,0.0,0.0,0.0
4063,118_01978,118,1978,2,RBBB,2,RBBB,2,RBBB,1.0,0.0,0.0,1.0,0.0,0.0,0.0,0.0,0.0
4064,118_01979,118,1979,2,RBBB,2,RBBB,2,RBBB,1.0,0.0,0.0,1.0,0.0,0.0,0.0,0.0,0.0
4065,118_01980,118,1980,2,RBBB,2,RBBB,2,RBBB,1.0,0.0,0.0,1.0,0.0,0.0,0.0,0.0,0.0
4066,118_01981,118,1981,2,RBBB,2,RBBB,2,RBBB,1.0,0.0,0.0,1.0,0.0,0.0,0.0,0.0,0.0
4067,118_01982,118,1982,2,RBBB,2,RBBB,2,RBBB,1.0,0.0,0.0,1.0,0.0,0.0,0.0,0.0,0.0
4068,118_01983,118,1983,2,RBBB,2,RBBB,2,RBBB,1.0,0.0,0.0,1.0,0.0,0.0,0.0,0.0,0.0
4069,118_01984,118,1984,2,RBBB,2,RBBB,2,RBBB,1.0,0.0,0.0,1.0,0.0,0.0,0.0,0.0,0.0
4070,118_01985,118,1985,2,RBBB,2,RBBB,2,RBBB,1.0,0.0,0.0,1.0,0.0,0.0,0.0,0.0,0.0
4071,118_01986,118,1986,2,RBBB,2,RBBB,2,RBBB,1.0,0.0,0.0,1.0,0.0,0.0,0.0,0.0,0.0
4072,118_01987,118,1987,2,RBBB,2,RBBB,2,RBBB,1.0,0.0,0.0,1.0,0.0,0.0,0.0,0.0,0.0
4073,118_01988,118,1988,2,RBBB,2,RBBB,2,RBBB,1.0,0.0,0.0,1.0,0.0,0.0,0.0,0.0,0.0
4074,118_01989,118,1989,2,RBBB,2,RBBB,2,RBBB,1.0,0.0,0.0,1.0,0.0,0.0,0.0,0.0,0.0
4075,118_01990,118,1990,2,RBBB,2,RBBB,2,RBBB,1.0,0.0,0.0,1.0,0.0,0.0,0.0,0.0,0.0
4076,118_01991,118,1991,3,APC,2,RBBB,2,RBBB,1.0,0.0,0.0,1.0,0.0,0.0,0.0,0.0,0.0
4077,118_01992,118,1992,2,RBBB,3,APC,3,APC,1.0,0.0,0.0,0.0,1.0,0.0,0.0,0.0,0.0
4078,118_01993,118,1993,2,RBBB,2,RBBB,2,RBBB,1.0,0.0,0.0,1.0,0.0,0.0,0.0,0.0,0.0
4079,118_01994,118,1994,2,RBBB,2,RBBB,2,RBBB,1.0,0.0,0.0,1.0,0.0,0.0,0.0,0.0,0.0
4080,118_01995,118,1995,2,RBBB,2,RBBB,2,RBBB,1.0,0.0,0.0,1.0,0.0,0.0,0.0,0.0,0.0
4081,118_01996,118,1996,2,RBBB,2,RBBB,2,RBBB,1.0,0.0,0.0,1.0,0.0,0.0,0.0,0.0,0.0
4082,118_01997,118,1997,3,APC,2,RBBB,2,RBBB,1.0,0.0,0.0,1.0,0.0,0.0,0.0,0.0,0.0
4083,118_01998,118,1998,2,RBBB,3,APC,3,APC,1.0,0.0,0.0,0.0,1.0,0.0,0.0,0.0,0.0
4084,118_01999,118,1999,2,RBBB,2,RBBB,2,RBBB,1.0,0.0,0.0,1.0,0.0,0.0,0.0,0.0,0.0
4085,118_02000,118,2000,2,RBBB,2,RBBB,2,RBBB,1.0,0.0,0.0,1.0,0.0,0.0,0.0,0.0,0.0
4086,118_02001,118,2001,2,RBBB,2,RBBB,2,RBBB,1.0,0.0,0.0,1.0,0.0,0.0,0.0,0.0,0.0
4087,118_02002,118,2002,2,RBBB,2,RBBB,2,RBBB,1.0,0.0,0.0,1.0,0.0,0.0,0.0,0.0,0.0
4088,118_02003,118,2003,2,RBBB,2,RBBB,2,RBBB,1.0,0.0,0.0,1.0,0.0,0.0,0.0,0.0,0.0
4089,118_02004,118,2004,2,RBBB,2,RBBB,2,RBBB,1.0,0.0,0.0,1.0,0.0,0.0,0.0,0.0,0.0
4090,118_02005,118,2005,2,RBBB,2,RBBB,2,RBBB,1.0,0.0,0.0,1.0,0.0,0.0,0.0,0.0,0.0
4091,118_02006,118,2006,2,RBBB,2,RBBB,2,RBBB,1.0,0.0,0.0,1.0,0.0,0.0,0.0,0.0,0.0
4092,118_02007,118,2007,2,RBBB,2,RBBB,2,RBBB,1.0,0.0,0.0,1.0,0.0,0.0,0.0,0.0,0.0
4093,118_02008,118,2008,2,RBBB,2,RBBB,2,RBBB,1.0,0.0,0.0,1.0,0.0,0.0,0.0,0.0,0.0
4094,118_02009,118,2009,2,RBBB,2,RBBB,2,RBBB,1.0,0.0,0.0,1.0,0.0,0.0,0.0,0.0,0.0
4095,118_02010,118,2010,2,RBBB,2,RBBB,2,RBBB,1.0,0.0,0.0,1.0,0.0,0.0,0.0,0.0,0.0
4096,118_02011,118,2011,2,RBBB,2,RBBB,2,RBBB,1.0,0.0,0.0,1.0,0.0,0.0,0.0,0.0,0.0
4097,118_02012,118,2012,2,RBBB,2,RBBB,2,RBBB,1.0,0.0,0.0,1.0,0.0,0.0,0.0,0.0,0.0
4098,118_02013,118,2013,2,RBBB,2,RBBB,2,RBBB,1.0,0.0,0.0,1.0,0.0,0.0,0.0,0.0,0.0
4099,118_02014,118,2014,2,RBBB,2,RBBB,2,RBBB,1.0,0.0,0.0,1.0,0.0,0.0,0.0,0.0,0.0
4100,118_02015,118,2015,2,RBBB,2,RBBB,2,RBBB,1.0,0.0,0.0,1.0,0.0,0.0,0.0,0.0,0.0
4101,118_02016,118,2016,2,RBBB,2,RBBB,2,RBBB,1.0,0.0,0.0,1.0,0.0,0.0,0.0,0.0,0.0
4102,118_02017,118,2017,2,RBBB,2,RBBB,2,RBBB,1.0,0.0,0.0,1.0,0.0,0.0,0.0,0.0,0.0
4103,118_02018,118,2018,2,RBBB,2,RBBB,2,RBBB,1.0,0.0,0.0,1.0,0.0,0.0,0.0,0.0,0.0
4104,118_02019,118,2019,2,RBBB,2,RBBB,2,RBBB,1.0,0.0,0.0,1.0,0.0,0.0,0.0,0.0,0.0
4105,118_02020,118,2020,2,RBBB,2,RBBB,2,RBBB,1.0,0.0,0.0,1.0,0.0,0.0,0.0,0.0,0.0
4106,118_02021,118,2021,2,RBBB,2,RBBB,2,RBBB,1.0,0.0,0.0,1.0,0.0,0.0,0.0,0.0,0.0
4107,118_02022,118,2022,2,RBBB,2,RBBB,2,RBBB,1.0,0.0,0.0,1.0,0.0,0.0,0.0,0.0,0.0
4108,118_02023,118,2023,2,RBBB,2,RBBB,2,RBBB,1.0,0.0,0.0,1.0,0.0,0.0,0.0,0.0,0.0
4109,118_02024,118,2024,2,RBBB,2,RBBB,2,RBBB,1.0,0.0,0.0,1.0,0.0,0.0,0.0,0.0,0.0
4110,118_02025,118,2025,2,RBBB,2,RBBB,2,RBBB,1.0,0.0,0.0,1.0,0.0,0.0,0.0,0.0,0.0
4111,118_02026,118,2026,2,RBBB,2,RBBB,2,RBBB,1.0,0.0,0.0,1.0,0.0,0.0,0.0,0.0,0.0
4112,118_02027,118,2027,2,RBBB,2,RBBB,2,RBBB,1.0,0.0,0.0,1.0,0.0,0.0,0.0,0.0,0.0
4113,118_02028,118,2028,2,RBBB,2,RBBB,2,RBBB,1.0,0.0,0.0,1.0,0.0,0.0,0.0,0.0,0.0
4114,118_02029,118,2029,2,RBBB,2,RBBB,2,RBBB,1.0,0.0,0.0,1.0,0.0,0.0,0.0,0.0,0.0
4115,118_02030,118,2030,2,RBBB,2,RBBB,2,RBBB,1.0,0.0,0.0,1.0,0.0,0.0,0.0,0.0,0.0
4116,118_02031,118,2031,2,RBBB,2,RBBB,2,RBBB,1.0,0.0,0.0,1.0,0.0,0.0,0.0,0.0,0.0
4117,118_02032,118,2032,2,RBBB,2,RBBB,2,RBBB,1.0,0.0,0.0,1.0,0.0,0.0,0.0,0.0,0.0
4118,118_02033,118,2033,2,RBBB,2,RBBB,2,RBBB,1.0,0.0,0.0,1.0,0.0,0.0,0.0,0.0,0.0
4119,118_02034,118,2034,2,RBBB,2,RBBB,2,RBBB,1.0,0.0,0.0,1.0,0.0,0.0,0.0,0.0,0.0
4120,118_02035,118,2035,2,RBBB,2,RBBB,2,RBBB,1.0,0.0,0.0,1.0,0.0,0.0,0.0,0.0,0.0
4121,118_02036,118,2036,2,RBBB,2,RBBB,2,RBBB,1.0,0.0,0.0,1.0,0.0,0.0,0.0,0.0,0.0
4122,118_02037,118,2037,2,RBBB,2,RBBB,2,RBBB,1.0,0.0,0.0,1.0,0.0,0.0,0.0,0.0,0.0
4123,118_02038,118,2038,2,RBBB,2,RBBB,2,RBBB,1.0,0.0,0.0,1.0,0.0,0.0,0.0,0.0,0.0
4124,118_02039,118,2039,2,RBBB,2,RBBB,2,RBBB,1.0,0.0,0.0,1.0,0.0,0.0,0.0,0.0,0.0
4125,118_02040,118,2040,2,RBBB,2,RBBB,2,RBBB,1.0,0.0,0.0,1.0,0.0,0.0,0.0,0.0,0.0
4126,118_02041,118,2041,2,RBBB,2,RBBB,2,RBBB,1.0,0.0,0.0,1.0,0.0,0.0,0.0,0.0,0.0
4127,118_02042,118,2042,2,RBBB,2,RBBB,2,RBBB,1.0,0.0,0.0,1.0,0.0,0.0,0.0,0.0,0.0
4128,118_02043,118,2043,2,RBBB,2,RBBB,2,RBBB,1.0,0.0,0.0,1.0,0.0,0.0,0.0,0.0,0.0
4129,118_02044,118,2044,2,RBBB,2,RBBB,2,RBBB,1.0,0.0,0.0,1.0,0.0,0.0,0.0,0.0,0.0
4130,118_02045,118,2045,2,RBBB,2,RBBB,2,RBBB,1.0,0.0,0.0,1.0,0.0,0.0,0.0,0.0,0.0
4131,118_02046,118,2046,2,RBBB,2,RBBB,2,RBBB,1.0,0.0,0.0,1.0,0.0,0.0,0.0,0.0,0.0
4132,118_02047,118,2047,2,RBBB,2,RBBB,2,RBBB,1.0,0.0,0.0,1.0,0.0,0.0,0.0,0.0,0.0
4133,118_02048,118,2048,2,RBBB,2,RBBB,2,RBBB,1.0,0.0,0.0,1.0,0.0,0.0,0.0,0.0,0.0
4134,118_02049,118,2049,2,RBBB,2,RBBB,2,RBBB,1.0,0.0,0.0,1.0,0.0,0.0,0.0,0.0,0.0
4135,118_02050,118,2050,2,RBBB,2,RBBB,2,RBBB,1.0,0.0,0.0,1.0,0.0,0.0,0.0,0.0,0.0
4136,118_02051,118,2051,2,RBBB,2,RBBB,2,RBBB,1.0,0.0,0.0,1.0,0.0,0.0,0.0,0.0,0.0
4137,118_02052,118,2052,2,RBBB,2,RBBB,2,RBBB,1.0,0.0,0.0,1.0,0.0,0.0,0.0,0.0,0.0
4138,118_02053,118,2053,2,RBBB,2,RBBB,2,RBBB,1.0,0.0,0.0,1.0,0.0,0.0,0.0,0.0,0.0
4139,118_02054,118,2054,2,RBBB,2,RBBB,2,RBBB,1.0,0.0,0.0,1.0,0.0,0.0,0.0,0.0,0.0
4140,118_02055,118,2055,2,RBBB,2,RBBB,2,RBBB,1.0,0.0,0.0,1.0,0.0,0.0,0.0,0.0,0.0
4141,118_02056,118,2056,2,RBBB,2,RBBB,2,RBBB,1.0,0.0,0.0,1.0,0.0,0.0,0.0,0.0,0.0
4142,118_02057,118,2057,2,RBBB,2,RBBB,2,RBBB,1.0,0.0,0.0,1.0,0.0,0.0,0.0,0.0,0.0
4143,118_02058,118,2058,2,RBBB,2,RBBB,2,RBBB,1.0,0.0,0.0,1.0,0.0,0.0,0.0,0.0,0.0
4144,118_02059,118,2059,3,APC,2,RBBB,2,RBBB,1.0,0.0,0.0,1.0,0.0,0.0,0.0,0.0,0.0
4145,118_02060,118,2060,2,RBBB,3,APC,3,APC,1.0,0.0,0.0,0.0,1.0,0.0,0.0,0.0,0.0
4146,118_02061,118,2061,2,RBBB,2,RBBB,2,RBBB,1.0,0.0,0.0,1.0,0.0,0.0,0.0,0.0,0.0
4147,118_02062,118,2062,2,RBBB,2,RBBB,2,RBBB,1.0,0.0,0.0,1.0,0.0,0.0,0.0,0.0,0.0
4148,118_02063,118,2063,2,RBBB,2,RBBB,2,RBBB,1.0,0.0,0.0,1.0,0.0,0.0,0.0,0.0,0.0
4149,118_02064,118,2064,2,RBBB,2,RBBB,2,RBBB,1.0,0.0,0.0,1.0,0.0,0.0,0.0,0.0,0.0
4150,118_02065,118,2065,2,RBBB,2,RBBB,2,RBBB,1.0,0.0,0.0,1.0,0.0,0.0,0.0,0.0,0.0
4151,118_02066,118,2066,2,RBBB,2,RBBB,2,RBBB,1.0,0.0,0.0,1.0,0.0,0.0,0.0,0.0,0.0
4152,118_02067,118,2067,2,RBBB,2,RBBB,2,RBBB,1.0,0.0,0.0,1.0,0.0,0.0,0.0,0.0,0.0
4153,118_02068,118,2068,2,RBBB,2,RBBB,2,RBBB,1.0,0.0,0.0,1.0,0.0,0.0,0.0,0.0,0.0
4154,118_02069,118,2069,2,RBBB,2,RBBB,2,RBBB,1.0,0.0,0.0,1.0,0.0,0.0,0.0,0.0,0.0
4155,118_02070,118,2070,2,RBBB,2,RBBB,2,RBBB,1.0,0.0,0.0,1.0,0.0,0.0,0.0,0.0,0.0
4156,118_02071,118,2071,2,RBBB,2,RBBB,2,RBBB,1.0,0.0,0.0,1.0,0.0,0.0,0.0,0.0,0.0
4157,118_02072,118,2072,2,RBBB,2,RBBB,2,RBBB,1.0,0.0,0.0,1.0,0.0,0.0,0.0,0.0,0.0
4158,118_02073,118,2073,2,RBBB,2,RBBB,2,RBBB,1.0,0.0,0.0,1.0,0.0,0.0,0.0,0.0,0.0
4159,118_02074,118,2074,2,RBBB,2,RBBB,2,RBBB,1.0,0.0,0.0,1.0,0.0,0.0,0.0,0.0,0.0
4160,118_02075,118,2075,2,RBBB,2,RBBB,2,RBBB,1.0,0.0,0.0,1.0,0.0,0.0,0.0,0.0,0.0
4161,118_02076,118,2076,2,RBBB,2,RBBB,2,RBBB,1.0,0.0,0.0,1.0,0.0,0.0,0.0,0.0,0.0
4162,118_02077,118,2077,2,RBBB,2,RBBB,2,RBBB,1.0,0.0,0.0,1.0,0.0,0.0,0.0,0.0,0.0
4163,118_02078,118,2078,2,RBBB,2,RBBB,2,RBBB,1.0,0.0,0.0,1.0,0.0,0.0,0.0,0.0,0.0
4164,118_02079,118,2079,2,RBBB,2,RBBB,2,RBBB,1.0,0.0,0.0,1.0,0.0,0.0,0.0,0.0,0.0
4165,118_02080,118,2080,2,RBBB,2,RBBB,2,RBBB,1.0,0.0,0.0,1.0,0.0,0.0,0.0,0.0,0.0
4166,118_02081,118,2081,2,RBBB,2,RBBB,2,RBBB,1.0,0.0,0.0,1.0,0.0,0.0,0.0,0.0,0.0
4167,118_02082,118,2082,2,RBBB,2,RBBB,2,RBBB,1.0,0.0,0.0,1.0,0.0,0.0,0.0,0.0,0.0
4168,118_02083,118,2083,2,RBBB,2,RBBB,2,RBBB,1.0,0.0,0.0,1.0,0.0,0.0,0.0,0.0,0.0
4169,118_02084,118,2084,2,RBBB,2,RBBB,2,RBBB,1.0,0.0,0.0,1.0,0.0,0.0,0.0,0.0,0.0
4170,118_02085,118,2085,2,RBBB,2,RBBB,2,RBBB,1.0,0.0,0.0,1.0,0.0,0.0,0.0,0.0,0.0
4171,118_02086,118,2086,2,RBBB,2,RBBB,2,RBBB,1.0,0.0,0.0,1.0,0.0,0.0,0.0,0.0,0.0
4172,118_02087,118,2087,2,RBBB,2,RBBB,2,RBBB,1.0,0.0,0.0,1.0,0.0,0.0,0.0,0.0,0.0
4173,118_02088,118,2088,2,RBBB,2,RBBB,2,RBBB,1.0,0.0,0.0,1.0,0.0,0.0,0.0,0.0,0.0
4174,118_02089,118,2089,2,RBBB,2,RBBB,2,RBBB,1.0,0.0,0.0,1.0,0.0,0.0,0.0,0.0,0.0
4175,118_02090,118,2090,2,RBBB,2,RBBB,2,RBBB,1.0,0.0,0.0,1.0,0.0,0.0,0.0,0.0,0.0
4176,118_02091,118,2091,2,RBBB,2,RBBB,2,RBBB,1.0,0.0,0.0,1.0,0.0,0.0,0.0,0.0,0.0
4177,118_02092,118,2092,2,RBBB,2,RBBB,2,RBBB,1.0,0.0,0.0,1.0,0.0,0.0,0.0,0.0,0.0
4178,118_02093,118,2093,2,RBBB,2,RBBB,2,RBBB,1.0,0.0,0.0,1.0,0.0,0.0,0.0,0.0,0.0
4179,118_02094,118,2094,2,RBBB,2,RBBB,2,RBBB,1.0,0.0,0.0,1.0,0.0,0.0,0.0,0.0,0.0
4180,118_02095,118,2095,2,RBBB,2,RBBB,2,RBBB,1.0,0.0,0.0,1.0,0.0,0.0,0.0,0.0,0.0
4181,118_02096,118,2096,2,RBBB,2,RBBB,2,RBBB,1.0,0.0,0.0,1.0,0.0,0.0,0.0,0.0,0.0
4182,118_02097,118,2097,2,RBBB,2,RBBB,2,RBBB,1.0,0.0,0.0,1.0,0.0,0.0,0.0,0.0,0.0
4183,118_02098,118,2098,2,RBBB,2,RBBB,2,RBBB,1.0,0.0,0.0,1.0,0.0,0.0,0.0,0.0,0.0
4184,118_02099,118,2099,2,RBBB,2,RBBB,2,RBBB,1.0,0.0,0.0,1.0,0.0,0.0,0.0,0.0,0.0
4185,118_02100,118,2100,2,RBBB,2,RBBB,2,RBBB,1.0,0.0,0.0,1.0,0.0,0.0,0.0,0.0,0.0
4186,118_02101,118,2101,2,RBBB,2,RBBB,2,RBBB,1.0,0.0,0.0,1.0,0.0,0.0,0.0,0.0,0.0
4187,118_02102,118,2102,2,RBBB,2,RBBB,2,RBBB,1.0,0.0,0.0,1.0,0.0,0.0,0.0,0.0,0.0
4188,118_02103,118,2103,2,RBBB,2,RBBB,2,RBBB,1.0,0.0,0.0,1.0,0.0,0.0,0.0,0.0,0.0
4189,118_02104,118,2104,2,RBBB,2,RBBB,2,RBBB,1.0,0.0,0.0,1.0,0.0,0.0,0.0,0.0,0.0
4190,118_02105,118,2105,2,RBBB,2,RBBB,2,RBBB,1.0,0.0,0.0,1.0,0.0,0.0,0.0,0.0,0.0
4191,118_02106,118,2106,2,RBBB,2,RBBB,2,RBBB,1.0,0.0,0.0,1.0,0.0,0.0,0.0,0.0,0.0
4192,118_02107,118,2107,2,RBBB,2,RBBB,2,RBBB,1.0,0.0,0.0,1.0,0.0,0.0,0.0,0.0,0.0
4193,118_02108,118,2108,2,RBBB,2,RBBB,2,RBBB,1.0,0.0,0.0,1.0,0.0,0.0,0.0,0.0,0.0
4194,118_02109,118,2109,2,RBBB,2,RBBB,2,RBBB,1.0,0.0,0.0,1.0,0.0,0.0,0.0,0.0,0.0
4195,118_02110,118,2110,3,APC,2,RBBB,2,RBBB,1.0,0.0,0.0,1.0,0.0,0.0,0.0,0.0,0.0
4196,118_02111,118,2111,2,RBBB,3,APC,3,APC,1.0,0.0,0.0,0.0,1.0,0.0,0.0,0.0,0.0
4197,118_02112,118,2112,2,RBBB,2,RBBB,2,RBBB,1.0,0.0,0.0,1.0,0.0,0.0,0.0,0.0,0.0
4198,118_02113,118,2113,2,RBBB,2,RBBB,2,RBBB,1.0,0.0,0.0,1.0,0.0,0.0,0.0,0.0,0.0
4199,118_02114,118,2114,2,RBBB,2,RBBB,2,RBBB,1.0,0.0,0.0,1.0,0.0,0.0,0.0,0.0,0.0
4200,118_02115,118,2115,2,RBBB,2,RBBB,2,RBBB,1.0,0.0,0.0,1.0,0.0,0.0,0.0,0.0,0.0
4201,118_02116,118,2116,2,RBBB,2,RBBB,2,RBBB,1.0,0.0,0.0,1.0,0.0,0.0,0.0,0.0,0.0
4202,118_02117,118,2117,2,RBBB,2,RBBB,2,RBBB,1.0,0.0,0.0,1.0,0.0,0.0,0.0,0.0,0.0
4203,118_02118,118,2118,2,RBBB,2,RBBB,2,RBBB,1.0,0.0,0.0,1.0,0.0,0.0,0.0,0.0,0.0
4204,118_02119,118,2119,2,RBBB,2,RBBB,2,RBBB,1.0,0.0,0.0,1.0,0.0,0.0,0.0,0.0,0.0
4205,118_02120,118,2120,2,RBBB,2,RBBB,2,RBBB,1.0,0.0,0.0,1.0,0.0,0.0,0.0,0.0,0.0
4206,118_02121,118,2121,3,APC,2,RBBB,2,RBBB,1.0,0.0,0.0,1.0,0.0,0.0,0.0,0.0,0.0
4207,118_02122,118,2122,2,RBBB,3,APC,3,APC,1.0,0.0,0.0,0.0,1.0,0.0,0.0,0.0,0.0
4208,118_02123,118,2123,2,RBBB,2,RBBB,2,RBBB,1.0,0.0,0.0,1.0,0.0,0.0,0.0,0.0,0.0
4209,118_02124,118,2124,2,RBBB,2,RBBB,2,RBBB,1.0,0.0,0.0,1.0,0.0,0.0,0.0,0.0,0.0
4210,118_02125,118,2125,2,RBBB,2,RBBB,2,RBBB,1.0,0.0,0.0,1.0,0.0,0.0,0.0,0.0,0.0
4211,118_02126,118,2126,3,APC,2,RBBB,2,RBBB,1.0,0.0,0.0,1.0,0.0,0.0,0.0,0.0,0.0
4212,118_02127,118,2127,2,RBBB,3,APC,3,APC,1.0,0.0,0.0,0.0,1.0,0.0,0.0,0.0,0.0
4213,118_02128,118,2128,2,RBBB,2,RBBB,2,RBBB,1.0,0.0,0.0,1.0,0.0,0.0,0.0,0.0,0.0
4214,118_02129,118,2129,2,RBBB,2,RBBB,2,RBBB,1.0,0.0,0.0,1.0,0.0,0.0,0.0,0.0,0.0
4215,118_02130,118,2130,2,RBBB,2,RBBB,2,RBBB,1.0,0.0,0.0,1.0,0.0,0.0,0.0,0.0,0.0
4216,118_02131,118,2131,2,RBBB,2,RBBB,2,RBBB,1.0,0.0,0.0,1.0,0.0,0.0,0.0,0.0,0.0
4217,118_02132,118,2132,2,RBBB,2,RBBB,2,RBBB,1.0,0.0,0.0,1.0,0.0,0.0,0.0,0.0,0.0
4218,118_02133,118,2133,2,RBBB,2,RBBB,2,RBBB,1.0,0.0,0.0,1.0,0.0,0.0,0.0,0.0,0.0
4219,118_02134,118,2134,2,RBBB,2,RBBB,2,RBBB,1.0,0.0,0.0,1.0,0.0,0.0,0.0,0.0,0.0
4220,118_02135,118,2135,2,RBBB,2,RBBB,2,RBBB,1.0,0.0,0.0,1.0,0.0,0.0,0.0,0.0,0.0
4221,118_02136,118,2136,2,RBBB,2,RBBB,2,RBBB,1.0,0.0,0.0,1.0,0.0,0.0,0.0,0.0,0.0
4222,118_02137,118,2137,2,RBBB,2,RBBB,2,RBBB,1.0,0.0,0.0,1.0,0.0,0.0,0.0,0.0,0.0
4223,118_02138,118,2138,2,RBBB,2,RBBB,2,RBBB,1.0,0.0,0.0,1.0,0.0,0.0,0.0,0.0,0.0
4224,118_02139,118,2139,2,RBBB,2,RBBB,2,RBBB,1.0,0.0,0.0,1.0,0.0,0.0,0.0,0.0,0.0
4225,118_02140,118,2140,2,RBBB,2,RBBB,2,RBBB,1.0,0.0,0.0,1.0,0.0,0.0,0.0,0.0,0.0
4226,118_02141,118,2141,2,RBBB,2,RBBB,2,RBBB,1.0,0.0,0.0,1.0,0.0,0.0,0.0,0.0,0.0
4227,118_02142,118,2142,2,RBBB,2,RBBB,2,RBBB,1.0,0.0,0.0,1.0,0.0,0.0,0.0,0.0,0.0
4228,118_02143,118,2143,2,RBBB,2,RBBB,2,RBBB,1.0,0.0,0.0,1.0,0.0,0.0,0.0,0.0,0.0
4229,118_02144,118,2144,2,RBBB,2,RBBB,2,RBBB,1.0,0.0,0.0,1.0,0.0,0.0,0.0,0.0,0.0
4230,118_02145,118,2145,2,RBBB,2,RBBB,2,RBBB,1.0,0.0,0.0,1.0,0.0,0.0,0.0,0.0,0.0
4231,118_02146,118,2146,2,RBBB,2,RBBB,2,RBBB,1.0,0.0,0.0,1.0,0.0,0.0,0.0,0.0,0.0
4232,118_02147,118,2147,2,RBBB,2,RBBB,2,RBBB,1.0,0.0,0.0,1.0,0.0,0.0,0.0,0.0,0.0
4233,118_02148,118,2148,2,RBBB,2,RBBB,2,RBBB,1.0,0.0,0.0,1.0,0.0,0.0,0.0,0.0,0.0
4234,118_02149,118,2149,2,RBBB,2,RBBB,2,RBBB,1.0,0.0,0.0,1.0,0.0,0.0,0.0,0.0,0.0
4235,118_02150,118,2150,2,RBBB,2,RBBB,2,RBBB,1.0,0.0,0.0,1.0,0.0,0.0,0.0,0.0,0.0
4236,118_02151,118,2151,2,RBBB,2,RBBB,2,RBBB,1.0,0.0,0.0,1.0,0.0,0.0,0.0,0.0,0.0
4237,118_02152,118,2152,2,RBBB,2,RBBB,2,RBBB,1.0,0.0,0.0,1.0,0.0,0.0,0.0,0.0,0.0
4238,118_02153,118,2153,2,RBBB,2,RBBB,2,RBBB,1.0,0.0,0.0,1.0,0.0,0.0,0.0,0.0,0.0
4239,118_02154,118,2154,2,RBBB,2,RBBB,2,RBBB,1.0,0.0,0.0,1.0,0.0,0.0,0.0,0.0,0.0
4240,118_02155,118,2155,2,RBBB,2,RBBB,2,RBBB,1.0,0.0,0.0,1.0,0.0,0.0,0.0,0.0,0.0
4241,118_02156,118,2156,2,RBBB,2,RBBB,2,RBBB,1.0,0.0,0.0,1.0,0.0,0.0,0.0,0.0,0.0
4242,118_02157,118,2157,3,APC,2,RBBB,2,RBBB,1.0,0.0,0.0,1.0,0.0,0.0,0.0,0.0,0.0
4243,118_02158,118,2158,2,RBBB,3,APC,3,APC,1.0,0.0,0.0,0.0,1.0,0.0,0.0,0.0,0.0
4244,118_02159,118,2159,2,RBBB,2,RBBB,2,RBBB,1.0,0.0,0.0,1.0,0.0,0.0,0.0,0.0,0.0
4245,118_02160,118,2160,2,RBBB,2,RBBB,2,RBBB,1.0,0.0,0.0,1.0,0.0,0.0,0.0,0.0,0.0
4246,118_02161,118,2161,2,RBBB,2,RBBB,2,RBBB,1.0,0.0,0.0,1.0,0.0,0.0,0.0,0.0,0.0
4247,118_02162,118,2162,2,RBBB,2,RBBB,2,RBBB,1.0,0.0,0.0,1.0,0.0,0.0,0.0,0.0,0.0
4248,118_02163,118,2163,2,RBBB,2,RBBB,2,RBBB,1.0,0.0,0.0,1.0,0.0,0.0,0.0,0.0,0.0
4249,118_02164,118,2164,2,RBBB,2,RBBB,2,RBBB,1.0,0.0,0.0,1.0,0.0,0.0,0.0,0.0,0.0
4250,118_02165,118,2165,2,RBBB,2,RBBB,2,RBBB,1.0,0.0,0.0,1.0,0.0,0.0,0.0,0.0,0.0
4251,118_02166,118,2166,2,RBBB,2,RBBB,2,RBBB,1.0,0.0,0.0,1.0,0.0,0.0,0.0,0.0,0.0
4252,118_02167,118,2167,2,RBBB,2,RBBB,2,RBBB,1.0,0.0,0.0,1.0,0.0,0.0,0.0,0.0,0.0
4253,118_02168,118,2168,2,RBBB,2,RBBB,2,RBBB,1.0,0.0,0.0,1.0,0.0,0.0,0.0,0.0,0.0
4254,118_02169,118,2169,2,RBBB,2,RBBB,2,RBBB,1.0,0.0,0.0,1.0,0.0,0.0,0.0,0.0,0.0
4255,118_02170,118,2170,3,APC,2,RBBB,2,RBBB,1.0,0.0,0.0,1.0,0.0,0.0,0.0,0.0,0.0
4256,118_02171,118,2171,3,APC,3,APC,3,APC,1.0,0.0,0.0,0.0,1.0,0.0,0.0,0.0,0.0
4257,118_02172,118,2172,2,RBBB,3,APC,3,APC,1.0,0.0,0.0,0.0,1.0,0.0,0.0,0.0,0.0
4258,118_02173,118,2173,2,RBBB,2,RBBB,2,RBBB,1.0,0.0,0.0,1.0,0.0,0.0,0.0,0.0,0.0
4259,118_02174,118,2174,2,RBBB,2,RBBB,2,RBBB,1.0,0.0,0.0,1.0,0.0,0.0,0.0,0.0,0.0
4260,118_02175,118,2175,2,RBBB,2,RBBB,2,RBBB,1.0,0.0,0.0,1.0,0.0,0.0,0.0,0.0,0.0
4261,118_02176,118,2176,2,RBBB,2,RBBB,2,RBBB,1.0,0.0,0.0,1.0,0.0,0.0,0.0,0.0,0.0
4262,118_02177,118,2177,2,RBBB,2,RBBB,2,RBBB,1.0,0.0,0.0,1.0,0.0,0.0,0.0,0.0,0.0
4263,118_02178,118,2178,2,RBBB,2,RBBB,2,RBBB,1.0,0.0,0.0,1.0,0.0,0.0,0.0,0.0,0.0
4264,118_02179,118,2179,2,RBBB,2,RBBB,2,RBBB,1.0,0.0,0.0,1.0,0.0,0.0,0.0,0.0,0.0
4265,118_02180,118,2180,2,RBBB,2,RBBB,2,RBBB,1.0,0.0,0.0,1.0,0.0,0.0,0.0,0.0,0.0
4266,118_02181,118,2181,2,RBBB,2,RBBB,2,RBBB,1.0,0.0,0.0,1.0,0.0,0.0,0.0,0.0,0.0
4267,118_02182,118,2182,2,RBBB,2,RBBB,2,RBBB,1.0,0.0,0.0,1.0,0.0,0.0,0.0,0.0,0.0
4268,118_02183,118,2183,2,RBBB,2,RBBB,2,RBBB,1.0,0.0,0.0,1.0,0.0,0.0,0.0,0.0,0.0
4269,118_02184,118,2184,2,RBBB,2,RBBB,2,RBBB,1.0,0.0,0.0,1.0,0.0,0.0,0.0,0.0,0.0
4270,118_02185,118,2185,2,RBBB,2,RBBB,2,RBBB,1.0,0.0,0.0,1.0,0.0,0.0,0.0,0.0,0.0
4271,118_02186,118,2186,2,RBBB,2,RBBB,2,RBBB,1.0,0.0,0.0,1.0,0.0,0.0,0.0,0.0,0.0
4272,118_02187,118,2187,2,RBBB,2,RBBB,2,RBBB,1.0,0.0,0.0,1.0,0.0,0.0,0.0,0.0,0.0
4273,118_02188,118,2188,2,RBBB,2,RBBB,2,RBBB,1.0,0.0,0.0,1.0,0.0,0.0,0.0,0.0,0.0
4274,118_02189,118,2189,2,RBBB,2,RBBB,2,RBBB,1.0,0.0,0.0,1.0,0.0,0.0,0.0,0.0,0.0
4275,118_02190,118,2190,2,RBBB,2,RBBB,2,RBBB,1.0,0.0,0.0,1.0,0.0,0.0,0.0,0.0,0.0
4276,118_02191,118,2191,2,RBBB,2,RBBB,2,RBBB,1.0,0.0,0.0,1.0,0.0,0.0,0.0,0.0,0.0
4277,118_02192,118,2192,2,RBBB,2,RBBB,2,RBBB,1.0,0.0,0.0,1.0,0.0,0.0,0.0,0.0,0.0
4278,118_02193,118,2193,2,RBBB,2,RBBB,2,RBBB,1.0,0.0,0.0,1.0,0.0,0.0,0.0,0.0,0.0
4279,118_02194,118,2194,2,RBBB,2,RBBB,2,RBBB,1.0,0.0,0.0,1.0,0.0,0.0,0.0,0.0,0.0
4280,118_02195,118,2195,2,RBBB,2,RBBB,2,RBBB,1.0,0.0,0.0,1.0,0.0,0.0,0.0,0.0,0.0
4281,118_02196,118,2196,2,RBBB,2,RBBB,2,RBBB,1.0,0.0,0.0,1.0,0.0,0.0,0.0,0.0,0.0
4282,118_02197,118,2197,2,RBBB,2,RBBB,2,RBBB,1.0,0.0,0.0,1.0,0.0,0.0,0.0,0.0,0.0
4283,118_02198,118,2198,2,RBBB,2,RBBB,2,RBBB,1.0,0.0,0.0,1.0,0.0,0.0,0.0,0.0,0.0
4284,118_02199,118,2199,2,RBBB,2,RBBB,2,RBBB,1.0,0.0,0.0,1.0,0.0,0.0,0.0,0.0,0.0
4285,118_02200,118,2200,2,RBBB,2,RBBB,2,RBBB,1.0,0.0,0.0,1.0,0.0,0.0,0.0,0.0,0.0
4286,118_02201,118,2201,2,RBBB,2,RBBB,2,RBBB,1.0,0.0,0.0,1.0,0.0,0.0,0.0,0.0,0.0
4287,118_02202,118,2202,2,RBBB,2,RBBB,2,RBBB,1.0,0.0,0.0,1.0,0.0,0.0,0.0,0.0,0.0
4288,118_02203,118,2203,2,RBBB,2,RBBB,2,RBBB,1.0,0.0,0.0,1.0,0.0,0.0,0.0,0.0,0.0
4289,118_02204,118,2204,2,RBBB,2,RBBB,2,RBBB,1.0,0.0,0.0,1.0,0.0,0.0,0.0,0.0,0.0
4290,118_02205,118,2205,2,RBBB,2,RBBB,2,RBBB,1.0,0.0,0.0,1.0,0.0,0.0,0.0,0.0,0.0
4291,118_02206,118,2206,2,RBBB,2,RBBB,2,RBBB,1.0,0.0,0.0,1.0,0.0,0.0,0.0,0.0,0.0
4292,118_02207,118,2207,2,RBBB,2,RBBB,2,RBBB,1.0,0.0,0.0,1.0,0.0,0.0,0.0,0.0,0.0
4293,118_02208,118,2208,2,RBBB,2,RBBB,2,RBBB,1.0,0.0,0.0,1.0,0.0,0.0,0.0,0.0,0.0
4294,118_02209,118,2209,2,RBBB,2,RBBB,2,RBBB,1.0,0.0,0.0,1.0,0.0,0.0,0.0,0.0,0.0
4295,118_02210,118,2210,3,APC,2,RBBB,2,RBBB,1.0,0.0,0.0,1.0,0.0,0.0,0.0,0.0,0.0
4296,118_02211,118,2211,2,RBBB,3,APC,3,APC,1.0,0.0,0.0,0.0,1.0,0.0,0.0,0.0,0.0
4297,118_02212,118,2212,2,RBBB,2,RBBB,2,RBBB,1.0,0.0,0.0,1.0,0.0,0.0,0.0,0.0,0.0
4298,118_02213,118,2213,2,RBBB,2,RBBB,2,RBBB,1.0,0.0,0.0,1.0,0.0,0.0,0.0,0.0,0.0
4299,118_02214,118,2214,2,RBBB,2,RBBB,2,RBBB,1.0,0.0,0.0,1.0,0.0,0.0,0.0,0.0,0.0
4300,118_02215,118,2215,2,RBBB,2,RBBB,2,RBBB,1.0,0.0,0.0,1.0,0.0,0.0,0.0,0.0,0.0
4301,118_02216,118,2216,2,RBBB,2,RBBB,2,RBBB,1.0,0.0,0.0,1.0,0.0,0.0,0.0,0.0,0.0
4302,118_02217,118,2217,3,APC,2,RBBB,2,RBBB,1.0,0.0,0.0,1.0,0.0,0.0,0.0,0.0,0.0
4303,118_02218,118,2218,2,RBBB,3,APC,3,APC,1.0,0.0,0.0,0.0,1.0,0.0,0.0,0.0,0.0
4304,118_02219,118,2219,2,RBBB,2,RBBB,2,RBBB,1.0,0.0,0.0,1.0,0.0,0.0,0.0,0.0,0.0
4305,118_02220,118,2220,2,RBBB,2,RBBB,2,RBBB,1.0,0.0,0.0,1.0,0.0,0.0,0.0,0.0,0.0
4306,118_02221,118,2221,2,RBBB,2,RBBB,2,RBBB,1.0,0.0,0.0,1.0,0.0,0.0,0.0,0.0,0.0
4307,118_02222,118,2222,3,APC,2,RBBB,2,RBBB,1.0,0.0,0.0,1.0,0.0,0.0,0.0,0.0,0.0
4308,118_02223,118,2223,2,RBBB,3,APC,3,APC,1.0,0.0,0.0,0.0,1.0,0.0,0.0,0.0,0.0
4309,118_02224,118,2224,2,RBBB,2,RBBB,2,RBBB,1.0,0.0,0.0,1.0,0.0,0.0,0.0,0.0,0.0
4310,118_02225,118,2225,2,RBBB,2,RBBB,2,RBBB,1.0,0.0,0.0,1.0,0.0,0.0,0.0,0.0,0.0
4311,118_02226,118,2226,2,RBBB,2,RBBB,2,RBBB,1.0,0.0,0.0,1.0,0.0,0.0,0.0,0.0,0.0
4312,118_02227,118,2227,2,RBBB,2,RBBB,2,RBBB,1.0,0.0,0.0,1.0,0.0,0.0,0.0,0.0,0.0
4313,118_02228,118,2228,2,RBBB,2,RBBB,2,RBBB,1.0,0.0,0.0,1.0,0.0,0.0,0.0,0.0,0.0
4314,118_02229,118,2229,2,RBBB,2,RBBB,2,RBBB,1.0,0.0,0.0,1.0,0.0,0.0,0.0,0.0,0.0
4315,118_02230,118,2230,2,RBBB,2,RBBB,2,RBBB,1.0,0.0,0.0,1.0,0.0,0.0,0.0,0.0,0.0
4316,118_02231,118,2231,2,RBBB,2,RBBB,2,RBBB,1.0,0.0,0.0,1.0,0.0,0.0,0.0,0.0,0.0
4317,118_02232,118,2232,2,RBBB,2,RBBB,2,RBBB,1.0,0.0,0.0,1.0,0.0,0.0,0.0,0.0,0.0
4318,118_02233,118,2233,2,RBBB,2,RBBB,2,RBBB,1.0,0.0,0.0,1.0,0.0,0.0,0.0,0.0,0.0
4319,118_02234,118,2234,2,RBBB,2,RBBB,2,RBBB,1.0,0.0,0.0,1.0,0.0,0.0,0.0,0.0,0.0
4320,118_02235,118,2235,2,RBBB,2,RBBB,2,RBBB,1.0,0.0,0.0,1.0,0.0,0.0,0.0,0.0,0.0
4321,118_02236,118,2236,2,RBBB,2,RBBB,2,RBBB,1.0,0.0,0.0,1.0,0.0,0.0,0.0,0.0,0.0
4322,118_02237,118,2237,2,RBBB,2,RBBB,2,RBBB,1.0,0.0,0.0,1.0,0.0,0.0,0.0,0.0,0.0
4323,118_02238,118,2238,2,RBBB,2,RBBB,2,RBBB,1.0,0.0,0.0,1.0,0.0,0.0,0.0,0.0,0.0
4324,118_02239,118,2239,2,RBBB,2,RBBB,2,RBBB,1.0,0.0,0.0,1.0,0.0,0.0,0.0,0.0,0.0
4325,118_02240,118,2240,2,RBBB,2,RBBB,2,RBBB,1.0,0.0,0.0,1.0,0.0,0.0,0.0,0.0,0.0
4326,118_02241,118,2241,2,RBBB,2,RBBB,2,RBBB,1.0,0.0,0.0,1.0,0.0,0.0,0.0,0.0,0.0
4327,118_02242,118,2242,2,RBBB,2,RBBB,2,RBBB,1.0,0.0,0.0,1.0,0.0,0.0,0.0,0.0,0.0
4328,118_02243,118,2243,2,RBBB,2,RBBB,2,RBBB,1.0,0.0,0.0,1.0,0.0,0.0,0.0,0.0,0.0
4329,118_02244,118,2244,3,APC,2,RBBB,2,RBBB,1.0,0.0,0.0,1.0,0.0,0.0,0.0,0.0,0.0
4330,118_02245,118,2245,2,RBBB,3,APC,3,APC,1.0,0.0,0.0,0.0,1.0,0.0,0.0,0.0,0.0
4331,118_02246,118,2246,2,RBBB,2,RBBB,2,RBBB,1.0,0.0,0.0,1.0,0.0,0.0,0.0,0.0,0.0
4332,118_02247,118,2247,2,RBBB,2,RBBB,2,RBBB,1.0,0.0,0.0,1.0,0.0,0.0,0.0,0.0,0.0
4333,118_02248,118,2248,2,RBBB,2,RBBB,2,RBBB,1.0,0.0,0.0,1.0,0.0,0.0,0.0,0.0,0.0
4334,118_02249,118,2249,3,APC,2,RBBB,2,RBBB,1.0,0.0,0.0,1.0,0.0,0.0,0.0,0.0,0.0
4335,118_02250,118,2250,2,RBBB,3,APC,3,APC,1.0,0.0,0.0,0.0,1.0,0.0,0.0,0.0,0.0
4336,118_02251,118,2251,2,RBBB,2,RBBB,2,RBBB,1.0,0.0,0.0,1.0,0.0,0.0,0.0,0.0,0.0
4337,118_02252,118,2252,2,RBBB,2,RBBB,2,RBBB,1.0,0.0,0.0,1.0,0.0,0.0,0.0,0.0,0.0
4338,118_02253,118,2253,2,RBBB,2,RBBB,2,RBBB,1.0,0.0,0.0,1.0,0.0,0.0,0.0,0.0,0.0
4339,118_02254,118,2254,3,APC,2,RBBB,2,RBBB,1.0,0.0,0.0,1.0,0.0,0.0,0.0,0.0,0.0
4340,118_02255,118,2255,2,RBBB,3,APC,3,APC,1.0,0.0,0.0,0.0,1.0,0.0,0.0,0.0,0.0
4341,118_02256,118,2256,3,APC,2,RBBB,2,RBBB,1.0,0.0,0.0,1.0,0.0,0.0,0.0,0.0,0.0
4342,118_02257,118,2257,2,RBBB,3,APC,3,APC,1.0,0.0,0.0,0.0,1.0,0.0,0.0,0.0,0.0
4343,201_00000,201,0,0,N,0,N,0,N,1.0,1.0,0.0,0.0,0.0,0.0,0.0,0.0,0.0
4344,201_00001,201,1,0,N,0,N,0,N,1.0,1.0,0.0,0.0,0.0,0.0,0.0,0.0,0.0
4345,201_00002,201,2,0,N,0,N,0,N,1.0,1.0,0.0,0.0,0.0,0.0,0.0,0.0,0.0
4346,201_00003,201,3,0,N,0,N,0,N,1.0,1.0,0.0,0.0,0.0,0.0,0.0,0.0,0.0
4347,201_00004,201,4,0,N,0,N,0,N,1.0,1.0,0.0,0.0,0.0,0.0,0.0,0.0,0.0
4348,201_00005,201,5,0,N,0,N,0,N,1.0,1.0,0.0,0.0,0.0,0.0,0.0,0.0,0.0
4349,201_00006,201,6,0,N,0,N,0,N,1.0,1.0,0.0,0.0,0.0,0.0,0.0,0.0,0.0
4350,201_00007,201,7,0,N,0,N,0,N,1.0,1.0,0.0,0.0,0.0,0.0,0.0,0.0,0.0
4351,201_00008,201,8,0,N,0,N,0,N,1.0,1.0,0.0,0.0,0.0,0.0,0.0,0.0,0.0
4352,201_00009,201,9,0,N,0,N,0,N,1.0,1.0,0.0,0.0,0.0,0.0,0.0,0.0,0.0
4353,201_00010,201,10,0,N,0,N,0,N,1.0,1.0,0.0,0.0,0.0,0.0,0.0,0.0,0.0
4354,201_00011,201,11,0,N,0,N,0,N,1.0,1.0,0.0,0.0,0.0,0.0,0.0,0.0,0.0
4355,201_00012,201,12,0,N,0,N,0,N,1.0,1.0,0.0,0.0,0.0,0.0,0.0,0.0,0.0
4356,201_00013,201,13,0,N,0,N,0,N,1.0,1.0,0.0,0.0,0.0,0.0,0.0,0.0,0.0
4357,201_00014,201,14,0,N,0,N,0,N,1.0,1.0,0.0,0.0,0.0,0.0,0.0,0.0,0.0
4358,201_00015,201,15,0,N,0,N,0,N,1.0,1.0,0.0,0.0,0.0,0.0,0.0,0.0,0.0
4359,201_00016,201,16,0,N,0,N,0,N,1.0,1.0,0.0,0.0,0.0,0.0,0.0,0.0,0.0
4360,201_00017,201,17,0,N,0,N,0,N,1.0,1.0,0.0,0.0,0.0,0.0,0.0,0.0,0.0
4361,201_00018,201,18,0,N,0,N,0,N,1.0,1.0,0.0,0.0,0.0,0.0,0.0,0.0,0.0
4362,201_00019,201,19,0,N,0,N,0,N,1.0,1.0,0.0,0.0,0.0,0.0,0.0,0.0,0.0
4363,201_00020,201,20,0,N,0,N,0,N,1.0,1.0,0.0,0.0,0.0,0.0,0.0,0.0,0.0
4364,201_00021,201,21,0,N,0,N,0,N,1.0,1.0,0.0,0.0,0.0,0.0,0.0,0.0,0.0
4365,201_00022,201,22,0,N,0,N,0,N,1.0,1.0,0.0,0.0,0.0,0.0,0.0,0.0,0.0
4366,201_00023,201,23,0,N,0,N,0,N,1.0,1.0,0.0,0.0,0.0,0.0,0.0,0.0,0.0
4367,201_00024,201,24,0,N,0,N,0,N,1.0,1.0,0.0,0.0,0.0,0.0,0.0,0.0,0.0
4368,201_00025,201,25,0,N,0,N,0,N,1.0,1.0,0.0,0.0,0.0,0.0,0.0,0.0,0.0
4369,201_00026,201,26,0,N,0,N,0,N,1.0,1.0,0.0,0.0,0.0,0.0,0.0,0.0,0.0
4370,201_00027,201,27,0,N,0,N,0,N,1.0,1.0,0.0,0.0,0.0,0.0,0.0,0.0,0.0
4371,201_00028,201,28,0,N,0,N,0,N,1.0,1.0,0.0,0.0,0.0,0.0,0.0,0.0,0.0
4372,201_00029,201,29,0,N,0,N,0,N,1.0,1.0,0.0,0.0,0.0,0.0,0.0,0.0,0.0
4373,201_00030,201,30,0,N,0,N,0,N,1.0,1.0,0.0,0.0,0.0,0.0,0.0,0.0,0.0
4374,201_00031,201,31,0,N,0,N,0,N,1.0,1.0,0.0,0.0,0.0,0.0,0.0,0.0,0.0
4375,201_00032,201,32,0,N,0,N,0,N,1.0,1.0,0.0,0.0,0.0,0.0,0.0,0.0,0.0
4376,201_00033,201,33,0,N,0,N,0,N,1.0,1.0,0.0,0.0,0.0,0.0,0.0,0.0,0.0
4377,201_00034,201,34,0,N,0,N,0,N,1.0,1.0,0.0,0.0,0.0,0.0,0.0,0.0,0.0
4378,201_00035,201,35,0,N,0,N,0,N,1.0,1.0,0.0,0.0,0.0,0.0,0.0,0.0,0.0
4379,201_00036,201,36,0,N,0,N,0,N,1.0,1.0,0.0,0.0,0.0,0.0,0.0,0.0,0.0
4380,201_00037,201,37,0,N,0,N,0,N,1.0,1.0,0.0,0.0,0.0,0.0,0.0,0.0,0.0
4381,201_00038,201,38,0,N,0,N,0,N,1.0,1.0,0.0,0.0,0.0,0.0,0.0,0.0,0.0
4382,201_00039,201,39,0,N,0,N,0,N,1.0,1.0,0.0,0.0,0.0,0.0,0.0,0.0,0.0
4383,201_00040,201,40,0,N,0,N,0,N,1.0,1.0,0.0,0.0,0.0,0.0,0.0,0.0,0.0
4384,201_00041,201,41,0,N,0,N,0,N,1.0,1.0,0.0,0.0,0.0,0.0,0.0,0.0,0.0
4385,201_00042,201,42,0,N,0,N,0,N,1.0,1.0,0.0,0.0,0.0,0.0,0.0,0.0,0.0
4386,201_00043,201,43,0,N,0,N,0,N,1.0,1.0,0.0,0.0,0.0,0.0,0.0,0.0,0.0
4387,201_00044,201,44,0,N,0,N,0,N,1.0,1.0,0.0,0.0,0.0,0.0,0.0,0.0,0.0
4388,201_00045,201,45,0,N,0,N,0,N,1.0,1.0,0.0,0.0,0.0,0.0,0.0,0.0,0.0
4389,201_00046,201,46,0,N,0,N,0,N,1.0,1.0,0.0,0.0,0.0,0.0,0.0,0.0,0.0
4390,201_00047,201,47,0,N,0,N,0,N,1.0,1.0,0.0,0.0,0.0,0.0,0.0,0.0,0.0
4391,201_00048,201,48,0,N,0,N,0,N,1.0,1.0,0.0,0.0,0.0,0.0,0.0,0.0,0.0
4392,201_00049,201,49,0,N,0,N,0,N,1.0,1.0,0.0,0.0,0.0,0.0,0.0,0.0,0.0
4393,201_00050,201,50,0,N,0,N,0,N,1.0,1.0,0.0,0.0,0.0,0.0,0.0,0.0,0.0
4394,201_00051,201,51,0,N,0,N,0,N,1.0,1.0,0.0,0.0,0.0,0.0,0.0,0.0,0.0
4395,201_00052,201,52,0,N,0,N,0,N,1.0,1.0,0.0,0.0,0.0,0.0,0.0,0.0,0.0
4396,201_00053,201,53,0,N,0,N,0,N,1.0,1.0,0.0,0.0,0.0,0.0,0.0,0.0,0.0
4397,201_00054,201,54,0,N,0,N,0,N,1.0,1.0,0.0,0.0,0.0,0.0,0.0,0.0,0.0
4398,201_00055,201,55,0,N,0,N,0,N,1.0,1.0,0.0,0.0,0.0,0.0,0.0,0.0,0.0
4399,201_00056,201,56,0,N,0,N,0,N,1.0,1.0,0.0,0.0,0.0,0.0,0.0,0.0,0.0
4400,201_00057,201,57,0,N,0,N,0,N,1.0,1.0,0.0,0.0,0.0,0.0,0.0,0.0,0.0
4401,201_00058,201,58,0,N,0,N,0,N,1.0,1.0,0.0,0.0,0.0,0.0,0.0,0.0,0.0
4402,201_00059,201,59,0,N,0,N,0,N,1.0,1.0,0.0,0.0,0.0,0.0,0.0,0.0,0.0
4403,201_00060,201,60,0,N,0,N,0,N,1.0,1.0,0.0,0.0,0.0,0.0,0.0,0.0,0.0
4404,201_00061,201,61,0,N,0,N,0,N,1.0,1.0,0.0,0.0,0.0,0.0,0.0,0.0,0.0
4405,201_00062,201,62,0,N,0,N,0,N,1.0,1.0,0.0,0.0,0.0,0.0,0.0,0.0,0.0
4406,201_00063,201,63,0,N,0,N,0,N,1.0,1.0,0.0,0.0,0.0,0.0,0.0,0.0,0.0
4407,201_00064,201,64,0,N,0,N,0,N,1.0,1.0,0.0,0.0,0.0,0.0,0.0,0.0,0.0
4408,201_00065,201,65,0,N,0,N,0,N,1.0,1.0,0.0,0.0,0.0,0.0,0.0,0.0,0.0
4409,201_00066,201,66,0,N,0,N,0,N,1.0,1.0,0.0,0.0,0.0,0.0,0.0,0.0,0.0
4410,201_00067,201,67,0,N,0,N,0,N,1.0,1.0,0.0,0.0,0.0,0.0,0.0,0.0,0.0
4411,201_00068,201,68,0,N,0,N,0,N,1.0,1.0,0.0,0.0,0.0,0.0,0.0,0.0,0.0
4412,201_00069,201,69,5,ABERR,0,N,0,N,1.0,1.0,0.0,0.0,0.0,0.0,0.0,0.0,0.0
4413,201_00070,201,70,0,N,5,ABERR,5,ABERR,1.0,0.0,0.0,0.0,0.0,0.0,1.0,0.0,0.0
4414,201_00071,201,71,0,N,0,N,0,N,1.0,1.0,0.0,0.0,0.0,0.0,0.0,0.0,0.0
4415,201_00072,201,72,0,N,0,N,0,N,1.0,1.0,0.0,0.0,0.0,0.0,0.0,0.0,0.0
4416,201_00073,201,73,0,N,0,N,0,N,1.0,1.0,0.0,0.0,0.0,0.0,0.0,0.0,0.0
4417,201_00074,201,74,0,N,0,N,0,N,1.0,1.0,0.0,0.0,0.0,0.0,0.0,0.0,0.0
4418,201_00075,201,75,0,N,0,N,0,N,1.0,1.0,0.0,0.0,0.0,0.0,0.0,0.0,0.0
4419,201_00076,201,76,0,N,0,N,0,N,1.0,1.0,0.0,0.0,0.0,0.0,0.0,0.0,0.0
4420,201_00077,201,77,0,N,0,N,0,N,1.0,1.0,0.0,0.0,0.0,0.0,0.0,0.0,0.0
4421,201_00078,201,78,0,N,0,N,0,N,1.0,1.0,0.0,0.0,0.0,0.0,0.0,0.0,0.0
4422,201_00079,201,79,0,N,0,N,0,N,1.0,1.0,0.0,0.0,0.0,0.0,0.0,0.0,0.0
4423,201_00080,201,80,0,N,0,N,0,N,1.0,1.0,0.0,0.0,0.0,0.0,0.0,0.0,0.0
4424,201_00081,201,81,0,N,0,N,0,N,1.0,1.0,0.0,0.0,0.0,0.0,0.0,0.0,0.0
4425,201_00082,201,82,0,N,0,N,0,N,1.0,1.0,0.0,0.0,0.0,0.0,0.0,0.0,0.0
4426,201_00083,201,83,0,N,0,N,0,N,1.0,1.0,0.0,0.0,0.0,0.0,0.0,0.0,0.0
4427,201_00084,201,84,0,N,0,N,0,N,1.0,1.0,0.0,0.0,0.0,0.0,0.0,0.0,0.0
4428,201_00085,201,85,0,N,0,N,0,N,1.0,1.0,0.0,0.0,0.0,0.0,0.0,0.0,0.0
4429,201_00086,201,86,0,N,0,N,0,N,1.0,1.0,0.0,0.0,0.0,0.0,0.0,0.0,0.0
4430,201_00087,201,87,0,N,0,N,0,N,1.0,1.0,0.0,0.0,0.0,0.0,0.0,0.0,0.0
4431,201_00088,201,88,0,N,0,N,0,N,1.0,1.0,0.0,0.0,0.0,0.0,0.0,0.0,0.0
4432,201_00089,201,89,0,N,0,N,0,N,1.0,1.0,0.0,0.0,0.0,0.0,0.0,0.0,0.0
4433,201_00090,201,90,0,N,0,N,0,N,1.0,1.0,0.0,0.0,0.0,0.0,0.0,0.0,0.0
4434,201_00091,201,91,0,N,0,N,0,N,1.0,1.0,0.0,0.0,0.0,0.0,0.0,0.0,0.0
4435,201_00092,201,92,0,N,0,N,0,N,1.0,1.0,0.0,0.0,0.0,0.0,0.0,0.0,0.0
4436,201_00093,201,93,0,N,0,N,0,N,1.0,1.0,0.0,0.0,0.0,0.0,0.0,0.0,0.0
4437,201_00094,201,94,0,N,0,N,0,N,1.0,1.0,0.0,0.0,0.0,0.0,0.0,0.0,0.0
4438,201_00095,201,95,0,N,0,N,0,N,1.0,1.0,0.0,0.0,0.0,0.0,0.0,0.0,0.0
4439,201_00096,201,96,0,N,0,N,0,N,1.0,1.0,0.0,0.0,0.0,0.0,0.0,0.0,0.0
4440,201_00097,201,97,0,N,0,N,0,N,1.0,1.0,0.0,0.0,0.0,0.0,0.0,0.0,0.0
4441,201_00098,201,98,0,N,0,N,0,N,1.0,1.0,0.0,0.0,0.0,0.0,0.0,0.0,0.0
4442,201_00099,201,99,0,N,0,N,0,N,1.0,1.0,0.0,0.0,0.0,0.0,0.0,0.0,0.0
4443,201_00100,201,100,0,N,0,N,0,N,1.0,1.0,0.0,0.0,0.0,0.0,0.0,0.0,0.0
4444,201_00101,201,101,0,N,0,N,0,N,1.0,1.0,0.0,0.0,0.0,0.0,0.0,0.0,0.0
4445,201_00102,201,102,0,N,0,N,0,N,1.0,1.0,0.0,0.0,0.0,0.0,0.0,0.0,0.0
4446,201_00103,201,103,0,N,0,N,0,N,1.0,1.0,0.0,0.0,0.0,0.0,0.0,0.0,0.0
4447,201_00104,201,104,0,N,0,N,0,N,1.0,1.0,0.0,0.0,0.0,0.0,0.0,0.0,0.0
4448,201_00105,201,105,0,N,0,N,0,N,1.0,1.0,0.0,0.0,0.0,0.0,0.0,0.0,0.0
4449,201_00106,201,106,0,N,0,N,0,N,1.0,1.0,0.0,0.0,0.0,0.0,0.0,0.0,0.0
4450,201_00107,201,107,0,N,0,N,0,N,1.0,1.0,0.0,0.0,0.0,0.0,0.0,0.0,0.0
4451,201_00108,201,108,0,N,0,N,0,N,1.0,1.0,0.0,0.0,0.0,0.0,0.0,0.0,0.0
4452,201_00109,201,109,0,N,0,N,0,N,1.0,1.0,0.0,0.0,0.0,0.0,0.0,0.0,0.0
4453,201_00110,201,110,0,N,0,N,0,N,1.0,1.0,0.0,0.0,0.0,0.0,0.0,0.0,0.0
4454,201_00111,201,111,0,N,0,N,0,N,1.0,1.0,0.0,0.0,0.0,0.0,0.0,0.0,0.0
4455,201_00112,201,112,0,N,0,N,0,N,1.0,1.0,0.0,0.0,0.0,0.0,0.0,0.0,0.0
4456,201_00113,201,113,0,N,0,N,0,N,1.0,1.0,0.0,0.0,0.0,0.0,0.0,0.0,0.0
4457,201_00114,201,114,0,N,0,N,0,N,1.0,1.0,0.0,0.0,0.0,0.0,0.0,0.0,0.0
4458,201_00115,201,115,0,N,0,N,0,N,1.0,1.0,0.0,0.0,0.0,0.0,0.0,0.0,0.0
4459,201_00116,201,116,0,N,0,N,0,N,1.0,1.0,0.0,0.0,0.0,0.0,0.0,0.0,0.0
4460,201_00117,201,117,0,N,0,N,0,N,1.0,1.0,0.0,0.0,0.0,0.0,0.0,0.0,0.0
4461,201_00118,201,118,0,N,0,N,0,N,1.0,1.0,0.0,0.0,0.0,0.0,0.0,0.0,0.0
4462,201_00119,201,119,0,N,0,N,0,N,1.0,1.0,0.0,0.0,0.0,0.0,0.0,0.0,0.0
4463,201_00120,201,120,0,N,0,N,0,N,1.0,1.0,0.0,0.0,0.0,0.0,0.0,0.0,0.0
4464,201_00121,201,121,0,N,0,N,0,N,1.0,1.0,0.0,0.0,0.0,0.0,0.0,0.0,0.0
4465,201_00122,201,122,0,N,0,N,0,N,1.0,1.0,0.0,0.0,0.0,0.0,0.0,0.0,0.0
4466,201_00123,201,123,0,N,0,N,0,N,1.0,1.0,0.0,0.0,0.0,0.0,0.0,0.0,0.0
4467,201_00124,201,124,0,N,0,N,0,N,1.0,1.0,0.0,0.0,0.0,0.0,0.0,0.0,0.0
4468,201_00125,201,125,0,N,0,N,0,N,1.0,1.0,0.0,0.0,0.0,0.0,0.0,0.0,0.0
4469,201_00126,201,126,0,N,0,N,0,N,1.0,1.0,0.0,0.0,0.0,0.0,0.0,0.0,0.0
4470,201_00127,201,127,0,N,0,N,0,N,1.0,1.0,0.0,0.0,0.0,0.0,0.0,0.0,0.0
4471,201_00128,201,128,0,N,0,N,0,N,1.0,1.0,0.0,0.0,0.0,0.0,0.0,0.0,0.0
4472,201_00129,201,129,0,N,0,N,0,N,1.0,1.0,0.0,0.0,0.0,0.0,0.0,0.0,0.0
4473,201_00130,201,130,0,N,0,N,0,N,1.0,1.0,0.0,0.0,0.0,0.0,0.0,0.0,0.0
4474,201_00131,201,131,0,N,0,N,0,N,1.0,1.0,0.0,0.0,0.0,0.0,0.0,0.0,0.0
4475,201_00132,201,132,0,N,0,N,0,N,1.0,1.0,0.0,0.0,0.0,0.0,0.0,0.0,0.0
4476,201_00133,201,133,0,N,0,N,0,N,1.0,1.0,0.0,0.0,0.0,0.0,0.0,0.0,0.0
4477,201_00134,201,134,0,N,0,N,0,N,1.0,1.0,0.0,0.0,0.0,0.0,0.0,0.0,0.0
4478,201_00135,201,135,0,N,0,N,0,N,1.0,1.0,0.0,0.0,0.0,0.0,0.0,0.0,0.0
4479,201_00136,201,136,0,N,0,N,0,N,1.0,1.0,0.0,0.0,0.0,0.0,0.0,0.0,0.0
4480,201_00137,201,137,0,N,0,N,0,N,1.0,1.0,0.0,0.0,0.0,0.0,0.0,0.0,0.0
4481,201_00138,201,138,0,N,0,N,0,N,1.0,1.0,0.0,0.0,0.0,0.0,0.0,0.0,0.0
4482,201_00139,201,139,0,N,0,N,0,N,1.0,1.0,0.0,0.0,0.0,0.0,0.0,0.0,0.0
4483,201_00140,201,140,0,N,0,N,0,N,1.0,1.0,0.0,0.0,0.0,0.0,0.0,0.0,0.0
4484,201_00141,201,141,0,N,0,N,0,N,1.0,1.0,0.0,0.0,0.0,0.0,0.0,0.0,0.0
4485,201_00142,201,142,0,N,0,N,0,N,1.0,1.0,0.0,0.0,0.0,0.0,0.0,0.0,0.0
4486,201_00143,201,143,0,N,0,N,0,N,1.0,1.0,0.0,0.0,0.0,0.0,0.0,0.0,0.0
4487,201_00144,201,144,0,N,0,N,0,N,1.0,1.0,0.0,0.0,0.0,0.0,0.0,0.0,0.0
4488,201_00145,201,145,0,N,0,N,0,N,1.0,1.0,0.0,0.0,0.0,0.0,0.0,0.0,0.0
4489,201_00146,201,146,0,N,0,N,0,N,1.0,1.0,0.0,0.0,0.0,0.0,0.0,0.0,0.0
4490,201_00147,201,147,0,N,0,N,0,N,1.0,1.0,0.0,0.0,0.0,0.0,0.0,0.0,0.0
4491,201_00148,201,148,0,N,0,N,0,N,1.0,1.0,0.0,0.0,0.0,0.0,0.0,0.0,0.0
4492,201_00149,201,149,0,N,0,N,0,N,1.0,1.0,0.0,0.0,0.0,0.0,0.0,0.0,0.0
4493,201_00150,201,150,0,N,0,N,0,N,1.0,1.0,0.0,0.0,0.0,0.0,0.0,0.0,0.0
4494,201_00151,201,151,0,N,0,N,0,N,1.0,1.0,0.0,0.0,0.0,0.0,0.0,0.0,0.0
4495,201_00152,201,152,0,N,0,N,0,N,1.0,1.0,0.0,0.0,0.0,0.0,0.0,0.0,0.0
4496,201_00153,201,153,0,N,0,N,0,N,1.0,1.0,0.0,0.0,0.0,0.0,0.0,0.0,0.0
4497,201_00154,201,154,0,N,0,N,0,N,1.0,1.0,0.0,0.0,0.0,0.0,0.0,0.0,0.0
4498,201_00155,201,155,0,N,0,N,0,N,1.0,1.0,0.0,0.0,0.0,0.0,0.0,0.0,0.0
4499,201_00156,201,156,0,N,0,N,0,N,1.0,1.0,0.0,0.0,0.0,0.0,0.0,0.0,0.0
4500,201_00157,201,157,0,N,0,N,0,N,1.0,1.0,0.0,0.0,0.0,0.0,0.0,0.0,0.0
4501,201_00158,201,158,0,N,0,N,0,N,1.0,1.0,0.0,0.0,0.0,0.0,0.0,0.0,0.0
4502,201_00159,201,159,0,N,0,N,0,N,1.0,1.0,0.0,0.0,0.0,0.0,0.0,0.0,0.0
4503,201_00160,201,160,0,N,0,N,0,N,1.0,1.0,0.0,0.0,0.0,0.0,0.0,0.0,0.0
4504,201_00161,201,161,0,N,0,N,0,N,1.0,1.0,0.0,0.0,0.0,0.0,0.0,0.0,0.0
4505,201_00162,201,162,0,N,0,N,0,N,1.0,1.0,0.0,0.0,0.0,0.0,0.0,0.0,0.0
4506,201_00163,201,163,0,N,0,N,0,N,1.0,1.0,0.0,0.0,0.0,0.0,0.0,0.0,0.0
4507,201_00164,201,164,0,N,0,N,0,N,1.0,1.0,0.0,0.0,0.0,0.0,0.0,0.0,0.0
4508,201_00165,201,165,0,N,0,N,0,N,1.0,1.0,0.0,0.0,0.0,0.0,0.0,0.0,0.0
4509,201_00166,201,166,0,N,0,N,0,N,1.0,1.0,0.0,0.0,0.0,0.0,0.0,0.0,0.0
4510,201_00167,201,167,0,N,0,N,0,N,1.0,1.0,0.0,0.0,0.0,0.0,0.0,0.0,0.0
4511,201_00168,201,168,0,N,0,N,0,N,1.0,1.0,0.0,0.0,0.0,0.0,0.0,0.0,0.0
4512,201_00169,201,169,0,N,0,N,0,N,1.0,1.0,0.0,0.0,0.0,0.0,0.0,0.0,0.0
4513,201_00170,201,170,0,N,0,N,0,N,1.0,1.0,0.0,0.0,0.0,0.0,0.0,0.0,0.0
4514,201_00171,201,171,0,N,0,N,0,N,1.0,1.0,0.0,0.0,0.0,0.0,0.0,0.0,0.0
4515,201_00172,201,172,0,N,0,N,0,N,1.0,1.0,0.0,0.0,0.0,0.0,0.0,0.0,0.0
4516,201_00173,201,173,0,N,0,N,0,N,1.0,1.0,0.0,0.0,0.0,0.0,0.0,0.0,0.0
4517,201_00174,201,174,0,N,0,N,0,N,1.0,1.0,0.0,0.0,0.0,0.0,0.0,0.0,0.0
4518,201_00175,201,175,0,N,0,N,0,N,1.0,1.0,0.0,0.0,0.0,0.0,0.0,0.0,0.0
4519,201_00176,201,176,0,N,0,N,0,N,1.0,1.0,0.0,0.0,0.0,0.0,0.0,0.0,0.0
4520,201_00177,201,177,0,N,0,N,0,N,1.0,1.0,0.0,0.0,0.0,0.0,0.0,0.0,0.0
4521,201_00178,201,178,0,N,0,N,0,N,1.0,1.0,0.0,0.0,0.0,0.0,0.0,0.0,0.0
4522,201_00179,201,179,0,N,0,N,0,N,1.0,1.0,0.0,0.0,0.0,0.0,0.0,0.0,0.0
4523,201_00180,201,180,0,N,0,N,0,N,1.0,1.0,0.0,0.0,0.0,0.0,0.0,0.0,0.0
4524,201_00181,201,181,0,N,0,N,0,N,1.0,1.0,0.0,0.0,0.0,0.0,0.0,0.0,0.0
4525,201_00182,201,182,0,N,0,N,0,N,1.0,1.0,0.0,0.0,0.0,0.0,0.0,0.0,0.0
4526,201_00183,201,183,0,N,0,N,0,N,1.0,1.0,0.0,0.0,0.0,0.0,0.0,0.0,0.0
4527,201_00184,201,184,0,N,0,N,0,N,1.0,1.0,0.0,0.0,0.0,0.0,0.0,0.0,0.0
4528,201_00185,201,185,0,N,0,N,0,N,1.0,1.0,0.0,0.0,0.0,0.0,0.0,0.0,0.0
4529,201_00186,201,186,0,N,0,N,0,N,1.0,1.0,0.0,0.0,0.0,0.0,0.0,0.0,0.0
4530,201_00187,201,187,0,N,0,N,0,N,1.0,1.0,0.0,0.0,0.0,0.0,0.0,0.0,0.0
4531,201_00188,201,188,0,N,0,N,0,N,1.0,1.0,0.0,0.0,0.0,0.0,0.0,0.0,0.0
4532,201_00189,201,189,0,N,0,N,0,N,1.0,1.0,0.0,0.0,0.0,0.0,0.0,0.0,0.0
4533,201_00190,201,190,0,N,0,N,0,N,1.0,1.0,0.0,0.0,0.0,0.0,0.0,0.0,0.0
4534,201_00191,201,191,0,N,0,N,0,N,1.0,1.0,0.0,0.0,0.0,0.0,0.0,0.0,0.0
4535,201_00192,201,192,0,N,0,N,0,N,1.0,1.0,0.0,0.0,0.0,0.0,0.0,0.0,0.0
4536,201_00193,201,193,0,N,0,N,0,N,1.0,1.0,0.0,0.0,0.0,0.0,0.0,0.0,0.0
4537,201_00194,201,194,0,N,0,N,0,N,1.0,1.0,0.0,0.0,0.0,0.0,0.0,0.0,0.0
4538,201_00195,201,195,0,N,0,N,0,N,1.0,1.0,0.0,0.0,0.0,0.0,0.0,0.0,0.0
4539,201_00196,201,196,0,N,0,N,0,N,1.0,1.0,0.0,0.0,0.0,0.0,0.0,0.0,0.0
4540,201_00197,201,197,0,N,0,N,0,N,1.0,1.0,0.0,0.0,0.0,0.0,0.0,0.0,0.0
4541,201_00198,201,198,0,N,0,N,0,N,1.0,1.0,0.0,0.0,0.0,0.0,0.0,0.0,0.0
4542,201_00199,201,199,0,N,0,N,0,N,1.0,1.0,0.0,0.0,0.0,0.0,0.0,0.0,0.0
4543,201_00200,201,200,0,N,0,N,0,N,1.0,1.0,0.0,0.0,0.0,0.0,0.0,0.0,0.0
4544,201_00201,201,201,0,N,0,N,0,N,1.0,1.0,0.0,0.0,0.0,0.0,0.0,0.0,0.0
4545,201_00202,201,202,0,N,0,N,0,N,1.0,1.0,0.0,0.0,0.0,0.0,0.0,0.0,0.0
4546,201_00203,201,203,0,N,0,N,0,N,1.0,1.0,0.0,0.0,0.0,0.0,0.0,0.0,0.0
4547,201_00204,201,204,0,N,0,N,0,N,1.0,1.0,0.0,0.0,0.0,0.0,0.0,0.0,0.0
4548,201_00205,201,205,0,N,0,N,0,N,1.0,1.0,0.0,0.0,0.0,0.0,0.0,0.0,0.0
4549,201_00206,201,206,0,N,0,N,0,N,1.0,1.0,0.0,0.0,0.0,0.0,0.0,0.0,0.0
4550,201_00207,201,207,0,N,0,N,0,N,1.0,1.0,0.0,0.0,0.0,0.0,0.0,0.0,0.0
4551,201_00208,201,208,0,N,0,N,0,N,1.0,1.0,0.0,0.0,0.0,0.0,0.0,0.0,0.0
4552,201_00209,201,209,0,N,0,N,0,N,1.0,1.0,0.0,0.0,0.0,0.0,0.0,0.0,0.0
4553,201_00210,201,210,0,N,0,N,0,N,1.0,1.0,0.0,0.0,0.0,0.0,0.0,0.0,0.0
4554,201_00211,201,211,0,N,0,N,0,N,1.0,1.0,0.0,0.0,0.0,0.0,0.0,0.0,0.0
4555,201_00212,201,212,0,N,0,N,0,N,1.0,1.0,0.0,0.0,0.0,0.0,0.0,0.0,0.0
4556,201_00213,201,213,0,N,0,N,0,N,1.0,1.0,0.0,0.0,0.0,0.0,0.0,0.0,0.0
4557,201_00214,201,214,0,N,0,N,0,N,1.0,1.0,0.0,0.0,0.0,0.0,0.0,0.0,0.0
4558,201_00215,201,215,0,N,0,N,0,N,1.0,1.0,0.0,0.0,0.0,0.0,0.0,0.0,0.0
4559,201_00216,201,216,0,N,0,N,0,N,1.0,1.0,0.0,0.0,0.0,0.0,0.0,0.0,0.0
4560,201_00217,201,217,0,N,0,N,0,N,1.0,1.0,0.0,0.0,0.0,0.0,0.0,0.0,0.0
4561,201_00218,201,218,0,N,0,N,0,N,1.0,1.0,0.0,0.0,0.0,0.0,0.0,0.0,0.0
4562,201_00219,201,219,0,N,0,N,0,N,1.0,1.0,0.0,0.0,0.0,0.0,0.0,0.0,0.0
4563,201_00220,201,220,0,N,0,N,0,N,1.0,1.0,0.0,0.0,0.0,0.0,0.0,0.0,0.0
4564,201_00221,201,221,0,N,0,N,0,N,1.0,1.0,0.0,0.0,0.0,0.0,0.0,0.0,0.0
4565,201_00222,201,222,0,N,0,N,0,N,1.0,1.0,0.0,0.0,0.0,0.0,0.0,0.0,0.0
4566,201_00223,201,223,0,N,0,N,0,N,1.0,1.0,0.0,0.0,0.0,0.0,0.0,0.0,0.0
4567,201_00224,201,224,0,N,0,N,0,N,1.0,1.0,0.0,0.0,0.0,0.0,0.0,0.0,0.0
4568,201_00225,201,225,0,N,0,N,0,N,1.0,1.0,0.0,0.0,0.0,0.0,0.0,0.0,0.0
4569,201_00226,201,226,0,N,0,N,0,N,1.0,1.0,0.0,0.0,0.0,0.0,0.0,0.0,0.0
4570,201_00227,201,227,0,N,0,N,0,N,1.0,1.0,0.0,0.0,0.0,0.0,0.0,0.0,0.0
4571,201_00228,201,228,0,N,0,N,0,N,1.0,1.0,0.0,0.0,0.0,0.0,0.0,0.0,0.0
4572,201_00229,201,229,0,N,0,N,0,N,1.0,1.0,0.0,0.0,0.0,0.0,0.0,0.0,0.0
4573,201_00230,201,230,0,N,0,N,0,N,1.0,1.0,0.0,0.0,0.0,0.0,0.0,0.0,0.0
4574,201_00231,201,231,0,N,0,N,0,N,1.0,1.0,0.0,0.0,0.0,0.0,0.0,0.0,0.0
4575,201_00232,201,232,0,N,0,N,0,N,1.0,1.0,0.0,0.0,0.0,0.0,0.0,0.0,0.0
4576,201_00233,201,233,0,N,0,N,0,N,1.0,1.0,0.0,0.0,0.0,0.0,0.0,0.0,0.0
4577,201_00234,201,234,0,N,0,N,0,N,1.0,1.0,0.0,0.0,0.0,0.0,0.0,0.0,0.0
4578,201_00235,201,235,0,N,0,N,0,N,1.0,1.0,0.0,0.0,0.0,0.0,0.0,0.0,0.0
4579,201_00236,201,236,0,N,0,N,0,N,1.0,1.0,0.0,0.0,0.0,0.0,0.0,0.0,0.0
4580,201_00237,201,237,0,N,0,N,0,N,1.0,1.0,0.0,0.0,0.0,0.0,0.0,0.0,0.0
4581,201_00238,201,238,0,N,0,N,0,N,1.0,1.0,0.0,0.0,0.0,0.0,0.0,0.0,0.0
4582,201_00239,201,239,0,N,0,N,0,N,1.0,1.0,0.0,0.0,0.0,0.0,0.0,0.0,0.0
4583,201_00240,201,240,0,N,0,N,0,N,1.0,1.0,0.0,0.0,0.0,0.0,0.0,0.0,0.0
4584,201_00241,201,241,0,N,0,N,0,N,1.0,1.0,0.0,0.0,0.0,0.0,0.0,0.0,0.0
4585,201_00242,201,242,0,N,0,N,0,N,1.0,1.0,0.0,0.0,0.0,0.0,0.0,0.0,0.0
4586,201_00243,201,243,0,N,0,N,0,N,1.0,1.0,0.0,0.0,0.0,0.0,0.0,0.0,0.0
4587,201_00244,201,244,0,N,0,N,0,N,1.0,1.0,0.0,0.0,0.0,0.0,0.0,0.0,0.0
4588,201_00245,201,245,0,N,0,N,0,N,1.0,1.0,0.0,0.0,0.0,0.0,0.0,0.0,0.0
4589,201_00246,201,246,0,N,0,N,0,N,1.0,1.0,0.0,0.0,0.0,0.0,0.0,0.0,0.0
4590,201_00247,201,247,0,N,0,N,0,N,1.0,1.0,0.0,0.0,0.0,0.0,0.0,0.0,0.0
4591,201_00248,201,248,0,N,0,N,0,N,1.0,1.0,0.0,0.0,0.0,0.0,0.0,0.0,0.0
4592,201_00249,201,249,0,N,0,N,0,N,1.0,1.0,0.0,0.0,0.0,0.0,0.0,0.0,0.0
4593,201_00250,201,250,0,N,0,N,0,N,1.0,1.0,0.0,0.0,0.0,0.0,0.0,0.0,0.0
4594,201_00251,201,251,0,N,0,N,0,N,1.0,1.0,0.0,0.0,0.0,0.0,0.0,0.0,0.0
4595,201_00252,201,252,0,N,0,N,0,N,1.0,1.0,0.0,0.0,0.0,0.0,0.0,0.0,0.0
4596,201_00253,201,253,0,N,0,N,0,N,1.0,1.0,0.0,0.0,0.0,0.0,0.0,0.0,0.0
4597,201_00254,201,254,0,N,0,N,0,N,1.0,1.0,0.0,0.0,0.0,0.0,0.0,0.0,0.0
4598,201_00255,201,255,0,N,0,N,0,N,1.0,1.0,0.0,0.0,0.0,0.0,0.0,0.0,0.0
4599,201_00256,201,256,0,N,0,N,0,N,1.0,1.0,0.0,0.0,0.0,0.0,0.0,0.0,0.0
4600,201_00257,201,257,0,N,0,N,0,N,1.0,1.0,0.0,0.0,0.0,0.0,0.0,0.0,0.0
4601,201_00258,201,258,0,N,0,N,0,N,1.0,1.0,0.0,0.0,0.0,0.0,0.0,0.0,0.0
4602,201_00259,201,259,0,N,0,N,0,N,1.0,1.0,0.0,0.0,0.0,0.0,0.0,0.0,0.0
4603,201_00260,201,260,0,N,0,N,0,N,1.0,1.0,0.0,0.0,0.0,0.0,0.0,0.0,0.0
4604,201_00261,201,261,0,N,0,N,0,N,1.0,1.0,0.0,0.0,0.0,0.0,0.0,0.0,0.0
4605,201_00262,201,262,0,N,0,N,0,N,1.0,1.0,0.0,0.0,0.0,0.0,0.0,0.0,0.0
4606,201_00263,201,263,0,N,0,N,0,N,1.0,1.0,0.0,0.0,0.0,0.0,0.0,0.0,0.0
4607,201_00264,201,264,0,N,0,N,0,N,1.0,1.0,0.0,0.0,0.0,0.0,0.0,0.0,0.0
4608,201_00265,201,265,0,N,0,N,0,N,1.0,1.0,0.0,0.0,0.0,0.0,0.0,0.0,0.0
4609,201_00266,201,266,0,N,0,N,0,N,1.0,1.0,0.0,0.0,0.0,0.0,0.0,0.0,0.0
4610,201_00267,201,267,0,N,0,N,0,N,1.0,1.0,0.0,0.0,0.0,0.0,0.0,0.0,0.0
4611,201_00268,201,268,0,N,0,N,0,N,1.0,1.0,0.0,0.0,0.0,0.0,0.0,0.0,0.0
4612,201_00269,201,269,0,N,0,N,0,N,1.0,1.0,0.0,0.0,0.0,0.0,0.0,0.0,0.0
4613,201_00270,201,270,0,N,0,N,0,N,1.0,1.0,0.0,0.0,0.0,0.0,0.0,0.0,0.0
4614,201_00271,201,271,0,N,0,N,0,N,1.0,1.0,0.0,0.0,0.0,0.0,0.0,0.0,0.0
4615,201_00272,201,272,0,N,0,N,0,N,1.0,1.0,0.0,0.0,0.0,0.0,0.0,0.0,0.0
4616,201_00273,201,273,0,N,0,N,0,N,1.0,1.0,0.0,0.0,0.0,0.0,0.0,0.0,0.0
4617,201_00274,201,274,0,N,0,N,0,N,1.0,1.0,0.0,0.0,0.0,0.0,0.0,0.0,0.0
4618,201_00275,201,275,0,N,0,N,0,N,1.0,1.0,0.0,0.0,0.0,0.0,0.0,0.0,0.0
4619,201_00276,201,276,0,N,0,N,0,N,1.0,1.0,0.0,0.0,0.0,0.0,0.0,0.0,0.0
4620,201_00277,201,277,0,N,0,N,0,N,1.0,1.0,0.0,0.0,0.0,0.0,0.0,0.0,0.0
4621,201_00278,201,278,0,N,0,N,0,N,1.0,1.0,0.0,0.0,0.0,0.0,0.0,0.0,0.0
4622,201_00279,201,279,0,N,0,N,0,N,1.0,1.0,0.0,0.0,0.0,0.0,0.0,0.0,0.0
4623,201_00280,201,280,0,N,0,N,0,N,1.0,1.0,0.0,0.0,0.0,0.0,0.0,0.0,0.0
4624,201_00281,201,281,0,N,0,N,0,N,1.0,1.0,0.0,0.0,0.0,0.0,0.0,0.0,0.0
4625,201_00282,201,282,0,N,0,N,0,N,1.0,1.0,0.0,0.0,0.0,0.0,0.0,0.0,0.0
4626,201_00283,201,283,0,N,0,N,0,N,1.0,1.0,0.0,0.0,0.0,0.0,0.0,0.0,0.0
4627,201_00284,201,284,0,N,0,N,0,N,1.0,1.0,0.0,0.0,0.0,0.0,0.0,0.0,0.0
4628,201_00285,201,285,0,N,0,N,0,N,1.0,1.0,0.0,0.0,0.0,0.0,0.0,0.0,0.0
4629,201_00286,201,286,0,N,0,N,0,N,1.0,1.0,0.0,0.0,0.0,0.0,0.0,0.0,0.0
4630,201_00287,201,287,0,N,0,N,0,N,1.0,1.0,0.0,0.0,0.0,0.0,0.0,0.0,0.0
4631,201_00288,201,288,0,N,0,N,0,N,1.0,1.0,0.0,0.0,0.0,0.0,0.0,0.0,0.0
4632,201_00289,201,289,0,N,0,N,0,N,1.0,1.0,0.0,0.0,0.0,0.0,0.0,0.0,0.0
4633,201_00290,201,290,0,N,0,N,0,N,1.0,1.0,0.0,0.0,0.0,0.0,0.0,0.0,0.0
4634,201_00291,201,291,0,N,0,N,0,N,1.0,1.0,0.0,0.0,0.0,0.0,0.0,0.0,0.0
4635,201_00292,201,292,0,N,0,N,0,N,1.0,1.0,0.0,0.0,0.0,0.0,0.0,0.0,0.0
4636,201_00293,201,293,0,N,0,N,0,N,1.0,1.0,0.0,0.0,0.0,0.0,0.0,0.0,0.0
4637,201_00294,201,294,0,N,0,N,0,N,1.0,1.0,0.0,0.0,0.0,0.0,0.0,0.0,0.0
4638,201_00295,201,295,0,N,0,N,0,N,1.0,1.0,0.0,0.0,0.0,0.0,0.0,0.0,0.0
4639,201_00296,201,296,0,N,0,N,0,N,1.0,1.0,0.0,0.0,0.0,0.0,0.0,0.0,0.0
4640,201_00297,201,297,0,N,0,N,0,N,1.0,1.0,0.0,0.0,0.0,0.0,0.0,0.0,0.0
4641,201_00298,201,298,0,N,0,N,0,N,1.0,1.0,0.0,0.0,0.0,0.0,0.0,0.0,0.0
4642,201_00299,201,299,0,N,0,N,0,N,1.0,1.0,0.0,0.0,0.0,0.0,0.0,0.0,0.0
4643,201_00300,201,300,0,N,0,N,0,N,1.0,1.0,0.0,0.0,0.0,0.0,0.0,0.0,0.0
4644,201_00301,201,301,0,N,0,N,0,N,1.0,1.0,0.0,0.0,0.0,0.0,0.0,0.0,0.0
4645,201_00302,201,302,0,N,0,N,0,N,1.0,1.0,0.0,0.0,0.0,0.0,0.0,0.0,0.0
4646,201_00303,201,303,0,N,0,N,0,N,1.0,1.0,0.0,0.0,0.0,0.0,0.0,0.0,0.0
4647,201_00304,201,304,0,N,0,N,0,N,1.0,1.0,0.0,0.0,0.0,0.0,0.0,0.0,0.0
4648,201_00305,201,305,0,N,0,N,0,N,1.0,1.0,0.0,0.0,0.0,0.0,0.0,0.0,0.0
4649,201_00306,201,306,0,N,0,N,0,N,1.0,1.0,0.0,0.0,0.0,0.0,0.0,0.0,0.0
4650,201_00307,201,307,0,N,0,N,0,N,1.0,1.0,0.0,0.0,0.0,0.0,0.0,0.0,0.0
4651,201_00308,201,308,0,N,0,N,0,N,1.0,1.0,0.0,0.0,0.0,0.0,0.0,0.0,0.0
4652,201_00309,201,309,0,N,0,N,0,N,1.0,1.0,0.0,0.0,0.0,0.0,0.0,0.0,0.0
4653,201_00310,201,310,5,ABERR,0,N,0,N,1.0,1.0,0.0,0.0,0.0,0.0,0.0,0.0,0.0
4654,201_00311,201,311,0,N,5,ABERR,5,ABERR,1.0,0.0,0.0,0.0,0.0,0.0,1.0,0.0,0.0
4655,201_00312,201,312,0,N,0,N,0,N,1.0,1.0,0.0,0.0,0.0,0.0,0.0,0.0,0.0
4656,201_00313,201,313,0,N,0,N,0,N,1.0,1.0,0.0,0.0,0.0,0.0,0.0,0.0,0.0
4657,201_00314,201,314,0,N,0,N,0,N,1.0,1.0,0.0,0.0,0.0,0.0,0.0,0.0,0.0
4658,201_00315,201,315,0,N,0,N,0,N,1.0,1.0,0.0,0.0,0.0,0.0,0.0,0.0,0.0
4659,201_00316,201,316,0,N,0,N,0,N,1.0,1.0,0.0,0.0,0.0,0.0,0.0,0.0,0.0
4660,201_00317,201,317,0,N,0,N,0,N,1.0,1.0,0.0,0.0,0.0,0.0,0.0,0.0,0.0
4661,201_00318,201,318,0,N,0,N,0,N,1.0,1.0,0.0,0.0,0.0,0.0,0.0,0.0,0.0
4662,201_00319,201,319,0,N,0,N,0,N,1.0,1.0,0.0,0.0,0.0,0.0,0.0,0.0,0.0
4663,201_00320,201,320,0,N,0,N,0,N,1.0,1.0,0.0,0.0,0.0,0.0,0.0,0.0,0.0
4664,201_00321,201,321,0,N,0,N,0,N,1.0,1.0,0.0,0.0,0.0,0.0,0.0,0.0,0.0
4665,201_00322,201,322,0,N,0,N,0,N,1.0,1.0,0.0,0.0,0.0,0.0,0.0,0.0,0.0
4666,201_00323,201,323,0,N,0,N,0,N,1.0,1.0,0.0,0.0,0.0,0.0,0.0,0.0,0.0
4667,201_00324,201,324,0,N,0,N,0,N,1.0,1.0,0.0,0.0,0.0,0.0,0.0,0.0,0.0
4668,201_00325,201,325,0,N,0,N,0,N,1.0,1.0,0.0,0.0,0.0,0.0,0.0,0.0,0.0
4669,201_00326,201,326,0,N,0,N,0,N,1.0,1.0,0.0,0.0,0.0,0.0,0.0,0.0,0.0
4670,201_00327,201,327,0,N,0,N,0,N,1.0,1.0,0.0,0.0,0.0,0.0,0.0,0.0,0.0
4671,201_00328,201,328,0,N,0,N,0,N,1.0,1.0,0.0,0.0,0.0,0.0,0.0,0.0,0.0
4672,201_00329,201,329,0,N,0,N,0,N,1.0,1.0,0.0,0.0,0.0,0.0,0.0,0.0,0.0
4673,201_00330,201,330,0,N,0,N,0,N,1.0,1.0,0.0,0.0,0.0,0.0,0.0,0.0,0.0
4674,201_00331,201,331,0,N,0,N,0,N,1.0,1.0,0.0,0.0,0.0,0.0,0.0,0.0,0.0
4675,201_00332,201,332,0,N,0,N,0,N,1.0,1.0,0.0,0.0,0.0,0.0,0.0,0.0,0.0
4676,201_00333,201,333,0,N,0,N,0,N,1.0,1.0,0.0,0.0,0.0,0.0,0.0,0.0,0.0
4677,201_00334,201,334,0,N,0,N,0,N,1.0,1.0,0.0,0.0,0.0,0.0,0.0,0.0,0.0
4678,201_00335,201,335,0,N,0,N,0,N,1.0,1.0,0.0,0.0,0.0,0.0,0.0,0.0,0.0
4679,201_00336,201,336,0,N,0,N,0,N,1.0,1.0,0.0,0.0,0.0,0.0,0.0,0.0,0.0
4680,201_00337,201,337,0,N,0,N,0,N,1.0,1.0,0.0,0.0,0.0,0.0,0.0,0.0,0.0
4681,201_00338,201,338,0,N,0,N,0,N,1.0,1.0,0.0,0.0,0.0,0.0,0.0,0.0,0.0
4682,201_00339,201,339,0,N,0,N,0,N,1.0,1.0,0.0,0.0,0.0,0.0,0.0,0.0,0.0
4683,201_00340,201,340,0,N,0,N,0,N,1.0,1.0,0.0,0.0,0.0,0.0,0.0,0.0,0.0
4684,201_00341,201,341,0,N,0,N,0,N,1.0,1.0,0.0,0.0,0.0,0.0,0.0,0.0,0.0
4685,201_00342,201,342,0,N,0,N,0,N,1.0,1.0,0.0,0.0,0.0,0.0,0.0,0.0,0.0
4686,201_00343,201,343,0,N,0,N,0,N,1.0,1.0,0.0,0.0,0.0,0.0,0.0,0.0,0.0
4687,201_00344,201,344,0,N,0,N,0,N,1.0,1.0,0.0,0.0,0.0,0.0,0.0,0.0,0.0
4688,201_00345,201,345,0,N,0,N,0,N,1.0,1.0,0.0,0.0,0.0,0.0,0.0,0.0,0.0
4689,201_00346,201,346,0,N,0,N,0,N,1.0,1.0,0.0,0.0,0.0,0.0,0.0,0.0,0.0
4690,201_00347,201,347,0,N,0,N,0,N,1.0,1.0,0.0,0.0,0.0,0.0,0.0,0.0,0.0
4691,201_00348,201,348,0,N,0,N,0,N,1.0,1.0,0.0,0.0,0.0,0.0,0.0,0.0,0.0
4692,201_00349,201,349,0,N,0,N,0,N,1.0,1.0,0.0,0.0,0.0,0.0,0.0,0.0,0.0
4693,201_00350,201,350,0,N,0,N,0,N,1.0,1.0,0.0,0.0,0.0,0.0,0.0,0.0,0.0
4694,201_00351,201,351,0,N,0,N,0,N,1.0,1.0,0.0,0.0,0.0,0.0,0.0,0.0,0.0
4695,201_00352,201,352,0,N,0,N,0,N,1.0,1.0,0.0,0.0,0.0,0.0,0.0,0.0,0.0
4696,201_00353,201,353,0,N,0,N,0,N,1.0,1.0,0.0,0.0,0.0,0.0,0.0,0.0,0.0
4697,201_00354,201,354,0,N,0,N,0,N,1.0,1.0,0.0,0.0,0.0,0.0,0.0,0.0,0.0
4698,201_00355,201,355,0,N,0,N,0,N,1.0,1.0,0.0,0.0,0.0,0.0,0.0,0.0,0.0
4699,201_00356,201,356,0,N,0,N,0,N,1.0,1.0,0.0,0.0,0.0,0.0,0.0,0.0,0.0
4700,201_00357,201,357,0,N,0,N,0,N,1.0,1.0,0.0,0.0,0.0,0.0,0.0,0.0,0.0
4701,201_00358,201,358,0,N,0,N,0,N,1.0,1.0,0.0,0.0,0.0,0.0,0.0,0.0,0.0
4702,201_00359,201,359,0,N,0,N,0,N,1.0,1.0,0.0,0.0,0.0,0.0,0.0,0.0,0.0
4703,201_00360,201,360,0,N,0,N,0,N,1.0,1.0,0.0,0.0,0.0,0.0,0.0,0.0,0.0
4704,201_00361,201,361,0,N,0,N,0,N,1.0,1.0,0.0,0.0,0.0,0.0,0.0,0.0,0.0
4705,201_00362,201,362,0,N,0,N,0,N,1.0,1.0,0.0,0.0,0.0,0.0,0.0,0.0,0.0
4706,201_00363,201,363,0,N,0,N,0,N,1.0,1.0,0.0,0.0,0.0,0.0,0.0,0.0,0.0
4707,201_00364,201,364,0,N,0,N,0,N,1.0,1.0,0.0,0.0,0.0,0.0,0.0,0.0,0.0
4708,201_00365,201,365,0,N,0,N,0,N,1.0,1.0,0.0,0.0,0.0,0.0,0.0,0.0,0.0
4709,201_00366,201,366,0,N,0,N,0,N,1.0,1.0,0.0,0.0,0.0,0.0,0.0,0.0,0.0
4710,201_00367,201,367,0,N,0,N,0,N,1.0,1.0,0.0,0.0,0.0,0.0,0.0,0.0,0.0
4711,201_00368,201,368,0,N,0,N,0,N,1.0,1.0,0.0,0.0,0.0,0.0,0.0,0.0,0.0
4712,201_00369,201,369,0,N,0,N,0,N,1.0,1.0,0.0,0.0,0.0,0.0,0.0,0.0,0.0
4713,201_00370,201,370,0,N,0,N,0,N,1.0,1.0,0.0,0.0,0.0,0.0,0.0,0.0,0.0
4714,201_00371,201,371,0,N,0,N,0,N,1.0,1.0,0.0,0.0,0.0,0.0,0.0,0.0,0.0
4715,201_00372,201,372,0,N,0,N,0,N,1.0,1.0,0.0,0.0,0.0,0.0,0.0,0.0,0.0
4716,201_00373,201,373,0,N,0,N,0,N,1.0,1.0,0.0,0.0,0.0,0.0,0.0,0.0,0.0
4717,201_00374,201,374,0,N,0,N,0,N,1.0,1.0,0.0,0.0,0.0,0.0,0.0,0.0,0.0
4718,201_00375,201,375,0,N,0,N,0,N,1.0,1.0,0.0,0.0,0.0,0.0,0.0,0.0,0.0
4719,201_00376,201,376,0,N,0,N,0,N,1.0,1.0,0.0,0.0,0.0,0.0,0.0,0.0,0.0
4720,201_00377,201,377,0,N,0,N,0,N,1.0,1.0,0.0,0.0,0.0,0.0,0.0,0.0,0.0
4721,201_00378,201,378,0,N,0,N,0,N,1.0,1.0,0.0,0.0,0.0,0.0,0.0,0.0,0.0
4722,201_00379,201,379,0,N,0,N,0,N,1.0,1.0,0.0,0.0,0.0,0.0,0.0,0.0,0.0
4723,201_00380,201,380,0,N,0,N,0,N,1.0,1.0,0.0,0.0,0.0,0.0,0.0,0.0,0.0
4724,201_00381,201,381,0,N,0,N,0,N,1.0,1.0,0.0,0.0,0.0,0.0,0.0,0.0,0.0
4725,201_00382,201,382,0,N,0,N,0,N,1.0,1.0,0.0,0.0,0.0,0.0,0.0,0.0,0.0
4726,201_00383,201,383,0,N,0,N,0,N,1.0,1.0,0.0,0.0,0.0,0.0,0.0,0.0,0.0
4727,201_00384,201,384,0,N,0,N,0,N,1.0,1.0,0.0,0.0,0.0,0.0,0.0,0.0,0.0
4728,201_00385,201,385,0,N,0,N,0,N,1.0,1.0,0.0,0.0,0.0,0.0,0.0,0.0,0.0
4729,201_00386,201,386,0,N,0,N,0,N,1.0,1.0,0.0,0.0,0.0,0.0,0.0,0.0,0.0
4730,201_00387,201,387,0,N,0,N,0,N,1.0,1.0,0.0,0.0,0.0,0.0,0.0,0.0,0.0
4731,201_00388,201,388,0,N,0,N,0,N,1.0,1.0,0.0,0.0,0.0,0.0,0.0,0.0,0.0
4732,201_00389,201,389,0,N,0,N,0,N,1.0,1.0,0.0,0.0,0.0,0.0,0.0,0.0,0.0
4733,201_00390,201,390,0,N,0,N,0,N,1.0,1.0,0.0,0.0,0.0,0.0,0.0,0.0,0.0
4734,201_00391,201,391,0,N,0,N,0,N,1.0,1.0,0.0,0.0,0.0,0.0,0.0,0.0,0.0
4735,201_00392,201,392,0,N,0,N,0,N,1.0,1.0,0.0,0.0,0.0,0.0,0.0,0.0,0.0
4736,201_00393,201,393,0,N,0,N,0,N,1.0,1.0,0.0,0.0,0.0,0.0,0.0,0.0,0.0
4737,201_00394,201,394,0,N,0,N,0,N,1.0,1.0,0.0,0.0,0.0,0.0,0.0,0.0,0.0
4738,201_00395,201,395,0,N,0,N,0,N,1.0,1.0,0.0,0.0,0.0,0.0,0.0,0.0,0.0
4739,201_00396,201,396,0,N,0,N,0,N,1.0,1.0,0.0,0.0,0.0,0.0,0.0,0.0,0.0
4740,201_00397,201,397,0,N,0,N,0,N,1.0,1.0,0.0,0.0,0.0,0.0,0.0,0.0,0.0
4741,201_00398,201,398,0,N,0,N,0,N,1.0,1.0,0.0,0.0,0.0,0.0,0.0,0.0,0.0
4742,201_00399,201,399,0,N,0,N,0,N,1.0,1.0,0.0,0.0,0.0,0.0,0.0,0.0,0.0
4743,201_00400,201,400,0,N,0,N,0,N,1.0,1.0,0.0,0.0,0.0,0.0,0.0,0.0,0.0
4744,201_00401,201,401,0,N,0,N,0,N,1.0,1.0,0.0,0.0,0.0,0.0,0.0,0.0,0.0
4745,201_00402,201,402,0,N,0,N,0,N,1.0,1.0,0.0,0.0,0.0,0.0,0.0,0.0,0.0
4746,201_00403,201,403,0,N,0,N,0,N,1.0,1.0,0.0,0.0,0.0,0.0,0.0,0.0,0.0
4747,201_00404,201,404,0,N,0,N,0,N,1.0,1.0,0.0,0.0,0.0,0.0,0.0,0.0,0.0
4748,201_00405,201,405,0,N,0,N,0,N,1.0,1.0,0.0,0.0,0.0,0.0,0.0,0.0,0.0
4749,201_00406,201,406,0,N,0,N,0,N,1.0,1.0,0.0,0.0,0.0,0.0,0.0,0.0,0.0
4750,201_00407,201,407,0,N,0,N,0,N,1.0,1.0,0.0,0.0,0.0,0.0,0.0,0.0,0.0
4751,201_00408,201,408,0,N,0,N,0,N,1.0,1.0,0.0,0.0,0.0,0.0,0.0,0.0,0.0
4752,201_00409,201,409,0,N,0,N,0,N,1.0,1.0,0.0,0.0,0.0,0.0,0.0,0.0,0.0
4753,201_00410,201,410,0,N,0,N,0,N,1.0,1.0,0.0,0.0,0.0,0.0,0.0,0.0,0.0
4754,201_00411,201,411,0,N,0,N,0,N,1.0,1.0,0.0,0.0,0.0,0.0,0.0,0.0,0.0
4755,201_00412,201,412,0,N,0,N,0,N,1.0,1.0,0.0,0.0,0.0,0.0,0.0,0.0,0.0
4756,201_00413,201,413,0,N,0,N,0,N,1.0,1.0,0.0,0.0,0.0,0.0,0.0,0.0,0.0
4757,201_00414,201,414,0,N,0,N,0,N,1.0,1.0,0.0,0.0,0.0,0.0,0.0,0.0,0.0
4758,201_00415,201,415,0,N,0,N,0,N,1.0,1.0,0.0,0.0,0.0,0.0,0.0,0.0,0.0
4759,201_00416,201,416,0,N,0,N,0,N,1.0,1.0,0.0,0.0,0.0,0.0,0.0,0.0,0.0
4760,201_00417,201,417,0,N,0,N,0,N,1.0,1.0,0.0,0.0,0.0,0.0,0.0,0.0,0.0
4761,201_00418,201,418,0,N,0,N,0,N,1.0,1.0,0.0,0.0,0.0,0.0,0.0,0.0,0.0
4762,201_00419,201,419,0,N,0,N,0,N,1.0,1.0,0.0,0.0,0.0,0.0,0.0,0.0,0.0
4763,201_00420,201,420,0,N,0,N,0,N,1.0,1.0,0.0,0.0,0.0,0.0,0.0,0.0,0.0
4764,201_00421,201,421,0,N,0,N,0,N,1.0,1.0,0.0,0.0,0.0,0.0,0.0,0.0,0.0
4765,201_00422,201,422,0,N,0,N,0,N,1.0,1.0,0.0,0.0,0.0,0.0,0.0,0.0,0.0
4766,201_00423,201,423,0,N,0,N,0,N,1.0,1.0,0.0,0.0,0.0,0.0,0.0,0.0,0.0
4767,201_00424,201,424,0,N,0,N,0,N,1.0,1.0,0.0,0.0,0.0,0.0,0.0,0.0,0.0
4768,201_00425,201,425,0,N,0,N,0,N,1.0,1.0,0.0,0.0,0.0,0.0,0.0,0.0,0.0
4769,201_00426,201,426,0,N,0,N,0,N,1.0,1.0,0.0,0.0,0.0,0.0,0.0,0.0,0.0
4770,201_00427,201,427,0,N,0,N,0,N,1.0,1.0,0.0,0.0,0.0,0.0,0.0,0.0,0.0
4771,201_00428,201,428,0,N,0,N,0,N,1.0,1.0,0.0,0.0,0.0,0.0,0.0,0.0,0.0
4772,201_00429,201,429,0,N,0,N,0,N,1.0,1.0,0.0,0.0,0.0,0.0,0.0,0.0,0.0
4773,201_00430,201,430,0,N,0,N,0,N,1.0,1.0,0.0,0.0,0.0,0.0,0.0,0.0,0.0
4774,201_00431,201,431,0,N,0,N,0,N,1.0,1.0,0.0,0.0,0.0,0.0,0.0,0.0,0.0
4775,201_00432,201,432,0,N,0,N,0,N,1.0,1.0,0.0,0.0,0.0,0.0,0.0,0.0,0.0
4776,201_00433,201,433,0,N,0,N,0,N,1.0,1.0,0.0,0.0,0.0,0.0,0.0,0.0,0.0
4777,201_00434,201,434,0,N,0,N,0,N,1.0,1.0,0.0,0.0,0.0,0.0,0.0,0.0,0.0
4778,201_00435,201,435,0,N,0,N,0,N,1.0,1.0,0.0,0.0,0.0,0.0,0.0,0.0,0.0
4779,201_00436,201,436,0,N,0,N,0,N,1.0,1.0,0.0,0.0,0.0,0.0,0.0,0.0,0.0
4780,201_00437,201,437,0,N,0,N,0,N,1.0,1.0,0.0,0.0,0.0,0.0,0.0,0.0,0.0
4781,201_00438,201,438,0,N,0,N,0,N,1.0,1.0,0.0,0.0,0.0,0.0,0.0,0.0,0.0
4782,201_00439,201,439,0,N,0,N,0,N,1.0,1.0,0.0,0.0,0.0,0.0,0.0,0.0,0.0
4783,201_00440,201,440,0,N,0,N,0,N,1.0,1.0,0.0,0.0,0.0,0.0,0.0,0.0,0.0
4784,201_00441,201,441,0,N,0,N,0,N,1.0,1.0,0.0,0.0,0.0,0.0,0.0,0.0,0.0
4785,201_00442,201,442,0,N,0,N,0,N,1.0,1.0,0.0,0.0,0.0,0.0,0.0,0.0,0.0
4786,201_00443,201,443,0,N,0,N,0,N,1.0,1.0,0.0,0.0,0.0,0.0,0.0,0.0,0.0
4787,201_00444,201,444,0,N,0,N,0,N,1.0,1.0,0.0,0.0,0.0,0.0,0.0,0.0,0.0
4788,201_00445,201,445,5,ABERR,0,N,0,N,1.0,1.0,0.0,0.0,0.0,0.0,0.0,0.0,0.0
4789,201_00446,201,446,0,N,5,ABERR,5,ABERR,1.0,0.0,0.0,0.0,0.0,0.0,1.0,0.0,0.0
4790,201_00447,201,447,0,N,0,N,0,N,1.0,1.0,0.0,0.0,0.0,0.0,0.0,0.0,0.0
4791,201_00448,201,448,0,N,0,N,0,N,1.0,1.0,0.0,0.0,0.0,0.0,0.0,0.0,0.0
4792,201_00449,201,449,0,N,0,N,0,N,1.0,1.0,0.0,0.0,0.0,0.0,0.0,0.0,0.0
4793,201_00450,201,450,0,N,0,N,0,N,1.0,1.0,0.0,0.0,0.0,0.0,0.0,0.0,0.0
4794,201_00451,201,451,0,N,0,N,0,N,1.0,1.0,0.0,0.0,0.0,0.0,0.0,0.0,0.0
4795,201_00452,201,452,0,N,0,N,0,N,1.0,1.0,0.0,0.0,0.0,0.0,0.0,0.0,0.0
4796,201_00453,201,453,0,N,0,N,0,N,1.0,1.0,0.0,0.0,0.0,0.0,0.0,0.0,0.0
4797,201_00454,201,454,0,N,0,N,0,N,1.0,1.0,0.0,0.0,0.0,0.0,0.0,0.0,0.0
4798,201_00455,201,455,0,N,0,N,0,N,1.0,1.0,0.0,0.0,0.0,0.0,0.0,0.0,0.0
4799,201_00456,201,456,0,N,0,N,0,N,1.0,1.0,0.0,0.0,0.0,0.0,0.0,0.0,0.0
4800,201_00457,201,457,0,N,0,N,0,N,1.0,1.0,0.0,0.0,0.0,0.0,0.0,0.0,0.0
4801,201_00458,201,458,0,N,0,N,0,N,1.0,1.0,0.0,0.0,0.0,0.0,0.0,0.0,0.0
4802,201_00459,201,459,0,N,0,N,0,N,1.0,1.0,0.0,0.0,0.0,0.0,0.0,0.0,0.0
4803,201_00460,201,460,0,N,0,N,0,N,1.0,1.0,0.0,0.0,0.0,0.0,0.0,0.0,0.0
4804,201_00461,201,461,0,N,0,N,0,N,1.0,1.0,0.0,0.0,0.0,0.0,0.0,0.0,0.0
4805,201_00462,201,462,0,N,0,N,0,N,1.0,1.0,0.0,0.0,0.0,0.0,0.0,0.0,0.0
4806,201_00463,201,463,0,N,0,N,0,N,1.0,1.0,0.0,0.0,0.0,0.0,0.0,0.0,0.0
4807,201_00464,201,464,0,N,0,N,0,N,1.0,1.0,0.0,0.0,0.0,0.0,0.0,0.0,0.0
4808,201_00465,201,465,0,N,0,N,0,N,1.0,1.0,0.0,0.0,0.0,0.0,0.0,0.0,0.0
4809,201_00466,201,466,0,N,0,N,0,N,1.0,1.0,0.0,0.0,0.0,0.0,0.0,0.0,0.0
4810,201_00467,201,467,0,N,0,N,0,N,1.0,1.0,0.0,0.0,0.0,0.0,0.0,0.0,0.0
4811,201_00468,201,468,0,N,0,N,0,N,1.0,1.0,0.0,0.0,0.0,0.0,0.0,0.0,0.0
4812,201_00469,201,469,0,N,0,N,0,N,1.0,1.0,0.0,0.0,0.0,0.0,0.0,0.0,0.0
4813,201_00470,201,470,0,N,0,N,0,N,1.0,1.0,0.0,0.0,0.0,0.0,0.0,0.0,0.0
4814,201_00471,201,471,0,N,0,N,0,N,1.0,1.0,0.0,0.0,0.0,0.0,0.0,0.0,0.0
4815,201_00472,201,472,0,N,0,N,0,N,1.0,1.0,0.0,0.0,0.0,0.0,0.0,0.0,0.0
4816,201_00473,201,473,0,N,0,N,0,N,1.0,1.0,0.0,0.0,0.0,0.0,0.0,0.0,0.0
4817,201_00474,201,474,0,N,0,N,0,N,1.0,1.0,0.0,0.0,0.0,0.0,0.0,0.0,0.0
4818,201_00475,201,475,0,N,0,N,0,N,1.0,1.0,0.0,0.0,0.0,0.0,0.0,0.0,0.0
4819,201_00476,201,476,0,N,0,N,0,N,1.0,1.0,0.0,0.0,0.0,0.0,0.0,0.0,0.0
4820,201_00477,201,477,0,N,0,N,0,N,1.0,1.0,0.0,0.0,0.0,0.0,0.0,0.0,0.0
4821,201_00478,201,478,0,N,0,N,0,N,1.0,1.0,0.0,0.0,0.0,0.0,0.0,0.0,0.0
4822,201_00479,201,479,0,N,0,N,0,N,1.0,1.0,0.0,0.0,0.0,0.0,0.0,0.0,0.0
4823,201_00480,201,480,0,N,0,N,0,N,1.0,1.0,0.0,0.0,0.0,0.0,0.0,0.0,0.0
4824,201_00481,201,481,0,N,0,N,0,N,1.0,1.0,0.0,0.0,0.0,0.0,0.0,0.0,0.0
4825,201_00482,201,482,0,N,0,N,0,N,1.0,1.0,0.0,0.0,0.0,0.0,0.0,0.0,0.0
4826,201_00483,201,483,0,N,0,N,0,N,1.0,1.0,0.0,0.0,0.0,0.0,0.0,0.0,0.0
4827,201_00484,201,484,0,N,0,N,0,N,1.0,1.0,0.0,0.0,0.0,0.0,0.0,0.0,0.0
4828,201_00485,201,485,0,N,0,N,0,N,1.0,1.0,0.0,0.0,0.0,0.0,0.0,0.0,0.0
4829,201_00486,201,486,0,N,0,N,0,N,1.0,1.0,0.0,0.0,0.0,0.0,0.0,0.0,0.0
4830,201_00487,201,487,0,N,0,N,0,N,1.0,1.0,0.0,0.0,0.0,0.0,0.0,0.0,0.0
4831,201_00488,201,488,0,N,0,N,0,N,1.0,1.0,0.0,0.0,0.0,0.0,0.0,0.0,0.0
4832,201_00489,201,489,0,N,0,N,0,N,1.0,1.0,0.0,0.0,0.0,0.0,0.0,0.0,0.0
4833,201_00490,201,490,0,N,0,N,0,N,1.0,1.0,0.0,0.0,0.0,0.0,0.0,0.0,0.0
4834,201_00491,201,491,0,N,0,N,0,N,1.0,1.0,0.0,0.0,0.0,0.0,0.0,0.0,0.0
4835,201_00492,201,492,0,N,0,N,0,N,1.0,1.0,0.0,0.0,0.0,0.0,0.0,0.0,0.0
4836,201_00493,201,493,0,N,0,N,0,N,1.0,1.0,0.0,0.0,0.0,0.0,0.0,0.0,0.0
4837,201_00494,201,494,0,N,0,N,0,N,1.0,1.0,0.0,0.0,0.0,0.0,0.0,0.0,0.0
4838,201_00495,201,495,0,N,0,N,0,N,1.0,1.0,0.0,0.0,0.0,0.0,0.0,0.0,0.0
4839,201_00496,201,496,0,N,0,N,0,N,1.0,1.0,0.0,0.0,0.0,0.0,0.0,0.0,0.0
4840,201_00497,201,497,0,N,0,N,0,N,1.0,1.0,0.0,0.0,0.0,0.0,0.0,0.0,0.0
4841,201_00498,201,498,0,N,0,N,0,N,1.0,1.0,0.0,0.0,0.0,0.0,0.0,0.0,0.0
4842,201_00499,201,499,0,N,0,N,0,N,1.0,1.0,0.0,0.0,0.0,0.0,0.0,0.0,0.0
4843,201_00500,201,500,0,N,0,N,0,N,1.0,1.0,0.0,0.0,0.0,0.0,0.0,0.0,0.0
4844,201_00501,201,501,0,N,0,N,0,N,1.0,1.0,0.0,0.0,0.0,0.0,0.0,0.0,0.0
4845,201_00502,201,502,0,N,0,N,0,N,1.0,1.0,0.0,0.0,0.0,0.0,0.0,0.0,0.0
4846,201_00503,201,503,0,N,0,N,0,N,1.0,1.0,0.0,0.0,0.0,0.0,0.0,0.0,0.0
4847,201_00504,201,504,0,N,0,N,0,N,1.0,1.0,0.0,0.0,0.0,0.0,0.0,0.0,0.0
4848,201_00505,201,505,0,N,0,N,0,N,1.0,1.0,0.0,0.0,0.0,0.0,0.0,0.0,0.0
4849,201_00506,201,506,0,N,0,N,0,N,1.0,1.0,0.0,0.0,0.0,0.0,0.0,0.0,0.0
4850,201_00507,201,507,0,N,0,N,0,N,1.0,1.0,0.0,0.0,0.0,0.0,0.0,0.0,0.0
4851,201_00508,201,508,0,N,0,N,0,N,1.0,1.0,0.0,0.0,0.0,0.0,0.0,0.0,0.0
4852,201_00509,201,509,0,N,0,N,0,N,1.0,1.0,0.0,0.0,0.0,0.0,0.0,0.0,0.0
4853,201_00510,201,510,0,N,0,N,0,N,1.0,1.0,0.0,0.0,0.0,0.0,0.0,0.0,0.0
4854,201_00511,201,511,0,N,0,N,0,N,1.0,1.0,0.0,0.0,0.0,0.0,0.0,0.0,0.0
4855,201_00512,201,512,0,N,0,N,0,N,1.0,1.0,0.0,0.0,0.0,0.0,0.0,0.0,0.0
4856,201_00513,201,513,0,N,0,N,0,N,1.0,1.0,0.0,0.0,0.0,0.0,0.0,0.0,0.0
4857,201_00514,201,514,0,N,0,N,0,N,1.0,1.0,0.0,0.0,0.0,0.0,0.0,0.0,0.0
4858,201_00515,201,515,0,N,0,N,0,N,1.0,1.0,0.0,0.0,0.0,0.0,0.0,0.0,0.0
4859,201_00516,201,516,0,N,0,N,0,N,1.0,1.0,0.0,0.0,0.0,0.0,0.0,0.0,0.0
4860,201_00517,201,517,0,N,0,N,0,N,1.0,1.0,0.0,0.0,0.0,0.0,0.0,0.0,0.0
4861,201_00518,201,518,0,N,0,N,0,N,1.0,1.0,0.0,0.0,0.0,0.0,0.0,0.0,0.0
4862,201_00519,201,519,0,N,0,N,0,N,1.0,1.0,0.0,0.0,0.0,0.0,0.0,0.0,0.0
4863,201_00520,201,520,0,N,0,N,0,N,1.0,1.0,0.0,0.0,0.0,0.0,0.0,0.0,0.0
4864,201_00521,201,521,0,N,0,N,0,N,1.0,1.0,0.0,0.0,0.0,0.0,0.0,0.0,0.0
4865,201_00522,201,522,0,N,0,N,0,N,1.0,1.0,0.0,0.0,0.0,0.0,0.0,0.0,0.0
4866,201_00523,201,523,0,N,0,N,0,N,1.0,1.0,0.0,0.0,0.0,0.0,0.0,0.0,0.0
4867,201_00524,201,524,0,N,0,N,0,N,1.0,1.0,0.0,0.0,0.0,0.0,0.0,0.0,0.0
4868,201_00525,201,525,0,N,0,N,0,N,1.0,1.0,0.0,0.0,0.0,0.0,0.0,0.0,0.0
4869,201_00526,201,526,0,N,0,N,0,N,1.0,1.0,0.0,0.0,0.0,0.0,0.0,0.0,0.0
4870,201_00527,201,527,0,N,0,N,0,N,1.0,1.0,0.0,0.0,0.0,0.0,0.0,0.0,0.0
4871,201_00528,201,528,0,N,0,N,0,N,1.0,1.0,0.0,0.0,0.0,0.0,0.0,0.0,0.0
4872,201_00529,201,529,0,N,0,N,0,N,1.0,1.0,0.0,0.0,0.0,0.0,0.0,0.0,0.0
4873,201_00530,201,530,0,N,0,N,0,N,1.0,1.0,0.0,0.0,0.0,0.0,0.0,0.0,0.0
4874,201_00531,201,531,0,N,0,N,0,N,1.0,1.0,0.0,0.0,0.0,0.0,0.0,0.0,0.0
4875,201_00532,201,532,0,N,0,N,0,N,1.0,1.0,0.0,0.0,0.0,0.0,0.0,0.0,0.0
4876,201_00533,201,533,0,N,0,N,0,N,1.0,1.0,0.0,0.0,0.0,0.0,0.0,0.0,0.0
4877,201_00534,201,534,0,N,0,N,0,N,1.0,1.0,0.0,0.0,0.0,0.0,0.0,0.0,0.0
4878,201_00535,201,535,0,N,0,N,0,N,1.0,1.0,0.0,0.0,0.0,0.0,0.0,0.0,0.0
4879,201_00536,201,536,0,N,0,N,0,N,1.0,1.0,0.0,0.0,0.0,0.0,0.0,0.0,0.0
4880,201_00537,201,537,0,N,0,N,0,N,1.0,1.0,0.0,0.0,0.0,0.0,0.0,0.0,0.0
4881,201_00538,201,538,0,N,0,N,0,N,1.0,1.0,0.0,0.0,0.0,0.0,0.0,0.0,0.0
4882,201_00539,201,539,0,N,0,N,0,N,1.0,1.0,0.0,0.0,0.0,0.0,0.0,0.0,0.0
4883,201_00540,201,540,0,N,0,N,0,N,1.0,1.0,0.0,0.0,0.0,0.0,0.0,0.0,0.0
4884,201_00541,201,541,0,N,0,N,0,N,1.0,1.0,0.0,0.0,0.0,0.0,0.0,0.0,0.0
4885,201_00542,201,542,0,N,0,N,0,N,1.0,1.0,0.0,0.0,0.0,0.0,0.0,0.0,0.0
4886,201_00543,201,543,0,N,0,N,0,N,1.0,1.0,0.0,0.0,0.0,0.0,0.0,0.0,0.0
4887,201_00544,201,544,0,N,0,N,0,N,1.0,1.0,0.0,0.0,0.0,0.0,0.0,0.0,0.0
4888,201_00545,201,545,0,N,0,N,0,N,1.0,1.0,0.0,0.0,0.0,0.0,0.0,0.0,0.0
4889,201_00546,201,546,0,N,0,N,0,N,1.0,1.0,0.0,0.0,0.0,0.0,0.0,0.0,0.0
4890,201_00547,201,547,0,N,0,N,0,N,1.0,1.0,0.0,0.0,0.0,0.0,0.0,0.0,0.0
4891,201_00548,201,548,0,N,0,N,0,N,1.0,1.0,0.0,0.0,0.0,0.0,0.0,0.0,0.0
4892,201_00549,201,549,0,N,0,N,0,N,1.0,1.0,0.0,0.0,0.0,0.0,0.0,0.0,0.0
4893,201_00550,201,550,7,NESC,0,N,0,N,1.0,1.0,0.0,0.0,0.0,0.0,0.0,0.0,0.0
4894,201_00551,201,551,7,NESC,7,NESC,7,NESC,1.0,0.0,0.0,0.0,0.0,0.0,0.0,0.0,1.0
4895,201_00552,201,552,0,N,7,NESC,7,NESC,1.0,0.0,0.0,0.0,0.0,0.0,0.0,0.0,1.0
4896,201_00553,201,553,7,NESC,0,N,0,N,1.0,1.0,0.0,0.0,0.0,0.0,0.0,0.0,0.0
4897,201_00554,201,554,0,N,7,NESC,7,NESC,1.0,0.0,0.0,0.0,0.0,0.0,0.0,0.0,1.0
4898,201_00555,201,555,0,N,0,N,0,N,1.0,1.0,0.0,0.0,0.0,0.0,0.0,0.0,0.0
4899,201_00556,201,556,0,N,0,N,0,N,1.0,1.0,0.0,0.0,0.0,0.0,0.0,0.0,0.0
4900,201_00557,201,557,5,ABERR,0,N,0,N,1.0,1.0,0.0,0.0,0.0,0.0,0.0,0.0,0.0
4901,201_00558,201,558,0,N,5,ABERR,5,ABERR,1.0,0.0,0.0,0.0,0.0,0.0,1.0,0.0,0.0
4902,201_00559,201,559,0,N,0,N,0,N,1.0,1.0,0.0,0.0,0.0,0.0,0.0,0.0,0.0
4903,201_00560,201,560,0,N,0,N,0,N,1.0,1.0,0.0,0.0,0.0,0.0,0.0,0.0,0.0
4904,201_00561,201,561,0,N,0,N,0,N,1.0,1.0,0.0,0.0,0.0,0.0,0.0,0.0,0.0
4905,201_00562,201,562,0,N,0,N,0,N,1.0,1.0,0.0,0.0,0.0,0.0,0.0,0.0,0.0
4906,201_00563,201,563,0,N,0,N,0,N,1.0,1.0,0.0,0.0,0.0,0.0,0.0,0.0,0.0
4907,201_00564,201,564,0,N,0,N,0,N,1.0,1.0,0.0,0.0,0.0,0.0,0.0,0.0,0.0
4908,201_00565,201,565,0,N,0,N,0,N,1.0,1.0,0.0,0.0,0.0,0.0,0.0,0.0,0.0
4909,201_00566,201,566,0,N,0,N,0,N,1.0,1.0,0.0,0.0,0.0,0.0,0.0,0.0,0.0
4910,201_00567,201,567,0,N,0,N,0,N,1.0,1.0,0.0,0.0,0.0,0.0,0.0,0.0,0.0
4911,201_00568,201,568,0,N,0,N,0,N,1.0,1.0,0.0,0.0,0.0,0.0,0.0,0.0,0.0
4912,201_00569,201,569,0,N,0,N,0,N,1.0,1.0,0.0,0.0,0.0,0.0,0.0,0.0,0.0
4913,201_00570,201,570,0,N,0,N,0,N,1.0,1.0,0.0,0.0,0.0,0.0,0.0,0.0,0.0
4914,201_00571,201,571,0,N,0,N,0,N,1.0,1.0,0.0,0.0,0.0,0.0,0.0,0.0,0.0
4915,201_00572,201,572,0,N,0,N,0,N,1.0,1.0,0.0,0.0,0.0,0.0,0.0,0.0,0.0
4916,201_00573,201,573,0,N,0,N,0,N,1.0,1.0,0.0,0.0,0.0,0.0,0.0,0.0,0.0
4917,201_00574,201,574,0,N,0,N,0,N,1.0,1.0,0.0,0.0,0.0,0.0,0.0,0.0,0.0
4918,201_00575,201,575,0,N,0,N,0,N,1.0,1.0,0.0,0.0,0.0,0.0,0.0,0.0,0.0
4919,201_00576,201,576,0,N,0,N,0,N,1.0,1.0,0.0,0.0,0.0,0.0,0.0,0.0,0.0
4920,201_00577,201,577,0,N,0,N,0,N,1.0,1.0,0.0,0.0,0.0,0.0,0.0,0.0,0.0
4921,201_00578,201,578,0,N,0,N,0,N,1.0,1.0,0.0,0.0,0.0,0.0,0.0,0.0,0.0
4922,201_00579,201,579,0,N,0,N,0,N,1.0,1.0,0.0,0.0,0.0,0.0,0.0,0.0,0.0
4923,201_00580,201,580,0,N,0,N,0,N,1.0,1.0,0.0,0.0,0.0,0.0,0.0,0.0,0.0
4924,201_00581,201,581,0,N,0,N,0,N,1.0,1.0,0.0,0.0,0.0,0.0,0.0,0.0,0.0
4925,201_00582,201,582,0,N,0,N,0,N,1.0,1.0,0.0,0.0,0.0,0.0,0.0,0.0,0.0
4926,201_00583,201,583,0,N,0,N,0,N,1.0,1.0,0.0,0.0,0.0,0.0,0.0,0.0,0.0
4927,201_00584,201,584,0,N,0,N,0,N,1.0,1.0,0.0,0.0,0.0,0.0,0.0,0.0,0.0
4928,201_00585,201,585,0,N,0,N,0,N,1.0,1.0,0.0,0.0,0.0,0.0,0.0,0.0,0.0
4929,201_00586,201,586,5,ABERR,0,N,0,N,1.0,1.0,0.0,0.0,0.0,0.0,0.0,0.0,0.0
4930,201_00587,201,587,0,N,5,ABERR,5,ABERR,1.0,0.0,0.0,0.0,0.0,0.0,1.0,0.0,0.0
4931,201_00588,201,588,5,ABERR,0,N,0,N,1.0,1.0,0.0,0.0,0.0,0.0,0.0,0.0,0.0
4932,201_00589,201,589,0,N,5,ABERR,5,ABERR,1.0,0.0,0.0,0.0,0.0,0.0,1.0,0.0,0.0
4933,201_00590,201,590,0,N,0,N,0,N,1.0,1.0,0.0,0.0,0.0,0.0,0.0,0.0,0.0
4934,201_00591,201,591,0,N,0,N,0,N,1.0,1.0,0.0,0.0,0.0,0.0,0.0,0.0,0.0
4935,201_00592,201,592,0,N,0,N,0,N,1.0,1.0,0.0,0.0,0.0,0.0,0.0,0.0,0.0
4936,201_00593,201,593,0,N,0,N,0,N,1.0,1.0,0.0,0.0,0.0,0.0,0.0,0.0,0.0
4937,201_00594,201,594,5,ABERR,0,N,0,N,1.0,1.0,0.0,0.0,0.0,0.0,0.0,0.0,0.0
4938,201_00595,201,595,0,N,5,ABERR,5,ABERR,1.0,0.0,0.0,0.0,0.0,0.0,1.0,0.0,0.0
4939,201_00596,201,596,0,N,0,N,0,N,1.0,1.0,0.0,0.0,0.0,0.0,0.0,0.0,0.0
4940,201_00597,201,597,0,N,0,N,0,N,1.0,1.0,0.0,0.0,0.0,0.0,0.0,0.0,0.0
4941,201_00598,201,598,0,N,0,N,0,N,1.0,1.0,0.0,0.0,0.0,0.0,0.0,0.0,0.0
4942,201_00599,201,599,0,N,0,N,0,N,1.0,1.0,0.0,0.0,0.0,0.0,0.0,0.0,0.0
4943,201_00600,201,600,0,N,0,N,0,N,1.0,1.0,0.0,0.0,0.0,0.0,0.0,0.0,0.0
4944,201_00601,201,601,5,ABERR,0,N,0,N,1.0,1.0,0.0,0.0,0.0,0.0,0.0,0.0,0.0
4945,201_00602,201,602,0,N,5,ABERR,5,ABERR,1.0,0.0,0.0,0.0,0.0,0.0,1.0,0.0,0.0
4946,201_00603,201,603,0,N,0,N,0,N,1.0,1.0,0.0,0.0,0.0,0.0,0.0,0.0,0.0
4947,201_00604,201,604,0,N,0,N,0,N,1.0,1.0,0.0,0.0,0.0,0.0,0.0,0.0,0.0
4948,201_00605,201,605,0,N,0,N,0,N,1.0,1.0,0.0,0.0,0.0,0.0,0.0,0.0,0.0
4949,201_00606,201,606,0,N,0,N,0,N,1.0,1.0,0.0,0.0,0.0,0.0,0.0,0.0,0.0
4950,201_00607,201,607,0,N,0,N,0,N,1.0,1.0,0.0,0.0,0.0,0.0,0.0,0.0,0.0
4951,201_00608,201,608,0,N,0,N,0,N,1.0,1.0,0.0,0.0,0.0,0.0,0.0,0.0,0.0
4952,201_00609,201,609,0,N,0,N,0,N,1.0,1.0,0.0,0.0,0.0,0.0,0.0,0.0,0.0
4953,201_00610,201,610,0,N,0,N,0,N,1.0,1.0,0.0,0.0,0.0,0.0,0.0,0.0,0.0
4954,201_00611,201,611,0,N,0,N,0,N,1.0,1.0,0.0,0.0,0.0,0.0,0.0,0.0,0.0
4955,201_00612,201,612,0,N,0,N,0,N,1.0,1.0,0.0,0.0,0.0,0.0,0.0,0.0,0.0
4956,201_00613,201,613,0,N,0,N,0,N,1.0,1.0,0.0,0.0,0.0,0.0,0.0,0.0,0.0
4957,201_00614,201,614,0,N,0,N,0,N,1.0,1.0,0.0,0.0,0.0,0.0,0.0,0.0,0.0
4958,201_00615,201,615,5,ABERR,0,N,0,N,1.0,1.0,0.0,0.0,0.0,0.0,0.0,0.0,0.0
4959,201_00616,201,616,0,N,5,ABERR,5,ABERR,1.0,0.0,0.0,0.0,0.0,0.0,1.0,0.0,0.0
4960,201_00617,201,617,0,N,0,N,0,N,1.0,1.0,0.0,0.0,0.0,0.0,0.0,0.0,0.0
4961,201_00618,201,618,0,N,0,N,0,N,1.0,1.0,0.0,0.0,0.0,0.0,0.0,0.0,0.0
4962,201_00619,201,619,0,N,0,N,0,N,1.0,1.0,0.0,0.0,0.0,0.0,0.0,0.0,0.0
4963,201_00620,201,620,0,N,0,N,0,N,1.0,1.0,0.0,0.0,0.0,0.0,0.0,0.0,0.0
4964,201_00621,201,621,0,N,0,N,0,N,1.0,1.0,0.0,0.0,0.0,0.0,0.0,0.0,0.0
4965,201_00622,201,622,5,ABERR,0,N,0,N,1.0,1.0,0.0,0.0,0.0,0.0,0.0,0.0,0.0
4966,201_00623,201,623,5,ABERR,5,ABERR,5,ABERR,1.0,0.0,0.0,0.0,0.0,0.0,1.0,0.0,0.0
4967,201_00624,201,624,0,N,5,ABERR,5,ABERR,1.0,0.0,0.0,0.0,0.0,0.0,1.0,0.0,0.0
4968,201_00625,201,625,5,ABERR,0,N,0,N,1.0,1.0,0.0,0.0,0.0,0.0,0.0,0.0,0.0
4969,201_00626,201,626,5,ABERR,5,ABERR,5,ABERR,1.0,0.0,0.0,0.0,0.0,0.0,1.0,0.0,0.0
4970,201_00627,201,627,0,N,5,ABERR,5,ABERR,1.0,0.0,0.0,0.0,0.0,0.0,1.0,0.0,0.0
4971,201_00628,201,628,0,N,0,N,0,N,1.0,1.0,0.0,0.0,0.0,0.0,0.0,0.0,0.0
4972,201_00629,201,629,0,N,0,N,0,N,1.0,1.0,0.0,0.0,0.0,0.0,0.0,0.0,0.0
4973,201_00630,201,630,0,N,0,N,0,N,1.0,1.0,0.0,0.0,0.0,0.0,0.0,0.0,0.0
4974,201_00631,201,631,0,N,0,N,0,N,1.0,1.0,0.0,0.0,0.0,0.0,0.0,0.0,0.0
4975,201_00632,201,632,0,N,0,N,0,N,1.0,1.0,0.0,0.0,0.0,0.0,0.0,0.0,0.0
4976,201_00633,201,633,0,N,0,N,0,N,1.0,1.0,0.0,0.0,0.0,0.0,0.0,0.0,0.0
4977,201_00634,201,634,5,ABERR,0,N,0,N,1.0,1.0,0.0,0.0,0.0,0.0,0.0,0.0,0.0
4978,201_00635,201,635,0,N,5,ABERR,5,ABERR,1.0,0.0,0.0,0.0,0.0,0.0,1.0,0.0,0.0
4979,201_00636,201,636,0,N,0,N,0,N,1.0,1.0,0.0,0.0,0.0,0.0,0.0,0.0,0.0
4980,201_00637,201,637,0,N,0,N,0,N,1.0,1.0,0.0,0.0,0.0,0.0,0.0,0.0,0.0
4981,201_00638,201,638,0,N,0,N,0,N,1.0,1.0,0.0,0.0,0.0,0.0,0.0,0.0,0.0
4982,201_00639,201,639,0,N,0,N,0,N,1.0,1.0,0.0,0.0,0.0,0.0,0.0,0.0,0.0
4983,201_00640,201,640,0,N,0,N,0,N,1.0,1.0,0.0,0.0,0.0,0.0,0.0,0.0,0.0
4984,201_00641,201,641,0,N,0,N,0,N,1.0,1.0,0.0,0.0,0.0,0.0,0.0,0.0,0.0
4985,201_00642,201,642,0,N,0,N,0,N,1.0,1.0,0.0,0.0,0.0,0.0,0.0,0.0,0.0
4986,201_00643,201,643,0,N,0,N,0,N,1.0,1.0,0.0,0.0,0.0,0.0,0.0,0.0,0.0
4987,201_00644,201,644,0,N,0,N,0,N,1.0,1.0,0.0,0.0,0.0,0.0,0.0,0.0,0.0
4988,201_00645,201,645,0,N,0,N,0,N,1.0,1.0,0.0,0.0,0.0,0.0,0.0,0.0,0.0
4989,201_00646,201,646,0,N,0,N,0,N,1.0,1.0,0.0,0.0,0.0,0.0,0.0,0.0,0.0
4990,201_00647,201,647,0,N,0,N,0,N,1.0,1.0,0.0,0.0,0.0,0.0,0.0,0.0,0.0
4991,201_00648,201,648,0,N,0,N,0,N,1.0,1.0,0.0,0.0,0.0,0.0,0.0,0.0,0.0
4992,201_00649,201,649,0,N,0,N,0,N,1.0,1.0,0.0,0.0,0.0,0.0,0.0,0.0,0.0
4993,201_00650,201,650,0,N,0,N,0,N,1.0,1.0,0.0,0.0,0.0,0.0,0.0,0.0,0.0
4994,201_00651,201,651,0,N,0,N,0,N,1.0,1.0,0.0,0.0,0.0,0.0,0.0,0.0,0.0
4995,201_00652,201,652,0,N,0,N,0,N,1.0,1.0,0.0,0.0,0.0,0.0,0.0,0.0,0.0
4996,201_00653,201,653,0,N,0,N,0,N,1.0,1.0,0.0,0.0,0.0,0.0,0.0,0.0,0.0
4997,201_00654,201,654,0,N,0,N,0,N,1.0,1.0,0.0,0.0,0.0,0.0,0.0,0.0,0.0
4998,201_00655,201,655,0,N,0,N,0,N,1.0,1.0,0.0,0.0,0.0,0.0,0.0,0.0,0.0
4999,201_00656,201,656,0,N,0,N,0,N,1.0,1.0,0.0,0.0,0.0,0.0,0.0,0.0,0.0
5000,201_00657,201,657,0,N,0,N,0,N,1.0,1.0,0.0,0.0,0.0,0.0,0.0,0.0,0.0
5001,201_00658,201,658,0,N,0,N,0,N,1.0,1.0,0.0,0.0,0.0,0.0,0.0,0.0,0.0
5002,201_00659,201,659,0,N,0,N,0,N,1.0,1.0,0.0,0.0,0.0,0.0,0.0,0.0,0.0
5003,201_00660,201,660,0,N,0,N,0,N,1.0,1.0,0.0,0.0,0.0,0.0,0.0,0.0,0.0
5004,201_00661,201,661,0,N,0,N,0,N,1.0,1.0,0.0,0.0,0.0,0.0,0.0,0.0,0.0
5005,201_00662,201,662,0,N,0,N,0,N,1.0,1.0,0.0,0.0,0.0,0.0,0.0,0.0,0.0
5006,201_00663,201,663,0,N,0,N,0,N,1.0,1.0,0.0,0.0,0.0,0.0,0.0,0.0,0.0
5007,201_00664,201,664,0,N,0,N,0,N,1.0,1.0,0.0,0.0,0.0,0.0,0.0,0.0,0.0
5008,201_00665,201,665,0,N,0,N,0,N,1.0,1.0,0.0,0.0,0.0,0.0,0.0,0.0,0.0
5009,201_00666,201,666,0,N,0,N,0,N,1.0,1.0,0.0,0.0,0.0,0.0,0.0,0.0,0.0
5010,201_00667,201,667,0,N,0,N,0,N,1.0,1.0,0.0,0.0,0.0,0.0,0.0,0.0,0.0
5011,201_00668,201,668,5,ABERR,0,N,0,N,1.0,1.0,0.0,0.0,0.0,0.0,0.0,0.0,0.0
5012,201_00669,201,669,5,ABERR,5,ABERR,5,ABERR,1.0,0.0,0.0,0.0,0.0,0.0,1.0,0.0,0.0
5013,201_00670,201,670,0,N,5,ABERR,5,ABERR,1.0,0.0,0.0,0.0,0.0,0.0,1.0,0.0,0.0
5014,201_00671,201,671,0,N,0,N,0,N,1.0,1.0,0.0,0.0,0.0,0.0,0.0,0.0,0.0
5015,201_00672,201,672,0,N,0,N,0,N,1.0,1.0,0.0,0.0,0.0,0.0,0.0,0.0,0.0
5016,201_00673,201,673,0,N,0,N,0,N,1.0,1.0,0.0,0.0,0.0,0.0,0.0,0.0,0.0
5017,201_00674,201,674,0,N,0,N,0,N,1.0,1.0,0.0,0.0,0.0,0.0,0.0,0.0,0.0
5018,201_00675,201,675,5,ABERR,0,N,0,N,1.0,1.0,0.0,0.0,0.0,0.0,0.0,0.0,0.0
5019,201_00676,201,676,0,N,5,ABERR,5,ABERR,1.0,0.0,0.0,0.0,0.0,0.0,1.0,0.0,0.0
5020,201_00677,201,677,0,N,0,N,0,N,1.0,1.0,0.0,0.0,0.0,0.0,0.0,0.0,0.0
5021,201_00678,201,678,0,N,0,N,0,N,1.0,1.0,0.0,0.0,0.0,0.0,0.0,0.0,0.0
5022,201_00679,201,679,0,N,0,N,0,N,1.0,1.0,0.0,0.0,0.0,0.0,0.0,0.0,0.0
5023,201_00680,201,680,0,N,0,N,0,N,1.0,1.0,0.0,0.0,0.0,0.0,0.0,0.0,0.0
5024,201_00681,201,681,0,N,0,N,0,N,1.0,1.0,0.0,0.0,0.0,0.0,0.0,0.0,0.0
5025,201_00682,201,682,0,N,0,N,0,N,1.0,1.0,0.0,0.0,0.0,0.0,0.0,0.0,0.0
5026,201_00683,201,683,0,N,0,N,0,N,1.0,1.0,0.0,0.0,0.0,0.0,0.0,0.0,0.0
5027,201_00684,201,684,7,NESC,0,N,0,N,1.0,1.0,0.0,0.0,0.0,0.0,0.0,0.0,0.0
5028,201_00685,201,685,0,N,7,NESC,7,NESC,1.0,0.0,0.0,0.0,0.0,0.0,0.0,0.0,1.0
5029,201_00686,201,686,7,NESC,0,N,0,N,1.0,1.0,0.0,0.0,0.0,0.0,0.0,0.0,0.0
5030,201_00687,201,687,3,APC,7,NESC,7,NESC,1.0,0.0,0.0,0.0,0.0,0.0,0.0,0.0,1.0
5031,201_00688,201,688,7,NESC,3,APC,3,APC,1.0,0.0,0.0,0.0,1.0,0.0,0.0,0.0,0.0
5032,201_00689,201,689,3,APC,7,NESC,7,NESC,1.0,0.0,0.0,0.0,0.0,0.0,0.0,0.0,1.0
5033,201_00690,201,690,0,N,3,APC,3,APC,1.0,0.0,0.0,0.0,1.0,0.0,0.0,0.0,0.0
5034,201_00691,201,691,0,N,0,N,0,N,1.0,1.0,0.0,0.0,0.0,0.0,0.0,0.0,0.0
5035,201_00692,201,692,6,NPC,0,N,0,N,1.0,1.0,0.0,0.0,0.0,0.0,0.0,0.0,0.0
5036,201_00693,201,693,0,N,6,NPC,6,NPC,1.0,0.0,0.0,0.0,0.0,0.0,0.0,1.0,0.0
5037,201_00694,201,694,0,N,0,N,0,N,1.0,1.0,0.0,0.0,0.0,0.0,0.0,0.0,0.0
5038,201_00695,201,695,0,N,0,N,0,N,1.0,1.0,0.0,0.0,0.0,0.0,0.0,0.0,0.0
5039,201_00696,201,696,0,N,0,N,0,N,1.0,1.0,0.0,0.0,0.0,0.0,0.0,0.0,0.0
5040,201_00697,201,697,0,N,0,N,0,N,1.0,1.0,0.0,0.0,0.0,0.0,0.0,0.0,0.0
5041,201_00698,201,698,0,N,0,N,0,N,1.0,1.0,0.0,0.0,0.0,0.0,0.0,0.0,0.0
5042,201_00699,201,699,0,N,0,N,0,N,1.0,1.0,0.0,0.0,0.0,0.0,0.0,0.0,0.0
5043,201_00700,201,700,0,N,0,N,0,N,1.0,1.0,0.0,0.0,0.0,0.0,0.0,0.0,0.0
5044,201_00701,201,701,0,N,0,N,0,N,1.0,1.0,0.0,0.0,0.0,0.0,0.0,0.0,0.0
5045,201_00702,201,702,0,N,0,N,0,N,1.0,1.0,0.0,0.0,0.0,0.0,0.0,0.0,0.0
5046,201_00703,201,703,0,N,0,N,0,N,1.0,1.0,0.0,0.0,0.0,0.0,0.0,0.0,0.0
5047,201_00704,201,704,0,N,0,N,0,N,1.0,1.0,0.0,0.0,0.0,0.0,0.0,0.0,0.0
5048,201_00705,201,705,0,N,0,N,0,N,1.0,1.0,0.0,0.0,0.0,0.0,0.0,0.0,0.0
5049,201_00706,201,706,0,N,0,N,0,N,1.0,1.0,0.0,0.0,0.0,0.0,0.0,0.0,0.0
5050,201_00707,201,707,0,N,0,N,0,N,1.0,1.0,0.0,0.0,0.0,0.0,0.0,0.0,0.0
5051,201_00708,201,708,0,N,0,N,0,N,1.0,1.0,0.0,0.0,0.0,0.0,0.0,0.0,0.0
5052,201_00709,201,709,0,N,0,N,0,N,1.0,1.0,0.0,0.0,0.0,0.0,0.0,0.0,0.0
5053,201_00710,201,710,0,N,0,N,0,N,1.0,1.0,0.0,0.0,0.0,0.0,0.0,0.0,0.0
5054,201_00711,201,711,0,N,0,N,0,N,1.0,1.0,0.0,0.0,0.0,0.0,0.0,0.0,0.0
5055,201_00712,201,712,0,N,0,N,0,N,1.0,1.0,0.0,0.0,0.0,0.0,0.0,0.0,0.0
5056,201_00713,201,713,0,N,0,N,0,N,1.0,1.0,0.0,0.0,0.0,0.0,0.0,0.0,0.0
5057,201_00714,201,714,0,N,0,N,0,N,1.0,1.0,0.0,0.0,0.0,0.0,0.0,0.0,0.0
5058,201_00715,201,715,0,N,0,N,0,N,1.0,1.0,0.0,0.0,0.0,0.0,0.0,0.0,0.0
5059,201_00716,201,716,0,N,0,N,0,N,1.0,1.0,0.0,0.0,0.0,0.0,0.0,0.0,0.0
5060,201_00717,201,717,0,N,0,N,0,N,1.0,1.0,0.0,0.0,0.0,0.0,0.0,0.0,0.0
5061,201_00718,201,718,0,N,0,N,0,N,1.0,1.0,0.0,0.0,0.0,0.0,0.0,0.0,0.0
5062,201_00719,201,719,0,N,0,N,0,N,1.0,1.0,0.0,0.0,0.0,0.0,0.0,0.0,0.0
5063,201_00720,201,720,0,N,0,N,0,N,1.0,1.0,0.0,0.0,0.0,0.0,0.0,0.0,0.0
5064,201_00721,201,721,0,N,0,N,0,N,1.0,1.0,0.0,0.0,0.0,0.0,0.0,0.0,0.0
5065,201_00722,201,722,0,N,0,N,0,N,1.0,1.0,0.0,0.0,0.0,0.0,0.0,0.0,0.0
5066,201_00723,201,723,5,ABERR,0,N,0,N,1.0,1.0,0.0,0.0,0.0,0.0,0.0,0.0,0.0
5067,201_00724,201,724,0,N,5,ABERR,5,ABERR,1.0,0.0,0.0,0.0,0.0,0.0,1.0,0.0,0.0
5068,201_00725,201,725,0,N,0,N,0,N,1.0,1.0,0.0,0.0,0.0,0.0,0.0,0.0,0.0
5069,201_00726,201,726,0,N,0,N,0,N,1.0,1.0,0.0,0.0,0.0,0.0,0.0,0.0,0.0
5070,201_00727,201,727,0,N,0,N,0,N,1.0,1.0,0.0,0.0,0.0,0.0,0.0,0.0,0.0
5071,201_00728,201,728,0,N,0,N,0,N,1.0,1.0,0.0,0.0,0.0,0.0,0.0,0.0,0.0
5072,201_00729,201,729,0,N,0,N,0,N,1.0,1.0,0.0,0.0,0.0,0.0,0.0,0.0,0.0
5073,201_00730,201,730,0,N,0,N,0,N,1.0,1.0,0.0,0.0,0.0,0.0,0.0,0.0,0.0
5074,201_00731,201,731,0,N,0,N,0,N,1.0,1.0,0.0,0.0,0.0,0.0,0.0,0.0,0.0
5075,201_00732,201,732,0,N,0,N,0,N,1.0,1.0,0.0,0.0,0.0,0.0,0.0,0.0,0.0
5076,201_00733,201,733,0,N,0,N,0,N,1.0,1.0,0.0,0.0,0.0,0.0,0.0,0.0,0.0
5077,201_00734,201,734,0,N,0,N,0,N,1.0,1.0,0.0,0.0,0.0,0.0,0.0,0.0,0.0
5078,201_00735,201,735,0,N,0,N,0,N,1.0,1.0,0.0,0.0,0.0,0.0,0.0,0.0,0.0
5079,201_00736,201,736,0,N,0,N,0,N,1.0,1.0,0.0,0.0,0.0,0.0,0.0,0.0,0.0
5080,201_00737,201,737,0,N,0,N,0,N,1.0,1.0,0.0,0.0,0.0,0.0,0.0,0.0,0.0
5081,201_00738,201,738,0,N,0,N,0,N,1.0,1.0,0.0,0.0,0.0,0.0,0.0,0.0,0.0
5082,201_00739,201,739,0,N,0,N,0,N,1.0,1.0,0.0,0.0,0.0,0.0,0.0,0.0,0.0
5083,201_00740,201,740,0,N,0,N,0,N,1.0,1.0,0.0,0.0,0.0,0.0,0.0,0.0,0.0
5084,201_00741,201,741,0,N,0,N,0,N,1.0,1.0,0.0,0.0,0.0,0.0,0.0,0.0,0.0
5085,201_00742,201,742,0,N,0,N,0,N,1.0,1.0,0.0,0.0,0.0,0.0,0.0,0.0,0.0
5086,201_00743,201,743,0,N,0,N,0,N,1.0,1.0,0.0,0.0,0.0,0.0,0.0,0.0,0.0
5087,201_00744,201,744,0,N,0,N,0,N,1.0,1.0,0.0,0.0,0.0,0.0,0.0,0.0,0.0
5088,201_00745,201,745,0,N,0,N,0,N,1.0,1.0,0.0,0.0,0.0,0.0,0.0,0.0,0.0
5089,201_00746,201,746,0,N,0,N,0,N,1.0,1.0,0.0,0.0,0.0,0.0,0.0,0.0,0.0
5090,201_00747,201,747,0,N,0,N,0,N,1.0,1.0,0.0,0.0,0.0,0.0,0.0,0.0,0.0
5091,201_00748,201,748,0,N,0,N,0,N,1.0,1.0,0.0,0.0,0.0,0.0,0.0,0.0,0.0
5092,201_00749,201,749,0,N,0,N,0,N,1.0,1.0,0.0,0.0,0.0,0.0,0.0,0.0,0.0
5093,201_00750,201,750,0,N,0,N,0,N,1.0,1.0,0.0,0.0,0.0,0.0,0.0,0.0,0.0
5094,201_00751,201,751,0,N,0,N,0,N,1.0,1.0,0.0,0.0,0.0,0.0,0.0,0.0,0.0
5095,201_00752,201,752,0,N,0,N,0,N,1.0,1.0,0.0,0.0,0.0,0.0,0.0,0.0,0.0
5096,201_00753,201,753,0,N,0,N,0,N,1.0,1.0,0.0,0.0,0.0,0.0,0.0,0.0,0.0
5097,201_00754,201,754,0,N,0,N,0,N,1.0,1.0,0.0,0.0,0.0,0.0,0.0,0.0,0.0
5098,201_00755,201,755,0,N,0,N,0,N,1.0,1.0,0.0,0.0,0.0,0.0,0.0,0.0,0.0
5099,201_00756,201,756,0,N,0,N,0,N,1.0,1.0,0.0,0.0,0.0,0.0,0.0,0.0,0.0
5100,201_00757,201,757,0,N,0,N,0,N,1.0,1.0,0.0,0.0,0.0,0.0,0.0,0.0,0.0
5101,201_00758,201,758,0,N,0,N,0,N,1.0,1.0,0.0,0.0,0.0,0.0,0.0,0.0,0.0
5102,201_00759,201,759,0,N,0,N,0,N,1.0,1.0,0.0,0.0,0.0,0.0,0.0,0.0,0.0
5103,201_00760,201,760,0,N,0,N,0,N,1.0,1.0,0.0,0.0,0.0,0.0,0.0,0.0,0.0
5104,201_00761,201,761,0,N,0,N,0,N,1.0,1.0,0.0,0.0,0.0,0.0,0.0,0.0,0.0
5105,201_00762,201,762,0,N,0,N,0,N,1.0,1.0,0.0,0.0,0.0,0.0,0.0,0.0,0.0
5106,201_00763,201,763,5,ABERR,0,N,0,N,1.0,1.0,0.0,0.0,0.0,0.0,0.0,0.0,0.0
5107,201_00764,201,764,0,N,5,ABERR,5,ABERR,1.0,0.0,0.0,0.0,0.0,0.0,1.0,0.0,0.0
5108,201_00765,201,765,0,N,0,N,0,N,1.0,1.0,0.0,0.0,0.0,0.0,0.0,0.0,0.0
5109,201_00766,201,766,0,N,0,N,0,N,1.0,1.0,0.0,0.0,0.0,0.0,0.0,0.0,0.0
5110,201_00767,201,767,0,N,0,N,0,N,1.0,1.0,0.0,0.0,0.0,0.0,0.0,0.0,0.0
5111,201_00768,201,768,0,N,0,N,0,N,1.0,1.0,0.0,0.0,0.0,0.0,0.0,0.0,0.0
5112,201_00769,201,769,0,N,0,N,0,N,1.0,1.0,0.0,0.0,0.0,0.0,0.0,0.0,0.0
5113,201_00770,201,770,0,N,0,N,0,N,1.0,1.0,0.0,0.0,0.0,0.0,0.0,0.0,0.0
5114,201_00771,201,771,0,N,0,N,0,N,1.0,1.0,0.0,0.0,0.0,0.0,0.0,0.0,0.0
5115,201_00772,201,772,0,N,0,N,0,N,1.0,1.0,0.0,0.0,0.0,0.0,0.0,0.0,0.0
5116,201_00773,201,773,0,N,0,N,0,N,1.0,1.0,0.0,0.0,0.0,0.0,0.0,0.0,0.0
5117,201_00774,201,774,0,N,0,N,0,N,1.0,1.0,0.0,0.0,0.0,0.0,0.0,0.0,0.0
5118,201_00775,201,775,0,N,0,N,0,N,1.0,1.0,0.0,0.0,0.0,0.0,0.0,0.0,0.0
5119,201_00776,201,776,0,N,0,N,0,N,1.0,1.0,0.0,0.0,0.0,0.0,0.0,0.0,0.0
5120,201_00777,201,777,0,N,0,N,0,N,1.0,1.0,0.0,0.0,0.0,0.0,0.0,0.0,0.0
5121,201_00778,201,778,0,N,0,N,0,N,1.0,1.0,0.0,0.0,0.0,0.0,0.0,0.0,0.0
5122,201_00779,201,779,0,N,0,N,0,N,1.0,1.0,0.0,0.0,0.0,0.0,0.0,0.0,0.0
5123,201_00780,201,780,0,N,0,N,0,N,1.0,1.0,0.0,0.0,0.0,0.0,0.0,0.0,0.0
5124,201_00781,201,781,0,N,0,N,0,N,1.0,1.0,0.0,0.0,0.0,0.0,0.0,0.0,0.0
5125,201_00782,201,782,0,N,0,N,0,N,1.0,1.0,0.0,0.0,0.0,0.0,0.0,0.0,0.0
5126,201_00783,201,783,0,N,0,N,0,N,1.0,1.0,0.0,0.0,0.0,0.0,0.0,0.0,0.0
5127,201_00784,201,784,0,N,0,N,0,N,1.0,1.0,0.0,0.0,0.0,0.0,0.0,0.0,0.0
5128,201_00785,201,785,0,N,0,N,0,N,1.0,1.0,0.0,0.0,0.0,0.0,0.0,0.0,0.0
5129,201_00786,201,786,0,N,0,N,0,N,1.0,1.0,0.0,0.0,0.0,0.0,0.0,0.0,0.0
5130,201_00787,201,787,0,N,0,N,0,N,1.0,1.0,0.0,0.0,0.0,0.0,0.0,0.0,0.0
5131,201_00788,201,788,0,N,0,N,0,N,1.0,1.0,0.0,0.0,0.0,0.0,0.0,0.0,0.0
5132,201_00789,201,789,0,N,0,N,0,N,1.0,1.0,0.0,0.0,0.0,0.0,0.0,0.0,0.0
5133,201_00790,201,790,0,N,0,N,0,N,1.0,1.0,0.0,0.0,0.0,0.0,0.0,0.0,0.0
5134,201_00791,201,791,0,N,0,N,0,N,1.0,1.0,0.0,0.0,0.0,0.0,0.0,0.0,0.0
5135,201_00792,201,792,0,N,0,N,0,N,1.0,1.0,0.0,0.0,0.0,0.0,0.0,0.0,0.0
5136,201_00793,201,793,0,N,0,N,0,N,1.0,1.0,0.0,0.0,0.0,0.0,0.0,0.0,0.0
5137,201_00794,201,794,0,N,0,N,0,N,1.0,1.0,0.0,0.0,0.0,0.0,0.0,0.0,0.0
5138,201_00795,201,795,0,N,0,N,0,N,1.0,1.0,0.0,0.0,0.0,0.0,0.0,0.0,0.0
5139,201_00796,201,796,0,N,0,N,0,N,1.0,1.0,0.0,0.0,0.0,0.0,0.0,0.0,0.0
5140,201_00797,201,797,0,N,0,N,0,N,1.0,1.0,0.0,0.0,0.0,0.0,0.0,0.0,0.0
5141,201_00798,201,798,0,N,0,N,0,N,1.0,1.0,0.0,0.0,0.0,0.0,0.0,0.0,0.0
5142,201_00799,201,799,0,N,0,N,0,N,1.0,1.0,0.0,0.0,0.0,0.0,0.0,0.0,0.0
5143,201_00800,201,800,0,N,0,N,0,N,1.0,1.0,0.0,0.0,0.0,0.0,0.0,0.0,0.0
5144,201_00801,201,801,0,N,0,N,0,N,1.0,1.0,0.0,0.0,0.0,0.0,0.0,0.0,0.0
5145,201_00802,201,802,0,N,0,N,0,N,1.0,1.0,0.0,0.0,0.0,0.0,0.0,0.0,0.0
5146,201_00803,201,803,0,N,0,N,0,N,1.0,1.0,0.0,0.0,0.0,0.0,0.0,0.0,0.0
5147,201_00804,201,804,0,N,0,N,0,N,1.0,1.0,0.0,0.0,0.0,0.0,0.0,0.0,0.0
5148,201_00805,201,805,0,N,0,N,0,N,1.0,1.0,0.0,0.0,0.0,0.0,0.0,0.0,0.0
5149,201_00806,201,806,0,N,0,N,0,N,1.0,1.0,0.0,0.0,0.0,0.0,0.0,0.0,0.0
5150,201_00807,201,807,0,N,0,N,0,N,1.0,1.0,0.0,0.0,0.0,0.0,0.0,0.0,0.0
5151,201_00808,201,808,0,N,0,N,0,N,1.0,1.0,0.0,0.0,0.0,0.0,0.0,0.0,0.0
5152,201_00809,201,809,0,N,0,N,0,N,1.0,1.0,0.0,0.0,0.0,0.0,0.0,0.0,0.0
5153,201_00810,201,810,0,N,0,N,0,N,1.0,1.0,0.0,0.0,0.0,0.0,0.0,0.0,0.0
5154,201_00811,201,811,0,N,0,N,0,N,1.0,1.0,0.0,0.0,0.0,0.0,0.0,0.0,0.0
5155,201_00812,201,812,0,N,0,N,0,N,1.0,1.0,0.0,0.0,0.0,0.0,0.0,0.0,0.0
5156,201_00813,201,813,0,N,0,N,0,N,1.0,1.0,0.0,0.0,0.0,0.0,0.0,0.0,0.0
5157,201_00814,201,814,0,N,0,N,0,N,1.0,1.0,0.0,0.0,0.0,0.0,0.0,0.0,0.0
5158,201_00815,201,815,0,N,0,N,0,N,1.0,1.0,0.0,0.0,0.0,0.0,0.0,0.0,0.0
5159,201_00816,201,816,0,N,0,N,0,N,1.0,1.0,0.0,0.0,0.0,0.0,0.0,0.0,0.0
5160,201_00817,201,817,0,N,0,N,0,N,1.0,1.0,0.0,0.0,0.0,0.0,0.0,0.0,0.0
5161,201_00818,201,818,0,N,0,N,0,N,1.0,1.0,0.0,0.0,0.0,0.0,0.0,0.0,0.0
5162,201_00819,201,819,0,N,0,N,0,N,1.0,1.0,0.0,0.0,0.0,0.0,0.0,0.0,0.0
5163,201_00820,201,820,0,N,0,N,0,N,1.0,1.0,0.0,0.0,0.0,0.0,0.0,0.0,0.0
5164,201_00821,201,821,0,N,0,N,0,N,1.0,1.0,0.0,0.0,0.0,0.0,0.0,0.0,0.0
5165,201_00822,201,822,0,N,0,N,0,N,1.0,1.0,0.0,0.0,0.0,0.0,0.0,0.0,0.0
5166,201_00823,201,823,0,N,0,N,0,N,1.0,1.0,0.0,0.0,0.0,0.0,0.0,0.0,0.0
5167,201_00824,201,824,5,ABERR,0,N,0,N,1.0,1.0,0.0,0.0,0.0,0.0,0.0,0.0,0.0
5168,201_00825,201,825,0,N,5,ABERR,5,ABERR,1.0,0.0,0.0,0.0,0.0,0.0,1.0,0.0,0.0
5169,201_00826,201,826,0,N,0,N,0,N,1.0,1.0,0.0,0.0,0.0,0.0,0.0,0.0,0.0
5170,201_00827,201,827,0,N,0,N,0,N,1.0,1.0,0.0,0.0,0.0,0.0,0.0,0.0,0.0
5171,201_00828,201,828,5,ABERR,0,N,0,N,1.0,1.0,0.0,0.0,0.0,0.0,0.0,0.0,0.0
5172,201_00829,201,829,0,N,5,ABERR,5,ABERR,1.0,0.0,0.0,0.0,0.0,0.0,1.0,0.0,0.0
5173,201_00830,201,830,0,N,0,N,0,N,1.0,1.0,0.0,0.0,0.0,0.0,0.0,0.0,0.0
5174,201_00831,201,831,0,N,0,N,0,N,1.0,1.0,0.0,0.0,0.0,0.0,0.0,0.0,0.0
5175,201_00832,201,832,0,N,0,N,0,N,1.0,1.0,0.0,0.0,0.0,0.0,0.0,0.0,0.0
5176,201_00833,201,833,0,N,0,N,0,N,1.0,1.0,0.0,0.0,0.0,0.0,0.0,0.0,0.0
5177,201_00834,201,834,0,N,0,N,0,N,1.0,1.0,0.0,0.0,0.0,0.0,0.0,0.0,0.0
5178,201_00835,201,835,5,ABERR,0,N,0,N,1.0,1.0,0.0,0.0,0.0,0.0,0.0,0.0,0.0
5179,201_00836,201,836,0,N,5,ABERR,5,ABERR,1.0,0.0,0.0,0.0,0.0,0.0,1.0,0.0,0.0
5180,201_00837,201,837,0,N,0,N,0,N,1.0,1.0,0.0,0.0,0.0,0.0,0.0,0.0,0.0
5181,201_00838,201,838,0,N,0,N,0,N,1.0,1.0,0.0,0.0,0.0,0.0,0.0,0.0,0.0
5182,201_00839,201,839,0,N,0,N,0,N,1.0,1.0,0.0,0.0,0.0,0.0,0.0,0.0,0.0
5183,201_00840,201,840,5,ABERR,0,N,0,N,1.0,1.0,0.0,0.0,0.0,0.0,0.0,0.0,0.0
5184,201_00841,201,841,0,N,5,ABERR,5,ABERR,1.0,0.0,0.0,0.0,0.0,0.0,1.0,0.0,0.0
5185,201_00842,201,842,0,N,0,N,0,N,1.0,1.0,0.0,0.0,0.0,0.0,0.0,0.0,0.0
5186,201_00843,201,843,0,N,0,N,0,N,1.0,1.0,0.0,0.0,0.0,0.0,0.0,0.0,0.0
5187,201_00844,201,844,0,N,0,N,0,N,1.0,1.0,0.0,0.0,0.0,0.0,0.0,0.0,0.0
5188,201_00845,201,845,0,N,0,N,0,N,1.0,1.0,0.0,0.0,0.0,0.0,0.0,0.0,0.0
5189,201_00846,201,846,0,N,0,N,0,N,1.0,1.0,0.0,0.0,0.0,0.0,0.0,0.0,0.0
5190,201_00847,201,847,0,N,0,N,0,N,1.0,1.0,0.0,0.0,0.0,0.0,0.0,0.0,0.0
5191,201_00848,201,848,0,N,0,N,0,N,1.0,1.0,0.0,0.0,0.0,0.0,0.0,0.0,0.0
5192,201_00849,201,849,0,N,0,N,0,N,1.0,1.0,0.0,0.0,0.0,0.0,0.0,0.0,0.0
5193,201_00850,201,850,0,N,0,N,0,N,1.0,1.0,0.0,0.0,0.0,0.0,0.0,0.0,0.0
5194,201_00851,201,851,5,ABERR,0,N,0,N,1.0,1.0,0.0,0.0,0.0,0.0,0.0,0.0,0.0
5195,201_00852,201,852,0,N,5,ABERR,5,ABERR,1.0,0.0,0.0,0.0,0.0,0.0,1.0,0.0,0.0
5196,201_00853,201,853,0,N,0,N,0,N,1.0,1.0,0.0,0.0,0.0,0.0,0.0,0.0,0.0
5197,201_00854,201,854,0,N,0,N,0,N,1.0,1.0,0.0,0.0,0.0,0.0,0.0,0.0,0.0
5198,201_00855,201,855,0,N,0,N,0,N,1.0,1.0,0.0,0.0,0.0,0.0,0.0,0.0,0.0
5199,201_00856,201,856,0,N,0,N,0,N,1.0,1.0,0.0,0.0,0.0,0.0,0.0,0.0,0.0
5200,201_00857,201,857,0,N,0,N,0,N,1.0,1.0,0.0,0.0,0.0,0.0,0.0,0.0,0.0
5201,201_00858,201,858,0,N,0,N,0,N,1.0,1.0,0.0,0.0,0.0,0.0,0.0,0.0,0.0
5202,201_00859,201,859,0,N,0,N,0,N,1.0,1.0,0.0,0.0,0.0,0.0,0.0,0.0,0.0
5203,201_00860,201,860,5,ABERR,0,N,0,N,1.0,1.0,0.0,0.0,0.0,0.0,0.0,0.0,0.0
5204,201_00861,201,861,0,N,5,ABERR,5,ABERR,1.0,0.0,0.0,0.0,0.0,0.0,1.0,0.0,0.0
5205,201_00862,201,862,0,N,0,N,0,N,1.0,1.0,0.0,0.0,0.0,0.0,0.0,0.0,0.0
5206,201_00863,201,863,0,N,0,N,0,N,1.0,1.0,0.0,0.0,0.0,0.0,0.0,0.0,0.0
5207,201_00864,201,864,0,N,0,N,0,N,1.0,1.0,0.0,0.0,0.0,0.0,0.0,0.0,0.0
5208,201_00865,201,865,0,N,0,N,0,N,1.0,1.0,0.0,0.0,0.0,0.0,0.0,0.0,0.0
5209,201_00866,201,866,0,N,0,N,0,N,1.0,1.0,0.0,0.0,0.0,0.0,0.0,0.0,0.0
5210,201_00867,201,867,0,N,0,N,0,N,1.0,1.0,0.0,0.0,0.0,0.0,0.0,0.0,0.0
5211,201_00868,201,868,0,N,0,N,0,N,1.0,1.0,0.0,0.0,0.0,0.0,0.0,0.0,0.0
5212,201_00869,201,869,0,N,0,N,0,N,1.0,1.0,0.0,0.0,0.0,0.0,0.0,0.0,0.0
5213,201_00870,201,870,0,N,0,N,0,N,1.0,1.0,0.0,0.0,0.0,0.0,0.0,0.0,0.0
5214,201_00871,201,871,0,N,0,N,0,N,1.0,1.0,0.0,0.0,0.0,0.0,0.0,0.0,0.0
5215,201_00872,201,872,0,N,0,N,0,N,1.0,1.0,0.0,0.0,0.0,0.0,0.0,0.0,0.0
5216,201_00873,201,873,0,N,0,N,0,N,1.0,1.0,0.0,0.0,0.0,0.0,0.0,0.0,0.0
5217,201_00874,201,874,0,N,0,N,0,N,1.0,1.0,0.0,0.0,0.0,0.0,0.0,0.0,0.0
5218,201_00875,201,875,0,N,0,N,0,N,1.0,1.0,0.0,0.0,0.0,0.0,0.0,0.0,0.0
5219,201_00876,201,876,0,N,0,N,0,N,1.0,1.0,0.0,0.0,0.0,0.0,0.0,0.0,0.0
5220,201_00877,201,877,0,N,0,N,0,N,1.0,1.0,0.0,0.0,0.0,0.0,0.0,0.0,0.0
5221,201_00878,201,878,0,N,0,N,0,N,1.0,1.0,0.0,0.0,0.0,0.0,0.0,0.0,0.0
5222,201_00879,201,879,0,N,0,N,0,N,1.0,1.0,0.0,0.0,0.0,0.0,0.0,0.0,0.0
5223,201_00880,201,880,0,N,0,N,0,N,1.0,1.0,0.0,0.0,0.0,0.0,0.0,0.0,0.0
5224,201_00881,201,881,0,N,0,N,0,N,1.0,1.0,0.0,0.0,0.0,0.0,0.0,0.0,0.0
5225,201_00882,201,882,0,N,0,N,0,N,1.0,1.0,0.0,0.0,0.0,0.0,0.0,0.0,0.0
5226,201_00883,201,883,0,N,0,N,0,N,1.0,1.0,0.0,0.0,0.0,0.0,0.0,0.0,0.0
5227,201_00884,201,884,0,N,0,N,0,N,1.0,1.0,0.0,0.0,0.0,0.0,0.0,0.0,0.0
5228,201_00885,201,885,0,N,0,N,0,N,1.0,1.0,0.0,0.0,0.0,0.0,0.0,0.0,0.0
5229,201_00886,201,886,0,N,0,N,0,N,1.0,1.0,0.0,0.0,0.0,0.0,0.0,0.0,0.0
5230,201_00887,201,887,0,N,0,N,0,N,1.0,1.0,0.0,0.0,0.0,0.0,0.0,0.0,0.0
5231,201_00888,201,888,0,N,0,N,0,N,1.0,1.0,0.0,0.0,0.0,0.0,0.0,0.0,0.0
5232,201_00889,201,889,0,N,0,N,0,N,1.0,1.0,0.0,0.0,0.0,0.0,0.0,0.0,0.0
5233,201_00890,201,890,0,N,0,N,0,N,1.0,1.0,0.0,0.0,0.0,0.0,0.0,0.0,0.0
5234,201_00891,201,891,0,N,0,N,0,N,1.0,1.0,0.0,0.0,0.0,0.0,0.0,0.0,0.0
5235,201_00892,201,892,0,N,0,N,0,N,1.0,1.0,0.0,0.0,0.0,0.0,0.0,0.0,0.0
5236,201_00893,201,893,0,N,0,N,0,N,1.0,1.0,0.0,0.0,0.0,0.0,0.0,0.0,0.0
5237,201_00894,201,894,0,N,0,N,0,N,1.0,1.0,0.0,0.0,0.0,0.0,0.0,0.0,0.0
5238,201_00895,201,895,0,N,0,N,0,N,1.0,1.0,0.0,0.0,0.0,0.0,0.0,0.0,0.0
5239,201_00896,201,896,0,N,0,N,0,N,1.0,1.0,0.0,0.0,0.0,0.0,0.0,0.0,0.0
5240,201_00897,201,897,0,N,0,N,0,N,1.0,1.0,0.0,0.0,0.0,0.0,0.0,0.0,0.0
5241,201_00898,201,898,0,N,0,N,0,N,1.0,1.0,0.0,0.0,0.0,0.0,0.0,0.0,0.0
5242,201_00899,201,899,0,N,0,N,0,N,1.0,1.0,0.0,0.0,0.0,0.0,0.0,0.0,0.0
5243,201_00900,201,900,0,N,0,N,0,N,1.0,1.0,0.0,0.0,0.0,0.0,0.0,0.0,0.0
5244,201_00901,201,901,0,N,0,N,0,N,1.0,1.0,0.0,0.0,0.0,0.0,0.0,0.0,0.0
5245,201_00902,201,902,0,N,0,N,0,N,1.0,1.0,0.0,0.0,0.0,0.0,0.0,0.0,0.0
5246,201_00903,201,903,0,N,0,N,0,N,1.0,1.0,0.0,0.0,0.0,0.0,0.0,0.0,0.0
5247,201_00904,201,904,0,N,0,N,0,N,1.0,1.0,0.0,0.0,0.0,0.0,0.0,0.0,0.0
5248,201_00905,201,905,0,N,0,N,0,N,1.0,1.0,0.0,0.0,0.0,0.0,0.0,0.0,0.0
5249,201_00906,201,906,0,N,0,N,0,N,1.0,1.0,0.0,0.0,0.0,0.0,0.0,0.0,0.0
5250,201_00907,201,907,0,N,0,N,0,N,1.0,1.0,0.0,0.0,0.0,0.0,0.0,0.0,0.0
5251,201_00908,201,908,0,N,0,N,0,N,1.0,1.0,0.0,0.0,0.0,0.0,0.0,0.0,0.0
5252,201_00909,201,909,0,N,0,N,0,N,1.0,1.0,0.0,0.0,0.0,0.0,0.0,0.0,0.0
5253,201_00910,201,910,0,N,0,N,0,N,1.0,1.0,0.0,0.0,0.0,0.0,0.0,0.0,0.0
5254,201_00911,201,911,0,N,0,N,0,N,1.0,1.0,0.0,0.0,0.0,0.0,0.0,0.0,0.0
5255,201_00912,201,912,0,N,0,N,0,N,1.0,1.0,0.0,0.0,0.0,0.0,0.0,0.0,0.0
5256,201_00913,201,913,0,N,0,N,0,N,1.0,1.0,0.0,0.0,0.0,0.0,0.0,0.0,0.0
5257,201_00914,201,914,0,N,0,N,0,N,1.0,1.0,0.0,0.0,0.0,0.0,0.0,0.0,0.0
5258,201_00915,201,915,0,N,0,N,0,N,1.0,1.0,0.0,0.0,0.0,0.0,0.0,0.0,0.0
5259,201_00916,201,916,0,N,0,N,0,N,1.0,1.0,0.0,0.0,0.0,0.0,0.0,0.0,0.0
5260,201_00917,201,917,0,N,0,N,0,N,1.0,1.0,0.0,0.0,0.0,0.0,0.0,0.0,0.0
5261,201_00918,201,918,0,N,0,N,0,N,1.0,1.0,0.0,0.0,0.0,0.0,0.0,0.0,0.0
5262,201_00919,201,919,0,N,0,N,0,N,1.0,1.0,0.0,0.0,0.0,0.0,0.0,0.0,0.0
5263,201_00920,201,920,0,N,0,N,0,N,1.0,1.0,0.0,0.0,0.0,0.0,0.0,0.0,0.0
5264,201_00921,201,921,0,N,0,N,0,N,1.0,1.0,0.0,0.0,0.0,0.0,0.0,0.0,0.0
5265,201_00922,201,922,0,N,0,N,0,N,1.0,1.0,0.0,0.0,0.0,0.0,0.0,0.0,0.0
5266,201_00923,201,923,0,N,0,N,0,N,1.0,1.0,0.0,0.0,0.0,0.0,0.0,0.0,0.0
5267,201_00924,201,924,0,N,0,N,0,N,1.0,1.0,0.0,0.0,0.0,0.0,0.0,0.0,0.0
5268,201_00925,201,925,0,N,0,N,0,N,1.0,1.0,0.0,0.0,0.0,0.0,0.0,0.0,0.0
5269,201_00926,201,926,0,N,0,N,0,N,1.0,1.0,0.0,0.0,0.0,0.0,0.0,0.0,0.0
5270,201_00927,201,927,0,N,0,N,0,N,1.0,1.0,0.0,0.0,0.0,0.0,0.0,0.0,0.0
5271,201_00928,201,928,0,N,0,N,0,N,1.0,1.0,0.0,0.0,0.0,0.0,0.0,0.0,0.0
5272,201_00929,201,929,0,N,0,N,0,N,1.0,1.0,0.0,0.0,0.0,0.0,0.0,0.0,0.0
5273,201_00930,201,930,0,N,0,N,0,N,1.0,1.0,0.0,0.0,0.0,0.0,0.0,0.0,0.0
5274,201_00931,201,931,0,N,0,N,0,N,1.0,1.0,0.0,0.0,0.0,0.0,0.0,0.0,0.0
5275,201_00932,201,932,0,N,0,N,0,N,1.0,1.0,0.0,0.0,0.0,0.0,0.0,0.0,0.0
5276,201_00933,201,933,0,N,0,N,0,N,1.0,1.0,0.0,0.0,0.0,0.0,0.0,0.0,0.0
5277,201_00934,201,934,0,N,0,N,0,N,1.0,1.0,0.0,0.0,0.0,0.0,0.0,0.0,0.0
5278,201_00935,201,935,0,N,0,N,0,N,1.0,1.0,0.0,0.0,0.0,0.0,0.0,0.0,0.0
5279,201_00936,201,936,0,N,0,N,0,N,1.0,1.0,0.0,0.0,0.0,0.0,0.0,0.0,0.0
5280,201_00937,201,937,0,N,0,N,0,N,1.0,1.0,0.0,0.0,0.0,0.0,0.0,0.0,0.0
5281,201_00938,201,938,0,N,0,N,0,N,1.0,1.0,0.0,0.0,0.0,0.0,0.0,0.0,0.0
5282,201_00939,201,939,0,N,0,N,0,N,1.0,1.0,0.0,0.0,0.0,0.0,0.0,0.0,0.0
5283,201_00940,201,940,0,N,0,N,0,N,1.0,1.0,0.0,0.0,0.0,0.0,0.0,0.0,0.0
5284,201_00941,201,941,0,N,0,N,0,N,1.0,1.0,0.0,0.0,0.0,0.0,0.0,0.0,0.0
5285,201_00942,201,942,0,N,0,N,0,N,1.0,1.0,0.0,0.0,0.0,0.0,0.0,0.0,0.0
5286,201_00943,201,943,0,N,0,N,0,N,1.0,1.0,0.0,0.0,0.0,0.0,0.0,0.0,0.0
5287,201_00944,201,944,0,N,0,N,0,N,1.0,1.0,0.0,0.0,0.0,0.0,0.0,0.0,0.0
5288,201_00945,201,945,0,N,0,N,0,N,1.0,1.0,0.0,0.0,0.0,0.0,0.0,0.0,0.0
5289,201_00946,201,946,0,N,0,N,0,N,1.0,1.0,0.0,0.0,0.0,0.0,0.0,0.0,0.0
5290,201_00947,201,947,0,N,0,N,0,N,1.0,1.0,0.0,0.0,0.0,0.0,0.0,0.0,0.0
5291,201_00948,201,948,0,N,0,N,0,N,1.0,1.0,0.0,0.0,0.0,0.0,0.0,0.0,0.0
5292,201_00949,201,949,0,N,0,N,0,N,1.0,1.0,0.0,0.0,0.0,0.0,0.0,0.0,0.0
5293,201_00950,201,950,0,N,0,N,0,N,1.0,1.0,0.0,0.0,0.0,0.0,0.0,0.0,0.0
5294,201_00951,201,951,0,N,0,N,0,N,1.0,1.0,0.0,0.0,0.0,0.0,0.0,0.0,0.0
5295,201_00952,201,952,0,N,0,N,0,N,1.0,1.0,0.0,0.0,0.0,0.0,0.0,0.0,0.0
5296,201_00953,201,953,0,N,0,N,0,N,1.0,1.0,0.0,0.0,0.0,0.0,0.0,0.0,0.0
5297,201_00954,201,954,0,N,0,N,0,N,1.0,1.0,0.0,0.0,0.0,0.0,0.0,0.0,0.0
5298,201_00955,201,955,0,N,0,N,0,N,1.0,1.0,0.0,0.0,0.0,0.0,0.0,0.0,0.0
5299,201_00956,201,956,0,N,0,N,0,N,1.0,1.0,0.0,0.0,0.0,0.0,0.0,0.0,0.0
5300,201_00957,201,957,0,N,0,N,0,N,1.0,1.0,0.0,0.0,0.0,0.0,0.0,0.0,0.0
5301,201_00958,201,958,0,N,0,N,0,N,1.0,1.0,0.0,0.0,0.0,0.0,0.0,0.0,0.0
5302,201_00959,201,959,0,N,0,N,0,N,1.0,1.0,0.0,0.0,0.0,0.0,0.0,0.0,0.0
5303,201_00960,201,960,0,N,0,N,0,N,1.0,1.0,0.0,0.0,0.0,0.0,0.0,0.0,0.0
5304,201_00961,201,961,0,N,0,N,0,N,1.0,1.0,0.0,0.0,0.0,0.0,0.0,0.0,0.0
5305,201_00962,201,962,0,N,0,N,0,N,1.0,1.0,0.0,0.0,0.0,0.0,0.0,0.0,0.0
5306,201_00963,201,963,0,N,0,N,0,N,1.0,1.0,0.0,0.0,0.0,0.0,0.0,0.0,0.0
5307,201_00964,201,964,0,N,0,N,0,N,1.0,1.0,0.0,0.0,0.0,0.0,0.0,0.0,0.0
5308,201_00965,201,965,0,N,0,N,0,N,1.0,1.0,0.0,0.0,0.0,0.0,0.0,0.0,0.0
5309,201_00966,201,966,0,N,0,N,0,N,1.0,1.0,0.0,0.0,0.0,0.0,0.0,0.0,0.0
5310,201_00967,201,967,0,N,0,N,0,N,1.0,1.0,0.0,0.0,0.0,0.0,0.0,0.0,0.0
5311,201_00968,201,968,0,N,0,N,0,N,1.0,1.0,0.0,0.0,0.0,0.0,0.0,0.0,0.0
5312,201_00969,201,969,0,N,0,N,0,N,1.0,1.0,0.0,0.0,0.0,0.0,0.0,0.0,0.0
5313,201_00970,201,970,0,N,0,N,0,N,1.0,1.0,0.0,0.0,0.0,0.0,0.0,0.0,0.0
5314,201_00971,201,971,0,N,0,N,0,N,1.0,1.0,0.0,0.0,0.0,0.0,0.0,0.0,0.0
5315,201_00972,201,972,0,N,0,N,0,N,1.0,1.0,0.0,0.0,0.0,0.0,0.0,0.0,0.0
5316,201_00973,201,973,0,N,0,N,0,N,1.0,1.0,0.0,0.0,0.0,0.0,0.0,0.0,0.0
5317,201_00974,201,974,0,N,0,N,0,N,1.0,1.0,0.0,0.0,0.0,0.0,0.0,0.0,0.0
5318,201_00975,201,975,0,N,0,N,0,N,1.0,1.0,0.0,0.0,0.0,0.0,0.0,0.0,0.0
5319,201_00976,201,976,0,N,0,N,0,N,1.0,1.0,0.0,0.0,0.0,0.0,0.0,0.0,0.0
5320,201_00977,201,977,0,N,0,N,0,N,1.0,1.0,0.0,0.0,0.0,0.0,0.0,0.0,0.0
5321,201_00978,201,978,5,ABERR,0,N,0,N,1.0,1.0,0.0,0.0,0.0,0.0,0.0,0.0,0.0
5322,201_00979,201,979,0,N,5,ABERR,5,ABERR,1.0,0.0,0.0,0.0,0.0,0.0,1.0,0.0,0.0
5323,201_00980,201,980,0,N,0,N,0,N,1.0,1.0,0.0,0.0,0.0,0.0,0.0,0.0,0.0
5324,201_00981,201,981,0,N,0,N,0,N,1.0,1.0,0.0,0.0,0.0,0.0,0.0,0.0,0.0
5325,201_00982,201,982,0,N,0,N,0,N,1.0,1.0,0.0,0.0,0.0,0.0,0.0,0.0,0.0
5326,201_00983,201,983,0,N,0,N,0,N,1.0,1.0,0.0,0.0,0.0,0.0,0.0,0.0,0.0
5327,201_00984,201,984,0,N,0,N,0,N,1.0,1.0,0.0,0.0,0.0,0.0,0.0,0.0,0.0
5328,201_00985,201,985,0,N,0,N,0,N,1.0,1.0,0.0,0.0,0.0,0.0,0.0,0.0,0.0
5329,201_00986,201,986,0,N,0,N,0,N,1.0,1.0,0.0,0.0,0.0,0.0,0.0,0.0,0.0
5330,201_00987,201,987,0,N,0,N,0,N,1.0,1.0,0.0,0.0,0.0,0.0,0.0,0.0,0.0
5331,201_00988,201,988,5,ABERR,0,N,0,N,1.0,1.0,0.0,0.0,0.0,0.0,0.0,0.0,0.0
5332,201_00989,201,989,0,N,5,ABERR,5,ABERR,1.0,0.0,0.0,0.0,0.0,0.0,1.0,0.0,0.0
5333,201_00990,201,990,0,N,0,N,0,N,1.0,1.0,0.0,0.0,0.0,0.0,0.0,0.0,0.0
5334,201_00991,201,991,0,N,0,N,0,N,1.0,1.0,0.0,0.0,0.0,0.0,0.0,0.0,0.0
5335,201_00992,201,992,0,N,0,N,0,N,1.0,1.0,0.0,0.0,0.0,0.0,0.0,0.0,0.0
5336,201_00993,201,993,0,N,0,N,0,N,1.0,1.0,0.0,0.0,0.0,0.0,0.0,0.0,0.0
5337,201_00994,201,994,0,N,0,N,0,N,1.0,1.0,0.0,0.0,0.0,0.0,0.0,0.0,0.0
5338,201_00995,201,995,0,N,0,N,0,N,1.0,1.0,0.0,0.0,0.0,0.0,0.0,0.0,0.0
5339,201_00996,201,996,3,APC,0,N,0,N,1.0,1.0,0.0,0.0,0.0,0.0,0.0,0.0,0.0
5340,201_00997,201,997,0,N,3,APC,3,APC,1.0,0.0,0.0,0.0,1.0,0.0,0.0,0.0,0.0
5341,201_00998,201,998,0,N,0,N,0,N,1.0,1.0,0.0,0.0,0.0,0.0,0.0,0.0,0.0
5342,201_00999,201,999,0,N,0,N,0,N,1.0,1.0,0.0,0.0,0.0,0.0,0.0,0.0,0.0
5343,201_01000,201,1000,0,N,0,N,0,N,1.0,1.0,0.0,0.0,0.0,0.0,0.0,0.0,0.0
5344,201_01001,201,1001,0,N,0,N,0,N,1.0,1.0,0.0,0.0,0.0,0.0,0.0,0.0,0.0
5345,201_01002,201,1002,0,N,0,N,0,N,1.0,1.0,0.0,0.0,0.0,0.0,0.0,0.0,0.0
5346,201_01003,201,1003,0,N,0,N,0,N,1.0,1.0,0.0,0.0,0.0,0.0,0.0,0.0,0.0
5347,201_01004,201,1004,0,N,0,N,0,N,1.0,1.0,0.0,0.0,0.0,0.0,0.0,0.0,0.0
5348,201_01005,201,1005,0,N,0,N,0,N,1.0,1.0,0.0,0.0,0.0,0.0,0.0,0.0,0.0
5349,201_01006,201,1006,0,N,0,N,0,N,1.0,1.0,0.0,0.0,0.0,0.0,0.0,0.0,0.0
5350,201_01007,201,1007,0,N,0,N,0,N,1.0,1.0,0.0,0.0,0.0,0.0,0.0,0.0,0.0
5351,201_01008,201,1008,0,N,0,N,0,N,1.0,1.0,0.0,0.0,0.0,0.0,0.0,0.0,0.0
5352,201_01009,201,1009,0,N,0,N,0,N,1.0,1.0,0.0,0.0,0.0,0.0,0.0,0.0,0.0
5353,201_01010,201,1010,0,N,0,N,0,N,1.0,1.0,0.0,0.0,0.0,0.0,0.0,0.0,0.0
5354,201_01011,201,1011,0,N,0,N,0,N,1.0,1.0,0.0,0.0,0.0,0.0,0.0,0.0,0.0
5355,201_01012,201,1012,0,N,0,N,0,N,1.0,1.0,0.0,0.0,0.0,0.0,0.0,0.0,0.0
5356,201_01013,201,1013,0,N,0,N,0,N,1.0,1.0,0.0,0.0,0.0,0.0,0.0,0.0,0.0
5357,201_01014,201,1014,0,N,0,N,0,N,1.0,1.0,0.0,0.0,0.0,0.0,0.0,0.0,0.0
5358,201_01015,201,1015,0,N,0,N,0,N,1.0,1.0,0.0,0.0,0.0,0.0,0.0,0.0,0.0
5359,201_01016,201,1016,0,N,0,N,0,N,1.0,1.0,0.0,0.0,0.0,0.0,0.0,0.0,0.0
5360,201_01017,201,1017,0,N,0,N,0,N,1.0,1.0,0.0,0.0,0.0,0.0,0.0,0.0,0.0
5361,201_01018,201,1018,0,N,0,N,0,N,1.0,1.0,0.0,0.0,0.0,0.0,0.0,0.0,0.0
5362,201_01019,201,1019,0,N,0,N,0,N,1.0,1.0,0.0,0.0,0.0,0.0,0.0,0.0,0.0
5363,201_01020,201,1020,0,N,0,N,0,N,1.0,1.0,0.0,0.0,0.0,0.0,0.0,0.0,0.0
5364,201_01021,201,1021,0,N,0,N,0,N,1.0,1.0,0.0,0.0,0.0,0.0,0.0,0.0,0.0
5365,201_01022,201,1022,0,N,0,N,0,N,1.0,1.0,0.0,0.0,0.0,0.0,0.0,0.0,0.0
5366,201_01023,201,1023,0,N,0,N,0,N,1.0,1.0,0.0,0.0,0.0,0.0,0.0,0.0,0.0
5367,201_01024,201,1024,0,N,0,N,0,N,1.0,1.0,0.0,0.0,0.0,0.0,0.0,0.0,0.0
5368,201_01025,201,1025,0,N,0,N,0,N,1.0,1.0,0.0,0.0,0.0,0.0,0.0,0.0,0.0
5369,201_01026,201,1026,0,N,0,N,0,N,1.0,1.0,0.0,0.0,0.0,0.0,0.0,0.0,0.0
5370,201_01027,201,1027,0,N,0,N,0,N,1.0,1.0,0.0,0.0,0.0,0.0,0.0,0.0,0.0
5371,201_01028,201,1028,0,N,0,N,0,N,1.0,1.0,0.0,0.0,0.0,0.0,0.0,0.0,0.0
5372,201_01029,201,1029,0,N,0,N,0,N,1.0,1.0,0.0,0.0,0.0,0.0,0.0,0.0,0.0
5373,201_01030,201,1030,0,N,0,N,0,N,1.0,1.0,0.0,0.0,0.0,0.0,0.0,0.0,0.0
5374,201_01031,201,1031,0,N,0,N,0,N,1.0,1.0,0.0,0.0,0.0,0.0,0.0,0.0,0.0
5375,201_01032,201,1032,0,N,0,N,0,N,1.0,1.0,0.0,0.0,0.0,0.0,0.0,0.0,0.0
5376,201_01033,201,1033,0,N,0,N,0,N,1.0,1.0,0.0,0.0,0.0,0.0,0.0,0.0,0.0
5377,201_01034,201,1034,0,N,0,N,0,N,1.0,1.0,0.0,0.0,0.0,0.0,0.0,0.0,0.0
5378,201_01035,201,1035,0,N,0,N,0,N,1.0,1.0,0.0,0.0,0.0,0.0,0.0,0.0,0.0
5379,201_01036,201,1036,0,N,0,N,0,N,1.0,1.0,0.0,0.0,0.0,0.0,0.0,0.0,0.0
5380,201_01037,201,1037,0,N,0,N,0,N,1.0,1.0,0.0,0.0,0.0,0.0,0.0,0.0,0.0
5381,201_01038,201,1038,0,N,0,N,0,N,1.0,1.0,0.0,0.0,0.0,0.0,0.0,0.0,0.0
5382,201_01039,201,1039,0,N,0,N,0,N,1.0,1.0,0.0,0.0,0.0,0.0,0.0,0.0,0.0
5383,201_01040,201,1040,0,N,0,N,0,N,1.0,1.0,0.0,0.0,0.0,0.0,0.0,0.0,0.0
5384,201_01041,201,1041,0,N,0,N,0,N,1.0,1.0,0.0,0.0,0.0,0.0,0.0,0.0,0.0
5385,201_01042,201,1042,0,N,0,N,0,N,1.0,1.0,0.0,0.0,0.0,0.0,0.0,0.0,0.0
5386,201_01043,201,1043,0,N,0,N,0,N,1.0,1.0,0.0,0.0,0.0,0.0,0.0,0.0,0.0
5387,201_01044,201,1044,0,N,0,N,0,N,1.0,1.0,0.0,0.0,0.0,0.0,0.0,0.0,0.0
5388,201_01045,201,1045,0,N,0,N,0,N,1.0,1.0,0.0,0.0,0.0,0.0,0.0,0.0,0.0
5389,201_01046,201,1046,0,N,0,N,0,N,1.0,1.0,0.0,0.0,0.0,0.0,0.0,0.0,0.0
5390,201_01047,201,1047,0,N,0,N,0,N,1.0,1.0,0.0,0.0,0.0,0.0,0.0,0.0,0.0
5391,201_01048,201,1048,5,ABERR,0,N,0,N,1.0,1.0,0.0,0.0,0.0,0.0,0.0,0.0,0.0
5392,201_01049,201,1049,5,ABERR,5,ABERR,5,ABERR,1.0,0.0,0.0,0.0,0.0,0.0,1.0,0.0,0.0
5393,201_01050,201,1050,0,N,5,ABERR,5,ABERR,1.0,0.0,0.0,0.0,0.0,0.0,1.0,0.0,0.0
5394,201_01051,201,1051,0,N,0,N,0,N,1.0,1.0,0.0,0.0,0.0,0.0,0.0,0.0,0.0
5395,201_01052,201,1052,0,N,0,N,0,N,1.0,1.0,0.0,0.0,0.0,0.0,0.0,0.0,0.0
5396,201_01053,201,1053,0,N,0,N,0,N,1.0,1.0,0.0,0.0,0.0,0.0,0.0,0.0,0.0
5397,201_01054,201,1054,0,N,0,N,0,N,1.0,1.0,0.0,0.0,0.0,0.0,0.0,0.0,0.0
5398,201_01055,201,1055,0,N,0,N,0,N,1.0,1.0,0.0,0.0,0.0,0.0,0.0,0.0,0.0
5399,201_01056,201,1056,0,N,0,N,0,N,1.0,1.0,0.0,0.0,0.0,0.0,0.0,0.0,0.0
5400,201_01057,201,1057,0,N,0,N,0,N,1.0,1.0,0.0,0.0,0.0,0.0,0.0,0.0,0.0
5401,201_01058,201,1058,3,APC,0,N,0,N,1.0,1.0,0.0,0.0,0.0,0.0,0.0,0.0,0.0
5402,201_01059,201,1059,0,N,3,APC,3,APC,1.0,0.0,0.0,0.0,1.0,0.0,0.0,0.0,0.0
5403,201_01060,201,1060,0,N,0,N,0,N,1.0,1.0,0.0,0.0,0.0,0.0,0.0,0.0,0.0
5404,201_01061,201,1061,3,APC,0,N,0,N,1.0,1.0,0.0,0.0,0.0,0.0,0.0,0.0,0.0
5405,201_01062,201,1062,0,N,3,APC,3,APC,1.0,0.0,0.0,0.0,1.0,0.0,0.0,0.0,0.0
5406,201_01063,201,1063,5,ABERR,0,N,0,N,1.0,1.0,0.0,0.0,0.0,0.0,0.0,0.0,0.0
5407,201_01064,201,1064,7,NESC,5,ABERR,5,ABERR,1.0,0.0,0.0,0.0,0.0,0.0,1.0,0.0,0.0
5408,201_01065,201,1065,0,N,7,NESC,7,NESC,1.0,0.0,0.0,0.0,0.0,0.0,0.0,0.0,1.0
5409,201_01066,201,1066,0,N,0,N,0,N,1.0,1.0,0.0,0.0,0.0,0.0,0.0,0.0,0.0
5410,201_01067,201,1067,0,N,0,N,0,N,1.0,1.0,0.0,0.0,0.0,0.0,0.0,0.0,0.0
5411,201_01068,201,1068,0,N,0,N,0,N,1.0,1.0,0.0,0.0,0.0,0.0,0.0,0.0,0.0
5412,201_01069,201,1069,3,APC,0,N,0,N,1.0,1.0,0.0,0.0,0.0,0.0,0.0,0.0,0.0
5413,201_01070,201,1070,3,APC,3,APC,3,APC,1.0,0.0,0.0,0.0,1.0,0.0,0.0,0.0,0.0
5414,201_01071,201,1071,0,N,3,APC,3,APC,1.0,0.0,0.0,0.0,1.0,0.0,0.0,0.0,0.0
5415,201_01072,201,1072,0,N,0,N,0,N,1.0,1.0,0.0,0.0,0.0,0.0,0.0,0.0,0.0
5416,201_01073,201,1073,0,N,0,N,0,N,1.0,1.0,0.0,0.0,0.0,0.0,0.0,0.0,0.0
5417,201_01074,201,1074,0,N,0,N,0,N,1.0,1.0,0.0,0.0,0.0,0.0,0.0,0.0,0.0
5418,201_01075,201,1075,0,N,0,N,0,N,1.0,1.0,0.0,0.0,0.0,0.0,0.0,0.0,0.0
5419,201_01076,201,1076,0,N,0,N,0,N,1.0,1.0,0.0,0.0,0.0,0.0,0.0,0.0,0.0
5420,201_01077,201,1077,0,N,0,N,0,N,1.0,1.0,0.0,0.0,0.0,0.0,0.0,0.0,0.0
5421,201_01078,201,1078,0,N,0,N,0,N,1.0,1.0,0.0,0.0,0.0,0.0,0.0,0.0,0.0
5422,201_01079,201,1079,0,N,0,N,0,N,1.0,1.0,0.0,0.0,0.0,0.0,0.0,0.0,0.0
5423,201_01080,201,1080,5,ABERR,0,N,0,N,1.0,1.0,0.0,0.0,0.0,0.0,0.0,0.0,0.0
5424,201_01081,201,1081,7,NESC,5,ABERR,5,ABERR,1.0,0.0,0.0,0.0,0.0,0.0,1.0,0.0,0.0
5425,201_01082,201,1082,3,APC,7,NESC,7,NESC,1.0,0.0,0.0,0.0,0.0,0.0,0.0,0.0,1.0
5426,201_01083,201,1083,0,N,3,APC,3,APC,1.0,0.0,0.0,0.0,1.0,0.0,0.0,0.0,0.0
5427,201_01084,201,1084,0,N,0,N,0,N,1.0,1.0,0.0,0.0,0.0,0.0,0.0,0.0,0.0
5428,201_01085,201,1085,0,N,0,N,0,N,1.0,1.0,0.0,0.0,0.0,0.0,0.0,0.0,0.0
5429,201_01086,201,1086,0,N,0,N,0,N,1.0,1.0,0.0,0.0,0.0,0.0,0.0,0.0,0.0
5430,201_01087,201,1087,0,N,0,N,0,N,1.0,1.0,0.0,0.0,0.0,0.0,0.0,0.0,0.0
5431,201_01088,201,1088,0,N,0,N,0,N,1.0,1.0,0.0,0.0,0.0,0.0,0.0,0.0,0.0
5432,201_01089,201,1089,0,N,0,N,0,N,1.0,1.0,0.0,0.0,0.0,0.0,0.0,0.0,0.0
5433,201_01090,201,1090,0,N,0,N,0,N,1.0,1.0,0.0,0.0,0.0,0.0,0.0,0.0,0.0
5434,201_01091,201,1091,0,N,0,N,0,N,1.0,1.0,0.0,0.0,0.0,0.0,0.0,0.0,0.0
5435,201_01092,201,1092,0,N,0,N,0,N,1.0,1.0,0.0,0.0,0.0,0.0,0.0,0.0,0.0
5436,201_01093,201,1093,0,N,0,N,0,N,1.0,1.0,0.0,0.0,0.0,0.0,0.0,0.0,0.0
5437,201_01094,201,1094,0,N,0,N,0,N,1.0,1.0,0.0,0.0,0.0,0.0,0.0,0.0,0.0
5438,201_01095,201,1095,3,APC,0,N,0,N,1.0,1.0,0.0,0.0,0.0,0.0,0.0,0.0,0.0
5439,201_01096,201,1096,3,APC,3,APC,3,APC,1.0,0.0,0.0,0.0,1.0,0.0,0.0,0.0,0.0
5440,201_01097,201,1097,0,N,3,APC,3,APC,1.0,0.0,0.0,0.0,1.0,0.0,0.0,0.0,0.0
5441,201_01098,201,1098,0,N,0,N,0,N,1.0,1.0,0.0,0.0,0.0,0.0,0.0,0.0,0.0
5442,201_01099,201,1099,3,APC,0,N,0,N,1.0,1.0,0.0,0.0,0.0,0.0,0.0,0.0,0.0
5443,201_01100,201,1100,0,N,3,APC,3,APC,1.0,0.0,0.0,0.0,1.0,0.0,0.0,0.0,0.0
5444,201_01101,201,1101,0,N,0,N,0,N,1.0,1.0,0.0,0.0,0.0,0.0,0.0,0.0,0.0
5445,201_01102,201,1102,0,N,0,N,0,N,1.0,1.0,0.0,0.0,0.0,0.0,0.0,0.0,0.0
5446,201_01103,201,1103,0,N,0,N,0,N,1.0,1.0,0.0,0.0,0.0,0.0,0.0,0.0,0.0
5447,201_01104,201,1104,0,N,0,N,0,N,1.0,1.0,0.0,0.0,0.0,0.0,0.0,0.0,0.0
5448,201_01105,201,1105,3,APC,0,N,0,N,1.0,1.0,0.0,0.0,0.0,0.0,0.0,0.0,0.0
5449,201_01106,201,1106,3,APC,3,APC,3,APC,1.0,0.0,0.0,0.0,1.0,0.0,0.0,0.0,0.0
5450,201_01107,201,1107,0,N,3,APC,3,APC,1.0,0.0,0.0,0.0,1.0,0.0,0.0,0.0,0.0
5451,201_01108,201,1108,0,N,0,N,0,N,1.0,1.0,0.0,0.0,0.0,0.0,0.0,0.0,0.0
5452,201_01109,201,1109,0,N,0,N,0,N,1.0,1.0,0.0,0.0,0.0,0.0,0.0,0.0,0.0
5453,201_01110,201,1110,5,ABERR,0,N,0,N,1.0,1.0,0.0,0.0,0.0,0.0,0.0,0.0,0.0
5454,201_01111,201,1111,0,N,5,ABERR,5,ABERR,1.0,0.0,0.0,0.0,0.0,0.0,1.0,0.0,0.0
5455,201_01112,201,1112,0,N,0,N,0,N,1.0,1.0,0.0,0.0,0.0,0.0,0.0,0.0,0.0
5456,201_01113,201,1113,0,N,0,N,0,N,1.0,1.0,0.0,0.0,0.0,0.0,0.0,0.0,0.0
5457,201_01114,201,1114,0,N,0,N,0,N,1.0,1.0,0.0,0.0,0.0,0.0,0.0,0.0,0.0
5458,201_01115,201,1115,0,N,0,N,0,N,1.0,1.0,0.0,0.0,0.0,0.0,0.0,0.0,0.0
5459,201_01116,201,1116,0,N,0,N,0,N,1.0,1.0,0.0,0.0,0.0,0.0,0.0,0.0,0.0
5460,201_01117,201,1117,0,N,0,N,0,N,1.0,1.0,0.0,0.0,0.0,0.0,0.0,0.0,0.0
5461,201_01118,201,1118,0,N,0,N,0,N,1.0,1.0,0.0,0.0,0.0,0.0,0.0,0.0,0.0
5462,201_01119,201,1119,3,APC,0,N,0,N,1.0,1.0,0.0,0.0,0.0,0.0,0.0,0.0,0.0
5463,201_01120,201,1120,3,APC,3,APC,3,APC,1.0,0.0,0.0,0.0,1.0,0.0,0.0,0.0,0.0
5464,201_01121,201,1121,0,N,3,APC,3,APC,1.0,0.0,0.0,0.0,1.0,0.0,0.0,0.0,0.0
5465,201_01122,201,1122,0,N,0,N,0,N,1.0,1.0,0.0,0.0,0.0,0.0,0.0,0.0,0.0
5466,201_01123,201,1123,0,N,0,N,0,N,1.0,1.0,0.0,0.0,0.0,0.0,0.0,0.0,0.0
5467,201_01124,201,1124,0,N,0,N,0,N,1.0,1.0,0.0,0.0,0.0,0.0,0.0,0.0,0.0
5468,201_01125,201,1125,0,N,0,N,0,N,1.0,1.0,0.0,0.0,0.0,0.0,0.0,0.0,0.0
5469,201_01126,201,1126,5,ABERR,0,N,0,N,1.0,1.0,0.0,0.0,0.0,0.0,0.0,0.0,0.0
5470,201_01127,201,1127,5,ABERR,5,ABERR,5,ABERR,1.0,0.0,0.0,0.0,0.0,0.0,1.0,0.0,0.0
5471,201_01128,201,1128,0,N,5,ABERR,5,ABERR,1.0,0.0,0.0,0.0,0.0,0.0,1.0,0.0,0.0
5472,201_01129,201,1129,0,N,0,N,0,N,1.0,1.0,0.0,0.0,0.0,0.0,0.0,0.0,0.0
5473,201_01130,201,1130,0,N,0,N,0,N,1.0,1.0,0.0,0.0,0.0,0.0,0.0,0.0,0.0
5474,201_01131,201,1131,0,N,0,N,0,N,1.0,1.0,0.0,0.0,0.0,0.0,0.0,0.0,0.0
5475,201_01132,201,1132,5,ABERR,0,N,0,N,1.0,1.0,0.0,0.0,0.0,0.0,0.0,0.0,0.0
5476,201_01133,201,1133,0,N,5,ABERR,5,ABERR,1.0,0.0,0.0,0.0,0.0,0.0,1.0,0.0,0.0
5477,201_01134,201,1134,0,N,0,N,0,N,1.0,1.0,0.0,0.0,0.0,0.0,0.0,0.0,0.0
5478,201_01135,201,1135,0,N,0,N,0,N,1.0,1.0,0.0,0.0,0.0,0.0,0.0,0.0,0.0
5479,201_01136,201,1136,0,N,0,N,0,N,1.0,1.0,0.0,0.0,0.0,0.0,0.0,0.0,0.0
5480,201_01137,201,1137,0,N,0,N,0,N,1.0,1.0,0.0,0.0,0.0,0.0,0.0,0.0,0.0
5481,201_01138,201,1138,0,N,0,N,0,N,1.0,1.0,0.0,0.0,0.0,0.0,0.0,0.0,0.0
5482,201_01139,201,1139,0,N,0,N,0,N,1.0,1.0,0.0,0.0,0.0,0.0,0.0,0.0,0.0
5483,201_01140,201,1140,5,ABERR,0,N,0,N,1.0,1.0,0.0,0.0,0.0,0.0,0.0,0.0,0.0
5484,201_01141,201,1141,0,N,5,ABERR,5,ABERR,1.0,0.0,0.0,0.0,0.0,0.0,1.0,0.0,0.0
5485,201_01142,201,1142,0,N,0,N,0,N,1.0,1.0,0.0,0.0,0.0,0.0,0.0,0.0,0.0
5486,201_01143,201,1143,0,N,0,N,0,N,1.0,1.0,0.0,0.0,0.0,0.0,0.0,0.0,0.0
5487,201_01144,201,1144,0,N,0,N,0,N,1.0,1.0,0.0,0.0,0.0,0.0,0.0,0.0,0.0
5488,201_01145,201,1145,0,N,0,N,0,N,1.0,1.0,0.0,0.0,0.0,0.0,0.0,0.0,0.0
5489,201_01146,201,1146,0,N,0,N,0,N,1.0,1.0,0.0,0.0,0.0,0.0,0.0,0.0,0.0
5490,201_01147,201,1147,5,ABERR,0,N,0,N,1.0,1.0,0.0,0.0,0.0,0.0,0.0,0.0,0.0
5491,201_01148,201,1148,5,ABERR,5,ABERR,5,ABERR,1.0,0.0,0.0,0.0,0.0,0.0,1.0,0.0,0.0
5492,201_01149,201,1149,0,N,5,ABERR,5,ABERR,1.0,0.0,0.0,0.0,0.0,0.0,1.0,0.0,0.0
5493,201_01150,201,1150,0,N,0,N,0,N,1.0,1.0,0.0,0.0,0.0,0.0,0.0,0.0,0.0
5494,201_01151,201,1151,0,N,0,N,0,N,1.0,1.0,0.0,0.0,0.0,0.0,0.0,0.0,0.0
5495,201_01152,201,1152,3,APC,0,N,0,N,1.0,1.0,0.0,0.0,0.0,0.0,0.0,0.0,0.0
5496,201_01153,201,1153,3,APC,3,APC,3,APC,1.0,0.0,0.0,0.0,1.0,0.0,0.0,0.0,0.0
5497,201_01154,201,1154,0,N,3,APC,3,APC,1.0,0.0,0.0,0.0,1.0,0.0,0.0,0.0,0.0
5498,201_01155,201,1155,0,N,0,N,0,N,1.0,1.0,0.0,0.0,0.0,0.0,0.0,0.0,0.0
5499,201_01156,201,1156,0,N,0,N,0,N,1.0,1.0,0.0,0.0,0.0,0.0,0.0,0.0,0.0
5500,201_01157,201,1157,0,N,0,N,0,N,1.0,1.0,0.0,0.0,0.0,0.0,0.0,0.0,0.0
5501,201_01158,201,1158,5,ABERR,0,N,0,N,1.0,1.0,0.0,0.0,0.0,0.0,0.0,0.0,0.0
5502,201_01159,201,1159,0,N,5,ABERR,5,ABERR,1.0,0.0,0.0,0.0,0.0,0.0,1.0,0.0,0.0
5503,201_01160,201,1160,0,N,0,N,0,N,1.0,1.0,0.0,0.0,0.0,0.0,0.0,0.0,0.0
5504,201_01161,201,1161,0,N,0,N,0,N,1.0,1.0,0.0,0.0,0.0,0.0,0.0,0.0,0.0
5505,201_01162,201,1162,0,N,0,N,0,N,1.0,1.0,0.0,0.0,0.0,0.0,0.0,0.0,0.0
5506,201_01163,201,1163,3,APC,0,N,0,N,1.0,1.0,0.0,0.0,0.0,0.0,0.0,0.0,0.0
5507,201_01164,201,1164,0,N,3,APC,3,APC,1.0,0.0,0.0,0.0,1.0,0.0,0.0,0.0,0.0
5508,201_01165,201,1165,0,N,0,N,0,N,1.0,1.0,0.0,0.0,0.0,0.0,0.0,0.0,0.0
5509,201_01166,201,1166,0,N,0,N,0,N,1.0,1.0,0.0,0.0,0.0,0.0,0.0,0.0,0.0
5510,201_01167,201,1167,3,APC,0,N,0,N,1.0,1.0,0.0,0.0,0.0,0.0,0.0,0.0,0.0
5511,201_01168,201,1168,0,N,3,APC,3,APC,1.0,0.0,0.0,0.0,1.0,0.0,0.0,0.0,0.0
5512,201_01169,201,1169,0,N,0,N,0,N,1.0,1.0,0.0,0.0,0.0,0.0,0.0,0.0,0.0
5513,201_01170,201,1170,0,N,0,N,0,N,1.0,1.0,0.0,0.0,0.0,0.0,0.0,0.0,0.0
5514,201_01171,201,1171,0,N,0,N,0,N,1.0,1.0,0.0,0.0,0.0,0.0,0.0,0.0,0.0
5515,201_01172,201,1172,0,N,0,N,0,N,1.0,1.0,0.0,0.0,0.0,0.0,0.0,0.0,0.0
5516,201_01173,201,1173,0,N,0,N,0,N,1.0,1.0,0.0,0.0,0.0,0.0,0.0,0.0,0.0
5517,201_01174,201,1174,0,N,0,N,0,N,1.0,1.0,0.0,0.0,0.0,0.0,0.0,0.0,0.0
5518,201_01175,201,1175,5,ABERR,0,N,0,N,1.0,1.0,0.0,0.0,0.0,0.0,0.0,0.0,0.0
5519,201_01176,201,1176,5,ABERR,5,ABERR,5,ABERR,1.0,0.0,0.0,0.0,0.0,0.0,1.0,0.0,0.0
5520,201_01177,201,1177,0,N,5,ABERR,5,ABERR,1.0,0.0,0.0,0.0,0.0,0.0,1.0,0.0,0.0
5521,201_01178,201,1178,0,N,0,N,0,N,1.0,1.0,0.0,0.0,0.0,0.0,0.0,0.0,0.0
5522,201_01179,201,1179,5,ABERR,0,N,0,N,1.0,1.0,0.0,0.0,0.0,0.0,0.0,0.0,0.0
5523,201_01180,201,1180,0,N,5,ABERR,5,ABERR,1.0,0.0,0.0,0.0,0.0,0.0,1.0,0.0,0.0
5524,201_01181,201,1181,0,N,0,N,0,N,1.0,1.0,0.0,0.0,0.0,0.0,0.0,0.0,0.0
5525,201_01182,201,1182,0,N,0,N,0,N,1.0,1.0,0.0,0.0,0.0,0.0,0.0,0.0,0.0
5526,201_01183,201,1183,0,N,0,N,0,N,1.0,1.0,0.0,0.0,0.0,0.0,0.0,0.0,0.0
5527,201_01184,201,1184,0,N,0,N,0,N,1.0,1.0,0.0,0.0,0.0,0.0,0.0,0.0,0.0
5528,201_01185,201,1185,5,ABERR,0,N,0,N,1.0,1.0,0.0,0.0,0.0,0.0,0.0,0.0,0.0
5529,201_01186,201,1186,0,N,5,ABERR,5,ABERR,1.0,0.0,0.0,0.0,0.0,0.0,1.0,0.0,0.0
5530,201_01187,201,1187,0,N,0,N,0,N,1.0,1.0,0.0,0.0,0.0,0.0,0.0,0.0,0.0
5531,201_01188,201,1188,0,N,0,N,0,N,1.0,1.0,0.0,0.0,0.0,0.0,0.0,0.0,0.0
5532,201_01189,201,1189,0,N,0,N,0,N,1.0,1.0,0.0,0.0,0.0,0.0,0.0,0.0,0.0
5533,201_01190,201,1190,0,N,0,N,0,N,1.0,1.0,0.0,0.0,0.0,0.0,0.0,0.0,0.0
5534,201_01191,201,1191,0,N,0,N,0,N,1.0,1.0,0.0,0.0,0.0,0.0,0.0,0.0,0.0
5535,201_01192,201,1192,5,ABERR,0,N,0,N,1.0,1.0,0.0,0.0,0.0,0.0,0.0,0.0,0.0
5536,201_01193,201,1193,0,N,5,ABERR,5,ABERR,1.0,0.0,0.0,0.0,0.0,0.0,1.0,0.0,0.0
5537,201_01194,201,1194,0,N,0,N,0,N,1.0,1.0,0.0,0.0,0.0,0.0,0.0,0.0,0.0
5538,201_01195,201,1195,0,N,0,N,0,N,1.0,1.0,0.0,0.0,0.0,0.0,0.0,0.0,0.0
5539,201_01196,201,1196,0,N,0,N,0,N,1.0,1.0,0.0,0.0,0.0,0.0,0.0,0.0,0.0
5540,201_01197,201,1197,0,N,0,N,0,N,1.0,1.0,0.0,0.0,0.0,0.0,0.0,0.0,0.0
5541,201_01198,201,1198,0,N,0,N,0,N,1.0,1.0,0.0,0.0,0.0,0.0,0.0,0.0,0.0
5542,201_01199,201,1199,0,N,0,N,0,N,1.0,1.0,0.0,0.0,0.0,0.0,0.0,0.0,0.0
5543,201_01200,201,1200,0,N,0,N,0,N,1.0,1.0,0.0,0.0,0.0,0.0,0.0,0.0,0.0
5544,201_01201,201,1201,0,N,0,N,0,N,1.0,1.0,0.0,0.0,0.0,0.0,0.0,0.0,0.0
5545,201_01202,201,1202,0,N,0,N,0,N,1.0,1.0,0.0,0.0,0.0,0.0,0.0,0.0,0.0
5546,201_01203,201,1203,5,ABERR,0,N,0,N,1.0,1.0,0.0,0.0,0.0,0.0,0.0,0.0,0.0
5547,201_01204,201,1204,0,N,5,ABERR,5,ABERR,1.0,0.0,0.0,0.0,0.0,0.0,1.0,0.0,0.0
5548,201_01205,201,1205,0,N,0,N,0,N,1.0,1.0,0.0,0.0,0.0,0.0,0.0,0.0,0.0
5549,201_01206,201,1206,0,N,0,N,0,N,1.0,1.0,0.0,0.0,0.0,0.0,0.0,0.0,0.0
5550,201_01207,201,1207,0,N,0,N,0,N,1.0,1.0,0.0,0.0,0.0,0.0,0.0,0.0,0.0
5551,201_01208,201,1208,0,N,0,N,0,N,1.0,1.0,0.0,0.0,0.0,0.0,0.0,0.0,0.0
5552,201_01209,201,1209,0,N,0,N,0,N,1.0,1.0,0.0,0.0,0.0,0.0,0.0,0.0,0.0
5553,201_01210,201,1210,0,N,0,N,0,N,1.0,1.0,0.0,0.0,0.0,0.0,0.0,0.0,0.0
5554,201_01211,201,1211,0,N,0,N,0,N,1.0,1.0,0.0,0.0,0.0,0.0,0.0,0.0,0.0
5555,201_01212,201,1212,0,N,0,N,0,N,1.0,1.0,0.0,0.0,0.0,0.0,0.0,0.0,0.0
5556,201_01213,201,1213,0,N,0,N,0,N,1.0,1.0,0.0,0.0,0.0,0.0,0.0,0.0,0.0
5557,201_01214,201,1214,0,N,0,N,0,N,1.0,1.0,0.0,0.0,0.0,0.0,0.0,0.0,0.0
5558,201_01215,201,1215,0,N,0,N,0,N,1.0,1.0,0.0,0.0,0.0,0.0,0.0,0.0,0.0
5559,201_01216,201,1216,0,N,0,N,0,N,1.0,1.0,0.0,0.0,0.0,0.0,0.0,0.0,0.0
5560,201_01217,201,1217,0,N,0,N,0,N,1.0,1.0,0.0,0.0,0.0,0.0,0.0,0.0,0.0
5561,201_01218,201,1218,0,N,0,N,0,N,1.0,1.0,0.0,0.0,0.0,0.0,0.0,0.0,0.0
5562,201_01219,201,1219,0,N,0,N,0,N,1.0,1.0,0.0,0.0,0.0,0.0,0.0,0.0,0.0
5563,201_01220,201,1220,0,N,0,N,0,N,1.0,1.0,0.0,0.0,0.0,0.0,0.0,0.0,0.0
5564,201_01221,201,1221,0,N,0,N,0,N,1.0,1.0,0.0,0.0,0.0,0.0,0.0,0.0,0.0
5565,201_01222,201,1222,0,N,0,N,0,N,1.0,1.0,0.0,0.0,0.0,0.0,0.0,0.0,0.0
5566,201_01223,201,1223,0,N,0,N,0,N,1.0,1.0,0.0,0.0,0.0,0.0,0.0,0.0,0.0
5567,201_01224,201,1224,0,N,0,N,0,N,1.0,1.0,0.0,0.0,0.0,0.0,0.0,0.0,0.0
5568,201_01225,201,1225,0,N,0,N,0,N,1.0,1.0,0.0,0.0,0.0,0.0,0.0,0.0,0.0
5569,201_01226,201,1226,0,N,0,N,0,N,1.0,1.0,0.0,0.0,0.0,0.0,0.0,0.0,0.0
5570,201_01227,201,1227,0,N,0,N,0,N,1.0,1.0,0.0,0.0,0.0,0.0,0.0,0.0,0.0
5571,201_01228,201,1228,0,N,0,N,0,N,1.0,1.0,0.0,0.0,0.0,0.0,0.0,0.0,0.0
5572,201_01229,201,1229,0,N,0,N,0,N,1.0,1.0,0.0,0.0,0.0,0.0,0.0,0.0,0.0
5573,201_01230,201,1230,0,N,0,N,0,N,1.0,1.0,0.0,0.0,0.0,0.0,0.0,0.0,0.0
5574,201_01231,201,1231,0,N,0,N,0,N,1.0,1.0,0.0,0.0,0.0,0.0,0.0,0.0,0.0
5575,201_01232,201,1232,0,N,0,N,0,N,1.0,1.0,0.0,0.0,0.0,0.0,0.0,0.0,0.0
5576,201_01233,201,1233,0,N,0,N,0,N,1.0,1.0,0.0,0.0,0.0,0.0,0.0,0.0,0.0
5577,201_01234,201,1234,0,N,0,N,0,N,1.0,1.0,0.0,0.0,0.0,0.0,0.0,0.0,0.0
5578,201_01235,201,1235,0,N,0,N,0,N,1.0,1.0,0.0,0.0,0.0,0.0,0.0,0.0,0.0
5579,201_01236,201,1236,0,N,0,N,0,N,1.0,1.0,0.0,0.0,0.0,0.0,0.0,0.0,0.0
5580,201_01237,201,1237,0,N,0,N,0,N,1.0,1.0,0.0,0.0,0.0,0.0,0.0,0.0,0.0
5581,201_01238,201,1238,0,N,0,N,0,N,1.0,1.0,0.0,0.0,0.0,0.0,0.0,0.0,0.0
5582,201_01239,201,1239,0,N,0,N,0,N,1.0,1.0,0.0,0.0,0.0,0.0,0.0,0.0,0.0
5583,201_01240,201,1240,0,N,0,N,0,N,1.0,1.0,0.0,0.0,0.0,0.0,0.0,0.0,0.0
5584,201_01241,201,1241,0,N,0,N,0,N,1.0,1.0,0.0,0.0,0.0,0.0,0.0,0.0,0.0
5585,201_01242,201,1242,0,N,0,N,0,N,1.0,1.0,0.0,0.0,0.0,0.0,0.0,0.0,0.0
5586,201_01243,201,1243,0,N,0,N,0,N,1.0,1.0,0.0,0.0,0.0,0.0,0.0,0.0,0.0
5587,201_01244,201,1244,0,N,0,N,0,N,1.0,1.0,0.0,0.0,0.0,0.0,0.0,0.0,0.0
5588,201_01245,201,1245,0,N,0,N,0,N,1.0,1.0,0.0,0.0,0.0,0.0,0.0,0.0,0.0
5589,201_01246,201,1246,0,N,0,N,0,N,1.0,1.0,0.0,0.0,0.0,0.0,0.0,0.0,0.0
5590,201_01247,201,1247,0,N,0,N,0,N,1.0,1.0,0.0,0.0,0.0,0.0,0.0,0.0,0.0
5591,201_01248,201,1248,0,N,0,N,0,N,1.0,1.0,0.0,0.0,0.0,0.0,0.0,0.0,0.0
5592,201_01249,201,1249,0,N,0,N,0,N,1.0,1.0,0.0,0.0,0.0,0.0,0.0,0.0,0.0
5593,201_01250,201,1250,0,N,0,N,0,N,1.0,1.0,0.0,0.0,0.0,0.0,0.0,0.0,0.0
5594,201_01251,201,1251,0,N,0,N,0,N,1.0,1.0,0.0,0.0,0.0,0.0,0.0,0.0,0.0
5595,201_01252,201,1252,0,N,0,N,0,N,1.0,1.0,0.0,0.0,0.0,0.0,0.0,0.0,0.0
5596,201_01253,201,1253,0,N,0,N,0,N,1.0,1.0,0.0,0.0,0.0,0.0,0.0,0.0,0.0
5597,201_01254,201,1254,0,N,0,N,0,N,1.0,1.0,0.0,0.0,0.0,0.0,0.0,0.0,0.0
5598,201_01255,201,1255,0,N,0,N,0,N,1.0,1.0,0.0,0.0,0.0,0.0,0.0,0.0,0.0
5599,201_01256,201,1256,0,N,0,N,0,N,1.0,1.0,0.0,0.0,0.0,0.0,0.0,0.0,0.0
5600,201_01257,201,1257,0,N,0,N,0,N,1.0,1.0,0.0,0.0,0.0,0.0,0.0,0.0,0.0
5601,201_01258,201,1258,0,N,0,N,0,N,1.0,1.0,0.0,0.0,0.0,0.0,0.0,0.0,0.0
5602,201_01259,201,1259,0,N,0,N,0,N,1.0,1.0,0.0,0.0,0.0,0.0,0.0,0.0,0.0
5603,201_01260,201,1260,0,N,0,N,0,N,1.0,1.0,0.0,0.0,0.0,0.0,0.0,0.0,0.0
5604,201_01261,201,1261,0,N,0,N,0,N,1.0,1.0,0.0,0.0,0.0,0.0,0.0,0.0,0.0
5605,201_01262,201,1262,0,N,0,N,0,N,1.0,1.0,0.0,0.0,0.0,0.0,0.0,0.0,0.0
5606,201_01263,201,1263,0,N,0,N,0,N,1.0,1.0,0.0,0.0,0.0,0.0,0.0,0.0,0.0
5607,201_01264,201,1264,0,N,0,N,0,N,1.0,1.0,0.0,0.0,0.0,0.0,0.0,0.0,0.0
5608,201_01265,201,1265,0,N,0,N,0,N,1.0,1.0,0.0,0.0,0.0,0.0,0.0,0.0,0.0
5609,201_01266,201,1266,0,N,0,N,0,N,1.0,1.0,0.0,0.0,0.0,0.0,0.0,0.0,0.0
5610,201_01267,201,1267,0,N,0,N,0,N,1.0,1.0,0.0,0.0,0.0,0.0,0.0,0.0,0.0
5611,201_01268,201,1268,0,N,0,N,0,N,1.0,1.0,0.0,0.0,0.0,0.0,0.0,0.0,0.0
5612,201_01269,201,1269,0,N,0,N,0,N,1.0,1.0,0.0,0.0,0.0,0.0,0.0,0.0,0.0
5613,201_01270,201,1270,0,N,0,N,0,N,1.0,1.0,0.0,0.0,0.0,0.0,0.0,0.0,0.0
5614,201_01271,201,1271,0,N,0,N,0,N,1.0,1.0,0.0,0.0,0.0,0.0,0.0,0.0,0.0
5615,201_01272,201,1272,0,N,0,N,0,N,1.0,1.0,0.0,0.0,0.0,0.0,0.0,0.0,0.0
5616,201_01273,201,1273,0,N,0,N,0,N,1.0,1.0,0.0,0.0,0.0,0.0,0.0,0.0,0.0
5617,201_01274,201,1274,0,N,0,N,0,N,1.0,1.0,0.0,0.0,0.0,0.0,0.0,0.0,0.0
5618,201_01275,201,1275,0,N,0,N,0,N,1.0,1.0,0.0,0.0,0.0,0.0,0.0,0.0,0.0
5619,201_01276,201,1276,0,N,0,N,0,N,1.0,1.0,0.0,0.0,0.0,0.0,0.0,0.0,0.0
5620,201_01277,201,1277,0,N,0,N,0,N,1.0,1.0,0.0,0.0,0.0,0.0,0.0,0.0,0.0
5621,201_01278,201,1278,0,N,0,N,0,N,1.0,1.0,0.0,0.0,0.0,0.0,0.0,0.0,0.0
5622,201_01279,201,1279,0,N,0,N,0,N,1.0,1.0,0.0,0.0,0.0,0.0,0.0,0.0,0.0
5623,201_01280,201,1280,0,N,0,N,0,N,1.0,1.0,0.0,0.0,0.0,0.0,0.0,0.0,0.0
5624,201_01281,201,1281,0,N,0,N,0,N,1.0,1.0,0.0,0.0,0.0,0.0,0.0,0.0,0.0
5625,201_01282,201,1282,0,N,0,N,0,N,1.0,1.0,0.0,0.0,0.0,0.0,0.0,0.0,0.0
5626,201_01283,201,1283,0,N,0,N,0,N,1.0,1.0,0.0,0.0,0.0,0.0,0.0,0.0,0.0
5627,201_01284,201,1284,0,N,0,N,0,N,1.0,1.0,0.0,0.0,0.0,0.0,0.0,0.0,0.0
5628,201_01285,201,1285,0,N,0,N,0,N,1.0,1.0,0.0,0.0,0.0,0.0,0.0,0.0,0.0
5629,201_01286,201,1286,0,N,0,N,0,N,1.0,1.0,0.0,0.0,0.0,0.0,0.0,0.0,0.0
5630,201_01287,201,1287,0,N,0,N,0,N,1.0,1.0,0.0,0.0,0.0,0.0,0.0,0.0,0.0
5631,201_01288,201,1288,0,N,0,N,0,N,1.0,1.0,0.0,0.0,0.0,0.0,0.0,0.0,0.0
5632,201_01289,201,1289,0,N,0,N,0,N,1.0,1.0,0.0,0.0,0.0,0.0,0.0,0.0,0.0
5633,201_01290,201,1290,0,N,0,N,0,N,1.0,1.0,0.0,0.0,0.0,0.0,0.0,0.0,0.0
5634,201_01291,201,1291,0,N,0,N,0,N,1.0,1.0,0.0,0.0,0.0,0.0,0.0,0.0,0.0
5635,201_01292,201,1292,0,N,0,N,0,N,1.0,1.0,0.0,0.0,0.0,0.0,0.0,0.0,0.0
5636,201_01293,201,1293,0,N,0,N,0,N,1.0,1.0,0.0,0.0,0.0,0.0,0.0,0.0,0.0
5637,201_01294,201,1294,0,N,0,N,0,N,1.0,1.0,0.0,0.0,0.0,0.0,0.0,0.0,0.0
5638,201_01295,201,1295,0,N,0,N,0,N,1.0,1.0,0.0,0.0,0.0,0.0,0.0,0.0,0.0
5639,201_01296,201,1296,0,N,0,N,0,N,1.0,1.0,0.0,0.0,0.0,0.0,0.0,0.0,0.0
5640,201_01297,201,1297,0,N,0,N,0,N,1.0,1.0,0.0,0.0,0.0,0.0,0.0,0.0,0.0
5641,201_01298,201,1298,0,N,0,N,0,N,1.0,1.0,0.0,0.0,0.0,0.0,0.0,0.0,0.0
5642,201_01299,201,1299,0,N,0,N,0,N,1.0,1.0,0.0,0.0,0.0,0.0,0.0,0.0,0.0
5643,201_01300,201,1300,0,N,0,N,0,N,1.0,1.0,0.0,0.0,0.0,0.0,0.0,0.0,0.0
5644,201_01301,201,1301,0,N,0,N,0,N,1.0,1.0,0.0,0.0,0.0,0.0,0.0,0.0,0.0
5645,201_01302,201,1302,0,N,0,N,0,N,1.0,1.0,0.0,0.0,0.0,0.0,0.0,0.0,0.0
5646,201_01303,201,1303,0,N,0,N,0,N,1.0,1.0,0.0,0.0,0.0,0.0,0.0,0.0,0.0
5647,201_01304,201,1304,0,N,0,N,0,N,1.0,1.0,0.0,0.0,0.0,0.0,0.0,0.0,0.0
5648,201_01305,201,1305,0,N,0,N,0,N,1.0,1.0,0.0,0.0,0.0,0.0,0.0,0.0,0.0
5649,201_01306,201,1306,0,N,0,N,0,N,1.0,1.0,0.0,0.0,0.0,0.0,0.0,0.0,0.0
5650,201_01307,201,1307,0,N,0,N,0,N,1.0,1.0,0.0,0.0,0.0,0.0,0.0,0.0,0.0
5651,201_01308,201,1308,0,N,0,N,0,N,1.0,1.0,0.0,0.0,0.0,0.0,0.0,0.0,0.0
5652,201_01309,201,1309,0,N,0,N,0,N,1.0,1.0,0.0,0.0,0.0,0.0,0.0,0.0,0.0
5653,201_01310,201,1310,0,N,0,N,0,N,1.0,1.0,0.0,0.0,0.0,0.0,0.0,0.0,0.0
5654,201_01311,201,1311,0,N,0,N,0,N,1.0,1.0,0.0,0.0,0.0,0.0,0.0,0.0,0.0
5655,201_01312,201,1312,0,N,0,N,0,N,1.0,1.0,0.0,0.0,0.0,0.0,0.0,0.0,0.0
5656,201_01313,201,1313,0,N,0,N,0,N,1.0,1.0,0.0,0.0,0.0,0.0,0.0,0.0,0.0
5657,201_01314,201,1314,0,N,0,N,0,N,1.0,1.0,0.0,0.0,0.0,0.0,0.0,0.0,0.0
5658,201_01315,201,1315,0,N,0,N,0,N,1.0,1.0,0.0,0.0,0.0,0.0,0.0,0.0,0.0
5659,201_01316,201,1316,5,ABERR,0,N,0,N,1.0,1.0,0.0,0.0,0.0,0.0,0.0,0.0,0.0
5660,201_01317,201,1317,3,APC,5,ABERR,5,ABERR,1.0,0.0,0.0,0.0,0.0,0.0,1.0,0.0,0.0
5661,201_01318,201,1318,0,N,3,APC,3,APC,1.0,0.0,0.0,0.0,1.0,0.0,0.0,0.0,0.0
5662,201_01319,201,1319,0,N,0,N,0,N,1.0,1.0,0.0,0.0,0.0,0.0,0.0,0.0,0.0
5663,201_01320,201,1320,5,ABERR,0,N,0,N,1.0,1.0,0.0,0.0,0.0,0.0,0.0,0.0,0.0
5664,201_01321,201,1321,0,N,5,ABERR,5,ABERR,1.0,0.0,0.0,0.0,0.0,0.0,1.0,0.0,0.0
5665,201_01322,201,1322,0,N,0,N,0,N,1.0,1.0,0.0,0.0,0.0,0.0,0.0,0.0,0.0
5666,201_01323,201,1323,5,ABERR,0,N,0,N,1.0,1.0,0.0,0.0,0.0,0.0,0.0,0.0,0.0
5667,201_01324,201,1324,5,ABERR,5,ABERR,5,ABERR,1.0,0.0,0.0,0.0,0.0,0.0,1.0,0.0,0.0
5668,201_01325,201,1325,0,N,5,ABERR,5,ABERR,1.0,0.0,0.0,0.0,0.0,0.0,1.0,0.0,0.0
5669,201_01326,201,1326,0,N,0,N,0,N,1.0,1.0,0.0,0.0,0.0,0.0,0.0,0.0,0.0
5670,201_01327,201,1327,0,N,0,N,0,N,1.0,1.0,0.0,0.0,0.0,0.0,0.0,0.0,0.0
5671,201_01328,201,1328,5,ABERR,0,N,0,N,1.0,1.0,0.0,0.0,0.0,0.0,0.0,0.0,0.0
5672,201_01329,201,1329,0,N,5,ABERR,5,ABERR,1.0,0.0,0.0,0.0,0.0,0.0,1.0,0.0,0.0
5673,201_01330,201,1330,5,ABERR,0,N,0,N,1.0,1.0,0.0,0.0,0.0,0.0,0.0,0.0,0.0
5674,201_01331,201,1331,0,N,5,ABERR,5,ABERR,1.0,0.0,0.0,0.0,0.0,0.0,1.0,0.0,0.0
5675,201_01332,201,1332,0,N,0,N,0,N,1.0,1.0,0.0,0.0,0.0,0.0,0.0,0.0,0.0
5676,201_01333,201,1333,5,ABERR,0,N,0,N,1.0,1.0,0.0,0.0,0.0,0.0,0.0,0.0,0.0
5677,201_01334,201,1334,0,N,5,ABERR,5,ABERR,1.0,0.0,0.0,0.0,0.0,0.0,1.0,0.0,0.0
5678,201_01335,201,1335,5,ABERR,0,N,0,N,1.0,1.0,0.0,0.0,0.0,0.0,0.0,0.0,0.0
5679,201_01336,201,1336,0,N,5,ABERR,5,ABERR,1.0,0.0,0.0,0.0,0.0,0.0,1.0,0.0,0.0
5680,201_01337,201,1337,0,N,0,N,0,N,1.0,1.0,0.0,0.0,0.0,0.0,0.0,0.0,0.0
5681,201_01338,201,1338,5,ABERR,0,N,0,N,1.0,1.0,0.0,0.0,0.0,0.0,0.0,0.0,0.0
5682,201_01339,201,1339,0,N,5,ABERR,5,ABERR,1.0,0.0,0.0,0.0,0.0,0.0,1.0,0.0,0.0
5683,201_01340,201,1340,5,ABERR,0,N,0,N,1.0,1.0,0.0,0.0,0.0,0.0,0.0,0.0,0.0
5684,201_01341,201,1341,0,N,5,ABERR,5,ABERR,1.0,0.0,0.0,0.0,0.0,0.0,1.0,0.0,0.0
5685,201_01342,201,1342,5,ABERR,0,N,0,N,1.0,1.0,0.0,0.0,0.0,0.0,0.0,0.0,0.0
5686,201_01343,201,1343,0,N,5,ABERR,5,ABERR,1.0,0.0,0.0,0.0,0.0,0.0,1.0,0.0,0.0
5687,201_01344,201,1344,0,N,0,N,0,N,1.0,1.0,0.0,0.0,0.0,0.0,0.0,0.0,0.0
5688,201_01345,201,1345,5,ABERR,0,N,0,N,1.0,1.0,0.0,0.0,0.0,0.0,0.0,0.0,0.0
5689,201_01346,201,1346,0,N,5,ABERR,5,ABERR,1.0,0.0,0.0,0.0,0.0,0.0,1.0,0.0,0.0
5690,201_01347,201,1347,5,ABERR,0,N,0,N,1.0,1.0,0.0,0.0,0.0,0.0,0.0,0.0,0.0
5691,201_01348,201,1348,0,N,5,ABERR,5,ABERR,1.0,0.0,0.0,0.0,0.0,0.0,1.0,0.0,0.0
5692,201_01349,201,1349,5,ABERR,0,N,0,N,1.0,1.0,0.0,0.0,0.0,0.0,0.0,0.0,0.0
5693,201_01350,201,1350,3,APC,5,ABERR,5,ABERR,1.0,0.0,0.0,0.0,0.0,0.0,1.0,0.0,0.0
5694,201_01351,201,1351,0,N,3,APC,3,APC,1.0,0.0,0.0,0.0,1.0,0.0,0.0,0.0,0.0
5695,201_01352,201,1352,5,ABERR,0,N,0,N,1.0,1.0,0.0,0.0,0.0,0.0,0.0,0.0,0.0
5696,201_01353,201,1353,0,N,5,ABERR,5,ABERR,1.0,0.0,0.0,0.0,0.0,0.0,1.0,0.0,0.0
5697,201_01354,201,1354,0,N,0,N,0,N,1.0,1.0,0.0,0.0,0.0,0.0,0.0,0.0,0.0
5698,201_01355,201,1355,5,ABERR,0,N,0,N,1.0,1.0,0.0,0.0,0.0,0.0,0.0,0.0,0.0
5699,201_01356,201,1356,0,N,5,ABERR,5,ABERR,1.0,0.0,0.0,0.0,0.0,0.0,1.0,0.0,0.0
5700,201_01357,201,1357,5,ABERR,0,N,0,N,1.0,1.0,0.0,0.0,0.0,0.0,0.0,0.0,0.0
5701,201_01358,201,1358,5,ABERR,5,ABERR,5,ABERR,1.0,0.0,0.0,0.0,0.0,0.0,1.0,0.0,0.0
5702,201_01359,201,1359,0,N,5,ABERR,5,ABERR,1.0,0.0,0.0,0.0,0.0,0.0,1.0,0.0,0.0
5703,201_01360,201,1360,5,ABERR,0,N,0,N,1.0,1.0,0.0,0.0,0.0,0.0,0.0,0.0,0.0
5704,201_01361,201,1361,0,N,5,ABERR,5,ABERR,1.0,0.0,0.0,0.0,0.0,0.0,1.0,0.0,0.0
5705,201_01362,201,1362,0,N,0,N,0,N,1.0,1.0,0.0,0.0,0.0,0.0,0.0,0.0,0.0
5706,201_01363,201,1363,5,ABERR,0,N,0,N,1.0,1.0,0.0,0.0,0.0,0.0,0.0,0.0,0.0
5707,201_01364,201,1364,0,N,5,ABERR,5,ABERR,1.0,0.0,0.0,0.0,0.0,0.0,1.0,0.0,0.0
5708,201_01365,201,1365,5,ABERR,0,N,0,N,1.0,1.0,0.0,0.0,0.0,0.0,0.0,0.0,0.0
5709,201_01366,201,1366,0,N,5,ABERR,5,ABERR,1.0,0.0,0.0,0.0,0.0,0.0,1.0,0.0,0.0
5710,201_01367,201,1367,5,ABERR,0,N,0,N,1.0,1.0,0.0,0.0,0.0,0.0,0.0,0.0,0.0
5711,201_01368,201,1368,0,N,5,ABERR,5,ABERR,1.0,0.0,0.0,0.0,0.0,0.0,1.0,0.0,0.0
5712,201_01369,201,1369,0,N,0,N,0,N,1.0,1.0,0.0,0.0,0.0,0.0,0.0,0.0,0.0
5713,201_01370,201,1370,3,APC,0,N,0,N,1.0,1.0,0.0,0.0,0.0,0.0,0.0,0.0,0.0
5714,201_01371,201,1371,0,N,3,APC,3,APC,1.0,0.0,0.0,0.0,1.0,0.0,0.0,0.0,0.0
5715,201_01372,201,1372,5,ABERR,0,N,0,N,1.0,1.0,0.0,0.0,0.0,0.0,0.0,0.0,0.0
5716,201_01373,201,1373,0,N,5,ABERR,5,ABERR,1.0,0.0,0.0,0.0,0.0,0.0,1.0,0.0,0.0
5717,201_01374,201,1374,0,N,0,N,0,N,1.0,1.0,0.0,0.0,0.0,0.0,0.0,0.0,0.0
5718,201_01375,201,1375,5,ABERR,0,N,0,N,1.0,1.0,0.0,0.0,0.0,0.0,0.0,0.0,0.0
5719,201_01376,201,1376,0,N,5,ABERR,5,ABERR,1.0,0.0,0.0,0.0,0.0,0.0,1.0,0.0,0.0
5720,201_01377,201,1377,3,APC,0,N,0,N,1.0,1.0,0.0,0.0,0.0,0.0,0.0,0.0,0.0
5721,201_01378,201,1378,0,N,3,APC,3,APC,1.0,0.0,0.0,0.0,1.0,0.0,0.0,0.0,0.0
5722,201_01379,201,1379,5,ABERR,0,N,0,N,1.0,1.0,0.0,0.0,0.0,0.0,0.0,0.0,0.0
5723,201_01380,201,1380,0,N,5,ABERR,5,ABERR,1.0,0.0,0.0,0.0,0.0,0.0,1.0,0.0,0.0
5724,201_01381,201,1381,0,N,0,N,0,N,1.0,1.0,0.0,0.0,0.0,0.0,0.0,0.0,0.0
5725,201_01382,201,1382,5,ABERR,0,N,0,N,1.0,1.0,0.0,0.0,0.0,0.0,0.0,0.0,0.0
5726,201_01383,201,1383,5,ABERR,5,ABERR,5,ABERR,1.0,0.0,0.0,0.0,0.0,0.0,1.0,0.0,0.0
5727,201_01384,201,1384,0,N,5,ABERR,5,ABERR,1.0,0.0,0.0,0.0,0.0,0.0,1.0,0.0,0.0
5728,201_01385,201,1385,5,ABERR,0,N,0,N,1.0,1.0,0.0,0.0,0.0,0.0,0.0,0.0,0.0
5729,201_01386,201,1386,5,ABERR,5,ABERR,5,ABERR,1.0,0.0,0.0,0.0,0.0,0.0,1.0,0.0,0.0
5730,201_01387,201,1387,0,N,5,ABERR,5,ABERR,1.0,0.0,0.0,0.0,0.0,0.0,1.0,0.0,0.0
5731,201_01388,201,1388,0,N,0,N,0,N,1.0,1.0,0.0,0.0,0.0,0.0,0.0,0.0,0.0
5732,201_01389,201,1389,0,N,0,N,0,N,1.0,1.0,0.0,0.0,0.0,0.0,0.0,0.0,0.0
5733,201_01390,201,1390,5,ABERR,0,N,0,N,1.0,1.0,0.0,0.0,0.0,0.0,0.0,0.0,0.0
5734,201_01391,201,1391,0,N,5,ABERR,5,ABERR,1.0,0.0,0.0,0.0,0.0,0.0,1.0,0.0,0.0
5735,201_01392,201,1392,0,N,0,N,0,N,1.0,1.0,0.0,0.0,0.0,0.0,0.0,0.0,0.0
5736,201_01393,201,1393,5,ABERR,0,N,0,N,1.0,1.0,0.0,0.0,0.0,0.0,0.0,0.0,0.0
5737,201_01394,201,1394,0,N,5,ABERR,5,ABERR,1.0,0.0,0.0,0.0,0.0,0.0,1.0,0.0,0.0
5738,201_01395,201,1395,0,N,0,N,0,N,1.0,1.0,0.0,0.0,0.0,0.0,0.0,0.0,0.0
5739,201_01396,201,1396,5,ABERR,0,N,0,N,1.0,1.0,0.0,0.0,0.0,0.0,0.0,0.0,0.0
5740,201_01397,201,1397,0,N,5,ABERR,5,ABERR,1.0,0.0,0.0,0.0,0.0,0.0,1.0,0.0,0.0
5741,201_01398,201,1398,0,N,0,N,0,N,1.0,1.0,0.0,0.0,0.0,0.0,0.0,0.0,0.0
5742,201_01399,201,1399,0,N,0,N,0,N,1.0,1.0,0.0,0.0,0.0,0.0,0.0,0.0,0.0
5743,201_01400,201,1400,0,N,0,N,0,N,1.0,1.0,0.0,0.0,0.0,0.0,0.0,0.0,0.0
5744,201_01401,201,1401,0,N,0,N,0,N,1.0,1.0,0.0,0.0,0.0,0.0,0.0,0.0,0.0
5745,201_01402,201,1402,0,N,0,N,0,N,1.0,1.0,0.0,0.0,0.0,0.0,0.0,0.0,0.0
5746,201_01403,201,1403,5,ABERR,0,N,0,N,1.0,1.0,0.0,0.0,0.0,0.0,0.0,0.0,0.0
5747,201_01404,201,1404,0,N,5,ABERR,5,ABERR,1.0,0.0,0.0,0.0,0.0,0.0,1.0,0.0,0.0
5748,201_01405,201,1405,0,N,0,N,0,N,1.0,1.0,0.0,0.0,0.0,0.0,0.0,0.0,0.0
5749,201_01406,201,1406,5,ABERR,0,N,0,N,1.0,1.0,0.0,0.0,0.0,0.0,0.0,0.0,0.0
5750,201_01407,201,1407,3,APC,5,ABERR,5,ABERR,1.0,0.0,0.0,0.0,0.0,0.0,1.0,0.0,0.0
5751,201_01408,201,1408,0,N,3,APC,3,APC,1.0,0.0,0.0,0.0,1.0,0.0,0.0,0.0,0.0
5752,201_01409,201,1409,0,N,0,N,0,N,1.0,1.0,0.0,0.0,0.0,0.0,0.0,0.0,0.0
5753,201_01410,201,1410,0,N,0,N,0,N,1.0,1.0,0.0,0.0,0.0,0.0,0.0,0.0,0.0
5754,201_01411,201,1411,3,APC,0,N,0,N,1.0,1.0,0.0,0.0,0.0,0.0,0.0,0.0,0.0
5755,201_01412,201,1412,3,APC,3,APC,3,APC,1.0,0.0,0.0,0.0,1.0,0.0,0.0,0.0,0.0
5756,201_01413,201,1413,0,N,3,APC,3,APC,1.0,0.0,0.0,0.0,1.0,0.0,0.0,0.0,0.0
5757,201_01414,201,1414,3,APC,0,N,0,N,1.0,1.0,0.0,0.0,0.0,0.0,0.0,0.0,0.0
5758,201_01415,201,1415,3,APC,3,APC,3,APC,1.0,0.0,0.0,0.0,1.0,0.0,0.0,0.0,0.0
5759,201_01416,201,1416,0,N,3,APC,3,APC,1.0,0.0,0.0,0.0,1.0,0.0,0.0,0.0,0.0
5760,201_01417,201,1417,3,APC,0,N,0,N,1.0,1.0,0.0,0.0,0.0,0.0,0.0,0.0,0.0
5761,201_01418,201,1418,0,N,3,APC,3,APC,1.0,0.0,0.0,0.0,1.0,0.0,0.0,0.0,0.0
5762,201_01419,201,1419,0,N,0,N,0,N,1.0,1.0,0.0,0.0,0.0,0.0,0.0,0.0,0.0
5763,201_01420,201,1420,5,ABERR,0,N,0,N,1.0,1.0,0.0,0.0,0.0,0.0,0.0,0.0,0.0
5764,201_01421,201,1421,5,ABERR,5,ABERR,5,ABERR,1.0,0.0,0.0,0.0,0.0,0.0,1.0,0.0,0.0
5765,201_01422,201,1422,0,N,5,ABERR,5,ABERR,1.0,0.0,0.0,0.0,0.0,0.0,1.0,0.0,0.0
5766,201_01423,201,1423,5,ABERR,0,N,0,N,1.0,1.0,0.0,0.0,0.0,0.0,0.0,0.0,0.0
5767,201_01424,201,1424,5,ABERR,5,ABERR,5,ABERR,1.0,0.0,0.0,0.0,0.0,0.0,1.0,0.0,0.0
5768,201_01425,201,1425,0,N,5,ABERR,5,ABERR,1.0,0.0,0.0,0.0,0.0,0.0,1.0,0.0,0.0
5769,201_01426,201,1426,0,N,0,N,0,N,1.0,1.0,0.0,0.0,0.0,0.0,0.0,0.0,0.0
5770,201_01427,201,1427,5,ABERR,0,N,0,N,1.0,1.0,0.0,0.0,0.0,0.0,0.0,0.0,0.0
5771,201_01428,201,1428,0,N,5,ABERR,5,ABERR,1.0,0.0,0.0,0.0,0.0,0.0,1.0,0.0,0.0
5772,201_01429,201,1429,5,ABERR,0,N,0,N,1.0,1.0,0.0,0.0,0.0,0.0,0.0,0.0,0.0
5773,201_01430,201,1430,0,N,5,ABERR,5,ABERR,1.0,0.0,0.0,0.0,0.0,0.0,1.0,0.0,0.0
5774,201_01431,201,1431,5,ABERR,0,N,0,N,1.0,1.0,0.0,0.0,0.0,0.0,0.0,0.0,0.0
5775,201_01432,201,1432,0,N,5,ABERR,5,ABERR,1.0,0.0,0.0,0.0,0.0,0.0,1.0,0.0,0.0
5776,201_01433,201,1433,0,N,0,N,0,N,1.0,1.0,0.0,0.0,0.0,0.0,0.0,0.0,0.0
5777,201_01434,201,1434,5,ABERR,0,N,0,N,1.0,1.0,0.0,0.0,0.0,0.0,0.0,0.0,0.0
5778,201_01435,201,1435,0,N,5,ABERR,5,ABERR,1.0,0.0,0.0,0.0,0.0,0.0,1.0,0.0,0.0
5779,201_01436,201,1436,0,N,0,N,0,N,1.0,1.0,0.0,0.0,0.0,0.0,0.0,0.0,0.0
5780,201_01437,201,1437,0,N,0,N,0,N,1.0,1.0,0.0,0.0,0.0,0.0,0.0,0.0,0.0
5781,201_01438,201,1438,5,ABERR,0,N,0,N,1.0,1.0,0.0,0.0,0.0,0.0,0.0,0.0,0.0
5782,201_01439,201,1439,0,N,5,ABERR,5,ABERR,1.0,0.0,0.0,0.0,0.0,0.0,1.0,0.0,0.0
5783,201_01440,201,1440,0,N,0,N,0,N,1.0,1.0,0.0,0.0,0.0,0.0,0.0,0.0,0.0
5784,201_01441,201,1441,5,ABERR,0,N,0,N,1.0,1.0,0.0,0.0,0.0,0.0,0.0,0.0,0.0
5785,201_01442,201,1442,5,ABERR,5,ABERR,5,ABERR,1.0,0.0,0.0,0.0,0.0,0.0,1.0,0.0,0.0
5786,201_01443,201,1443,3,APC,5,ABERR,5,ABERR,1.0,0.0,0.0,0.0,0.0,0.0,1.0,0.0,0.0
5787,201_01444,201,1444,0,N,3,APC,3,APC,1.0,0.0,0.0,0.0,1.0,0.0,0.0,0.0,0.0
5788,201_01445,201,1445,0,N,0,N,0,N,1.0,1.0,0.0,0.0,0.0,0.0,0.0,0.0,0.0
5789,201_01446,201,1446,0,N,0,N,0,N,1.0,1.0,0.0,0.0,0.0,0.0,0.0,0.0,0.0
5790,201_01447,201,1447,5,ABERR,0,N,0,N,1.0,1.0,0.0,0.0,0.0,0.0,0.0,0.0,0.0
5791,201_01448,201,1448,0,N,5,ABERR,5,ABERR,1.0,0.0,0.0,0.0,0.0,0.0,1.0,0.0,0.0
5792,201_01449,201,1449,0,N,0,N,0,N,1.0,1.0,0.0,0.0,0.0,0.0,0.0,0.0,0.0
5793,201_01450,201,1450,5,ABERR,0,N,0,N,1.0,1.0,0.0,0.0,0.0,0.0,0.0,0.0,0.0
5794,201_01451,201,1451,0,N,5,ABERR,5,ABERR,1.0,0.0,0.0,0.0,0.0,0.0,1.0,0.0,0.0
5795,201_01452,201,1452,0,N,0,N,0,N,1.0,1.0,0.0,0.0,0.0,0.0,0.0,0.0,0.0
5796,201_01453,201,1453,0,N,0,N,0,N,1.0,1.0,0.0,0.0,0.0,0.0,0.0,0.0,0.0
5797,201_01454,201,1454,0,N,0,N,0,N,1.0,1.0,0.0,0.0,0.0,0.0,0.0,0.0,0.0
5798,201_01455,201,1455,0,N,0,N,0,N,1.0,1.0,0.0,0.0,0.0,0.0,0.0,0.0,0.0
5799,201_01456,201,1456,0,N,0,N,0,N,1.0,1.0,0.0,0.0,0.0,0.0,0.0,0.0,0.0
5800,201_01457,201,1457,0,N,0,N,0,N,1.0,1.0,0.0,0.0,0.0,0.0,0.0,0.0,0.0
5801,201_01458,201,1458,0,N,0,N,0,N,1.0,1.0,0.0,0.0,0.0,0.0,0.0,0.0,0.0
5802,201_01459,201,1459,0,N,0,N,0,N,1.0,1.0,0.0,0.0,0.0,0.0,0.0,0.0,0.0
5803,201_01460,201,1460,0,N,0,N,0,N,1.0,1.0,0.0,0.0,0.0,0.0,0.0,0.0,0.0
5804,201_01461,201,1461,0,N,0,N,0,N,1.0,1.0,0.0,0.0,0.0,0.0,0.0,0.0,0.0
5805,201_01462,201,1462,0,N,0,N,0,N,1.0,1.0,0.0,0.0,0.0,0.0,0.0,0.0,0.0
5806,201_01463,201,1463,0,N,0,N,0,N,1.0,1.0,0.0,0.0,0.0,0.0,0.0,0.0,0.0
5807,201_01464,201,1464,0,N,0,N,0,N,1.0,1.0,0.0,0.0,0.0,0.0,0.0,0.0,0.0
5808,201_01465,201,1465,0,N,0,N,0,N,1.0,1.0,0.0,0.0,0.0,0.0,0.0,0.0,0.0
5809,201_01466,201,1466,0,N,0,N,0,N,1.0,1.0,0.0,0.0,0.0,0.0,0.0,0.0,0.0
5810,201_01467,201,1467,0,N,0,N,0,N,1.0,1.0,0.0,0.0,0.0,0.0,0.0,0.0,0.0
5811,201_01468,201,1468,0,N,0,N,0,N,1.0,1.0,0.0,0.0,0.0,0.0,0.0,0.0,0.0
5812,201_01469,201,1469,0,N,0,N,0,N,1.0,1.0,0.0,0.0,0.0,0.0,0.0,0.0,0.0
5813,201_01470,201,1470,0,N,0,N,0,N,1.0,1.0,0.0,0.0,0.0,0.0,0.0,0.0,0.0
5814,201_01471,201,1471,0,N,0,N,0,N,1.0,1.0,0.0,0.0,0.0,0.0,0.0,0.0,0.0
5815,201_01472,201,1472,0,N,0,N,0,N,1.0,1.0,0.0,0.0,0.0,0.0,0.0,0.0,0.0
5816,201_01473,201,1473,0,N,0,N,0,N,1.0,1.0,0.0,0.0,0.0,0.0,0.0,0.0,0.0
5817,201_01474,201,1474,0,N,0,N,0,N,1.0,1.0,0.0,0.0,0.0,0.0,0.0,0.0,0.0
5818,201_01475,201,1475,0,N,0,N,0,N,1.0,1.0,0.0,0.0,0.0,0.0,0.0,0.0,0.0
5819,201_01476,201,1476,0,N,0,N,0,N,1.0,1.0,0.0,0.0,0.0,0.0,0.0,0.0,0.0
5820,201_01477,201,1477,0,N,0,N,0,N,1.0,1.0,0.0,0.0,0.0,0.0,0.0,0.0,0.0
5821,201_01478,201,1478,0,N,0,N,0,N,1.0,1.0,0.0,0.0,0.0,0.0,0.0,0.0,0.0
5822,201_01479,201,1479,0,N,0,N,0,N,1.0,1.0,0.0,0.0,0.0,0.0,0.0,0.0,0.0
5823,201_01480,201,1480,0,N,0,N,0,N,1.0,1.0,0.0,0.0,0.0,0.0,0.0,0.0,0.0
5824,201_01481,201,1481,0,N,0,N,0,N,1.0,1.0,0.0,0.0,0.0,0.0,0.0,0.0,0.0
5825,201_01482,201,1482,0,N,0,N,0,N,1.0,1.0,0.0,0.0,0.0,0.0,0.0,0.0,0.0
5826,201_01483,201,1483,0,N,0,N,0,N,1.0,1.0,0.0,0.0,0.0,0.0,0.0,0.0,0.0
5827,201_01484,201,1484,0,N,0,N,0,N,1.0,1.0,0.0,0.0,0.0,0.0,0.0,0.0,0.0
5828,201_01485,201,1485,0,N,0,N,0,N,1.0,1.0,0.0,0.0,0.0,0.0,0.0,0.0,0.0
5829,201_01486,201,1486,0,N,0,N,0,N,1.0,1.0,0.0,0.0,0.0,0.0,0.0,0.0,0.0
5830,201_01487,201,1487,0,N,0,N,0,N,1.0,1.0,0.0,0.0,0.0,0.0,0.0,0.0,0.0
5831,201_01488,201,1488,0,N,0,N,0,N,1.0,1.0,0.0,0.0,0.0,0.0,0.0,0.0,0.0
5832,201_01489,201,1489,0,N,0,N,0,N,1.0,1.0,0.0,0.0,0.0,0.0,0.0,0.0,0.0
5833,201_01490,201,1490,0,N,0,N,0,N,1.0,1.0,0.0,0.0,0.0,0.0,0.0,0.0,0.0
5834,201_01491,201,1491,0,N,0,N,0,N,1.0,1.0,0.0,0.0,0.0,0.0,0.0,0.0,0.0
5835,201_01492,201,1492,0,N,0,N,0,N,1.0,1.0,0.0,0.0,0.0,0.0,0.0,0.0,0.0
5836,201_01493,201,1493,0,N,0,N,0,N,1.0,1.0,0.0,0.0,0.0,0.0,0.0,0.0,0.0
5837,201_01494,201,1494,0,N,0,N,0,N,1.0,1.0,0.0,0.0,0.0,0.0,0.0,0.0,0.0
5838,201_01495,201,1495,0,N,0,N,0,N,1.0,1.0,0.0,0.0,0.0,0.0,0.0,0.0,0.0
5839,201_01496,201,1496,0,N,0,N,0,N,1.0,1.0,0.0,0.0,0.0,0.0,0.0,0.0,0.0
5840,201_01497,201,1497,0,N,0,N,0,N,1.0,1.0,0.0,0.0,0.0,0.0,0.0,0.0,0.0
5841,201_01498,201,1498,0,N,0,N,0,N,1.0,1.0,0.0,0.0,0.0,0.0,0.0,0.0,0.0
5842,201_01499,201,1499,0,N,0,N,0,N,1.0,1.0,0.0,0.0,0.0,0.0,0.0,0.0,0.0
5843,201_01500,201,1500,0,N,0,N,0,N,1.0,1.0,0.0,0.0,0.0,0.0,0.0,0.0,0.0
5844,201_01501,201,1501,0,N,0,N,0,N,1.0,1.0,0.0,0.0,0.0,0.0,0.0,0.0,0.0
5845,201_01502,201,1502,0,N,0,N,0,N,1.0,1.0,0.0,0.0,0.0,0.0,0.0,0.0,0.0
5846,201_01503,201,1503,0,N,0,N,0,N,1.0,1.0,0.0,0.0,0.0,0.0,0.0,0.0,0.0
5847,201_01504,201,1504,0,N,0,N,0,N,1.0,1.0,0.0,0.0,0.0,0.0,0.0,0.0,0.0
5848,201_01505,201,1505,0,N,0,N,0,N,1.0,1.0,0.0,0.0,0.0,0.0,0.0,0.0,0.0
5849,201_01506,201,1506,0,N,0,N,0,N,1.0,1.0,0.0,0.0,0.0,0.0,0.0,0.0,0.0
5850,201_01507,201,1507,0,N,0,N,0,N,1.0,1.0,0.0,0.0,0.0,0.0,0.0,0.0,0.0
5851,201_01508,201,1508,0,N,0,N,0,N,1.0,1.0,0.0,0.0,0.0,0.0,0.0,0.0,0.0
5852,201_01509,201,1509,0,N,0,N,0,N,1.0,1.0,0.0,0.0,0.0,0.0,0.0,0.0,0.0
5853,201_01510,201,1510,0,N,0,N,0,N,1.0,1.0,0.0,0.0,0.0,0.0,0.0,0.0,0.0
5854,201_01511,201,1511,0,N,0,N,0,N,1.0,1.0,0.0,0.0,0.0,0.0,0.0,0.0,0.0
5855,201_01512,201,1512,0,N,0,N,0,N,1.0,1.0,0.0,0.0,0.0,0.0,0.0,0.0,0.0
5856,201_01513,201,1513,0,N,0,N,0,N,1.0,1.0,0.0,0.0,0.0,0.0,0.0,0.0,0.0
5857,201_01514,201,1514,0,N,0,N,0,N,1.0,1.0,0.0,0.0,0.0,0.0,0.0,0.0,0.0
5858,201_01515,201,1515,0,N,0,N,0,N,1.0,1.0,0.0,0.0,0.0,0.0,0.0,0.0,0.0
5859,201_01516,201,1516,0,N,0,N,0,N,1.0,1.0,0.0,0.0,0.0,0.0,0.0,0.0,0.0
5860,201_01517,201,1517,0,N,0,N,0,N,1.0,1.0,0.0,0.0,0.0,0.0,0.0,0.0,0.0
5861,201_01518,201,1518,0,N,0,N,0,N,1.0,1.0,0.0,0.0,0.0,0.0,0.0,0.0,0.0
5862,201_01519,201,1519,0,N,0,N,0,N,1.0,1.0,0.0,0.0,0.0,0.0,0.0,0.0,0.0
5863,201_01520,201,1520,0,N,0,N,0,N,1.0,1.0,0.0,0.0,0.0,0.0,0.0,0.0,0.0
5864,201_01521,201,1521,0,N,0,N,0,N,1.0,1.0,0.0,0.0,0.0,0.0,0.0,0.0,0.0
5865,201_01522,201,1522,0,N,0,N,0,N,1.0,1.0,0.0,0.0,0.0,0.0,0.0,0.0,0.0
5866,201_01523,201,1523,0,N,0,N,0,N,1.0,1.0,0.0,0.0,0.0,0.0,0.0,0.0,0.0
5867,201_01524,201,1524,0,N,0,N,0,N,1.0,1.0,0.0,0.0,0.0,0.0,0.0,0.0,0.0
5868,201_01525,201,1525,0,N,0,N,0,N,1.0,1.0,0.0,0.0,0.0,0.0,0.0,0.0,0.0
5869,201_01526,201,1526,0,N,0,N,0,N,1.0,1.0,0.0,0.0,0.0,0.0,0.0,0.0,0.0
5870,201_01527,201,1527,0,N,0,N,0,N,1.0,1.0,0.0,0.0,0.0,0.0,0.0,0.0,0.0
5871,201_01528,201,1528,0,N,0,N,0,N,1.0,1.0,0.0,0.0,0.0,0.0,0.0,0.0,0.0
5872,201_01529,201,1529,0,N,0,N,0,N,1.0,1.0,0.0,0.0,0.0,0.0,0.0,0.0,0.0
5873,201_01530,201,1530,0,N,0,N,0,N,1.0,1.0,0.0,0.0,0.0,0.0,0.0,0.0,0.0
5874,201_01531,201,1531,0,N,0,N,0,N,1.0,1.0,0.0,0.0,0.0,0.0,0.0,0.0,0.0
5875,201_01532,201,1532,0,N,0,N,0,N,1.0,1.0,0.0,0.0,0.0,0.0,0.0,0.0,0.0
5876,201_01533,201,1533,0,N,0,N,0,N,1.0,1.0,0.0,0.0,0.0,0.0,0.0,0.0,0.0
5877,201_01534,201,1534,0,N,0,N,0,N,1.0,1.0,0.0,0.0,0.0,0.0,0.0,0.0,0.0
5878,201_01535,201,1535,0,N,0,N,0,N,1.0,1.0,0.0,0.0,0.0,0.0,0.0,0.0,0.0
5879,201_01536,201,1536,0,N,0,N,0,N,1.0,1.0,0.0,0.0,0.0,0.0,0.0,0.0,0.0
5880,201_01537,201,1537,0,N,0,N,0,N,1.0,1.0,0.0,0.0,0.0,0.0,0.0,0.0,0.0
5881,201_01538,201,1538,0,N,0,N,0,N,1.0,1.0,0.0,0.0,0.0,0.0,0.0,0.0,0.0
5882,201_01539,201,1539,0,N,0,N,0,N,1.0,1.0,0.0,0.0,0.0,0.0,0.0,0.0,0.0
5883,201_01540,201,1540,0,N,0,N,0,N,1.0,1.0,0.0,0.0,0.0,0.0,0.0,0.0,0.0
5884,201_01541,201,1541,0,N,0,N,0,N,1.0,1.0,0.0,0.0,0.0,0.0,0.0,0.0,0.0
5885,201_01542,201,1542,0,N,0,N,0,N,1.0,1.0,0.0,0.0,0.0,0.0,0.0,0.0,0.0
5886,201_01543,201,1543,0,N,0,N,0,N,1.0,1.0,0.0,0.0,0.0,0.0,0.0,0.0,0.0
5887,201_01544,201,1544,0,N,0,N,0,N,1.0,1.0,0.0,0.0,0.0,0.0,0.0,0.0,0.0
5888,201_01545,201,1545,0,N,0,N,0,N,1.0,1.0,0.0,0.0,0.0,0.0,0.0,0.0,0.0
5889,201_01546,201,1546,0,N,0,N,0,N,1.0,1.0,0.0,0.0,0.0,0.0,0.0,0.0,0.0
5890,201_01547,201,1547,0,N,0,N,0,N,1.0,1.0,0.0,0.0,0.0,0.0,0.0,0.0,0.0
5891,201_01548,201,1548,0,N,0,N,0,N,1.0,1.0,0.0,0.0,0.0,0.0,0.0,0.0,0.0
5892,201_01549,201,1549,0,N,0,N,0,N,1.0,1.0,0.0,0.0,0.0,0.0,0.0,0.0,0.0
5893,201_01550,201,1550,0,N,0,N,0,N,1.0,1.0,0.0,0.0,0.0,0.0,0.0,0.0,0.0
5894,201_01551,201,1551,0,N,0,N,0,N,1.0,1.0,0.0,0.0,0.0,0.0,0.0,0.0,0.0
5895,201_01552,201,1552,0,N,0,N,0,N,1.0,1.0,0.0,0.0,0.0,0.0,0.0,0.0,0.0
5896,201_01553,201,1553,0,N,0,N,0,N,1.0,1.0,0.0,0.0,0.0,0.0,0.0,0.0,0.0
5897,201_01554,201,1554,0,N,0,N,0,N,1.0,1.0,0.0,0.0,0.0,0.0,0.0,0.0,0.0
5898,201_01555,201,1555,0,N,0,N,0,N,1.0,1.0,0.0,0.0,0.0,0.0,0.0,0.0,0.0
5899,201_01556,201,1556,0,N,0,N,0,N,1.0,1.0,0.0,0.0,0.0,0.0,0.0,0.0,0.0
5900,201_01557,201,1557,0,N,0,N,0,N,1.0,1.0,0.0,0.0,0.0,0.0,0.0,0.0,0.0
5901,201_01558,201,1558,0,N,0,N,0,N,1.0,1.0,0.0,0.0,0.0,0.0,0.0,0.0,0.0
5902,201_01559,201,1559,0,N,0,N,0,N,1.0,1.0,0.0,0.0,0.0,0.0,0.0,0.0,0.0
5903,201_01560,201,1560,0,N,0,N,0,N,1.0,1.0,0.0,0.0,0.0,0.0,0.0,0.0,0.0
5904,201_01561,201,1561,0,N,0,N,0,N,1.0,1.0,0.0,0.0,0.0,0.0,0.0,0.0,0.0
5905,201_01562,201,1562,0,N,0,N,0,N,1.0,1.0,0.0,0.0,0.0,0.0,0.0,0.0,0.0
5906,201_01563,201,1563,0,N,0,N,0,N,1.0,1.0,0.0,0.0,0.0,0.0,0.0,0.0,0.0
5907,201_01564,201,1564,0,N,0,N,0,N,1.0,1.0,0.0,0.0,0.0,0.0,0.0,0.0,0.0
5908,201_01565,201,1565,0,N,0,N,0,N,1.0,1.0,0.0,0.0,0.0,0.0,0.0,0.0,0.0
5909,201_01566,201,1566,0,N,0,N,0,N,1.0,1.0,0.0,0.0,0.0,0.0,0.0,0.0,0.0
5910,201_01567,201,1567,0,N,0,N,0,N,1.0,1.0,0.0,0.0,0.0,0.0,0.0,0.0,0.0
5911,201_01568,201,1568,0,N,0,N,0,N,1.0,1.0,0.0,0.0,0.0,0.0,0.0,0.0,0.0
5912,201_01569,201,1569,0,N,0,N,0,N,1.0,1.0,0.0,0.0,0.0,0.0,0.0,0.0,0.0
5913,201_01570,201,1570,0,N,0,N,0,N,1.0,1.0,0.0,0.0,0.0,0.0,0.0,0.0,0.0
5914,201_01571,201,1571,0,N,0,N,0,N,1.0,1.0,0.0,0.0,0.0,0.0,0.0,0.0,0.0
5915,201_01572,201,1572,0,N,0,N,0,N,1.0,1.0,0.0,0.0,0.0,0.0,0.0,0.0,0.0
5916,201_01573,201,1573,0,N,0,N,0,N,1.0,1.0,0.0,0.0,0.0,0.0,0.0,0.0,0.0
5917,201_01574,201,1574,0,N,0,N,0,N,1.0,1.0,0.0,0.0,0.0,0.0,0.0,0.0,0.0
5918,201_01575,201,1575,0,N,0,N,0,N,1.0,1.0,0.0,0.0,0.0,0.0,0.0,0.0,0.0
5919,201_01576,201,1576,0,N,0,N,0,N,1.0,1.0,0.0,0.0,0.0,0.0,0.0,0.0,0.0
5920,201_01577,201,1577,0,N,0,N,0,N,1.0,1.0,0.0,0.0,0.0,0.0,0.0,0.0,0.0
5921,201_01578,201,1578,0,N,0,N,0,N,1.0,1.0,0.0,0.0,0.0,0.0,0.0,0.0,0.0
5922,201_01579,201,1579,0,N,0,N,0,N,1.0,1.0,0.0,0.0,0.0,0.0,0.0,0.0,0.0
5923,201_01580,201,1580,0,N,0,N,0,N,1.0,1.0,0.0,0.0,0.0,0.0,0.0,0.0,0.0
5924,201_01581,201,1581,0,N,0,N,0,N,1.0,1.0,0.0,0.0,0.0,0.0,0.0,0.0,0.0
5925,201_01582,201,1582,0,N,0,N,0,N,1.0,1.0,0.0,0.0,0.0,0.0,0.0,0.0,0.0
5926,201_01583,201,1583,0,N,0,N,0,N,1.0,1.0,0.0,0.0,0.0,0.0,0.0,0.0,0.0
5927,201_01584,201,1584,0,N,0,N,0,N,1.0,1.0,0.0,0.0,0.0,0.0,0.0,0.0,0.0
5928,201_01585,201,1585,0,N,0,N,0,N,1.0,1.0,0.0,0.0,0.0,0.0,0.0,0.0,0.0
5929,201_01586,201,1586,0,N,0,N,0,N,1.0,1.0,0.0,0.0,0.0,0.0,0.0,0.0,0.0
5930,201_01587,201,1587,0,N,0,N,0,N,1.0,1.0,0.0,0.0,0.0,0.0,0.0,0.0,0.0
5931,201_01588,201,1588,0,N,0,N,0,N,1.0,1.0,0.0,0.0,0.0,0.0,0.0,0.0,0.0
5932,201_01589,201,1589,0,N,0,N,0,N,1.0,1.0,0.0,0.0,0.0,0.0,0.0,0.0,0.0
5933,201_01590,201,1590,0,N,0,N,0,N,1.0,1.0,0.0,0.0,0.0,0.0,0.0,0.0,0.0
5934,201_01591,201,1591,0,N,0,N,0,N,1.0,1.0,0.0,0.0,0.0,0.0,0.0,0.0,0.0
5935,201_01592,201,1592,0,N,0,N,0,N,1.0,1.0,0.0,0.0,0.0,0.0,0.0,0.0,0.0
5936,201_01593,201,1593,5,ABERR,0,N,0,N,1.0,1.0,0.0,0.0,0.0,0.0,0.0,0.0,0.0
5937,201_01594,201,1594,0,N,5,ABERR,5,ABERR,1.0,0.0,0.0,0.0,0.0,0.0,1.0,0.0,0.0
5938,201_01595,201,1595,0,N,0,N,0,N,1.0,1.0,0.0,0.0,0.0,0.0,0.0,0.0,0.0
5939,201_01596,201,1596,5,ABERR,0,N,0,N,1.0,1.0,0.0,0.0,0.0,0.0,0.0,0.0,0.0
5940,201_01597,201,1597,0,N,5,ABERR,5,ABERR,1.0,0.0,0.0,0.0,0.0,0.0,1.0,0.0,0.0
5941,201_01598,201,1598,0,N,0,N,0,N,1.0,1.0,0.0,0.0,0.0,0.0,0.0,0.0,0.0
5942,201_01599,201,1599,0,N,0,N,0,N,1.0,1.0,0.0,0.0,0.0,0.0,0.0,0.0,0.0
5943,201_01600,201,1600,0,N,0,N,0,N,1.0,1.0,0.0,0.0,0.0,0.0,0.0,0.0,0.0
5944,201_01601,201,1601,0,N,0,N,0,N,1.0,1.0,0.0,0.0,0.0,0.0,0.0,0.0,0.0
5945,201_01602,201,1602,0,N,0,N,0,N,1.0,1.0,0.0,0.0,0.0,0.0,0.0,0.0,0.0
5946,201_01603,201,1603,0,N,0,N,0,N,1.0,1.0,0.0,0.0,0.0,0.0,0.0,0.0,0.0
5947,201_01604,201,1604,0,N,0,N,0,N,1.0,1.0,0.0,0.0,0.0,0.0,0.0,0.0,0.0
5948,201_01605,201,1605,0,N,0,N,0,N,1.0,1.0,0.0,0.0,0.0,0.0,0.0,0.0,0.0
5949,201_01606,201,1606,0,N,0,N,0,N,1.0,1.0,0.0,0.0,0.0,0.0,0.0,0.0,0.0
5950,201_01607,201,1607,0,N,0,N,0,N,1.0,1.0,0.0,0.0,0.0,0.0,0.0,0.0,0.0
5951,201_01608,201,1608,0,N,0,N,0,N,1.0,1.0,0.0,0.0,0.0,0.0,0.0,0.0,0.0
5952,201_01609,201,1609,0,N,0,N,0,N,1.0,1.0,0.0,0.0,0.0,0.0,0.0,0.0,0.0
5953,201_01610,201,1610,0,N,0,N,0,N,1.0,1.0,0.0,0.0,0.0,0.0,0.0,0.0,0.0
5954,201_01611,201,1611,0,N,0,N,0,N,1.0,1.0,0.0,0.0,0.0,0.0,0.0,0.0,0.0
5955,201_01612,201,1612,0,N,0,N,0,N,1.0,1.0,0.0,0.0,0.0,0.0,0.0,0.0,0.0
5956,201_01613,201,1613,0,N,0,N,0,N,1.0,1.0,0.0,0.0,0.0,0.0,0.0,0.0,0.0
5957,201_01614,201,1614,0,N,0,N,0,N,1.0,1.0,0.0,0.0,0.0,0.0,0.0,0.0,0.0
5958,201_01615,201,1615,0,N,0,N,0,N,1.0,1.0,0.0,0.0,0.0,0.0,0.0,0.0,0.0
5959,201_01616,201,1616,0,N,0,N,0,N,1.0,1.0,0.0,0.0,0.0,0.0,0.0,0.0,0.0
5960,201_01617,201,1617,0,N,0,N,0,N,1.0,1.0,0.0,0.0,0.0,0.0,0.0,0.0,0.0
5961,201_01618,201,1618,0,N,0,N,0,N,1.0,1.0,0.0,0.0,0.0,0.0,0.0,0.0,0.0
5962,201_01619,201,1619,0,N,0,N,0,N,1.0,1.0,0.0,0.0,0.0,0.0,0.0,0.0,0.0
5963,201_01620,201,1620,0,N,0,N,0,N,1.0,1.0,0.0,0.0,0.0,0.0,0.0,0.0,0.0
5964,201_01621,201,1621,0,N,0,N,0,N,1.0,1.0,0.0,0.0,0.0,0.0,0.0,0.0,0.0
5965,201_01622,201,1622,0,N,0,N,0,N,1.0,1.0,0.0,0.0,0.0,0.0,0.0,0.0,0.0
5966,201_01623,201,1623,0,N,0,N,0,N,1.0,1.0,0.0,0.0,0.0,0.0,0.0,0.0,0.0
5967,201_01624,201,1624,0,N,0,N,0,N,1.0,1.0,0.0,0.0,0.0,0.0,0.0,0.0,0.0
5968,201_01625,201,1625,0,N,0,N,0,N,1.0,1.0,0.0,0.0,0.0,0.0,0.0,0.0,0.0
5969,201_01626,201,1626,0,N,0,N,0,N,1.0,1.0,0.0,0.0,0.0,0.0,0.0,0.0,0.0
5970,201_01627,201,1627,0,N,0,N,0,N,1.0,1.0,0.0,0.0,0.0,0.0,0.0,0.0,0.0
5971,201_01628,201,1628,5,ABERR,0,N,0,N,1.0,1.0,0.0,0.0,0.0,0.0,0.0,0.0,0.0
5972,201_01629,201,1629,0,N,5,ABERR,5,ABERR,1.0,0.0,0.0,0.0,0.0,0.0,1.0,0.0,0.0
5973,201_01630,201,1630,0,N,0,N,0,N,1.0,1.0,0.0,0.0,0.0,0.0,0.0,0.0,0.0
5974,201_01631,201,1631,0,N,0,N,0,N,1.0,1.0,0.0,0.0,0.0,0.0,0.0,0.0,0.0
5975,201_01632,201,1632,0,N,0,N,0,N,1.0,1.0,0.0,0.0,0.0,0.0,0.0,0.0,0.0
5976,201_01633,201,1633,0,N,0,N,0,N,1.0,1.0,0.0,0.0,0.0,0.0,0.0,0.0,0.0
5977,201_01634,201,1634,0,N,0,N,0,N,1.0,1.0,0.0,0.0,0.0,0.0,0.0,0.0,0.0
5978,201_01635,201,1635,0,N,0,N,0,N,1.0,1.0,0.0,0.0,0.0,0.0,0.0,0.0,0.0
5979,201_01636,201,1636,0,N,0,N,0,N,1.0,1.0,0.0,0.0,0.0,0.0,0.0,0.0,0.0
5980,201_01637,201,1637,0,N,0,N,0,N,1.0,1.0,0.0,0.0,0.0,0.0,0.0,0.0,0.0
5981,201_01638,201,1638,0,N,0,N,0,N,1.0,1.0,0.0,0.0,0.0,0.0,0.0,0.0,0.0
5982,201_01639,201,1639,0,N,0,N,0,N,1.0,1.0,0.0,0.0,0.0,0.0,0.0,0.0,0.0
5983,201_01640,201,1640,0,N,0,N,0,N,1.0,1.0,0.0,0.0,0.0,0.0,0.0,0.0,0.0
5984,201_01641,201,1641,0,N,0,N,0,N,1.0,1.0,0.0,0.0,0.0,0.0,0.0,0.0,0.0
5985,201_01642,201,1642,0,N,0,N,0,N,1.0,1.0,0.0,0.0,0.0,0.0,0.0,0.0,0.0
5986,201_01643,201,1643,0,N,0,N,0,N,1.0,1.0,0.0,0.0,0.0,0.0,0.0,0.0,0.0
5987,201_01644,201,1644,0,N,0,N,0,N,1.0,1.0,0.0,0.0,0.0,0.0,0.0,0.0,0.0
5988,201_01645,201,1645,0,N,0,N,0,N,1.0,1.0,0.0,0.0,0.0,0.0,0.0,0.0,0.0
5989,201_01646,201,1646,0,N,0,N,0,N,1.0,1.0,0.0,0.0,0.0,0.0,0.0,0.0,0.0
5990,201_01647,201,1647,0,N,0,N,0,N,1.0,1.0,0.0,0.0,0.0,0.0,0.0,0.0,0.0
5991,201_01648,201,1648,0,N,0,N,0,N,1.0,1.0,0.0,0.0,0.0,0.0,0.0,0.0,0.0
5992,201_01649,201,1649,0,N,0,N,0,N,1.0,1.0,0.0,0.0,0.0,0.0,0.0,0.0,0.0
5993,201_01650,201,1650,0,N,0,N,0,N,1.0,1.0,0.0,0.0,0.0,0.0,0.0,0.0,0.0
5994,201_01651,201,1651,0,N,0,N,0,N,1.0,1.0,0.0,0.0,0.0,0.0,0.0,0.0,0.0
5995,201_01652,201,1652,0,N,0,N,0,N,1.0,1.0,0.0,0.0,0.0,0.0,0.0,0.0,0.0
5996,201_01653,201,1653,0,N,0,N,0,N,1.0,1.0,0.0,0.0,0.0,0.0,0.0,0.0,0.0
5997,201_01654,201,1654,0,N,0,N,0,N,1.0,1.0,0.0,0.0,0.0,0.0,0.0,0.0,0.0
5998,201_01655,201,1655,0,N,0,N,0,N,1.0,1.0,0.0,0.0,0.0,0.0,0.0,0.0,0.0
5999,201_01656,201,1656,0,N,0,N,0,N,1.0,1.0,0.0,0.0,0.0,0.0,0.0,0.0,0.0
6000,201_01657,201,1657,0,N,0,N,0,N,1.0,1.0,0.0,0.0,0.0,0.0,0.0,0.0,0.0
6001,201_01658,201,1658,0,N,0,N,0,N,1.0,1.0,0.0,0.0,0.0,0.0,0.0,0.0,0.0
6002,201_01659,201,1659,0,N,0,N,0,N,1.0,1.0,0.0,0.0,0.0,0.0,0.0,0.0,0.0
6003,201_01660,201,1660,0,N,0,N,0,N,1.0,1.0,0.0,0.0,0.0,0.0,0.0,0.0,0.0
6004,201_01661,201,1661,0,N,0,N,0,N,1.0,1.0,0.0,0.0,0.0,0.0,0.0,0.0,0.0
6005,201_01662,201,1662,0,N,0,N,0,N,1.0,1.0,0.0,0.0,0.0,0.0,0.0,0.0,0.0
6006,201_01663,201,1663,0,N,0,N,0,N,1.0,1.0,0.0,0.0,0.0,0.0,0.0,0.0,0.0
6007,201_01664,201,1664,0,N,0,N,0,N,1.0,1.0,0.0,0.0,0.0,0.0,0.0,0.0,0.0
6008,201_01665,201,1665,0,N,0,N,0,N,1.0,1.0,0.0,0.0,0.0,0.0,0.0,0.0,0.0
6009,201_01666,201,1666,0,N,0,N,0,N,1.0,1.0,0.0,0.0,0.0,0.0,0.0,0.0,0.0
6010,201_01667,201,1667,0,N,0,N,0,N,1.0,1.0,0.0,0.0,0.0,0.0,0.0,0.0,0.0
6011,201_01668,201,1668,0,N,0,N,0,N,1.0,1.0,0.0,0.0,0.0,0.0,0.0,0.0,0.0
6012,201_01669,201,1669,0,N,0,N,0,N,1.0,1.0,0.0,0.0,0.0,0.0,0.0,0.0,0.0
6013,201_01670,201,1670,0,N,0,N,0,N,1.0,1.0,0.0,0.0,0.0,0.0,0.0,0.0,0.0
6014,201_01671,201,1671,0,N,0,N,0,N,1.0,1.0,0.0,0.0,0.0,0.0,0.0,0.0,0.0
6015,201_01672,201,1672,0,N,0,N,0,N,1.0,1.0,0.0,0.0,0.0,0.0,0.0,0.0,0.0
6016,201_01673,201,1673,0,N,0,N,0,N,1.0,1.0,0.0,0.0,0.0,0.0,0.0,0.0,0.0
6017,201_01674,201,1674,0,N,0,N,0,N,1.0,1.0,0.0,0.0,0.0,0.0,0.0,0.0,0.0
6018,201_01675,201,1675,0,N,0,N,0,N,1.0,1.0,0.0,0.0,0.0,0.0,0.0,0.0,0.0
6019,201_01676,201,1676,0,N,0,N,0,N,1.0,1.0,0.0,0.0,0.0,0.0,0.0,0.0,0.0
6020,201_01677,201,1677,0,N,0,N,0,N,1.0,1.0,0.0,0.0,0.0,0.0,0.0,0.0,0.0
6021,201_01678,201,1678,0,N,0,N,0,N,1.0,1.0,0.0,0.0,0.0,0.0,0.0,0.0,0.0
6022,201_01679,201,1679,0,N,0,N,0,N,1.0,1.0,0.0,0.0,0.0,0.0,0.0,0.0,0.0
6023,201_01680,201,1680,0,N,0,N,0,N,1.0,1.0,0.0,0.0,0.0,0.0,0.0,0.0,0.0
6024,201_01681,201,1681,0,N,0,N,0,N,1.0,1.0,0.0,0.0,0.0,0.0,0.0,0.0,0.0
6025,201_01682,201,1682,0,N,0,N,0,N,1.0,1.0,0.0,0.0,0.0,0.0,0.0,0.0,0.0
6026,201_01683,201,1683,0,N,0,N,0,N,1.0,1.0,0.0,0.0,0.0,0.0,0.0,0.0,0.0
6027,201_01684,201,1684,0,N,0,N,0,N,1.0,1.0,0.0,0.0,0.0,0.0,0.0,0.0,0.0
6028,201_01685,201,1685,0,N,0,N,0,N,1.0,1.0,0.0,0.0,0.0,0.0,0.0,0.0,0.0
6029,201_01686,201,1686,0,N,0,N,0,N,1.0,1.0,0.0,0.0,0.0,0.0,0.0,0.0,0.0
6030,201_01687,201,1687,0,N,0,N,0,N,1.0,1.0,0.0,0.0,0.0,0.0,0.0,0.0,0.0
6031,201_01688,201,1688,0,N,0,N,0,N,1.0,1.0,0.0,0.0,0.0,0.0,0.0,0.0,0.0
6032,201_01689,201,1689,0,N,0,N,0,N,1.0,1.0,0.0,0.0,0.0,0.0,0.0,0.0,0.0
6033,201_01690,201,1690,0,N,0,N,0,N,1.0,1.0,0.0,0.0,0.0,0.0,0.0,0.0,0.0
6034,201_01691,201,1691,0,N,0,N,0,N,1.0,1.0,0.0,0.0,0.0,0.0,0.0,0.0,0.0
6035,201_01692,201,1692,0,N,0,N,0,N,1.0,1.0,0.0,0.0,0.0,0.0,0.0,0.0,0.0
6036,201_01693,201,1693,0,N,0,N,0,N,1.0,1.0,0.0,0.0,0.0,0.0,0.0,0.0,0.0
6037,201_01694,201,1694,0,N,0,N,0,N,1.0,1.0,0.0,0.0,0.0,0.0,0.0,0.0,0.0
6038,201_01695,201,1695,0,N,0,N,0,N,1.0,1.0,0.0,0.0,0.0,0.0,0.0,0.0,0.0
6039,201_01696,201,1696,0,N,0,N,0,N,1.0,1.0,0.0,0.0,0.0,0.0,0.0,0.0,0.0
6040,201_01697,201,1697,0,N,0,N,0,N,1.0,1.0,0.0,0.0,0.0,0.0,0.0,0.0,0.0
6041,201_01698,201,1698,0,N,0,N,0,N,1.0,1.0,0.0,0.0,0.0,0.0,0.0,0.0,0.0
6042,201_01699,201,1699,0,N,0,N,0,N,1.0,1.0,0.0,0.0,0.0,0.0,0.0,0.0,0.0
6043,201_01700,201,1700,0,N,0,N,0,N,1.0,1.0,0.0,0.0,0.0,0.0,0.0,0.0,0.0
6044,201_01701,201,1701,0,N,0,N,0,N,1.0,1.0,0.0,0.0,0.0,0.0,0.0,0.0,0.0
6045,201_01702,201,1702,0,N,0,N,0,N,1.0,1.0,0.0,0.0,0.0,0.0,0.0,0.0,0.0
6046,201_01703,201,1703,0,N,0,N,0,N,1.0,1.0,0.0,0.0,0.0,0.0,0.0,0.0,0.0
6047,201_01704,201,1704,0,N,0,N,0,N,1.0,1.0,0.0,0.0,0.0,0.0,0.0,0.0,0.0
6048,201_01705,201,1705,0,N,0,N,0,N,1.0,1.0,0.0,0.0,0.0,0.0,0.0,0.0,0.0
6049,201_01706,201,1706,0,N,0,N,0,N,1.0,1.0,0.0,0.0,0.0,0.0,0.0,0.0,0.0
6050,201_01707,201,1707,0,N,0,N,0,N,1.0,1.0,0.0,0.0,0.0,0.0,0.0,0.0,0.0
6051,201_01708,201,1708,0,N,0,N,0,N,1.0,1.0,0.0,0.0,0.0,0.0,0.0,0.0,0.0
6052,201_01709,201,1709,0,N,0,N,0,N,1.0,1.0,0.0,0.0,0.0,0.0,0.0,0.0,0.0
6053,201_01710,201,1710,0,N,0,N,0,N,1.0,1.0,0.0,0.0,0.0,0.0,0.0,0.0,0.0
6054,201_01711,201,1711,0,N,0,N,0,N,1.0,1.0,0.0,0.0,0.0,0.0,0.0,0.0,0.0
6055,201_01712,201,1712,0,N,0,N,0,N,1.0,1.0,0.0,0.0,0.0,0.0,0.0,0.0,0.0
6056,201_01713,201,1713,0,N,0,N,0,N,1.0,1.0,0.0,0.0,0.0,0.0,0.0,0.0,0.0
6057,201_01714,201,1714,0,N,0,N,0,N,1.0,1.0,0.0,0.0,0.0,0.0,0.0,0.0,0.0
6058,201_01715,201,1715,0,N,0,N,0,N,1.0,1.0,0.0,0.0,0.0,0.0,0.0,0.0,0.0
6059,201_01716,201,1716,0,N,0,N,0,N,1.0,1.0,0.0,0.0,0.0,0.0,0.0,0.0,0.0
6060,201_01717,201,1717,0,N,0,N,0,N,1.0,1.0,0.0,0.0,0.0,0.0,0.0,0.0,0.0
6061,201_01718,201,1718,0,N,0,N,0,N,1.0,1.0,0.0,0.0,0.0,0.0,0.0,0.0,0.0
6062,201_01719,201,1719,0,N,0,N,0,N,1.0,1.0,0.0,0.0,0.0,0.0,0.0,0.0,0.0
6063,201_01720,201,1720,0,N,0,N,0,N,1.0,1.0,0.0,0.0,0.0,0.0,0.0,0.0,0.0
6064,201_01721,201,1721,0,N,0,N,0,N,1.0,1.0,0.0,0.0,0.0,0.0,0.0,0.0,0.0
6065,201_01722,201,1722,0,N,0,N,0,N,1.0,1.0,0.0,0.0,0.0,0.0,0.0,0.0,0.0
6066,201_01723,201,1723,0,N,0,N,0,N,1.0,1.0,0.0,0.0,0.0,0.0,0.0,0.0,0.0
6067,201_01724,201,1724,0,N,0,N,0,N,1.0,1.0,0.0,0.0,0.0,0.0,0.0,0.0,0.0
6068,201_01725,201,1725,0,N,0,N,0,N,1.0,1.0,0.0,0.0,0.0,0.0,0.0,0.0,0.0
6069,201_01726,201,1726,0,N,0,N,0,N,1.0,1.0,0.0,0.0,0.0,0.0,0.0,0.0,0.0
6070,201_01727,201,1727,0,N,0,N,0,N,1.0,1.0,0.0,0.0,0.0,0.0,0.0,0.0,0.0
6071,201_01728,201,1728,0,N,0,N,0,N,1.0,1.0,0.0,0.0,0.0,0.0,0.0,0.0,0.0
6072,201_01729,201,1729,0,N,0,N,0,N,1.0,1.0,0.0,0.0,0.0,0.0,0.0,0.0,0.0
6073,201_01730,201,1730,0,N,0,N,0,N,1.0,1.0,0.0,0.0,0.0,0.0,0.0,0.0,0.0
6074,201_01731,201,1731,0,N,0,N,0,N,1.0,1.0,0.0,0.0,0.0,0.0,0.0,0.0,0.0
6075,201_01732,201,1732,0,N,0,N,0,N,1.0,1.0,0.0,0.0,0.0,0.0,0.0,0.0,0.0
6076,201_01733,201,1733,0,N,0,N,0,N,1.0,1.0,0.0,0.0,0.0,0.0,0.0,0.0,0.0
6077,201_01734,201,1734,0,N,0,N,0,N,1.0,1.0,0.0,0.0,0.0,0.0,0.0,0.0,0.0
6078,201_01735,201,1735,0,N,0,N,0,N,1.0,1.0,0.0,0.0,0.0,0.0,0.0,0.0,0.0
6079,201_01736,201,1736,0,N,0,N,0,N,1.0,1.0,0.0,0.0,0.0,0.0,0.0,0.0,0.0
6080,201_01737,201,1737,0,N,0,N,0,N,1.0,1.0,0.0,0.0,0.0,0.0,0.0,0.0,0.0
6081,201_01738,201,1738,0,N,0,N,0,N,1.0,1.0,0.0,0.0,0.0,0.0,0.0,0.0,0.0
6082,201_01739,201,1739,0,N,0,N,0,N,1.0,1.0,0.0,0.0,0.0,0.0,0.0,0.0,0.0
6083,201_01740,201,1740,0,N,0,N,0,N,1.0,1.0,0.0,0.0,0.0,0.0,0.0,0.0,0.0
6084,201_01741,201,1741,0,N,0,N,0,N,1.0,1.0,0.0,0.0,0.0,0.0,0.0,0.0,0.0
6085,201_01742,201,1742,0,N,0,N,0,N,1.0,1.0,0.0,0.0,0.0,0.0,0.0,0.0,0.0
6086,201_01743,201,1743,0,N,0,N,0,N,1.0,1.0,0.0,0.0,0.0,0.0,0.0,0.0,0.0
6087,201_01744,201,1744,0,N,0,N,0,N,1.0,1.0,0.0,0.0,0.0,0.0,0.0,0.0,0.0
6088,201_01745,201,1745,0,N,0,N,0,N,1.0,1.0,0.0,0.0,0.0,0.0,0.0,0.0,0.0
6089,201_01746,201,1746,0,N,0,N,0,N,1.0,1.0,0.0,0.0,0.0,0.0,0.0,0.0,0.0
6090,201_01747,201,1747,0,N,0,N,0,N,1.0,1.0,0.0,0.0,0.0,0.0,0.0,0.0,0.0
6091,201_01748,201,1748,7,NESC,0,N,0,N,1.0,1.0,0.0,0.0,0.0,0.0,0.0,0.0,0.0
6092,201_01749,201,1749,0,N,7,NESC,7,NESC,1.0,0.0,0.0,0.0,0.0,0.0,0.0,0.0,1.0
6093,201_01750,201,1750,7,NESC,0,N,0,N,1.0,1.0,0.0,0.0,0.0,0.0,0.0,0.0,0.0
6094,201_01751,201,1751,0,N,7,NESC,7,NESC,1.0,0.0,0.0,0.0,0.0,0.0,0.0,0.0,1.0
6095,201_01752,201,1752,0,N,0,N,0,N,1.0,1.0,0.0,0.0,0.0,0.0,0.0,0.0,0.0
6096,201_01753,201,1753,5,ABERR,0,N,0,N,1.0,1.0,0.0,0.0,0.0,0.0,0.0,0.0,0.0
6097,201_01754,201,1754,0,N,5,ABERR,5,ABERR,1.0,0.0,0.0,0.0,0.0,0.0,1.0,0.0,0.0
6098,201_01755,201,1755,0,N,0,N,0,N,1.0,1.0,0.0,0.0,0.0,0.0,0.0,0.0,0.0
6099,201_01756,201,1756,0,N,0,N,0,N,1.0,1.0,0.0,0.0,0.0,0.0,0.0,0.0,0.0
6100,201_01757,201,1757,5,ABERR,0,N,0,N,1.0,1.0,0.0,0.0,0.0,0.0,0.0,0.0,0.0
6101,201_01758,201,1758,0,N,5,ABERR,5,ABERR,1.0,0.0,0.0,0.0,0.0,0.0,1.0,0.0,0.0
6102,201_01759,201,1759,0,N,0,N,0,N,1.0,1.0,0.0,0.0,0.0,0.0,0.0,0.0,0.0
