row_index,sequence_id,record_id,window_start,fs_hz,rpeak_input_0,rpeak_input_1,rpeak_input_2,rpeak_target,rr_input_0_1,rr_input_1_2,rr_prev_to_target,rr_prev_to_target_sec,input_window_start,input_window_end,target_window_start,target_window_end,target_overlap_samples,target_overlap_fraction,input_target_overlap,input_contains_target_rpeak
0,102_00000,102,0,360.0,29276,29582,29880,30161,306,298,281,0.7805555555555556,29186,29970,30071,30251,0,0.0,False,False
1,102_00001,102,1,360.0,29582,29880,30161,30440,298,281,279,0.775,29492,30251,30350,30530,0,0.0,False,False
2,102_00002,102,2,360.0,29880,30161,30440,30716,281,279,276,0.7666666666666667,29790,30530,30626,30806,0,0.0,False,False
3,102_00003,102,3,360.0,30161,30440,30716,30999,279,276,283,0.7861111111111111,30071,30806,30909,31089,0,0.0,False,False
4,102_00004,102,4,360.0,30440,30716,30999,31289,276,283,290,0.8055555555555556,30350,31089,31199,31379,0,0.0,False,False
5,102_00005,102,5,360.0,30716,30999,31289,31586,283,290,297,0.825,30626,31379,31496,31676,0,0.0,False,False
6,102_00006,102,6,360.0,30999,31289,31586,31882,290,297,296,0.8222222222222222,30909,31676,31792,31972,0,0.0,False,False
7,102_00007,102,7,360.0,31289,31586,31882,32180,297,296,298,0.8277777777777777,31199,31972,32090,32270,0,0.0,False,False
8,102_00008,102,8,360.0,31586,31882,32180,32466,296,298,286,0.7944444444444444,31496,32270,32376,32556,0,0.0,False,False
9,102_00009,102,9,360.0,31882,32180,32466,32734,298,286,268,0.7444444444444445,31792,32556,32644,32824,0,0.0,False,False
10,102_00010,102,10,360.0,32180,32466,32734,33010,286,268,276,0.7666666666666667,32090,32824,32920,33100,0,0.0,False,False
11,102_00011,102,11,360.0,32466,32734,33010,33297,268,276,287,0.7972222222222223,32376,33100,33207,33387,0,0.0,False,False
12,102_00012,102,12,360.0,32734,33010,33297,33595,276,287,298,0.8277777777777777,32644,33387,33505,33685,0,0.0,False,False
13,102_00013,102,13,360.0,33010,33297,33595,33883,287,298,288,0.8,32920,33685,33793,33973,0,0.0,False,False
14,102_00014,102,14,360.0,33297,33595,33883,38824,298,288,4941,13.725,33207,33973,38734,38914,0,0.0,False,False
15,102_00015,102,15,360.0,33595,33883,38824,39116,288,4941,292,0.8111111111111111,33505,38914,39026,39206,0,0.0,False,False
16,102_00016,102,16,360.0,33883,38824,39116,39401,4941,292,285,0.7916666666666666,33793,39206,39311,39491,0,0.0,False,False
17,102_00017,102,17,360.0,38824,39116,39401,39683,292,285,282,0.7833333333333333,38734,39491,39593,39773,0,0.0,False,False
18,102_00018,102,18,360.0,39116,39401,39683,39977,285,282,294,0.8166666666666667,39026,39773,39887,40067,0,0.0,False,False
19,102_00019,102,19,360.0,39401,39683,39977,40280,282,294,303,0.8416666666666667,39311,40067,40190,40370,0,0.0,False,False
20,102_00020,102,20,360.0,39683,39977,40280,40589,294,303,309,0.8583333333333333,39593,40370,40499,40679,0,0.0,False,False
21,102_00021,102,21,360.0,39977,40280,40589,40880,303,309,291,0.8083333333333333,39887,40679,40790,40970,0,0.0,False,False
22,102_00022,102,22,360.0,40280,40589,40880,41157,309,291,277,0.7694444444444445,40190,40970,41067,41247,0,0.0,False,False
23,102_00023,102,23,360.0,40589,40880,41157,41732,291,277,575,1.5972222222222223,40499,41247,41642,41822,0,0.0,False,False
24,102_00024,102,24,360.0,40880,41157,41732,42014,277,575,282,0.7833333333333333,40790,41822,41924,42104,0,0.0,False,False
25,102_00025,102,25,360.0,41157,41732,42014,42616,575,282,602,1.6722222222222223,41067,42104,42526,42706,0,0.0,False,False
26,102_00026,102,26,360.0,41732,42014,42616,42916,282,602,300,0.8333333333333334,41642,42706,42826,43006,0,0.0,False,False
27,102_00027,102,27,360.0,42014,42616,42916,43203,602,300,287,0.7972222222222223,41924,43006,43113,43293,0,0.0,False,False
28,102_00028,102,28,360.0,42616,42916,43203,43481,300,287,278,0.7722222222222223,42526,43293,43391,43571,0,0.0,False,False
29,102_00029,102,29,360.0,42916,43203,43481,43767,287,278,286,0.7944444444444444,42826,43571,43677,43857,0,0.0,False,False
30,102_00030,102,30,360.0,43203,43481,43767,44056,278,286,289,0.8027777777777778,43113,43857,43966,44146,0,0.0,False,False
31,102_00031,102,31,360.0,43481,43767,44056,44351,286,289,295,0.8194444444444444,43391,44146,44261,44441,0,0.0,False,False
32,102_00032,102,32,360.0,43767,44056,44351,44650,289,295,299,0.8305555555555556,43677,44441,44560,44740,0,0.0,False,False
33,102_00033,102,33,360.0,44056,44351,44650,44945,295,299,295,0.8194444444444444,43966,44740,44855,45035,0,0.0,False,False
34,102_00034,102,34,360.0,44351,44650,44945,45244,299,295,299,0.8305555555555556,44261,45035,45154,45334,0,0.0,False,False
35,102_00035,102,35,360.0,44650,44945,45244,45521,295,299,277,0.7694444444444445,44560,45334,45431,45611,0,0.0,False,False
36,102_00036,102,36,360.0,44945,45244,45521,45799,299,277,278,0.7722222222222223,44855,45611,45709,45889,0,0.0,False,False
37,102_00037,102,37,360.0,45244,45521,45799,46088,277,278,289,0.8027777777777778,45154,45889,45998,46178,0,0.0,False,False
38,102_00038,102,38,360.0,45521,45799,46088,46380,278,289,292,0.8111111111111111,45431,46178,46290,46470,0,0.0,False,False
39,102_00039,102,39,360.0,45799,46088,46380,46679,289,292,299,0.8305555555555556,45709,46470,46589,46769,0,0.0,False,False
40,102_00040,102,40,360.0,46088,46380,46679,46978,292,299,299,0.8305555555555556,45998,46769,46888,47068,0,0.0,False,False
41,102_00041,102,41,360.0,46380,46679,46978,47268,299,299,290,0.8055555555555556,46290,47068,47178,47358,0,0.0,False,False
42,102_00042,102,42,360.0,46679,46978,47268,47561,299,290,293,0.8138888888888889,46589,47358,47471,47651,0,0.0,False,False
43,102_00043,102,43,360.0,46978,47268,47561,47841,290,293,280,0.7777777777777778,46888,47651,47751,47931,0,0.0,False,False
44,102_00044,102,44,360.0,47268,47561,47841,48116,293,280,275,0.7638888888888888,47178,47931,48026,48206,0,0.0,False,False
45,102_00045,102,45,360.0,47561,47841,48116,48405,280,275,289,0.8027777777777778,47471,48206,48315,48495,0,0.0,False,False
46,102_00046,102,46,360.0,47841,48116,48405,48709,275,289,304,0.8444444444444444,47751,48495,48619,48799,0,0.0,False,False
47,102_00047,102,47,360.0,48116,48405,48709,49004,289,304,295,0.8194444444444444,48026,48799,48914,49094,0,0.0,False,False
48,102_00048,102,48,360.0,48405,48709,49004,49293,304,295,289,0.8027777777777778,48315,49094,49203,49383,0,0.0,False,False
49,102_00049,102,49,360.0,48709,49004,49293,49579,295,289,286,0.7944444444444444,48619,49383,49489,49669,0,0.0,False,False
50,102_00050,102,50,360.0,49004,49293,49579,49858,289,286,279,0.775,48914,49669,49768,49948,0,0.0,False,False
51,102_00051,102,51,360.0,49293,49579,49858,50143,286,279,285,0.7916666666666666,49203,49948,50053,50233,0,0.0,False,False
52,102_00052,102,52,360.0,49579,49858,50143,50419,279,285,276,0.7666666666666667,49489,50233,50329,50509,0,0.0,False,False
53,102_00053,102,53,360.0,49858,50143,50419,50701,285,276,282,0.7833333333333333,49768,50509,50611,50791,0,0.0,False,False
54,102_00054,102,54,360.0,50143,50419,50701,51013,276,282,312,0.8666666666666667,50053,50791,50923,51103,0,0.0,False,False
55,102_00055,102,55,360.0,50419,50701,51013,51313,282,312,300,0.8333333333333334,50329,51103,51223,51403,0,0.0,False,False
56,102_00056,102,56,360.0,50701,51013,51313,51597,312,300,284,0.7888888888888889,50611,51403,51507,51687,0,0.0,False,False
57,102_00057,102,57,360.0,51013,51313,51597,51882,300,284,285,0.7916666666666666,50923,51687,51792,51972,0,0.0,False,False
58,102_00058,102,58,360.0,51313,51597,51882,52161,284,285,279,0.775,51223,51972,52071,52251,0,0.0,False,False
59,102_00059,102,59,360.0,51597,51882,52161,52441,285,279,280,0.7777777777777778,51507,52251,52351,52531,0,0.0,False,False
60,102_00060,102,60,360.0,51882,52161,52441,52724,279,280,283,0.7861111111111111,51792,52531,52634,52814,0,0.0,False,False
61,102_00061,102,61,360.0,52161,52441,52724,53012,280,283,288,0.8,52071,52814,52922,53102,0,0.0,False,False
62,102_00062,102,62,360.0,52441,52724,53012,53318,283,288,306,0.85,52351,53102,53228,53408,0,0.0,False,False
63,102_00063,102,63,360.0,52724,53012,53318,53615,288,306,297,0.825,52634,53408,53525,53705,0,0.0,False,False
64,102_00064,102,64,360.0,53012,53318,53615,53893,306,297,278,0.7722222222222223,52922,53705,53803,53983,0,0.0,False,False
65,102_00065,102,65,360.0,53318,53615,53893,54174,297,278,281,0.7805555555555556,53228,53983,54084,54264,0,0.0,False,False
66,102_00066,102,66,360.0,53615,53893,54174,54451,278,281,277,0.7694444444444445,53525,54264,54361,54541,0,0.0,False,False
67,102_00067,102,67,360.0,53893,54174,54451,54733,281,277,282,0.7833333333333333,53803,54541,54643,54823,0,0.0,False,False
68,102_00068,102,68,360.0,54174,54451,54733,55019,277,282,286,0.7944444444444444,54084,54823,54929,55109,0,0.0,False,False
69,102_00069,102,69,360.0,54451,54733,55019,55315,282,286,296,0.8222222222222222,54361,55109,55225,55405,0,0.0,False,False
70,102_00070,102,70,360.0,54733,55019,55315,55618,286,296,303,0.8416666666666667,54643,55405,55528,55708,0,0.0,False,False
71,102_00071,102,71,360.0,55019,55315,55618,55911,296,303,293,0.8138888888888889,54929,55708,55821,56001,0,0.0,False,False
72,102_00072,102,72,360.0,55315,55618,55911,56192,303,293,281,0.7805555555555556,55225,56001,56102,56282,0,0.0,False,False
73,102_00073,102,73,360.0,55618,55911,56192,56469,293,281,277,0.7694444444444445,55528,56282,56379,56559,0,0.0,False,False
74,102_00074,102,74,360.0,55911,56192,56469,56743,281,277,274,0.7611111111111111,55821,56559,56653,56833,0,0.0,False,False
75,102_00075,102,75,360.0,56192,56469,56743,57035,277,274,292,0.8111111111111111,56102,56833,56945,57125,0,0.0,False,False
76,102_00076,102,76,360.0,56469,56743,57035,57329,274,292,294,0.8166666666666667,56379,57125,57239,57419,0,0.0,False,False
77,102_00077,102,77,360.0,56743,57035,57329,57621,292,294,292,0.8111111111111111,56653,57419,57531,57711,0,0.0,False,False
78,102_00078,102,78,360.0,57035,57329,57621,57922,294,292,301,0.8361111111111111,56945,57711,57832,58012,0,0.0,False,False
79,102_00079,102,79,360.0,57329,57621,57922,58215,292,301,293,0.8138888888888889,57239,58012,58125,58305,0,0.0,False,False
80,102_00080,102,80,360.0,57621,57922,58215,58491,301,293,276,0.7666666666666667,57531,58305,58401,58581,0,0.0,False,False
81,102_00081,102,81,360.0,57922,58215,58491,58766,293,276,275,0.7638888888888888,57832,58581,58676,58856,0,0.0,False,False
82,102_00082,102,82,360.0,58215,58491,58766,59044,276,275,278,0.7722222222222223,58125,58856,58954,59134,0,0.0,False,False
83,102_00083,102,83,360.0,58491,58766,59044,59336,275,278,292,0.8111111111111111,58401,59134,59246,59426,0,0.0,False,False
84,102_00084,102,84,360.0,58766,59044,59336,59638,278,292,302,0.8388888888888889,58676,59426,59548,59728,0,0.0,False,False
85,102_00085,102,85,360.0,59044,59336,59638,59933,292,302,295,0.8194444444444444,58954,59728,59843,60023,0,0.0,False,False
86,102_00086,102,86,360.0,59336,59638,59933,60224,302,295,291,0.8083333333333333,59246,60023,60134,60314,0,0.0,False,False
87,102_00087,102,87,360.0,59638,59933,60224,60515,295,291,291,0.8083333333333333,59548,60314,60425,60605,0,0.0,False,False
88,102_00088,102,88,360.0,59933,60224,60515,60791,291,291,276,0.7666666666666667,59843,60605,60701,60881,0,0.0,False,False
89,102_00089,102,89,360.0,60224,60515,60791,61062,291,276,271,0.7527777777777778,60134,60881,60972,61152,0,0.0,False,False
90,102_00090,102,90,360.0,60515,60791,61062,61349,276,271,287,0.7972222222222223,60425,61152,61259,61439,0,0.0,False,False
91,102_00091,102,91,360.0,60791,61062,61349,61647,271,287,298,0.8277777777777777,60701,61439,61557,61737,0,0.0,False,False
92,102_00092,102,92,360.0,61062,61349,61647,61947,287,298,300,0.8333333333333334,60972,61737,61857,62037,0,0.0,False,False
93,102_00093,102,93,360.0,61349,61647,61947,62242,298,300,295,0.8194444444444444,61259,62037,62152,62332,0,0.0,False,False
94,102_00094,102,94,360.0,61647,61947,62242,62531,300,295,289,0.8027777777777778,61557,62332,62441,62621,0,0.0,False,False
95,102_00095,102,95,360.0,61947,62242,62531,610218,295,289,547687,1521.3527777777779,61857,62621,610128,610308,0,0.0,False,False
96,104_00000,104,0,360.0,27184,32445,32734,35359,5261,289,2625,7.291666666666667,27094,32824,35269,35449,0,0.0,False,False
97,104_00001,104,1,360.0,32445,32734,35359,37977,289,2625,2618,7.272222222222222,32355,35449,37887,38067,0,0.0,False,False
98,104_00002,104,2,360.0,32734,35359,37977,40302,2625,2618,2325,6.458333333333333,32644,38067,40212,40392,0,0.0,False,False
99,104_00003,104,3,360.0,35359,37977,40302,43244,2618,2325,2942,8.172222222222222,35269,40392,43154,43334,0,0.0,False,False
100,104_00004,104,4,360.0,37977,40302,43244,46456,2325,2942,3212,8.922222222222222,37887,43334,46366,46546,0,0.0,False,False
101,104_00005,104,5,360.0,40302,43244,46456,49934,2942,3212,3478,9.661111111111111,40212,46546,49844,50024,0,0.0,False,False
102,104_00006,104,6,360.0,43244,46456,49934,54295,3212,3478,4361,12.113888888888889,43154,50024,54205,54385,0,0.0,False,False
103,104_00007,104,7,360.0,46456,49934,54295,54584,3478,4361,289,0.8027777777777778,46366,54385,54494,54674,0,0.0,False,False
104,104_00008,104,8,360.0,49934,54295,54584,54879,4361,289,295,0.8194444444444444,49844,54674,54789,54969,0,0.0,False,False
105,104_00009,104,9,360.0,54295,54584,54879,58669,289,295,3790,10.527777777777779,54205,54969,58579,58759,0,0.0,False,False
106,104_00010,104,10,360.0,54584,54879,58669,58951,295,3790,282,0.7833333333333333,54494,58759,58861,59041,0,0.0,False,False
107,104_00011,104,11,360.0,54879,58669,58951,62126,3790,282,3175,8.819444444444445,54789,59041,62036,62216,0,0.0,False,False
108,104_00012,104,12,360.0,58669,58951,62126,65057,282,3175,2931,8.141666666666667,58579,62216,64967,65147,0,0.0,False,False
109,104_00013,104,13,360.0,58951,62126,65057,65335,3175,2931,278,0.7722222222222223,58861,65147,65245,65425,0,0.0,False,False
110,104_00014,104,14,360.0,62126,65057,65335,69704,2931,278,4369,12.136111111111111,62036,65425,69614,69794,0,0.0,False,False
111,104_00015,104,15,360.0,65057,65335,69704,69994,278,4369,290,0.8055555555555556,64967,69794,69904,70084,0,0.0,False,False
112,104_00016,104,16,360.0,65335,69704,69994,76428,4369,290,6434,17.872222222222224,65245,70084,76338,76518,0,0.0,False,False
113,104_00017,104,17,360.0,69704,69994,76428,76700,290,6434,272,0.7555555555555555,69614,76518,76610,76790,0,0.0,False,False
114,104_00018,104,18,360.0,69994,76428,76700,76968,6434,272,268,0.7444444444444445,69904,76790,76878,77058,0,0.0,False,False
115,104_00019,104,19,360.0,76428,76700,76968,77257,272,268,289,0.8027777777777778,76338,77058,77167,77347,0,0.0,False,False
116,104_00020,104,20,360.0,76700,76968,77257,77548,268,289,291,0.8083333333333333,76610,77347,77458,77638,0,0.0,False,False
117,104_00021,104,21,360.0,76968,77257,77548,77838,289,291,290,0.8055555555555556,76878,77638,77748,77928,0,0.0,False,False
118,104_00022,104,22,360.0,77257,77548,77838,78133,291,290,295,0.8194444444444444,77167,77928,78043,78223,0,0.0,False,False
119,104_00023,104,23,360.0,77548,77838,78133,78425,290,295,292,0.8111111111111111,77458,78223,78335,78515,0,0.0,False,False
120,104_00024,104,24,360.0,77838,78133,78425,78707,295,292,282,0.7833333333333333,77748,78515,78617,78797,0,0.0,False,False
121,104_00025,104,25,360.0,78133,78425,78707,78983,292,282,276,0.7666666666666667,78043,78797,78893,79073,0,0.0,False,False
122,104_00026,104,26,360.0,78425,78707,78983,79260,282,276,277,0.7694444444444445,78335,79073,79170,79350,0,0.0,False,False
123,104_00027,104,27,360.0,78707,78983,79260,79554,276,277,294,0.8166666666666667,78617,79350,79464,79644,0,0.0,False,False
124,104_00028,104,28,360.0,78983,79260,79554,79845,277,294,291,0.8083333333333333,78893,79644,79755,79935,0,0.0,False,False
125,104_00029,104,29,360.0,79260,79554,79845,80136,294,291,291,0.8083333333333333,79170,79935,80046,80226,0,0.0,False,False
126,104_00030,104,30,360.0,79554,79845,80136,80430,291,291,294,0.8166666666666667,79464,80226,80340,80520,0,0.0,False,False
127,104_00031,104,31,360.0,79845,80136,80430,80721,291,294,291,0.8083333333333333,79755,80520,80631,80811,0,0.0,False,False
128,104_00032,104,32,360.0,80136,80430,80721,80999,294,291,278,0.7722222222222223,80046,80811,80909,81089,0,0.0,False,False
129,104_00033,104,33,360.0,80430,80721,80999,81267,291,278,268,0.7444444444444445,80340,81089,81177,81357,0,0.0,False,False
130,104_00034,104,34,360.0,80721,80999,81267,81553,278,268,286,0.7944444444444444,80631,81357,81463,81643,0,0.0,False,False
131,104_00035,104,35,360.0,80999,81267,81553,81845,268,286,292,0.8111111111111111,80909,81643,81755,81935,0,0.0,False,False
132,104_00036,104,36,360.0,81267,81553,81845,82134,286,292,289,0.8027777777777778,81177,81935,82044,82224,0,0.0,False,False
133,104_00037,104,37,360.0,81553,81845,82134,92507,292,289,10373,28.81388888888889,81463,82224,92417,92597,0,0.0,False,False
134,104_00038,104,38,360.0,81845,82134,92507,100116,289,10373,7609,21.136111111111113,81755,92597,100026,100206,0,0.0,False,False
135,104_00039,104,39,360.0,82134,92507,100116,100349,10373,7609,233,0.6472222222222223,82044,100206,100259,100439,0,0.0,False,False
136,104_00040,104,40,360.0,92507,100116,100349,100624,7609,233,275,0.7638888888888888,92417,100439,100534,100714,0,0.0,False,False
137,104_00041,104,41,360.0,100116,100349,100624,100902,233,275,278,0.7722222222222223,100026,100714,100812,100992,0,0.0,False,False
138,104_00042,104,42,360.0,100349,100624,100902,101187,275,278,285,0.7916666666666666,100259,100992,101097,101277,0,0.0,False,False
139,104_00043,104,43,360.0,100624,100902,101187,101478,278,285,291,0.8083333333333333,100534,101277,101388,101568,0,0.0,False,False
140,104_00044,104,44,360.0,100902,101187,101478,101765,285,291,287,0.7972222222222223,100812,101568,101675,101855,0,0.0,False,False
141,104_00045,104,45,360.0,101187,101478,101765,102062,291,287,297,0.825,101097,101855,101972,102152,0,0.0,False,False
142,104_00046,104,46,360.0,101478,101765,102062,102348,287,297,286,0.7944444444444444,101388,102152,102258,102438,0,0.0,False,False
143,104_00047,104,47,360.0,101765,102062,102348,102616,297,286,268,0.7444444444444445,101675,102438,102526,102706,0,0.0,False,False
144,104_00048,104,48,360.0,102062,102348,102616,102893,286,268,277,0.7694444444444445,101972,102706,102803,102983,0,0.0,False,False
145,104_00049,104,49,360.0,102348,102616,102893,103176,268,277,283,0.7861111111111111,102258,102983,103086,103266,0,0.0,False,False
146,104_00050,104,50,360.0,102616,102893,103176,103463,277,283,287,0.7972222222222223,102526,103266,103373,103553,0,0.0,False,False
147,104_00051,104,51,360.0,102893,103176,103463,103751,283,287,288,0.8,102803,103553,103661,103841,0,0.0,False,False
148,104_00052,104,52,360.0,103176,103463,103751,104041,287,288,290,0.8055555555555556,103086,103841,103951,104131,0,0.0,False,False
149,104_00053,104,53,360.0,103463,103751,104041,104339,288,290,298,0.8277777777777777,103373,104131,104249,104429,0,0.0,False,False
150,104_00054,104,54,360.0,103751,104041,104339,104612,290,298,273,0.7583333333333333,103661,104429,104522,104702,0,0.0,False,False
151,104_00055,104,55,360.0,104041,104339,104612,104881,298,273,269,0.7472222222222222,103951,104702,104791,104971,0,0.0,False,False
152,104_00056,104,56,360.0,104339,104612,104881,105172,273,269,291,0.8083333333333333,104249,104971,105082,105262,0,0.0,False,False
153,104_00057,104,57,360.0,104612,104881,105172,105449,269,291,277,0.7694444444444445,104522,105262,105359,105539,0,0.0,False,False
154,104_00058,104,58,360.0,104881,105172,105449,105741,291,277,292,0.8111111111111111,104791,105539,105651,105831,0,0.0,False,False
155,104_00059,104,59,360.0,105172,105449,105741,106039,277,292,298,0.8277777777777777,105082,105831,105949,106129,0,0.0,False,False
156,104_00060,104,60,360.0,105449,105741,106039,106329,292,298,290,0.8055555555555556,105359,106129,106239,106419,0,0.0,False,False
157,104_00061,104,61,360.0,105741,106039,106329,107175,298,290,846,2.35,105651,106419,107085,107265,0,0.0,False,False
158,104_00062,104,62,360.0,106039,106329,107175,108057,290,846,882,2.45,105949,107265,107967,108147,0,0.0,False,False
159,104_00063,104,63,360.0,106329,107175,108057,129379,846,882,21322,59.227777777777774,106239,108147,129289,129469,0,0.0,False,False
160,104_00064,104,64,360.0,107175,108057,129379,129666,882,21322,287,0.7972222222222223,107085,129469,129576,129756,0,0.0,False,False
161,104_00065,104,65,360.0,108057,129379,129666,129950,21322,287,284,0.7888888888888889,107967,129756,129860,130040,0,0.0,False,False
162,104_00066,104,66,360.0,129379,129666,129950,130236,287,284,286,0.7944444444444444,129289,130040,130146,130326,0,0.0,False,False
163,104_00067,104,67,360.0,129666,129950,130236,130502,284,286,266,0.7388888888888889,129576,130326,130412,130592,0,0.0,False,False
164,104_00068,104,68,360.0,129950,130236,130502,130770,286,266,268,0.7444444444444445,129860,130592,130680,130860,0,0.0,False,False
165,104_00069,104,69,360.0,130236,130502,130770,131056,266,268,286,0.7944444444444444,130146,130860,130966,131146,0,0.0,False,False
166,104_00070,104,70,360.0,130502,130770,131056,131330,268,286,274,0.7611111111111111,130412,131146,131240,131420,0,0.0,False,False
167,104_00071,104,71,360.0,130770,131056,131330,131611,286,274,281,0.7805555555555556,130680,131420,131521,131701,0,0.0,False,False
168,104_00072,104,72,360.0,131056,131330,131611,131901,274,281,290,0.8055555555555556,130966,131701,131811,131991,0,0.0,False,False
169,104_00073,104,73,360.0,131330,131611,131901,132201,281,290,300,0.8333333333333334,131240,131991,132111,132291,0,0.0,False,False
170,104_00074,104,74,360.0,131611,131901,132201,132487,290,300,286,0.7944444444444444,131521,132291,132397,132577,0,0.0,False,False
171,104_00075,104,75,360.0,131901,132201,132487,132761,300,286,274,0.7611111111111111,131811,132577,132671,132851,0,0.0,False,False
172,104_00076,104,76,360.0,132201,132487,132761,133047,286,274,286,0.7944444444444444,132111,132851,132957,133137,0,0.0,False,False
173,104_00077,104,77,360.0,132487,132761,133047,133334,274,286,287,0.7972222222222223,132397,133137,133244,133424,0,0.0,False,False
174,104_00078,104,78,360.0,132761,133047,133334,133918,286,287,584,1.6222222222222222,132671,133424,133828,134008,0,0.0,False,False
175,104_00079,104,79,360.0,133047,133334,133918,134218,287,584,300,0.8333333333333334,132957,134008,134128,134308,0,0.0,False,False
176,104_00080,104,80,360.0,133334,133918,134218,151739,584,300,17521,48.669444444444444,133244,134308,151649,151829,0,0.0,False,False
177,104_00081,104,81,360.0,133918,134218,151739,151994,300,17521,255,0.7083333333333334,133828,151829,151904,152084,0,0.0,False,False
178,104_00082,104,82,360.0,134218,151739,151994,158700,17521,255,6706,18.627777777777776,134128,152084,158610,158790,0,0.0,False,False
179,104_00083,104,83,360.0,151739,151994,158700,158986,255,6706,286,0.7944444444444444,151649,158790,158896,159076,0,0.0,False,False
180,104_00084,104,84,360.0,151994,158700,158986,164223,6706,286,5237,14.547222222222222,151904,159076,164133,164313,0,0.0,False,False
181,104_00085,104,85,360.0,158700,158986,164223,170628,286,5237,6405,17.791666666666668,158610,164313,170538,170718,0,0.0,False,False
182,104_00086,104,86,360.0,158986,164223,170628,170911,5237,6405,283,0.7861111111111111,158896,170718,170821,171001,0,0.0,False,False
183,104_00087,104,87,360.0,164223,170628,170911,178185,6405,283,7274,20.205555555555556,164133,171001,178095,178275,0,0.0,False,False
184,104_00088,104,88,360.0,170628,170911,178185,178462,283,7274,277,0.7694444444444445,170538,178275,178372,178552,0,0.0,False,False
185,104_00089,104,89,360.0,170911,178185,178462,184006,7274,277,5544,15.4,170821,178552,183916,184096,0,0.0,False,False
186,104_00090,104,90,360.0,178185,178462,184006,184280,277,5544,274,0.7611111111111111,178095,184096,184190,184370,0,0.0,False,False
187,104_00091,104,91,360.0,178462,184006,184280,190077,5544,274,5797,16.102777777777778,178372,184370,189987,190167,0,0.0,False,False
188,104_00092,104,92,360.0,184006,184280,190077,195048,274,5797,4971,13.808333333333334,183916,190167,194958,195138,0,0.0,False,False
189,104_00093,104,93,360.0,184280,190077,195048,195345,5797,4971,297,0.825,184190,195138,195255,195435,0,0.0,False,False
190,104_00094,104,94,360.0,190077,195048,195345,199415,4971,297,4070,11.305555555555555,189987,195435,199325,199505,0,0.0,False,False
191,104_00095,104,95,360.0,195048,195345,199415,204078,297,4070,4663,12.952777777777778,194958,199505,203988,204168,0,0.0,False,False
192,104_00096,104,96,360.0,195345,199415,204078,204339,4070,4663,261,0.725,195255,204168,204249,204429,0,0.0,False,False
193,104_00097,104,97,360.0,199415,204078,204339,208997,4663,261,4658,12.938888888888888,199325,204429,208907,209087,0,0.0,False,False
194,104_00098,104,98,360.0,204078,204339,208997,209282,261,4658,285,0.7916666666666666,203988,209087,209192,209372,0,0.0,False,False
195,104_00099,104,99,360.0,204339,208997,209282,213664,4658,285,4382,12.172222222222222,204249,209372,213574,213754,0,0.0,False,False
196,104_00100,104,100,360.0,208997,209282,213664,213951,285,4382,287,0.7972222222222223,208907,213754,213861,214041,0,0.0,False,False
197,104_00101,104,101,360.0,209282,213664,213951,217442,4382,287,3491,9.697222222222223,209192,214041,217352,217532,0,0.0,False,False
198,104_00102,104,102,360.0,213664,213951,217442,217713,287,3491,271,0.7527777777777778,213574,217532,217623,217803,0,0.0,False,False
199,104_00103,104,103,360.0,213951,217442,217713,224744,3491,271,7031,19.530555555555555,213861,217803,224654,224834,0,0.0,False,False
200,104_00104,104,104,360.0,217442,217713,224744,228826,271,7031,4082,11.338888888888889,217352,224834,228736,228916,0,0.0,False,False
201,104_00105,104,105,360.0,217713,224744,228826,229117,7031,4082,291,0.8083333333333333,217623,228916,229027,229207,0,0.0,False,False
202,104_00106,104,106,360.0,224744,228826,229117,233197,4082,291,4080,11.333333333333334,224654,229207,233107,233287,0,0.0,False,False
203,104_00107,104,107,360.0,228826,229117,233197,233483,291,4080,286,0.7944444444444444,228736,233287,233393,233573,0,0.0,False,False
204,104_00108,104,108,360.0,229117,233197,233483,244295,4080,286,10812,30.033333333333335,229027,233573,244205,244385,0,0.0,False,False
205,104_00109,104,109,360.0,233197,233483,244295,247777,286,10812,3482,9.672222222222222,233107,244385,247687,247867,0,0.0,False,False
206,104_00110,104,110,360.0,233483,244295,247777,251570,10812,3482,3793,10.536111111111111,233393,247867,251480,251660,0,0.0,False,False
207,104_00111,104,111,360.0,244295,247777,251570,261484,3482,3793,9914,27.538888888888888,244205,251660,261394,261574,0,0.0,False,False
208,104_00112,104,112,360.0,247777,251570,261484,271107,3793,9914,9623,26.730555555555554,247687,261574,271017,271197,0,0.0,False,False
209,104_00113,104,113,360.0,251570,261484,271107,275200,9914,9623,4093,11.369444444444444,251480,271197,275110,275290,0,0.0,False,False
210,104_00114,104,114,360.0,261484,271107,275200,290119,9623,4093,14919,41.44166666666667,261394,275290,290029,290209,0,0.0,False,False
211,104_00115,104,115,360.0,271107,275200,290119,293292,4093,14919,3173,8.813888888888888,271017,290209,293202,293382,0,0.0,False,False
212,104_00116,104,116,360.0,275200,290119,293292,296521,14919,3173,3229,8.969444444444445,275110,293382,296431,296611,0,0.0,False,False
213,104_00117,104,117,360.0,290119,293292,296521,312298,3173,3229,15777,43.825,290029,296611,312208,312388,0,0.0,False,False
214,104_00118,104,118,360.0,293292,296521,312298,354993,3229,15777,42695,118.59722222222223,293202,312388,354903,355083,0,0.0,False,False
215,104_00119,104,119,360.0,296521,312298,354993,357900,15777,42695,2907,8.075,296431,355083,357810,357990,0,0.0,False,False
216,104_00120,104,120,360.0,312298,354993,357900,360810,42695,2907,2910,8.083333333333334,312208,357990,360720,360900,0,0.0,False,False
217,104_00121,104,121,360.0,354993,357900,360810,375724,2907,2910,14914,41.42777777777778,354903,360900,375634,375814,0,0.0,False,False
218,104_00122,104,122,360.0,357900,360810,375724,378378,2910,14914,2654,7.372222222222222,357810,375814,378288,378468,0,0.0,False,False
219,104_00123,104,123,360.0,360810,375724,378378,381286,14914,2654,2908,8.077777777777778,360720,378468,381196,381376,0,0.0,False,False
220,104_00124,104,124,360.0,375724,378378,381286,383891,2654,2908,2605,7.236111111111111,375634,381376,383801,383981,0,0.0,False,False
221,104_00125,104,125,360.0,378378,381286,383891,401149,2908,2605,17258,47.93888888888889,378288,383981,401059,401239,0,0.0,False,False
222,104_00126,104,126,360.0,381286,383891,401149,404091,2605,17258,2942,8.172222222222222,381196,401239,404001,404181,0,0.0,False,False
223,104_00127,104,127,360.0,383891,401149,404091,421334,17258,2942,17243,47.897222222222226,383801,404181,421244,421424,0,0.0,False,False
224,104_00128,104,128,360.0,401149,404091,421334,424261,2942,17243,2927,8.130555555555556,401059,421424,424171,424351,0,0.0,False,False
225,104_00129,104,129,360.0,404091,421334,424261,426872,17243,2927,2611,7.252777777777778,404001,424351,426782,426962,0,0.0,False,False
226,104_00130,104,130,360.0,421334,424261,426872,443562,2927,2611,16690,46.361111111111114,421244,426962,443472,443652,0,0.0,False,False
227,104_00131,104,131,360.0,424261,426872,443562,446179,2611,16690,2617,7.269444444444445,424171,443652,446089,446269,0,0.0,False,False
228,104_00132,104,132,360.0,426872,443562,446179,451753,16690,2617,5574,15.483333333333333,426782,446269,451663,451843,0,0.0,False,False
229,104_00133,104,133,360.0,443562,446179,451753,466051,2617,5574,14298,39.71666666666667,443472,451843,465961,466141,0,0.0,False,False
230,104_00134,104,134,360.0,446179,451753,466051,468698,5574,14298,2647,7.352777777777778,446089,466141,468608,468788,0,0.0,False,False
231,104_00135,104,135,360.0,451753,466051,468698,471610,14298,2647,2912,8.088888888888889,451663,468788,471520,471700,0,0.0,False,False
232,104_00136,104,136,360.0,466051,468698,471610,474231,2647,2912,2621,7.280555555555556,465961,471700,474141,474321,0,0.0,False,False
233,104_00137,104,137,360.0,468698,471610,474231,490904,2912,2621,16673,46.31388888888889,468608,474321,490814,490994,0,0.0,False,False
234,104_00138,104,138,360.0,471610,474231,490904,493798,2621,16673,2894,8.03888888888889,471520,490994,493708,493888,0,0.0,False,False
235,104_00139,104,139,360.0,474231,490904,493798,496725,16673,2894,2927,8.130555555555556,474141,493888,496635,496815,0,0.0,False,False
236,104_00140,104,140,360.0,490904,493798,496725,514573,2894,2927,17848,49.577777777777776,490814,496815,514483,514663,0,0.0,False,False
237,104_00141,104,141,360.0,493798,496725,514573,517471,2927,17848,2898,8.05,493708,514663,517381,517561,0,0.0,False,False
238,104_00142,104,142,360.0,496725,514573,517471,535288,17848,2898,17817,49.49166666666667,496635,517561,535198,535378,0,0.0,False,False
239,104_00143,104,143,360.0,514573,517471,535288,537927,2898,17817,2639,7.330555555555556,514483,535378,537837,538017,0,0.0,False,False
240,104_00144,104,144,360.0,517471,535288,537927,540554,17817,2639,2627,7.2972222222222225,517381,538017,540464,540644,0,0.0,False,False
241,104_00145,104,145,360.0,535288,537927,540554,540851,2639,2627,297,0.825,535198,540644,540761,540941,0,0.0,False,False
242,104_00146,104,146,360.0,537927,540554,540851,543458,2627,297,2607,7.241666666666666,537837,540941,543368,543548,0,0.0,False,False
243,104_00147,104,147,360.0,540554,540851,543458,557513,297,2607,14055,39.041666666666664,540464,543548,557423,557603,0,0.0,False,False
244,104_00148,104,148,360.0,540851,543458,557513,560153,2607,14055,2640,7.333333333333333,540761,557603,560063,560243,0,0.0,False,False
245,104_00149,104,149,360.0,543458,557513,560153,563029,14055,2640,2876,7.988888888888889,543368,560243,562939,563119,0,0.0,False,False
246,104_00150,104,150,360.0,557513,560153,563029,565951,2640,2876,2922,8.116666666666667,557423,563119,565861,566041,0,0.0,False,False
247,104_00151,104,151,360.0,560153,563029,565951,581181,2876,2922,15230,42.30555555555556,560063,566041,581091,581271,0,0.0,False,False
248,104_00152,104,152,360.0,563029,565951,581181,584087,2922,15230,2906,8.072222222222223,562939,581271,583997,584177,0,0.0,False,False
249,104_00153,104,153,360.0,565951,581181,584087,586986,15230,2906,2899,8.052777777777777,565861,584177,586896,587076,0,0.0,False,False
250,104_00154,104,154,360.0,581181,584087,586986,589936,2906,2899,2950,8.194444444444445,581091,587076,589846,590026,0,0.0,False,False
251,104_00155,104,155,360.0,584087,586986,589936,590218,2899,2950,282,0.7833333333333333,583997,590026,590128,590308,0,0.0,False,False
252,104_00156,104,156,360.0,586986,589936,590218,605714,2950,282,15496,43.044444444444444,586896,590308,605624,605804,0,0.0,False,False
253,104_00157,104,157,360.0,589936,590218,605714,625303,282,15496,19589,54.41388888888889,589846,605804,625213,625393,0,0.0,False,False
254,104_00158,104,158,360.0,590218,605714,625303,631459,15496,19589,6156,17.1,590128,625393,631369,631549,0,0.0,False,False
255,104_00159,104,159,360.0,605714,625303,631459,634366,19589,6156,2907,8.075,605624,631549,634276,634456,0,0.0,False,False
256,114_00000,114,0,360.0,310,726,1143,1553,416,417,410,1.1388888888888888,220,1233,1463,1643,0,0.0,False,False
257,114_00001,114,1,360.0,726,1143,1553,1965,417,410,412,1.1444444444444444,636,1643,1875,2055,0,0.0,False,False
258,114_00002,114,2,360.0,1143,1553,1965,2358,410,412,393,1.0916666666666666,1053,2055,2268,2448,0,0.0,False,False
259,114_00003,114,3,360.0,1553,1965,2358,2742,412,393,384,1.0666666666666667,1463,2448,2652,2832,0,0.0,False,False
260,114_00004,114,4,360.0,1965,2358,2742,3166,393,384,424,1.1777777777777778,1875,2832,3076,3256,0,0.0,False,False
261,114_00005,114,5,360.0,2358,2742,3166,3568,384,424,402,1.1166666666666667,2268,3256,3478,3658,0,0.0,False,False
262,114_00006,114,6,360.0,2742,3166,3568,3961,424,402,393,1.0916666666666666,2652,3658,3871,4051,0,0.0,False,False
263,114_00007,114,7,360.0,3166,3568,3961,4352,402,393,391,1.086111111111111,3076,4051,4262,4442,0,0.0,False,False
264,114_00008,114,8,360.0,3568,3961,4352,4728,393,391,376,1.0444444444444445,3478,4442,4638,4818,0,0.0,False,False
265,114_00009,114,9,360.0,3961,4352,4728,5140,391,376,412,1.1444444444444444,3871,4818,5050,5230,0,0.0,False,False
266,114_00010,114,10,360.0,4352,4728,5140,5547,376,412,407,1.1305555555555555,4262,5230,5457,5637,0,0.0,False,False
267,114_00011,114,11,360.0,4728,5140,5547,5938,412,407,391,1.086111111111111,4638,5637,5848,6028,0,0.0,False,False
268,114_00012,114,12,360.0,5140,5547,5938,6327,407,391,389,1.0805555555555555,5050,6028,6237,6417,0,0.0,False,False
269,114_00013,114,13,360.0,5547,5938,6327,6710,391,389,383,1.0638888888888889,5457,6417,6620,6800,0,0.0,False,False
270,114_00014,114,14,360.0,5938,6327,6710,7091,389,383,381,1.0583333333333333,5848,6800,7001,7181,0,0.0,False,False
271,114_00015,114,15,360.0,6327,6710,7091,7506,383,381,415,1.1527777777777777,6237,7181,7416,7596,0,0.0,False,False
272,114_00016,114,16,360.0,6710,7091,7506,7905,381,415,399,1.1083333333333334,6620,7596,7815,7995,0,0.0,False,False
273,114_00017,114,17,360.0,7091,7506,7905,8296,415,399,391,1.086111111111111,7001,7995,8206,8386,0,0.0,False,False
274,114_00018,114,18,360.0,7506,7905,8296,8677,399,391,381,1.0583333333333333,7416,8386,8587,8767,0,0.0,False,False
275,114_00019,114,19,360.0,7905,8296,8677,9061,391,381,384,1.0666666666666667,7815,8767,8971,9151,0,0.0,False,False
276,114_00020,114,20,360.0,8296,8677,9061,9474,381,384,413,1.1472222222222221,8206,9151,9384,9564,0,0.0,False,False
277,114_00021,114,21,360.0,8677,9061,9474,9897,384,413,423,1.175,8587,9564,9807,9987,0,0.0,False,False
278,114_00022,114,22,360.0,9061,9474,9897,10296,413,423,399,1.1083333333333334,8971,9987,10206,10386,0,0.0,False,False
279,114_00023,114,23,360.0,9474,9897,10296,10697,423,399,401,1.113888888888889,9384,10386,10607,10787,0,0.0,False,False
280,114_00024,114,24,360.0,9897,10296,10697,11109,399,401,412,1.1444444444444444,9807,10787,11019,11199,0,0.0,False,False
281,114_00025,114,25,360.0,10296,10697,11109,11515,401,412,406,1.1277777777777778,10206,11199,11425,11605,0,0.0,False,False
282,114_00026,114,26,360.0,10697,11109,11515,11946,412,406,431,1.1972222222222222,10607,11605,11856,12036,0,0.0,False,False
283,114_00027,114,27,360.0,11109,11515,11946,12362,406,431,416,1.1555555555555554,11019,12036,12272,12452,0,0.0,False,False
284,114_00028,114,28,360.0,11515,11946,12362,12755,431,416,393,1.0916666666666666,11425,12452,12665,12845,0,0.0,False,False
285,114_00029,114,29,360.0,11946,12362,12755,13156,416,393,401,1.113888888888889,11856,12845,13066,13246,0,0.0,False,False
286,114_00030,114,30,360.0,12362,12755,13156,13549,393,401,393,1.0916666666666666,12272,13246,13459,13639,0,0.0,False,False
287,114_00031,114,31,360.0,12755,13156,13549,13956,401,393,407,1.1305555555555555,12665,13639,13866,14046,0,0.0,False,False
288,114_00032,114,32,360.0,13156,13549,13956,14378,393,407,422,1.1722222222222223,13066,14046,14288,14468,0,0.0,False,False
289,114_00033,114,33,360.0,13549,13956,14378,14767,407,422,389,1.0805555555555555,13459,14468,14677,14857,0,0.0,False,False
290,114_00034,114,34,360.0,13956,14378,14767,15156,422,389,389,1.0805555555555555,13866,14857,15066,15246,0,0.0,False,False
291,114_00035,114,35,360.0,14378,14767,15156,15539,389,389,383,1.0638888888888889,14288,15246,15449,15629,0,0.0,False,False
292,114_00036,114,36,360.0,14767,15156,15539,15957,389,383,418,1.1611111111111112,14677,15629,15867,16047,0,0.0,False,False
293,114_00037,114,37,360.0,15156,15539,15957,16362,383,418,405,1.125,15066,16047,16272,16452,0,0.0,False,False
294,114_00038,114,38,360.0,15539,15957,16362,16767,418,405,405,1.125,15449,16452,16677,16857,0,0.0,False,False
295,114_00039,114,39,360.0,15957,16362,16767,17150,405,405,383,1.0638888888888889,15867,16857,17060,17240,0,0.0,False,False
296,114_00040,114,40,360.0,16362,16767,17150,17532,405,383,382,1.0611111111111111,16272,17240,17442,17622,0,0.0,False,False
297,114_00041,114,41,360.0,16767,17150,17532,17929,383,382,397,1.1027777777777779,16677,17622,17839,18019,0,0.0,False,False
298,114_00042,114,42,360.0,17150,17532,17929,18324,382,397,395,1.0972222222222223,17060,18019,18234,18414,0,0.0,False,False
299,114_00043,114,43,360.0,17532,17929,18324,18724,397,395,400,1.1111111111111112,17442,18414,18634,18814,0,0.0,False,False
300,114_00044,114,44,360.0,17929,18324,18724,19115,395,400,391,1.086111111111111,17839,18814,19025,19205,0,0.0,False,False
301,114_00045,114,45,360.0,18324,18724,19115,19478,400,391,363,1.0083333333333333,18234,19205,19388,19568,0,0.0,False,False
302,114_00046,114,46,360.0,18724,19115,19478,19843,391,363,365,1.0138888888888888,18634,19568,19753,19933,0,0.0,False,False
303,114_00047,114,47,360.0,19115,19478,19843,20244,363,365,401,1.113888888888889,19025,19933,20154,20334,0,0.0,False,False
304,114_00048,114,48,360.0,19478,19843,20244,20632,365,401,388,1.0777777777777777,19388,20334,20542,20722,0,0.0,False,False
305,114_00049,114,49,360.0,19843,20244,20632,21024,401,388,392,1.0888888888888888,19753,20722,20934,21114,0,0.0,False,False
306,114_00050,114,50,360.0,20244,20632,21024,21399,388,392,375,1.0416666666666667,20154,21114,21309,21489,0,0.0,False,False
307,114_00051,114,51,360.0,20632,21024,21399,21770,392,375,371,1.0305555555555554,20542,21489,21680,21860,0,0.0,False,False
308,114_00052,114,52,360.0,21024,21399,21770,22140,375,371,370,1.0277777777777777,20934,21860,22050,22230,0,0.0,False,False
309,114_00053,114,53,360.0,21399,21770,22140,22545,371,370,405,1.125,21309,22230,22455,22635,0,0.0,False,False
310,114_00054,114,54,360.0,21770,22140,22545,22937,370,405,392,1.0888888888888888,21680,22635,22847,23027,0,0.0,False,False
311,114_00055,114,55,360.0,22140,22545,22937,23331,405,392,394,1.0944444444444446,22050,23027,23241,23421,0,0.0,False,False
312,114_00056,114,56,360.0,22545,22937,23331,23704,392,394,373,1.0361111111111112,22455,23421,23614,23794,0,0.0,False,False
313,114_00057,114,57,360.0,22937,23331,23704,24076,394,373,372,1.0333333333333334,22847,23794,23986,24166,0,0.0,False,False
314,114_00058,114,58,360.0,23331,23704,24076,24470,373,372,394,1.0944444444444446,23241,24166,24380,24560,0,0.0,False,False
315,114_00059,114,59,360.0,23704,24076,24470,24870,372,394,400,1.1111111111111112,23614,24560,24780,24960,0,0.0,False,False
316,114_00060,114,60,360.0,24076,24470,24870,25257,394,400,387,1.075,23986,24960,25167,25347,0,0.0,False,False
317,114_00061,114,61,360.0,24470,24870,25257,25647,400,387,390,1.0833333333333333,24380,25347,25557,25737,0,0.0,False,False
318,114_00062,114,62,360.0,24870,25257,25647,26019,387,390,372,1.0333333333333334,24780,25737,25929,26109,0,0.0,False,False
319,114_00063,114,63,360.0,25257,25647,26019,26377,390,372,358,0.9944444444444445,25167,26109,26287,26467,0,0.0,False,False
320,114_00064,114,64,360.0,25647,26019,26377,26781,372,358,404,1.1222222222222222,25557,26467,26691,26871,0,0.0,False,False
321,114_00065,114,65,360.0,26019,26377,26781,27169,358,404,388,1.0777777777777777,25929,26871,27079,27259,0,0.0,False,False
322,114_00066,114,66,360.0,26377,26781,27169,27550,404,388,381,1.0583333333333333,26287,27259,27460,27640,0,0.0,False,False
323,114_00067,114,67,360.0,26781,27169,27550,27933,388,381,383,1.0638888888888889,26691,27640,27843,28023,0,0.0,False,False
324,114_00068,114,68,360.0,27169,27550,27933,28296,381,383,363,1.0083333333333333,27079,28023,28206,28386,0,0.0,False,False
325,114_00069,114,69,360.0,27550,27933,28296,28666,383,363,370,1.0277777777777777,27460,28386,28576,28756,0,0.0,False,False
326,114_00070,114,70,360.0,27933,28296,28666,29065,363,370,399,1.1083333333333334,27843,28756,28975,29155,0,0.0,False,False
327,114_00071,114,71,360.0,28296,28666,29065,29455,370,399,390,1.0833333333333333,28206,29155,29365,29545,0,0.0,False,False
328,114_00072,114,72,360.0,28666,29065,29455,29835,399,390,380,1.0555555555555556,28576,29545,29745,29925,0,0.0,False,False
329,114_00073,114,73,360.0,29065,29455,29835,30211,390,380,376,1.0444444444444445,28975,29925,30121,30301,0,0.0,False,False
330,114_00074,114,74,360.0,29455,29835,30211,30569,380,376,358,0.9944444444444445,29365,30301,30479,30659,0,0.0,False,False
331,114_00075,114,75,360.0,29835,30211,30569,31349,376,358,780,2.1666666666666665,29745,30659,31259,31439,0,0.0,False,False
332,114_00076,114,76,360.0,30211,30569,31349,31731,358,780,382,1.0611111111111111,30121,31439,31641,31821,0,0.0,False,False
333,114_00077,114,77,360.0,30569,31349,31731,32123,780,382,392,1.0888888888888888,30479,31821,32033,32213,0,0.0,False,False
334,114_00078,114,78,360.0,31349,31731,32123,32494,382,392,371,1.0305555555555554,31259,32213,32404,32584,0,0.0,False,False
335,114_00079,114,79,360.0,31731,32123,32494,32854,392,371,360,1.0,31641,32584,32764,32944,0,0.0,False,False
336,114_00080,114,80,360.0,32123,32494,32854,33248,371,360,394,1.0944444444444446,32033,32944,33158,33338,0,0.0,False,False
337,114_00081,114,81,360.0,32494,32854,33248,33649,360,394,401,1.113888888888889,32404,33338,33559,33739,0,0.0,False,False
338,114_00082,114,82,360.0,32854,33248,33649,34021,394,401,372,1.0333333333333334,32764,33739,33931,34111,0,0.0,False,False
339,114_00083,114,83,360.0,33248,33649,34021,34404,401,372,383,1.0638888888888889,33158,34111,34314,34494,0,0.0,False,False
340,114_00084,114,84,360.0,33649,34021,34404,34782,372,383,378,1.05,33559,34494,34692,34872,0,0.0,False,False
341,114_00085,114,85,360.0,34021,34404,34782,35148,383,378,366,1.0166666666666666,33931,34872,35058,35238,0,0.0,False,False
342,114_00086,114,86,360.0,34404,34782,35148,35551,378,366,403,1.1194444444444445,34314,35238,35461,35641,0,0.0,False,False
343,114_00087,114,87,360.0,34782,35148,35551,35951,366,403,400,1.1111111111111112,34692,35641,35861,36041,0,0.0,False,False
344,114_00088,114,88,360.0,35148,35551,35951,36334,403,400,383,1.0638888888888889,35058,36041,36244,36424,0,0.0,False,False
345,114_00089,114,89,360.0,35551,35951,36334,36721,400,383,387,1.075,35461,36424,36631,36811,0,0.0,False,False
346,114_00090,114,90,360.0,35951,36334,36721,37090,383,387,369,1.025,35861,36811,37000,37180,0,0.0,False,False
347,114_00091,114,91,360.0,36334,36721,37090,37490,387,369,400,1.1111111111111112,36244,37180,37400,37580,0,0.0,False,False
348,114_00092,114,92,360.0,36721,37090,37490,37893,369,400,403,1.1194444444444445,36631,37580,37803,37983,0,0.0,False,False
349,114_00093,114,93,360.0,37090,37490,37893,38287,400,403,394,1.0944444444444446,37000,37983,38197,38377,0,0.0,False,False
350,114_00094,114,94,360.0,37490,37893,38287,38676,403,394,389,1.0805555555555555,37400,38377,38586,38766,0,0.0,False,False
351,114_00095,114,95,360.0,37893,38287,38676,39066,394,389,390,1.0833333333333333,37803,38766,38976,39156,0,0.0,False,False
352,114_00096,114,96,360.0,38287,38676,39066,39443,389,390,377,1.0472222222222223,38197,39156,39353,39533,0,0.0,False,False
353,114_00097,114,97,360.0,38676,39066,39443,39851,390,377,408,1.1333333333333333,38586,39533,39761,39941,0,0.0,False,False
354,114_00098,114,98,360.0,39066,39443,39851,40254,377,408,403,1.1194444444444445,38976,39941,40164,40344,0,0.0,False,False
355,114_00099,114,99,360.0,39443,39851,40254,40649,408,403,395,1.0972222222222223,39353,40344,40559,40739,0,0.0,False,False
356,114_00100,114,100,360.0,39851,40254,40649,41027,403,395,378,1.05,39761,40739,40937,41117,0,0.0,False,False
357,114_00101,114,101,360.0,40254,40649,41027,41414,395,378,387,1.075,40164,41117,41324,41504,0,0.0,False,False
358,114_00102,114,102,360.0,40649,41027,41414,41823,378,387,409,1.136111111111111,40559,41504,41733,41913,0,0.0,False,False
359,114_00103,114,103,360.0,41027,41414,41823,42228,387,409,405,1.125,40937,41913,42138,42318,0,0.0,False,False
360,114_00104,114,104,360.0,41414,41823,42228,42629,409,405,401,1.113888888888889,41324,42318,42539,42719,0,0.0,False,False
361,114_00105,114,105,360.0,41823,42228,42629,43019,405,401,390,1.0833333333333333,41733,42719,42929,43109,0,0.0,False,False
362,114_00106,114,106,360.0,42228,42629,43019,43414,401,390,395,1.0972222222222223,42138,43109,43324,43504,0,0.0,False,False
363,114_00107,114,107,360.0,42629,43019,43414,43813,390,395,399,1.1083333333333334,42539,43504,43723,43903,0,0.0,False,False
364,114_00108,114,108,360.0,43019,43414,43813,44221,395,399,408,1.1333333333333333,42929,43903,44131,44311,0,0.0,False,False
365,114_00109,114,109,360.0,43414,43813,44221,44630,399,408,409,1.136111111111111,43324,44311,44540,44720,0,0.0,False,False
366,114_00110,114,110,360.0,43813,44221,44630,45030,408,409,400,1.1111111111111112,43723,44720,44940,45120,0,0.0,False,False
367,114_00111,114,111,360.0,44221,44630,45030,45411,409,400,381,1.0583333333333333,44131,45120,45321,45501,0,0.0,False,False
368,114_00112,114,112,360.0,44630,45030,45411,46201,400,381,790,2.1944444444444446,44540,45501,46111,46291,0,0.0,False,False
369,114_00113,114,113,360.0,45030,45411,46201,46615,381,790,414,1.15,44940,46291,46525,46705,0,0.0,False,False
370,114_00114,114,114,360.0,45411,46201,46615,47010,790,414,395,1.0972222222222223,45321,46705,46920,47100,0,0.0,False,False
371,114_00115,114,115,360.0,46201,46615,47010,47404,414,395,394,1.0944444444444446,46111,47100,47314,47494,0,0.0,False,False
372,114_00116,114,116,360.0,46615,47010,47404,47786,395,394,382,1.0611111111111111,46525,47494,47696,47876,0,0.0,False,False
373,114_00117,114,117,360.0,47010,47404,47786,48188,394,382,402,1.1166666666666667,46920,47876,48098,48278,0,0.0,False,False
374,114_00118,114,118,360.0,47404,47786,48188,48589,382,402,401,1.113888888888889,47314,48278,48499,48679,0,0.0,False,False
375,114_00119,114,119,360.0,47786,48188,48589,48985,402,401,396,1.1,47696,48679,48895,49075,0,0.0,False,False
376,114_00120,114,120,360.0,48188,48589,48985,49379,401,396,394,1.0944444444444446,48098,49075,49289,49469,0,0.0,False,False
377,114_00121,114,121,360.0,48589,48985,49379,49760,396,394,381,1.0583333333333333,48499,49469,49670,49850,0,0.0,False,False
378,114_00122,114,122,360.0,48985,49379,49760,50133,394,381,373,1.0361111111111112,48895,49850,50043,50223,0,0.0,False,False
379,114_00123,114,123,360.0,49379,49760,50133,50544,381,373,411,1.1416666666666666,49289,50223,50454,50634,0,0.0,False,False
380,114_00124,114,124,360.0,49760,50133,50544,50939,373,411,395,1.0972222222222223,49670,50634,50849,51029,0,0.0,False,False
381,114_00125,114,125,360.0,50133,50544,50939,51327,411,395,388,1.0777777777777777,50043,51029,51237,51417,0,0.0,False,False
382,114_00126,114,126,360.0,50544,50939,51327,51723,395,388,396,1.1,50454,51417,51633,51813,0,0.0,False,False
383,114_00127,114,127,360.0,50939,51327,51723,52097,388,396,374,1.038888888888889,50849,51813,52007,52187,0,0.0,False,False
384,114_00128,114,128,360.0,51327,51723,52097,52497,396,374,400,1.1111111111111112,51237,52187,52407,52587,0,0.0,False,False
385,114_00129,114,129,360.0,51723,52097,52497,52900,374,400,403,1.1194444444444445,51633,52587,52810,52990,0,0.0,False,False
386,114_00130,114,130,360.0,52097,52497,52900,53305,400,403,405,1.125,52007,52990,53215,53395,0,0.0,False,False
387,114_00131,114,131,360.0,52497,52900,53305,53697,403,405,392,1.0888888888888888,52407,53395,53607,53787,0,0.0,False,False
388,114_00132,114,132,360.0,52900,53305,53697,54088,405,392,391,1.086111111111111,52810,53787,53998,54178,0,0.0,False,False
389,114_00133,114,133,360.0,53305,53697,54088,54459,392,391,371,1.0305555555555554,53215,54178,54369,54549,0,0.0,False,False
390,114_00134,114,134,360.0,53697,54088,54459,54872,391,371,413,1.1472222222222221,53607,54549,54782,54962,0,0.0,False,False
391,114_00135,114,135,360.0,54088,54459,54872,55278,371,413,406,1.1277777777777778,53998,54962,55188,55368,0,0.0,False,False
392,114_00136,114,136,360.0,54459,54872,55278,55661,413,406,383,1.0638888888888889,54369,55368,55571,55751,0,0.0,False,False
393,114_00137,114,137,360.0,54872,55278,55661,56055,406,383,394,1.0944444444444446,54782,55751,55965,56145,0,0.0,False,False
394,114_00138,114,138,360.0,55278,55661,56055,56433,383,394,378,1.05,55188,56145,56343,56523,0,0.0,False,False
395,114_00139,114,139,360.0,55661,56055,56433,56811,394,378,378,1.05,55571,56523,56721,56901,0,0.0,False,False
396,114_00140,114,140,360.0,56055,56433,56811,57223,378,378,412,1.1444444444444444,55965,56901,57133,57313,0,0.0,False,False
397,114_00141,114,141,360.0,56433,56811,57223,57611,378,412,388,1.0777777777777777,56343,57313,57521,57701,0,0.0,False,False
398,114_00142,114,142,360.0,56811,57223,57611,57990,412,388,379,1.0527777777777778,56721,57701,57900,58080,0,0.0,False,False
399,114_00143,114,143,360.0,57223,57611,57990,58377,388,379,387,1.075,57133,58080,58287,58467,0,0.0,False,False
400,114_00144,114,144,360.0,57611,57990,58377,58736,379,387,359,0.9972222222222222,57521,58467,58646,58826,0,0.0,False,False
401,114_00145,114,145,360.0,57990,58377,58736,59143,387,359,407,1.1305555555555555,57900,58826,59053,59233,0,0.0,False,False
402,114_00146,114,146,360.0,58377,58736,59143,59545,359,407,402,1.1166666666666667,58287,59233,59455,59635,0,0.0,False,False
403,114_00147,114,147,360.0,58736,59143,59545,59927,407,402,382,1.0611111111111111,58646,59635,59837,60017,0,0.0,False,False
404,114_00148,114,148,360.0,59143,59545,59927,60311,402,382,384,1.0666666666666667,59053,60017,60221,60401,0,0.0,False,False
405,114_00149,114,149,360.0,59545,59927,60311,60695,382,384,384,1.0666666666666667,59455,60401,60605,60785,0,0.0,False,False
406,114_00150,114,150,360.0,59927,60311,60695,61077,384,384,382,1.0611111111111111,59837,60785,60987,61167,0,0.0,False,False
407,114_00151,114,151,360.0,60311,60695,61077,61488,384,382,411,1.1416666666666666,60221,61167,61398,61578,0,0.0,False,False
408,114_00152,114,152,360.0,60695,61077,61488,61889,382,411,401,1.113888888888889,60605,61578,61799,61979,0,0.0,False,False
409,114_00153,114,153,360.0,61077,61488,61889,62277,411,401,388,1.0777777777777777,60987,61979,62187,62367,0,0.0,False,False
410,114_00154,114,154,360.0,61488,61889,62277,62667,401,388,390,1.0833333333333333,61398,62367,62577,62757,0,0.0,False,False
411,114_00155,114,155,360.0,61889,62277,62667,63046,388,390,379,1.0527777777777778,61799,62757,62956,63136,0,0.0,False,False
412,114_00156,114,156,360.0,62277,62667,63046,63450,390,379,404,1.1222222222222222,62187,63136,63360,63540,0,0.0,False,False
413,114_00157,114,157,360.0,62667,63046,63450,63865,379,404,415,1.1527777777777777,62577,63540,63775,63955,0,0.0,False,False
414,114_00158,114,158,360.0,63046,63450,63865,64257,404,415,392,1.0888888888888888,62956,63955,64167,64347,0,0.0,False,False
415,114_00159,114,159,360.0,63450,63865,64257,64642,415,392,385,1.0694444444444444,63360,64347,64552,64732,0,0.0,False,False
416,114_00160,114,160,360.0,63865,64257,64642,65043,392,385,401,1.113888888888889,63775,64732,64953,65133,0,0.0,False,False
417,114_00161,114,161,360.0,64257,64642,65043,65428,385,401,385,1.0694444444444444,64167,65133,65338,65518,0,0.0,False,False
418,114_00162,114,162,360.0,64642,65043,65428,65843,401,385,415,1.1527777777777777,64552,65518,65753,65933,0,0.0,False,False
419,114_00163,114,163,360.0,65043,65428,65843,66252,385,415,409,1.136111111111111,64953,65933,66162,66342,0,0.0,False,False
420,114_00164,114,164,360.0,65428,65843,66252,66633,415,409,381,1.0583333333333333,65338,66342,66543,66723,0,0.0,False,False
421,114_00165,114,165,360.0,65843,66252,66633,67027,409,381,394,1.0944444444444446,65753,66723,66937,67117,0,0.0,False,False
422,114_00166,114,166,360.0,66252,66633,67027,67402,381,394,375,1.0416666666666667,66162,67117,67312,67492,0,0.0,False,False
423,114_00167,114,167,360.0,66633,67027,67402,67809,394,375,407,1.1305555555555555,66543,67492,67719,67899,0,0.0,False,False
424,114_00168,114,168,360.0,67027,67402,67809,68223,375,407,414,1.15,66937,67899,68133,68313,0,0.0,False,False
425,114_00169,114,169,360.0,67402,67809,68223,68607,407,414,384,1.0666666666666667,67312,68313,68517,68697,0,0.0,False,False
426,114_00170,114,170,360.0,67809,68223,68607,68994,414,384,387,1.075,67719,68697,68904,69084,0,0.0,False,False
427,114_00171,114,171,360.0,68223,68607,68994,69378,384,387,384,1.0666666666666667,68133,69084,69288,69468,0,0.0,False,False
428,114_00172,114,172,360.0,68607,68994,69378,70156,387,384,778,2.161111111111111,68517,69468,70066,70246,0,0.0,False,False
429,114_00173,114,173,360.0,68994,69378,70156,70555,384,778,399,1.1083333333333334,68904,70246,70465,70645,0,0.0,False,False
430,114_00174,114,174,360.0,69378,70156,70555,70935,778,399,380,1.0555555555555556,69288,70645,70845,71025,0,0.0,False,False
431,114_00175,114,175,360.0,70156,70555,70935,71311,399,380,376,1.0444444444444445,70066,71025,71221,71401,0,0.0,False,False
432,114_00176,114,176,360.0,70555,70935,71311,71666,380,376,355,0.9861111111111112,70465,71401,71576,71756,0,0.0,False,False
433,114_00177,114,177,360.0,70935,71311,71666,72072,376,355,406,1.1277777777777778,70845,71756,71982,72162,0,0.0,False,False
434,114_00178,114,178,360.0,71311,71666,72072,72457,355,406,385,1.0694444444444444,71221,72162,72367,72547,0,0.0,False,False
435,114_00179,114,179,360.0,71666,72072,72457,72853,406,385,396,1.1,71576,72547,72763,72943,0,0.0,False,False
436,114_00180,114,180,360.0,72072,72457,72853,73229,385,396,376,1.0444444444444445,71982,72943,73139,73319,0,0.0,False,False
437,114_00181,114,181,360.0,72457,72853,73229,73609,396,376,380,1.0555555555555556,72367,73319,73519,73699,0,0.0,False,False
438,114_00182,114,182,360.0,72853,73229,73609,73986,376,380,377,1.0472222222222223,72763,73699,73896,74076,0,0.0,False,False
439,114_00183,114,183,360.0,73229,73609,73986,74395,380,377,409,1.136111111111111,73139,74076,74305,74485,0,0.0,False,False
440,114_00184,114,184,360.0,73609,73986,74395,74795,377,409,400,1.1111111111111112,73519,74485,74705,74885,0,0.0,False,False
441,114_00185,114,185,360.0,73986,74395,74795,75199,409,400,404,1.1222222222222222,73896,74885,75109,75289,0,0.0,False,False
442,114_00186,114,186,360.0,74395,74795,75199,75589,400,404,390,1.0833333333333333,74305,75289,75499,75679,0,0.0,False,False
443,114_00187,114,187,360.0,74795,75199,75589,75963,404,390,374,1.038888888888889,74705,75679,75873,76053,0,0.0,False,False
444,114_00188,114,188,360.0,75199,75589,75963,76389,390,374,426,1.1833333333333333,75109,76053,76299,76479,0,0.0,False,False
445,114_00189,114,189,360.0,75589,75963,76389,76795,374,426,406,1.1277777777777778,75499,76479,76705,76885,0,0.0,False,False
446,114_00190,114,190,360.0,75963,76389,76795,77197,426,406,402,1.1166666666666667,75873,76885,77107,77287,0,0.0,False,False
447,114_00191,114,191,360.0,76389,76795,77197,77597,406,402,400,1.1111111111111112,76299,77287,77507,77687,0,0.0,False,False
448,114_00192,114,192,360.0,76795,77197,77597,77977,402,400,380,1.0555555555555556,76705,77687,77887,78067,0,0.0,False,False
449,114_00193,114,193,360.0,77197,77597,77977,78367,400,380,390,1.0833333333333333,77107,78067,78277,78457,0,0.0,False,False
450,114_00194,114,194,360.0,77597,77977,78367,78779,380,390,412,1.1444444444444444,77507,78457,78689,78869,0,0.0,False,False
451,114_00195,114,195,360.0,77977,78367,78779,79176,390,412,397,1.1027777777777779,77887,78869,79086,79266,0,0.0,False,False
452,114_00196,114,196,360.0,78367,78779,79176,79576,412,397,400,1.1111111111111112,78277,79266,79486,79666,0,0.0,False,False
453,114_00197,114,197,360.0,78779,79176,79576,79950,397,400,374,1.038888888888889,78689,79666,79860,80040,0,0.0,False,False
454,114_00198,114,198,360.0,79176,79576,79950,80322,400,374,372,1.0333333333333334,79086,80040,80232,80412,0,0.0,False,False
455,114_00199,114,199,360.0,79576,79950,80322,81113,374,372,791,2.1972222222222224,79486,80412,81023,81203,0,0.0,False,False
456,114_00200,114,200,360.0,79950,80322,81113,81494,372,791,381,1.0583333333333333,79860,81203,81404,81584,0,0.0,False,False
457,114_00201,114,201,360.0,80322,81113,81494,81878,791,381,384,1.0666666666666667,80232,81584,81788,81968,0,0.0,False,False
458,114_00202,114,202,360.0,81113,81494,81878,82243,381,384,365,1.0138888888888888,81023,81968,82153,82333,0,0.0,False,False
459,114_00203,114,203,360.0,81494,81878,82243,82608,384,365,365,1.0138888888888888,81404,82333,82518,82698,0,0.0,False,False
460,114_00204,114,204,360.0,81878,82243,82608,83001,365,365,393,1.0916666666666666,81788,82698,82911,83091,0,0.0,False,False
461,114_00205,114,205,360.0,82243,82608,83001,83389,365,393,388,1.0777777777777777,82153,83091,83299,83479,0,0.0,False,False
462,114_00206,114,206,360.0,82608,83001,83389,83756,393,388,367,1.0194444444444444,82518,83479,83666,83846,0,0.0,False,False
463,114_00207,114,207,360.0,83001,83389,83756,84131,388,367,375,1.0416666666666667,82911,83846,84041,84221,0,0.0,False,False
464,114_00208,114,208,360.0,83389,83756,84131,84494,367,375,363,1.0083333333333333,83299,84221,84404,84584,0,0.0,False,False
465,114_00209,114,209,360.0,83756,84131,84494,84866,375,363,372,1.0333333333333334,83666,84584,84776,84956,0,0.0,False,False
466,114_00210,114,210,360.0,84131,84494,84866,85266,363,372,400,1.1111111111111112,84041,84956,85176,85356,0,0.0,False,False
467,114_00211,114,211,360.0,84494,84866,85266,85654,372,400,388,1.0777777777777777,84404,85356,85564,85744,0,0.0,False,False
468,114_00212,114,212,360.0,84866,85266,85654,86032,400,388,378,1.05,84776,85744,85942,86122,0,0.0,False,False
469,114_00213,114,213,360.0,85266,85654,86032,86416,388,378,384,1.0666666666666667,85176,86122,86326,86506,0,0.0,False,False
470,114_00214,114,214,360.0,85654,86032,86416,86782,378,384,366,1.0166666666666666,85564,86506,86692,86872,0,0.0,False,False
471,114_00215,114,215,360.0,86032,86416,86782,87598,384,366,816,2.2666666666666666,85942,86872,87508,87688,0,0.0,False,False
472,114_00216,114,216,360.0,86416,86782,87598,87990,366,816,392,1.0888888888888888,86326,87688,87900,88080,0,0.0,False,False
473,114_00217,114,217,360.0,86782,87598,87990,88388,816,392,398,1.1055555555555556,86692,88080,88298,88478,0,0.0,False,False
474,114_00218,114,218,360.0,87598,87990,88388,88768,392,398,380,1.0555555555555556,87508,88478,88678,88858,0,0.0,False,False
475,114_00219,114,219,360.0,87990,88388,88768,89347,398,380,579,1.6083333333333334,87900,88858,89257,89437,0,0.0,False,False
476,114_00220,114,220,360.0,88388,88768,89347,89909,380,579,562,1.5611111111111111,88298,89437,89819,89999,0,0.0,False,False
477,114_00221,114,221,360.0,88768,89347,89909,90299,579,562,390,1.0833333333333333,88678,89999,90209,90389,0,0.0,False,False
478,114_00222,114,222,360.0,89347,89909,90299,90698,562,390,399,1.1083333333333334,89257,90389,90608,90788,0,0.0,False,False
479,114_00223,114,223,360.0,89909,90299,90698,91464,390,399,766,2.1277777777777778,89819,90788,91374,91554,0,0.0,False,False
480,114_00224,114,224,360.0,90299,90698,91464,91875,399,766,411,1.1416666666666666,90209,91554,91785,91965,0,0.0,False,False
481,114_00225,114,225,360.0,90698,91464,91875,92272,766,411,397,1.1027777777777779,90608,91965,92182,92362,0,0.0,False,False
482,114_00226,114,226,360.0,91464,91875,92272,92660,411,397,388,1.0777777777777777,91374,92362,92570,92750,0,0.0,False,False
483,114_00227,114,227,360.0,91875,92272,92660,93430,397,388,770,2.138888888888889,91785,92750,93340,93520,0,0.0,False,False
484,114_00228,114,228,360.0,92272,92660,93430,93842,388,770,412,1.1444444444444444,92182,93520,93752,93932,0,0.0,False,False
485,114_00229,114,229,360.0,92660,93430,93842,94260,770,412,418,1.1611111111111112,92570,93932,94170,94350,0,0.0,False,False
486,114_00230,114,230,360.0,93430,93842,94260,94648,412,418,388,1.0777777777777777,93340,94350,94558,94738,0,0.0,False,False
487,114_00231,114,231,360.0,93842,94260,94648,95418,418,388,770,2.138888888888889,93752,94738,95328,95508,0,0.0,False,False
488,114_00232,114,232,360.0,94260,94648,95418,95825,388,770,407,1.1305555555555555,94170,95508,95735,95915,0,0.0,False,False
489,114_00233,114,233,360.0,94648,95418,95825,96235,770,407,410,1.1388888888888888,94558,95915,96145,96325,0,0.0,False,False
490,114_00234,114,234,360.0,95418,95825,96235,96629,407,410,394,1.0944444444444446,95328,96325,96539,96719,0,0.0,False,False
491,114_00235,114,235,360.0,95825,96235,96629,97013,410,394,384,1.0666666666666667,95735,96719,96923,97103,0,0.0,False,False
492,114_00236,114,236,360.0,96235,96629,97013,97406,394,384,393,1.0916666666666666,96145,97103,97316,97496,0,0.0,False,False
493,114_00237,114,237,360.0,96629,97013,97406,97780,384,393,374,1.038888888888889,96539,97496,97690,97870,0,0.0,False,False
494,114_00238,114,238,360.0,97013,97406,97780,98190,393,374,410,1.1388888888888888,96923,97870,98100,98280,0,0.0,False,False
495,114_00239,114,239,360.0,97406,97780,98190,98591,374,410,401,1.113888888888889,97316,98280,98501,98681,0,0.0,False,False
496,114_00240,114,240,360.0,97780,98190,98591,98983,410,401,392,1.0888888888888888,97690,98681,98893,99073,0,0.0,False,False
497,114_00241,114,241,360.0,98190,98591,98983,99363,401,392,380,1.0555555555555556,98100,99073,99273,99453,0,0.0,False,False
498,114_00242,114,242,360.0,98591,98983,99363,99739,392,380,376,1.0444444444444445,98501,99453,99649,99829,0,0.0,False,False
499,114_00243,114,243,360.0,98983,99363,99739,100144,380,376,405,1.125,98893,99829,100054,100234,0,0.0,False,False
500,114_00244,114,244,360.0,99363,99739,100144,100946,376,405,802,2.227777777777778,99273,100234,100856,101036,0,0.0,False,False
501,114_00245,114,245,360.0,99739,100144,100946,101335,405,802,389,1.0805555555555555,99649,101036,101245,101425,0,0.0,False,False
502,114_00246,114,246,360.0,100144,100946,101335,101721,802,389,386,1.0722222222222222,100054,101425,101631,101811,0,0.0,False,False
503,114_00247,114,247,360.0,100946,101335,101721,102111,389,386,390,1.0833333333333333,100856,101811,102021,102201,0,0.0,False,False
504,114_00248,114,248,360.0,101335,101721,102111,102522,386,390,411,1.1416666666666666,101245,102201,102432,102612,0,0.0,False,False
505,114_00249,114,249,360.0,101721,102111,102522,102926,390,411,404,1.1222222222222222,101631,102612,102836,103016,0,0.0,False,False
506,114_00250,114,250,360.0,102111,102522,102926,103328,411,404,402,1.1166666666666667,102021,103016,103238,103418,0,0.0,False,False
507,114_00251,114,251,360.0,102522,102926,103328,104061,404,402,733,2.036111111111111,102432,103418,103971,104151,0,0.0,False,False
508,114_00252,114,252,360.0,102926,103328,104061,104522,402,733,461,1.2805555555555554,102836,104151,104432,104612,0,0.0,False,False
509,114_00253,114,253,360.0,103328,104061,104522,104925,733,461,403,1.1194444444444445,103238,104612,104835,105015,0,0.0,False,False
510,114_00254,114,254,360.0,104061,104522,104925,105321,461,403,396,1.1,103971,105015,105231,105411,0,0.0,False,False
511,114_00255,114,255,360.0,104522,104925,105321,106075,403,396,754,2.0944444444444446,104432,105411,105985,106165,0,0.0,False,False
512,114_00256,114,256,360.0,104925,105321,106075,106483,396,754,408,1.1333333333333333,104835,106165,106393,106573,0,0.0,False,False
513,114_00257,114,257,360.0,105321,106075,106483,106893,754,408,410,1.1388888888888888,105231,106573,106803,106983,0,0.0,False,False
514,114_00258,114,258,360.0,106075,106483,106893,107283,408,410,390,1.0833333333333333,105985,106983,107193,107373,0,0.0,False,False
515,114_00259,114,259,360.0,106483,106893,107283,108047,410,390,764,2.1222222222222222,106393,107373,107957,108137,0,0.0,False,False
516,114_00260,114,260,360.0,106893,107283,108047,108417,390,764,370,1.0277777777777777,106803,108137,108327,108507,0,0.0,False,False
517,114_00261,114,261,360.0,107283,108047,108417,108831,764,370,414,1.15,107193,108507,108741,108921,0,0.0,False,False
518,114_00262,114,262,360.0,108047,108417,108831,109220,370,414,389,1.0805555555555555,107957,108921,109130,109310,0,0.0,False,False
519,114_00263,114,263,360.0,108417,108831,109220,109957,414,389,737,2.047222222222222,108327,109310,109867,110047,0,0.0,False,False
520,114_00264,114,264,360.0,108831,109220,109957,110334,389,737,377,1.0472222222222223,108741,110047,110244,110424,0,0.0,False,False
521,114_00265,114,265,360.0,109220,109957,110334,110691,737,377,357,0.9916666666666667,109130,110424,110601,110781,0,0.0,False,False
522,114_00266,114,266,360.0,109957,110334,110691,111089,377,357,398,1.1055555555555556,109867,110781,110999,111179,0,0.0,False,False
523,114_00267,114,267,360.0,110334,110691,111089,111470,357,398,381,1.0583333333333333,110244,111179,111380,111560,0,0.0,False,False
524,114_00268,114,268,360.0,110691,111089,111470,111837,398,381,367,1.0194444444444444,110601,111560,111747,111927,0,0.0,False,False
525,114_00269,114,269,360.0,111089,111470,111837,112204,381,367,367,1.0194444444444444,110999,111927,112114,112294,0,0.0,False,False
526,114_00270,114,270,360.0,111470,111837,112204,112562,367,367,358,0.9944444444444445,111380,112294,112472,112652,0,0.0,False,False
527,114_00271,114,271,360.0,111837,112204,112562,112919,367,358,357,0.9916666666666667,111747,112652,112829,113009,0,0.0,False,False
528,114_00272,114,272,360.0,112204,112562,112919,113312,358,357,393,1.0916666666666666,112114,113009,113222,113402,0,0.0,False,False
529,114_00273,114,273,360.0,112562,112919,113312,113684,357,393,372,1.0333333333333334,112472,113402,113594,113774,0,0.0,False,False
530,114_00274,114,274,360.0,112919,113312,113684,114059,393,372,375,1.0416666666666667,112829,113774,113969,114149,0,0.0,False,False
531,114_00275,114,275,360.0,113312,113684,114059,114434,372,375,375,1.0416666666666667,113222,114149,114344,114524,0,0.0,False,False
532,114_00276,114,276,360.0,113684,114059,114434,114800,375,375,366,1.0166666666666666,113594,114524,114710,114890,0,0.0,False,False
533,114_00277,114,277,360.0,114059,114434,114800,115180,375,366,380,1.0555555555555556,113969,114890,115090,115270,0,0.0,False,False
534,114_00278,114,278,360.0,114434,114800,115180,115584,366,380,404,1.1222222222222222,114344,115270,115494,115674,0,0.0,False,False
535,114_00279,114,279,360.0,114800,115180,115584,115955,380,404,371,1.0305555555555554,114710,115674,115865,116045,0,0.0,False,False
536,114_00280,114,280,360.0,115180,115584,115955,116335,404,371,380,1.0555555555555556,115090,116045,116245,116425,0,0.0,False,False
537,114_00281,114,281,360.0,115584,115955,116335,116704,371,380,369,1.025,115494,116425,116614,116794,0,0.0,False,False
538,114_00282,114,282,360.0,115955,116335,116704,117067,380,369,363,1.0083333333333333,115865,116794,116977,117157,0,0.0,False,False
539,114_00283,114,283,360.0,116335,116704,117067,117456,369,363,389,1.0805555555555555,116245,117157,117366,117546,0,0.0,False,False
540,114_00284,114,284,360.0,116704,117067,117456,117854,363,389,398,1.1055555555555556,116614,117546,117764,117944,0,0.0,False,False
541,114_00285,114,285,360.0,117067,117456,117854,118234,389,398,380,1.0555555555555556,116977,117944,118144,118324,0,0.0,False,False
542,114_00286,114,286,360.0,117456,117854,118234,118613,398,380,379,1.0527777777777778,117366,118324,118523,118703,0,0.0,False,False
543,114_00287,114,287,360.0,117854,118234,118613,119001,380,379,388,1.0777777777777777,117764,118703,118911,119091,0,0.0,False,False
544,114_00288,114,288,360.0,118234,118613,119001,119374,379,388,373,1.0361111111111112,118144,119091,119284,119464,0,0.0,False,False
545,114_00289,114,289,360.0,118613,119001,119374,119786,388,373,412,1.1444444444444444,118523,119464,119696,119876,0,0.0,False,False
546,114_00290,114,290,360.0,119001,119374,119786,120191,373,412,405,1.125,118911,119876,120101,120281,0,0.0,False,False
547,114_00291,114,291,360.0,119374,119786,120191,120569,412,405,378,1.05,119284,120281,120479,120659,0,0.0,False,False
548,114_00292,114,292,360.0,119786,120191,120569,120949,405,378,380,1.0555555555555556,119696,120659,120859,121039,0,0.0,False,False
549,114_00293,114,293,360.0,120191,120569,120949,121319,378,380,370,1.0277777777777777,120101,121039,121229,121409,0,0.0,False,False
550,114_00294,114,294,360.0,120569,120949,121319,121706,380,370,387,1.075,120479,121409,121616,121796,0,0.0,False,False
551,114_00295,114,295,360.0,120949,121319,121706,122818,370,387,1112,3.088888888888889,120859,121796,122728,122908,0,0.0,False,False
552,114_00296,114,296,360.0,121319,121706,122818,123190,387,1112,372,1.0333333333333334,121229,122908,123100,123280,0,0.0,False,False
553,114_00297,114,297,360.0,121706,122818,123190,123540,1112,372,350,0.9722222222222222,121616,123280,123450,123630,0,0.0,False,False
554,114_00298,114,298,360.0,122818,123190,123540,123919,372,350,379,1.0527777777777778,122728,123630,123829,124009,0,0.0,False,False
555,114_00299,114,299,360.0,123190,123540,123919,124309,350,379,390,1.0833333333333333,123100,124009,124219,124399,0,0.0,False,False
556,114_00300,114,300,360.0,123540,123919,124309,124668,379,390,359,0.9972222222222222,123450,124399,124578,124758,0,0.0,False,False
557,114_00301,114,301,360.0,123919,124309,124668,125035,390,359,367,1.0194444444444444,123829,124758,124945,125125,0,0.0,False,False
558,114_00302,114,302,360.0,124309,124668,125035,125395,359,367,360,1.0,124219,125125,125305,125485,0,0.0,False,False
559,114_00303,114,303,360.0,124668,125035,125395,125756,367,360,361,1.0027777777777778,124578,125485,125666,125846,0,0.0,False,False
560,114_00304,114,304,360.0,125035,125395,125756,126138,360,361,382,1.0611111111111111,124945,125846,126048,126228,0,0.0,False,False
561,114_00305,114,305,360.0,125395,125756,126138,126529,361,382,391,1.086111111111111,125305,126228,126439,126619,0,0.0,False,False
562,114_00306,114,306,360.0,125756,126138,126529,126903,382,391,374,1.038888888888889,125666,126619,126813,126993,0,0.0,False,False
563,114_00307,114,307,360.0,126138,126529,126903,127269,391,374,366,1.0166666666666666,126048,126993,127179,127359,0,0.0,False,False
564,114_00308,114,308,360.0,126529,126903,127269,127640,374,366,371,1.0305555555555554,126439,127359,127550,127730,0,0.0,False,False
565,114_00309,114,309,360.0,126903,127269,127640,128017,366,371,377,1.0472222222222223,126813,127730,127927,128107,0,0.0,False,False
566,114_00310,114,310,360.0,127269,127640,128017,128402,371,377,385,1.0694444444444444,127179,128107,128312,128492,0,0.0,False,False
567,114_00311,114,311,360.0,127640,128017,128402,128796,377,385,394,1.0944444444444446,127550,128492,128706,128886,0,0.0,False,False
568,114_00312,114,312,360.0,128017,128402,128796,129172,385,394,376,1.0444444444444445,127927,128886,129082,129262,0,0.0,False,False
569,114_00313,114,313,360.0,128402,128796,129172,129531,394,376,359,0.9972222222222222,128312,129262,129441,129621,0,0.0,False,False
570,114_00314,114,314,360.0,128796,129172,129531,129903,376,359,372,1.0333333333333334,128706,129621,129813,129993,0,0.0,False,False
571,114_00315,114,315,360.0,129172,129531,129903,130288,359,372,385,1.0694444444444444,129082,129993,130198,130378,0,0.0,False,False
572,114_00316,114,316,360.0,129531,129903,130288,130682,372,385,394,1.0944444444444446,129441,130378,130592,130772,0,0.0,False,False
573,114_00317,114,317,360.0,129903,130288,130682,131454,385,394,772,2.1444444444444444,129813,130772,131364,131544,0,0.0,False,False
574,114_00318,114,318,360.0,130288,130682,131454,131827,394,772,373,1.0361111111111112,130198,131544,131737,131917,0,0.0,False,False
575,114_00319,114,319,360.0,130682,131454,131827,132186,772,373,359,0.9972222222222222,130592,131917,132096,132276,0,0.0,False,False
576,114_00320,114,320,360.0,131454,131827,132186,132586,373,359,400,1.1111111111111112,131364,132276,132496,132676,0,0.0,False,False
577,114_00321,114,321,360.0,131827,132186,132586,133355,359,400,769,2.136111111111111,131737,132676,133265,133445,0,0.0,False,False
578,114_00322,114,322,360.0,132186,132586,133355,133730,400,769,375,1.0416666666666667,132096,133445,133640,133820,0,0.0,False,False
579,114_00323,114,323,360.0,132586,133355,133730,134476,769,375,746,2.0722222222222224,132496,133820,134386,134566,0,0.0,False,False
580,114_00324,114,324,360.0,133355,133730,134476,134880,375,746,404,1.1222222222222222,133265,134566,134790,134970,0,0.0,False,False
581,114_00325,114,325,360.0,133730,134476,134880,135264,746,404,384,1.0666666666666667,133640,134970,135174,135354,0,0.0,False,False
582,114_00326,114,326,360.0,134476,134880,135264,135649,404,384,385,1.0694444444444444,134386,135354,135559,135739,0,0.0,False,False
583,114_00327,114,327,360.0,134880,135264,135649,136026,384,385,377,1.0472222222222223,134790,135739,135936,136116,0,0.0,False,False
584,114_00328,114,328,360.0,135264,135649,136026,136380,385,377,354,0.9833333333333333,135174,136116,136290,136470,0,0.0,False,False
585,114_00329,114,329,360.0,135649,136026,136380,136774,377,354,394,1.0944444444444446,135559,136470,136684,136864,0,0.0,False,False
586,114_00330,114,330,360.0,136026,136380,136774,137175,354,394,401,1.113888888888889,135936,136864,137085,137265,0,0.0,False,False
587,114_00331,114,331,360.0,136380,136774,137175,137552,394,401,377,1.0472222222222223,136290,137265,137462,137642,0,0.0,False,False
588,114_00332,114,332,360.0,136774,137175,137552,137951,401,377,399,1.1083333333333334,136684,137642,137861,138041,0,0.0,False,False
589,114_00333,114,333,360.0,137175,137552,137951,138326,377,399,375,1.0416666666666667,137085,138041,138236,138416,0,0.0,False,False
590,114_00334,114,334,360.0,137552,137951,138326,138701,399,375,375,1.0416666666666667,137462,138416,138611,138791,0,0.0,False,False
591,114_00335,114,335,360.0,137951,138326,138701,139105,375,375,404,1.1222222222222222,137861,138791,139015,139195,0,0.0,False,False
592,114_00336,114,336,360.0,138326,138701,139105,139509,375,404,404,1.1222222222222222,138236,139195,139419,139599,0,0.0,False,False
593,114_00337,114,337,360.0,138701,139105,139509,139892,404,404,383,1.0638888888888889,138611,139599,139802,139982,0,0.0,False,False
594,114_00338,114,338,360.0,139105,139509,139892,140282,404,383,390,1.0833333333333333,139015,139982,140192,140372,0,0.0,False,False
595,114_00339,114,339,360.0,139509,139892,140282,141046,383,390,764,2.1222222222222222,139419,140372,140956,141136,0,0.0,False,False
596,114_00340,114,340,360.0,139892,140282,141046,141456,390,764,410,1.1388888888888888,139802,141136,141366,141546,0,0.0,False,False
597,114_00341,114,341,360.0,140282,141046,141456,141848,764,410,392,1.0888888888888888,140192,141546,141758,141938,0,0.0,False,False
598,114_00342,114,342,360.0,141046,141456,141848,142229,410,392,381,1.0583333333333333,140956,141938,142139,142319,0,0.0,False,False
599,114_00343,114,343,360.0,141456,141848,142229,142611,392,381,382,1.0611111111111111,141366,142319,142521,142701,0,0.0,False,False
600,114_00344,114,344,360.0,141848,142229,142611,142976,381,382,365,1.0138888888888888,141758,142701,142886,143066,0,0.0,False,False
601,114_00345,114,345,360.0,142229,142611,142976,143376,382,365,400,1.1111111111111112,142139,143066,143286,143466,0,0.0,False,False
602,114_00346,114,346,360.0,142611,142976,143376,143784,365,400,408,1.1333333333333333,142521,143466,143694,143874,0,0.0,False,False
603,114_00347,114,347,360.0,142976,143376,143784,144168,400,408,384,1.0666666666666667,142886,143874,144078,144258,0,0.0,False,False
604,114_00348,114,348,360.0,143376,143784,144168,144556,408,384,388,1.0777777777777777,143286,144258,144466,144646,0,0.0,False,False
605,114_00349,114,349,360.0,143784,144168,144556,144946,384,388,390,1.0833333333333333,143694,144646,144856,145036,0,0.0,False,False
606,114_00350,114,350,360.0,144168,144556,144946,145324,388,390,378,1.05,144078,145036,145234,145414,0,0.0,False,False
607,114_00351,114,351,360.0,144556,144946,145324,146136,390,378,812,2.2555555555555555,144466,145414,146046,146226,0,0.0,False,False
608,114_00352,114,352,360.0,144946,145324,146136,146528,378,812,392,1.0888888888888888,144856,146226,146438,146618,0,0.0,False,False
609,114_00353,114,353,360.0,145324,146136,146528,146925,812,392,397,1.1027777777777779,145234,146618,146835,147015,0,0.0,False,False
610,114_00354,114,354,360.0,146136,146528,146925,147292,392,397,367,1.0194444444444444,146046,147015,147202,147382,0,0.0,False,False
611,114_00355,114,355,360.0,146528,146925,147292,148102,397,367,810,2.25,146438,147382,148012,148192,0,0.0,False,False
612,114_00356,114,356,360.0,146925,147292,148102,148496,367,810,394,1.0944444444444446,146835,148192,148406,148586,0,0.0,False,False
613,114_00357,114,357,360.0,147292,148102,148496,148878,810,394,382,1.0611111111111111,147202,148586,148788,148968,0,0.0,False,False
614,114_00358,114,358,360.0,148102,148496,148878,149259,394,382,381,1.0583333333333333,148012,148968,149169,149349,0,0.0,False,False
615,114_00359,114,359,360.0,148496,148878,149259,150041,382,381,782,2.172222222222222,148406,149349,149951,150131,0,0.0,False,False
616,114_00360,114,360,360.0,148878,149259,150041,150454,381,782,413,1.1472222222222221,148788,150131,150364,150544,0,0.0,False,False
617,114_00361,114,361,360.0,149259,150041,150454,150830,782,413,376,1.0444444444444445,149169,150544,150740,150920,0,0.0,False,False
618,114_00362,114,362,360.0,150041,150454,150830,151208,413,376,378,1.05,149951,150920,151118,151298,0,0.0,False,False
619,114_00363,114,363,360.0,150454,150830,151208,151577,376,378,369,1.025,150364,151298,151487,151667,0,0.0,False,False
620,114_00364,114,364,360.0,150830,151208,151577,151964,378,369,387,1.075,150740,151667,151874,152054,0,0.0,False,False
621,114_00365,114,365,360.0,151208,151577,151964,152357,369,387,393,1.0916666666666666,151118,152054,152267,152447,0,0.0,False,False
622,114_00366,114,366,360.0,151577,151964,152357,152743,387,393,386,1.0722222222222222,151487,152447,152653,152833,0,0.0,False,False
623,114_00367,114,367,360.0,151964,152357,152743,153113,393,386,370,1.0277777777777777,151874,152833,153023,153203,0,0.0,False,False
624,114_00368,114,368,360.0,152357,152743,153113,153494,386,370,381,1.0583333333333333,152267,153203,153404,153584,0,0.0,False,False
625,114_00369,114,369,360.0,152743,153113,153494,153866,370,381,372,1.0333333333333334,152653,153584,153776,153956,0,0.0,False,False
626,114_00370,114,370,360.0,153113,153494,153866,154258,381,372,392,1.0888888888888888,153023,153956,154168,154348,0,0.0,False,False
627,114_00371,114,371,360.0,153494,153866,154258,154658,372,392,400,1.1111111111111112,153404,154348,154568,154748,0,0.0,False,False
628,114_00372,114,372,360.0,153866,154258,154658,155412,392,400,754,2.0944444444444446,153776,154748,155322,155502,0,0.0,False,False
629,114_00373,114,373,360.0,154258,154658,155412,155789,400,754,377,1.0472222222222223,154168,155502,155699,155879,0,0.0,False,False
630,114_00374,114,374,360.0,154658,155412,155789,156160,754,377,371,1.0305555555555554,154568,155879,156070,156250,0,0.0,False,False
631,114_00375,114,375,360.0,155412,155789,156160,156558,377,371,398,1.1055555555555556,155322,156250,156468,156648,0,0.0,False,False
632,114_00376,114,376,360.0,155789,156160,156558,156946,371,398,388,1.0777777777777777,155699,156648,156856,157036,0,0.0,False,False
633,114_00377,114,377,360.0,156160,156558,156946,157328,398,388,382,1.0611111111111111,156070,157036,157238,157418,0,0.0,False,False
634,114_00378,114,378,360.0,156558,156946,157328,157701,388,382,373,1.0361111111111112,156468,157418,157611,157791,0,0.0,False,False
635,114_00379,114,379,360.0,156946,157328,157701,158079,382,373,378,1.05,156856,157791,157989,158169,0,0.0,False,False
636,114_00380,114,380,360.0,157328,157701,158079,158479,373,378,400,1.1111111111111112,157238,158169,158389,158569,0,0.0,False,False
637,114_00381,114,381,360.0,157701,158079,158479,158886,378,400,407,1.1305555555555555,157611,158569,158796,158976,0,0.0,False,False
638,114_00382,114,382,360.0,158079,158479,158886,159270,400,407,384,1.0666666666666667,157989,158976,159180,159360,0,0.0,False,False
639,114_00383,114,383,360.0,158479,158886,159270,159666,407,384,396,1.1,158389,159360,159576,159756,0,0.0,False,False
640,114_00384,114,384,360.0,158886,159270,159666,160048,384,396,382,1.0611111111111111,158796,159756,159958,160138,0,0.0,False,False
641,114_00385,114,385,360.0,159270,159666,160048,160847,396,382,799,2.2194444444444446,159180,160138,160757,160937,0,0.0,False,False
642,114_00386,114,386,360.0,159666,160048,160847,161261,382,799,414,1.15,159576,160937,161171,161351,0,0.0,False,False
643,114_00387,114,387,360.0,160048,160847,161261,161669,799,414,408,1.1333333333333333,159958,161351,161579,161759,0,0.0,False,False
644,114_00388,114,388,360.0,160847,161261,161669,162059,414,408,390,1.0833333333333333,160757,161759,161969,162149,0,0.0,False,False
645,114_00389,114,389,360.0,161261,161669,162059,162454,408,390,395,1.0972222222222223,161171,162149,162364,162544,0,0.0,False,False
646,114_00390,114,390,360.0,161669,162059,162454,162878,390,395,424,1.1777777777777778,161579,162544,162788,162968,0,0.0,False,False
647,114_00391,114,391,360.0,162059,162454,162878,163299,395,424,421,1.1694444444444445,161969,162968,163209,163389,0,0.0,False,False
648,114_00392,114,392,360.0,162454,162878,163299,163705,424,421,406,1.1277777777777778,162364,163389,163615,163795,0,0.0,False,False
649,114_00393,114,393,360.0,162878,163299,163705,164106,421,406,401,1.113888888888889,162788,163795,164016,164196,0,0.0,False,False
650,114_00394,114,394,360.0,163299,163705,164106,164923,406,401,817,2.2694444444444444,163209,164196,164833,165013,0,0.0,False,False
651,114_00395,114,395,360.0,163705,164106,164923,165348,401,817,425,1.1805555555555556,163615,165013,165258,165438,0,0.0,False,False
652,114_00396,114,396,360.0,164106,164923,165348,165749,817,425,401,1.113888888888889,164016,165438,165659,165839,0,0.0,False,False
653,114_00397,114,397,360.0,164923,165348,165749,166152,425,401,403,1.1194444444444445,164833,165839,166062,166242,0,0.0,False,False
654,114_00398,114,398,360.0,165348,165749,166152,166542,401,403,390,1.0833333333333333,165258,166242,166452,166632,0,0.0,False,False
655,114_00399,114,399,360.0,165749,166152,166542,166935,403,390,393,1.0916666666666666,165659,166632,166845,167025,0,0.0,False,False
656,114_00400,114,400,360.0,166152,166542,166935,167364,390,393,429,1.1916666666666667,166062,167025,167274,167454,0,0.0,False,False
657,114_00401,114,401,360.0,166542,166935,167364,167761,393,429,397,1.1027777777777779,166452,167454,167671,167851,0,0.0,False,False
658,114_00402,114,402,360.0,166935,167364,167761,168157,429,397,396,1.1,166845,167851,168067,168247,0,0.0,False,False
659,114_00403,114,403,360.0,167364,167761,168157,168559,397,396,402,1.1166666666666667,167274,168247,168469,168649,0,0.0,False,False
660,114_00404,114,404,360.0,167761,168157,168559,169361,396,402,802,2.227777777777778,167671,168649,169271,169451,0,0.0,False,False
661,114_00405,114,405,360.0,168157,168559,169361,169770,402,802,409,1.136111111111111,168067,169451,169680,169860,0,0.0,False,False
662,114_00406,114,406,360.0,168559,169361,169770,170161,802,409,391,1.086111111111111,168469,169860,170071,170251,0,0.0,False,False
663,114_00407,114,407,360.0,169361,169770,170161,170551,409,391,390,1.0833333333333333,169271,170251,170461,170641,0,0.0,False,False
664,114_00408,114,408,360.0,169770,170161,170551,170929,391,390,378,1.05,169680,170641,170839,171019,0,0.0,False,False
665,114_00409,114,409,360.0,170161,170551,170929,171737,390,378,808,2.2444444444444445,170071,171019,171647,171827,0,0.0,False,False
666,114_00410,114,410,360.0,170551,170929,171737,172124,378,808,387,1.075,170461,171827,172034,172214,0,0.0,False,False
667,114_00411,114,411,360.0,170929,171737,172124,172516,808,387,392,1.0888888888888888,170839,172214,172426,172606,0,0.0,False,False
668,114_00412,114,412,360.0,171737,172124,172516,172893,387,392,377,1.0472222222222223,171647,172606,172803,172983,0,0.0,False,False
669,114_00413,114,413,360.0,172124,172516,172893,173270,392,377,377,1.0472222222222223,172034,172983,173180,173360,0,0.0,False,False
670,114_00414,114,414,360.0,172516,172893,173270,173670,377,377,400,1.1111111111111112,172426,173360,173580,173760,0,0.0,False,False
671,114_00415,114,415,360.0,172893,173270,173670,174082,377,400,412,1.1444444444444444,172803,173760,173992,174172,0,0.0,False,False
672,114_00416,114,416,360.0,173270,173670,174082,174465,400,412,383,1.0638888888888889,173180,174172,174375,174555,0,0.0,False,False
673,114_00417,114,417,360.0,173670,174082,174465,174846,412,383,381,1.0583333333333333,173580,174555,174756,174936,0,0.0,False,False
674,114_00418,114,418,360.0,174082,174465,174846,175240,383,381,394,1.0944444444444446,173992,174936,175150,175330,0,0.0,False,False
675,114_00419,114,419,360.0,174465,174846,175240,175635,381,394,395,1.0972222222222223,174375,175330,175545,175725,0,0.0,False,False
676,114_00420,114,420,360.0,174846,175240,175635,176048,394,395,413,1.1472222222222221,174756,175725,175958,176138,0,0.0,False,False
677,114_00421,114,421,360.0,175240,175635,176048,176454,395,413,406,1.1277777777777778,175150,176138,176364,176544,0,0.0,False,False
678,114_00422,114,422,360.0,175635,176048,176454,176851,413,406,397,1.1027777777777779,175545,176544,176761,176941,0,0.0,False,False
679,114_00423,114,423,360.0,176048,176454,176851,177633,406,397,782,2.172222222222222,175958,176941,177543,177723,0,0.0,False,False
680,114_00424,114,424,360.0,176454,176851,177633,178060,397,782,427,1.1861111111111111,176364,177723,177970,178150,0,0.0,False,False
681,114_00425,114,425,360.0,176851,177633,178060,178483,782,427,423,1.175,176761,178150,178393,178573,0,0.0,False,False
682,114_00426,114,426,360.0,177633,178060,178483,178871,427,423,388,1.0777777777777777,177543,178573,178781,178961,0,0.0,False,False
683,114_00427,114,427,360.0,178060,178483,178871,179637,423,388,766,2.1277777777777778,177970,178961,179547,179727,0,0.0,False,False
684,114_00428,114,428,360.0,178483,178871,179637,180054,388,766,417,1.1583333333333334,178393,179727,179964,180144,0,0.0,False,False
685,114_00429,114,429,360.0,178871,179637,180054,180461,766,417,407,1.1305555555555555,178781,180144,180371,180551,0,0.0,False,False
686,114_00430,114,430,360.0,179637,180054,180461,180835,417,407,374,1.038888888888889,179547,180551,180745,180925,0,0.0,False,False
687,114_00431,114,431,360.0,180054,180461,180835,181230,407,374,395,1.0972222222222223,179964,180925,181140,181320,0,0.0,False,False
688,114_00432,114,432,360.0,180461,180835,181230,181604,374,395,374,1.038888888888889,180371,181320,181514,181694,0,0.0,False,False
689,114_00433,114,433,360.0,180835,181230,181604,181992,395,374,388,1.0777777777777777,180745,181694,181902,182082,0,0.0,False,False
690,114_00434,114,434,360.0,181230,181604,181992,182387,374,388,395,1.0972222222222223,181140,182082,182297,182477,0,0.0,False,False
691,114_00435,114,435,360.0,181604,181992,182387,182792,388,395,405,1.125,181514,182477,182702,182882,0,0.0,False,False
692,114_00436,114,436,360.0,181992,182387,182792,183170,395,405,378,1.05,181902,182882,183080,183260,0,0.0,False,False
693,114_00437,114,437,360.0,182387,182792,183170,183904,405,378,734,2.0388888888888888,182297,183260,183814,183994,0,0.0,False,False
694,114_00438,114,438,360.0,182792,183170,183904,184305,378,734,401,1.113888888888889,182702,183994,184215,184395,0,0.0,False,False
695,114_00439,114,439,360.0,183170,183904,184305,184702,734,401,397,1.1027777777777779,183080,184395,184612,184792,0,0.0,False,False
696,114_00440,114,440,360.0,183904,184305,184702,185091,401,397,389,1.0805555555555555,183814,184792,185001,185181,0,0.0,False,False
697,114_00441,114,441,360.0,184305,184702,185091,185841,397,389,750,2.0833333333333335,184215,185181,185751,185931,0,0.0,False,False
698,114_00442,114,442,360.0,184702,185091,185841,186594,389,750,753,2.091666666666667,184612,185931,186504,186684,0,0.0,False,False
699,114_00443,114,443,360.0,185091,185841,186594,186990,750,753,396,1.1,185001,186684,186900,187080,0,0.0,False,False
700,114_00444,114,444,360.0,185841,186594,186990,187367,753,396,377,1.0472222222222223,185751,187080,187277,187457,0,0.0,False,False
701,114_00445,114,445,360.0,186594,186990,187367,187734,396,377,367,1.0194444444444444,186504,187457,187644,187824,0,0.0,False,False
702,114_00446,114,446,360.0,186990,187367,187734,188098,377,367,364,1.011111111111111,186900,187824,188008,188188,0,0.0,False,False
703,114_00447,114,447,360.0,187367,187734,188098,188463,367,364,365,1.0138888888888888,187277,188188,188373,188553,0,0.0,False,False
704,114_00448,114,448,360.0,187734,188098,188463,188860,364,365,397,1.1027777777777779,187644,188553,188770,188950,0,0.0,False,False
705,114_00449,114,449,360.0,188098,188463,188860,189250,365,397,390,1.0833333333333333,188008,188950,189160,189340,0,0.0,False,False
706,114_00450,114,450,360.0,188463,188860,189250,189638,397,390,388,1.0777777777777777,188373,189340,189548,189728,0,0.0,False,False
707,114_00451,114,451,360.0,188860,189250,189638,190016,390,388,378,1.05,188770,189728,189926,190106,0,0.0,False,False
708,114_00452,114,452,360.0,189250,189638,190016,190379,388,378,363,1.0083333333333333,189160,190106,190289,190469,0,0.0,False,False
709,114_00453,114,453,360.0,189638,190016,190379,190785,378,363,406,1.1277777777777778,189548,190469,190695,190875,0,0.0,False,False
710,114_00454,114,454,360.0,190016,190379,190785,191190,363,406,405,1.125,189926,190875,191100,191280,0,0.0,False,False
711,114_00455,114,455,360.0,190379,190785,191190,191579,406,405,389,1.0805555555555555,190289,191280,191489,191669,0,0.0,False,False
712,114_00456,114,456,360.0,190785,191190,191579,191973,405,389,394,1.0944444444444446,190695,191669,191883,192063,0,0.0,False,False
713,114_00457,114,457,360.0,191190,191579,191973,192351,389,394,378,1.05,191100,192063,192261,192441,0,0.0,False,False
714,114_00458,114,458,360.0,191579,191973,192351,192718,394,378,367,1.0194444444444444,191489,192441,192628,192808,0,0.0,False,False
715,114_00459,114,459,360.0,191973,192351,192718,193133,378,367,415,1.1527777777777777,191883,192808,193043,193223,0,0.0,False,False
716,114_00460,114,460,360.0,192351,192718,193133,193916,367,415,783,2.175,192261,193223,193826,194006,0,0.0,False,False
717,114_00461,114,461,360.0,192718,193133,193916,194303,415,783,387,1.075,192628,194006,194213,194393,0,0.0,False,False
718,114_00462,114,462,360.0,193133,193916,194303,194667,783,387,364,1.011111111111111,193043,194393,194577,194757,0,0.0,False,False
719,114_00463,114,463,360.0,193916,194303,194667,195057,387,364,390,1.0833333333333333,193826,194757,194967,195147,0,0.0,False,False
720,114_00464,114,464,360.0,194303,194667,195057,195463,364,390,406,1.1277777777777778,194213,195147,195373,195553,0,0.0,False,False
721,114_00465,114,465,360.0,194667,195057,195463,195825,390,406,362,1.0055555555555555,194577,195553,195735,195915,0,0.0,False,False
722,114_00466,114,466,360.0,195057,195463,195825,196242,406,362,417,1.1583333333333334,194967,195915,196152,196332,0,0.0,False,False
723,114_00467,114,467,360.0,195463,195825,196242,196628,362,417,386,1.0722222222222222,195373,196332,196538,196718,0,0.0,False,False
724,114_00468,114,468,360.0,195825,196242,196628,196998,417,386,370,1.0277777777777777,195735,196718,196908,197088,0,0.0,False,False
725,114_00469,114,469,360.0,196242,196628,196998,197415,386,370,417,1.1583333333333334,196152,197088,197325,197505,0,0.0,False,False
726,114_00470,114,470,360.0,196628,196998,197415,197826,370,417,411,1.1416666666666666,196538,197505,197736,197916,0,0.0,False,False
727,114_00471,114,471,360.0,196998,197415,197826,198214,417,411,388,1.0777777777777777,196908,197916,198124,198304,0,0.0,False,False
728,114_00472,114,472,360.0,197415,197826,198214,198614,411,388,400,1.1111111111111112,197325,198304,198524,198704,0,0.0,False,False
729,114_00473,114,473,360.0,197826,198214,198614,198993,388,400,379,1.0527777777777778,197736,198704,198903,199083,0,0.0,False,False
730,114_00474,114,474,360.0,198214,198614,198993,199389,400,379,396,1.1,198124,199083,199299,199479,0,0.0,False,False
731,114_00475,114,475,360.0,198614,198993,199389,199802,379,396,413,1.1472222222222221,198524,199479,199712,199892,0,0.0,False,False
732,114_00476,114,476,360.0,198993,199389,199802,200582,396,413,780,2.1666666666666665,198903,199892,200492,200672,0,0.0,False,False
733,114_00477,114,477,360.0,199389,199802,200582,200973,413,780,391,1.086111111111111,199299,200672,200883,201063,0,0.0,False,False
734,114_00478,114,478,360.0,199802,200582,200973,201344,780,391,371,1.0305555555555554,199712,201063,201254,201434,0,0.0,False,False
735,114_00479,114,479,360.0,200582,200973,201344,201753,391,371,409,1.136111111111111,200492,201434,201663,201843,0,0.0,False,False
736,114_00480,114,480,360.0,200973,201344,201753,202152,371,409,399,1.1083333333333334,200883,201843,202062,202242,0,0.0,False,False
737,114_00481,114,481,360.0,201344,201753,202152,202538,409,399,386,1.0722222222222222,201254,202242,202448,202628,0,0.0,False,False
738,114_00482,114,482,360.0,201753,202152,202538,202915,399,386,377,1.0472222222222223,201663,202628,202825,203005,0,0.0,False,False
739,114_00483,114,483,360.0,202152,202538,202915,203671,386,377,756,2.1,202062,203005,203581,203761,0,0.0,False,False
740,114_00484,114,484,360.0,202538,202915,203671,204085,377,756,414,1.15,202448,203761,203995,204175,0,0.0,False,False
741,114_00485,114,485,360.0,202915,203671,204085,204481,756,414,396,1.1,202825,204175,204391,204571,0,0.0,False,False
742,114_00486,114,486,360.0,203671,204085,204481,204866,414,396,385,1.0694444444444444,203581,204571,204776,204956,0,0.0,False,False
743,114_00487,114,487,360.0,204085,204481,204866,205596,396,385,730,2.0277777777777777,203995,204956,205506,205686,0,0.0,False,False
744,114_00488,114,488,360.0,204481,204866,205596,205998,385,730,402,1.1166666666666667,204391,205686,205908,206088,0,0.0,False,False
745,114_00489,114,489,360.0,204866,205596,205998,206385,730,402,387,1.075,204776,206088,206295,206475,0,0.0,False,False
746,114_00490,114,490,360.0,205596,205998,206385,206762,402,387,377,1.0472222222222223,205506,206475,206672,206852,0,0.0,False,False
747,114_00491,114,491,360.0,205998,206385,206762,207120,387,377,358,0.9944444444444445,205908,206852,207030,207210,0,0.0,False,False
748,114_00492,114,492,360.0,206385,206762,207120,207482,377,358,362,1.0055555555555555,206295,207210,207392,207572,0,0.0,False,False
749,114_00493,114,493,360.0,206762,207120,207482,207842,358,362,360,1.0,206672,207572,207752,207932,0,0.0,False,False
750,114_00494,114,494,360.0,207120,207482,207842,208207,362,360,365,1.0138888888888888,207030,207932,208117,208297,0,0.0,False,False
751,114_00495,114,495,360.0,207482,207842,208207,208584,360,365,377,1.0472222222222223,207392,208297,208494,208674,0,0.0,False,False
752,114_00496,114,496,360.0,207842,208207,208584,208946,365,377,362,1.0055555555555555,207752,208674,208856,209036,0,0.0,False,False
753,114_00497,114,497,360.0,208207,208584,208946,209305,377,362,359,0.9972222222222222,208117,209036,209215,209395,0,0.0,False,False
754,114_00498,114,498,360.0,208584,208946,209305,209656,362,359,351,0.975,208494,209395,209566,209746,0,0.0,False,False
755,114_00499,114,499,360.0,208946,209305,209656,210003,359,351,347,0.9638888888888889,208856,209746,209913,210093,0,0.0,False,False
756,114_00500,114,500,360.0,209305,209656,210003,210371,351,347,368,1.0222222222222221,209215,210093,210281,210461,0,0.0,False,False
757,114_00501,114,501,360.0,209656,210003,210371,210723,347,368,352,0.9777777777777777,209566,210461,210633,210813,0,0.0,False,False
758,114_00502,114,502,360.0,210003,210371,210723,211088,368,352,365,1.0138888888888888,209913,210813,210998,211178,0,0.0,False,False
759,114_00503,114,503,360.0,210371,210723,211088,211436,352,365,348,0.9666666666666667,210281,211178,211346,211526,0,0.0,False,False
760,114_00504,114,504,360.0,210723,211088,211436,211779,365,348,343,0.9527777777777777,210633,211526,211689,211869,0,0.0,False,False
761,114_00505,114,505,360.0,211088,211436,211779,212126,348,343,347,0.9638888888888889,210998,211869,212036,212216,0,0.0,False,False
762,114_00506,114,506,360.0,211436,211779,212126,212496,343,347,370,1.0277777777777777,211346,212216,212406,212586,0,0.0,False,False
763,114_00507,114,507,360.0,211779,212126,212496,212867,347,370,371,1.0305555555555554,211689,212586,212777,212957,0,0.0,False,False
764,114_00508,114,508,360.0,212126,212496,212867,213220,370,371,353,0.9805555555555555,212036,212957,213130,213310,0,0.0,False,False
765,114_00509,114,509,360.0,212496,212867,213220,213571,371,353,351,0.975,212406,213310,213481,213661,0,0.0,False,False
766,114_00510,114,510,360.0,212867,213220,213571,213906,353,351,335,0.9305555555555556,212777,213661,213816,213996,0,0.0,False,False
767,114_00511,114,511,360.0,213220,213571,213906,214256,351,335,350,0.9722222222222222,213130,213996,214166,214346,0,0.0,False,False
768,114_00512,114,512,360.0,213571,213906,214256,214615,335,350,359,0.9972222222222222,213481,214346,214525,214705,0,0.0,False,False
769,114_00513,114,513,360.0,213906,214256,214615,214974,350,359,359,0.9972222222222222,213816,214705,214884,215064,0,0.0,False,False
770,114_00514,114,514,360.0,214256,214615,214974,215327,359,359,353,0.9805555555555555,214166,215064,215237,215417,0,0.0,False,False
771,114_00515,114,515,360.0,214615,214974,215327,215682,359,353,355,0.9861111111111112,214525,215417,215592,215772,0,0.0,False,False
772,114_00516,114,516,360.0,214974,215327,215682,216019,353,355,337,0.9361111111111111,214884,215772,215929,216109,0,0.0,False,False
773,114_00517,114,517,360.0,215327,215682,216019,216353,355,337,334,0.9277777777777778,215237,216109,216263,216443,0,0.0,False,False
774,114_00518,114,518,360.0,215682,216019,216353,216697,337,334,344,0.9555555555555556,215592,216443,216607,216787,0,0.0,False,False
775,114_00519,114,519,360.0,216019,216353,216697,217059,334,344,362,1.0055555555555555,215929,216787,216969,217149,0,0.0,False,False
776,114_00520,114,520,360.0,216353,216697,217059,217404,344,362,345,0.9583333333333334,216263,217149,217314,217494,0,0.0,False,False
777,114_00521,114,521,360.0,216697,217059,217404,217735,362,345,331,0.9194444444444444,216607,217494,217645,217825,0,0.0,False,False
778,114_00522,114,522,360.0,217059,217404,217735,218071,345,331,336,0.9333333333333333,216969,217825,217981,218161,0,0.0,False,False
779,114_00523,114,523,360.0,217404,217735,218071,218394,331,336,323,0.8972222222222223,217314,218161,218304,218484,0,0.0,False,False
780,114_00524,114,524,360.0,217735,218071,218394,218736,336,323,342,0.95,217645,218484,218646,218826,0,0.0,False,False
781,114_00525,114,525,360.0,218071,218394,218736,219084,323,342,348,0.9666666666666667,217981,218826,218994,219174,0,0.0,False,False
782,114_00526,114,526,360.0,218394,218736,219084,219422,342,348,338,0.9388888888888889,218304,219174,219332,219512,0,0.0,False,False
783,114_00527,114,527,360.0,218736,219084,219422,219752,348,338,330,0.9166666666666666,218646,219512,219662,219842,0,0.0,False,False
784,114_00528,114,528,360.0,219084,219422,219752,220089,338,330,337,0.9361111111111111,218994,219842,219999,220179,0,0.0,False,False
785,114_00529,114,529,360.0,219422,219752,220089,220415,330,337,326,0.9055555555555556,219332,220179,220325,220505,0,0.0,False,False
786,114_00530,114,530,360.0,219752,220089,220415,220729,337,326,314,0.8722222222222222,219662,220505,220639,220819,0,0.0,False,False
787,114_00531,114,531,360.0,220089,220415,220729,221089,326,314,360,1.0,219999,220819,220999,221179,0,0.0,False,False
788,114_00532,114,532,360.0,220415,220729,221089,221435,314,360,346,0.9611111111111111,220325,221179,221345,221525,0,0.0,False,False
789,114_00533,114,533,360.0,220729,221089,221435,221769,360,346,334,0.9277777777777778,220639,221525,221679,221859,0,0.0,False,False
790,114_00534,114,534,360.0,221089,221435,221769,222110,346,334,341,0.9472222222222222,220999,221859,222020,222200,0,0.0,False,False
791,114_00535,114,535,360.0,221435,221769,222110,222439,334,341,329,0.9138888888888889,221345,222200,222349,222529,0,0.0,False,False
792,114_00536,114,536,360.0,221769,222110,222439,222758,341,329,319,0.8861111111111111,221679,222529,222668,222848,0,0.0,False,False
793,114_00537,114,537,360.0,222110,222439,222758,223105,329,319,347,0.9638888888888889,222020,222848,223015,223195,0,0.0,False,False
794,114_00538,114,538,360.0,222439,222758,223105,223462,319,347,357,0.9916666666666667,222349,223195,223372,223552,0,0.0,False,False
795,114_00539,114,539,360.0,222758,223105,223462,223803,347,357,341,0.9472222222222222,222668,223552,223713,223893,0,0.0,False,False
796,114_00540,114,540,360.0,223105,223462,223803,224129,357,341,326,0.9055555555555556,223015,223893,224039,224219,0,0.0,False,False
797,114_00541,114,541,360.0,223462,223803,224129,224461,341,326,332,0.9222222222222223,223372,224219,224371,224551,0,0.0,False,False
798,114_00542,114,542,360.0,223803,224129,224461,224792,326,332,331,0.9194444444444444,223713,224551,224702,224882,0,0.0,False,False
799,114_00543,114,543,360.0,224129,224461,224792,225105,332,331,313,0.8694444444444445,224039,224882,225015,225195,0,0.0,False,False
800,114_00544,114,544,360.0,224461,224792,225105,225467,331,313,362,1.0055555555555555,224371,225195,225377,225557,0,0.0,False,False
801,114_00545,114,545,360.0,224792,225105,225467,225806,313,362,339,0.9416666666666667,224702,225557,225716,225896,0,0.0,False,False
802,114_00546,114,546,360.0,225105,225467,225806,226130,362,339,324,0.9,225015,225896,226040,226220,0,0.0,False,False
803,114_00547,114,547,360.0,225467,225806,226130,226460,339,324,330,0.9166666666666666,225377,226220,226370,226550,0,0.0,False,False
804,114_00548,114,548,360.0,225806,226130,226460,226754,324,330,294,0.8166666666666667,225716,226550,226664,226844,0,0.0,False,False
805,114_00549,114,549,360.0,226130,226460,226754,227088,330,294,334,0.9277777777777778,226040,226844,226998,227178,0,0.0,False,False
806,114_00550,114,550,360.0,226460,226754,227088,227415,294,334,327,0.9083333333333333,226370,227178,227325,227505,0,0.0,False,False
807,114_00551,114,551,360.0,226754,227088,227415,227765,334,327,350,0.9722222222222222,226664,227505,227675,227855,0,0.0,False,False
808,114_00552,114,552,360.0,227088,227415,227765,228104,327,350,339,0.9416666666666667,226998,227855,228014,228194,0,0.0,False,False
809,114_00553,114,553,360.0,227415,227765,228104,228421,350,339,317,0.8805555555555555,227325,228194,228331,228511,0,0.0,False,False
810,114_00554,114,554,360.0,227765,228104,228421,228744,339,317,323,0.8972222222222223,227675,228511,228654,228834,0,0.0,False,False
811,114_00555,114,555,360.0,228104,228421,228744,229072,317,323,328,0.9111111111111111,228014,228834,228982,229162,0,0.0,False,False
812,114_00556,114,556,360.0,228421,228744,229072,229385,323,328,313,0.8694444444444445,228331,229162,229295,229475,0,0.0,False,False
813,114_00557,114,557,360.0,228744,229072,229385,229722,328,313,337,0.9361111111111111,228654,229475,229632,229812,0,0.0,False,False
814,114_00558,114,558,360.0,229072,229385,229722,230074,313,337,352,0.9777777777777777,228982,229812,229984,230164,0,0.0,False,False
815,114_00559,114,559,360.0,229385,229722,230074,230401,337,352,327,0.9083333333333333,229295,230164,230311,230491,0,0.0,False,False
816,114_00560,114,560,360.0,229722,230074,230401,230731,352,327,330,0.9166666666666666,229632,230491,230641,230821,0,0.0,False,False
817,114_00561,114,561,360.0,230074,230401,230731,231056,327,330,325,0.9027777777777778,229984,230821,230966,231146,0,0.0,False,False
818,114_00562,114,562,360.0,230401,230731,231056,231385,330,325,329,0.9138888888888889,230311,231146,231295,231475,0,0.0,False,False
819,114_00563,114,563,360.0,230731,231056,231385,231723,325,329,338,0.9388888888888889,230641,231475,231633,231813,0,0.0,False,False
820,114_00564,114,564,360.0,231056,231385,231723,232068,329,338,345,0.9583333333333334,230966,231813,231978,232158,0,0.0,False,False
821,114_00565,114,565,360.0,231385,231723,232068,232422,338,345,354,0.9833333333333333,231295,232158,232332,232512,0,0.0,False,False
822,114_00566,114,566,360.0,231723,232068,232422,232755,345,354,333,0.925,231633,232512,232665,232845,0,0.0,False,False
823,114_00567,114,567,360.0,232068,232422,232755,233083,354,333,328,0.9111111111111111,231978,232845,232993,233173,0,0.0,False,False
824,114_00568,114,568,360.0,232422,232755,233083,233415,333,328,332,0.9222222222222223,232332,233173,233325,233505,0,0.0,False,False
825,114_00569,114,569,360.0,232755,233083,233415,233751,328,332,336,0.9333333333333333,232665,233505,233661,233841,0,0.0,False,False
826,114_00570,114,570,360.0,233083,233415,233751,234098,332,336,347,0.9638888888888889,232993,233841,234008,234188,0,0.0,False,False
827,114_00571,114,571,360.0,233415,233751,234098,234457,336,347,359,0.9972222222222222,233325,234188,234367,234547,0,0.0,False,False
828,114_00572,114,572,360.0,233751,234098,234457,234797,347,359,340,0.9444444444444444,233661,234547,234707,234887,0,0.0,False,False
829,114_00573,114,573,360.0,234098,234457,234797,235141,359,340,344,0.9555555555555556,234008,234887,235051,235231,0,0.0,False,False
830,114_00574,114,574,360.0,234457,234797,235141,235472,340,344,331,0.9194444444444444,234367,235231,235382,235562,0,0.0,False,False
831,114_00575,114,575,360.0,234797,235141,235472,235804,344,331,332,0.9222222222222223,234707,235562,235714,235894,0,0.0,False,False
832,114_00576,114,576,360.0,235141,235472,235804,236174,331,332,370,1.0277777777777777,235051,235894,236084,236264,0,0.0,False,False
833,114_00577,114,577,360.0,235472,235804,236174,236541,332,370,367,1.0194444444444444,235382,236264,236451,236631,0,0.0,False,False
834,114_00578,114,578,360.0,235804,236174,236541,236910,370,367,369,1.025,235714,236631,236820,237000,0,0.0,False,False
835,114_00579,114,579,360.0,236174,236541,236910,237261,367,369,351,0.975,236084,237000,237171,237351,0,0.0,False,False
836,114_00580,114,580,360.0,236541,236910,237261,237615,369,351,354,0.9833333333333333,236451,237351,237525,237705,0,0.0,False,False
837,114_00581,114,581,360.0,236910,237261,237615,237949,351,354,334,0.9277777777777778,236820,237705,237859,238039,0,0.0,False,False
838,114_00582,114,582,360.0,237261,237615,237949,238338,354,334,389,1.0805555555555555,237171,238039,238248,238428,0,0.0,False,False
839,114_00583,114,583,360.0,237615,237949,238338,238704,334,389,366,1.0166666666666666,237525,238428,238614,238794,0,0.0,False,False
840,114_00584,114,584,360.0,237949,238338,238704,239068,389,366,364,1.011111111111111,237859,238794,238978,239158,0,0.0,False,False
841,114_00585,114,585,360.0,238338,238704,239068,239428,366,364,360,1.0,238248,239158,239338,239518,0,0.0,False,False
842,114_00586,114,586,360.0,238704,239068,239428,239769,364,360,341,0.9472222222222222,238614,239518,239679,239859,0,0.0,False,False
843,114_00587,114,587,360.0,239068,239428,239769,240107,360,341,338,0.9388888888888889,238978,239859,240017,240197,0,0.0,False,False
844,114_00588,114,588,360.0,239428,239769,240107,240479,341,338,372,1.0333333333333334,239338,240197,240389,240569,0,0.0,False,False
845,114_00589,114,589,360.0,239769,240107,240479,240843,338,372,364,1.011111111111111,239679,240569,240753,240933,0,0.0,False,False
846,114_00590,114,590,360.0,240107,240479,240843,241191,372,364,348,0.9666666666666667,240017,240933,241101,241281,0,0.0,False,False
847,114_00591,114,591,360.0,240479,240843,241191,241545,364,348,354,0.9833333333333333,240389,241281,241455,241635,0,0.0,False,False
848,114_00592,114,592,360.0,240843,241191,241545,241882,348,354,337,0.9361111111111111,240753,241635,241792,241972,0,0.0,False,False
849,114_00593,114,593,360.0,241191,241545,241882,242210,354,337,328,0.9111111111111111,241101,241972,242120,242300,0,0.0,False,False
850,114_00594,114,594,360.0,241545,241882,242210,242586,337,328,376,1.0444444444444445,241455,242300,242496,242676,0,0.0,False,False
851,114_00595,114,595,360.0,241882,242210,242586,242948,328,376,362,1.0055555555555555,241792,242676,242858,243038,0,0.0,False,False
852,114_00596,114,596,360.0,242210,242586,242948,243306,376,362,358,0.9944444444444445,242120,243038,243216,243396,0,0.0,False,False
853,114_00597,114,597,360.0,242586,242948,243306,243661,362,358,355,0.9861111111111112,242496,243396,243571,243751,0,0.0,False,False
854,114_00598,114,598,360.0,242948,243306,243661,244010,358,355,349,0.9694444444444444,242858,243751,243920,244100,0,0.0,False,False
855,114_00599,114,599,360.0,243306,243661,244010,244351,355,349,341,0.9472222222222222,243216,244100,244261,244441,0,0.0,False,False
856,114_00600,114,600,360.0,243661,244010,244351,244720,349,341,369,1.025,243571,244441,244630,244810,0,0.0,False,False
857,114_00601,114,601,360.0,244010,244351,244720,245106,341,369,386,1.0722222222222222,243920,244810,245016,245196,0,0.0,False,False
858,114_00602,114,602,360.0,244351,244720,245106,245471,369,386,365,1.0138888888888888,244261,245196,245381,245561,0,0.0,False,False
859,114_00603,114,603,360.0,244720,245106,245471,245845,386,365,374,1.038888888888889,244630,245561,245755,245935,0,0.0,False,False
860,114_00604,114,604,360.0,245106,245471,245845,246201,365,374,356,0.9888888888888889,245016,245935,246111,246291,0,0.0,False,False
861,114_00605,114,605,360.0,245471,245845,246201,246548,374,356,347,0.9638888888888889,245381,246291,246458,246638,0,0.0,False,False
862,114_00606,114,606,360.0,245845,246201,246548,246937,356,347,389,1.0805555555555555,245755,246638,246847,247027,0,0.0,False,False
863,114_00607,114,607,360.0,246201,246548,246937,247325,347,389,388,1.0777777777777777,246111,247027,247235,247415,0,0.0,False,False
864,114_00608,114,608,360.0,246548,246937,247325,247684,389,388,359,0.9972222222222222,246458,247415,247594,247774,0,0.0,False,False
865,114_00609,114,609,360.0,246937,247325,247684,248067,388,359,383,1.0638888888888889,246847,247774,247977,248157,0,0.0,False,False
866,114_00610,114,610,360.0,247325,247684,248067,248426,359,383,359,0.9972222222222222,247235,248157,248336,248516,0,0.0,False,False
867,114_00611,114,611,360.0,247684,248067,248426,248776,383,359,350,0.9722222222222222,247594,248516,248686,248866,0,0.0,False,False
868,114_00612,114,612,360.0,248067,248426,248776,249158,359,350,382,1.0611111111111111,247977,248866,249068,249248,0,0.0,False,False
869,114_00613,114,613,360.0,248426,248776,249158,249541,350,382,383,1.0638888888888889,248336,249248,249451,249631,0,0.0,False,False
870,114_00614,114,614,360.0,248776,249158,249541,249899,382,383,358,0.9944444444444445,248686,249631,249809,249989,0,0.0,False,False
871,114_00615,114,615,360.0,249158,249541,249899,250269,383,358,370,1.0277777777777777,249068,249989,250179,250359,0,0.0,False,False
872,114_00616,114,616,360.0,249541,249899,250269,250621,358,370,352,0.9777777777777777,249451,250359,250531,250711,0,0.0,False,False
873,114_00617,114,617,360.0,249899,250269,250621,250965,370,352,344,0.9555555555555556,249809,250711,250875,251055,0,0.0,False,False
874,114_00618,114,618,360.0,250269,250621,250965,251340,352,344,375,1.0416666666666667,250179,251055,251250,251430,0,0.0,False,False
875,114_00619,114,619,360.0,250621,250965,251340,251716,344,375,376,1.0444444444444445,250531,251430,251626,251806,0,0.0,False,False
876,114_00620,114,620,360.0,250965,251340,251716,251975,375,376,259,0.7194444444444444,250875,251806,251885,252065,0,0.0,False,False
877,114_00621,114,621,360.0,251340,251716,251975,252154,376,259,179,0.49722222222222223,251250,252065,252064,252244,1,0.005555555555555556,True,False
878,114_00622,114,622,360.0,251716,251975,252154,252336,259,179,182,0.5055555555555555,251626,252244,252246,252426,0,0.0,False,False
879,114_00623,114,623,360.0,251975,252154,252336,252507,179,182,171,0.475,251885,252426,252417,252597,9,0.05,True,False
880,114_00624,114,624,360.0,252154,252336,252507,252791,182,171,284,0.7888888888888889,252064,252597,252701,252881,0,0.0,False,False
881,114_00625,114,625,360.0,252336,252507,252791,253286,171,284,495,1.375,252246,252881,253196,253376,0,0.0,False,False
882,114_00626,114,626,360.0,252507,252791,253286,253746,284,495,460,1.2777777777777777,252417,253376,253656,253836,0,0.0,False,False
883,114_00627,114,627,360.0,252791,253286,253746,254124,495,460,378,1.05,252701,253836,254034,254214,0,0.0,False,False
884,114_00628,114,628,360.0,253286,253746,254124,254485,460,378,361,1.0027777777777778,253196,254214,254395,254575,0,0.0,False,False
885,114_00629,114,629,360.0,253746,254124,254485,254848,378,361,363,1.0083333333333333,253656,254575,254758,254938,0,0.0,False,False
886,114_00630,114,630,360.0,254124,254485,254848,255189,361,363,341,0.9472222222222222,254034,254938,255099,255279,0,0.0,False,False
887,114_00631,114,631,360.0,254485,254848,255189,255558,363,341,369,1.025,254395,255279,255468,255648,0,0.0,False,False
888,114_00632,114,632,360.0,254848,255189,255558,255938,341,369,380,1.0555555555555556,254758,255648,255848,256028,0,0.0,False,False
889,114_00633,114,633,360.0,255189,255558,255938,256307,369,380,369,1.025,255099,256028,256217,256397,0,0.0,False,False
890,114_00634,114,634,360.0,255558,255938,256307,256671,380,369,364,1.011111111111111,255468,256397,256581,256761,0,0.0,False,False
891,114_00635,114,635,360.0,255938,256307,256671,257035,369,364,364,1.011111111111111,255848,256761,256945,257125,0,0.0,False,False
892,114_00636,114,636,360.0,256307,256671,257035,257379,364,364,344,0.9555555555555556,256217,257125,257289,257469,0,0.0,False,False
893,114_00637,114,637,360.0,256671,257035,257379,257770,364,344,391,1.086111111111111,256581,257469,257680,257860,0,0.0,False,False
894,114_00638,114,638,360.0,257035,257379,257770,258151,344,391,381,1.0583333333333333,256945,257860,258061,258241,0,0.0,False,False
895,114_00639,114,639,360.0,257379,257770,258151,258519,391,381,368,1.0222222222222221,257289,258241,258429,258609,0,0.0,False,False
896,114_00640,114,640,360.0,257770,258151,258519,258878,381,368,359,0.9972222222222222,257680,258609,258788,258968,0,0.0,False,False
897,114_00641,114,641,360.0,258151,258519,258878,259242,368,359,364,1.011111111111111,258061,258968,259152,259332,0,0.0,False,False
898,114_00642,114,642,360.0,258519,258878,259242,259591,359,364,349,0.9694444444444444,258429,259332,259501,259681,0,0.0,False,False
899,114_00643,114,643,360.0,258878,259242,259591,259968,364,349,377,1.0472222222222223,258788,259681,259878,260058,0,0.0,False,False
900,114_00644,114,644,360.0,259242,259591,259968,260351,349,377,383,1.0638888888888889,259152,260058,260261,260441,0,0.0,False,False
901,114_00645,114,645,360.0,259591,259968,260351,260722,377,383,371,1.0305555555555554,259501,260441,260632,260812,0,0.0,False,False
902,114_00646,114,646,360.0,259968,260351,260722,261082,383,371,360,1.0,259878,260812,260992,261172,0,0.0,False,False
903,114_00647,114,647,360.0,260351,260722,261082,261451,371,360,369,1.025,260261,261172,261361,261541,0,0.0,False,False
904,114_00648,114,648,360.0,260722,261082,261451,261812,360,369,361,1.0027777777777778,260632,261541,261722,261902,0,0.0,False,False
905,114_00649,114,649,360.0,261082,261451,261812,262198,369,361,386,1.0722222222222222,260992,261902,262108,262288,0,0.0,False,False
906,114_00650,114,650,360.0,261451,261812,262198,262587,361,386,389,1.0805555555555555,261361,262288,262497,262677,0,0.0,False,False
907,114_00651,114,651,360.0,261812,262198,262587,262966,386,389,379,1.0527777777777778,261722,262677,262876,263056,0,0.0,False,False
908,114_00652,114,652,360.0,262198,262587,262966,263333,389,379,367,1.0194444444444444,262108,263056,263243,263423,0,0.0,False,False
909,114_00653,114,653,360.0,262587,262966,263333,264093,379,367,760,2.111111111111111,262497,263423,264003,264183,0,0.0,False,False
910,114_00654,114,654,360.0,262966,263333,264093,264484,367,760,391,1.086111111111111,262876,264183,264394,264574,0,0.0,False,False
911,114_00655,114,655,360.0,263333,264093,264484,264870,760,391,386,1.0722222222222222,263243,264574,264780,264960,0,0.0,False,False
912,114_00656,114,656,360.0,264093,264484,264870,265244,391,386,374,1.038888888888889,264003,264960,265154,265334,0,0.0,False,False
913,114_00657,114,657,360.0,264484,264870,265244,265965,386,374,721,2.0027777777777778,264394,265334,265875,266055,0,0.0,False,False
914,114_00658,114,658,360.0,264870,265244,265965,266355,374,721,390,1.0833333333333333,264780,266055,266265,266445,0,0.0,False,False
915,114_00659,114,659,360.0,265244,265965,266355,266737,721,390,382,1.0611111111111111,265154,266445,266647,266827,0,0.0,False,False
916,114_00660,114,660,360.0,265965,266355,266737,267105,390,382,368,1.0222222222222221,265875,266827,267015,267195,0,0.0,False,False
917,114_00661,114,661,360.0,266355,266737,267105,267483,382,368,378,1.05,266265,267195,267393,267573,0,0.0,False,False
918,114_00662,114,662,360.0,266737,267105,267483,267844,368,378,361,1.0027777777777778,266647,267573,267754,267934,0,0.0,False,False
919,114_00663,114,663,360.0,267105,267483,267844,268211,378,361,367,1.0194444444444444,267015,267934,268121,268301,0,0.0,False,False
920,114_00664,114,664,360.0,267483,267844,268211,268999,361,367,788,2.188888888888889,267393,268301,268909,269089,0,0.0,False,False
921,114_00665,114,665,360.0,267844,268211,268999,269383,367,788,384,1.0666666666666667,267754,269089,269293,269473,0,0.0,False,False
922,114_00666,114,666,360.0,268211,268999,269383,269764,788,384,381,1.0583333333333333,268121,269473,269674,269854,0,0.0,False,False
923,114_00667,114,667,360.0,268999,269383,269764,270133,384,381,369,1.025,268909,269854,270043,270223,0,0.0,False,False
924,114_00668,114,668,360.0,269383,269764,270133,270517,381,369,384,1.0666666666666667,269293,270223,270427,270607,0,0.0,False,False
925,114_00669,114,669,360.0,269764,270133,270517,270916,369,384,399,1.1083333333333334,269674,270607,270826,271006,0,0.0,False,False
926,114_00670,114,670,360.0,270133,270517,270916,271681,384,399,765,2.125,270043,271006,271591,271771,0,0.0,False,False
927,114_00671,114,671,360.0,270517,270916,271681,272055,399,765,374,1.038888888888889,270427,271771,271965,272145,0,0.0,False,False
928,114_00672,114,672,360.0,270916,271681,272055,272412,765,374,357,0.9916666666666667,270826,272145,272322,272502,0,0.0,False,False
929,114_00673,114,673,360.0,271681,272055,272412,272803,374,357,391,1.086111111111111,271591,272502,272713,272893,0,0.0,False,False
930,114_00674,114,674,360.0,272055,272412,272803,273187,357,391,384,1.0666666666666667,271965,272893,273097,273277,0,0.0,False,False
931,114_00675,114,675,360.0,272412,272803,273187,273565,391,384,378,1.05,272322,273277,273475,273655,0,0.0,False,False
932,114_00676,114,676,360.0,272803,273187,273565,273932,384,378,367,1.0194444444444444,272713,273655,273842,274022,0,0.0,False,False
933,114_00677,114,677,360.0,273187,273565,273932,274293,378,367,361,1.0027777777777778,273097,274022,274203,274383,0,0.0,False,False
934,114_00678,114,678,360.0,273565,273932,274293,274624,367,361,331,0.9194444444444444,273475,274383,274534,274714,0,0.0,False,False
935,114_00679,114,679,360.0,273932,274293,274624,275002,361,331,378,1.05,273842,274714,274912,275092,0,0.0,False,False
936,114_00680,114,680,360.0,274293,274624,275002,275373,331,378,371,1.0305555555555554,274203,275092,275283,275463,0,0.0,False,False
937,114_00681,114,681,360.0,274624,275002,275373,275732,378,371,359,0.9972222222222222,274534,275463,275642,275822,0,0.0,False,False
938,114_00682,114,682,360.0,275002,275373,275732,276083,371,359,351,0.975,274912,275822,275993,276173,0,0.0,False,False
939,114_00683,114,683,360.0,275373,275732,276083,276423,359,351,340,0.9444444444444444,275283,276173,276333,276513,0,0.0,False,False
940,114_00684,114,684,360.0,275732,276083,276423,276747,351,340,324,0.9,275642,276513,276657,276837,0,0.0,False,False
941,114_00685,114,685,360.0,276083,276423,276747,277112,340,324,365,1.0138888888888888,275993,276837,277022,277202,0,0.0,False,False
942,114_00686,114,686,360.0,276423,276747,277112,277479,324,365,367,1.0194444444444444,276333,277202,277389,277569,0,0.0,False,False
943,114_00687,114,687,360.0,276747,277112,277479,277814,365,367,335,0.9305555555555556,276657,277569,277724,277904,0,0.0,False,False
944,114_00688,114,688,360.0,277112,277479,277814,278153,367,335,339,0.9416666666666667,277022,277904,278063,278243,0,0.0,False,False
945,114_00689,114,689,360.0,277479,277814,278153,278493,335,339,340,0.9444444444444444,277389,278243,278403,278583,0,0.0,False,False
946,114_00690,114,690,360.0,277814,278153,278493,278823,339,340,330,0.9166666666666666,277724,278583,278733,278913,0,0.0,False,False
947,114_00691,114,691,360.0,278153,278493,278823,279155,340,330,332,0.9222222222222223,278063,278913,279065,279245,0,0.0,False,False
948,114_00692,114,692,360.0,278493,278823,279155,279519,330,332,364,1.011111111111111,278403,279245,279429,279609,0,0.0,False,False
949,114_00693,114,693,360.0,278823,279155,279519,279873,332,364,354,0.9833333333333333,278733,279609,279783,279963,0,0.0,False,False
950,114_00694,114,694,360.0,279155,279519,279873,280219,364,354,346,0.9611111111111111,279065,279963,280129,280309,0,0.0,False,False
951,114_00695,114,695,360.0,279519,279873,280219,280555,354,346,336,0.9333333333333333,279429,280309,280465,280645,0,0.0,False,False
952,114_00696,114,696,360.0,279873,280219,280555,280894,346,336,339,0.9416666666666667,279783,280645,280804,280984,0,0.0,False,False
953,114_00697,114,697,360.0,280219,280555,280894,281219,336,339,325,0.9027777777777778,280129,280984,281129,281309,0,0.0,False,False
954,114_00698,114,698,360.0,280555,280894,281219,281589,339,325,370,1.0277777777777777,280465,281309,281499,281679,0,0.0,False,False
955,114_00699,114,699,360.0,280894,281219,281589,281949,325,370,360,1.0,280804,281679,281859,282039,0,0.0,False,False
956,114_00700,114,700,360.0,281219,281589,281949,282286,370,360,337,0.9361111111111111,281129,282039,282196,282376,0,0.0,False,False
957,114_00701,114,701,360.0,281589,281949,282286,282634,360,337,348,0.9666666666666667,281499,282376,282544,282724,0,0.0,False,False
958,114_00702,114,702,360.0,281949,282286,282634,282982,337,348,348,0.9666666666666667,281859,282724,282892,283072,0,0.0,False,False
959,114_00703,114,703,360.0,282286,282634,282982,283314,348,348,332,0.9222222222222223,282196,283072,283224,283404,0,0.0,False,False
960,114_00704,114,704,360.0,282634,282982,283314,283682,348,332,368,1.0222222222222221,282544,283404,283592,283772,0,0.0,False,False
961,114_00705,114,705,360.0,282982,283314,283682,284061,332,368,379,1.0527777777777778,282892,283772,283971,284151,0,0.0,False,False
962,114_00706,114,706,360.0,283314,283682,284061,284418,368,379,357,0.9916666666666667,283224,284151,284328,284508,0,0.0,False,False
963,114_00707,114,707,360.0,283682,284061,284418,284773,379,357,355,0.9861111111111112,283592,284508,284683,284863,0,0.0,False,False
964,114_00708,114,708,360.0,284061,284418,284773,285127,357,355,354,0.9833333333333333,283971,284863,285037,285217,0,0.0,False,False
965,114_00709,114,709,360.0,284418,284773,285127,285465,355,354,338,0.9388888888888889,284328,285217,285375,285555,0,0.0,False,False
966,114_00710,114,710,360.0,284773,285127,285465,285829,354,338,364,1.011111111111111,284683,285555,285739,285919,0,0.0,False,False
967,114_00711,114,711,360.0,285127,285465,285829,286209,338,364,380,1.0555555555555556,285037,285919,286119,286299,0,0.0,False,False
968,114_00712,114,712,360.0,285465,285829,286209,286557,364,380,348,0.9666666666666667,285375,286299,286467,286647,0,0.0,False,False
969,114_00713,114,713,360.0,285829,286209,286557,286914,380,348,357,0.9916666666666667,285739,286647,286824,287004,0,0.0,False,False
970,114_00714,114,714,360.0,286209,286557,286914,287260,348,357,346,0.9611111111111111,286119,287004,287170,287350,0,0.0,False,False
971,114_00715,114,715,360.0,286557,286914,287260,287598,357,346,338,0.9388888888888889,286467,287350,287508,287688,0,0.0,False,False
972,114_00716,114,716,360.0,286914,287260,287598,287961,346,338,363,1.0083333333333333,286824,287688,287871,288051,0,0.0,False,False
973,114_00717,114,717,360.0,287260,287598,287961,288337,338,363,376,1.0444444444444445,287170,288051,288247,288427,0,0.0,False,False
974,114_00718,114,718,360.0,287598,287961,288337,288688,363,376,351,0.975,287508,288427,288598,288778,0,0.0,False,False
975,114_00719,114,719,360.0,287961,288337,288688,289032,376,351,344,0.9555555555555556,287871,288778,288942,289122,0,0.0,False,False
976,114_00720,114,720,360.0,288337,288688,289032,289372,351,344,340,0.9444444444444444,288247,289122,289282,289462,0,0.0,False,False
977,114_00721,114,721,360.0,288688,289032,289372,289707,344,340,335,0.9305555555555556,288598,289462,289617,289797,0,0.0,False,False
978,114_00722,114,722,360.0,289032,289372,289707,290061,340,335,354,0.9833333333333333,288942,289797,289971,290151,0,0.0,False,False
979,114_00723,114,723,360.0,289372,289707,290061,290425,335,354,364,1.011111111111111,289282,290151,290335,290515,0,0.0,False,False
980,114_00724,114,724,360.0,289707,290061,290425,290780,354,364,355,0.9861111111111112,289617,290515,290690,290870,0,0.0,False,False
981,114_00725,114,725,360.0,290061,290425,290780,291130,364,355,350,0.9722222222222222,289971,290870,291040,291220,0,0.0,False,False
982,114_00726,114,726,360.0,290425,290780,291130,291470,355,350,340,0.9444444444444444,290335,291220,291380,291560,0,0.0,False,False
983,114_00727,114,727,360.0,290780,291130,291470,291815,350,340,345,0.9583333333333334,290690,291560,291725,291905,0,0.0,False,False
984,114_00728,114,728,360.0,291130,291470,291815,292172,340,345,357,0.9916666666666667,291040,291905,292082,292262,0,0.0,False,False
985,114_00729,114,729,360.0,291470,291815,292172,292531,345,357,359,0.9972222222222222,291380,292262,292441,292621,0,0.0,False,False
986,114_00730,114,730,360.0,291815,292172,292531,292909,357,359,378,1.05,291725,292621,292819,292999,0,0.0,False,False
987,114_00731,114,731,360.0,292172,292531,292909,293258,359,378,349,0.9694444444444444,292082,292999,293168,293348,0,0.0,False,False
988,114_00732,114,732,360.0,292531,292909,293258,293601,378,349,343,0.9527777777777777,292441,293348,293511,293691,0,0.0,False,False
989,114_00733,114,733,360.0,292909,293258,293601,293953,349,343,352,0.9777777777777777,292819,293691,293863,294043,0,0.0,False,False
990,114_00734,114,734,360.0,293258,293601,293953,294309,343,352,356,0.9888888888888889,293168,294043,294219,294399,0,0.0,False,False
991,114_00735,114,735,360.0,293601,293953,294309,294676,352,356,367,1.0194444444444444,293511,294399,294586,294766,0,0.0,False,False
992,114_00736,114,736,360.0,293953,294309,294676,295044,356,367,368,1.0222222222222221,293863,294766,294954,295134,0,0.0,False,False
993,114_00737,114,737,360.0,294309,294676,295044,295403,367,368,359,0.9972222222222222,294219,295134,295313,295493,0,0.0,False,False
994,114_00738,114,738,360.0,294676,295044,295403,295749,368,359,346,0.9611111111111111,294586,295493,295659,295839,0,0.0,False,False
995,114_00739,114,739,360.0,295044,295403,295749,296093,359,346,344,0.9555555555555556,294954,295839,296003,296183,0,0.0,False,False
996,114_00740,114,740,360.0,295403,295749,296093,296833,346,344,740,2.0555555555555554,295313,296183,296743,296923,0,0.0,False,False
997,114_00741,114,741,360.0,295749,296093,296833,297213,344,740,380,1.0555555555555556,295659,296923,297123,297303,0,0.0,False,False
998,114_00742,114,742,360.0,296093,296833,297213,297582,740,380,369,1.025,296003,297303,297492,297672,0,0.0,False,False
999,114_00743,114,743,360.0,296833,297213,297582,297936,380,369,354,0.9833333333333333,296743,297672,297846,298026,0,0.0,False,False
1000,114_00744,114,744,360.0,297213,297582,297936,298295,369,354,359,0.9972222222222222,297123,298026,298205,298385,0,0.0,False,False
1001,114_00745,114,745,360.0,297582,297936,298295,298650,354,359,355,0.9861111111111112,297492,298385,298560,298740,0,0.0,False,False
1002,114_00746,114,746,360.0,297936,298295,298650,299043,359,355,393,1.0916666666666666,297846,298740,298953,299133,0,0.0,False,False
1003,114_00747,114,747,360.0,298295,298650,299043,299411,355,393,368,1.0222222222222221,298205,299133,299321,299501,0,0.0,False,False
1004,114_00748,114,748,360.0,298650,299043,299411,299778,393,368,367,1.0194444444444444,298560,299501,299688,299868,0,0.0,False,False
1005,114_00749,114,749,360.0,299043,299411,299778,300130,368,367,352,0.9777777777777777,298953,299868,300040,300220,0,0.0,False,False
1006,114_00750,114,750,360.0,299411,299778,300130,300482,367,352,352,0.9777777777777777,299321,300220,300392,300572,0,0.0,False,False
1007,114_00751,114,751,360.0,299778,300130,300482,300854,352,352,372,1.0333333333333334,299688,300572,300764,300944,0,0.0,False,False
1008,114_00752,114,752,360.0,300130,300482,300854,301244,352,372,390,1.0833333333333333,300040,300944,301154,301334,0,0.0,False,False
1009,114_00753,114,753,360.0,300482,300854,301244,301990,372,390,746,2.0722222222222224,300392,301334,301900,302080,0,0.0,False,False
1010,114_00754,114,754,360.0,300854,301244,301990,302347,390,746,357,0.9916666666666667,300764,302080,302257,302437,0,0.0,False,False
1011,114_00755,114,755,360.0,301244,301990,302347,302699,746,357,352,0.9777777777777777,301154,302437,302609,302789,0,0.0,False,False
1012,114_00756,114,756,360.0,301990,302347,302699,303078,357,352,379,1.0527777777777778,301900,302789,302988,303168,0,0.0,False,False
1013,114_00757,114,757,360.0,302347,302699,303078,303467,352,379,389,1.0805555555555555,302257,303168,303377,303557,0,0.0,False,False
1014,114_00758,114,758,360.0,302699,303078,303467,303828,379,389,361,1.0027777777777778,302609,303557,303738,303918,0,0.0,False,False
1015,114_00759,114,759,360.0,303078,303467,303828,304207,389,361,379,1.0527777777777778,302988,303918,304117,304297,0,0.0,False,False
1016,114_00760,114,760,360.0,303467,303828,304207,304560,361,379,353,0.9805555555555555,303377,304297,304470,304650,0,0.0,False,False
1017,114_00761,114,761,360.0,303828,304207,304560,304908,379,353,348,0.9666666666666667,303738,304650,304818,304998,0,0.0,False,False
1018,114_00762,114,762,360.0,304207,304560,304908,305669,353,348,761,2.113888888888889,304117,304998,305579,305759,0,0.0,False,False
1019,114_00763,114,763,360.0,304560,304908,305669,306030,348,761,361,1.0027777777777778,304470,305759,305940,306120,0,0.0,False,False
1020,114_00764,114,764,360.0,304908,305669,306030,306399,761,361,369,1.025,304818,306120,306309,306489,0,0.0,False,False
1021,114_00765,114,765,360.0,305669,306030,306399,306751,361,369,352,0.9777777777777777,305579,306489,306661,306841,0,0.0,False,False
1022,114_00766,114,766,360.0,306030,306399,306751,307091,369,352,340,0.9444444444444444,305940,306841,307001,307181,0,0.0,False,False
1023,114_00767,114,767,360.0,306399,306751,307091,307471,352,340,380,1.0555555555555556,306309,307181,307381,307561,0,0.0,False,False
1024,114_00768,114,768,360.0,306751,307091,307471,307850,340,380,379,1.0527777777777778,306661,307561,307760,307940,0,0.0,False,False
1025,114_00769,114,769,360.0,307091,307471,307850,308204,380,379,354,0.9833333333333333,307001,307940,308114,308294,0,0.0,False,False
1026,114_00770,114,770,360.0,307471,307850,308204,308571,379,354,367,1.0194444444444444,307381,308294,308481,308661,0,0.0,False,False
1027,114_00771,114,771,360.0,307850,308204,308571,308918,354,367,347,0.9638888888888889,307760,308661,308828,309008,0,0.0,False,False
1028,114_00772,114,772,360.0,308204,308571,308918,309248,367,347,330,0.9166666666666666,308114,309008,309158,309338,0,0.0,False,False
1029,114_00773,114,773,360.0,308571,308918,309248,309610,347,330,362,1.0055555555555555,308481,309338,309520,309700,0,0.0,False,False
1030,114_00774,114,774,360.0,308918,309248,309610,309982,330,362,372,1.0333333333333334,308828,309700,309892,310072,0,0.0,False,False
1031,114_00775,114,775,360.0,309248,309610,309982,310328,362,372,346,0.9611111111111111,309158,310072,310238,310418,0,0.0,False,False
1032,114_00776,114,776,360.0,309610,309982,310328,310689,372,346,361,1.0027777777777778,309520,310418,310599,310779,0,0.0,False,False
1033,114_00777,114,777,360.0,309982,310328,310689,311042,346,361,353,0.9805555555555555,309892,310779,310952,311132,0,0.0,False,False
1034,114_00778,114,778,360.0,310328,310689,311042,311367,361,353,325,0.9027777777777778,310238,311132,311277,311457,0,0.0,False,False
1035,114_00779,114,779,360.0,310689,311042,311367,311739,353,325,372,1.0333333333333334,310599,311457,311649,311829,0,0.0,False,False
1036,114_00780,114,780,360.0,311042,311367,311739,312117,325,372,378,1.05,310952,311829,312027,312207,0,0.0,False,False
1037,114_00781,114,781,360.0,311367,311739,312117,312466,372,378,349,0.9694444444444444,311277,312207,312376,312556,0,0.0,False,False
1038,114_00782,114,782,360.0,311739,312117,312466,312824,378,349,358,0.9944444444444445,311649,312556,312734,312914,0,0.0,False,False
1039,114_00783,114,783,360.0,312117,312466,312824,313174,349,358,350,0.9722222222222222,312027,312914,313084,313264,0,0.0,False,False
1040,114_00784,114,784,360.0,312466,312824,313174,313513,358,350,339,0.9416666666666667,312376,313264,313423,313603,0,0.0,False,False
1041,114_00785,114,785,360.0,312824,313174,313513,313879,350,339,366,1.0166666666666666,312734,313603,313789,313969,0,0.0,False,False
1042,114_00786,114,786,360.0,313174,313513,313879,314260,339,366,381,1.0583333333333333,313084,313969,314170,314350,0,0.0,False,False
1043,114_00787,114,787,360.0,313513,313879,314260,314626,366,381,366,1.0166666666666666,313423,314350,314536,314716,0,0.0,False,False
1044,114_00788,114,788,360.0,313879,314260,314626,314985,381,366,359,0.9972222222222222,313789,314716,314895,315075,0,0.0,False,False
1045,114_00789,114,789,360.0,314260,314626,314985,315338,366,359,353,0.9805555555555555,314170,315075,315248,315428,0,0.0,False,False
1046,114_00790,114,790,360.0,314626,314985,315338,315673,359,353,335,0.9305555555555556,314536,315428,315583,315763,0,0.0,False,False
1047,114_00791,114,791,360.0,314985,315338,315673,316051,353,335,378,1.05,314895,315763,315961,316141,0,0.0,False,False
1048,114_00792,114,792,360.0,315338,315673,316051,316421,335,378,370,1.0277777777777777,315248,316141,316331,316511,0,0.0,False,False
1049,114_00793,114,793,360.0,315673,316051,316421,316783,378,370,362,1.0055555555555555,315583,316511,316693,316873,0,0.0,False,False
1050,114_00794,114,794,360.0,316051,316421,316783,317139,370,362,356,0.9888888888888889,315961,316873,317049,317229,0,0.0,False,False
1051,114_00795,114,795,360.0,316421,316783,317139,317494,362,356,355,0.9861111111111112,316331,317229,317404,317584,0,0.0,False,False
1052,114_00796,114,796,360.0,316783,317139,317494,317835,356,355,341,0.9472222222222222,316693,317584,317745,317925,0,0.0,False,False
1053,114_00797,114,797,360.0,317139,317494,317835,318193,355,341,358,0.9944444444444445,317049,317925,318103,318283,0,0.0,False,False
1054,114_00798,114,798,360.0,317494,317835,318193,318562,341,358,369,1.025,317404,318283,318472,318652,0,0.0,False,False
1055,114_00799,114,799,360.0,317835,318193,318562,318919,358,369,357,0.9916666666666667,317745,318652,318829,319009,0,0.0,False,False
1056,114_00800,114,800,360.0,318193,318562,318919,319261,369,357,342,0.95,318103,319009,319171,319351,0,0.0,False,False
1057,114_00801,114,801,360.0,318562,318919,319261,319605,357,342,344,0.9555555555555556,318472,319351,319515,319695,0,0.0,False,False
1058,114_00802,114,802,360.0,318919,319261,319605,319936,342,344,331,0.9194444444444444,318829,319695,319846,320026,0,0.0,False,False
1059,114_00803,114,803,360.0,319261,319605,319936,320290,344,331,354,0.9833333333333333,319171,320026,320200,320380,0,0.0,False,False
1060,114_00804,114,804,360.0,319605,319936,320290,320660,331,354,370,1.0277777777777777,319515,320380,320570,320750,0,0.0,False,False
1061,114_00805,114,805,360.0,319936,320290,320660,321017,354,370,357,0.9916666666666667,319846,320750,320927,321107,0,0.0,False,False
1062,114_00806,114,806,360.0,320290,320660,321017,321358,370,357,341,0.9472222222222222,320200,321107,321268,321448,0,0.0,False,False
1063,114_00807,114,807,360.0,320660,321017,321358,321697,357,341,339,0.9416666666666667,320570,321448,321607,321787,0,0.0,False,False
1064,114_00808,114,808,360.0,321017,321358,321697,322038,341,339,341,0.9472222222222222,320927,321787,321948,322128,0,0.0,False,False
1065,114_00809,114,809,360.0,321358,321697,322038,322375,339,341,337,0.9361111111111111,321268,322128,322285,322465,0,0.0,False,False
1066,114_00810,114,810,360.0,321697,322038,322375,322737,341,337,362,1.0055555555555555,321607,322465,322647,322827,0,0.0,False,False
1067,114_00811,114,811,360.0,322038,322375,322737,323095,337,362,358,0.9944444444444445,321948,322827,323005,323185,0,0.0,False,False
1068,114_00812,114,812,360.0,322375,322737,323095,323443,362,358,348,0.9666666666666667,322285,323185,323353,323533,0,0.0,False,False
1069,114_00813,114,813,360.0,322737,323095,323443,323781,358,348,338,0.9388888888888889,322647,323533,323691,323871,0,0.0,False,False
1070,114_00814,114,814,360.0,323095,323443,323781,324111,348,338,330,0.9166666666666666,323005,323871,324021,324201,0,0.0,False,False
1071,114_00815,114,815,360.0,323443,323781,324111,324461,338,330,350,0.9722222222222222,323353,324201,324371,324551,0,0.0,False,False
1072,114_00816,114,816,360.0,323781,324111,324461,324815,330,350,354,0.9833333333333333,323691,324551,324725,324905,0,0.0,False,False
1073,114_00817,114,817,360.0,324111,324461,324815,325175,350,354,360,1.0,324021,324905,325085,325265,0,0.0,False,False
1074,114_00818,114,818,360.0,324461,324815,325175,325512,354,360,337,0.9361111111111111,324371,325265,325422,325602,0,0.0,False,False
1075,114_00819,114,819,360.0,324815,325175,325512,325856,360,337,344,0.9555555555555556,324725,325602,325766,325946,0,0.0,False,False
1076,114_00820,114,820,360.0,325175,325512,325856,326195,337,344,339,0.9416666666666667,325085,325946,326105,326285,0,0.0,False,False
1077,114_00821,114,821,360.0,325512,325856,326195,326526,344,339,331,0.9194444444444444,325422,326285,326436,326616,0,0.0,False,False
1078,114_00822,114,822,360.0,325856,326195,326526,326896,339,331,370,1.0277777777777777,325766,326616,326806,326986,0,0.0,False,False
1079,114_00823,114,823,360.0,326195,326526,326896,327248,331,370,352,0.9777777777777777,326105,326986,327158,327338,0,0.0,False,False
1080,114_00824,114,824,360.0,326526,326896,327248,327587,370,352,339,0.9416666666666667,326436,327338,327497,327677,0,0.0,False,False
1081,114_00825,114,825,360.0,326896,327248,327587,327941,352,339,354,0.9833333333333333,326806,327677,327851,328031,0,0.0,False,False
1082,114_00826,114,826,360.0,327248,327587,327941,328272,339,354,331,0.9194444444444444,327158,328031,328182,328362,0,0.0,False,False
1083,114_00827,114,827,360.0,327587,327941,328272,328601,354,331,329,0.9138888888888889,327497,328362,328511,328691,0,0.0,False,False
1084,114_00828,114,828,360.0,327941,328272,328601,328981,331,329,380,1.0555555555555556,327851,328691,328891,329071,0,0.0,False,False
1085,114_00829,114,829,360.0,328272,328601,328981,329348,329,380,367,1.0194444444444444,328182,329071,329258,329438,0,0.0,False,False
1086,114_00830,114,830,360.0,328601,328981,329348,329702,380,367,354,0.9833333333333333,328511,329438,329612,329792,0,0.0,False,False
1087,114_00831,114,831,360.0,328981,329348,329702,330055,367,354,353,0.9805555555555555,328891,329792,329965,330145,0,0.0,False,False
1088,114_00832,114,832,360.0,329348,329702,330055,330404,354,353,349,0.9694444444444444,329258,330145,330314,330494,0,0.0,False,False
1089,114_00833,114,833,360.0,329702,330055,330404,330739,353,349,335,0.9305555555555556,329612,330494,330649,330829,0,0.0,False,False
1090,114_00834,114,834,360.0,330055,330404,330739,331120,349,335,381,1.0583333333333333,329965,330829,331030,331210,0,0.0,False,False
1091,114_00835,114,835,360.0,330404,330739,331120,331493,335,381,373,1.0361111111111112,330314,331210,331403,331583,0,0.0,False,False
1092,114_00836,114,836,360.0,330739,331120,331493,331846,381,373,353,0.9805555555555555,330649,331583,331756,331936,0,0.0,False,False
1093,114_00837,114,837,360.0,331120,331493,331846,332189,373,353,343,0.9527777777777777,331030,331936,332099,332279,0,0.0,False,False
1094,114_00838,114,838,360.0,331493,331846,332189,332531,353,343,342,0.95,331403,332279,332441,332621,0,0.0,False,False
1095,114_00839,114,839,360.0,331846,332189,332531,332862,343,342,331,0.9194444444444444,331756,332621,332772,332952,0,0.0,False,False
1096,114_00840,114,840,360.0,332189,332531,332862,333209,342,331,347,0.9638888888888889,332099,332952,333119,333299,0,0.0,False,False
1097,114_00841,114,841,360.0,332531,332862,333209,333580,331,347,371,1.0305555555555554,332441,333299,333490,333670,0,0.0,False,False
1098,114_00842,114,842,360.0,332862,333209,333580,333932,347,371,352,0.9777777777777777,332772,333670,333842,334022,0,0.0,False,False
1099,114_00843,114,843,360.0,333209,333580,333932,334275,371,352,343,0.9527777777777777,333119,334022,334185,334365,0,0.0,False,False
1100,114_00844,114,844,360.0,333580,333932,334275,334623,352,343,348,0.9666666666666667,333490,334365,334533,334713,0,0.0,False,False
1101,114_00845,114,845,360.0,333932,334275,334623,334965,343,348,342,0.95,333842,334713,334875,335055,0,0.0,False,False
1102,114_00846,114,846,360.0,334275,334623,334965,335301,348,342,336,0.9333333333333333,334185,335055,335211,335391,0,0.0,False,False
1103,114_00847,114,847,360.0,334623,334965,335301,335677,342,336,376,1.0444444444444445,334533,335391,335587,335767,0,0.0,False,False
1104,114_00848,114,848,360.0,334965,335301,335677,336031,336,376,354,0.9833333333333333,334875,335767,335941,336121,0,0.0,False,False
1105,114_00849,114,849,360.0,335301,335677,336031,336376,376,354,345,0.9583333333333334,335211,336121,336286,336466,0,0.0,False,False
1106,114_00850,114,850,360.0,335677,336031,336376,336719,354,345,343,0.9527777777777777,335587,336466,336629,336809,0,0.0,False,False
1107,114_00851,114,851,360.0,336031,336376,336719,337058,345,343,339,0.9416666666666667,335941,336809,336968,337148,0,0.0,False,False
1108,114_00852,114,852,360.0,336376,336719,337058,337390,343,339,332,0.9222222222222223,336286,337148,337300,337480,0,0.0,False,False
1109,114_00853,114,853,360.0,336719,337058,337390,337771,339,332,381,1.0583333333333333,336629,337480,337681,337861,0,0.0,False,False
1110,114_00854,114,854,360.0,337058,337390,337771,338130,332,381,359,0.9972222222222222,336968,337861,338040,338220,0,0.0,False,False
1111,114_00855,114,855,360.0,337390,337771,338130,338474,381,359,344,0.9555555555555556,337300,338220,338384,338564,0,0.0,False,False
1112,114_00856,114,856,360.0,337771,338130,338474,338821,359,344,347,0.9638888888888889,337681,338564,338731,338911,0,0.0,False,False
1113,114_00857,114,857,360.0,338130,338474,338821,339168,344,347,347,0.9638888888888889,338040,338911,339078,339258,0,0.0,False,False
1114,114_00858,114,858,360.0,338474,338821,339168,339500,347,347,332,0.9222222222222223,338384,339258,339410,339590,0,0.0,False,False
1115,114_00859,114,859,360.0,338821,339168,339500,339869,347,332,369,1.025,338731,339590,339779,339959,0,0.0,False,False
1116,114_00860,114,860,360.0,339168,339500,339869,340237,332,369,368,1.0222222222222221,339078,339959,340147,340327,0,0.0,False,False
1117,114_00861,114,861,360.0,339500,339869,340237,340566,369,368,329,0.9138888888888889,339410,340327,340476,340656,0,0.0,False,False
1118,114_00862,114,862,360.0,339869,340237,340566,340910,368,329,344,0.9555555555555556,339779,340656,340820,341000,0,0.0,False,False
1119,114_00863,114,863,360.0,340237,340566,340910,341244,329,344,334,0.9277777777777778,340147,341000,341154,341334,0,0.0,False,False
1120,114_00864,114,864,360.0,340566,340910,341244,341563,344,334,319,0.8861111111111111,340476,341334,341473,341653,0,0.0,False,False
1121,114_00865,114,865,360.0,340910,341244,341563,341910,334,319,347,0.9638888888888889,340820,341653,341820,342000,0,0.0,False,False
1122,114_00866,114,866,360.0,341244,341563,341910,342270,319,347,360,1.0,341154,342000,342180,342360,0,0.0,False,False
1123,114_00867,114,867,360.0,341563,341910,342270,342618,347,360,348,0.9666666666666667,341473,342360,342528,342708,0,0.0,False,False
1124,114_00868,114,868,360.0,341910,342270,342618,342947,360,348,329,0.9138888888888889,341820,342708,342857,343037,0,0.0,False,False
1125,114_00869,114,869,360.0,342270,342618,342947,343282,348,329,335,0.9305555555555556,342180,343037,343192,343372,0,0.0,False,False
1126,114_00870,114,870,360.0,342618,342947,343282,343626,329,335,344,0.9555555555555556,342528,343372,343536,343716,0,0.0,False,False
1127,114_00871,114,871,360.0,342947,343282,343626,343965,335,344,339,0.9416666666666667,342857,343716,343875,344055,0,0.0,False,False
1128,114_00872,114,872,360.0,343282,343626,343965,344338,344,339,373,1.0361111111111112,343192,344055,344248,344428,0,0.0,False,False
1129,114_00873,114,873,360.0,343626,343965,344338,344700,339,373,362,1.0055555555555555,343536,344428,344610,344790,0,0.0,False,False
1130,114_00874,114,874,360.0,343965,344338,344700,345037,373,362,337,0.9361111111111111,343875,344790,344947,345127,0,0.0,False,False
1131,114_00875,114,875,360.0,344338,344700,345037,345379,362,337,342,0.95,344248,345127,345289,345469,0,0.0,False,False
1132,114_00876,114,876,360.0,344700,345037,345379,345721,337,342,342,0.95,344610,345469,345631,345811,0,0.0,False,False
1133,114_00877,114,877,360.0,345037,345379,345721,346064,342,342,343,0.9527777777777777,344947,345811,345974,346154,0,0.0,False,False
1134,114_00878,114,878,360.0,345379,345721,346064,346420,342,343,356,0.9888888888888889,345289,346154,346330,346510,0,0.0,False,False
1135,114_00879,114,879,360.0,345721,346064,346420,346789,343,356,369,1.025,345631,346510,346699,346879,0,0.0,False,False
1136,114_00880,114,880,360.0,346064,346420,346789,347129,356,369,340,0.9444444444444444,345974,346879,347039,347219,0,0.0,False,False
1137,114_00881,114,881,360.0,346420,346789,347129,347473,369,340,344,0.9555555555555556,346330,347219,347383,347563,0,0.0,False,False
1138,114_00882,114,882,360.0,346789,347129,347473,347815,340,344,342,0.95,346699,347563,347725,347905,0,0.0,False,False
1139,114_00883,114,883,360.0,347129,347473,347815,348139,344,342,324,0.9,347039,347905,348049,348229,0,0.0,False,False
1140,114_00884,114,884,360.0,347473,347815,348139,348502,342,324,363,1.0083333333333333,347383,348229,348412,348592,0,0.0,False,False
1141,114_00885,114,885,360.0,347815,348139,348502,348877,324,363,375,1.0416666666666667,347725,348592,348787,348967,0,0.0,False,False
1142,114_00886,114,886,360.0,348139,348502,348877,349227,363,375,350,0.9722222222222222,348049,348967,349137,349317,0,0.0,False,False
1143,114_00887,114,887,360.0,348502,348877,349227,349574,375,350,347,0.9638888888888889,348412,349317,349484,349664,0,0.0,False,False
1144,114_00888,114,888,360.0,348877,349227,349574,349915,350,347,341,0.9472222222222222,348787,349664,349825,350005,0,0.0,False,False
1145,114_00889,114,889,360.0,349227,349574,349915,350256,347,341,341,0.9472222222222222,349137,350005,350166,350346,0,0.0,False,False
1146,114_00890,114,890,360.0,349574,349915,350256,350627,341,341,371,1.0305555555555554,349484,350346,350537,350717,0,0.0,False,False
1147,114_00891,114,891,360.0,349915,350256,350627,350985,341,371,358,0.9944444444444445,349825,350717,350895,351075,0,0.0,False,False
1148,114_00892,114,892,360.0,350256,350627,350985,351341,371,358,356,0.9888888888888889,350166,351075,351251,351431,0,0.0,False,False
1149,114_00893,114,893,360.0,350627,350985,351341,351682,358,356,341,0.9472222222222222,350537,351431,351592,351772,0,0.0,False,False
1150,114_00894,114,894,360.0,350985,351341,351682,352023,356,341,341,0.9472222222222222,350895,351772,351933,352113,0,0.0,False,False
1151,114_00895,114,895,360.0,351341,351682,352023,352345,341,341,322,0.8944444444444445,351251,352113,352255,352435,0,0.0,False,False
1152,114_00896,114,896,360.0,351682,352023,352345,352702,341,322,357,0.9916666666666667,351592,352435,352612,352792,0,0.0,False,False
1153,114_00897,114,897,360.0,352023,352345,352702,353062,322,357,360,1.0,351933,352792,352972,353152,0,0.0,False,False
1154,114_00898,114,898,360.0,352345,352702,353062,353414,357,360,352,0.9777777777777777,352255,353152,353324,353504,0,0.0,False,False
1155,114_00899,114,899,360.0,352702,353062,353414,353760,360,352,346,0.9611111111111111,352612,353504,353670,353850,0,0.0,False,False
1156,114_00900,114,900,360.0,353062,353414,353760,354086,352,346,326,0.9055555555555556,352972,353850,353996,354176,0,0.0,False,False
1157,114_00901,114,901,360.0,353414,353760,354086,354756,346,326,670,1.8611111111111112,353324,354176,354666,354846,0,0.0,False,False
1158,114_00902,114,902,360.0,353760,354086,354756,355043,326,670,287,0.7972222222222223,353670,354846,354953,355133,0,0.0,False,False
1159,114_00903,114,903,360.0,354086,354756,355043,355441,670,287,398,1.1055555555555556,353996,355133,355351,355531,0,0.0,False,False
1160,114_00904,114,904,360.0,354756,355043,355441,355778,287,398,337,0.9361111111111111,354666,355531,355688,355868,0,0.0,False,False
1161,114_00905,114,905,360.0,355043,355441,355778,356430,398,337,652,1.8111111111111111,354953,355868,356340,356520,0,0.0,False,False
1162,114_00906,114,906,360.0,355441,355778,356430,356743,337,652,313,0.8694444444444445,355351,356520,356653,356833,0,0.0,False,False
1163,114_00907,114,907,360.0,355778,356430,356743,357102,652,313,359,0.9972222222222222,355688,356833,357012,357192,0,0.0,False,False
1164,114_00908,114,908,360.0,356430,356743,357102,357441,313,359,339,0.9416666666666667,356340,357192,357351,357531,0,0.0,False,False
1165,114_00909,114,909,360.0,356743,357102,357441,357767,359,339,326,0.9055555555555556,356653,357531,357677,357857,0,0.0,False,False
1166,114_00910,114,910,360.0,357102,357441,357767,358105,339,326,338,0.9388888888888889,357012,357857,358015,358195,0,0.0,False,False
1167,114_00911,114,911,360.0,357441,357767,358105,358421,326,338,316,0.8777777777777778,357351,358195,358331,358511,0,0.0,False,False
1168,114_00912,114,912,360.0,357767,358105,358421,358739,338,316,318,0.8833333333333333,357677,358511,358649,358829,0,0.0,False,False
1169,114_00913,114,913,360.0,358105,358421,358739,359070,316,318,331,0.9194444444444444,358015,358829,358980,359160,0,0.0,False,False
1170,114_00914,114,914,360.0,358421,358739,359070,359429,318,331,359,0.9972222222222222,358331,359160,359339,359519,0,0.0,False,False
1171,114_00915,114,915,360.0,358739,359070,359429,359773,331,359,344,0.9555555555555556,358649,359519,359683,359863,0,0.0,False,False
1172,114_00916,114,916,360.0,359070,359429,359773,360100,359,344,327,0.9083333333333333,358980,359863,360010,360190,0,0.0,False,False
1173,114_00917,114,917,360.0,359429,359773,360100,360435,344,327,335,0.9305555555555556,359339,360190,360345,360525,0,0.0,False,False
1174,114_00918,114,918,360.0,359773,360100,360435,360760,327,335,325,0.9027777777777778,359683,360525,360670,360850,0,0.0,False,False
1175,114_00919,114,919,360.0,360100,360435,360760,361079,335,325,319,0.8861111111111111,360010,360850,360989,361169,0,0.0,False,False
1176,114_00920,114,920,360.0,360435,360760,361079,361431,325,319,352,0.9777777777777777,360345,361169,361341,361521,0,0.0,False,False
1177,114_00921,114,921,360.0,360760,361079,361431,361782,319,352,351,0.975,360670,361521,361692,361872,0,0.0,False,False
1178,114_00922,114,922,360.0,361079,361431,361782,362114,352,351,332,0.9222222222222223,360989,361872,362024,362204,0,0.0,False,False
1179,114_00923,114,923,360.0,361431,361782,362114,362459,351,332,345,0.9583333333333334,361341,362204,362369,362549,0,0.0,False,False
1180,114_00924,114,924,360.0,361782,362114,362459,362793,332,345,334,0.9277777777777778,361692,362549,362703,362883,0,0.0,False,False
1181,114_00925,114,925,360.0,362114,362459,362793,363114,345,334,321,0.8916666666666667,362024,362883,363024,363204,0,0.0,False,False
1182,114_00926,114,926,360.0,362459,362793,363114,363463,334,321,349,0.9694444444444444,362369,363204,363373,363553,0,0.0,False,False
1183,114_00927,114,927,360.0,362793,363114,363463,363834,321,349,371,1.0305555555555554,362703,363553,363744,363924,0,0.0,False,False
1184,114_00928,114,928,360.0,363114,363463,363834,364191,349,371,357,0.9916666666666667,363024,363924,364101,364281,0,0.0,False,False
1185,114_00929,114,929,360.0,363463,363834,364191,364529,371,357,338,0.9388888888888889,363373,364281,364439,364619,0,0.0,False,False
1186,114_00930,114,930,360.0,363834,364191,364529,364878,357,338,349,0.9694444444444444,363744,364619,364788,364968,0,0.0,False,False
1187,114_00931,114,931,360.0,364191,364529,364878,365212,338,349,334,0.9277777777777778,364101,364968,365122,365302,0,0.0,False,False
1188,114_00932,114,932,360.0,364529,364878,365212,365552,349,334,340,0.9444444444444444,364439,365302,365462,365642,0,0.0,False,False
1189,114_00933,114,933,360.0,364878,365212,365552,365912,334,340,360,1.0,364788,365642,365822,366002,0,0.0,False,False
1190,114_00934,114,934,360.0,365212,365552,365912,366267,340,360,355,0.9861111111111112,365122,366002,366177,366357,0,0.0,False,False
1191,114_00935,114,935,360.0,365552,365912,366267,366603,360,355,336,0.9333333333333333,365462,366357,366513,366693,0,0.0,False,False
1192,114_00936,114,936,360.0,365912,366267,366603,366946,355,336,343,0.9527777777777777,365822,366693,366856,367036,0,0.0,False,False
1193,114_00937,114,937,360.0,366267,366603,366946,367284,336,343,338,0.9388888888888889,366177,367036,367194,367374,0,0.0,False,False
1194,114_00938,114,938,360.0,366603,366946,367284,367606,343,338,322,0.8944444444444445,366513,367374,367516,367696,0,0.0,False,False
1195,114_00939,114,939,360.0,366946,367284,367606,367967,338,322,361,1.0027777777777778,366856,367696,367877,368057,0,0.0,False,False
1196,114_00940,114,940,360.0,367284,367606,367967,368338,322,361,371,1.0305555555555554,367194,368057,368248,368428,0,0.0,False,False
1197,114_00941,114,941,360.0,367606,367967,368338,368674,361,371,336,0.9333333333333333,367516,368428,368584,368764,0,0.0,False,False
1198,114_00942,114,942,360.0,367967,368338,368674,369019,371,336,345,0.9583333333333334,367877,368764,368929,369109,0,0.0,False,False
1199,114_00943,114,943,360.0,368338,368674,369019,369364,336,345,345,0.9583333333333334,368248,369109,369274,369454,0,0.0,False,False
1200,114_00944,114,944,360.0,368674,369019,369364,369685,345,345,321,0.8916666666666667,368584,369454,369595,369775,0,0.0,False,False
1201,114_00945,114,945,360.0,369019,369364,369685,370046,345,321,361,1.0027777777777778,368929,369775,369956,370136,0,0.0,False,False
1202,114_00946,114,946,360.0,369364,369685,370046,370403,321,361,357,0.9916666666666667,369274,370136,370313,370493,0,0.0,False,False
1203,114_00947,114,947,360.0,369685,370046,370403,370746,361,357,343,0.9527777777777777,369595,370493,370656,370836,0,0.0,False,False
1204,114_00948,114,948,360.0,370046,370403,370746,371079,357,343,333,0.925,369956,370836,370989,371169,0,0.0,False,False
1205,114_00949,114,949,360.0,370403,370746,371079,371416,343,333,337,0.9361111111111111,370313,371169,371326,371506,0,0.0,False,False
1206,114_00950,114,950,360.0,370746,371079,371416,371737,333,337,321,0.8916666666666667,370656,371506,371647,371827,0,0.0,False,False
1207,114_00951,114,951,360.0,371079,371416,371737,372064,337,321,327,0.9083333333333333,370989,371827,371974,372154,0,0.0,False,False
1208,114_00952,114,952,360.0,371416,371737,372064,372412,321,327,348,0.9666666666666667,371326,372154,372322,372502,0,0.0,False,False
1209,114_00953,114,953,360.0,371737,372064,372412,372760,327,348,348,0.9666666666666667,371647,372502,372670,372850,0,0.0,False,False
1210,114_00954,114,954,360.0,372064,372412,372760,373083,348,348,323,0.8972222222222223,371974,372850,372993,373173,0,0.0,False,False
1211,114_00955,114,955,360.0,372412,372760,373083,373411,348,323,328,0.9111111111111111,372322,373173,373321,373501,0,0.0,False,False
1212,114_00956,114,956,360.0,372760,373083,373411,373740,323,328,329,0.9138888888888889,372670,373501,373650,373830,0,0.0,False,False
1213,114_00957,114,957,360.0,373083,373411,373740,374049,328,329,309,0.8583333333333333,372993,373830,373959,374139,0,0.0,False,False
1214,114_00958,114,958,360.0,373411,373740,374049,374398,329,309,349,0.9694444444444444,373321,374139,374308,374488,0,0.0,False,False
1215,114_00959,114,959,360.0,373740,374049,374398,374735,309,349,337,0.9361111111111111,373650,374488,374645,374825,0,0.0,False,False
1216,114_00960,114,960,360.0,374049,374398,374735,375068,349,337,333,0.925,373959,374825,374978,375158,0,0.0,False,False
1217,114_00961,114,961,360.0,374398,374735,375068,375395,337,333,327,0.9083333333333333,374308,375158,375305,375485,0,0.0,False,False
1218,114_00962,114,962,360.0,374735,375068,375395,375722,333,327,327,0.9083333333333333,374645,375485,375632,375812,0,0.0,False,False
1219,114_00963,114,963,360.0,375068,375395,375722,376050,327,327,328,0.9111111111111111,374978,375812,375960,376140,0,0.0,False,False
1220,114_00964,114,964,360.0,375395,375722,376050,376385,327,328,335,0.9305555555555556,375305,376140,376295,376475,0,0.0,False,False
1221,114_00965,114,965,360.0,375722,376050,376385,376738,328,335,353,0.9805555555555555,375632,376475,376648,376828,0,0.0,False,False
1222,114_00966,114,966,360.0,376050,376385,376738,377093,335,353,355,0.9861111111111112,375960,376828,377003,377183,0,0.0,False,False
1223,114_00967,114,967,360.0,376385,376738,377093,377432,353,355,339,0.9416666666666667,376295,377183,377342,377522,0,0.0,False,False
1224,114_00968,114,968,360.0,376738,377093,377432,377768,355,339,336,0.9333333333333333,376648,377522,377678,377858,0,0.0,False,False
1225,114_00969,114,969,360.0,377093,377432,377768,378106,339,336,338,0.9388888888888889,377003,377858,378016,378196,0,0.0,False,False
1226,114_00970,114,970,360.0,377432,377768,378106,378433,336,338,327,0.9083333333333333,377342,378196,378343,378523,0,0.0,False,False
1227,114_00971,114,971,360.0,377768,378106,378433,378783,338,327,350,0.9722222222222222,377678,378523,378693,378873,0,0.0,False,False
1228,114_00972,114,972,360.0,378106,378433,378783,379129,327,350,346,0.9611111111111111,378016,378873,379039,379219,0,0.0,False,False
1229,114_00973,114,973,360.0,378433,378783,379129,379482,350,346,353,0.9805555555555555,378343,379219,379392,379572,0,0.0,False,False
1230,114_00974,114,974,360.0,378783,379129,379482,379814,346,353,332,0.9222222222222223,378693,379572,379724,379904,0,0.0,False,False
1231,114_00975,114,975,360.0,379129,379482,379814,380137,353,332,323,0.8972222222222223,379039,379904,380047,380227,0,0.0,False,False
1232,114_00976,114,976,360.0,379482,379814,380137,380467,332,323,330,0.9166666666666666,379392,380227,380377,380557,0,0.0,False,False
1233,114_00977,114,977,360.0,379814,380137,380467,380813,323,330,346,0.9611111111111111,379724,380557,380723,380903,0,0.0,False,False
1234,114_00978,114,978,360.0,380137,380467,380813,381162,330,346,349,0.9694444444444444,380047,380903,381072,381252,0,0.0,False,False
1235,114_00979,114,979,360.0,380467,380813,381162,381508,346,349,346,0.9611111111111111,380377,381252,381418,381598,0,0.0,False,False
1236,114_00980,114,980,360.0,380813,381162,381508,381845,349,346,337,0.9361111111111111,380723,381598,381755,381935,0,0.0,False,False
1237,114_00981,114,981,360.0,381162,381508,381845,382173,346,337,328,0.9111111111111111,381072,381935,382083,382263,0,0.0,False,False
1238,114_00982,114,982,360.0,381508,381845,382173,382506,337,328,333,0.925,381418,382263,382416,382596,0,0.0,False,False
1239,114_00983,114,983,360.0,381845,382173,382506,382853,328,333,347,0.9638888888888889,381755,382596,382763,382943,0,0.0,False,False
1240,114_00984,114,984,360.0,382173,382506,382853,383201,333,347,348,0.9666666666666667,382083,382943,383111,383291,0,0.0,False,False
1241,114_00985,114,985,360.0,382506,382853,383201,383549,347,348,348,0.9666666666666667,382416,383291,383459,383639,0,0.0,False,False
1242,114_00986,114,986,360.0,382853,383201,383549,383891,348,348,342,0.95,382763,383639,383801,383981,0,0.0,False,False
1243,114_00987,114,987,360.0,383201,383549,383891,384220,348,342,329,0.9138888888888889,383111,383981,384130,384310,0,0.0,False,False
1244,114_00988,114,988,360.0,383549,383891,384220,384551,342,329,331,0.9194444444444444,383459,384310,384461,384641,0,0.0,False,False
1245,114_00989,114,989,360.0,383891,384220,384551,384887,329,331,336,0.9333333333333333,383801,384641,384797,384977,0,0.0,False,False
1246,114_00990,114,990,360.0,384220,384551,384887,385239,331,336,352,0.9777777777777777,384130,384977,385149,385329,0,0.0,False,False
1247,114_00991,114,991,360.0,384551,384887,385239,385589,336,352,350,0.9722222222222222,384461,385329,385499,385679,0,0.0,False,False
1248,114_00992,114,992,360.0,384887,385239,385589,385915,352,350,326,0.9055555555555556,384797,385679,385825,386005,0,0.0,False,False
1249,114_00993,114,993,360.0,385239,385589,385915,386265,350,326,350,0.9722222222222222,385149,386005,386175,386355,0,0.0,False,False
1250,114_00994,114,994,360.0,385589,385915,386265,386595,326,350,330,0.9166666666666666,385499,386355,386505,386685,0,0.0,False,False
1251,114_00995,114,995,360.0,385915,386265,386595,386910,350,330,315,0.875,385825,386685,386820,387000,0,0.0,False,False
1252,114_00996,114,996,360.0,386265,386595,386910,387279,330,315,369,1.025,386175,387000,387189,387369,0,0.0,False,False
1253,114_00997,114,997,360.0,386595,386910,387279,387631,315,369,352,0.9777777777777777,386505,387369,387541,387721,0,0.0,False,False
1254,114_00998,114,998,360.0,386910,387279,387631,387980,369,352,349,0.9694444444444444,386820,387721,387890,388070,0,0.0,False,False
1255,114_00999,114,999,360.0,387279,387631,387980,388320,352,349,340,0.9444444444444444,387189,388070,388230,388410,0,0.0,False,False
1256,114_01000,114,1000,360.0,387631,387980,388320,388658,349,340,338,0.9388888888888889,387541,388410,388568,388748,0,0.0,False,False
1257,114_01001,114,1001,360.0,387980,388320,388658,388983,340,338,325,0.9027777777777778,387890,388748,388893,389073,0,0.0,False,False
1258,114_01002,114,1002,360.0,388320,388658,388983,389327,338,325,344,0.9555555555555556,388230,389073,389237,389417,0,0.0,False,False
1259,114_01003,114,1003,360.0,388658,388983,389327,389700,325,344,373,1.0361111111111112,388568,389417,389610,389790,0,0.0,False,False
1260,114_01004,114,1004,360.0,388983,389327,389700,390046,344,373,346,0.9611111111111111,388893,389790,389956,390136,0,0.0,False,False
1261,114_01005,114,1005,360.0,389327,389700,390046,390381,373,346,335,0.9305555555555556,389237,390136,390291,390471,0,0.0,False,False
1262,114_01006,114,1006,360.0,389700,390046,390381,390722,346,335,341,0.9472222222222222,389610,390471,390632,390812,0,0.0,False,False
1263,114_01007,114,1007,360.0,390046,390381,390722,391054,335,341,332,0.9222222222222223,389956,390812,390964,391144,0,0.0,False,False
1264,114_01008,114,1008,360.0,390381,390722,391054,391378,341,332,324,0.9,390291,391144,391288,391468,0,0.0,False,False
1265,114_01009,114,1009,360.0,390722,391054,391378,391749,332,324,371,1.0305555555555554,390632,391468,391659,391839,0,0.0,False,False
1266,114_01010,114,1010,360.0,391054,391378,391749,392094,324,371,345,0.9583333333333334,390964,391839,392004,392184,0,0.0,False,False
1267,114_01011,114,1011,360.0,391378,391749,392094,392421,371,345,327,0.9083333333333333,391288,392184,392331,392511,0,0.0,False,False
1268,114_01012,114,1012,360.0,391749,392094,392421,392751,345,327,330,0.9166666666666666,391659,392511,392661,392841,0,0.0,False,False
1269,114_01013,114,1013,360.0,392094,392421,392751,393091,327,330,340,0.9444444444444444,392004,392841,393001,393181,0,0.0,False,False
1270,114_01014,114,1014,360.0,392421,392751,393091,393406,330,340,315,0.875,392331,393181,393316,393496,0,0.0,False,False
1271,114_01015,114,1015,360.0,392751,393091,393406,393759,340,315,353,0.9805555555555555,392661,393496,393669,393849,0,0.0,False,False
1272,114_01016,114,1016,360.0,393091,393406,393759,394126,315,353,367,1.0194444444444444,393001,393849,394036,394216,0,0.0,False,False
1273,114_01017,114,1017,360.0,393406,393759,394126,394463,353,367,337,0.9361111111111111,393316,394216,394373,394553,0,0.0,False,False
1274,114_01018,114,1018,360.0,393759,394126,394463,394801,367,337,338,0.9388888888888889,393669,394553,394711,394891,0,0.0,False,False
1275,114_01019,114,1019,360.0,394126,394463,394801,395139,337,338,338,0.9388888888888889,394036,394891,395049,395229,0,0.0,False,False
1276,114_01020,114,1020,360.0,394463,394801,395139,395476,338,338,337,0.9361111111111111,394373,395229,395386,395566,0,0.0,False,False
1277,114_01021,114,1021,360.0,394801,395139,395476,395824,338,337,348,0.9666666666666667,394711,395566,395734,395914,0,0.0,False,False
1278,114_01022,114,1022,360.0,395139,395476,395824,396202,337,348,378,1.05,395049,395914,396112,396292,0,0.0,False,False
1279,114_01023,114,1023,360.0,395476,395824,396202,396556,348,378,354,0.9833333333333333,395386,396292,396466,396646,0,0.0,False,False
1280,114_01024,114,1024,360.0,395824,396202,396556,396888,378,354,332,0.9222222222222223,395734,396646,396798,396978,0,0.0,False,False
1281,114_01025,114,1025,360.0,396202,396556,396888,397226,354,332,338,0.9388888888888889,396112,396978,397136,397316,0,0.0,False,False
1282,114_01026,114,1026,360.0,396556,396888,397226,397562,332,338,336,0.9333333333333333,396466,397316,397472,397652,0,0.0,False,False
1283,114_01027,114,1027,360.0,396888,397226,397562,397886,338,336,324,0.9,396798,397652,397796,397976,0,0.0,False,False
1284,114_01028,114,1028,360.0,397226,397562,397886,398237,336,324,351,0.975,397136,397976,398147,398327,0,0.0,False,False
1285,114_01029,114,1029,360.0,397562,397886,398237,398592,324,351,355,0.9861111111111112,397472,398327,398502,398682,0,0.0,False,False
1286,114_01030,114,1030,360.0,397886,398237,398592,398916,351,355,324,0.9,397796,398682,398826,399006,0,0.0,False,False
1287,114_01031,114,1031,360.0,398237,398592,398916,399249,355,324,333,0.925,398147,399006,399159,399339,0,0.0,False,False
1288,114_01032,114,1032,360.0,398592,398916,399249,399574,324,333,325,0.9027777777777778,398502,399339,399484,399664,0,0.0,False,False
1289,114_01033,114,1033,360.0,398916,399249,399574,399890,333,325,316,0.8777777777777778,398826,399664,399800,399980,0,0.0,False,False
1290,114_01034,114,1034,360.0,399249,399574,399890,400236,325,316,346,0.9611111111111111,399159,399980,400146,400326,0,0.0,False,False
1291,114_01035,114,1035,360.0,399574,399890,400236,400592,316,346,356,0.9888888888888889,399484,400326,400502,400682,0,0.0,False,False
1292,114_01036,114,1036,360.0,399890,400236,400592,400934,346,356,342,0.95,399800,400682,400844,401024,0,0.0,False,False
1293,114_01037,114,1037,360.0,400236,400592,400934,401255,356,342,321,0.8916666666666667,400146,401024,401165,401345,0,0.0,False,False
1294,114_01038,114,1038,360.0,400592,400934,401255,401579,342,321,324,0.9,400502,401345,401489,401669,0,0.0,False,False
1295,114_01039,114,1039,360.0,400934,401255,401579,401910,321,324,331,0.9194444444444444,400844,401669,401820,402000,0,0.0,False,False
1296,114_01040,114,1040,360.0,401255,401579,401910,402233,324,331,323,0.8972222222222223,401165,402000,402143,402323,0,0.0,False,False
1297,114_01041,114,1041,360.0,401579,401910,402233,402569,331,323,336,0.9333333333333333,401489,402323,402479,402659,0,0.0,False,False
1298,114_01042,114,1042,360.0,401910,402233,402569,402919,323,336,350,0.9722222222222222,401820,402659,402829,403009,0,0.0,False,False
1299,114_01043,114,1043,360.0,402233,402569,402919,403244,336,350,325,0.9027777777777778,402143,403009,403154,403334,0,0.0,False,False
1300,114_01044,114,1044,360.0,402569,402919,403244,403573,350,325,329,0.9138888888888889,402479,403334,403483,403663,0,0.0,False,False
1301,114_01045,114,1045,360.0,402919,403244,403573,403899,325,329,326,0.9055555555555556,402829,403663,403809,403989,0,0.0,False,False
1302,114_01046,114,1046,360.0,403244,403573,403899,404225,329,326,326,0.9055555555555556,403154,403989,404135,404315,0,0.0,False,False
1303,114_01047,114,1047,360.0,403573,403899,404225,404570,326,326,345,0.9583333333333334,403483,404315,404480,404660,0,0.0,False,False
1304,114_01048,114,1048,360.0,403899,404225,404570,404926,326,345,356,0.9888888888888889,403809,404660,404836,405016,0,0.0,False,False
1305,114_01049,114,1049,360.0,404225,404570,404926,405278,345,356,352,0.9777777777777777,404135,405016,405188,405368,0,0.0,False,False
1306,114_01050,114,1050,360.0,404570,404926,405278,405610,356,352,332,0.9222222222222223,404480,405368,405520,405700,0,0.0,False,False
1307,114_01051,114,1051,360.0,404926,405278,405610,405942,352,332,332,0.9222222222222223,404836,405700,405852,406032,0,0.0,False,False
1308,114_01052,114,1052,360.0,405278,405610,405942,406271,332,332,329,0.9138888888888889,405188,406032,406181,406361,0,0.0,False,False
1309,114_01053,114,1053,360.0,405610,405942,406271,406604,332,329,333,0.925,405520,406361,406514,406694,0,0.0,False,False
1310,114_01054,114,1054,360.0,405942,406271,406604,406949,329,333,345,0.9583333333333334,405852,406694,406859,407039,0,0.0,False,False
1311,114_01055,114,1055,360.0,406271,406604,406949,407298,333,345,349,0.9694444444444444,406181,407039,407208,407388,0,0.0,False,False
1312,114_01056,114,1056,360.0,406604,406949,407298,407624,345,349,326,0.9055555555555556,406514,407388,407534,407714,0,0.0,False,False
1313,114_01057,114,1057,360.0,406949,407298,407624,407946,349,326,322,0.8944444444444445,406859,407714,407856,408036,0,0.0,False,False
1314,114_01058,114,1058,360.0,407298,407624,407946,408270,326,322,324,0.9,407208,408036,408180,408360,0,0.0,False,False
1315,114_01059,114,1059,360.0,407624,407946,408270,408593,322,324,323,0.8972222222222223,407534,408360,408503,408683,0,0.0,False,False
1316,114_01060,114,1060,360.0,407946,408270,408593,408943,324,323,350,0.9722222222222222,407856,408683,408853,409033,0,0.0,False,False
1317,114_01061,114,1061,360.0,408270,408593,408943,409284,323,350,341,0.9472222222222222,408180,409033,409194,409374,0,0.0,False,False
1318,114_01062,114,1062,360.0,408593,408943,409284,409624,350,341,340,0.9444444444444444,408503,409374,409534,409714,0,0.0,False,False
1319,114_01063,114,1063,360.0,408943,409284,409624,409956,341,340,332,0.9222222222222223,408853,409714,409866,410046,0,0.0,False,False
1320,114_01064,114,1064,360.0,409284,409624,409956,410282,340,332,326,0.9055555555555556,409194,410046,410192,410372,0,0.0,False,False
1321,114_01065,114,1065,360.0,409624,409956,410282,410602,332,326,320,0.8888888888888888,409534,410372,410512,410692,0,0.0,False,False
1322,114_01066,114,1066,360.0,409956,410282,410602,410945,326,320,343,0.9527777777777777,409866,410692,410855,411035,0,0.0,False,False
1323,114_01067,114,1067,360.0,410282,410602,410945,411288,320,343,343,0.9527777777777777,410192,411035,411198,411378,0,0.0,False,False
1324,114_01068,114,1068,360.0,410602,410945,411288,411627,343,343,339,0.9416666666666667,410512,411378,411537,411717,0,0.0,False,False
1325,114_01069,114,1069,360.0,410945,411288,411627,411956,343,339,329,0.9138888888888889,410855,411717,411866,412046,0,0.0,False,False
1326,114_01070,114,1070,360.0,411288,411627,411956,412275,339,329,319,0.8861111111111111,411198,412046,412185,412365,0,0.0,False,False
1327,114_01071,114,1071,360.0,411627,411956,412275,412596,329,319,321,0.8916666666666667,411537,412365,412506,412686,0,0.0,False,False
1328,114_01072,114,1072,360.0,411956,412275,412596,412912,319,321,316,0.8777777777777778,411866,412686,412822,413002,0,0.0,False,False
1329,114_01073,114,1073,360.0,412275,412596,412912,413264,321,316,352,0.9777777777777777,412185,413002,413174,413354,0,0.0,False,False
1330,114_01074,114,1074,360.0,412596,412912,413264,413611,316,352,347,0.9638888888888889,412506,413354,413521,413701,0,0.0,False,False
1331,114_01075,114,1075,360.0,412912,413264,413611,413952,352,347,341,0.9472222222222222,412822,413701,413862,414042,0,0.0,False,False
1332,114_01076,114,1076,360.0,413264,413611,413952,414294,347,341,342,0.95,413174,414042,414204,414384,0,0.0,False,False
1333,114_01077,114,1077,360.0,413611,413952,414294,414624,341,342,330,0.9166666666666666,413521,414384,414534,414714,0,0.0,False,False
1334,114_01078,114,1078,360.0,413952,414294,414624,414943,342,330,319,0.8861111111111111,413862,414714,414853,415033,0,0.0,False,False
1335,114_01079,114,1079,360.0,414294,414624,414943,415303,330,319,360,1.0,414204,415033,415213,415393,0,0.0,False,False
1336,114_01080,114,1080,360.0,414624,414943,415303,415666,319,360,363,1.0083333333333333,414534,415393,415576,415756,0,0.0,False,False
1337,114_01081,114,1081,360.0,414943,415303,415666,416004,360,363,338,0.9388888888888889,414853,415756,415914,416094,0,0.0,False,False
1338,114_01082,114,1082,360.0,415303,415666,416004,416350,363,338,346,0.9611111111111111,415213,416094,416260,416440,0,0.0,False,False
1339,114_01083,114,1083,360.0,415666,416004,416350,416677,338,346,327,0.9083333333333333,415576,416440,416587,416767,0,0.0,False,False
1340,114_01084,114,1084,360.0,416004,416350,416677,417000,346,327,323,0.8972222222222223,415914,416767,416910,417090,0,0.0,False,False
1341,114_01085,114,1085,360.0,416350,416677,417000,417325,327,323,325,0.9027777777777778,416260,417090,417235,417415,0,0.0,False,False
1342,114_01086,114,1086,360.0,416677,417000,417325,417690,323,325,365,1.0138888888888888,416587,417415,417600,417780,0,0.0,False,False
1343,114_01087,114,1087,360.0,417000,417325,417690,418029,325,365,339,0.9416666666666667,416910,417780,417939,418119,0,0.0,False,False
1344,114_01088,114,1088,360.0,417325,417690,418029,418358,365,339,329,0.9138888888888889,417235,418119,418268,418448,0,0.0,False,False
1345,114_01089,114,1089,360.0,417690,418029,418358,418697,339,329,339,0.9416666666666667,417600,418448,418607,418787,0,0.0,False,False
1346,114_01090,114,1090,360.0,418029,418358,418697,419023,329,339,326,0.9055555555555556,417939,418787,418933,419113,0,0.0,False,False
1347,114_01091,114,1091,360.0,418358,418697,419023,419336,339,326,313,0.8694444444444445,418268,419113,419246,419426,0,0.0,False,False
1348,114_01092,114,1092,360.0,418697,419023,419336,419689,326,313,353,0.9805555555555555,418607,419426,419599,419779,0,0.0,False,False
1349,114_01093,114,1093,360.0,419023,419336,419689,420046,313,353,357,0.9916666666666667,418933,419779,419956,420136,0,0.0,False,False
1350,114_01094,114,1094,360.0,419336,419689,420046,420376,353,357,330,0.9166666666666666,419246,420136,420286,420466,0,0.0,False,False
1351,114_01095,114,1095,360.0,419689,420046,420376,420710,357,330,334,0.9277777777777778,419599,420466,420620,420800,0,0.0,False,False
1352,114_01096,114,1096,360.0,420046,420376,420710,421042,330,334,332,0.9222222222222223,419956,420800,420952,421132,0,0.0,False,False
1353,114_01097,114,1097,360.0,420376,420710,421042,421360,334,332,318,0.8833333333333333,420286,421132,421270,421450,0,0.0,False,False
1354,114_01098,114,1098,360.0,420710,421042,421360,421695,332,318,335,0.9305555555555556,420620,421450,421605,421785,0,0.0,False,False
1355,114_01099,114,1099,360.0,421042,421360,421695,422040,318,335,345,0.9583333333333334,420952,421785,421950,422130,0,0.0,False,False
1356,114_01100,114,1100,360.0,421360,421695,422040,422389,335,345,349,0.9694444444444444,421270,422130,422299,422479,0,0.0,False,False
1357,114_01101,114,1101,360.0,421695,422040,422389,422710,345,349,321,0.8916666666666667,421605,422479,422620,422800,0,0.0,False,False
1358,114_01102,114,1102,360.0,422040,422389,422710,423050,349,321,340,0.9444444444444444,421950,422800,422960,423140,0,0.0,False,False
1359,114_01103,114,1103,360.0,422389,422710,423050,423372,321,340,322,0.8944444444444445,422299,423140,423282,423462,0,0.0,False,False
1360,114_01104,114,1104,360.0,422710,423050,423372,423683,340,322,311,0.8638888888888889,422620,423462,423593,423773,0,0.0,False,False
1361,114_01105,114,1105,360.0,423050,423372,423683,424030,322,311,347,0.9638888888888889,422960,423773,423940,424120,0,0.0,False,False
1362,114_01106,114,1106,360.0,423372,423683,424030,424379,311,347,349,0.9694444444444444,423282,424120,424289,424469,0,0.0,False,False
1363,114_01107,114,1107,360.0,423683,424030,424379,424716,347,349,337,0.9361111111111111,423593,424469,424626,424806,0,0.0,False,False
1364,114_01108,114,1108,360.0,424030,424379,424716,425047,349,337,331,0.9194444444444444,423940,424806,424957,425137,0,0.0,False,False
1365,114_01109,114,1109,360.0,424379,424716,425047,425383,337,331,336,0.9333333333333333,424289,425137,425293,425473,0,0.0,False,False
1366,114_01110,114,1110,360.0,424716,425047,425383,425709,331,336,326,0.9055555555555556,424626,425473,425619,425799,0,0.0,False,False
1367,114_01111,114,1111,360.0,425047,425383,425709,426045,336,326,336,0.9333333333333333,424957,425799,425955,426135,0,0.0,False,False
1368,114_01112,114,1112,360.0,425383,425709,426045,426405,326,336,360,1.0,425293,426135,426315,426495,0,0.0,False,False
1369,114_01113,114,1113,360.0,425709,426045,426405,426766,336,360,361,1.0027777777777778,425619,426495,426676,426856,0,0.0,False,False
1370,114_01114,114,1114,360.0,426045,426405,426766,427100,360,361,334,0.9277777777777778,425955,426856,427010,427190,0,0.0,False,False
1371,114_01115,114,1115,360.0,426405,426766,427100,427440,361,334,340,0.9444444444444444,426315,427190,427350,427530,0,0.0,False,False
1372,114_01116,114,1116,360.0,426766,427100,427440,427775,334,340,335,0.9305555555555556,426676,427530,427685,427865,0,0.0,False,False
1373,114_01117,114,1117,360.0,427100,427440,427775,428101,340,335,326,0.9055555555555556,427010,427865,428011,428191,0,0.0,False,False
1374,114_01118,114,1118,360.0,427440,427775,428101,428453,335,326,352,0.9777777777777777,427350,428191,428363,428543,0,0.0,False,False
1375,114_01119,114,1119,360.0,427775,428101,428453,428801,326,352,348,0.9666666666666667,427685,428543,428711,428891,0,0.0,False,False
1376,114_01120,114,1120,360.0,428101,428453,428801,429139,352,348,338,0.9388888888888889,428011,428891,429049,429229,0,0.0,False,False
1377,114_01121,114,1121,360.0,428453,428801,429139,429468,348,338,329,0.9138888888888889,428363,429229,429378,429558,0,0.0,False,False
1378,114_01122,114,1122,360.0,428801,429139,429468,429805,338,329,337,0.9361111111111111,428711,429558,429715,429895,0,0.0,False,False
1379,114_01123,114,1123,360.0,429139,429468,429805,430123,329,337,318,0.8833333333333333,429049,429895,430033,430213,0,0.0,False,False
1380,114_01124,114,1124,360.0,429468,429805,430123,430465,337,318,342,0.95,429378,430213,430375,430555,0,0.0,False,False
1381,114_01125,114,1125,360.0,429805,430123,430465,430818,318,342,353,0.9805555555555555,429715,430555,430728,430908,0,0.0,False,False
1382,114_01126,114,1126,360.0,430123,430465,430818,431163,342,353,345,0.9583333333333334,430033,430908,431073,431253,0,0.0,False,False
1383,114_01127,114,1127,360.0,430465,430818,431163,431493,353,345,330,0.9166666666666666,430375,431253,431403,431583,0,0.0,False,False
1384,114_01128,114,1128,360.0,430818,431163,431493,431821,345,330,328,0.9111111111111111,430728,431583,431731,431911,0,0.0,False,False
1385,114_01129,114,1129,360.0,431163,431493,431821,432148,330,328,327,0.9083333333333333,431073,431911,432058,432238,0,0.0,False,False
1386,114_01130,114,1130,360.0,431493,431821,432148,432478,328,327,330,0.9166666666666666,431403,432238,432388,432568,0,0.0,False,False
1387,114_01131,114,1131,360.0,431821,432148,432478,432828,327,330,350,0.9722222222222222,431731,432568,432738,432918,0,0.0,False,False
1388,114_01132,114,1132,360.0,432148,432478,432828,433170,330,350,342,0.95,432058,432918,433080,433260,0,0.0,False,False
1389,114_01133,114,1133,360.0,432478,432828,433170,433509,350,342,339,0.9416666666666667,432388,433260,433419,433599,0,0.0,False,False
1390,114_01134,114,1134,360.0,432828,433170,433509,433834,342,339,325,0.9027777777777778,432738,433599,433744,433924,0,0.0,False,False
1391,114_01135,114,1135,360.0,433170,433509,433834,434168,339,325,334,0.9277777777777778,433080,433924,434078,434258,0,0.0,False,False
1392,114_01136,114,1136,360.0,433509,433834,434168,434493,325,334,325,0.9027777777777778,433419,434258,434403,434583,0,0.0,False,False
1393,114_01137,114,1137,360.0,433834,434168,434493,434832,334,325,339,0.9416666666666667,433744,434583,434742,434922,0,0.0,False,False
1394,114_01138,114,1138,360.0,434168,434493,434832,435182,325,339,350,0.9722222222222222,434078,434922,435092,435272,0,0.0,False,False
1395,114_01139,114,1139,360.0,434493,434832,435182,435523,339,350,341,0.9472222222222222,434403,435272,435433,435613,0,0.0,False,False
1396,114_01140,114,1140,360.0,434832,435182,435523,435849,350,341,326,0.9055555555555556,434742,435613,435759,435939,0,0.0,False,False
1397,114_01141,114,1141,360.0,435182,435523,435849,436165,341,326,316,0.8777777777777778,435092,435939,436075,436255,0,0.0,False,False
1398,114_01142,114,1142,360.0,435523,435849,436165,436489,326,316,324,0.9,435433,436255,436399,436579,0,0.0,False,False
1399,114_01143,114,1143,360.0,435849,436165,436489,436810,316,324,321,0.8916666666666667,435759,436579,436720,436900,0,0.0,False,False
1400,114_01144,114,1144,360.0,436165,436489,436810,437148,324,321,338,0.9388888888888889,436075,436900,437058,437238,0,0.0,False,False
1401,114_01145,114,1145,360.0,436489,436810,437148,437488,321,338,340,0.9444444444444444,436399,437238,437398,437578,0,0.0,False,False
1402,114_01146,114,1146,360.0,436810,437148,437488,437815,338,340,327,0.9083333333333333,436720,437578,437725,437905,0,0.0,False,False
1403,114_01147,114,1147,360.0,437148,437488,437815,438134,340,327,319,0.8861111111111111,437058,437905,438044,438224,0,0.0,False,False
1404,114_01148,114,1148,360.0,437488,437815,438134,438452,327,319,318,0.8833333333333333,437398,438224,438362,438542,0,0.0,False,False
1405,114_01149,114,1149,360.0,437815,438134,438452,438767,319,318,315,0.875,437725,438542,438677,438857,0,0.0,False,False
1406,114_01150,114,1150,360.0,438134,438452,438767,439109,318,315,342,0.95,438044,438857,439019,439199,0,0.0,False,False
1407,114_01151,114,1151,360.0,438452,438767,439109,439456,315,342,347,0.9638888888888889,438362,439199,439366,439546,0,0.0,False,False
1408,114_01152,114,1152,360.0,438767,439109,439456,439790,342,347,334,0.9277777777777778,438677,439546,439700,439880,0,0.0,False,False
1409,114_01153,114,1153,360.0,439109,439456,439790,440129,347,334,339,0.9416666666666667,439019,439880,440039,440219,0,0.0,False,False
1410,114_01154,114,1154,360.0,439456,439790,440129,440452,334,339,323,0.8972222222222223,439366,440219,440362,440542,0,0.0,False,False
1411,114_01155,114,1155,360.0,439790,440129,440452,440786,339,323,334,0.9277777777777778,439700,440542,440696,440876,0,0.0,False,False
1412,114_01156,114,1156,360.0,440129,440452,440786,441127,323,334,341,0.9472222222222222,440039,440876,441037,441217,0,0.0,False,False
1413,114_01157,114,1157,360.0,440452,440786,441127,441474,334,341,347,0.9638888888888889,440362,441217,441384,441564,0,0.0,False,False
1414,114_01158,114,1158,360.0,440786,441127,441474,441828,341,347,354,0.9833333333333333,440696,441564,441738,441918,0,0.0,False,False
1415,114_01159,114,1159,360.0,441127,441474,441828,442165,347,354,337,0.9361111111111111,441037,441918,442075,442255,0,0.0,False,False
1416,114_01160,114,1160,360.0,441474,441828,442165,442508,354,337,343,0.9527777777777777,441384,442255,442418,442598,0,0.0,False,False
1417,114_01161,114,1161,360.0,441828,442165,442508,442844,337,343,336,0.9333333333333333,441738,442598,442754,442934,0,0.0,False,False
1418,114_01162,114,1162,360.0,442165,442508,442844,443182,343,336,338,0.9388888888888889,442075,442934,443092,443272,0,0.0,False,False
1419,114_01163,114,1163,360.0,442508,442844,443182,443544,336,338,362,1.0055555555555555,442418,443272,443454,443634,0,0.0,False,False
1420,114_01164,114,1164,360.0,442844,443182,443544,443907,338,362,363,1.0083333333333333,442754,443634,443817,443997,0,0.0,False,False
1421,114_01165,114,1165,360.0,443182,443544,443907,444245,362,363,338,0.9388888888888889,443092,443997,444155,444335,0,0.0,False,False
1422,114_01166,114,1166,360.0,443544,443907,444245,444589,363,338,344,0.9555555555555556,443454,444335,444499,444679,0,0.0,False,False
1423,114_01167,114,1167,360.0,443907,444245,444589,444920,338,344,331,0.9194444444444444,443817,444679,444830,445010,0,0.0,False,False
1424,114_01168,114,1168,360.0,444245,444589,444920,445232,344,331,312,0.8666666666666667,444155,445010,445142,445322,0,0.0,False,False
1425,114_01169,114,1169,360.0,444589,444920,445232,445582,331,312,350,0.9722222222222222,444499,445322,445492,445672,0,0.0,False,False
1426,114_01170,114,1170,360.0,444920,445232,445582,445922,312,350,340,0.9444444444444444,444830,445672,445832,446012,0,0.0,False,False
1427,114_01171,114,1171,360.0,445232,445582,445922,446263,350,340,341,0.9472222222222222,445142,446012,446173,446353,0,0.0,False,False
1428,114_01172,114,1172,360.0,445582,445922,446263,446585,340,341,322,0.8944444444444445,445492,446353,446495,446675,0,0.0,False,False
1429,114_01173,114,1173,360.0,445922,446263,446585,446909,341,322,324,0.9,445832,446675,446819,446999,0,0.0,False,False
1430,114_01174,114,1174,360.0,446263,446585,446909,447228,322,324,319,0.8861111111111111,446173,446999,447138,447318,0,0.0,False,False
1431,114_01175,114,1175,360.0,446585,446909,447228,447540,324,319,312,0.8666666666666667,446495,447318,447450,447630,0,0.0,False,False
1432,114_01176,114,1176,360.0,446909,447228,447540,447891,319,312,351,0.975,446819,447630,447801,447981,0,0.0,False,False
1433,114_01177,114,1177,360.0,447228,447540,447891,448223,312,351,332,0.9222222222222223,447138,447981,448133,448313,0,0.0,False,False
1434,114_01178,114,1178,360.0,447540,447891,448223,448543,351,332,320,0.8888888888888888,447450,448313,448453,448633,0,0.0,False,False
1435,114_01179,114,1179,360.0,447891,448223,448543,448862,332,320,319,0.8861111111111111,447801,448633,448772,448952,0,0.0,False,False
1436,114_01180,114,1180,360.0,448223,448543,448862,449175,320,319,313,0.8694444444444445,448133,448952,449085,449265,0,0.0,False,False
1437,114_01181,114,1181,360.0,448543,448862,449175,449471,319,313,296,0.8222222222222222,448453,449265,449381,449561,0,0.0,False,False
1438,114_01182,114,1182,360.0,448862,449175,449471,449789,313,296,318,0.8833333333333333,448772,449561,449699,449879,0,0.0,False,False
1439,114_01183,114,1183,360.0,449175,449471,449789,450124,296,318,335,0.9305555555555556,449085,449879,450034,450214,0,0.0,False,False
1440,114_01184,114,1184,360.0,449471,449789,450124,450440,318,335,316,0.8777777777777778,449381,450214,450350,450530,0,0.0,False,False
1441,114_01185,114,1185,360.0,449789,450124,450440,450745,335,316,305,0.8472222222222222,449699,450530,450655,450835,0,0.0,False,False
1442,114_01186,114,1186,360.0,450124,450440,450745,451045,316,305,300,0.8333333333333334,450034,450835,450955,451135,0,0.0,False,False
1443,114_01187,114,1187,360.0,450440,450745,451045,451349,305,300,304,0.8444444444444444,450350,451135,451259,451439,0,0.0,False,False
1444,114_01188,114,1188,360.0,450745,451045,451349,451632,300,304,283,0.7861111111111111,450655,451439,451542,451722,0,0.0,False,False
1445,114_01189,114,1189,360.0,451045,451349,451632,451930,304,283,298,0.8277777777777777,450955,451722,451840,452020,0,0.0,False,False
1446,114_01190,114,1190,360.0,451349,451632,451930,452272,283,298,342,0.95,451259,452020,452182,452362,0,0.0,False,False
1447,114_01191,114,1191,360.0,451632,451930,452272,452587,298,342,315,0.875,451542,452362,452497,452677,0,0.0,False,False
1448,114_01192,114,1192,360.0,451930,452272,452587,452886,342,315,299,0.8305555555555556,451840,452677,452796,452976,0,0.0,False,False
1449,114_01193,114,1193,360.0,452272,452587,452886,453194,315,299,308,0.8555555555555555,452182,452976,453104,453284,0,0.0,False,False
1450,114_01194,114,1194,360.0,452587,452886,453194,453497,299,308,303,0.8416666666666667,452497,453284,453407,453587,0,0.0,False,False
1451,114_01195,114,1195,360.0,452886,453194,453497,453798,308,303,301,0.8361111111111111,452796,453587,453708,453888,0,0.0,False,False
1452,114_01196,114,1196,360.0,453194,453497,453798,454110,303,301,312,0.8666666666666667,453104,453888,454020,454200,0,0.0,False,False
1453,114_01197,114,1197,360.0,453497,453798,454110,454451,301,312,341,0.9472222222222222,453407,454200,454361,454541,0,0.0,False,False
1454,114_01198,114,1198,360.0,453798,454110,454451,454785,312,341,334,0.9277777777777778,453708,454541,454695,454875,0,0.0,False,False
1455,114_01199,114,1199,360.0,454110,454451,454785,455089,341,334,304,0.8444444444444444,454020,454875,454999,455179,0,0.0,False,False
1456,114_01200,114,1200,360.0,454451,454785,455089,455400,334,304,311,0.8638888888888889,454361,455179,455310,455490,0,0.0,False,False
1457,114_01201,114,1201,360.0,454785,455089,455400,455713,304,311,313,0.8694444444444445,454695,455490,455623,455803,0,0.0,False,False
1458,114_01202,114,1202,360.0,455089,455400,455713,456008,311,313,295,0.8194444444444444,454999,455803,455918,456098,0,0.0,False,False
1459,114_01203,114,1203,360.0,455400,455713,456008,456337,313,295,329,0.9138888888888889,455310,456098,456247,456427,0,0.0,False,False
1460,114_01204,114,1204,360.0,455713,456008,456337,456676,295,329,339,0.9416666666666667,455623,456427,456586,456766,0,0.0,False,False
1461,114_01205,114,1205,360.0,456008,456337,456676,457006,329,339,330,0.9166666666666666,455918,456766,456916,457096,0,0.0,False,False
1462,114_01206,114,1206,360.0,456337,456676,457006,457316,339,330,310,0.8611111111111112,456247,457096,457226,457406,0,0.0,False,False
1463,114_01207,114,1207,360.0,456676,457006,457316,457624,330,310,308,0.8555555555555555,456586,457406,457534,457714,0,0.0,False,False
1464,114_01208,114,1208,360.0,457006,457316,457624,457938,310,308,314,0.8722222222222222,456916,457714,457848,458028,0,0.0,False,False
1465,114_01209,114,1209,360.0,457316,457624,457938,458248,308,314,310,0.8611111111111112,457226,458028,458158,458338,0,0.0,False,False
1466,114_01210,114,1210,360.0,457624,457938,458248,458574,314,310,326,0.9055555555555556,457534,458338,458484,458664,0,0.0,False,False
1467,114_01211,114,1211,360.0,457938,458248,458574,458916,310,326,342,0.95,457848,458664,458826,459006,0,0.0,False,False
1468,114_01212,114,1212,360.0,458248,458574,458916,459246,326,342,330,0.9166666666666666,458158,459006,459156,459336,0,0.0,False,False
1469,114_01213,114,1213,360.0,458574,458916,459246,459552,342,330,306,0.85,458484,459336,459462,459642,0,0.0,False,False
1470,114_01214,114,1214,360.0,458916,459246,459552,459861,330,306,309,0.8583333333333333,458826,459642,459771,459951,0,0.0,False,False
1471,114_01215,114,1215,360.0,459246,459552,459861,460175,306,309,314,0.8722222222222222,459156,459951,460085,460265,0,0.0,False,False
1472,114_01216,114,1216,360.0,459552,459861,460175,460486,309,314,311,0.8638888888888889,459462,460265,460396,460576,0,0.0,False,False
1473,114_01217,114,1217,360.0,459861,460175,460486,460822,314,311,336,0.9333333333333333,459771,460576,460732,460912,0,0.0,False,False
1474,114_01218,114,1218,360.0,460175,460486,460822,461159,311,336,337,0.9361111111111111,460085,460912,461069,461249,0,0.0,False,False
1475,114_01219,114,1219,360.0,460486,460822,461159,461477,336,337,318,0.8833333333333333,460396,461249,461387,461567,0,0.0,False,False
1476,114_01220,114,1220,360.0,460822,461159,461477,461794,337,318,317,0.8805555555555555,460732,461567,461704,461884,0,0.0,False,False
1477,114_01221,114,1221,360.0,461159,461477,461794,462102,318,317,308,0.8555555555555555,461069,461884,462012,462192,0,0.0,False,False
1478,114_01222,114,1222,360.0,461477,461794,462102,462413,317,308,311,0.8638888888888889,461387,462192,462323,462503,0,0.0,False,False
1479,114_01223,114,1223,360.0,461794,462102,462413,462731,308,311,318,0.8833333333333333,461704,462503,462641,462821,0,0.0,False,False
1480,114_01224,114,1224,360.0,462102,462413,462731,463054,311,318,323,0.8972222222222223,462012,462821,462964,463144,0,0.0,False,False
1481,114_01225,114,1225,360.0,462413,462731,463054,463400,318,323,346,0.9611111111111111,462323,463144,463310,463490,0,0.0,False,False
1482,114_01226,114,1226,360.0,462731,463054,463400,463715,323,346,315,0.875,462641,463490,463625,463805,0,0.0,False,False
1483,114_01227,114,1227,360.0,463054,463400,463715,464029,346,315,314,0.8722222222222222,462964,463805,463939,464119,0,0.0,False,False
1484,114_01228,114,1228,360.0,463400,463715,464029,464343,315,314,314,0.8722222222222222,463310,464119,464253,464433,0,0.0,False,False
1485,114_01229,114,1229,360.0,463715,464029,464343,464648,314,314,305,0.8472222222222222,463625,464433,464558,464738,0,0.0,False,False
1486,114_01230,114,1230,360.0,464029,464343,464648,464978,314,305,330,0.9166666666666666,463939,464738,464888,465068,0,0.0,False,False
1487,114_01231,114,1231,360.0,464343,464648,464978,465297,305,330,319,0.8861111111111111,464253,465068,465207,465387,0,0.0,False,False
1488,114_01232,114,1232,360.0,464648,464978,465297,465627,330,319,330,0.9166666666666666,464558,465387,465537,465717,0,0.0,False,False
1489,114_01233,114,1233,360.0,464978,465297,465627,465937,319,330,310,0.8611111111111112,464888,465717,465847,466027,0,0.0,False,False
1490,114_01234,114,1234,360.0,465297,465627,465937,466237,330,310,300,0.8333333333333334,465207,466027,466147,466327,0,0.0,False,False
1491,114_01235,114,1235,360.0,465627,465937,466237,466535,310,300,298,0.8277777777777777,465537,466327,466445,466625,0,0.0,False,False
1492,114_01236,114,1236,360.0,465937,466237,466535,466839,300,298,304,0.8444444444444444,465847,466625,466749,466929,0,0.0,False,False
1493,114_01237,114,1237,360.0,466237,466535,466839,467161,298,304,322,0.8944444444444445,466147,466929,467071,467251,0,0.0,False,False
1494,114_01238,114,1238,360.0,466535,466839,467161,467476,304,322,315,0.875,466445,467251,467386,467566,0,0.0,False,False
1495,114_01239,114,1239,360.0,466839,467161,467476,467813,322,315,337,0.9361111111111111,466749,467566,467723,467903,0,0.0,False,False
1496,114_01240,114,1240,360.0,467161,467476,467813,468117,315,337,304,0.8444444444444444,467071,467903,468027,468207,0,0.0,False,False
1497,114_01241,114,1241,360.0,467476,467813,468117,468417,337,304,300,0.8333333333333334,467386,468207,468327,468507,0,0.0,False,False
1498,114_01242,114,1242,360.0,467813,468117,468417,468723,304,300,306,0.85,467723,468507,468633,468813,0,0.0,False,False
1499,114_01243,114,1243,360.0,468117,468417,468723,469014,300,306,291,0.8083333333333333,468027,468813,468924,469104,0,0.0,False,False
1500,114_01244,114,1244,360.0,468417,468723,469014,469346,306,291,332,0.9222222222222223,468327,469104,469256,469436,0,0.0,False,False
1501,114_01245,114,1245,360.0,468723,469014,469346,469662,291,332,316,0.8777777777777778,468633,469436,469572,469752,0,0.0,False,False
1502,114_01246,114,1246,360.0,469014,469346,469662,469990,332,316,328,0.9111111111111111,468924,469752,469900,470080,0,0.0,False,False
1503,114_01247,114,1247,360.0,469346,469662,469990,470299,316,328,309,0.8583333333333333,469256,470080,470209,470389,0,0.0,False,False
1504,114_01248,114,1248,360.0,469662,469990,470299,470594,328,309,295,0.8194444444444444,469572,470389,470504,470684,0,0.0,False,False
1505,114_01249,114,1249,360.0,469990,470299,470594,470901,309,295,307,0.8527777777777777,469900,470684,470811,470991,0,0.0,False,False
1506,114_01250,114,1250,360.0,470299,470594,470901,471196,295,307,295,0.8194444444444444,470209,470991,471106,471286,0,0.0,False,False
1507,114_01251,114,1251,360.0,470594,470901,471196,471524,307,295,328,0.9111111111111111,470504,471286,471434,471614,0,0.0,False,False
1508,114_01252,114,1252,360.0,470901,471196,471524,471855,295,328,331,0.9194444444444444,470811,471614,471765,471945,0,0.0,False,False
1509,114_01253,114,1253,360.0,471196,471524,471855,472179,328,331,324,0.9,471106,471945,472089,472269,0,0.0,False,False
1510,114_01254,114,1254,360.0,471524,471855,472179,472491,331,324,312,0.8666666666666667,471434,472269,472401,472581,0,0.0,False,False
1511,114_01255,114,1255,360.0,471855,472179,472491,472800,324,312,309,0.8583333333333333,471765,472581,472710,472890,0,0.0,False,False
1512,114_01256,114,1256,360.0,472179,472491,472800,473110,312,309,310,0.8611111111111112,472089,472890,473020,473200,0,0.0,False,False
1513,114_01257,114,1257,360.0,472491,472800,473110,473421,309,310,311,0.8638888888888889,472401,473200,473331,473511,0,0.0,False,False
1514,114_01258,114,1258,360.0,472800,473110,473421,473761,310,311,340,0.9444444444444444,472710,473511,473671,473851,0,0.0,False,False
1515,114_01259,114,1259,360.0,473110,473421,473761,474091,311,340,330,0.9166666666666666,473020,473851,474001,474181,0,0.0,False,False
1516,114_01260,114,1260,360.0,473421,473761,474091,474421,340,330,330,0.9166666666666666,473331,474181,474331,474511,0,0.0,False,False
1517,114_01261,114,1261,360.0,473761,474091,474421,474755,330,330,334,0.9277777777777778,473671,474511,474665,474845,0,0.0,False,False
1518,114_01262,114,1262,360.0,474091,474421,474755,475061,330,334,306,0.85,474001,474845,474971,475151,0,0.0,False,False
1519,114_01263,114,1263,360.0,474421,474755,475061,475377,334,306,316,0.8777777777777778,474331,475151,475287,475467,0,0.0,False,False
1520,114_01264,114,1264,360.0,474755,475061,475377,475710,306,316,333,0.925,474665,475467,475620,475800,0,0.0,False,False
1521,114_01265,114,1265,360.0,475061,475377,475710,476052,316,333,342,0.95,474971,475800,475962,476142,0,0.0,False,False
1522,114_01266,114,1266,360.0,475377,475710,476052,476391,333,342,339,0.9416666666666667,475287,476142,476301,476481,0,0.0,False,False
1523,114_01267,114,1267,360.0,475710,476052,476391,476720,342,339,329,0.9138888888888889,475620,476481,476630,476810,0,0.0,False,False
1524,114_01268,114,1268,360.0,476052,476391,476720,477039,339,329,319,0.8861111111111111,475962,476810,476949,477129,0,0.0,False,False
1525,114_01269,114,1269,360.0,476391,476720,477039,477355,329,319,316,0.8777777777777778,476301,477129,477265,477445,0,0.0,False,False
1526,114_01270,114,1270,360.0,476720,477039,477355,477658,319,316,303,0.8416666666666667,476630,477445,477568,477748,0,0.0,False,False
1527,114_01271,114,1271,360.0,477039,477355,477658,477995,316,303,337,0.9361111111111111,476949,477748,477905,478085,0,0.0,False,False
1528,114_01272,114,1272,360.0,477355,477658,477995,478336,303,337,341,0.9472222222222222,477265,478085,478246,478426,0,0.0,False,False
1529,114_01273,114,1273,360.0,477658,477995,478336,478661,337,341,325,0.9027777777777778,477568,478426,478571,478751,0,0.0,False,False
1530,114_01274,114,1274,360.0,477995,478336,478661,478981,341,325,320,0.8888888888888888,477905,478751,478891,479071,0,0.0,False,False
1531,114_01275,114,1275,360.0,478336,478661,478981,479300,325,320,319,0.8861111111111111,478246,479071,479210,479390,0,0.0,False,False
1532,114_01276,114,1276,360.0,478661,478981,479300,479607,320,319,307,0.8527777777777777,478571,479390,479517,479697,0,0.0,False,False
1533,114_01277,114,1277,360.0,478981,479300,479607,479913,319,307,306,0.85,478891,479697,479823,480003,0,0.0,False,False
1534,114_01278,114,1278,360.0,479300,479607,479913,480254,307,306,341,0.9472222222222222,479210,480003,480164,480344,0,0.0,False,False
1535,114_01279,114,1279,360.0,479607,479913,480254,480587,306,341,333,0.925,479517,480344,480497,480677,0,0.0,False,False
1536,114_01280,114,1280,360.0,479913,480254,480587,480900,341,333,313,0.8694444444444445,479823,480677,480810,480990,0,0.0,False,False
1537,114_01281,114,1281,360.0,480254,480587,480900,481222,333,313,322,0.8944444444444445,480164,480990,481132,481312,0,0.0,False,False
1538,114_01282,114,1282,360.0,480587,480900,481222,481541,313,322,319,0.8861111111111111,480497,481312,481451,481631,0,0.0,False,False
1539,114_01283,114,1283,360.0,480900,481222,481541,481840,322,319,299,0.8305555555555556,480810,481631,481750,481930,0,0.0,False,False
1540,114_01284,114,1284,360.0,481222,481541,481840,482149,319,299,309,0.8583333333333333,481132,481930,482059,482239,0,0.0,False,False
1541,114_01285,114,1285,360.0,481541,481840,482149,482478,299,309,329,0.9138888888888889,481451,482239,482388,482568,0,0.0,False,False
1542,114_01286,114,1286,360.0,481840,482149,482478,482809,309,329,331,0.9194444444444444,481750,482568,482719,482899,0,0.0,False,False
1543,114_01287,114,1287,360.0,482149,482478,482809,483125,329,331,316,0.8777777777777778,482059,482899,483035,483215,0,0.0,False,False
1544,114_01288,114,1288,360.0,482478,482809,483125,483439,331,316,314,0.8722222222222222,482388,483215,483349,483529,0,0.0,False,False
1545,114_01289,114,1289,360.0,482809,483125,483439,483753,316,314,314,0.8722222222222222,482719,483529,483663,483843,0,0.0,False,False
1546,114_01290,114,1290,360.0,483125,483439,483753,484052,314,314,299,0.8305555555555556,483035,483843,483962,484142,0,0.0,False,False
1547,114_01291,114,1291,360.0,483439,483753,484052,484378,314,299,326,0.9055555555555556,483349,484142,484288,484468,0,0.0,False,False
1548,114_01292,114,1292,360.0,483753,484052,484378,484707,299,326,329,0.9138888888888889,483663,484468,484617,484797,0,0.0,False,False
1549,114_01293,114,1293,360.0,484052,484378,484707,485032,326,329,325,0.9027777777777778,483962,484797,484942,485122,0,0.0,False,False
1550,114_01294,114,1294,360.0,484378,484707,485032,485338,329,325,306,0.85,484288,485122,485248,485428,0,0.0,False,False
1551,114_01295,114,1295,360.0,484707,485032,485338,485647,325,306,309,0.8583333333333333,484617,485428,485557,485737,0,0.0,False,False
1552,114_01296,114,1296,360.0,485032,485338,485647,485959,306,309,312,0.8666666666666667,484942,485737,485869,486049,0,0.0,False,False
1553,114_01297,114,1297,360.0,485338,485647,485959,486251,309,312,292,0.8111111111111111,485248,486049,486161,486341,0,0.0,False,False
1554,114_01298,114,1298,360.0,485647,485959,486251,486574,312,292,323,0.8972222222222223,485557,486341,486484,486664,0,0.0,False,False
1555,114_01299,114,1299,360.0,485959,486251,486574,486905,292,323,331,0.9194444444444444,485869,486664,486815,486995,0,0.0,False,False
1556,114_01300,114,1300,360.0,486251,486574,486905,487237,323,331,332,0.9222222222222223,486161,486995,487147,487327,0,0.0,False,False
1557,114_01301,114,1301,360.0,486574,486905,487237,487541,331,332,304,0.8444444444444444,486484,487327,487451,487631,0,0.0,False,False
1558,114_01302,114,1302,360.0,486905,487237,487541,487845,332,304,304,0.8444444444444444,486815,487631,487755,487935,0,0.0,False,False
1559,114_01303,114,1303,360.0,487237,487541,487845,488155,304,304,310,0.8611111111111112,487147,487935,488065,488245,0,0.0,False,False
1560,114_01304,114,1304,360.0,487541,487845,488155,488452,304,310,297,0.825,487451,488245,488362,488542,0,0.0,False,False
1561,114_01305,114,1305,360.0,487845,488155,488452,488783,310,297,331,0.9194444444444444,487755,488542,488693,488873,0,0.0,False,False
1562,114_01306,114,1306,360.0,488155,488452,488783,489111,297,331,328,0.9111111111111111,488065,488873,489021,489201,0,0.0,False,False
1563,114_01307,114,1307,360.0,488452,488783,489111,489441,331,328,330,0.9166666666666666,488362,489201,489351,489531,0,0.0,False,False
1564,114_01308,114,1308,360.0,488783,489111,489441,489752,328,330,311,0.8638888888888889,488693,489531,489662,489842,0,0.0,False,False
1565,114_01309,114,1309,360.0,489111,489441,489752,490055,330,311,303,0.8416666666666667,489021,489842,489965,490145,0,0.0,False,False
1566,114_01310,114,1310,360.0,489441,489752,490055,490369,311,303,314,0.8722222222222222,489351,490145,490279,490459,0,0.0,False,False
1567,114_01311,114,1311,360.0,489752,490055,490369,490668,303,314,299,0.8305555555555556,489662,490459,490578,490758,0,0.0,False,False
1568,114_01312,114,1312,360.0,490055,490369,490668,490997,314,299,329,0.9138888888888889,489965,490758,490907,491087,0,0.0,False,False
1569,114_01313,114,1313,360.0,490369,490668,490997,491314,299,329,317,0.8805555555555555,490279,491087,491224,491404,0,0.0,False,False
1570,114_01314,114,1314,360.0,490668,490997,491314,491645,329,317,331,0.9194444444444444,490578,491404,491555,491735,0,0.0,False,False
1571,114_01315,114,1315,360.0,490997,491314,491645,491952,317,331,307,0.8527777777777777,490907,491735,491862,492042,0,0.0,False,False
1572,114_01316,114,1316,360.0,491314,491645,491952,492255,331,307,303,0.8416666666666667,491224,492042,492165,492345,0,0.0,False,False
1573,114_01317,114,1317,360.0,491645,491952,492255,492569,307,303,314,0.8722222222222222,491555,492345,492479,492659,0,0.0,False,False
1574,114_01318,114,1318,360.0,491952,492255,492569,492870,303,314,301,0.8361111111111111,491862,492659,492780,492960,0,0.0,False,False
1575,114_01319,114,1319,360.0,492255,492569,492870,493201,314,301,331,0.9194444444444444,492165,492960,493111,493291,0,0.0,False,False
1576,114_01320,114,1320,360.0,492569,492870,493201,493528,301,331,327,0.9083333333333333,492479,493291,493438,493618,0,0.0,False,False
1577,114_01321,114,1321,360.0,492870,493201,493528,493840,331,327,312,0.8666666666666667,492780,493618,493750,493930,0,0.0,False,False
1578,114_01322,114,1322,360.0,493201,493528,493840,494159,327,312,319,0.8861111111111111,493111,493930,494069,494249,0,0.0,False,False
1579,114_01323,114,1323,360.0,493528,493840,494159,494457,312,319,298,0.8277777777777777,493438,494249,494367,494547,0,0.0,False,False
1580,114_01324,114,1324,360.0,493840,494159,494457,494765,319,298,308,0.8555555555555555,493750,494547,494675,494855,0,0.0,False,False
1581,114_01325,114,1325,360.0,494159,494457,494765,495068,298,308,303,0.8416666666666667,494069,494855,494978,495158,0,0.0,False,False
1582,114_01326,114,1326,360.0,494457,494765,495068,495395,308,303,327,0.9083333333333333,494367,495158,495305,495485,0,0.0,False,False
1583,114_01327,114,1327,360.0,494765,495068,495395,495712,303,327,317,0.8805555555555555,494675,495485,495622,495802,0,0.0,False,False
1584,114_01328,114,1328,360.0,495068,495395,495712,496035,327,317,323,0.8972222222222223,494978,495802,495945,496125,0,0.0,False,False
1585,114_01329,114,1329,360.0,495395,495712,496035,496345,317,323,310,0.8611111111111112,495305,496125,496255,496435,0,0.0,False,False
1586,114_01330,114,1330,360.0,495712,496035,496345,496638,323,310,293,0.8138888888888889,495622,496435,496548,496728,0,0.0,False,False
1587,114_01331,114,1331,360.0,496035,496345,496638,496960,310,293,322,0.8944444444444445,495945,496728,496870,497050,0,0.0,False,False
1588,114_01332,114,1332,360.0,496345,496638,496960,497271,293,322,311,0.8638888888888889,496255,497050,497181,497361,0,0.0,False,False
1589,114_01333,114,1333,360.0,496638,496960,497271,497603,322,311,332,0.9222222222222223,496548,497361,497513,497693,0,0.0,False,False
1590,114_01334,114,1334,360.0,496960,497271,497603,497928,311,332,325,0.9027777777777778,496870,497693,497838,498018,0,0.0,False,False
1591,114_01335,114,1335,360.0,497271,497603,497928,498249,332,325,321,0.8916666666666667,497181,498018,498159,498339,0,0.0,False,False
1592,114_01336,114,1336,360.0,497603,497928,498249,498559,325,321,310,0.8611111111111112,497513,498339,498469,498649,0,0.0,False,False
1593,114_01337,114,1337,360.0,497928,498249,498559,498855,321,310,296,0.8222222222222222,497838,498649,498765,498945,0,0.0,False,False
1594,114_01338,114,1338,360.0,498249,498559,498855,499163,310,296,308,0.8555555555555555,498159,498945,499073,499253,0,0.0,False,False
1595,114_01339,114,1339,360.0,498559,498855,499163,499484,296,308,321,0.8916666666666667,498469,499253,499394,499574,0,0.0,False,False
1596,114_01340,114,1340,360.0,498855,499163,499484,499800,308,321,316,0.8777777777777778,498765,499574,499710,499890,0,0.0,False,False
1597,114_01341,114,1341,360.0,499163,499484,499800,500119,321,316,319,0.8861111111111111,499073,499890,500029,500209,0,0.0,False,False
1598,114_01342,114,1342,360.0,499484,499800,500119,500424,316,319,305,0.8472222222222222,499394,500209,500334,500514,0,0.0,False,False
1599,114_01343,114,1343,360.0,499800,500119,500424,500727,319,305,303,0.8416666666666667,499710,500514,500637,500817,0,0.0,False,False
1600,114_01344,114,1344,360.0,500119,500424,500727,501028,305,303,301,0.8361111111111111,500029,500817,500938,501118,0,0.0,False,False
1601,114_01345,114,1345,360.0,500424,500727,501028,501326,303,301,298,0.8277777777777777,500334,501118,501236,501416,0,0.0,False,False
1602,114_01346,114,1346,360.0,500727,501028,501326,501647,301,298,321,0.8916666666666667,500637,501416,501557,501737,0,0.0,False,False
1603,114_01347,114,1347,360.0,501028,501326,501647,501962,298,321,315,0.875,500938,501737,501872,502052,0,0.0,False,False
1604,114_01348,114,1348,360.0,501326,501647,501962,502274,321,315,312,0.8666666666666667,501236,502052,502184,502364,0,0.0,False,False
1605,114_01349,114,1349,360.0,501647,501962,502274,502581,315,312,307,0.8527777777777777,501557,502364,502491,502671,0,0.0,False,False
1606,114_01350,114,1350,360.0,501962,502274,502581,502892,312,307,311,0.8638888888888889,501872,502671,502802,502982,0,0.0,False,False
1607,114_01351,114,1351,360.0,502274,502581,502892,503188,307,311,296,0.8222222222222222,502184,502982,503098,503278,0,0.0,False,False
1608,114_01352,114,1352,360.0,502581,502892,503188,503483,311,296,295,0.8194444444444444,502491,503278,503393,503573,0,0.0,False,False
1609,114_01353,114,1353,360.0,502892,503188,503483,503813,296,295,330,0.9166666666666666,502802,503573,503723,503903,0,0.0,False,False
1610,114_01354,114,1354,360.0,503188,503483,503813,504132,295,330,319,0.8861111111111111,503098,503903,504042,504222,0,0.0,False,False
1611,114_01355,114,1355,360.0,503483,503813,504132,504457,330,319,325,0.9027777777777778,503393,504222,504367,504547,0,0.0,False,False
1612,114_01356,114,1356,360.0,503813,504132,504457,504762,319,325,305,0.8472222222222222,503723,504547,504672,504852,0,0.0,False,False
1613,114_01357,114,1357,360.0,504132,504457,504762,505070,325,305,308,0.8555555555555555,504042,504852,504980,505160,0,0.0,False,False
1614,114_01358,114,1358,360.0,504457,504762,505070,505375,305,308,305,0.8472222222222222,504367,505160,505285,505465,0,0.0,False,False
1615,114_01359,114,1359,360.0,504762,505070,505375,505676,308,305,301,0.8361111111111111,504672,505465,505586,505766,0,0.0,False,False
1616,114_01360,114,1360,360.0,505070,505375,505676,506004,305,301,328,0.9111111111111111,504980,505766,505914,506094,0,0.0,False,False
1617,114_01361,114,1361,360.0,505375,505676,506004,506337,301,328,333,0.925,505285,506094,506247,506427,0,0.0,False,False
1618,114_01362,114,1362,360.0,505676,506004,506337,506661,328,333,324,0.9,505586,506427,506571,506751,0,0.0,False,False
1619,114_01363,114,1363,360.0,506004,506337,506661,506968,333,324,307,0.8527777777777777,505914,506751,506878,507058,0,0.0,False,False
1620,114_01364,114,1364,360.0,506337,506661,506968,507285,324,307,317,0.8805555555555555,506247,507058,507195,507375,0,0.0,False,False
1621,114_01365,114,1365,360.0,506661,506968,507285,507584,307,317,299,0.8305555555555556,506571,507375,507494,507674,0,0.0,False,False
1622,114_01366,114,1366,360.0,506968,507285,507584,507879,317,299,295,0.8194444444444444,506878,507674,507789,507969,0,0.0,False,False
1623,114_01367,114,1367,360.0,507285,507584,507879,508216,299,295,337,0.9361111111111111,507195,507969,508126,508306,0,0.0,False,False
1624,114_01368,114,1368,360.0,507584,507879,508216,508535,295,337,319,0.8861111111111111,507494,508306,508445,508625,0,0.0,False,False
1625,114_01369,114,1369,360.0,507879,508216,508535,508854,337,319,319,0.8861111111111111,507789,508625,508764,508944,0,0.0,False,False
1626,114_01370,114,1370,360.0,508216,508535,508854,509162,319,319,308,0.8555555555555555,508126,508944,509072,509252,0,0.0,False,False
1627,114_01371,114,1371,360.0,508535,508854,509162,509480,319,308,318,0.8833333333333333,508445,509252,509390,509570,0,0.0,False,False
1628,114_01372,114,1372,360.0,508854,509162,509480,509780,308,318,300,0.8333333333333334,508764,509570,509690,509870,0,0.0,False,False
1629,114_01373,114,1373,360.0,509162,509480,509780,510075,318,300,295,0.8194444444444444,509072,509870,509985,510165,0,0.0,False,False
1630,114_01374,114,1374,360.0,509480,509780,510075,510430,300,295,355,0.9861111111111112,509390,510165,510340,510520,0,0.0,False,False
1631,114_01375,114,1375,360.0,509780,510075,510430,510766,295,355,336,0.9333333333333333,509690,510520,510676,510856,0,0.0,False,False
1632,114_01376,114,1376,360.0,510075,510430,510766,511090,355,336,324,0.9,509985,510856,511000,511180,0,0.0,False,False
1633,114_01377,114,1377,360.0,510430,510766,511090,511418,336,324,328,0.9111111111111111,510340,511180,511328,511508,0,0.0,False,False
1634,114_01378,114,1378,360.0,510766,511090,511418,511738,324,328,320,0.8888888888888888,510676,511508,511648,511828,0,0.0,False,False
1635,114_01379,114,1379,360.0,511090,511418,511738,512053,328,320,315,0.875,511000,511828,511963,512143,0,0.0,False,False
1636,114_01380,114,1380,360.0,511418,511738,512053,512364,320,315,311,0.8638888888888889,511328,512143,512274,512454,0,0.0,False,False
1637,114_01381,114,1381,360.0,511738,512053,512364,512722,315,311,358,0.9944444444444445,511648,512454,512632,512812,0,0.0,False,False
1638,114_01382,114,1382,360.0,512053,512364,512722,513060,311,358,338,0.9388888888888889,511963,512812,512970,513150,0,0.0,False,False
1639,114_01383,114,1383,360.0,512364,512722,513060,513380,358,338,320,0.8888888888888888,512274,513150,513290,513470,0,0.0,False,False
1640,114_01384,114,1384,360.0,512722,513060,513380,513708,338,320,328,0.9111111111111111,512632,513470,513618,513798,0,0.0,False,False
1641,114_01385,114,1385,360.0,513060,513380,513708,514039,320,328,331,0.9194444444444444,512970,513798,513949,514129,0,0.0,False,False
1642,114_01386,114,1386,360.0,513380,513708,514039,514342,328,331,303,0.8416666666666667,513290,514129,514252,514432,0,0.0,False,False
1643,114_01387,114,1387,360.0,513708,514039,514342,514679,331,303,337,0.9361111111111111,513618,514432,514589,514769,0,0.0,False,False
1644,114_01388,114,1388,360.0,514039,514342,514679,515034,303,337,355,0.9861111111111112,513949,514769,514944,515124,0,0.0,False,False
1645,114_01389,114,1389,360.0,514342,514679,515034,515348,337,355,314,0.8722222222222222,514252,515124,515258,515438,0,0.0,False,False
1646,114_01390,114,1390,360.0,514679,515034,515348,515662,355,314,314,0.8722222222222222,514589,515438,515572,515752,0,0.0,False,False
1647,114_01391,114,1391,360.0,515034,515348,515662,515966,314,314,304,0.8444444444444444,514944,515752,515876,516056,0,0.0,False,False
1648,114_01392,114,1392,360.0,515348,515662,515966,516277,314,304,311,0.8638888888888889,515258,516056,516187,516367,0,0.0,False,False
1649,114_01393,114,1393,360.0,515662,515966,516277,516569,304,311,292,0.8111111111111111,515572,516367,516479,516659,0,0.0,False,False
1650,114_01394,114,1394,360.0,515966,516277,516569,516886,311,292,317,0.8805555555555555,515876,516659,516796,516976,0,0.0,False,False
1651,114_01395,114,1395,360.0,516277,516569,516886,517226,292,317,340,0.9444444444444444,516187,516976,517136,517316,0,0.0,False,False
1652,114_01396,114,1396,360.0,516569,516886,517226,517534,317,340,308,0.8555555555555555,516479,517316,517444,517624,0,0.0,False,False
1653,114_01397,114,1397,360.0,516886,517226,517534,517835,340,308,301,0.8361111111111111,516796,517624,517745,517925,0,0.0,False,False
1654,114_01398,114,1398,360.0,517226,517534,517835,518136,308,301,301,0.8361111111111111,517136,517925,518046,518226,0,0.0,False,False
1655,114_01399,114,1399,360.0,517534,517835,518136,518437,301,301,301,0.8361111111111111,517444,518226,518347,518527,0,0.0,False,False
1656,114_01400,114,1400,360.0,517835,518136,518437,518733,301,301,296,0.8222222222222222,517745,518527,518643,518823,0,0.0,False,False
1657,114_01401,114,1401,360.0,518136,518437,518733,519051,301,296,318,0.8833333333333333,518046,518823,518961,519141,0,0.0,False,False
1658,114_01402,114,1402,360.0,518437,518733,519051,519384,296,318,333,0.925,518347,519141,519294,519474,0,0.0,False,False
1659,114_01403,114,1403,360.0,518733,519051,519384,519702,318,333,318,0.8833333333333333,518643,519474,519612,519792,0,0.0,False,False
1660,114_01404,114,1404,360.0,519051,519384,519702,520004,333,318,302,0.8388888888888889,518961,519792,519914,520094,0,0.0,False,False
1661,114_01405,114,1405,360.0,519384,519702,520004,520303,318,302,299,0.8305555555555556,519294,520094,520213,520393,0,0.0,False,False
1662,114_01406,114,1406,360.0,519702,520004,520303,520616,302,299,313,0.8694444444444445,519612,520393,520526,520706,0,0.0,False,False
1663,114_01407,114,1407,360.0,520004,520303,520616,520920,299,313,304,0.8444444444444444,519914,520706,520830,521010,0,0.0,False,False
1664,114_01408,114,1408,360.0,520303,520616,520920,521242,313,304,322,0.8944444444444445,520213,521010,521152,521332,0,0.0,False,False
1665,114_01409,114,1409,360.0,520616,520920,521242,521579,304,322,337,0.9361111111111111,520526,521332,521489,521669,0,0.0,False,False
1666,114_01410,114,1410,360.0,520920,521242,521579,521898,322,337,319,0.8861111111111111,520830,521669,521808,521988,0,0.0,False,False
1667,114_01411,114,1411,360.0,521242,521579,521898,522204,337,319,306,0.85,521152,521988,522114,522294,0,0.0,False,False
1668,114_01412,114,1412,360.0,521579,521898,522204,522507,319,306,303,0.8416666666666667,521489,522294,522417,522597,0,0.0,False,False
1669,114_01413,114,1413,360.0,521898,522204,522507,522820,306,303,313,0.8694444444444445,521808,522597,522730,522910,0,0.0,False,False
1670,114_01414,114,1414,360.0,522204,522507,522820,523121,303,313,301,0.8361111111111111,522114,522910,523031,523211,0,0.0,False,False
1671,114_01415,114,1415,360.0,522507,522820,523121,523445,313,301,324,0.9,522417,523211,523355,523535,0,0.0,False,False
1672,114_01416,114,1416,360.0,522820,523121,523445,523779,301,324,334,0.9277777777777778,522730,523535,523689,523869,0,0.0,False,False
1673,114_01417,114,1417,360.0,523121,523445,523779,524087,324,334,308,0.8555555555555555,523031,523869,523997,524177,0,0.0,False,False
1674,114_01418,114,1418,360.0,523445,523779,524087,524398,334,308,311,0.8638888888888889,523355,524177,524308,524488,0,0.0,False,False
1675,114_01419,114,1419,360.0,523779,524087,524398,524705,308,311,307,0.8527777777777777,523689,524488,524615,524795,0,0.0,False,False
1676,114_01420,114,1420,360.0,524087,524398,524705,525012,311,307,307,0.8527777777777777,523997,524795,524922,525102,0,0.0,False,False
1677,114_01421,114,1421,360.0,524398,524705,525012,525323,307,307,311,0.8638888888888889,524308,525102,525233,525413,0,0.0,False,False
1678,114_01422,114,1422,360.0,524705,525012,525323,525648,307,311,325,0.9027777777777778,524615,525413,525558,525738,0,0.0,False,False
1679,114_01423,114,1423,360.0,525012,525323,525648,525979,311,325,331,0.9194444444444444,524922,525738,525889,526069,0,0.0,False,False
1680,114_01424,114,1424,360.0,525323,525648,525979,526292,325,331,313,0.8694444444444445,525233,526069,526202,526382,0,0.0,False,False
1681,114_01425,114,1425,360.0,525648,525979,526292,526601,331,313,309,0.8583333333333333,525558,526382,526511,526691,0,0.0,False,False
1682,114_01426,114,1426,360.0,525979,526292,526601,526911,313,309,310,0.8611111111111112,525889,526691,526821,527001,0,0.0,False,False
1683,114_01427,114,1427,360.0,526292,526601,526911,527213,309,310,302,0.8388888888888889,526202,527001,527123,527303,0,0.0,False,False
1684,114_01428,114,1428,360.0,526601,526911,527213,527545,310,302,332,0.9222222222222223,526511,527303,527455,527635,0,0.0,False,False
1685,114_01429,114,1429,360.0,526911,527213,527545,527880,302,332,335,0.9305555555555556,526821,527635,527790,527970,0,0.0,False,False
1686,114_01430,114,1430,360.0,527213,527545,527880,528223,332,335,343,0.9527777777777777,527123,527970,528133,528313,0,0.0,False,False
1687,114_01431,114,1431,360.0,527545,527880,528223,528541,335,343,318,0.8833333333333333,527455,528313,528451,528631,0,0.0,False,False
1688,114_01432,114,1432,360.0,527880,528223,528541,528849,343,318,308,0.8555555555555555,527790,528631,528759,528939,0,0.0,False,False
1689,114_01433,114,1433,360.0,528223,528541,528849,529160,318,308,311,0.8638888888888889,528133,528939,529070,529250,0,0.0,False,False
1690,114_01434,114,1434,360.0,528541,528849,529160,529459,308,311,299,0.8305555555555556,528451,529250,529369,529549,0,0.0,False,False
1691,114_01435,114,1435,360.0,528849,529160,529459,529788,311,299,329,0.9138888888888889,528759,529549,529698,529878,0,0.0,False,False
1692,114_01436,114,1436,360.0,529160,529459,529788,530101,299,329,313,0.8694444444444445,529070,529878,530011,530191,0,0.0,False,False
1693,114_01437,114,1437,360.0,529459,529788,530101,530431,329,313,330,0.9166666666666666,529369,530191,530341,530521,0,0.0,False,False
1694,114_01438,114,1438,360.0,529788,530101,530431,530740,313,330,309,0.8583333333333333,529698,530521,530650,530830,0,0.0,False,False
1695,114_01439,114,1439,360.0,530101,530431,530740,531037,330,309,297,0.825,530011,530830,530947,531127,0,0.0,False,False
1696,114_01440,114,1440,360.0,530431,530740,531037,531342,309,297,305,0.8472222222222222,530341,531127,531252,531432,0,0.0,False,False
1697,114_01441,114,1441,360.0,530740,531037,531342,531638,297,305,296,0.8222222222222222,530650,531432,531548,531728,0,0.0,False,False
1698,114_01442,114,1442,360.0,531037,531342,531638,531965,305,296,327,0.9083333333333333,530947,531728,531875,532055,0,0.0,False,False
1699,114_01443,114,1443,360.0,531342,531638,531965,532291,296,327,326,0.9055555555555556,531252,532055,532201,532381,0,0.0,False,False
1700,114_01444,114,1444,360.0,531638,531965,532291,532613,327,326,322,0.8944444444444445,531548,532381,532523,532703,0,0.0,False,False
1701,114_01445,114,1445,360.0,531965,532291,532613,532929,326,322,316,0.8777777777777778,531875,532703,532839,533019,0,0.0,False,False
1702,114_01446,114,1446,360.0,532291,532613,532929,533225,322,316,296,0.8222222222222222,532201,533019,533135,533315,0,0.0,False,False
1703,114_01447,114,1447,360.0,532613,532929,533225,533534,316,296,309,0.8583333333333333,532523,533315,533444,533624,0,0.0,False,False
1704,114_01448,114,1448,360.0,532929,533225,533534,533828,296,309,294,0.8166666666666667,532839,533624,533738,533918,0,0.0,False,False
1705,114_01449,114,1449,360.0,533225,533534,533828,534159,309,294,331,0.9194444444444444,533135,533918,534069,534249,0,0.0,False,False
1706,114_01450,114,1450,360.0,533534,533828,534159,534492,294,331,333,0.925,533444,534249,534402,534582,0,0.0,False,False
1707,114_01451,114,1451,360.0,533828,534159,534492,534808,331,333,316,0.8777777777777778,533738,534582,534718,534898,0,0.0,False,False
1708,114_01452,114,1452,360.0,534159,534492,534808,535128,333,316,320,0.8888888888888888,534069,534898,535038,535218,0,0.0,False,False
1709,114_01453,114,1453,360.0,534492,534808,535128,535440,316,320,312,0.8666666666666667,534402,535218,535350,535530,0,0.0,False,False
1710,114_01454,114,1454,360.0,534808,535128,535440,535745,320,312,305,0.8472222222222222,534718,535530,535655,535835,0,0.0,False,False
1711,114_01455,114,1455,360.0,535128,535440,535745,536055,312,305,310,0.8611111111111112,535038,535835,535965,536145,0,0.0,False,False
1712,114_01456,114,1456,360.0,535440,535745,536055,536401,305,310,346,0.9611111111111111,535350,536145,536311,536491,0,0.0,False,False
1713,114_01457,114,1457,360.0,535745,536055,536401,536724,310,346,323,0.8972222222222223,535655,536491,536634,536814,0,0.0,False,False
1714,114_01458,114,1458,360.0,536055,536401,536724,537049,346,323,325,0.9027777777777778,535965,536814,536959,537139,0,0.0,False,False
1715,114_01459,114,1459,360.0,536401,536724,537049,537382,323,325,333,0.925,536311,537139,537292,537472,0,0.0,False,False
1716,114_01460,114,1460,360.0,536724,537049,537382,537685,325,333,303,0.8416666666666667,536634,537472,537595,537775,0,0.0,False,False
1717,114_01461,114,1461,360.0,537049,537382,537685,537996,333,303,311,0.8638888888888889,536959,537775,537906,538086,0,0.0,False,False
1718,114_01462,114,1462,360.0,537382,537685,537996,538320,303,311,324,0.9,537292,538086,538230,538410,0,0.0,False,False
1719,114_01463,114,1463,360.0,537685,537996,538320,538659,311,324,339,0.9416666666666667,537595,538410,538569,538749,0,0.0,False,False
1720,114_01464,114,1464,360.0,537996,538320,538659,538988,324,339,329,0.9138888888888889,537906,538749,538898,539078,0,0.0,False,False
1721,114_01465,114,1465,360.0,538320,538659,538988,539310,339,329,322,0.8944444444444445,538230,539078,539220,539400,0,0.0,False,False
1722,114_01466,114,1466,360.0,538659,538988,539310,539638,329,322,328,0.9111111111111111,538569,539400,539548,539728,0,0.0,False,False
1723,114_01467,114,1467,360.0,538988,539310,539638,539955,322,328,317,0.8805555555555555,538898,539728,539865,540045,0,0.0,False,False
1724,114_01468,114,1468,360.0,539310,539638,539955,540260,328,317,305,0.8472222222222222,539220,540045,540170,540350,0,0.0,False,False
1725,114_01469,114,1469,360.0,539638,539955,540260,540603,317,305,343,0.9527777777777777,539548,540350,540513,540693,0,0.0,False,False
1726,114_01470,114,1470,360.0,539955,540260,540603,540947,305,343,344,0.9555555555555556,539865,540693,540857,541037,0,0.0,False,False
1727,114_01471,114,1471,360.0,540260,540603,540947,541278,343,344,331,0.9194444444444444,540170,541037,541188,541368,0,0.0,False,False
1728,114_01472,114,1472,360.0,540603,540947,541278,541607,344,331,329,0.9138888888888889,540513,541368,541517,541697,0,0.0,False,False
1729,114_01473,114,1473,360.0,540947,541278,541607,541925,331,329,318,0.8833333333333333,540857,541697,541835,542015,0,0.0,False,False
1730,114_01474,114,1474,360.0,541278,541607,541925,542241,329,318,316,0.8777777777777778,541188,542015,542151,542331,0,0.0,False,False
1731,114_01475,114,1475,360.0,541607,541925,542241,542553,318,316,312,0.8666666666666667,541517,542331,542463,542643,0,0.0,False,False
1732,114_01476,114,1476,360.0,541925,542241,542553,542886,316,312,333,0.925,541835,542643,542796,542976,0,0.0,False,False
1733,114_01477,114,1477,360.0,542241,542553,542886,543228,312,333,342,0.95,542151,542976,543138,543318,0,0.0,False,False
1734,114_01478,114,1478,360.0,542553,542886,543228,543544,333,342,316,0.8777777777777778,542463,543318,543454,543634,0,0.0,False,False
1735,114_01479,114,1479,360.0,542886,543228,543544,543867,342,316,323,0.8972222222222223,542796,543634,543777,543957,0,0.0,False,False
1736,114_01480,114,1480,360.0,543228,543544,543867,544188,316,323,321,0.8916666666666667,543138,543957,544098,544278,0,0.0,False,False
1737,114_01481,114,1481,360.0,543544,543867,544188,544493,323,321,305,0.8472222222222222,543454,544278,544403,544583,0,0.0,False,False
1738,114_01482,114,1482,360.0,543867,544188,544493,544817,321,305,324,0.9,543777,544583,544727,544907,0,0.0,False,False
1739,114_01483,114,1483,360.0,544188,544493,544817,545158,305,324,341,0.9472222222222222,544098,544907,545068,545248,0,0.0,False,False
1740,114_01484,114,1484,360.0,544493,544817,545158,545497,324,341,339,0.9416666666666667,544403,545248,545407,545587,0,0.0,False,False
1741,114_01485,114,1485,360.0,544817,545158,545497,545801,341,339,304,0.8444444444444444,544727,545587,545711,545891,0,0.0,False,False
1742,114_01486,114,1486,360.0,545158,545497,545801,546124,339,304,323,0.8972222222222223,545068,545891,546034,546214,0,0.0,False,False
1743,114_01487,114,1487,360.0,545497,545801,546124,546435,304,323,311,0.8638888888888889,545407,546214,546345,546525,0,0.0,False,False
1744,114_01488,114,1488,360.0,545801,546124,546435,546722,323,311,287,0.7972222222222223,545711,546525,546632,546812,0,0.0,False,False
1745,114_01489,114,1489,360.0,546124,546435,546722,547051,311,287,329,0.9138888888888889,546034,546812,546961,547141,0,0.0,False,False
1746,114_01490,114,1490,360.0,546435,546722,547051,547379,287,329,328,0.9111111111111111,546345,547141,547289,547469,0,0.0,False,False
1747,114_01491,114,1491,360.0,546722,547051,547379,547696,329,328,317,0.8805555555555555,546632,547469,547606,547786,0,0.0,False,False
1748,114_01492,114,1492,360.0,547051,547379,547696,547994,328,317,298,0.8277777777777777,546961,547786,547904,548084,0,0.0,False,False
1749,114_01493,114,1493,360.0,547379,547696,547994,548291,317,298,297,0.825,547289,548084,548201,548381,0,0.0,False,False
1750,114_01494,114,1494,360.0,547696,547994,548291,548597,298,297,306,0.85,547606,548381,548507,548687,0,0.0,False,False
1751,114_01495,114,1495,360.0,547994,548291,548597,548880,297,306,283,0.7861111111111111,547904,548687,548790,548970,0,0.0,False,False
1752,114_01496,114,1496,360.0,548291,548597,548880,549197,306,283,317,0.8805555555555555,548201,548970,549107,549287,0,0.0,False,False
1753,114_01497,114,1497,360.0,548597,548880,549197,549523,283,317,326,0.9055555555555556,548507,549287,549433,549613,0,0.0,False,False
1754,114_01498,114,1498,360.0,548880,549197,549523,549845,317,326,322,0.8944444444444445,548790,549613,549755,549935,0,0.0,False,False
1755,114_01499,114,1499,360.0,549197,549523,549845,550144,326,322,299,0.8305555555555556,549107,549935,550054,550234,0,0.0,False,False
1756,114_01500,114,1500,360.0,549523,549845,550144,550447,322,299,303,0.8416666666666667,549433,550234,550357,550537,0,0.0,False,False
1757,114_01501,114,1501,360.0,549845,550144,550447,550756,299,303,309,0.8583333333333333,549755,550537,550666,550846,0,0.0,False,False
1758,114_01502,114,1502,360.0,550144,550447,550756,551053,303,309,297,0.825,550054,550846,550963,551143,0,0.0,False,False
1759,114_01503,114,1503,360.0,550447,550756,551053,551369,309,297,316,0.8777777777777778,550357,551143,551279,551459,0,0.0,False,False
1760,114_01504,114,1504,360.0,550756,551053,551369,551698,297,316,329,0.9138888888888889,550666,551459,551608,551788,0,0.0,False,False
1761,114_01505,114,1505,360.0,551053,551369,551698,552027,316,329,329,0.9138888888888889,550963,551788,551937,552117,0,0.0,False,False
1762,114_01506,114,1506,360.0,551369,551698,552027,552338,329,329,311,0.8638888888888889,551279,552117,552248,552428,0,0.0,False,False
1763,114_01507,114,1507,360.0,551698,552027,552338,552645,329,311,307,0.8527777777777777,551608,552428,552555,552735,0,0.0,False,False
1764,114_01508,114,1508,360.0,552027,552338,552645,552966,311,307,321,0.8916666666666667,551937,552735,552876,553056,0,0.0,False,False
1765,114_01509,114,1509,360.0,552338,552645,552966,553272,307,321,306,0.85,552248,553056,553182,553362,0,0.0,False,False
1766,114_01510,114,1510,360.0,552645,552966,553272,553600,321,306,328,0.9111111111111111,552555,553362,553510,553690,0,0.0,False,False
1767,114_01511,114,1511,360.0,552966,553272,553600,553931,306,328,331,0.9194444444444444,552876,553690,553841,554021,0,0.0,False,False
1768,114_01512,114,1512,360.0,553272,553600,553931,554259,328,331,328,0.9111111111111111,553182,554021,554169,554349,0,0.0,False,False
1769,114_01513,114,1513,360.0,553600,553931,554259,554568,331,328,309,0.8583333333333333,553510,554349,554478,554658,0,0.0,False,False
1770,114_01514,114,1514,360.0,553931,554259,554568,554869,328,309,301,0.8361111111111111,553841,554658,554779,554959,0,0.0,False,False
1771,114_01515,114,1515,360.0,554259,554568,554869,555186,309,301,317,0.8805555555555555,554169,554959,555096,555276,0,0.0,False,False
1772,114_01516,114,1516,360.0,554568,554869,555186,555481,301,317,295,0.8194444444444444,554478,555276,555391,555571,0,0.0,False,False
1773,114_01517,114,1517,360.0,554869,555186,555481,555799,317,295,318,0.8833333333333333,554779,555571,555709,555889,0,0.0,False,False
1774,114_01518,114,1518,360.0,555186,555481,555799,556124,295,318,325,0.9027777777777778,555096,555889,556034,556214,0,0.0,False,False
1775,114_01519,114,1519,360.0,555481,555799,556124,556439,318,325,315,0.875,555391,556214,556349,556529,0,0.0,False,False
1776,114_01520,114,1520,360.0,555799,556124,556439,556745,325,315,306,0.85,555709,556529,556655,556835,0,0.0,False,False
1777,114_01521,114,1521,360.0,556124,556439,556745,557048,315,306,303,0.8416666666666667,556034,556835,556958,557138,0,0.0,False,False
1778,114_01522,114,1522,360.0,556439,556745,557048,557354,306,303,306,0.85,556349,557138,557264,557444,0,0.0,False,False
1779,114_01523,114,1523,360.0,556745,557048,557354,557652,303,306,298,0.8277777777777777,556655,557444,557562,557742,0,0.0,False,False
1780,114_01524,114,1524,360.0,557048,557354,557652,557972,306,298,320,0.8888888888888888,556958,557742,557882,558062,0,0.0,False,False
1781,114_01525,114,1525,360.0,557354,557652,557972,558288,298,320,316,0.8777777777777778,557264,558062,558198,558378,0,0.0,False,False
1782,114_01526,114,1526,360.0,557652,557972,558288,558600,320,316,312,0.8666666666666667,557562,558378,558510,558690,0,0.0,False,False
1783,114_01527,114,1527,360.0,557972,558288,558600,558910,316,312,310,0.8611111111111112,557882,558690,558820,559000,0,0.0,False,False
1784,114_01528,114,1528,360.0,558288,558600,558910,559198,312,310,288,0.8,558198,559000,559108,559288,0,0.0,False,False
1785,114_01529,114,1529,360.0,558600,558910,559198,559508,310,288,310,0.8611111111111112,558510,559288,559418,559598,0,0.0,False,False
1786,114_01530,114,1530,360.0,558910,559198,559508,559804,288,310,296,0.8222222222222222,558820,559598,559714,559894,0,0.0,False,False
1787,114_01531,114,1531,360.0,559198,559508,559804,560110,310,296,306,0.85,559108,559894,560020,560200,0,0.0,False,False
1788,114_01532,114,1532,360.0,559508,559804,560110,560426,296,306,316,0.8777777777777778,559418,560200,560336,560516,0,0.0,False,False
1789,114_01533,114,1533,360.0,559804,560110,560426,560728,306,316,302,0.8388888888888889,559714,560516,560638,560818,0,0.0,False,False
1790,114_01534,114,1534,360.0,560110,560426,560728,561037,316,302,309,0.8583333333333333,560020,560818,560947,561127,0,0.0,False,False
1791,114_01535,114,1535,360.0,560426,560728,561037,561323,302,309,286,0.7944444444444444,560336,561127,561233,561413,0,0.0,False,False
1792,114_01536,114,1536,360.0,560728,561037,561323,561622,309,286,299,0.8305555555555556,560638,561413,561532,561712,0,0.0,False,False
1793,114_01537,114,1537,360.0,561037,561323,561622,561914,286,299,292,0.8111111111111111,560947,561712,561824,562004,0,0.0,False,False
1794,114_01538,114,1538,360.0,561323,561622,561914,562217,299,292,303,0.8416666666666667,561233,562004,562127,562307,0,0.0,False,False
1795,114_01539,114,1539,360.0,561622,561914,562217,562531,292,303,314,0.8722222222222222,561532,562307,562441,562621,0,0.0,False,False
1796,114_01540,114,1540,360.0,561914,562217,562531,562832,303,314,301,0.8361111111111111,561824,562621,562742,562922,0,0.0,False,False
1797,114_01541,114,1541,360.0,562217,562531,562832,563124,314,301,292,0.8111111111111111,562127,562922,563034,563214,0,0.0,False,False
1798,114_01542,114,1542,360.0,562531,562832,563124,563415,301,292,291,0.8083333333333333,562441,563214,563325,563505,0,0.0,False,False
1799,114_01543,114,1543,360.0,562832,563124,563415,563700,292,291,285,0.7916666666666666,562742,563505,563610,563790,0,0.0,False,False
1800,114_01544,114,1544,360.0,563124,563415,563700,563985,291,285,285,0.7916666666666666,563034,563790,563895,564075,0,0.0,False,False
1801,114_01545,114,1545,360.0,563415,563700,563985,564290,285,285,305,0.8472222222222222,563325,564075,564200,564380,0,0.0,False,False
1802,114_01546,114,1546,360.0,563700,563985,564290,564586,285,305,296,0.8222222222222222,563610,564380,564496,564676,0,0.0,False,False
1803,114_01547,114,1547,360.0,563985,564290,564586,564890,305,296,304,0.8444444444444444,563895,564676,564800,564980,0,0.0,False,False
1804,114_01548,114,1548,360.0,564290,564586,564890,565186,296,304,296,0.8222222222222222,564200,564980,565096,565276,0,0.0,False,False
1805,114_01549,114,1549,360.0,564586,564890,565186,565479,304,296,293,0.8138888888888889,564496,565276,565389,565569,0,0.0,False,False
1806,114_01550,114,1550,360.0,564890,565186,565479,565769,296,293,290,0.8055555555555556,564800,565569,565679,565859,0,0.0,False,False
1807,114_01551,114,1551,360.0,565186,565479,565769,566059,293,290,290,0.8055555555555556,565096,565859,565969,566149,0,0.0,False,False
1808,114_01552,114,1552,360.0,565479,565769,566059,566360,290,290,301,0.8361111111111111,565389,566149,566270,566450,0,0.0,False,False
1809,114_01553,114,1553,360.0,565769,566059,566360,566673,290,301,313,0.8694444444444445,565679,566450,566583,566763,0,0.0,False,False
1810,114_01554,114,1554,360.0,566059,566360,566673,566986,301,313,313,0.8694444444444445,565969,566763,566896,567076,0,0.0,False,False
1811,114_01555,114,1555,360.0,566360,566673,566986,567284,313,313,298,0.8277777777777777,566270,567076,567194,567374,0,0.0,False,False
1812,114_01556,114,1556,360.0,566673,566986,567284,567591,313,298,307,0.8527777777777777,566583,567374,567501,567681,0,0.0,False,False
1813,114_01557,114,1557,360.0,566986,567284,567591,567879,298,307,288,0.8,566896,567681,567789,567969,0,0.0,False,False
1814,114_01558,114,1558,360.0,567284,567591,567879,568168,307,288,289,0.8027777777777778,567194,567969,568078,568258,0,0.0,False,False
1815,114_01559,114,1559,360.0,567591,567879,568168,568470,288,289,302,0.8388888888888889,567501,568258,568380,568560,0,0.0,False,False
1816,114_01560,114,1560,360.0,567879,568168,568470,568792,289,302,322,0.8944444444444445,567789,568560,568702,568882,0,0.0,False,False
1817,114_01561,114,1561,360.0,568168,568470,568792,569104,302,322,312,0.8666666666666667,568078,568882,569014,569194,0,0.0,False,False
1818,114_01562,114,1562,360.0,568470,568792,569104,569413,322,312,309,0.8583333333333333,568380,569194,569323,569503,0,0.0,False,False
1819,114_01563,114,1563,360.0,568792,569104,569413,569735,312,309,322,0.8944444444444445,568702,569503,569645,569825,0,0.0,False,False
1820,114_01564,114,1564,360.0,569104,569413,569735,570037,309,322,302,0.8388888888888889,569014,569825,569947,570127,0,0.0,False,False
1821,114_01565,114,1565,360.0,569413,569735,570037,570338,322,302,301,0.8361111111111111,569323,570127,570248,570428,0,0.0,False,False
1822,114_01566,114,1566,360.0,569735,570037,570338,570652,302,301,314,0.8722222222222222,569645,570428,570562,570742,0,0.0,False,False
1823,114_01567,114,1567,360.0,570037,570338,570652,570980,301,314,328,0.9111111111111111,569947,570742,570890,571070,0,0.0,False,False
1824,114_01568,114,1568,360.0,570338,570652,570980,571293,314,328,313,0.8694444444444445,570248,571070,571203,571383,0,0.0,False,False
1825,114_01569,114,1569,360.0,570652,570980,571293,571589,328,313,296,0.8222222222222222,570562,571383,571499,571679,0,0.0,False,False
1826,114_01570,114,1570,360.0,570980,571293,571589,571890,313,296,301,0.8361111111111111,570890,571679,571800,571980,0,0.0,False,False
1827,114_01571,114,1571,360.0,571293,571589,571890,572191,296,301,301,0.8361111111111111,571203,571980,572101,572281,0,0.0,False,False
1828,114_01572,114,1572,360.0,571589,571890,572191,572476,301,301,285,0.7916666666666666,571499,572281,572386,572566,0,0.0,False,False
1829,114_01573,114,1573,360.0,571890,572191,572476,572769,301,285,293,0.8138888888888889,571800,572566,572679,572859,0,0.0,False,False
1830,114_01574,114,1574,360.0,572191,572476,572769,573103,285,293,334,0.9277777777777778,572101,572859,573013,573193,0,0.0,False,False
1831,114_01575,114,1575,360.0,572476,572769,573103,573417,293,334,314,0.8722222222222222,572386,573193,573327,573507,0,0.0,False,False
1832,114_01576,114,1576,360.0,572769,573103,573417,573716,334,314,299,0.8305555555555556,572679,573507,573626,573806,0,0.0,False,False
1833,114_01577,114,1577,360.0,573103,573417,573716,574029,314,299,313,0.8694444444444445,573013,573806,573939,574119,0,0.0,False,False
1834,114_01578,114,1578,360.0,573417,573716,574029,574333,299,313,304,0.8444444444444444,573327,574119,574243,574423,0,0.0,False,False
1835,114_01579,114,1579,360.0,573716,574029,574333,574629,313,304,296,0.8222222222222222,573626,574423,574539,574719,0,0.0,False,False
1836,114_01580,114,1580,360.0,574029,574333,574629,574928,304,296,299,0.8305555555555556,573939,574719,574838,575018,0,0.0,False,False
1837,114_01581,114,1581,360.0,574333,574629,574928,575268,296,299,340,0.9444444444444444,574243,575018,575178,575358,0,0.0,False,False
1838,114_01582,114,1582,360.0,574629,574928,575268,575526,299,340,258,0.7166666666666667,574539,575358,575436,575616,0,0.0,False,False
1839,114_01583,114,1583,360.0,574928,575268,575526,575888,340,258,362,1.0055555555555555,574838,575616,575798,575978,0,0.0,False,False
1840,114_01584,114,1584,360.0,575268,575526,575888,576218,258,362,330,0.9166666666666666,575178,575978,576128,576308,0,0.0,False,False
1841,114_01585,114,1585,360.0,575526,575888,576218,576526,362,330,308,0.8555555555555555,575436,576308,576436,576616,0,0.0,False,False
1842,114_01586,114,1586,360.0,575888,576218,576526,576829,330,308,303,0.8416666666666667,575798,576616,576739,576919,0,0.0,False,False
1843,114_01587,114,1587,360.0,576218,576526,576829,577119,308,303,290,0.8055555555555556,576128,576919,577029,577209,0,0.0,False,False
1844,114_01588,114,1588,360.0,576526,576829,577119,577453,303,290,334,0.9277777777777778,576436,577209,577363,577543,0,0.0,False,False
1845,114_01589,114,1589,360.0,576829,577119,577453,577726,290,334,273,0.7583333333333333,576739,577543,577636,577816,0,0.0,False,False
1846,114_01590,114,1590,360.0,577119,577453,577726,578064,334,273,338,0.9388888888888889,577029,577816,577974,578154,0,0.0,False,False
1847,114_01591,114,1591,360.0,577453,577726,578064,578375,273,338,311,0.8638888888888889,577363,578154,578285,578465,0,0.0,False,False
1848,114_01592,114,1592,360.0,577726,578064,578375,578666,338,311,291,0.8083333333333333,577636,578465,578576,578756,0,0.0,False,False
1849,114_01593,114,1593,360.0,578064,578375,578666,578960,311,291,294,0.8166666666666667,577974,578756,578870,579050,0,0.0,False,False
1850,114_01594,114,1594,360.0,578375,578666,578960,579242,291,294,282,0.7833333333333333,578285,579050,579152,579332,0,0.0,False,False
1851,114_01595,114,1595,360.0,578666,578960,579242,579549,294,282,307,0.8527777777777777,578576,579332,579459,579639,0,0.0,False,False
1852,114_01596,114,1596,360.0,578960,579242,579549,579868,282,307,319,0.8861111111111111,578870,579639,579778,579958,0,0.0,False,False
1853,114_01597,114,1597,360.0,579242,579549,579868,580161,307,319,293,0.8138888888888889,579152,579958,580071,580251,0,0.0,False,False
1854,114_01598,114,1598,360.0,579549,579868,580161,580372,319,293,211,0.5861111111111111,579459,580251,580282,580462,0,0.0,False,False
1855,114_01599,114,1599,360.0,579868,580161,580372,580704,293,211,332,0.9222222222222223,579778,580462,580614,580794,0,0.0,False,False
1856,114_01600,114,1600,360.0,580161,580372,580704,580997,211,332,293,0.8138888888888889,580071,580794,580907,581087,0,0.0,False,False
1857,114_01601,114,1601,360.0,580372,580704,580997,581264,332,293,267,0.7416666666666667,580282,581087,581174,581354,0,0.0,False,False
1858,114_01602,114,1602,360.0,580704,580997,581264,581563,293,267,299,0.8305555555555556,580614,581354,581473,581653,0,0.0,False,False
1859,114_01603,114,1603,360.0,580997,581264,581563,581870,267,299,307,0.8527777777777777,580907,581653,581780,581960,0,0.0,False,False
1860,114_01604,114,1604,360.0,581264,581563,581870,582167,299,307,297,0.825,581174,581960,582077,582257,0,0.0,False,False
1861,114_01605,114,1605,360.0,581563,581870,582167,582447,307,297,280,0.7777777777777778,581473,582257,582357,582537,0,0.0,False,False
1862,114_01606,114,1606,360.0,581870,582167,582447,582736,297,280,289,0.8027777777777778,581780,582537,582646,582826,0,0.0,False,False
1863,114_01607,114,1607,360.0,582167,582447,582736,583017,280,289,281,0.7805555555555556,582077,582826,582927,583107,0,0.0,False,False
1864,114_01608,114,1608,360.0,582447,582736,583017,583306,289,281,289,0.8027777777777778,582357,583107,583216,583396,0,0.0,False,False
1865,114_01609,114,1609,360.0,582736,583017,583306,583593,281,289,287,0.7972222222222223,582646,583396,583503,583683,0,0.0,False,False
1866,114_01610,114,1610,360.0,583017,583306,583593,583896,289,287,303,0.8416666666666667,582927,583683,583806,583986,0,0.0,False,False
1867,114_01611,114,1611,360.0,583306,583593,583896,584211,287,303,315,0.875,583216,583986,584121,584301,0,0.0,False,False
1868,114_01612,114,1612,360.0,583593,583896,584211,584505,303,315,294,0.8166666666666667,583503,584301,584415,584595,0,0.0,False,False
1869,114_01613,114,1613,360.0,583896,584211,584505,584795,315,294,290,0.8055555555555556,583806,584595,584705,584885,0,0.0,False,False
1870,114_01614,114,1614,360.0,584211,584505,584795,585086,294,290,291,0.8083333333333333,584121,584885,584996,585176,0,0.0,False,False
1871,114_01615,114,1615,360.0,584505,584795,585086,585374,290,291,288,0.8,584415,585176,585284,585464,0,0.0,False,False
1872,114_01616,114,1616,360.0,584795,585086,585374,585664,291,288,290,0.8055555555555556,584705,585464,585574,585754,0,0.0,False,False
1873,114_01617,114,1617,360.0,585086,585374,585664,585973,288,290,309,0.8583333333333333,584996,585754,585883,586063,0,0.0,False,False
1874,114_01618,114,1618,360.0,585374,585664,585973,586282,290,309,309,0.8583333333333333,585284,586063,586192,586372,0,0.0,False,False
1875,114_01619,114,1619,360.0,585664,585973,586282,586598,309,309,316,0.8777777777777778,585574,586372,586508,586688,0,0.0,False,False
1876,114_01620,114,1620,360.0,585973,586282,586598,586886,309,316,288,0.8,585883,586688,586796,586976,0,0.0,False,False
1877,114_01621,114,1621,360.0,586282,586598,586886,587179,316,288,293,0.8138888888888889,586192,586976,587089,587269,0,0.0,False,False
1878,114_01622,114,1622,360.0,586598,586886,587179,587473,288,293,294,0.8166666666666667,586508,587269,587383,587563,0,0.0,False,False
1879,114_01623,114,1623,360.0,586886,587179,587473,587764,293,294,291,0.8083333333333333,586796,587563,587674,587854,0,0.0,False,False
1880,114_01624,114,1624,360.0,587179,587473,587764,588066,294,291,302,0.8388888888888889,587089,587854,587976,588156,0,0.0,False,False
1881,114_01625,114,1625,360.0,587473,587764,588066,588384,291,302,318,0.8833333333333333,587383,588156,588294,588474,0,0.0,False,False
1882,114_01626,114,1626,360.0,587764,588066,588384,588700,302,318,316,0.8777777777777778,587674,588474,588610,588790,0,0.0,False,False
1883,114_01627,114,1627,360.0,588066,588384,588700,588996,318,316,296,0.8222222222222222,587976,588790,588906,589086,0,0.0,False,False
1884,114_01628,114,1628,360.0,588384,588700,588996,589299,316,296,303,0.8416666666666667,588294,589086,589209,589389,0,0.0,False,False
1885,114_01629,114,1629,360.0,588700,588996,589299,589603,296,303,304,0.8444444444444444,588610,589389,589513,589693,0,0.0,False,False
1886,114_01630,114,1630,360.0,588996,589299,589603,589905,303,304,302,0.8388888888888889,588906,589693,589815,589995,0,0.0,False,False
1887,114_01631,114,1631,360.0,589299,589603,589905,590237,304,302,332,0.9222222222222223,589209,589995,590147,590327,0,0.0,False,False
1888,114_01632,114,1632,360.0,589603,589905,590237,590565,302,332,328,0.9111111111111111,589513,590327,590475,590655,0,0.0,False,False
1889,114_01633,114,1633,360.0,589905,590237,590565,590907,332,328,342,0.95,589815,590655,590817,590997,0,0.0,False,False
1890,114_01634,114,1634,360.0,590237,590565,590907,591227,328,342,320,0.8888888888888888,590147,590997,591137,591317,0,0.0,False,False
1891,114_01635,114,1635,360.0,590565,590907,591227,591533,342,320,306,0.85,590475,591317,591443,591623,0,0.0,False,False
1892,114_01636,114,1636,360.0,590907,591227,591533,591851,320,306,318,0.8833333333333333,590817,591623,591761,591941,0,0.0,False,False
1893,114_01637,114,1637,360.0,591227,591533,591851,592166,306,318,315,0.875,591137,591941,592076,592256,0,0.0,False,False
1894,114_01638,114,1638,360.0,591533,591851,592166,592496,318,315,330,0.9166666666666666,591443,592256,592406,592586,0,0.0,False,False
1895,114_01639,114,1639,360.0,591851,592166,592496,592824,315,330,328,0.9111111111111111,591761,592586,592734,592914,0,0.0,False,False
1896,114_01640,114,1640,360.0,592166,592496,592824,593148,330,328,324,0.9,592076,592914,593058,593238,0,0.0,False,False
1897,114_01641,114,1641,360.0,592496,592824,593148,593461,328,324,313,0.8694444444444445,592406,593238,593371,593551,0,0.0,False,False
1898,114_01642,114,1642,360.0,592824,593148,593461,593768,324,313,307,0.8527777777777777,592734,593551,593678,593858,0,0.0,False,False
1899,114_01643,114,1643,360.0,593148,593461,593768,594066,313,307,298,0.8277777777777777,593058,593858,593976,594156,0,0.0,False,False
1900,114_01644,114,1644,360.0,593461,593768,594066,594379,307,298,313,0.8694444444444445,593371,594156,594289,594469,0,0.0,False,False
1901,114_01645,114,1645,360.0,593768,594066,594379,594701,298,313,322,0.8944444444444445,593678,594469,594611,594791,0,0.0,False,False
1902,114_01646,114,1646,360.0,594066,594379,594701,595013,313,322,312,0.8666666666666667,593976,594791,594923,595103,0,0.0,False,False
1903,114_01647,114,1647,360.0,594379,594701,595013,595329,322,312,316,0.8777777777777778,594289,595103,595239,595419,0,0.0,False,False
1904,114_01648,114,1648,360.0,594701,595013,595329,595635,312,316,306,0.85,594611,595419,595545,595725,0,0.0,False,False
1905,114_01649,114,1649,360.0,595013,595329,595635,595935,316,306,300,0.8333333333333334,594923,595725,595845,596025,0,0.0,False,False
1906,114_01650,114,1650,360.0,595329,595635,595935,596244,306,300,309,0.8583333333333333,595239,596025,596154,596334,0,0.0,False,False
1907,114_01651,114,1651,360.0,595635,595935,596244,596551,300,309,307,0.8527777777777777,595545,596334,596461,596641,0,0.0,False,False
1908,114_01652,114,1652,360.0,595935,596244,596551,596882,309,307,331,0.9194444444444444,595845,596641,596792,596972,0,0.0,False,False
1909,114_01653,114,1653,360.0,596244,596551,596882,597210,307,331,328,0.9111111111111111,596154,596972,597120,597300,0,0.0,False,False
1910,114_01654,114,1654,360.0,596551,596882,597210,597529,331,328,319,0.8861111111111111,596461,597300,597439,597619,0,0.0,False,False
1911,114_01655,114,1655,360.0,596882,597210,597529,597845,328,319,316,0.8777777777777778,596792,597619,597755,597935,0,0.0,False,False
1912,114_01656,114,1656,360.0,597210,597529,597845,598138,319,316,293,0.8138888888888889,597120,597935,598048,598228,0,0.0,False,False
1913,114_01657,114,1657,360.0,597529,597845,598138,598436,316,293,298,0.8277777777777777,597439,598228,598346,598526,0,0.0,False,False
1914,114_01658,114,1658,360.0,597845,598138,598436,598747,293,298,311,0.8638888888888889,597755,598526,598657,598837,0,0.0,False,False
1915,114_01659,114,1659,360.0,598138,598436,598747,599059,298,311,312,0.8666666666666667,598048,598837,598969,599149,0,0.0,False,False
1916,114_01660,114,1660,360.0,598436,598747,599059,599369,311,312,310,0.8611111111111112,598346,599149,599279,599459,0,0.0,False,False
1917,114_01661,114,1661,360.0,598747,599059,599369,599674,312,310,305,0.8472222222222222,598657,599459,599584,599764,0,0.0,False,False
1918,114_01662,114,1662,360.0,599059,599369,599674,599967,310,305,293,0.8138888888888889,598969,599764,599877,600057,0,0.0,False,False
1919,114_01663,114,1663,360.0,599369,599674,599967,600256,305,293,289,0.8027777777777778,599279,600057,600166,600346,0,0.0,False,False
1920,114_01664,114,1664,360.0,599674,599967,600256,600545,293,289,289,0.8027777777777778,599584,600346,600455,600635,0,0.0,False,False
1921,114_01665,114,1665,360.0,599967,600256,600545,600825,289,289,280,0.7777777777777778,599877,600635,600735,600915,0,0.0,False,False
1922,114_01666,114,1666,360.0,600256,600545,600825,601147,289,280,322,0.8944444444444445,600166,600915,601057,601237,0,0.0,False,False
1923,114_01667,114,1667,360.0,600545,600825,601147,601451,280,322,304,0.8444444444444444,600455,601237,601361,601541,0,0.0,False,False
1924,114_01668,114,1668,360.0,600825,601147,601451,601758,322,304,307,0.8527777777777777,600735,601541,601668,601848,0,0.0,False,False
1925,114_01669,114,1669,360.0,601147,601451,601758,602055,304,307,297,0.825,601057,601848,601965,602145,0,0.0,False,False
1926,114_01670,114,1670,360.0,601451,601758,602055,602355,307,297,300,0.8333333333333334,601361,602145,602265,602445,0,0.0,False,False
1927,114_01671,114,1671,360.0,601758,602055,602355,602653,297,300,298,0.8277777777777777,601668,602445,602563,602743,0,0.0,False,False
1928,114_01672,114,1672,360.0,602055,602355,602653,602938,300,298,285,0.7916666666666666,601965,602743,602848,603028,0,0.0,False,False
1929,114_01673,114,1673,360.0,602355,602653,602938,603274,298,285,336,0.9333333333333333,602265,603028,603184,603364,0,0.0,False,False
1930,114_01674,114,1674,360.0,602653,602938,603274,603606,285,336,332,0.9222222222222223,602563,603364,603516,603696,0,0.0,False,False
1931,114_01675,114,1675,360.0,602938,603274,603606,603917,336,332,311,0.8638888888888889,602848,603696,603827,604007,0,0.0,False,False
1932,114_01676,114,1676,360.0,603274,603606,603917,604242,332,311,325,0.9027777777777778,603184,604007,604152,604332,0,0.0,False,False
1933,114_01677,114,1677,360.0,603606,603917,604242,604555,311,325,313,0.8694444444444445,603516,604332,604465,604645,0,0.0,False,False
1934,114_01678,114,1678,360.0,603917,604242,604555,604856,325,313,301,0.8361111111111111,603827,604645,604766,604946,0,0.0,False,False
1935,114_01679,114,1679,360.0,604242,604555,604856,605160,313,301,304,0.8444444444444444,604152,604946,605070,605250,0,0.0,False,False
1936,114_01680,114,1680,360.0,604555,604856,605160,605514,301,304,354,0.9833333333333333,604465,605250,605424,605604,0,0.0,False,False
1937,114_01681,114,1681,360.0,604856,605160,605514,605844,304,354,330,0.9166666666666666,604766,605604,605754,605934,0,0.0,False,False
1938,114_01682,114,1682,360.0,605160,605514,605844,606148,354,330,304,0.8444444444444444,605070,605934,606058,606238,0,0.0,False,False
1939,114_01683,114,1683,360.0,605514,605844,606148,606470,330,304,322,0.8944444444444445,605424,606238,606380,606560,0,0.0,False,False
1940,114_01684,114,1684,360.0,605844,606148,606470,606779,304,322,309,0.8583333333333333,605754,606560,606689,606869,0,0.0,False,False
1941,114_01685,114,1685,360.0,606148,606470,606779,607081,322,309,302,0.8388888888888889,606058,606869,606991,607171,0,0.0,False,False
1942,114_01686,114,1686,360.0,606470,606779,607081,607391,309,302,310,0.8611111111111112,606380,607171,607301,607481,0,0.0,False,False
1943,114_01687,114,1687,360.0,606779,607081,607391,607725,302,310,334,0.9277777777777778,606689,607481,607635,607815,0,0.0,False,False
1944,114_01688,114,1688,360.0,607081,607391,607725,608062,310,334,337,0.9361111111111111,606991,607815,607972,608152,0,0.0,False,False
1945,114_01689,114,1689,360.0,607391,607725,608062,608372,334,337,310,0.8611111111111112,607301,608152,608282,608462,0,0.0,False,False
1946,114_01690,114,1690,360.0,607725,608062,608372,608695,337,310,323,0.8972222222222223,607635,608462,608605,608785,0,0.0,False,False
1947,114_01691,114,1691,360.0,608062,608372,608695,609009,310,323,314,0.8722222222222222,607972,608785,608919,609099,0,0.0,False,False
1948,114_01692,114,1692,360.0,608372,608695,609009,609299,323,314,290,0.8055555555555556,608282,609099,609209,609389,0,0.0,False,False
1949,114_01693,114,1693,360.0,608695,609009,609299,609625,314,290,326,0.9055555555555556,608605,609389,609535,609715,0,0.0,False,False
1950,114_01694,114,1694,360.0,609009,609299,609625,609958,290,326,333,0.925,608919,609715,609868,610048,0,0.0,False,False
1951,114_01695,114,1695,360.0,609299,609625,609958,610278,326,333,320,0.8888888888888888,609209,610048,610188,610368,0,0.0,False,False
1952,114_01696,114,1696,360.0,609625,609958,610278,610582,333,320,304,0.8444444444444444,609535,610368,610492,610672,0,0.0,False,False
1953,114_01697,114,1697,360.0,609958,610278,610582,610897,320,304,315,0.875,609868,610672,610807,610987,0,0.0,False,False
1954,114_01698,114,1698,360.0,610278,610582,610897,611195,304,315,298,0.8277777777777777,610188,610987,611105,611285,0,0.0,False,False
1955,114_01699,114,1699,360.0,610582,610897,611195,611491,315,298,296,0.8222222222222222,610492,611285,611401,611581,0,0.0,False,False
1956,114_01700,114,1700,360.0,610897,611195,611491,611813,298,296,322,0.8944444444444445,610807,611581,611723,611903,0,0.0,False,False
1957,114_01701,114,1701,360.0,611195,611491,611813,612131,296,322,318,0.8833333333333333,611105,611903,612041,612221,0,0.0,False,False
1958,114_01702,114,1702,360.0,611491,611813,612131,612459,322,318,328,0.9111111111111111,611401,612221,612369,612549,0,0.0,False,False
1959,114_01703,114,1703,360.0,611813,612131,612459,612757,318,328,298,0.8277777777777777,611723,612549,612667,612847,0,0.0,False,False
1960,114_01704,114,1704,360.0,612131,612459,612757,613062,328,298,305,0.8472222222222222,612041,612847,612972,613152,0,0.0,False,False
1961,114_01705,114,1705,360.0,612459,612757,613062,613368,298,305,306,0.85,612369,613152,613278,613458,0,0.0,False,False
1962,114_01706,114,1706,360.0,612757,613062,613368,613658,305,306,290,0.8055555555555556,612667,613458,613568,613748,0,0.0,False,False
1963,114_01707,114,1707,360.0,613062,613368,613658,613978,306,290,320,0.8888888888888888,612972,613748,613888,614068,0,0.0,False,False
1964,114_01708,114,1708,360.0,613368,613658,613978,614303,290,320,325,0.9027777777777778,613278,614068,614213,614393,0,0.0,False,False
1965,114_01709,114,1709,360.0,613658,613978,614303,614626,320,325,323,0.8972222222222223,613568,614393,614536,614716,0,0.0,False,False
1966,114_01710,114,1710,360.0,613978,614303,614626,614920,325,323,294,0.8166666666666667,613888,614716,614830,615010,0,0.0,False,False
1967,114_01711,114,1711,360.0,614303,614626,614920,615228,323,294,308,0.8555555555555555,614213,615010,615138,615318,0,0.0,False,False
1968,114_01712,114,1712,360.0,614626,614920,615228,615533,294,308,305,0.8472222222222222,614536,615318,615443,615623,0,0.0,False,False
1969,114_01713,114,1713,360.0,614920,615228,615533,615819,308,305,286,0.7944444444444444,614830,615623,615729,615909,0,0.0,False,False
1970,114_01714,114,1714,360.0,615228,615533,615819,616130,305,286,311,0.8638888888888889,615138,615909,616040,616220,0,0.0,False,False
1971,114_01715,114,1715,360.0,615533,615819,616130,616451,286,311,321,0.8916666666666667,615443,616220,616361,616541,0,0.0,False,False
1972,114_01716,114,1716,360.0,615819,616130,616451,616781,311,321,330,0.9166666666666666,615729,616541,616691,616871,0,0.0,False,False
1973,114_01717,114,1717,360.0,616130,616451,616781,617082,321,330,301,0.8361111111111111,616040,616871,616992,617172,0,0.0,False,False
1974,114_01718,114,1718,360.0,616451,616781,617082,617389,330,301,307,0.8527777777777777,616361,617172,617299,617479,0,0.0,False,False
1975,114_01719,114,1719,360.0,616781,617082,617389,617700,301,307,311,0.8638888888888889,616691,617479,617610,617790,0,0.0,False,False
1976,114_01720,114,1720,360.0,617082,617389,617700,617980,307,311,280,0.7777777777777778,616992,617790,617890,618070,0,0.0,False,False
1977,114_01721,114,1721,360.0,617389,617700,617980,618296,311,280,316,0.8777777777777778,617299,618070,618206,618386,0,0.0,False,False
1978,114_01722,114,1722,360.0,617700,617980,618296,618619,280,316,323,0.8972222222222223,617610,618386,618529,618709,0,0.0,False,False
1979,114_01723,114,1723,360.0,617980,618296,618619,618931,316,323,312,0.8666666666666667,617890,618709,618841,619021,0,0.0,False,False
1980,114_01724,114,1724,360.0,618296,618619,618931,619231,323,312,300,0.8333333333333334,618206,619021,619141,619321,0,0.0,False,False
1981,114_01725,114,1725,360.0,618619,618931,619231,619520,312,300,289,0.8027777777777778,618529,619321,619430,619610,0,0.0,False,False
1982,114_01726,114,1726,360.0,618931,619231,619520,619821,300,289,301,0.8361111111111111,618841,619610,619731,619911,0,0.0,False,False
1983,114_01727,114,1727,360.0,619231,619520,619821,620104,289,301,283,0.7861111111111111,619141,619911,620014,620194,0,0.0,False,False
1984,114_01728,114,1728,360.0,619520,619821,620104,620398,301,283,294,0.8166666666666667,619430,620194,620308,620488,0,0.0,False,False
1985,114_01729,114,1729,360.0,619821,620104,620398,620705,283,294,307,0.8527777777777777,619731,620488,620615,620795,0,0.0,False,False
1986,114_01730,114,1730,360.0,620104,620398,620705,621022,294,307,317,0.8805555555555555,620014,620795,620932,621112,0,0.0,False,False
1987,114_01731,114,1731,360.0,620398,620705,621022,621315,307,317,293,0.8138888888888889,620308,621112,621225,621405,0,0.0,False,False
1988,114_01732,114,1732,360.0,620705,621022,621315,621605,317,293,290,0.8055555555555556,620615,621405,621515,621695,0,0.0,False,False
1989,114_01733,114,1733,360.0,621022,621315,621605,621896,293,290,291,0.8083333333333333,620932,621695,621806,621986,0,0.0,False,False
1990,114_01734,114,1734,360.0,621315,621605,621896,622190,290,291,294,0.8166666666666667,621225,621986,622100,622280,0,0.0,False,False
1991,114_01735,114,1735,360.0,621605,621896,622190,622483,291,294,293,0.8138888888888889,621515,622280,622393,622573,0,0.0,False,False
1992,114_01736,114,1736,360.0,621896,622190,622483,622805,294,293,322,0.8944444444444445,621806,622573,622715,622895,0,0.0,False,False
1993,114_01737,114,1737,360.0,622190,622483,622805,623114,293,322,309,0.8583333333333333,622100,622895,623024,623204,0,0.0,False,False
1994,114_01738,114,1738,360.0,622483,622805,623114,623422,322,309,308,0.8555555555555555,622393,623204,623332,623512,0,0.0,False,False
1995,114_01739,114,1739,360.0,622805,623114,623422,623722,309,308,300,0.8333333333333334,622715,623512,623632,623812,0,0.0,False,False
1996,114_01740,114,1740,360.0,623114,623422,623722,624014,308,300,292,0.8111111111111111,623024,623812,623924,624104,0,0.0,False,False
1997,114_01741,114,1741,360.0,623422,623722,624014,624314,300,292,300,0.8333333333333334,623332,624104,624224,624404,0,0.0,False,False
1998,114_01742,114,1742,360.0,623722,624014,624314,624602,292,300,288,0.8,623632,624404,624512,624692,0,0.0,False,False
1999,114_01743,114,1743,360.0,624014,624314,624602,624909,300,288,307,0.8527777777777777,623924,624692,624819,624999,0,0.0,False,False
2000,114_01744,114,1744,360.0,624314,624602,624909,625218,288,307,309,0.8583333333333333,624224,624999,625128,625308,0,0.0,False,False
2001,114_01745,114,1745,360.0,624602,624909,625218,625522,307,309,304,0.8444444444444444,624512,625308,625432,625612,0,0.0,False,False
2002,114_01746,114,1746,360.0,624909,625218,625522,625821,309,304,299,0.8305555555555556,624819,625612,625731,625911,0,0.0,False,False
2003,114_01747,114,1747,360.0,625218,625522,625821,626115,304,299,294,0.8166666666666667,625128,625911,626025,626205,0,0.0,False,False
2004,114_01748,114,1748,360.0,625522,625821,626115,626409,299,294,294,0.8166666666666667,625432,626205,626319,626499,0,0.0,False,False
2005,114_01749,114,1749,360.0,625821,626115,626409,626700,294,294,291,0.8083333333333333,625731,626499,626610,626790,0,0.0,False,False
2006,114_01750,114,1750,360.0,626115,626409,626700,627010,294,291,310,0.8611111111111112,626025,626790,626920,627100,0,0.0,False,False
2007,114_01751,114,1751,360.0,626409,626700,627010,627313,291,310,303,0.8416666666666667,626319,627100,627223,627403,0,0.0,False,False
2008,114_01752,114,1752,360.0,626700,627010,627313,627624,310,303,311,0.8638888888888889,626610,627403,627534,627714,0,0.0,False,False
2009,114_01753,114,1753,360.0,627010,627313,627624,627923,303,311,299,0.8305555555555556,626920,627714,627833,628013,0,0.0,False,False
2010,114_01754,114,1754,360.0,627313,627624,627923,628209,311,299,286,0.7944444444444444,627223,628013,628119,628299,0,0.0,False,False
2011,114_01755,114,1755,360.0,627624,627923,628209,628506,299,286,297,0.825,627534,628299,628416,628596,0,0.0,False,False
2012,114_01756,114,1756,360.0,627923,628209,628506,628788,286,297,282,0.7833333333333333,627833,628596,628698,628878,0,0.0,False,False
2013,114_01757,114,1757,360.0,628209,628506,628788,629088,297,282,300,0.8333333333333334,628119,628878,628998,629178,0,0.0,False,False
2014,114_01758,114,1758,360.0,628506,628788,629088,629404,282,300,316,0.8777777777777778,628416,629178,629314,629494,0,0.0,False,False
2015,114_01759,114,1759,360.0,628788,629088,629404,629705,300,316,301,0.8361111111111111,628698,629494,629615,629795,0,0.0,False,False
2016,114_01760,114,1760,360.0,629088,629404,629705,630000,316,301,295,0.8194444444444444,628998,629795,629910,630090,0,0.0,False,False
2017,114_01761,114,1761,360.0,629404,629705,630000,630290,301,295,290,0.8055555555555556,629314,630090,630200,630380,0,0.0,False,False
2018,114_01762,114,1762,360.0,629705,630000,630290,630571,295,290,281,0.7805555555555556,629615,630380,630481,630661,0,0.0,False,False
2019,114_01763,114,1763,360.0,630000,630290,630571,630854,290,281,283,0.7861111111111111,629910,630661,630764,630944,0,0.0,False,False
2020,114_01764,114,1764,360.0,630290,630571,630854,631152,281,283,298,0.8277777777777777,630200,630944,631062,631242,0,0.0,False,False
2021,114_01765,114,1765,360.0,630571,630854,631152,631454,283,298,302,0.8388888888888889,630481,631242,631364,631544,0,0.0,False,False
2022,114_01766,114,1766,360.0,630854,631152,631454,631759,298,302,305,0.8472222222222222,630764,631544,631669,631849,0,0.0,False,False
2023,114_01767,114,1767,360.0,631152,631454,631759,632039,302,305,280,0.7777777777777778,631062,631849,631949,632129,0,0.0,False,False
2024,114_01768,114,1768,360.0,631454,631759,632039,632340,305,280,301,0.8361111111111111,631364,632129,632250,632430,0,0.0,False,False
2025,114_01769,114,1769,360.0,631759,632039,632340,632626,280,301,286,0.7944444444444444,631669,632430,632536,632716,0,0.0,False,False
2026,114_01770,114,1770,360.0,632039,632340,632626,632904,301,286,278,0.7722222222222223,631949,632716,632814,632994,0,0.0,False,False
2027,114_01771,114,1771,360.0,632340,632626,632904,633208,286,278,304,0.8444444444444444,632250,632994,633118,633298,0,0.0,False,False
2028,114_01772,114,1772,360.0,632626,632904,633208,633513,278,304,305,0.8472222222222222,632536,633298,633423,633603,0,0.0,False,False
2029,114_01773,114,1773,360.0,632904,633208,633513,633820,304,305,307,0.8527777777777777,632814,633603,633730,633910,0,0.0,False,False
2030,114_01774,114,1774,360.0,633208,633513,633820,634127,305,307,307,0.8527777777777777,633118,633910,634037,634217,0,0.0,False,False
2031,114_01775,114,1775,360.0,633513,633820,634127,634420,307,307,293,0.8138888888888889,633423,634217,634330,634510,0,0.0,False,False
2032,114_01776,114,1776,360.0,633820,634127,634420,634718,307,293,298,0.8277777777777777,633730,634510,634628,634808,0,0.0,False,False
2033,114_01777,114,1777,360.0,634127,634420,634718,635009,293,298,291,0.8083333333333333,634037,634808,634919,635099,0,0.0,False,False
2034,114_01778,114,1778,360.0,634420,634718,635009,635287,298,291,278,0.7722222222222223,634330,635099,635197,635377,0,0.0,False,False
2035,114_01779,114,1779,360.0,634718,635009,635287,635604,291,278,317,0.8805555555555555,634628,635377,635514,635694,0,0.0,False,False
2036,114_01780,114,1780,360.0,635009,635287,635604,635915,278,317,311,0.8638888888888889,634919,635694,635825,636005,0,0.0,False,False
2037,114_01781,114,1781,360.0,635287,635604,635915,636219,317,311,304,0.8444444444444444,635197,636005,636129,636309,0,0.0,False,False
2038,114_01782,114,1782,360.0,635604,635915,636219,636514,311,304,295,0.8194444444444444,635514,636309,636424,636604,0,0.0,False,False
2039,114_01783,114,1783,360.0,635915,636219,636514,636816,304,295,302,0.8388888888888889,635825,636604,636726,636906,0,0.0,False,False
2040,114_01784,114,1784,360.0,636219,636514,636816,637113,295,302,297,0.825,636129,636906,637023,637203,0,0.0,False,False
2041,114_01785,114,1785,360.0,636514,636816,637113,637395,302,297,282,0.7833333333333333,636424,637203,637305,637485,0,0.0,False,False
2042,114_01786,114,1786,360.0,636816,637113,637395,637648,297,282,253,0.7027777777777777,636726,637485,637558,637738,0,0.0,False,False
2043,114_01787,114,1787,360.0,637113,637395,637648,638043,282,253,395,1.0972222222222223,637023,637738,637953,638133,0,0.0,False,False
2044,114_01788,114,1788,360.0,637395,637648,638043,638375,253,395,332,0.9222222222222223,637305,638133,638285,638465,0,0.0,False,False
2045,114_01789,114,1789,360.0,637648,638043,638375,638686,395,332,311,0.8638888888888889,637558,638465,638596,638776,0,0.0,False,False
2046,114_01790,114,1790,360.0,638043,638375,638686,639006,332,311,320,0.8888888888888888,637953,638776,638916,639096,0,0.0,False,False
2047,114_01791,114,1791,360.0,638375,638686,639006,639313,311,320,307,0.8527777777777777,638285,639096,639223,639403,0,0.0,False,False
2048,114_01792,114,1792,360.0,638686,639006,639313,639606,320,307,293,0.8138888888888889,638596,639403,639516,639696,0,0.0,False,False
2049,114_01793,114,1793,360.0,639006,639313,639606,639942,307,293,336,0.9333333333333333,638916,639696,639852,640032,0,0.0,False,False
2050,114_01794,114,1794,360.0,639313,639606,639942,640261,293,336,319,0.8861111111111111,639223,640032,640171,640351,0,0.0,False,False
2051,114_01795,114,1795,360.0,639606,639942,640261,640567,336,319,306,0.85,639516,640351,640477,640657,0,0.0,False,False
2052,114_01796,114,1796,360.0,639942,640261,640567,640854,319,306,287,0.7972222222222223,639852,640657,640764,640944,0,0.0,False,False
2053,114_01797,114,1797,360.0,640261,640567,640854,641152,306,287,298,0.8277777777777777,640171,640944,641062,641242,0,0.0,False,False
2054,114_01798,114,1798,360.0,640567,640854,641152,641438,287,298,286,0.7944444444444444,640477,641242,641348,641528,0,0.0,False,False
2055,114_01799,114,1799,360.0,640854,641152,641438,641705,298,286,267,0.7416666666666667,640764,641528,641615,641795,0,0.0,False,False
2056,114_01800,114,1800,360.0,641152,641438,641705,642004,286,267,299,0.8305555555555556,641062,641795,641914,642094,0,0.0,False,False
2057,114_01801,114,1801,360.0,641438,641705,642004,642309,267,299,305,0.8472222222222222,641348,642094,642219,642399,0,0.0,False,False
2058,114_01802,114,1802,360.0,641705,642004,642309,642605,299,305,296,0.8222222222222222,641615,642399,642515,642695,0,0.0,False,False
2059,114_01803,114,1803,360.0,642004,642309,642605,642879,305,296,274,0.7611111111111111,641914,642695,642789,642969,0,0.0,False,False
2060,114_01804,114,1804,360.0,642309,642605,642879,643158,296,274,279,0.775,642219,642969,643068,643248,0,0.0,False,False
2061,114_01805,114,1805,360.0,642605,642879,643158,643437,274,279,279,0.775,642515,643248,643347,643527,0,0.0,False,False
2062,114_01806,114,1806,360.0,642879,643158,643437,643713,279,279,276,0.7666666666666667,642789,643527,643623,643803,0,0.0,False,False
2063,114_01807,114,1807,360.0,643158,643437,643713,643971,279,276,258,0.7166666666666667,643068,643803,643881,644061,0,0.0,False,False
2064,114_01808,114,1808,360.0,643437,643713,643971,644273,276,258,302,0.8388888888888889,643347,644061,644183,644363,0,0.0,False,False
2065,114_01809,114,1809,360.0,643713,643971,644273,644567,258,302,294,0.8166666666666667,643623,644363,644477,644657,0,0.0,False,False
2066,114_01810,114,1810,360.0,643971,644273,644567,644852,302,294,285,0.7916666666666666,643881,644657,644762,644942,0,0.0,False,False
2067,114_01811,114,1811,360.0,644273,644567,644852,645124,294,285,272,0.7555555555555555,644183,644942,645034,645214,0,0.0,False,False
2068,114_01812,114,1812,360.0,644567,644852,645124,645395,285,272,271,0.7527777777777778,644477,645214,645305,645485,0,0.0,False,False
2069,114_01813,114,1813,360.0,644852,645124,645395,645669,272,271,274,0.7611111111111111,644762,645485,645579,645759,0,0.0,False,False
2070,114_01814,114,1814,360.0,645124,645395,645669,645942,271,274,273,0.7583333333333333,645034,645759,645852,646032,0,0.0,False,False
2071,114_01815,114,1815,360.0,645395,645669,645942,646208,274,273,266,0.7388888888888889,645305,646032,646118,646298,0,0.0,False,False
2072,114_01816,114,1816,360.0,645669,645942,646208,646504,273,266,296,0.8222222222222222,645579,646298,646414,646594,0,0.0,False,False
2073,114_01817,114,1817,360.0,645942,646208,646504,646801,266,296,297,0.825,645852,646594,646711,646891,0,0.0,False,False
2074,114_01818,114,1818,360.0,646208,646504,646801,647079,296,297,278,0.7722222222222223,646118,646891,646989,647169,0,0.0,False,False
2075,114_01819,114,1819,360.0,646504,646801,647079,647352,297,278,273,0.7583333333333333,646414,647169,647262,647442,0,0.0,False,False
2076,114_01820,114,1820,360.0,646801,647079,647352,647624,278,273,272,0.7555555555555555,646711,647442,647534,647714,0,0.0,False,False
2077,114_01821,114,1821,360.0,647079,647352,647624,647893,273,272,269,0.7472222222222222,646989,647714,647803,647983,0,0.0,False,False
2078,114_01822,114,1822,360.0,647352,647624,647893,648146,272,269,253,0.7027777777777777,647262,647983,648056,648236,0,0.0,False,False
2079,114_01823,114,1823,360.0,647624,647893,648146,648421,269,253,275,0.7638888888888888,647534,648236,648331,648511,0,0.0,False,False
2080,114_01824,114,1824,360.0,647893,648146,648421,648709,253,275,288,0.8,647803,648511,648619,648799,0,0.0,False,False
2081,114_01825,114,1825,360.0,648146,648421,648709,648993,275,288,284,0.7888888888888889,648056,648799,648903,649083,0,0.0,False,False
2082,114_01826,114,1826,360.0,648421,648709,648993,649261,288,284,268,0.7444444444444445,648331,649083,649171,649351,0,0.0,False,False
2083,114_01827,114,1827,360.0,648709,648993,649261,649523,284,268,262,0.7277777777777777,648619,649351,649433,649613,0,0.0,False,False
2084,114_01828,114,1828,360.0,648993,649261,649523,649783,268,262,260,0.7222222222222222,648903,649613,649693,649873,0,0.0,False,False
2085,118_00000,118,0,360.0,369,674,980,1284,305,306,304,0.8444444444444444,279,1070,1194,1374,0,0.0,False,False
2086,118_00001,118,1,360.0,674,980,1284,1587,306,304,303,0.8416666666666667,584,1374,1497,1677,0,0.0,False,False
2087,118_00002,118,2,360.0,980,1284,1587,1879,304,303,292,0.8111111111111111,890,1677,1789,1969,0,0.0,False,False
2088,118_00003,118,3,360.0,1284,1587,1879,2175,303,292,296,0.8222222222222222,1194,1969,2085,2265,0,0.0,False,False
2089,118_00004,118,4,360.0,1587,1879,2175,2475,292,296,300,0.8333333333333334,1497,2265,2385,2565,0,0.0,False,False
2090,118_00005,118,5,360.0,1879,2175,2475,2766,296,300,291,0.8083333333333333,1789,2565,2676,2856,0,0.0,False,False
2091,118_00006,118,6,360.0,2175,2475,2766,3054,300,291,288,0.8,2085,2856,2964,3144,0,0.0,False,False
2092,118_00007,118,7,360.0,2475,2766,3054,3364,291,288,310,0.8611111111111112,2385,3144,3274,3454,0,0.0,False,False
2093,118_00008,118,8,360.0,2766,3054,3364,3674,288,310,310,0.8611111111111112,2676,3454,3584,3764,0,0.0,False,False
2094,118_00009,118,9,360.0,3054,3364,3674,3978,310,310,304,0.8444444444444444,2964,3764,3888,4068,0,0.0,False,False
2095,118_00010,118,10,360.0,3364,3674,3978,4282,310,304,304,0.8444444444444444,3274,4068,4192,4372,0,0.0,False,False
2096,118_00011,118,11,360.0,3674,3978,4282,4580,304,304,298,0.8277777777777777,3584,4372,4490,4670,0,0.0,False,False
2097,118_00012,118,12,360.0,3978,4282,4580,4883,304,298,303,0.8416666666666667,3888,4670,4793,4973,0,0.0,False,False
2098,118_00013,118,13,360.0,4282,4580,4883,5171,298,303,288,0.8,4192,4973,5081,5261,0,0.0,False,False
2099,118_00014,118,14,360.0,4580,4883,5171,5464,303,288,293,0.8138888888888889,4490,5261,5374,5554,0,0.0,False,False
2100,118_00015,118,15,360.0,4883,5171,5464,5762,288,293,298,0.8277777777777777,4793,5554,5672,5852,0,0.0,False,False
2101,118_00016,118,16,360.0,5171,5464,5762,6057,293,298,295,0.8194444444444444,5081,5852,5967,6147,0,0.0,False,False
2102,118_00017,118,17,360.0,5464,5762,6057,6351,298,295,294,0.8166666666666667,5374,6147,6261,6441,0,0.0,False,False
2103,118_00018,118,18,360.0,5762,6057,6351,6644,295,294,293,0.8138888888888889,5672,6441,6554,6734,0,0.0,False,False
2104,118_00019,118,19,360.0,6057,6351,6644,6929,294,293,285,0.7916666666666666,5967,6734,6839,7019,0,0.0,False,False
2105,118_00020,118,20,360.0,6351,6644,6929,7215,293,285,286,0.7944444444444444,6261,7019,7125,7305,0,0.0,False,False
2106,118_00021,118,21,360.0,6644,6929,7215,7506,285,286,291,0.8083333333333333,6554,7305,7416,7596,0,0.0,False,False
2107,118_00022,118,22,360.0,6929,7215,7506,7793,286,291,287,0.7972222222222223,6839,7596,7703,7883,0,0.0,False,False
2108,118_00023,118,23,360.0,7215,7506,7793,8082,291,287,289,0.8027777777777778,7125,7883,7992,8172,0,0.0,False,False
2109,118_00024,118,24,360.0,7506,7793,8082,8378,287,289,296,0.8222222222222222,7416,8172,8288,8468,0,0.0,False,False
2110,118_00025,118,25,360.0,7793,8082,8378,8664,289,296,286,0.7944444444444444,7703,8468,8574,8754,0,0.0,False,False
2111,118_00026,118,26,360.0,8082,8378,8664,8966,296,286,302,0.8388888888888889,7992,8754,8876,9056,0,0.0,False,False
2112,118_00027,118,27,360.0,8378,8664,8966,9266,286,302,300,0.8333333333333334,8288,9056,9176,9356,0,0.0,False,False
2113,118_00028,118,28,360.0,8664,8966,9266,9565,302,300,299,0.8305555555555556,8574,9356,9475,9655,0,0.0,False,False
2114,118_00029,118,29,360.0,8966,9266,9565,9875,300,299,310,0.8611111111111112,8876,9655,9785,9965,0,0.0,False,False
2115,118_00030,118,30,360.0,9266,9565,9875,10178,299,310,303,0.8416666666666667,9176,9965,10088,10268,0,0.0,False,False
2116,118_00031,118,31,360.0,9565,9875,10178,10480,310,303,302,0.8388888888888889,9475,10268,10390,10570,0,0.0,False,False
2117,118_00032,118,32,360.0,9875,10178,10480,10789,303,302,309,0.8583333333333333,9785,10570,10699,10879,0,0.0,False,False
2118,118_00033,118,33,360.0,10178,10480,10789,11383,302,309,594,1.65,10088,10879,11293,11473,0,0.0,False,False
2119,118_00034,118,34,360.0,10480,10789,11383,11687,309,594,304,0.8444444444444444,10390,11473,11597,11777,0,0.0,False,False
2120,118_00035,118,35,360.0,10789,11383,11687,11991,594,304,304,0.8444444444444444,10699,11777,11901,12081,0,0.0,False,False
2121,118_00036,118,36,360.0,11383,11687,11991,12294,304,304,303,0.8416666666666667,11293,12081,12204,12384,0,0.0,False,False
2122,118_00037,118,37,360.0,11687,11991,12294,12595,304,303,301,0.8361111111111111,11597,12384,12505,12685,0,0.0,False,False
2123,118_00038,118,38,360.0,11991,12294,12595,12898,303,301,303,0.8416666666666667,11901,12685,12808,12988,0,0.0,False,False
2124,118_00039,118,39,360.0,12294,12595,12898,13199,301,303,301,0.8361111111111111,12204,12988,13109,13289,0,0.0,False,False
2125,118_00040,118,40,360.0,12595,12898,13199,13497,303,301,298,0.8277777777777777,12505,13289,13407,13587,0,0.0,False,False
2126,118_00041,118,41,360.0,12898,13199,13497,13790,301,298,293,0.8138888888888889,12808,13587,13700,13880,0,0.0,False,False
2127,118_00042,118,42,360.0,13199,13497,13790,14071,298,293,281,0.7805555555555556,13109,13880,13981,14161,0,0.0,False,False
2128,118_00043,118,43,360.0,13497,13790,14071,14359,293,281,288,0.8,13407,14161,14269,14449,0,0.0,False,False
2129,118_00044,118,44,360.0,13790,14071,14359,14638,281,288,279,0.775,13700,14449,14548,14728,0,0.0,False,False
2130,118_00045,118,45,360.0,14071,14359,14638,14916,288,279,278,0.7722222222222223,13981,14728,14826,15006,0,0.0,False,False
2131,118_00046,118,46,360.0,14359,14638,14916,15209,279,278,293,0.8138888888888889,14269,15006,15119,15299,0,0.0,False,False
2132,118_00047,118,47,360.0,14638,14916,15209,15497,278,293,288,0.8,14548,15299,15407,15587,0,0.0,False,False
2133,118_00048,118,48,360.0,14916,15209,15497,15789,293,288,292,0.8111111111111111,14826,15587,15699,15879,0,0.0,False,False
2134,118_00049,118,49,360.0,15209,15497,15789,16090,288,292,301,0.8361111111111111,15119,15879,16000,16180,0,0.0,False,False
2135,118_00050,118,50,360.0,15497,15789,16090,16393,292,301,303,0.8416666666666667,15407,16180,16303,16483,0,0.0,False,False
2136,118_00051,118,51,360.0,15789,16090,16393,16701,301,303,308,0.8555555555555555,15699,16483,16611,16791,0,0.0,False,False
2137,118_00052,118,52,360.0,16090,16393,16701,17006,303,308,305,0.8472222222222222,16000,16791,16916,17096,0,0.0,False,False
2138,118_00053,118,53,360.0,16393,16701,17006,17313,308,305,307,0.8527777777777777,16303,17096,17223,17403,0,0.0,False,False
2139,118_00054,118,54,360.0,16701,17006,17313,17622,305,307,309,0.8583333333333333,16611,17403,17532,17712,0,0.0,False,False
2140,118_00055,118,55,360.0,17006,17313,17622,17933,307,309,311,0.8638888888888889,16916,17712,17843,18023,0,0.0,False,False
2141,118_00056,118,56,360.0,17313,17622,17933,18243,309,311,310,0.8611111111111112,17223,18023,18153,18333,0,0.0,False,False
2142,118_00057,118,57,360.0,17622,17933,18243,18548,311,310,305,0.8472222222222222,17532,18333,18458,18638,0,0.0,False,False
2143,118_00058,118,58,360.0,17933,18243,18548,18854,310,305,306,0.85,17843,18638,18764,18944,0,0.0,False,False
2144,118_00059,118,59,360.0,18243,18548,18854,19157,305,306,303,0.8416666666666667,18153,18944,19067,19247,0,0.0,False,False
2145,118_00060,118,60,360.0,18548,18854,19157,19459,306,303,302,0.8388888888888889,18458,19247,19369,19549,0,0.0,False,False
2146,118_00061,118,61,360.0,18854,19157,19459,19761,303,302,302,0.8388888888888889,18764,19549,19671,19851,0,0.0,False,False
2147,118_00062,118,62,360.0,19157,19459,19761,20055,302,302,294,0.8166666666666667,19067,19851,19965,20145,0,0.0,False,False
2148,118_00063,118,63,360.0,19459,19761,20055,20360,302,294,305,0.8472222222222222,19369,20145,20270,20450,0,0.0,False,False
2149,118_00064,118,64,360.0,19761,20055,20360,20655,294,305,295,0.8194444444444444,19671,20450,20565,20745,0,0.0,False,False
2150,118_00065,118,65,360.0,20055,20360,20655,20957,305,295,302,0.8388888888888889,19965,20745,20867,21047,0,0.0,False,False
2151,118_00066,118,66,360.0,20360,20655,20957,21267,295,302,310,0.8611111111111112,20270,21047,21177,21357,0,0.0,False,False
2152,118_00067,118,67,360.0,20655,20957,21267,21566,302,310,299,0.8305555555555556,20565,21357,21476,21656,0,0.0,False,False
2153,118_00068,118,68,360.0,20957,21267,21566,21868,310,299,302,0.8388888888888889,20867,21656,21778,21958,0,0.0,False,False
2154,118_00069,118,69,360.0,21267,21566,21868,22176,299,302,308,0.8555555555555555,21177,21958,22086,22266,0,0.0,False,False
2155,118_00070,118,70,360.0,21566,21868,22176,22474,302,308,298,0.8277777777777777,21476,22266,22384,22564,0,0.0,False,False
2156,118_00071,118,71,360.0,21868,22176,22474,22777,308,298,303,0.8416666666666667,21778,22564,22687,22867,0,0.0,False,False
2157,118_00072,118,72,360.0,22176,22474,22777,23076,298,303,299,0.8305555555555556,22086,22867,22986,23166,0,0.0,False,False
2158,118_00073,118,73,360.0,22474,22777,23076,23373,303,299,297,0.825,22384,23166,23283,23463,0,0.0,False,False
2159,118_00074,118,74,360.0,22777,23076,23373,23667,299,297,294,0.8166666666666667,22687,23463,23577,23757,0,0.0,False,False
2160,118_00075,118,75,360.0,23076,23373,23667,23968,297,294,301,0.8361111111111111,22986,23757,23878,24058,0,0.0,False,False
2161,118_00076,118,76,360.0,23373,23667,23968,24272,294,301,304,0.8444444444444444,23283,24058,24182,24362,0,0.0,False,False
2162,118_00077,118,77,360.0,23667,23968,24272,24566,301,304,294,0.8166666666666667,23577,24362,24476,24656,0,0.0,False,False
2163,118_00078,118,78,360.0,23968,24272,24566,24863,304,294,297,0.825,23878,24656,24773,24953,0,0.0,False,False
2164,118_00079,118,79,360.0,24272,24566,24863,25169,294,297,306,0.85,24182,24953,25079,25259,0,0.0,False,False
2165,118_00080,118,80,360.0,24566,24863,25169,25473,297,306,304,0.8444444444444444,24476,25259,25383,25563,0,0.0,False,False
2166,118_00081,118,81,360.0,24863,25169,25473,25775,306,304,302,0.8388888888888889,24773,25563,25685,25865,0,0.0,False,False
2167,118_00082,118,82,360.0,25169,25473,25775,26078,304,302,303,0.8416666666666667,25079,25865,25988,26168,0,0.0,False,False
2168,118_00083,118,83,360.0,25473,25775,26078,26375,302,303,297,0.825,25383,26168,26285,26465,0,0.0,False,False
2169,118_00084,118,84,360.0,25775,26078,26375,26674,303,297,299,0.8305555555555556,25685,26465,26584,26764,0,0.0,False,False
2170,118_00085,118,85,360.0,26078,26375,26674,26976,297,299,302,0.8388888888888889,25988,26764,26886,27066,0,0.0,False,False
2171,118_00086,118,86,360.0,26375,26674,26976,27278,299,302,302,0.8388888888888889,26285,27066,27188,27368,0,0.0,False,False
2172,118_00087,118,87,360.0,26674,26976,27278,27575,302,302,297,0.825,26584,27368,27485,27665,0,0.0,False,False
2173,118_00088,118,88,360.0,26976,27278,27575,27873,302,297,298,0.8277777777777777,26886,27665,27783,27963,0,0.0,False,False
2174,118_00089,118,89,360.0,27278,27575,27873,28177,297,298,304,0.8444444444444444,27188,27963,28087,28267,0,0.0,False,False
2175,118_00090,118,90,360.0,27575,27873,28177,28469,298,304,292,0.8111111111111111,27485,28267,28379,28559,0,0.0,False,False
2176,118_00091,118,91,360.0,27873,28177,28469,28767,304,292,298,0.8277777777777777,27783,28559,28677,28857,0,0.0,False,False
2177,118_00092,118,92,360.0,28177,28469,28767,29060,292,298,293,0.8138888888888889,28087,28857,28970,29150,0,0.0,False,False
2178,118_00093,118,93,360.0,28469,28767,29060,29350,298,293,290,0.8055555555555556,28379,29150,29260,29440,0,0.0,False,False
2179,118_00094,118,94,360.0,28767,29060,29350,29648,293,290,298,0.8277777777777777,28677,29440,29558,29738,0,0.0,False,False
2180,118_00095,118,95,360.0,29060,29350,29648,29947,290,298,299,0.8305555555555556,28970,29738,29857,30037,0,0.0,False,False
2181,118_00096,118,96,360.0,29350,29648,29947,30240,298,299,293,0.8138888888888889,29260,30037,30150,30330,0,0.0,False,False
2182,118_00097,118,97,360.0,29648,29947,30240,30537,299,293,297,0.825,29558,30330,30447,30627,0,0.0,False,False
2183,118_00098,118,98,360.0,29947,30240,30537,30830,293,297,293,0.8138888888888889,29857,30627,30740,30920,0,0.0,False,False
2184,118_00099,118,99,360.0,30240,30537,30830,31121,297,293,291,0.8083333333333333,30150,30920,31031,31211,0,0.0,False,False
2185,118_00100,118,100,360.0,30537,30830,31121,31412,293,291,291,0.8083333333333333,30447,31211,31322,31502,0,0.0,False,False
2186,118_00101,118,101,360.0,30830,31121,31412,31704,291,291,292,0.8111111111111111,30740,31502,31614,31794,0,0.0,False,False
2187,118_00102,118,102,360.0,31121,31412,31704,31986,291,292,282,0.7833333333333333,31031,31794,31896,32076,0,0.0,False,False
2188,118_00103,118,103,360.0,31412,31704,31986,32272,292,282,286,0.7944444444444444,31322,32076,32182,32362,0,0.0,False,False
2189,118_00104,118,104,360.0,31704,31986,32272,32560,282,286,288,0.8,31614,32362,32470,32650,0,0.0,False,False
2190,118_00105,118,105,360.0,31986,32272,32560,32850,286,288,290,0.8055555555555556,31896,32650,32760,32940,0,0.0,False,False
2191,118_00106,118,106,360.0,32272,32560,32850,33141,288,290,291,0.8083333333333333,32182,32940,33051,33231,0,0.0,False,False
2192,118_00107,118,107,360.0,32560,32850,33141,33429,290,291,288,0.8,32470,33231,33339,33519,0,0.0,False,False
2193,118_00108,118,108,360.0,32850,33141,33429,33656,291,288,227,0.6305555555555555,32760,33519,33566,33746,0,0.0,False,False
2194,118_00109,118,109,360.0,33141,33429,33656,33983,288,227,327,0.9083333333333333,33051,33746,33893,34073,0,0.0,False,False
2195,118_00110,118,110,360.0,33429,33656,33983,34290,227,327,307,0.8527777777777777,33339,34073,34200,34380,0,0.0,False,False
2196,118_00111,118,111,360.0,33656,33983,34290,34578,327,307,288,0.8,33566,34380,34488,34668,0,0.0,False,False
2197,118_00112,118,112,360.0,33983,34290,34578,34864,307,288,286,0.7944444444444444,33893,34668,34774,34954,0,0.0,False,False
2198,118_00113,118,113,360.0,34290,34578,34864,35151,288,286,287,0.7972222222222223,34200,34954,35061,35241,0,0.0,False,False
2199,118_00114,118,114,360.0,34578,34864,35151,35385,286,287,234,0.65,34488,35241,35295,35475,0,0.0,False,False
2200,118_00115,118,115,360.0,34864,35151,35385,35700,287,234,315,0.875,34774,35475,35610,35790,0,0.0,False,False
2201,118_00116,118,116,360.0,35151,35385,35700,35993,234,315,293,0.8138888888888889,35061,35790,35903,36083,0,0.0,False,False
2202,118_00117,118,117,360.0,35385,35700,35993,36277,315,293,284,0.7888888888888889,35295,36083,36187,36367,0,0.0,False,False
2203,118_00118,118,118,360.0,35700,35993,36277,36563,293,284,286,0.7944444444444444,35610,36367,36473,36653,0,0.0,False,False
2204,118_00119,118,119,360.0,35993,36277,36563,36843,284,286,280,0.7777777777777778,35903,36653,36753,36933,0,0.0,False,False
2205,118_00120,118,120,360.0,36277,36563,36843,37131,286,280,288,0.8,36187,36933,37041,37221,0,0.0,False,False
2206,118_00121,118,121,360.0,36563,36843,37131,37419,280,288,288,0.8,36473,37221,37329,37509,0,0.0,False,False
2207,118_00122,118,122,360.0,36843,37131,37419,37706,288,288,287,0.7972222222222223,36753,37509,37616,37796,0,0.0,False,False
2208,118_00123,118,123,360.0,37131,37419,37706,37931,288,287,225,0.625,37041,37796,37841,38021,0,0.0,False,False
2209,118_00124,118,124,360.0,37419,37706,37931,38260,287,225,329,0.9138888888888889,37329,38021,38170,38350,0,0.0,False,False
2210,118_00125,118,125,360.0,37706,37931,38260,38850,225,329,590,1.6388888888888888,37616,38350,38760,38940,0,0.0,False,False
2211,118_00126,118,126,360.0,37931,38260,38850,39146,329,590,296,0.8222222222222222,37841,38940,39056,39236,0,0.0,False,False
2212,118_00127,118,127,360.0,38260,38850,39146,39428,590,296,282,0.7833333333333333,38170,39236,39338,39518,0,0.0,False,False
2213,118_00128,118,128,360.0,38850,39146,39428,39713,296,282,285,0.7916666666666666,38760,39518,39623,39803,0,0.0,False,False
2214,118_00129,118,129,360.0,39146,39428,39713,39994,282,285,281,0.7805555555555556,39056,39803,39904,40084,0,0.0,False,False
2215,118_00130,118,130,360.0,39428,39713,39994,40284,285,281,290,0.8055555555555556,39338,40084,40194,40374,0,0.0,False,False
2216,118_00131,118,131,360.0,39713,39994,40284,40520,281,290,236,0.6555555555555556,39623,40374,40430,40610,0,0.0,False,False
2217,118_00132,118,132,360.0,39994,40284,40520,40827,290,236,307,0.8527777777777777,39904,40610,40737,40917,0,0.0,False,False
2218,118_00133,118,133,360.0,40284,40520,40827,41126,236,307,299,0.8305555555555556,40194,40917,41036,41216,0,0.0,False,False
2219,118_00134,118,134,360.0,40520,40827,41126,41413,307,299,287,0.7972222222222223,40430,41216,41323,41503,0,0.0,False,False
2220,118_00135,118,135,360.0,40827,41126,41413,41707,299,287,294,0.8166666666666667,40737,41503,41617,41797,0,0.0,False,False
2221,118_00136,118,136,360.0,41126,41413,41707,41998,287,294,291,0.8083333333333333,41036,41797,41908,42088,0,0.0,False,False
2222,118_00137,118,137,360.0,41413,41707,41998,42286,294,291,288,0.8,41323,42088,42196,42376,0,0.0,False,False
2223,118_00138,118,138,360.0,41707,41998,42286,42582,291,288,296,0.8222222222222222,41617,42376,42492,42672,0,0.0,False,False
2224,118_00139,118,139,360.0,41998,42286,42582,42876,288,296,294,0.8166666666666667,41908,42672,42786,42966,0,0.0,False,False
2225,118_00140,118,140,360.0,42286,42582,42876,43175,296,294,299,0.8305555555555556,42196,42966,43085,43265,0,0.0,False,False
2226,118_00141,118,141,360.0,42582,42876,43175,43473,294,299,298,0.8277777777777777,42492,43265,43383,43563,0,0.0,False,False
2227,118_00142,118,142,360.0,42876,43175,43473,43766,299,298,293,0.8138888888888889,42786,43563,43676,43856,0,0.0,False,False
2228,118_00143,118,143,360.0,43175,43473,43766,44061,298,293,295,0.8194444444444444,43085,43856,43971,44151,0,0.0,False,False
2229,118_00144,118,144,360.0,43473,43766,44061,44350,293,295,289,0.8027777777777778,43383,44151,44260,44440,0,0.0,False,False
2230,118_00145,118,145,360.0,43766,44061,44350,44642,295,289,292,0.8111111111111111,43676,44440,44552,44732,0,0.0,False,False
2231,118_00146,118,146,360.0,44061,44350,44642,44935,289,292,293,0.8138888888888889,43971,44732,44845,45025,0,0.0,False,False
2232,118_00147,118,147,360.0,44350,44642,44935,45231,292,293,296,0.8222222222222222,44260,45025,45141,45321,0,0.0,False,False
2233,118_00148,118,148,360.0,44642,44935,45231,45522,293,296,291,0.8083333333333333,44552,45321,45432,45612,0,0.0,False,False
2234,118_00149,118,149,360.0,44935,45231,45522,45810,296,291,288,0.8,44845,45612,45720,45900,0,0.0,False,False
2235,118_00150,118,150,360.0,45231,45522,45810,46111,291,288,301,0.8361111111111111,45141,45900,46021,46201,0,0.0,False,False
2236,118_00151,118,151,360.0,45522,45810,46111,46405,288,301,294,0.8166666666666667,45432,46201,46315,46495,0,0.0,False,False
2237,118_00152,118,152,360.0,45810,46111,46405,46694,301,294,289,0.8027777777777778,45720,46495,46604,46784,0,0.0,False,False
2238,118_00153,118,153,360.0,46111,46405,46694,46991,294,289,297,0.825,46021,46784,46901,47081,0,0.0,False,False
2239,118_00154,118,154,360.0,46405,46694,46991,47284,289,297,293,0.8138888888888889,46315,47081,47194,47374,0,0.0,False,False
2240,118_00155,118,155,360.0,46694,46991,47284,47568,297,293,284,0.7888888888888889,46604,47374,47478,47658,0,0.0,False,False
2241,118_00156,118,156,360.0,46991,47284,47568,47861,293,284,293,0.8138888888888889,46901,47658,47771,47951,0,0.0,False,False
2242,118_00157,118,157,360.0,47284,47568,47861,48147,284,293,286,0.7944444444444444,47194,47951,48057,48237,0,0.0,False,False
2243,118_00158,118,158,360.0,47568,47861,48147,48429,293,286,282,0.7833333333333333,47478,48237,48339,48519,0,0.0,False,False
2244,118_00159,118,159,360.0,47861,48147,48429,48714,286,282,285,0.7916666666666666,47771,48519,48624,48804,0,0.0,False,False
2245,118_00160,118,160,360.0,48147,48429,48714,49010,282,285,296,0.8222222222222222,48057,48804,48920,49100,0,0.0,False,False
2246,118_00161,118,161,360.0,48429,48714,49010,49295,285,296,285,0.7916666666666666,48339,49100,49205,49385,0,0.0,False,False
2247,118_00162,118,162,360.0,48714,49010,49295,49589,296,285,294,0.8166666666666667,48624,49385,49499,49679,0,0.0,False,False
2248,118_00163,118,163,360.0,49010,49295,49589,49881,285,294,292,0.8111111111111111,48920,49679,49791,49971,0,0.0,False,False
2249,118_00164,118,164,360.0,49295,49589,49881,50177,294,292,296,0.8222222222222222,49205,49971,50087,50267,0,0.0,False,False
2250,118_00165,118,165,360.0,49589,49881,50177,50475,292,296,298,0.8277777777777777,49499,50267,50385,50565,0,0.0,False,False
2251,118_00166,118,166,360.0,49881,50177,50475,50776,296,298,301,0.8361111111111111,49791,50565,50686,50866,0,0.0,False,False
2252,118_00167,118,167,360.0,50177,50475,50776,51080,298,301,304,0.8444444444444444,50087,50866,50990,51170,0,0.0,False,False
2253,118_00168,118,168,360.0,50475,50776,51080,51380,301,304,300,0.8333333333333334,50385,51170,51290,51470,0,0.0,False,False
2254,118_00169,118,169,360.0,50776,51080,51380,51683,304,300,303,0.8416666666666667,50686,51470,51593,51773,0,0.0,False,False
2255,118_00170,118,170,360.0,51080,51380,51683,51989,300,303,306,0.85,50990,51773,51899,52079,0,0.0,False,False
2256,118_00171,118,171,360.0,51380,51683,51989,52293,303,306,304,0.8444444444444444,51290,52079,52203,52383,0,0.0,False,False
2257,118_00172,118,172,360.0,51683,51989,52293,52590,306,304,297,0.825,51593,52383,52500,52680,0,0.0,False,False
2258,118_00173,118,173,360.0,51989,52293,52590,52895,304,297,305,0.8472222222222222,51899,52680,52805,52985,0,0.0,False,False
2259,118_00174,118,174,360.0,52293,52590,52895,53201,297,305,306,0.85,52203,52985,53111,53291,0,0.0,False,False
2260,118_00175,118,175,360.0,52590,52895,53201,53503,305,306,302,0.8388888888888889,52500,53291,53413,53593,0,0.0,False,False
2261,118_00176,118,176,360.0,52895,53201,53503,53810,306,302,307,0.8527777777777777,52805,53593,53720,53900,0,0.0,False,False
2262,118_00177,118,177,360.0,53201,53503,53810,54117,302,307,307,0.8527777777777777,53111,53900,54027,54207,0,0.0,False,False
2263,118_00178,118,178,360.0,53503,53810,54117,54420,307,307,303,0.8416666666666667,53413,54207,54330,54510,0,0.0,False,False
2264,118_00179,118,179,360.0,53810,54117,54420,54728,307,303,308,0.8555555555555555,53720,54510,54638,54818,0,0.0,False,False
2265,118_00180,118,180,360.0,54117,54420,54728,55036,303,308,308,0.8555555555555555,54027,54818,54946,55126,0,0.0,False,False
2266,118_00181,118,181,360.0,54420,54728,55036,55336,308,308,300,0.8333333333333334,54330,55126,55246,55426,0,0.0,False,False
2267,118_00182,118,182,360.0,54728,55036,55336,55639,308,300,303,0.8416666666666667,54638,55426,55549,55729,0,0.0,False,False
2268,118_00183,118,183,360.0,55036,55336,55639,55950,300,303,311,0.8638888888888889,54946,55729,55860,56040,0,0.0,False,False
2269,118_00184,118,184,360.0,55336,55639,55950,56252,303,311,302,0.8388888888888889,55246,56040,56162,56342,0,0.0,False,False
2270,118_00185,118,185,360.0,55639,55950,56252,56554,311,302,302,0.8388888888888889,55549,56342,56464,56644,0,0.0,False,False
2271,118_00186,118,186,360.0,55950,56252,56554,56863,302,302,309,0.8583333333333333,55860,56644,56773,56953,0,0.0,False,False
2272,118_00187,118,187,360.0,56252,56554,56863,57158,302,309,295,0.8194444444444444,56162,56953,57068,57248,0,0.0,False,False
2273,118_00188,118,188,360.0,56554,56863,57158,57459,309,295,301,0.8361111111111111,56464,57248,57369,57549,0,0.0,False,False
2274,118_00189,118,189,360.0,56863,57158,57459,57758,295,301,299,0.8305555555555556,56773,57549,57668,57848,0,0.0,False,False
2275,118_00190,118,190,360.0,57158,57459,57758,58051,301,299,293,0.8138888888888889,57068,57848,57961,58141,0,0.0,False,False
2276,118_00191,118,191,360.0,57459,57758,58051,58350,299,293,299,0.8305555555555556,57369,58141,58260,58440,0,0.0,False,False
2277,118_00192,118,192,360.0,57758,58051,58350,58637,293,299,287,0.7972222222222223,57668,58440,58547,58727,0,0.0,False,False
2278,118_00193,118,193,360.0,58051,58350,58637,58933,299,287,296,0.8222222222222222,57961,58727,58843,59023,0,0.0,False,False
2279,118_00194,118,194,360.0,58350,58637,58933,59228,287,296,295,0.8194444444444444,58260,59023,59138,59318,0,0.0,False,False
2280,118_00195,118,195,360.0,58637,58933,59228,59522,296,295,294,0.8166666666666667,58547,59318,59432,59612,0,0.0,False,False
2281,118_00196,118,196,360.0,58933,59228,59522,59817,295,294,295,0.8194444444444444,58843,59612,59727,59907,0,0.0,False,False
2282,118_00197,118,197,360.0,59228,59522,59817,60111,294,295,294,0.8166666666666667,59138,59907,60021,60201,0,0.0,False,False
2283,118_00198,118,198,360.0,59522,59817,60111,60396,295,294,285,0.7916666666666666,59432,60201,60306,60486,0,0.0,False,False
2284,118_00199,118,199,360.0,59817,60111,60396,60686,294,285,290,0.8055555555555556,59727,60486,60596,60776,0,0.0,False,False
2285,118_00200,118,200,360.0,60111,60396,60686,60914,285,290,228,0.6333333333333333,60021,60776,60824,61004,0,0.0,False,False
2286,118_00201,118,201,360.0,60396,60686,60914,61234,290,228,320,0.8888888888888888,60306,61004,61144,61324,0,0.0,False,False
2287,118_00202,118,202,360.0,60686,60914,61234,61528,228,320,294,0.8166666666666667,60596,61324,61438,61618,0,0.0,False,False
2288,118_00203,118,203,360.0,60914,61234,61528,61824,320,294,296,0.8222222222222222,60824,61618,61734,61914,0,0.0,False,False
2289,118_00204,118,204,360.0,61234,61528,61824,62109,294,296,285,0.7916666666666666,61144,61914,62019,62199,0,0.0,False,False
2290,118_00205,118,205,360.0,61528,61824,62109,62399,296,285,290,0.8055555555555556,61438,62199,62309,62489,0,0.0,False,False
2291,118_00206,118,206,360.0,61824,62109,62399,62692,285,290,293,0.8138888888888889,61734,62489,62602,62782,0,0.0,False,False
2292,118_00207,118,207,360.0,62109,62399,62692,62976,290,293,284,0.7888888888888889,62019,62782,62886,63066,0,0.0,False,False
2293,118_00208,118,208,360.0,62399,62692,62976,63269,293,284,293,0.8138888888888889,62309,63066,63179,63359,0,0.0,False,False
2294,118_00209,118,209,360.0,62692,62976,63269,63560,284,293,291,0.8083333333333333,62602,63359,63470,63650,0,0.0,False,False
2295,118_00210,118,210,360.0,62976,63269,63560,63851,293,291,291,0.8083333333333333,62886,63650,63761,63941,0,0.0,False,False
2296,118_00211,118,211,360.0,63269,63560,63851,64144,291,291,293,0.8138888888888889,63179,63941,64054,64234,0,0.0,False,False
2297,118_00212,118,212,360.0,63560,63851,64144,64440,291,293,296,0.8222222222222222,63470,64234,64350,64530,0,0.0,False,False
2298,118_00213,118,213,360.0,63851,64144,64440,64954,293,296,514,1.4277777777777778,63761,64530,64864,65044,0,0.0,False,False
2299,118_00214,118,214,360.0,64144,64440,64954,65276,296,514,322,0.8944444444444445,64054,65044,65186,65366,0,0.0,False,False
2300,118_00215,118,215,360.0,64440,64954,65276,65575,514,322,299,0.8305555555555556,64350,65366,65485,65665,0,0.0,False,False
2301,118_00216,118,216,360.0,64954,65276,65575,65870,322,299,295,0.8194444444444444,64864,65665,65780,65960,0,0.0,False,False
2302,118_00217,118,217,360.0,65276,65575,65870,66160,299,295,290,0.8055555555555556,65186,65960,66070,66250,0,0.0,False,False
2303,118_00218,118,218,360.0,65575,65870,66160,66446,295,290,286,0.7944444444444444,65485,66250,66356,66536,0,0.0,False,False
2304,118_00219,118,219,360.0,65870,66160,66446,66746,290,286,300,0.8333333333333334,65780,66536,66656,66836,0,0.0,False,False
2305,118_00220,118,220,360.0,66160,66446,66746,67037,286,300,291,0.8083333333333333,66070,66836,66947,67127,0,0.0,False,False
2306,118_00221,118,221,360.0,66446,66746,67037,67327,300,291,290,0.8055555555555556,66356,67127,67237,67417,0,0.0,False,False
2307,118_00222,118,222,360.0,66746,67037,67327,67625,291,290,298,0.8277777777777777,66656,67417,67535,67715,0,0.0,False,False
2308,118_00223,118,223,360.0,67037,67327,67625,67921,290,298,296,0.8222222222222222,66947,67715,67831,68011,0,0.0,False,False
2309,118_00224,118,224,360.0,67327,67625,67921,68213,298,296,292,0.8111111111111111,67237,68011,68123,68303,0,0.0,False,False
2310,118_00225,118,225,360.0,67625,67921,68213,68517,296,292,304,0.8444444444444444,67535,68303,68427,68607,0,0.0,False,False
2311,118_00226,118,226,360.0,67921,68213,68517,68821,292,304,304,0.8444444444444444,67831,68607,68731,68911,0,0.0,False,False
2312,118_00227,118,227,360.0,68213,68517,68821,69375,304,304,554,1.538888888888889,68123,68911,69285,69465,0,0.0,False,False
2313,118_00228,118,228,360.0,68517,68821,69375,69697,304,554,322,0.8944444444444445,68427,69465,69607,69787,0,0.0,False,False
2314,118_00229,118,229,360.0,68821,69375,69697,70008,554,322,311,0.8638888888888889,68731,69787,69918,70098,0,0.0,False,False
2315,118_00230,118,230,360.0,69375,69697,70008,70319,322,311,311,0.8638888888888889,69285,70098,70229,70409,0,0.0,False,False
2316,118_00231,118,231,360.0,69697,70008,70319,70614,311,311,295,0.8194444444444444,69607,70409,70524,70704,0,0.0,False,False
2317,118_00232,118,232,360.0,70008,70319,70614,70913,311,295,299,0.8305555555555556,69918,70704,70823,71003,0,0.0,False,False
2318,118_00233,118,233,360.0,70319,70614,70913,71208,295,299,295,0.8194444444444444,70229,71003,71118,71298,0,0.0,False,False
2319,118_00234,118,234,360.0,70614,70913,71208,71505,299,295,297,0.825,70524,71298,71415,71595,0,0.0,False,False
2320,118_00235,118,235,360.0,70913,71208,71505,71752,295,297,247,0.6861111111111111,70823,71595,71662,71842,0,0.0,False,False
2321,118_00236,118,236,360.0,71208,71505,71752,72103,297,247,351,0.975,71118,71842,72013,72193,0,0.0,False,False
2322,118_00237,118,237,360.0,71505,71752,72103,72342,247,351,239,0.6638888888888889,71415,72193,72252,72432,0,0.0,False,False
2323,118_00238,118,238,360.0,71752,72103,72342,72717,351,239,375,1.0416666666666667,71662,72432,72627,72807,0,0.0,False,False
2324,118_00239,118,239,360.0,72103,72342,72717,73038,239,375,321,0.8916666666666667,72013,72807,72948,73128,0,0.0,False,False
2325,118_00240,118,240,360.0,72342,72717,73038,73349,375,321,311,0.8638888888888889,72252,73128,73259,73439,0,0.0,False,False
2326,118_00241,118,241,360.0,72717,73038,73349,73664,321,311,315,0.875,72627,73439,73574,73754,0,0.0,False,False
2327,118_00242,118,242,360.0,73038,73349,73664,73970,311,315,306,0.85,72948,73754,73880,74060,0,0.0,False,False
2328,118_00243,118,243,360.0,73349,73664,73970,74268,315,306,298,0.8277777777777777,73259,74060,74178,74358,0,0.0,False,False
2329,118_00244,118,244,360.0,73664,73970,74268,74576,306,298,308,0.8555555555555555,73574,74358,74486,74666,0,0.0,False,False
2330,118_00245,118,245,360.0,73970,74268,74576,74877,298,308,301,0.8361111111111111,73880,74666,74787,74967,0,0.0,False,False
2331,118_00246,118,246,360.0,74268,74576,74877,75169,308,301,292,0.8111111111111111,74178,74967,75079,75259,0,0.0,False,False
2332,118_00247,118,247,360.0,74576,74877,75169,75459,301,292,290,0.8055555555555556,74486,75259,75369,75549,0,0.0,False,False
2333,118_00248,118,248,360.0,74877,75169,75459,75759,292,290,300,0.8333333333333334,74787,75549,75669,75849,0,0.0,False,False
2334,118_00249,118,249,360.0,75169,75459,75759,76057,290,300,298,0.8277777777777777,75079,75849,75967,76147,0,0.0,False,False
2335,118_00250,118,250,360.0,75459,75759,76057,76356,300,298,299,0.8305555555555556,75369,76147,76266,76446,0,0.0,False,False
2336,118_00251,118,251,360.0,75759,76057,76356,76657,298,299,301,0.8361111111111111,75669,76446,76567,76747,0,0.0,False,False
2337,118_00252,118,252,360.0,76057,76356,76657,76957,299,301,300,0.8333333333333334,75967,76747,76867,77047,0,0.0,False,False
2338,118_00253,118,253,360.0,76356,76657,76957,77256,301,300,299,0.8305555555555556,76266,77047,77166,77346,0,0.0,False,False
2339,118_00254,118,254,360.0,76657,76957,77256,77559,300,299,303,0.8416666666666667,76567,77346,77469,77649,0,0.0,False,False
2340,118_00255,118,255,360.0,76957,77256,77559,77863,299,303,304,0.8444444444444444,76867,77649,77773,77953,0,0.0,False,False
2341,118_00256,118,256,360.0,77256,77559,77863,78162,303,304,299,0.8305555555555556,77166,77953,78072,78252,0,0.0,False,False
2342,118_00257,118,257,360.0,77559,77863,78162,78461,304,299,299,0.8305555555555556,77469,78252,78371,78551,0,0.0,False,False
2343,118_00258,118,258,360.0,77863,78162,78461,78769,299,299,308,0.8555555555555555,77773,78551,78679,78859,0,0.0,False,False
2344,118_00259,118,259,360.0,78162,78461,78769,79075,299,308,306,0.85,78072,78859,78985,79165,0,0.0,False,False
2345,118_00260,118,260,360.0,78461,78769,79075,79377,308,306,302,0.8388888888888889,78371,79165,79287,79467,0,0.0,False,False
2346,118_00261,118,261,360.0,78769,79075,79377,79680,306,302,303,0.8416666666666667,78679,79467,79590,79770,0,0.0,False,False
2347,118_00262,118,262,360.0,79075,79377,79680,79980,302,303,300,0.8333333333333334,78985,79770,79890,80070,0,0.0,False,False
2348,118_00263,118,263,360.0,79377,79680,79980,80282,303,300,302,0.8388888888888889,79287,80070,80192,80372,0,0.0,False,False
2349,118_00264,118,264,360.0,79680,79980,80282,80593,300,302,311,0.8638888888888889,79590,80372,80503,80683,0,0.0,False,False
2350,118_00265,118,265,360.0,79980,80282,80593,81190,302,311,597,1.6583333333333334,79890,80683,81100,81280,0,0.0,False,False
2351,118_00266,118,266,360.0,80282,80593,81190,81492,311,597,302,0.8388888888888889,80192,81280,81402,81582,0,0.0,False,False
2352,118_00267,118,267,360.0,80593,81190,81492,81797,597,302,305,0.8472222222222222,80503,81582,81707,81887,0,0.0,False,False
2353,118_00268,118,268,360.0,81190,81492,81797,82091,302,305,294,0.8166666666666667,81100,81887,82001,82181,0,0.0,False,False
2354,118_00269,118,269,360.0,81492,81797,82091,82385,305,294,294,0.8166666666666667,81402,82181,82295,82475,0,0.0,False,False
2355,118_00270,118,270,360.0,81797,82091,82385,82680,294,294,295,0.8194444444444444,81707,82475,82590,82770,0,0.0,False,False
2356,118_00271,118,271,360.0,82091,82385,82680,82974,294,295,294,0.8166666666666667,82001,82770,82884,83064,0,0.0,False,False
2357,118_00272,118,272,360.0,82385,82680,82974,83268,295,294,294,0.8166666666666667,82295,83064,83178,83358,0,0.0,False,False
2358,118_00273,118,273,360.0,82680,82974,83268,83560,294,294,292,0.8111111111111111,82590,83358,83470,83650,0,0.0,False,False
2359,118_00274,118,274,360.0,82974,83268,83560,83855,294,292,295,0.8194444444444444,82884,83650,83765,83945,0,0.0,False,False
2360,118_00275,118,275,360.0,83268,83560,83855,84143,292,295,288,0.8,83178,83945,84053,84233,0,0.0,False,False
2361,118_00276,118,276,360.0,83560,83855,84143,84427,295,288,284,0.7888888888888889,83470,84233,84337,84517,0,0.0,False,False
2362,118_00277,118,277,360.0,83855,84143,84427,84716,288,284,289,0.8027777777777778,83765,84517,84626,84806,0,0.0,False,False
2363,118_00278,118,278,360.0,84143,84427,84716,85004,284,289,288,0.8,84053,84806,84914,85094,0,0.0,False,False
2364,118_00279,118,279,360.0,84427,84716,85004,85294,289,288,290,0.8055555555555556,84337,85094,85204,85384,0,0.0,False,False
2365,118_00280,118,280,360.0,84716,85004,85294,85586,288,290,292,0.8111111111111111,84626,85384,85496,85676,0,0.0,False,False
2366,118_00281,118,281,360.0,85004,85294,85586,85875,290,292,289,0.8027777777777778,84914,85676,85785,85965,0,0.0,False,False
2367,118_00282,118,282,360.0,85294,85586,85875,86163,292,289,288,0.8,85204,85965,86073,86253,0,0.0,False,False
2368,118_00283,118,283,360.0,85586,85875,86163,86455,289,288,292,0.8111111111111111,85496,86253,86365,86545,0,0.0,False,False
2369,118_00284,118,284,360.0,85875,86163,86455,86753,288,292,298,0.8277777777777777,85785,86545,86663,86843,0,0.0,False,False
2370,118_00285,118,285,360.0,86163,86455,86753,87035,292,298,282,0.7833333333333333,86073,86843,86945,87125,0,0.0,False,False
2371,118_00286,118,286,360.0,86455,86753,87035,87321,298,282,286,0.7944444444444444,86365,87125,87231,87411,0,0.0,False,False
2372,118_00287,118,287,360.0,86753,87035,87321,87620,282,286,299,0.8305555555555556,86663,87411,87530,87710,0,0.0,False,False
2373,118_00288,118,288,360.0,87035,87321,87620,87905,286,299,285,0.7916666666666666,86945,87710,87815,87995,0,0.0,False,False
2374,118_00289,118,289,360.0,87321,87620,87905,88203,299,285,298,0.8277777777777777,87231,87995,88113,88293,0,0.0,False,False
2375,118_00290,118,290,360.0,87620,87905,88203,88495,285,298,292,0.8111111111111111,87530,88293,88405,88585,0,0.0,False,False
2376,118_00291,118,291,360.0,87905,88203,88495,88791,298,292,296,0.8222222222222222,87815,88585,88701,88881,0,0.0,False,False
2377,118_00292,118,292,360.0,88203,88495,88791,89098,292,296,307,0.8527777777777777,88113,88881,89008,89188,0,0.0,False,False
2378,118_00293,118,293,360.0,88495,88791,89098,89398,296,307,300,0.8333333333333334,88405,89188,89308,89488,0,0.0,False,False
2379,118_00294,118,294,360.0,88791,89098,89398,89702,307,300,304,0.8444444444444444,88701,89488,89612,89792,0,0.0,False,False
2380,118_00295,118,295,360.0,89098,89398,89702,90000,300,304,298,0.8277777777777777,89008,89792,89910,90090,0,0.0,False,False
2381,118_00296,118,296,360.0,89398,89702,90000,90300,304,298,300,0.8333333333333334,89308,90090,90210,90390,0,0.0,False,False
2382,118_00297,118,297,360.0,89702,90000,90300,90612,298,300,312,0.8666666666666667,89612,90390,90522,90702,0,0.0,False,False
2383,118_00298,118,298,360.0,90000,90300,90612,90924,300,312,312,0.8666666666666667,89910,90702,90834,91014,0,0.0,False,False
2384,118_00299,118,299,360.0,90300,90612,90924,91224,312,312,300,0.8333333333333334,90210,91014,91134,91314,0,0.0,False,False
2385,118_00300,118,300,360.0,90612,90924,91224,91530,312,300,306,0.85,90522,91314,91440,91620,0,0.0,False,False
2386,118_00301,118,301,360.0,90924,91224,91530,91838,300,306,308,0.8555555555555555,90834,91620,91748,91928,0,0.0,False,False
2387,118_00302,118,302,360.0,91224,91530,91838,92147,306,308,309,0.8583333333333333,91134,91928,92057,92237,0,0.0,False,False
2388,118_00303,118,303,360.0,91530,91838,92147,92463,308,309,316,0.8777777777777778,91440,92237,92373,92553,0,0.0,False,False
2389,118_00304,118,304,360.0,91838,92147,92463,92780,309,316,317,0.8805555555555555,91748,92553,92690,92870,0,0.0,False,False
2390,118_00305,118,305,360.0,92147,92463,92780,93093,316,317,313,0.8694444444444445,92057,92870,93003,93183,0,0.0,False,False
2391,118_00306,118,306,360.0,92463,92780,93093,93418,317,313,325,0.9027777777777778,92373,93183,93328,93508,0,0.0,False,False
2392,118_00307,118,307,360.0,92780,93093,93418,93738,313,325,320,0.8888888888888888,92690,93508,93648,93828,0,0.0,False,False
2393,118_00308,118,308,360.0,93093,93418,93738,94056,325,320,318,0.8833333333333333,93003,93828,93966,94146,0,0.0,False,False
2394,118_00309,118,309,360.0,93418,93738,94056,94355,320,318,299,0.8305555555555556,93328,94146,94265,94445,0,0.0,False,False
2395,118_00310,118,310,360.0,93738,94056,94355,94667,318,299,312,0.8666666666666667,93648,94445,94577,94757,0,0.0,False,False
2396,118_00311,118,311,360.0,94056,94355,94667,94972,299,312,305,0.8472222222222222,93966,94757,94882,95062,0,0.0,False,False
2397,118_00312,118,312,360.0,94355,94667,94972,95284,312,305,312,0.8666666666666667,94265,95062,95194,95374,0,0.0,False,False
2398,118_00313,118,313,360.0,94667,94972,95284,95580,305,312,296,0.8222222222222222,94577,95374,95490,95670,0,0.0,False,False
2399,118_00314,118,314,360.0,94972,95284,95580,95872,312,296,292,0.8111111111111111,94882,95670,95782,95962,0,0.0,False,False
2400,118_00315,118,315,360.0,95284,95580,95872,96163,296,292,291,0.8083333333333333,95194,95962,96073,96253,0,0.0,False,False
2401,118_00316,118,316,360.0,95580,95872,96163,96450,292,291,287,0.7972222222222223,95490,96253,96360,96540,0,0.0,False,False
2402,118_00317,118,317,360.0,95872,96163,96450,96744,291,287,294,0.8166666666666667,95782,96540,96654,96834,0,0.0,False,False
2403,118_00318,118,318,360.0,96163,96450,96744,97038,287,294,294,0.8166666666666667,96073,96834,96948,97128,0,0.0,False,False
2404,118_00319,118,319,360.0,96450,96744,97038,97326,294,294,288,0.8,96360,97128,97236,97416,0,0.0,False,False
2405,118_00320,118,320,360.0,96744,97038,97326,97618,294,288,292,0.8111111111111111,96654,97416,97528,97708,0,0.0,False,False
2406,118_00321,118,321,360.0,97038,97326,97618,97914,288,292,296,0.8222222222222222,96948,97708,97824,98004,0,0.0,False,False
2407,118_00322,118,322,360.0,97326,97618,97914,98209,292,296,295,0.8194444444444444,97236,98004,98119,98299,0,0.0,False,False
2408,118_00323,118,323,360.0,97618,97914,98209,98513,296,295,304,0.8444444444444444,97528,98299,98423,98603,0,0.0,False,False
2409,118_00324,118,324,360.0,97914,98209,98513,98810,295,304,297,0.825,97824,98603,98720,98900,0,0.0,False,False
2410,118_00325,118,325,360.0,98209,98513,98810,99025,304,297,215,0.5972222222222222,98119,98900,98935,99115,0,0.0,False,False
2411,118_00326,118,326,360.0,98513,98810,99025,99354,297,215,329,0.9138888888888889,98423,99115,99264,99444,0,0.0,False,False
2412,118_00327,118,327,360.0,98810,99025,99354,99661,215,329,307,0.8527777777777777,98720,99444,99571,99751,0,0.0,False,False
2413,118_00328,118,328,360.0,99025,99354,99661,99952,329,307,291,0.8083333333333333,98935,99751,99862,100042,0,0.0,False,False
2414,118_00329,118,329,360.0,99354,99661,99952,100242,307,291,290,0.8055555555555556,99264,100042,100152,100332,0,0.0,False,False
2415,118_00330,118,330,360.0,99661,99952,100242,100535,291,290,293,0.8138888888888889,99571,100332,100445,100625,0,0.0,False,False
2416,118_00331,118,331,360.0,99952,100242,100535,100758,290,293,223,0.6194444444444445,99862,100625,100668,100848,0,0.0,False,False
2417,118_00332,118,332,360.0,100242,100535,100758,101077,293,223,319,0.8861111111111111,100152,100848,100987,101167,0,0.0,False,False
2418,118_00333,118,333,360.0,100535,100758,101077,101384,223,319,307,0.8527777777777777,100445,101167,101294,101474,0,0.0,False,False
2419,118_00334,118,334,360.0,100758,101077,101384,101671,319,307,287,0.7972222222222223,100668,101474,101581,101761,0,0.0,False,False
2420,118_00335,118,335,360.0,101077,101384,101671,101959,307,287,288,0.8,100987,101761,101869,102049,0,0.0,False,False
2421,118_00336,118,336,360.0,101384,101671,101959,102253,287,288,294,0.8166666666666667,101294,102049,102163,102343,0,0.0,False,False
2422,118_00337,118,337,360.0,101671,101959,102253,102488,288,294,235,0.6527777777777778,101581,102343,102398,102578,0,0.0,False,False
2423,118_00338,118,338,360.0,101959,102253,102488,102822,294,235,334,0.9277777777777778,101869,102578,102732,102912,0,0.0,False,False
2424,118_00339,118,339,360.0,102253,102488,102822,103143,235,334,321,0.8916666666666667,102163,102912,103053,103233,0,0.0,False,False
2425,118_00340,118,340,360.0,102488,102822,103143,103669,334,321,526,1.461111111111111,102398,103233,103579,103759,0,0.0,False,False
2426,118_00341,118,341,360.0,102822,103143,103669,103997,321,526,328,0.9111111111111111,102732,103759,103907,104087,0,0.0,False,False
2427,118_00342,118,342,360.0,103143,103669,103997,104297,526,328,300,0.8333333333333334,103053,104087,104207,104387,0,0.0,False,False
2428,118_00343,118,343,360.0,103669,103997,104297,104592,328,300,295,0.8194444444444444,103579,104387,104502,104682,0,0.0,False,False
2429,118_00344,118,344,360.0,103997,104297,104592,104895,300,295,303,0.8416666666666667,103907,104682,104805,104985,0,0.0,False,False
2430,118_00345,118,345,360.0,104297,104592,104895,105188,295,303,293,0.8138888888888889,104207,104985,105098,105278,0,0.0,False,False
2431,118_00346,118,346,360.0,104592,104895,105188,105466,303,293,278,0.7722222222222223,104502,105278,105376,105556,0,0.0,False,False
2432,118_00347,118,347,360.0,104895,105188,105466,105781,293,278,315,0.875,104805,105556,105691,105871,0,0.0,False,False
2433,118_00348,118,348,360.0,105188,105466,105781,106076,278,315,295,0.8194444444444444,105098,105871,105986,106166,0,0.0,False,False
2434,118_00349,118,349,360.0,105466,105781,106076,106376,315,295,300,0.8333333333333334,105376,106166,106286,106466,0,0.0,False,False
2435,118_00350,118,350,360.0,105781,106076,106376,106668,295,300,292,0.8111111111111111,105691,106466,106578,106758,0,0.0,False,False
2436,118_00351,118,351,360.0,106076,106376,106668,106960,300,292,292,0.8111111111111111,105986,106758,106870,107050,0,0.0,False,False
2437,118_00352,118,352,360.0,106376,106668,106960,107269,292,292,309,0.8583333333333333,106286,107050,107179,107359,0,0.0,False,False
2438,118_00353,118,353,360.0,106668,106960,107269,107565,292,309,296,0.8222222222222222,106578,107359,107475,107655,0,0.0,False,False
2439,118_00354,118,354,360.0,106960,107269,107565,107858,309,296,293,0.8138888888888889,106870,107655,107768,107948,0,0.0,False,False
2440,118_00355,118,355,360.0,107269,107565,107858,108155,296,293,297,0.825,107179,107948,108065,108245,0,0.0,False,False
2441,118_00356,118,356,360.0,107565,107858,108155,108450,293,297,295,0.8194444444444444,107475,108245,108360,108540,0,0.0,False,False
2442,118_00357,118,357,360.0,107858,108155,108450,108741,297,295,291,0.8083333333333333,107768,108540,108651,108831,0,0.0,False,False
2443,118_00358,118,358,360.0,108155,108450,108741,109014,295,291,273,0.7583333333333333,108065,108831,108924,109104,0,0.0,False,False
2444,118_00359,118,359,360.0,108450,108741,109014,109300,291,273,286,0.7944444444444444,108360,109104,109210,109390,0,0.0,False,False
2445,118_00360,118,360,360.0,108741,109014,109300,109576,273,286,276,0.7666666666666667,108651,109390,109486,109666,0,0.0,False,False
2446,118_00361,118,361,360.0,109014,109300,109576,109814,286,276,238,0.6611111111111111,108924,109666,109724,109904,0,0.0,False,False
2447,118_00362,118,362,360.0,109300,109576,109814,110121,276,238,307,0.8527777777777777,109210,109904,110031,110211,0,0.0,False,False
2448,118_00363,118,363,360.0,109576,109814,110121,110410,238,307,289,0.8027777777777778,109486,110211,110320,110500,0,0.0,False,False
2449,118_00364,118,364,360.0,109814,110121,110410,110694,307,289,284,0.7888888888888889,109724,110500,110604,110784,0,0.0,False,False
2450,118_00365,118,365,360.0,110121,110410,110694,110978,289,284,284,0.7888888888888889,110031,110784,110888,111068,0,0.0,False,False
2451,118_00366,118,366,360.0,110410,110694,110978,111265,284,284,287,0.7972222222222223,110320,111068,111175,111355,0,0.0,False,False
2452,118_00367,118,367,360.0,110694,110978,111265,111496,284,287,231,0.6416666666666667,110604,111355,111406,111586,0,0.0,False,False
2453,118_00368,118,368,360.0,110978,111265,111496,111823,287,231,327,0.9083333333333333,110888,111586,111733,111913,0,0.0,False,False
2454,118_00369,118,369,360.0,111265,111496,111823,112124,231,327,301,0.8361111111111111,111175,111913,112034,112214,0,0.0,False,False
2455,118_00370,118,370,360.0,111496,111823,112124,112425,327,301,301,0.8361111111111111,111406,112214,112335,112515,0,0.0,False,False
2456,118_00371,118,371,360.0,111823,112124,112425,112717,301,301,292,0.8111111111111111,111733,112515,112627,112807,0,0.0,False,False
2457,118_00372,118,372,360.0,112124,112425,112717,113008,301,292,291,0.8083333333333333,112034,112807,112918,113098,0,0.0,False,False
2458,118_00373,118,373,360.0,112425,112717,113008,113313,292,291,305,0.8472222222222222,112335,113098,113223,113403,0,0.0,False,False
2459,118_00374,118,374,360.0,112717,113008,113313,113603,291,305,290,0.8055555555555556,112627,113403,113513,113693,0,0.0,False,False
2460,118_00375,118,375,360.0,113008,113313,113603,113896,305,290,293,0.8138888888888889,112918,113693,113806,113986,0,0.0,False,False
2461,118_00376,118,376,360.0,113313,113603,113896,114195,290,293,299,0.8305555555555556,113223,113986,114105,114285,0,0.0,False,False
2462,118_00377,118,377,360.0,113603,113896,114195,114489,293,299,294,0.8166666666666667,113513,114285,114399,114579,0,0.0,False,False
2463,118_00378,118,378,360.0,113896,114195,114489,114786,299,294,297,0.825,113806,114579,114696,114876,0,0.0,False,False
2464,118_00379,118,379,360.0,114195,114489,114786,115083,294,297,297,0.825,114105,114876,114993,115173,0,0.0,False,False
2465,118_00380,118,380,360.0,114489,114786,115083,115381,297,297,298,0.8277777777777777,114399,115173,115291,115471,0,0.0,False,False
2466,118_00381,118,381,360.0,114786,115083,115381,115680,297,298,299,0.8305555555555556,114696,115471,115590,115770,0,0.0,False,False
2467,118_00382,118,382,360.0,115083,115381,115680,115977,298,299,297,0.825,114993,115770,115887,116067,0,0.0,False,False
2468,118_00383,118,383,360.0,115381,115680,115977,116278,299,297,301,0.8361111111111111,115291,116067,116188,116368,0,0.0,False,False
2469,118_00384,118,384,360.0,115680,115977,116278,116580,297,301,302,0.8388888888888889,115590,116368,116490,116670,0,0.0,False,False
2470,118_00385,118,385,360.0,115977,116278,116580,116881,301,302,301,0.8361111111111111,115887,116670,116791,116971,0,0.0,False,False
2471,118_00386,118,386,360.0,116278,116580,116881,117177,302,301,296,0.8222222222222222,116188,116971,117087,117267,0,0.0,False,False
2472,118_00387,118,387,360.0,116580,116881,117177,117479,301,296,302,0.8388888888888889,116490,117267,117389,117569,0,0.0,False,False
2473,118_00388,118,388,360.0,116881,117177,117479,117779,296,302,300,0.8333333333333334,116791,117569,117689,117869,0,0.0,False,False
2474,118_00389,118,389,360.0,117177,117479,117779,118067,302,300,288,0.8,117087,117869,117977,118157,0,0.0,False,False
2475,118_00390,118,390,360.0,117479,117779,118067,118362,300,288,295,0.8194444444444444,117389,118157,118272,118452,0,0.0,False,False
2476,118_00391,118,391,360.0,117779,118067,118362,118656,288,295,294,0.8166666666666667,117689,118452,118566,118746,0,0.0,False,False
2477,118_00392,118,392,360.0,118067,118362,118656,118949,295,294,293,0.8138888888888889,117977,118746,118859,119039,0,0.0,False,False
2478,118_00393,118,393,360.0,118362,118656,118949,119254,294,293,305,0.8472222222222222,118272,119039,119164,119344,0,0.0,False,False
2479,118_00394,118,394,360.0,118656,118949,119254,119550,293,305,296,0.8222222222222222,118566,119344,119460,119640,0,0.0,False,False
2480,118_00395,118,395,360.0,118949,119254,119550,119848,305,296,298,0.8277777777777777,118859,119640,119758,119938,0,0.0,False,False
2481,118_00396,118,396,360.0,119254,119550,119848,120146,296,298,298,0.8277777777777777,119164,119938,120056,120236,0,0.0,False,False
2482,118_00397,118,397,360.0,119550,119848,120146,120454,298,298,308,0.8555555555555555,119460,120236,120364,120544,0,0.0,False,False
2483,118_00398,118,398,360.0,119848,120146,120454,120756,298,308,302,0.8388888888888889,119758,120544,120666,120846,0,0.0,False,False
2484,118_00399,118,399,360.0,120146,120454,120756,121049,308,302,293,0.8138888888888889,120056,120846,120959,121139,0,0.0,False,False
2485,118_00400,118,400,360.0,120454,120756,121049,121358,302,293,309,0.8583333333333333,120364,121139,121268,121448,0,0.0,False,False
2486,118_00401,118,401,360.0,120756,121049,121358,121656,293,309,298,0.8277777777777777,120666,121448,121566,121746,0,0.0,False,False
2487,118_00402,118,402,360.0,121049,121358,121656,121959,309,298,303,0.8416666666666667,120959,121746,121869,122049,0,0.0,False,False
2488,118_00403,118,403,360.0,121358,121656,121959,122260,298,303,301,0.8361111111111111,121268,122049,122170,122350,0,0.0,False,False
2489,118_00404,118,404,360.0,121656,121959,122260,122555,303,301,295,0.8194444444444444,121566,122350,122465,122645,0,0.0,False,False
2490,118_00405,118,405,360.0,121959,122260,122555,122856,301,295,301,0.8361111111111111,121869,122645,122766,122946,0,0.0,False,False
2491,118_00406,118,406,360.0,122260,122555,122856,123139,295,301,283,0.7861111111111111,122170,122946,123049,123229,0,0.0,False,False
2492,118_00407,118,407,360.0,122555,122856,123139,123429,301,283,290,0.8055555555555556,122465,123229,123339,123519,0,0.0,False,False
2493,118_00408,118,408,360.0,122856,123139,123429,123731,283,290,302,0.8388888888888889,122766,123519,123641,123821,0,0.0,False,False
2494,118_00409,118,409,360.0,123139,123429,123731,124015,290,302,284,0.7888888888888889,123049,123821,123925,124105,0,0.0,False,False
2495,118_00410,118,410,360.0,123429,123731,124015,124310,302,284,295,0.8194444444444444,123339,124105,124220,124400,0,0.0,False,False
2496,118_00411,118,411,360.0,123731,124015,124310,124604,284,295,294,0.8166666666666667,123641,124400,124514,124694,0,0.0,False,False
2497,118_00412,118,412,360.0,124015,124310,124604,124894,295,294,290,0.8055555555555556,123925,124694,124804,124984,0,0.0,False,False
2498,118_00413,118,413,360.0,124310,124604,124894,125194,294,290,300,0.8333333333333334,124220,124984,125104,125284,0,0.0,False,False
2499,118_00414,118,414,360.0,124604,124894,125194,125474,290,300,280,0.7777777777777778,124514,125284,125384,125564,0,0.0,False,False
2500,118_00415,118,415,360.0,124894,125194,125474,125696,300,280,222,0.6166666666666667,124804,125564,125606,125786,0,0.0,False,False
2501,118_00416,118,416,360.0,125194,125474,125696,126043,280,222,347,0.9638888888888889,125104,125786,125953,126133,0,0.0,False,False
2502,118_00417,118,417,360.0,125474,125696,126043,126350,222,347,307,0.8527777777777777,125384,126133,126260,126440,0,0.0,False,False
2503,118_00418,118,418,360.0,125696,126043,126350,126650,347,307,300,0.8333333333333334,125606,126440,126560,126740,0,0.0,False,False
2504,118_00419,118,419,360.0,126043,126350,126650,126942,307,300,292,0.8111111111111111,125953,126740,126852,127032,0,0.0,False,False
2505,118_00420,118,420,360.0,126350,126650,126942,127155,300,292,213,0.5916666666666667,126260,127032,127065,127245,0,0.0,False,False
2506,118_00421,118,421,360.0,126650,126942,127155,127470,292,213,315,0.875,126560,127245,127380,127560,0,0.0,False,False
2507,118_00422,118,422,360.0,126942,127155,127470,127705,213,315,235,0.6527777777777778,126852,127560,127615,127795,0,0.0,False,False
2508,118_00423,118,423,360.0,127155,127470,127705,128051,315,235,346,0.9611111111111111,127065,127795,127961,128141,0,0.0,False,False
2509,118_00424,118,424,360.0,127470,127705,128051,128284,235,346,233,0.6472222222222223,127380,128141,128194,128374,0,0.0,False,False
2510,118_00425,118,425,360.0,127705,128051,128284,128621,346,233,337,0.9361111111111111,127615,128374,128531,128711,0,0.0,False,False
2511,118_00426,118,426,360.0,128051,128284,128621,128853,233,337,232,0.6444444444444445,127961,128711,128763,128943,0,0.0,False,False
2512,118_00427,118,427,360.0,128284,128621,128853,129202,337,232,349,0.9694444444444444,128194,128943,129112,129292,0,0.0,False,False
2513,118_00428,118,428,360.0,128621,128853,129202,129502,232,349,300,0.8333333333333334,128531,129292,129412,129592,0,0.0,False,False
2514,118_00429,118,429,360.0,128853,129202,129502,129796,349,300,294,0.8166666666666667,128763,129592,129706,129886,0,0.0,False,False
2515,118_00430,118,430,360.0,129202,129502,129796,130000,300,294,204,0.5666666666666667,129112,129886,129910,130090,0,0.0,False,False
2516,118_00431,118,431,360.0,129502,129796,130000,130319,294,204,319,0.8861111111111111,129412,130090,130229,130409,0,0.0,False,False
2517,118_00432,118,432,360.0,129796,130000,130319,130615,204,319,296,0.8222222222222222,129706,130409,130525,130705,0,0.0,False,False
2518,118_00433,118,433,360.0,130000,130319,130615,130905,319,296,290,0.8055555555555556,129910,130705,130815,130995,0,0.0,False,False
2519,118_00434,118,434,360.0,130319,130615,130905,131193,296,290,288,0.8,130229,130995,131103,131283,0,0.0,False,False
2520,118_00435,118,435,360.0,130615,130905,131193,131475,290,288,282,0.7833333333333333,130525,131283,131385,131565,0,0.0,False,False
2521,118_00436,118,436,360.0,130905,131193,131475,131747,288,282,272,0.7555555555555555,130815,131565,131657,131837,0,0.0,False,False
2522,118_00437,118,437,360.0,131193,131475,131747,132027,282,272,280,0.7777777777777778,131103,131837,131937,132117,0,0.0,False,False
2523,118_00438,118,438,360.0,131475,131747,132027,132306,272,280,279,0.775,131385,132117,132216,132396,0,0.0,False,False
2524,118_00439,118,439,360.0,131747,132027,132306,132577,280,279,271,0.7527777777777778,131657,132396,132487,132667,0,0.0,False,False
2525,118_00440,118,440,360.0,132027,132306,132577,132845,279,271,268,0.7444444444444445,131937,132667,132755,132935,0,0.0,False,False
2526,118_00441,118,441,360.0,132306,132577,132845,133122,271,268,277,0.7694444444444445,132216,132935,133032,133212,0,0.0,False,False
2527,118_00442,118,442,360.0,132577,132845,133122,133394,268,277,272,0.7555555555555555,132487,133212,133304,133484,0,0.0,False,False
2528,118_00443,118,443,360.0,132845,133122,133394,133665,277,272,271,0.7527777777777778,132755,133484,133575,133755,0,0.0,False,False
2529,118_00444,118,444,360.0,133122,133394,133665,133943,272,271,278,0.7722222222222223,133032,133755,133853,134033,0,0.0,False,False
2530,118_00445,118,445,360.0,133394,133665,133943,134223,271,278,280,0.7777777777777778,133304,134033,134133,134313,0,0.0,False,False
2531,118_00446,118,446,360.0,133665,133943,134223,134493,278,280,270,0.75,133575,134313,134403,134583,0,0.0,False,False
2532,118_00447,118,447,360.0,133943,134223,134493,134769,280,270,276,0.7666666666666667,133853,134583,134679,134859,0,0.0,False,False
2533,118_00448,118,448,360.0,134223,134493,134769,135046,270,276,277,0.7694444444444445,134133,134859,134956,135136,0,0.0,False,False
2534,118_00449,118,449,360.0,134493,134769,135046,135312,276,277,266,0.7388888888888889,134403,135136,135222,135402,0,0.0,False,False
2535,118_00450,118,450,360.0,134769,135046,135312,135581,277,266,269,0.7472222222222222,134679,135402,135491,135671,0,0.0,False,False
2536,118_00451,118,451,360.0,135046,135312,135581,135841,266,269,260,0.7222222222222222,134956,135671,135751,135931,0,0.0,False,False
2537,118_00452,118,452,360.0,135312,135581,135841,136107,269,260,266,0.7388888888888889,135222,135931,136017,136197,0,0.0,False,False
2538,118_00453,118,453,360.0,135581,135841,136107,136370,260,266,263,0.7305555555555555,135491,136197,136280,136460,0,0.0,False,False
2539,118_00454,118,454,360.0,135841,136107,136370,136637,266,263,267,0.7416666666666667,135751,136460,136547,136727,0,0.0,False,False
2540,118_00455,118,455,360.0,136107,136370,136637,136901,263,267,264,0.7333333333333333,136017,136727,136811,136991,0,0.0,False,False
2541,118_00456,118,456,360.0,136370,136637,136901,137166,267,264,265,0.7361111111111112,136280,136991,137076,137256,0,0.0,False,False
2542,118_00457,118,457,360.0,136637,136901,137166,137431,264,265,265,0.7361111111111112,136547,137256,137341,137521,0,0.0,False,False
2543,118_00458,118,458,360.0,136901,137166,137431,137694,265,265,263,0.7305555555555555,136811,137521,137604,137784,0,0.0,False,False
2544,118_00459,118,459,360.0,137166,137431,137694,137964,265,263,270,0.75,137076,137784,137874,138054,0,0.0,False,False
2545,118_00460,118,460,360.0,137431,137694,137964,138234,263,270,270,0.75,137341,138054,138144,138324,0,0.0,False,False
2546,118_00461,118,461,360.0,137694,137964,138234,138500,270,270,266,0.7388888888888889,137604,138324,138410,138590,0,0.0,False,False
2547,118_00462,118,462,360.0,137964,138234,138500,138756,270,266,256,0.7111111111111111,137874,138590,138666,138846,0,0.0,False,False
2548,118_00463,118,463,360.0,138234,138500,138756,139028,266,256,272,0.7555555555555555,138144,138846,138938,139118,0,0.0,False,False
2549,118_00464,118,464,360.0,138500,138756,139028,139292,256,272,264,0.7333333333333333,138410,139118,139202,139382,0,0.0,False,False
2550,118_00465,118,465,360.0,138756,139028,139292,139554,272,264,262,0.7277777777777777,138666,139382,139464,139644,0,0.0,False,False
2551,118_00466,118,466,360.0,139028,139292,139554,139821,264,262,267,0.7416666666666667,138938,139644,139731,139911,0,0.0,False,False
2552,118_00467,118,467,360.0,139292,139554,139821,140091,262,267,270,0.75,139202,139911,140001,140181,0,0.0,False,False
2553,118_00468,118,468,360.0,139554,139821,140091,140353,267,270,262,0.7277777777777777,139464,140181,140263,140443,0,0.0,False,False
2554,118_00469,118,469,360.0,139821,140091,140353,140616,270,262,263,0.7305555555555555,139731,140443,140526,140706,0,0.0,False,False
2555,118_00470,118,470,360.0,140091,140353,140616,140889,262,263,273,0.7583333333333333,140001,140706,140799,140979,0,0.0,False,False
2556,118_00471,118,471,360.0,140353,140616,140889,141153,263,273,264,0.7333333333333333,140263,140979,141063,141243,0,0.0,False,False
2557,118_00472,118,472,360.0,140616,140889,141153,141418,273,264,265,0.7361111111111112,140526,141243,141328,141508,0,0.0,False,False
2558,118_00473,118,473,360.0,140889,141153,141418,141653,264,265,235,0.6527777777777778,140799,141508,141563,141743,0,0.0,False,False
2559,118_00474,118,474,360.0,141153,141418,141653,141941,265,235,288,0.8,141063,141743,141851,142031,0,0.0,False,False
2560,118_00475,118,475,360.0,141418,141653,141941,142199,235,288,258,0.7166666666666667,141328,142031,142109,142289,0,0.0,False,False
2561,118_00476,118,476,360.0,141653,141941,142199,142462,288,258,263,0.7305555555555555,141563,142289,142372,142552,0,0.0,False,False
2562,118_00477,118,477,360.0,141941,142199,142462,142720,258,263,258,0.7166666666666667,141851,142552,142630,142810,0,0.0,False,False
2563,118_00478,118,478,360.0,142199,142462,142720,142978,263,258,258,0.7166666666666667,142109,142810,142888,143068,0,0.0,False,False
2564,118_00479,118,479,360.0,142462,142720,142978,143232,258,258,254,0.7055555555555556,142372,143068,143142,143322,0,0.0,False,False
2565,118_00480,118,480,360.0,142720,142978,143232,143487,258,254,255,0.7083333333333334,142630,143322,143397,143577,0,0.0,False,False
2566,118_00481,118,481,360.0,142978,143232,143487,143740,254,255,253,0.7027777777777777,142888,143577,143650,143830,0,0.0,False,False
2567,118_00482,118,482,360.0,143232,143487,143740,143996,255,253,256,0.7111111111111111,143142,143830,143906,144086,0,0.0,False,False
2568,118_00483,118,483,360.0,143487,143740,143996,144250,253,256,254,0.7055555555555556,143397,144086,144160,144340,0,0.0,False,False
2569,118_00484,118,484,360.0,143740,143996,144250,144503,256,254,253,0.7027777777777777,143650,144340,144413,144593,0,0.0,False,False
2570,118_00485,118,485,360.0,143996,144250,144503,144750,254,253,247,0.6861111111111111,143906,144593,144660,144840,0,0.0,False,False
2571,118_00486,118,486,360.0,144250,144503,144750,145002,253,247,252,0.7,144160,144840,144912,145092,0,0.0,False,False
2572,118_00487,118,487,360.0,144503,144750,145002,145256,247,252,254,0.7055555555555556,144413,145092,145166,145346,0,0.0,False,False
2573,118_00488,118,488,360.0,144750,145002,145256,145504,252,254,248,0.6888888888888889,144660,145346,145414,145594,0,0.0,False,False
2574,118_00489,118,489,360.0,145002,145256,145504,145759,254,248,255,0.7083333333333334,144912,145594,145669,145849,0,0.0,False,False
2575,118_00490,118,490,360.0,145256,145504,145759,146012,248,255,253,0.7027777777777777,145166,145849,145922,146102,0,0.0,False,False
2576,118_00491,118,491,360.0,145504,145759,146012,146260,255,253,248,0.6888888888888889,145414,146102,146170,146350,0,0.0,False,False
2577,118_00492,118,492,360.0,145759,146012,146260,146504,253,248,244,0.6777777777777778,145669,146350,146414,146594,0,0.0,False,False
2578,118_00493,118,493,360.0,146012,146260,146504,146759,248,244,255,0.7083333333333334,145922,146594,146669,146849,0,0.0,False,False
2579,118_00494,118,494,360.0,146260,146504,146759,147013,244,255,254,0.7055555555555556,146170,146849,146923,147103,0,0.0,False,False
2580,118_00495,118,495,360.0,146504,146759,147013,147260,255,254,247,0.6861111111111111,146414,147103,147170,147350,0,0.0,False,False
2581,118_00496,118,496,360.0,146759,147013,147260,147502,254,247,242,0.6722222222222223,146669,147350,147412,147592,0,0.0,False,False
2582,118_00497,118,497,360.0,147013,147260,147502,147749,247,242,247,0.6861111111111111,146923,147592,147659,147839,0,0.0,False,False
2583,118_00498,118,498,360.0,147260,147502,147749,147995,242,247,246,0.6833333333333333,147170,147839,147905,148085,0,0.0,False,False
2584,118_00499,118,499,360.0,147502,147749,147995,148238,247,246,243,0.675,147412,148085,148148,148328,0,0.0,False,False
2585,118_00500,118,500,360.0,147749,147995,148238,148483,246,243,245,0.6805555555555556,147659,148328,148393,148573,0,0.0,False,False
2586,118_00501,118,501,360.0,147995,148238,148483,148729,243,245,246,0.6833333333333333,147905,148573,148639,148819,0,0.0,False,False
2587,118_00502,118,502,360.0,148238,148483,148729,148972,245,246,243,0.675,148148,148819,148882,149062,0,0.0,False,False
2588,118_00503,118,503,360.0,148483,148729,148972,149215,246,243,243,0.675,148393,149062,149125,149305,0,0.0,False,False
2589,118_00504,118,504,360.0,148729,148972,149215,149460,243,243,245,0.6805555555555556,148639,149305,149370,149550,0,0.0,False,False
2590,118_00505,118,505,360.0,148972,149215,149460,149706,243,245,246,0.6833333333333333,148882,149550,149616,149796,0,0.0,False,False
2591,118_00506,118,506,360.0,149215,149460,149706,149952,245,246,246,0.6833333333333333,149125,149796,149862,150042,0,0.0,False,False
2592,118_00507,118,507,360.0,149460,149706,149952,150198,246,246,246,0.6833333333333333,149370,150042,150108,150288,0,0.0,False,False
2593,118_00508,118,508,360.0,149706,149952,150198,150443,246,246,245,0.6805555555555556,149616,150288,150353,150533,0,0.0,False,False
2594,118_00509,118,509,360.0,149952,150198,150443,150682,246,245,239,0.6638888888888889,149862,150533,150592,150772,0,0.0,False,False
2595,118_00510,118,510,360.0,150198,150443,150682,150928,245,239,246,0.6833333333333333,150108,150772,150838,151018,0,0.0,False,False
2596,118_00511,118,511,360.0,150443,150682,150928,151171,239,246,243,0.675,150353,151018,151081,151261,0,0.0,False,False
2597,118_00512,118,512,360.0,150682,150928,151171,151414,246,243,243,0.675,150592,151261,151324,151504,0,0.0,False,False
2598,118_00513,118,513,360.0,150928,151171,151414,151654,243,243,240,0.6666666666666666,150838,151504,151564,151744,0,0.0,False,False
2599,118_00514,118,514,360.0,151171,151414,151654,151900,243,240,246,0.6833333333333333,151081,151744,151810,151990,0,0.0,False,False
2600,118_00515,118,515,360.0,151414,151654,151900,152140,240,246,240,0.6666666666666666,151324,151990,152050,152230,0,0.0,False,False
2601,118_00516,118,516,360.0,151654,151900,152140,152377,246,240,237,0.6583333333333333,151564,152230,152287,152467,0,0.0,False,False
2602,118_00517,118,517,360.0,151900,152140,152377,152614,240,237,237,0.6583333333333333,151810,152467,152524,152704,0,0.0,False,False
2603,118_00518,118,518,360.0,152140,152377,152614,152863,237,237,249,0.6916666666666667,152050,152704,152773,152953,0,0.0,False,False
2604,118_00519,118,519,360.0,152377,152614,152863,153104,237,249,241,0.6694444444444444,152287,152953,153014,153194,0,0.0,False,False
2605,118_00520,118,520,360.0,152614,152863,153104,153343,249,241,239,0.6638888888888889,152524,153194,153253,153433,0,0.0,False,False
2606,118_00521,118,521,360.0,152863,153104,153343,153581,241,239,238,0.6611111111111111,152773,153433,153491,153671,0,0.0,False,False
2607,118_00522,118,522,360.0,153104,153343,153581,153829,239,238,248,0.6888888888888889,153014,153671,153739,153919,0,0.0,False,False
2608,118_00523,118,523,360.0,153343,153581,153829,154066,238,248,237,0.6583333333333333,153253,153919,153976,154156,0,0.0,False,False
2609,118_00524,118,524,360.0,153581,153829,154066,154307,248,237,241,0.6694444444444444,153491,154156,154217,154397,0,0.0,False,False
2610,118_00525,118,525,360.0,153829,154066,154307,154553,237,241,246,0.6833333333333333,153739,154397,154463,154643,0,0.0,False,False
2611,118_00526,118,526,360.0,154066,154307,154553,154803,241,246,250,0.6944444444444444,153976,154643,154713,154893,0,0.0,False,False
2612,118_00527,118,527,360.0,154307,154553,154803,155044,246,250,241,0.6694444444444444,154217,154893,154954,155134,0,0.0,False,False
2613,118_00528,118,528,360.0,154553,154803,155044,155291,250,241,247,0.6861111111111111,154463,155134,155201,155381,0,0.0,False,False
2614,118_00529,118,529,360.0,154803,155044,155291,155536,241,247,245,0.6805555555555556,154713,155381,155446,155626,0,0.0,False,False
2615,118_00530,118,530,360.0,155044,155291,155536,155785,247,245,249,0.6916666666666667,154954,155626,155695,155875,0,0.0,False,False
2616,118_00531,118,531,360.0,155291,155536,155785,156029,245,249,244,0.6777777777777778,155201,155875,155939,156119,0,0.0,False,False
2617,118_00532,118,532,360.0,155536,155785,156029,156274,249,244,245,0.6805555555555556,155446,156119,156184,156364,0,0.0,False,False
2618,118_00533,118,533,360.0,155785,156029,156274,156515,244,245,241,0.6694444444444444,155695,156364,156425,156605,0,0.0,False,False
2619,118_00534,118,534,360.0,156029,156274,156515,156757,245,241,242,0.6722222222222223,155939,156605,156667,156847,0,0.0,False,False
2620,118_00535,118,535,360.0,156274,156515,156757,157002,241,242,245,0.6805555555555556,156184,156847,156912,157092,0,0.0,False,False
2621,118_00536,118,536,360.0,156515,156757,157002,157247,242,245,245,0.6805555555555556,156425,157092,157157,157337,0,0.0,False,False
2622,118_00537,118,537,360.0,156757,157002,157247,157489,245,245,242,0.6722222222222223,156667,157337,157399,157579,0,0.0,False,False
2623,118_00538,118,538,360.0,157002,157247,157489,157735,245,242,246,0.6833333333333333,156912,157579,157645,157825,0,0.0,False,False
2624,118_00539,118,539,360.0,157247,157489,157735,157983,242,246,248,0.6888888888888889,157157,157825,157893,158073,0,0.0,False,False
2625,118_00540,118,540,360.0,157489,157735,157983,158173,246,248,190,0.5277777777777778,157399,158073,158083,158263,0,0.0,False,False
2626,118_00541,118,541,360.0,157735,157983,158173,158457,248,190,284,0.7888888888888889,157645,158263,158367,158547,0,0.0,False,False
2627,118_00542,118,542,360.0,157983,158173,158457,158715,190,284,258,0.7166666666666667,157893,158547,158625,158805,0,0.0,False,False
2628,118_00543,118,543,360.0,158173,158457,158715,158969,284,258,254,0.7055555555555556,158083,158805,158879,159059,0,0.0,False,False
2629,118_00544,118,544,360.0,158457,158715,158969,159223,258,254,254,0.7055555555555556,158367,159059,159133,159313,0,0.0,False,False
2630,118_00545,118,545,360.0,158715,158969,159223,159473,254,254,250,0.6944444444444444,158625,159313,159383,159563,0,0.0,False,False
2631,118_00546,118,546,360.0,158969,159223,159473,159728,254,250,255,0.7083333333333334,158879,159563,159638,159818,0,0.0,False,False
2632,118_00547,118,547,360.0,159223,159473,159728,159980,250,255,252,0.7,159133,159818,159890,160070,0,0.0,False,False
2633,118_00548,118,548,360.0,159473,159728,159980,160229,255,252,249,0.6916666666666667,159383,160070,160139,160319,0,0.0,False,False
2634,118_00549,118,549,360.0,159728,159980,160229,160483,252,249,254,0.7055555555555556,159638,160319,160393,160573,0,0.0,False,False
2635,118_00550,118,550,360.0,159980,160229,160483,160740,249,254,257,0.7138888888888889,159890,160573,160650,160830,0,0.0,False,False
2636,118_00551,118,551,360.0,160229,160483,160740,160989,254,257,249,0.6916666666666667,160139,160830,160899,161079,0,0.0,False,False
2637,118_00552,118,552,360.0,160483,160740,160989,161237,257,249,248,0.6888888888888889,160393,161079,161147,161327,0,0.0,False,False
2638,118_00553,118,553,360.0,160740,160989,161237,161485,249,248,248,0.6888888888888889,160650,161327,161395,161575,0,0.0,False,False
2639,118_00554,118,554,360.0,160989,161237,161485,161674,248,248,189,0.525,160899,161575,161584,161764,0,0.0,False,False
2640,118_00555,118,555,360.0,161237,161485,161674,161949,248,189,275,0.7638888888888888,161147,161764,161859,162039,0,0.0,False,False
2641,118_00556,118,556,360.0,161485,161674,161949,162202,189,275,253,0.7027777777777777,161395,162039,162112,162292,0,0.0,False,False
2642,118_00557,118,557,360.0,161674,161949,162202,162450,275,253,248,0.6888888888888889,161584,162292,162360,162540,0,0.0,False,False
2643,118_00558,118,558,360.0,161949,162202,162450,162698,253,248,248,0.6888888888888889,161859,162540,162608,162788,0,0.0,False,False
2644,118_00559,118,559,360.0,162202,162450,162698,162946,248,248,248,0.6888888888888889,162112,162788,162856,163036,0,0.0,False,False
2645,118_00560,118,560,360.0,162450,162698,162946,163198,248,248,252,0.7,162360,163036,163108,163288,0,0.0,False,False
2646,118_00561,118,561,360.0,162698,162946,163198,163454,248,252,256,0.7111111111111111,162608,163288,163364,163544,0,0.0,False,False
2647,118_00562,118,562,360.0,162946,163198,163454,163707,252,256,253,0.7027777777777777,162856,163544,163617,163797,0,0.0,False,False
2648,118_00563,118,563,360.0,163198,163454,163707,163965,256,253,258,0.7166666666666667,163108,163797,163875,164055,0,0.0,False,False
2649,118_00564,118,564,360.0,163454,163707,163965,164224,253,258,259,0.7194444444444444,163364,164055,164134,164314,0,0.0,False,False
2650,118_00565,118,565,360.0,163707,163965,164224,164478,258,259,254,0.7055555555555556,163617,164314,164388,164568,0,0.0,False,False
2651,118_00566,118,566,360.0,163965,164224,164478,164743,259,254,265,0.7361111111111112,163875,164568,164653,164833,0,0.0,False,False
2652,118_00567,118,567,360.0,164224,164478,164743,165003,254,265,260,0.7222222222222222,164134,164833,164913,165093,0,0.0,False,False
2653,118_00568,118,568,360.0,164478,164743,165003,165261,265,260,258,0.7166666666666667,164388,165093,165171,165351,0,0.0,False,False
2654,118_00569,118,569,360.0,164743,165003,165261,165518,260,258,257,0.7138888888888889,164653,165351,165428,165608,0,0.0,False,False
2655,118_00570,118,570,360.0,165003,165261,165518,165783,258,257,265,0.7361111111111112,164913,165608,165693,165873,0,0.0,False,False
2656,118_00571,118,571,360.0,165261,165518,165783,166214,257,265,431,1.1972222222222222,165171,165873,166124,166304,0,0.0,False,False
2657,118_00572,118,572,360.0,165518,165783,166214,166529,265,431,315,0.875,165428,166304,166439,166619,0,0.0,False,False
2658,118_00573,118,573,360.0,165783,166214,166529,166805,431,315,276,0.7666666666666667,165693,166619,166715,166895,0,0.0,False,False
2659,118_00574,118,574,360.0,166214,166529,166805,167068,315,276,263,0.7305555555555555,166124,166895,166978,167158,0,0.0,False,False
2660,118_00575,118,575,360.0,166529,166805,167068,167334,276,263,266,0.7388888888888889,166439,167158,167244,167424,0,0.0,False,False
2661,118_00576,118,576,360.0,166805,167068,167334,167601,263,266,267,0.7416666666666667,166715,167424,167511,167691,0,0.0,False,False
2662,118_00577,118,577,360.0,167068,167334,167601,167870,266,267,269,0.7472222222222222,166978,167691,167780,167960,0,0.0,False,False
2663,118_00578,118,578,360.0,167334,167601,167870,168135,267,269,265,0.7361111111111112,167244,167960,168045,168225,0,0.0,False,False
2664,118_00579,118,579,360.0,167601,167870,168135,168401,269,265,266,0.7388888888888889,167511,168225,168311,168491,0,0.0,False,False
2665,118_00580,118,580,360.0,167870,168135,168401,168665,265,266,264,0.7333333333333333,167780,168491,168575,168755,0,0.0,False,False
2666,118_00581,118,581,360.0,168135,168401,168665,168923,266,264,258,0.7166666666666667,168045,168755,168833,169013,0,0.0,False,False
2667,118_00582,118,582,360.0,168401,168665,168923,169185,264,258,262,0.7277777777777777,168311,169013,169095,169275,0,0.0,False,False
2668,118_00583,118,583,360.0,168665,168923,169185,169445,258,262,260,0.7222222222222222,168575,169275,169355,169535,0,0.0,False,False
2669,118_00584,118,584,360.0,168923,169185,169445,169708,262,260,263,0.7305555555555555,168833,169535,169618,169798,0,0.0,False,False
2670,118_00585,118,585,360.0,169185,169445,169708,169965,260,263,257,0.7138888888888889,169095,169798,169875,170055,0,0.0,False,False
2671,118_00586,118,586,360.0,169445,169708,169965,170222,263,257,257,0.7138888888888889,169355,170055,170132,170312,0,0.0,False,False
2672,118_00587,118,587,360.0,169708,169965,170222,170474,257,257,252,0.7,169618,170312,170384,170564,0,0.0,False,False
2673,118_00588,118,588,360.0,169965,170222,170474,170740,257,252,266,0.7388888888888889,169875,170564,170650,170830,0,0.0,False,False
2674,118_00589,118,589,360.0,170222,170474,170740,170997,252,266,257,0.7138888888888889,170132,170830,170907,171087,0,0.0,False,False
2675,118_00590,118,590,360.0,170474,170740,170997,171260,266,257,263,0.7305555555555555,170384,171087,171170,171350,0,0.0,False,False
2676,118_00591,118,591,360.0,170740,170997,171260,171511,257,263,251,0.6972222222222222,170650,171350,171421,171601,0,0.0,False,False
2677,118_00592,118,592,360.0,170997,171260,171511,171776,263,251,265,0.7361111111111112,170907,171601,171686,171866,0,0.0,False,False
2678,118_00593,118,593,360.0,171260,171511,171776,172035,251,265,259,0.7194444444444444,171170,171866,171945,172125,0,0.0,False,False
2679,118_00594,118,594,360.0,171511,171776,172035,172294,265,259,259,0.7194444444444444,171421,172125,172204,172384,0,0.0,False,False
2680,118_00595,118,595,360.0,171776,172035,172294,172560,259,259,266,0.7388888888888889,171686,172384,172470,172650,0,0.0,False,False
2681,118_00596,118,596,360.0,172035,172294,172560,172824,259,266,264,0.7333333333333333,171945,172650,172734,172914,0,0.0,False,False
2682,118_00597,118,597,360.0,172294,172560,172824,173079,266,264,255,0.7083333333333334,172204,172914,172989,173169,0,0.0,False,False
2683,118_00598,118,598,360.0,172560,172824,173079,173330,264,255,251,0.6972222222222222,172470,173169,173240,173420,0,0.0,False,False
2684,118_00599,118,599,360.0,172824,173079,173330,173595,255,251,265,0.7361111111111112,172734,173420,173505,173685,0,0.0,False,False
2685,118_00600,118,600,360.0,173079,173330,173595,173848,251,265,253,0.7027777777777777,172989,173685,173758,173938,0,0.0,False,False
2686,118_00601,118,601,360.0,173330,173595,173848,174106,265,253,258,0.7166666666666667,173240,173938,174016,174196,0,0.0,False,False
2687,118_00602,118,602,360.0,173595,173848,174106,174357,253,258,251,0.6972222222222222,173505,174196,174267,174447,0,0.0,False,False
2688,118_00603,118,603,360.0,173848,174106,174357,174616,258,251,259,0.7194444444444444,173758,174447,174526,174706,0,0.0,False,False
2689,118_00604,118,604,360.0,174106,174357,174616,174864,251,259,248,0.6888888888888889,174016,174706,174774,174954,0,0.0,False,False
2690,118_00605,118,605,360.0,174357,174616,174864,175124,259,248,260,0.7222222222222222,174267,174954,175034,175214,0,0.0,False,False
2691,118_00606,118,606,360.0,174616,174864,175124,175381,248,260,257,0.7138888888888889,174526,175214,175291,175471,0,0.0,False,False
2692,118_00607,118,607,360.0,174864,175124,175381,175644,260,257,263,0.7305555555555555,174774,175471,175554,175734,0,0.0,False,False
2693,118_00608,118,608,360.0,175124,175381,175644,175895,257,263,251,0.6972222222222222,175034,175734,175805,175985,0,0.0,False,False
2694,118_00609,118,609,360.0,175381,175644,175895,176155,263,251,260,0.7222222222222222,175291,175985,176065,176245,0,0.0,False,False
2695,118_00610,118,610,360.0,175644,175895,176155,176413,251,260,258,0.7166666666666667,175554,176245,176323,176503,0,0.0,False,False
2696,118_00611,118,611,360.0,175895,176155,176413,176662,260,258,249,0.6916666666666667,175805,176503,176572,176752,0,0.0,False,False
2697,118_00612,118,612,360.0,176155,176413,176662,176941,258,249,279,0.775,176065,176752,176851,177031,0,0.0,False,False
2698,118_00613,118,613,360.0,176413,176662,176941,177201,249,279,260,0.7222222222222222,176323,177031,177111,177291,0,0.0,False,False
2699,118_00614,118,614,360.0,176662,176941,177201,177457,279,260,256,0.7111111111111111,176572,177291,177367,177547,0,0.0,False,False
2700,118_00615,118,615,360.0,176941,177201,177457,177717,260,256,260,0.7222222222222222,176851,177547,177627,177807,0,0.0,False,False
2701,118_00616,118,616,360.0,177201,177457,177717,178197,256,260,480,1.3333333333333333,177111,177807,178107,178287,0,0.0,False,False
2702,118_00617,118,617,360.0,177457,177717,178197,178503,260,480,306,0.85,177367,178287,178413,178593,0,0.0,False,False
2703,118_00618,118,618,360.0,177717,178197,178503,178769,480,306,266,0.7388888888888889,177627,178593,178679,178859,0,0.0,False,False
2704,118_00619,118,619,360.0,178197,178503,178769,179030,306,266,261,0.725,178107,178859,178940,179120,0,0.0,False,False
2705,118_00620,118,620,360.0,178503,178769,179030,179287,266,261,257,0.7138888888888889,178413,179120,179197,179377,0,0.0,False,False
2706,118_00621,118,621,360.0,178769,179030,179287,179555,261,257,268,0.7444444444444445,178679,179377,179465,179645,0,0.0,False,False
2707,118_00622,118,622,360.0,179030,179287,179555,179782,257,268,227,0.6305555555555555,178940,179645,179692,179872,0,0.0,False,False
2708,118_00623,118,623,360.0,179287,179555,179782,180073,268,227,291,0.8083333333333333,179197,179872,179983,180163,0,0.0,False,False
2709,118_00624,118,624,360.0,179555,179782,180073,180602,227,291,529,1.4694444444444446,179465,180163,180512,180692,0,0.0,False,False
2710,118_00625,118,625,360.0,179782,180073,180602,180863,291,529,261,0.725,179692,180692,180773,180953,0,0.0,False,False
2711,118_00626,118,626,360.0,180073,180602,180863,181122,529,261,259,0.7194444444444444,179983,180953,181032,181212,0,0.0,False,False
2712,118_00627,118,627,360.0,180602,180863,181122,181388,261,259,266,0.7388888888888889,180512,181212,181298,181478,0,0.0,False,False
2713,118_00628,118,628,360.0,180863,181122,181388,181647,259,266,259,0.7194444444444444,180773,181478,181557,181737,0,0.0,False,False
2714,118_00629,118,629,360.0,181122,181388,181647,181903,266,259,256,0.7111111111111111,181032,181737,181813,181993,0,0.0,False,False
2715,118_00630,118,630,360.0,181388,181647,181903,182162,259,256,259,0.7194444444444444,181298,181993,182072,182252,0,0.0,False,False
2716,118_00631,118,631,360.0,181647,181903,182162,182407,256,259,245,0.6805555555555556,181557,182252,182317,182497,0,0.0,False,False
2717,118_00632,118,632,360.0,181903,182162,182407,182681,259,245,274,0.7611111111111111,181813,182497,182591,182771,0,0.0,False,False
2718,118_00633,118,633,360.0,182162,182407,182681,182945,245,274,264,0.7333333333333333,182072,182771,182855,183035,0,0.0,False,False
2719,118_00634,118,634,360.0,182407,182681,182945,183200,274,264,255,0.7083333333333334,182317,183035,183110,183290,0,0.0,False,False
2720,118_00635,118,635,360.0,182681,182945,183200,183458,264,255,258,0.7166666666666667,182591,183290,183368,183548,0,0.0,False,False
2721,118_00636,118,636,360.0,182945,183200,183458,183715,255,258,257,0.7138888888888889,182855,183548,183625,183805,0,0.0,False,False
2722,118_00637,118,637,360.0,183200,183458,183715,183974,258,257,259,0.7194444444444444,183110,183805,183884,184064,0,0.0,False,False
2723,118_00638,118,638,360.0,183458,183715,183974,184187,257,259,213,0.5916666666666667,183368,184064,184097,184277,0,0.0,False,False
2724,118_00639,118,639,360.0,183715,183974,184187,184479,259,213,292,0.8111111111111111,183625,184277,184389,184569,0,0.0,False,False
2725,118_00640,118,640,360.0,183974,184187,184479,184739,213,292,260,0.7222222222222222,183884,184569,184649,184829,0,0.0,False,False
2726,118_00641,118,641,360.0,184187,184479,184739,184997,292,260,258,0.7166666666666667,184097,184829,184907,185087,0,0.0,False,False
2727,118_00642,118,642,360.0,184479,184739,184997,185254,260,258,257,0.7138888888888889,184389,185087,185164,185344,0,0.0,False,False
2728,118_00643,118,643,360.0,184739,184997,185254,185534,258,257,280,0.7777777777777778,184649,185344,185444,185624,0,0.0,False,False
2729,118_00644,118,644,360.0,184997,185254,185534,185779,257,280,245,0.6805555555555556,184907,185624,185689,185869,0,0.0,False,False
2730,118_00645,118,645,360.0,185254,185534,185779,186032,280,245,253,0.7027777777777777,185164,185869,185942,186122,0,0.0,False,False
2731,118_00646,118,646,360.0,185534,185779,186032,186283,245,253,251,0.6972222222222222,185444,186122,186193,186373,0,0.0,False,False
2732,118_00647,118,647,360.0,185779,186032,186283,186472,253,251,189,0.525,185689,186373,186382,186562,0,0.0,False,False
2733,118_00648,118,648,360.0,186032,186283,186472,186756,251,189,284,0.7888888888888889,185942,186562,186666,186846,0,0.0,False,False
2734,118_00649,118,649,360.0,186283,186472,186756,187010,189,284,254,0.7055555555555556,186193,186846,186920,187100,0,0.0,False,False
2735,118_00650,118,650,360.0,186472,186756,187010,187269,284,254,259,0.7194444444444444,186382,187100,187179,187359,0,0.0,False,False
2736,118_00651,118,651,360.0,186756,187010,187269,187526,254,259,257,0.7138888888888889,186666,187359,187436,187616,0,0.0,False,False
2737,118_00652,118,652,360.0,187010,187269,187526,187772,259,257,246,0.6833333333333333,186920,187616,187682,187862,0,0.0,False,False
2738,118_00653,118,653,360.0,187269,187526,187772,188023,257,246,251,0.6972222222222222,187179,187862,187933,188113,0,0.0,False,False
2739,118_00654,118,654,360.0,187526,187772,188023,188274,246,251,251,0.6972222222222222,187436,188113,188184,188364,0,0.0,False,False
2740,118_00655,118,655,360.0,187772,188023,188274,188526,251,251,252,0.7,187682,188364,188436,188616,0,0.0,False,False
2741,118_00656,118,656,360.0,188023,188274,188526,188774,251,252,248,0.6888888888888889,187933,188616,188684,188864,0,0.0,False,False
2742,118_00657,118,657,360.0,188274,188526,188774,189025,252,248,251,0.6972222222222222,188184,188864,188935,189115,0,0.0,False,False
2743,118_00658,118,658,360.0,188526,188774,189025,189273,248,251,248,0.6888888888888889,188436,189115,189183,189363,0,0.0,False,False
2744,118_00659,118,659,360.0,188774,189025,189273,189520,251,248,247,0.6861111111111111,188684,189363,189430,189610,0,0.0,False,False
2745,118_00660,118,660,360.0,189025,189273,189520,189767,248,247,247,0.6861111111111111,188935,189610,189677,189857,0,0.0,False,False
2746,118_00661,118,661,360.0,189273,189520,189767,190019,247,247,252,0.7,189183,189857,189929,190109,0,0.0,False,False
2747,118_00662,118,662,360.0,189520,189767,190019,190267,247,252,248,0.6888888888888889,189430,190109,190177,190357,0,0.0,False,False
2748,118_00663,118,663,360.0,189767,190019,190267,190514,252,248,247,0.6861111111111111,189677,190357,190424,190604,0,0.0,False,False
2749,118_00664,118,664,360.0,190019,190267,190514,190763,248,247,249,0.6916666666666667,189929,190604,190673,190853,0,0.0,False,False
2750,118_00665,118,665,360.0,190267,190514,190763,190944,247,249,181,0.5027777777777778,190177,190853,190854,191034,0,0.0,False,False
2751,118_00666,118,666,360.0,190514,190763,190944,191222,249,181,278,0.7722222222222223,190424,191034,191132,191312,0,0.0,False,False
2752,118_00667,118,667,360.0,190763,190944,191222,191480,181,278,258,0.7166666666666667,190673,191312,191390,191570,0,0.0,False,False
2753,118_00668,118,668,360.0,190944,191222,191480,191729,278,258,249,0.6916666666666667,190854,191570,191639,191819,0,0.0,False,False
2754,118_00669,118,669,360.0,191222,191480,191729,191977,258,249,248,0.6888888888888889,191132,191819,191887,192067,0,0.0,False,False
2755,118_00670,118,670,360.0,191480,191729,191977,192225,249,248,248,0.6888888888888889,191390,192067,192135,192315,0,0.0,False,False
2756,118_00671,118,671,360.0,191729,191977,192225,192477,248,248,252,0.7,191639,192315,192387,192567,0,0.0,False,False
2757,118_00672,118,672,360.0,191977,192225,192477,192723,248,252,246,0.6833333333333333,191887,192567,192633,192813,0,0.0,False,False
2758,118_00673,118,673,360.0,192225,192477,192723,192969,252,246,246,0.6833333333333333,192135,192813,192879,193059,0,0.0,False,False
2759,118_00674,118,674,360.0,192477,192723,192969,193221,246,246,252,0.7,192387,193059,193131,193311,0,0.0,False,False
2760,118_00675,118,675,360.0,192723,192969,193221,193445,246,252,224,0.6222222222222222,192633,193311,193355,193535,0,0.0,False,False
2761,118_00676,118,676,360.0,192969,193221,193445,193719,252,224,274,0.7611111111111111,192879,193535,193629,193809,0,0.0,False,False
2762,118_00677,118,677,360.0,193221,193445,193719,193973,224,274,254,0.7055555555555556,193131,193809,193883,194063,0,0.0,False,False
2763,118_00678,118,678,360.0,193445,193719,193973,194237,274,254,264,0.7333333333333333,193355,194063,194147,194327,0,0.0,False,False
2764,118_00679,118,679,360.0,193719,193973,194237,194496,254,264,259,0.7194444444444444,193629,194327,194406,194586,0,0.0,False,False
2765,118_00680,118,680,360.0,193973,194237,194496,194756,264,259,260,0.7222222222222222,193883,194586,194666,194846,0,0.0,False,False
2766,118_00681,118,681,360.0,194237,194496,194756,195018,259,260,262,0.7277777777777777,194147,194846,194928,195108,0,0.0,False,False
2767,118_00682,118,682,360.0,194496,194756,195018,195285,260,262,267,0.7416666666666667,194406,195108,195195,195375,0,0.0,False,False
2768,118_00683,118,683,360.0,194756,195018,195285,195547,262,267,262,0.7277777777777777,194666,195375,195457,195637,0,0.0,False,False
2769,118_00684,118,684,360.0,195018,195285,195547,195813,267,262,266,0.7388888888888889,194928,195637,195723,195903,0,0.0,False,False
2770,118_00685,118,685,360.0,195285,195547,195813,196077,262,266,264,0.7333333333333333,195195,195903,195987,196167,0,0.0,False,False
2771,118_00686,118,686,360.0,195547,195813,196077,196344,266,264,267,0.7416666666666667,195457,196167,196254,196434,0,0.0,False,False
2772,118_00687,118,687,360.0,195813,196077,196344,196610,264,267,266,0.7388888888888889,195723,196434,196520,196700,0,0.0,False,False
2773,118_00688,118,688,360.0,196077,196344,196610,196880,267,266,270,0.75,195987,196700,196790,196970,0,0.0,False,False
2774,118_00689,118,689,360.0,196344,196610,196880,197150,266,270,270,0.75,196254,196970,197060,197240,0,0.0,False,False
2775,118_00690,118,690,360.0,196610,196880,197150,197422,270,270,272,0.7555555555555555,196520,197240,197332,197512,0,0.0,False,False
2776,118_00691,118,691,360.0,196880,197150,197422,197691,270,272,269,0.7472222222222222,196790,197512,197601,197781,0,0.0,False,False
2777,118_00692,118,692,360.0,197150,197422,197691,197961,272,269,270,0.75,197060,197781,197871,198051,0,0.0,False,False
2778,118_00693,118,693,360.0,197422,197691,197961,198230,269,270,269,0.7472222222222222,197332,198051,198140,198320,0,0.0,False,False
2779,118_00694,118,694,360.0,197691,197961,198230,198502,270,269,272,0.7555555555555555,197601,198320,198412,198592,0,0.0,False,False
2780,118_00695,118,695,360.0,197961,198230,198502,198772,269,272,270,0.75,197871,198592,198682,198862,0,0.0,False,False
2781,118_00696,118,696,360.0,198230,198502,198772,199046,272,270,274,0.7611111111111111,198140,198862,198956,199136,0,0.0,False,False
2782,118_00697,118,697,360.0,198502,198772,199046,199324,270,274,278,0.7722222222222223,198412,199136,199234,199414,0,0.0,False,False
2783,118_00698,118,698,360.0,198772,199046,199324,199600,274,278,276,0.7666666666666667,198682,199414,199510,199690,0,0.0,False,False
2784,118_00699,118,699,360.0,199046,199324,199600,199791,278,276,191,0.5305555555555556,198956,199690,199701,199881,0,0.0,False,False
2785,118_00700,118,700,360.0,199324,199600,199791,200095,276,191,304,0.8444444444444444,199234,199881,200005,200185,0,0.0,False,False
2786,118_00701,118,701,360.0,199600,199791,200095,200380,191,304,285,0.7916666666666666,199510,200185,200290,200470,0,0.0,False,False
2787,118_00702,118,702,360.0,199791,200095,200380,200575,304,285,195,0.5416666666666666,199701,200470,200485,200665,0,0.0,False,False
2788,118_00703,118,703,360.0,200095,200380,200575,200891,285,195,316,0.8777777777777778,200005,200665,200801,200981,0,0.0,False,False
2789,118_00704,118,704,360.0,200380,200575,200891,201165,195,316,274,0.7611111111111111,200290,200981,201075,201255,0,0.0,False,False
2790,118_00705,118,705,360.0,200575,200891,201165,201442,316,274,277,0.7694444444444445,200485,201255,201352,201532,0,0.0,False,False
2791,118_00706,118,706,360.0,200891,201165,201442,201715,274,277,273,0.7583333333333333,200801,201532,201625,201805,0,0.0,False,False
2792,118_00707,118,707,360.0,201165,201442,201715,201995,277,273,280,0.7777777777777778,201075,201805,201905,202085,0,0.0,False,False
2793,118_00708,118,708,360.0,201442,201715,201995,202273,273,280,278,0.7722222222222223,201352,202085,202183,202363,0,0.0,False,False
2794,118_00709,118,709,360.0,201715,201995,202273,202553,280,278,280,0.7777777777777778,201625,202363,202463,202643,0,0.0,False,False
2795,118_00710,118,710,360.0,201995,202273,202553,202835,278,280,282,0.7833333333333333,201905,202643,202745,202925,0,0.0,False,False
2796,118_00711,118,711,360.0,202273,202553,202835,203115,280,282,280,0.7777777777777778,202183,202925,203025,203205,0,0.0,False,False
2797,118_00712,118,712,360.0,202553,202835,203115,203401,282,280,286,0.7944444444444444,202463,203205,203311,203491,0,0.0,False,False
2798,118_00713,118,713,360.0,202835,203115,203401,203685,280,286,284,0.7888888888888889,202745,203491,203595,203775,0,0.0,False,False
2799,118_00714,118,714,360.0,203115,203401,203685,203965,286,284,280,0.7777777777777778,203025,203775,203875,204055,0,0.0,False,False
2800,118_00715,118,715,360.0,203401,203685,203965,204247,284,280,282,0.7833333333333333,203311,204055,204157,204337,0,0.0,False,False
2801,118_00716,118,716,360.0,203685,203965,204247,204808,280,282,561,1.5583333333333333,203595,204337,204718,204898,0,0.0,False,False
2802,118_00717,118,717,360.0,203965,204247,204808,205089,282,561,281,0.7805555555555556,203875,204898,204999,205179,0,0.0,False,False
2803,118_00718,118,718,360.0,204247,204808,205089,205375,561,281,286,0.7944444444444444,204157,205179,205285,205465,0,0.0,False,False
2804,118_00719,118,719,360.0,204808,205089,205375,205652,281,286,277,0.7694444444444445,204718,205465,205562,205742,0,0.0,False,False
2805,118_00720,118,720,360.0,205089,205375,205652,205925,286,277,273,0.7583333333333333,204999,205742,205835,206015,0,0.0,False,False
2806,118_00721,118,721,360.0,205375,205652,205925,206210,277,273,285,0.7916666666666666,205285,206015,206120,206300,0,0.0,False,False
2807,118_00722,118,722,360.0,205652,205925,206210,206491,273,285,281,0.7805555555555556,205562,206300,206401,206581,0,0.0,False,False
2808,118_00723,118,723,360.0,205925,206210,206491,206770,285,281,279,0.775,205835,206581,206680,206860,0,0.0,False,False
2809,118_00724,118,724,360.0,206210,206491,206770,207049,281,279,279,0.775,206120,206860,206959,207139,0,0.0,False,False
2810,118_00725,118,725,360.0,206491,206770,207049,207335,279,279,286,0.7944444444444444,206401,207139,207245,207425,0,0.0,False,False
2811,118_00726,118,726,360.0,206770,207049,207335,207611,279,286,276,0.7666666666666667,206680,207425,207521,207701,0,0.0,False,False
2812,118_00727,118,727,360.0,207049,207335,207611,207889,286,276,278,0.7722222222222223,206959,207701,207799,207979,0,0.0,False,False
2813,118_00728,118,728,360.0,207335,207611,207889,208170,276,278,281,0.7805555555555556,207245,207979,208080,208260,0,0.0,False,False
2814,118_00729,118,729,360.0,207611,207889,208170,208444,278,281,274,0.7611111111111111,207521,208260,208354,208534,0,0.0,False,False
2815,118_00730,118,730,360.0,207889,208170,208444,208723,281,274,279,0.775,207799,208534,208633,208813,0,0.0,False,False
2816,118_00731,118,731,360.0,208170,208444,208723,208996,274,279,273,0.7583333333333333,208080,208813,208906,209086,0,0.0,False,False
2817,118_00732,118,732,360.0,208444,208723,208996,209275,279,273,279,0.775,208354,209086,209185,209365,0,0.0,False,False
2818,118_00733,118,733,360.0,208723,208996,209275,209552,273,279,277,0.7694444444444445,208633,209365,209462,209642,0,0.0,False,False
2819,118_00734,118,734,360.0,208996,209275,209552,209830,279,277,278,0.7722222222222223,208906,209642,209740,209920,0,0.0,False,False
2820,118_00735,118,735,360.0,209275,209552,209830,210104,277,278,274,0.7611111111111111,209185,209920,210014,210194,0,0.0,False,False
2821,118_00736,118,736,360.0,209552,209830,210104,210383,278,274,279,0.775,209462,210194,210293,210473,0,0.0,False,False
2822,118_00737,118,737,360.0,209830,210104,210383,210660,274,279,277,0.7694444444444445,209740,210473,210570,210750,0,0.0,False,False
2823,118_00738,118,738,360.0,210104,210383,210660,210934,279,277,274,0.7611111111111111,210014,210750,210844,211024,0,0.0,False,False
2824,118_00739,118,739,360.0,210383,210660,210934,211217,277,274,283,0.7861111111111111,210293,211024,211127,211307,0,0.0,False,False
2825,118_00740,118,740,360.0,210660,210934,211217,211489,274,283,272,0.7555555555555555,210570,211307,211399,211579,0,0.0,False,False
2826,118_00741,118,741,360.0,210934,211217,211489,211755,283,272,266,0.7388888888888889,210844,211579,211665,211845,0,0.0,False,False
2827,118_00742,118,742,360.0,211217,211489,211755,212023,272,266,268,0.7444444444444445,211127,211845,211933,212113,0,0.0,False,False
2828,118_00743,118,743,360.0,211489,211755,212023,212298,266,268,275,0.7638888888888888,211399,212113,212208,212388,0,0.0,False,False
2829,118_00744,118,744,360.0,211755,212023,212298,212567,268,275,269,0.7472222222222222,211665,212388,212477,212657,0,0.0,False,False
2830,118_00745,118,745,360.0,212023,212298,212567,212832,275,269,265,0.7361111111111112,211933,212657,212742,212922,0,0.0,False,False
2831,118_00746,118,746,360.0,212298,212567,212832,213104,269,265,272,0.7555555555555555,212208,212922,213014,213194,0,0.0,False,False
2832,118_00747,118,747,360.0,212567,212832,213104,213374,265,272,270,0.75,212477,213194,213284,213464,0,0.0,False,False
2833,118_00748,118,748,360.0,212832,213104,213374,213643,272,270,269,0.7472222222222222,212742,213464,213553,213733,0,0.0,False,False
2834,118_00749,118,749,360.0,213104,213374,213643,213917,270,269,274,0.7611111111111111,213014,213733,213827,214007,0,0.0,False,False
2835,118_00750,118,750,360.0,213374,213643,213917,214197,269,274,280,0.7777777777777778,213284,214007,214107,214287,0,0.0,False,False
2836,118_00751,118,751,360.0,213643,213917,214197,214468,274,280,271,0.7527777777777778,213553,214287,214378,214558,0,0.0,False,False
2837,118_00752,118,752,360.0,213917,214197,214468,214744,280,271,276,0.7666666666666667,213827,214558,214654,214834,0,0.0,False,False
2838,118_00753,118,753,360.0,214197,214468,214744,215023,271,276,279,0.775,214107,214834,214933,215113,0,0.0,False,False
2839,118_00754,118,754,360.0,214468,214744,215023,215302,276,279,279,0.775,214378,215113,215212,215392,0,0.0,False,False
2840,118_00755,118,755,360.0,214744,215023,215302,215586,279,279,284,0.7888888888888889,214654,215392,215496,215676,0,0.0,False,False
2841,118_00756,118,756,360.0,215023,215302,215586,215862,279,284,276,0.7666666666666667,214933,215676,215772,215952,0,0.0,False,False
2842,118_00757,118,757,360.0,215302,215586,215862,216142,284,276,280,0.7777777777777778,215212,215952,216052,216232,0,0.0,False,False
2843,118_00758,118,758,360.0,215586,215862,216142,216422,276,280,280,0.7777777777777778,215496,216232,216332,216512,0,0.0,False,False
2844,118_00759,118,759,360.0,215862,216142,216422,216701,280,280,279,0.775,215772,216512,216611,216791,0,0.0,False,False
2845,118_00760,118,760,360.0,216142,216422,216701,216981,280,279,280,0.7777777777777778,216052,216791,216891,217071,0,0.0,False,False
2846,118_00761,118,761,360.0,216422,216701,216981,217180,279,280,199,0.5527777777777778,216332,217071,217090,217270,0,0.0,False,False
2847,118_00762,118,762,360.0,216701,216981,217180,217486,280,199,306,0.85,216611,217270,217396,217576,0,0.0,False,False
2848,118_00763,118,763,360.0,216981,217180,217486,217763,199,306,277,0.7694444444444445,216891,217576,217673,217853,0,0.0,False,False
2849,118_00764,118,764,360.0,217180,217486,217763,218041,306,277,278,0.7722222222222223,217090,217853,217951,218131,0,0.0,False,False
2850,118_00765,118,765,360.0,217486,217763,218041,218318,277,278,277,0.7694444444444445,217396,218131,218228,218408,0,0.0,False,False
2851,118_00766,118,766,360.0,217763,218041,218318,218593,278,277,275,0.7638888888888888,217673,218408,218503,218683,0,0.0,False,False
2852,118_00767,118,767,360.0,218041,218318,218593,218860,277,275,267,0.7416666666666667,217951,218683,218770,218950,0,0.0,False,False
2853,118_00768,118,768,360.0,218318,218593,218860,219137,275,267,277,0.7694444444444445,218228,218950,219047,219227,0,0.0,False,False
2854,118_00769,118,769,360.0,218593,218860,219137,219410,267,277,273,0.7583333333333333,218503,219227,219320,219500,0,0.0,False,False
2855,118_00770,118,770,360.0,218860,219137,219410,219682,277,273,272,0.7555555555555555,218770,219500,219592,219772,0,0.0,False,False
2856,118_00771,118,771,360.0,219137,219410,219682,219961,273,272,279,0.775,219047,219772,219871,220051,0,0.0,False,False
2857,118_00772,118,772,360.0,219410,219682,219961,220237,272,279,276,0.7666666666666667,219320,220051,220147,220327,0,0.0,False,False
2858,118_00773,118,773,360.0,219682,219961,220237,220507,279,276,270,0.75,219592,220327,220417,220597,0,0.0,False,False
2859,118_00774,118,774,360.0,219961,220237,220507,220782,276,270,275,0.7638888888888888,219871,220597,220692,220872,0,0.0,False,False
2860,118_00775,118,775,360.0,220237,220507,220782,221065,270,275,283,0.7861111111111111,220147,220872,220975,221155,0,0.0,False,False
2861,118_00776,118,776,360.0,220507,220782,221065,221331,275,283,266,0.7388888888888889,220417,221155,221241,221421,0,0.0,False,False
2862,118_00777,118,777,360.0,220782,221065,221331,221609,283,266,278,0.7722222222222223,220692,221421,221519,221699,0,0.0,False,False
2863,118_00778,118,778,360.0,221065,221331,221609,221883,266,278,274,0.7611111111111111,220975,221699,221793,221973,0,0.0,False,False
2864,118_00779,118,779,360.0,221331,221609,221883,222157,278,274,274,0.7611111111111111,221241,221973,222067,222247,0,0.0,False,False
2865,118_00780,118,780,360.0,221609,221883,222157,222426,274,274,269,0.7472222222222222,221519,222247,222336,222516,0,0.0,False,False
2866,118_00781,118,781,360.0,221883,222157,222426,222698,274,269,272,0.7555555555555555,221793,222516,222608,222788,0,0.0,False,False
2867,118_00782,118,782,360.0,222157,222426,222698,222973,269,272,275,0.7638888888888888,222067,222788,222883,223063,0,0.0,False,False
2868,118_00783,118,783,360.0,222426,222698,222973,223246,272,275,273,0.7583333333333333,222336,223063,223156,223336,0,0.0,False,False
2869,118_00784,118,784,360.0,222698,222973,223246,223521,275,273,275,0.7638888888888888,222608,223336,223431,223611,0,0.0,False,False
2870,118_00785,118,785,360.0,222973,223246,223521,223793,273,275,272,0.7555555555555555,222883,223611,223703,223883,0,0.0,False,False
2871,118_00786,118,786,360.0,223246,223521,223793,224067,275,272,274,0.7611111111111111,223156,223883,223977,224157,0,0.0,False,False
2872,118_00787,118,787,360.0,223521,223793,224067,224343,272,274,276,0.7666666666666667,223431,224157,224253,224433,0,0.0,False,False
2873,118_00788,118,788,360.0,223793,224067,224343,224617,274,276,274,0.7611111111111111,223703,224433,224527,224707,0,0.0,False,False
2874,118_00789,118,789,360.0,224067,224343,224617,224895,276,274,278,0.7722222222222223,223977,224707,224805,224985,0,0.0,False,False
2875,118_00790,118,790,360.0,224343,224617,224895,225166,274,278,271,0.7527777777777778,224253,224985,225076,225256,0,0.0,False,False
2876,118_00791,118,791,360.0,224617,224895,225166,225441,278,271,275,0.7638888888888888,224527,225256,225351,225531,0,0.0,False,False
2877,118_00792,118,792,360.0,224895,225166,225441,225715,271,275,274,0.7611111111111111,224805,225531,225625,225805,0,0.0,False,False
2878,118_00793,118,793,360.0,225166,225441,225715,226001,275,274,286,0.7944444444444444,225076,225805,225911,226091,0,0.0,False,False
2879,118_00794,118,794,360.0,225441,225715,226001,226272,274,286,271,0.7527777777777778,225351,226091,226182,226362,0,0.0,False,False
2880,118_00795,118,795,360.0,225715,226001,226272,226463,286,271,191,0.5305555555555556,225625,226362,226373,226553,0,0.0,False,False
2881,118_00796,118,796,360.0,226001,226272,226463,226767,271,191,304,0.8444444444444444,225911,226553,226677,226857,0,0.0,False,False
2882,118_00797,118,797,360.0,226272,226463,226767,227053,191,304,286,0.7944444444444444,226182,226857,226963,227143,0,0.0,False,False
2883,118_00798,118,798,360.0,226463,226767,227053,227324,304,286,271,0.7527777777777778,226373,227143,227234,227414,0,0.0,False,False
2884,118_00799,118,799,360.0,226767,227053,227324,227593,286,271,269,0.7472222222222222,226677,227414,227503,227683,0,0.0,False,False
2885,118_00800,118,800,360.0,227053,227324,227593,227866,271,269,273,0.7583333333333333,226963,227683,227776,227956,0,0.0,False,False
2886,118_00801,118,801,360.0,227324,227593,227866,228125,269,273,259,0.7194444444444444,227234,227956,228035,228215,0,0.0,False,False
2887,118_00802,118,802,360.0,227593,227866,228125,228396,273,259,271,0.7527777777777778,227503,228215,228306,228486,0,0.0,False,False
2888,118_00803,118,803,360.0,227866,228125,228396,228669,259,271,273,0.7583333333333333,227776,228486,228579,228759,0,0.0,False,False
2889,118_00804,118,804,360.0,228125,228396,228669,228946,271,273,277,0.7694444444444445,228035,228759,228856,229036,0,0.0,False,False
2890,118_00805,118,805,360.0,228396,228669,228946,229218,273,277,272,0.7555555555555555,228306,229036,229128,229308,0,0.0,False,False
2891,118_00806,118,806,360.0,228669,228946,229218,229495,277,272,277,0.7694444444444445,228579,229308,229405,229585,0,0.0,False,False
2892,118_00807,118,807,360.0,228946,229218,229495,229770,272,277,275,0.7638888888888888,228856,229585,229680,229860,0,0.0,False,False
2893,118_00808,118,808,360.0,229218,229495,229770,230045,277,275,275,0.7638888888888888,229128,229860,229955,230135,0,0.0,False,False
2894,118_00809,118,809,360.0,229495,229770,230045,230330,275,275,285,0.7916666666666666,229405,230135,230240,230420,0,0.0,False,False
2895,118_00810,118,810,360.0,229770,230045,230330,230602,275,285,272,0.7555555555555555,229680,230420,230512,230692,0,0.0,False,False
2896,118_00811,118,811,360.0,230045,230330,230602,230877,285,272,275,0.7638888888888888,229955,230692,230787,230967,0,0.0,False,False
2897,118_00812,118,812,360.0,230330,230602,230877,231154,272,275,277,0.7694444444444445,230240,230967,231064,231244,0,0.0,False,False
2898,118_00813,118,813,360.0,230602,230877,231154,231427,275,277,273,0.7583333333333333,230512,231244,231337,231517,0,0.0,False,False
2899,118_00814,118,814,360.0,230877,231154,231427,231699,277,273,272,0.7555555555555555,230787,231517,231609,231789,0,0.0,False,False
2900,118_00815,118,815,360.0,231154,231427,231699,231983,273,272,284,0.7888888888888889,231064,231789,231893,232073,0,0.0,False,False
2901,118_00816,118,816,360.0,231427,231699,231983,232255,272,284,272,0.7555555555555555,231337,232073,232165,232345,0,0.0,False,False
2902,118_00817,118,817,360.0,231699,231983,232255,232524,284,272,269,0.7472222222222222,231609,232345,232434,232614,0,0.0,False,False
2903,118_00818,118,818,360.0,231983,232255,232524,232803,272,269,279,0.775,231893,232614,232713,232893,0,0.0,False,False
2904,118_00819,118,819,360.0,232255,232524,232803,233080,269,279,277,0.7694444444444445,232165,232893,232990,233170,0,0.0,False,False
2905,118_00820,118,820,360.0,232524,232803,233080,233361,279,277,281,0.7805555555555556,232434,233170,233271,233451,0,0.0,False,False
2906,118_00821,118,821,360.0,232803,233080,233361,233625,277,281,264,0.7333333333333333,232713,233451,233535,233715,0,0.0,False,False
2907,118_00822,118,822,360.0,233080,233361,233625,233905,281,264,280,0.7777777777777778,232990,233715,233815,233995,0,0.0,False,False
2908,118_00823,118,823,360.0,233361,233625,233905,234188,264,280,283,0.7861111111111111,233271,233995,234098,234278,0,0.0,False,False
2909,118_00824,118,824,360.0,233625,233905,234188,234464,280,283,276,0.7666666666666667,233535,234278,234374,234554,0,0.0,False,False
2910,118_00825,118,825,360.0,233905,234188,234464,234753,283,276,289,0.8027777777777778,233815,234554,234663,234843,0,0.0,False,False
2911,118_00826,118,826,360.0,234188,234464,234753,234950,276,289,197,0.5472222222222223,234098,234843,234860,235040,0,0.0,False,False
2912,118_00827,118,827,360.0,234464,234753,234950,235257,289,197,307,0.8527777777777777,234374,235040,235167,235347,0,0.0,False,False
2913,118_00828,118,828,360.0,234753,234950,235257,235535,197,307,278,0.7722222222222223,234663,235347,235445,235625,0,0.0,False,False
2914,118_00829,118,829,360.0,234950,235257,235535,235819,307,278,284,0.7888888888888889,234860,235625,235729,235909,0,0.0,False,False
2915,118_00830,118,830,360.0,235257,235535,235819,236097,278,284,278,0.7722222222222223,235167,235909,236007,236187,0,0.0,False,False
2916,118_00831,118,831,360.0,235535,235819,236097,236376,284,278,279,0.775,235445,236187,236286,236466,0,0.0,False,False
2917,118_00832,118,832,360.0,235819,236097,236376,236650,278,279,274,0.7611111111111111,235729,236466,236560,236740,0,0.0,False,False
2918,118_00833,118,833,360.0,236097,236376,236650,236932,279,274,282,0.7833333333333333,236007,236740,236842,237022,0,0.0,False,False
2919,118_00834,118,834,360.0,236376,236650,236932,237216,274,282,284,0.7888888888888889,236286,237022,237126,237306,0,0.0,False,False
2920,118_00835,118,835,360.0,236650,236932,237216,237502,282,284,286,0.7944444444444444,236560,237306,237412,237592,0,0.0,False,False
2921,118_00836,118,836,360.0,236932,237216,237502,237789,284,286,287,0.7972222222222223,236842,237592,237699,237879,0,0.0,False,False
2922,118_00837,118,837,360.0,237216,237502,237789,238075,286,287,286,0.7944444444444444,237126,237879,237985,238165,0,0.0,False,False
2923,118_00838,118,838,360.0,237502,237789,238075,238361,287,286,286,0.7944444444444444,237412,238165,238271,238451,0,0.0,False,False
2924,118_00839,118,839,360.0,237789,238075,238361,238646,286,286,285,0.7916666666666666,237699,238451,238556,238736,0,0.0,False,False
2925,118_00840,118,840,360.0,238075,238361,238646,238944,286,285,298,0.8277777777777777,237985,238736,238854,239034,0,0.0,False,False
2926,118_00841,118,841,360.0,238361,238646,238944,239229,285,298,285,0.7916666666666666,238271,239034,239139,239319,0,0.0,False,False
2927,118_00842,118,842,360.0,238646,238944,239229,239424,298,285,195,0.5416666666666666,238556,239319,239334,239514,0,0.0,False,False
2928,118_00843,118,843,360.0,238944,239229,239424,239740,285,195,316,0.8777777777777778,238854,239514,239650,239830,0,0.0,False,False
2929,118_00844,118,844,360.0,239229,239424,239740,240025,195,316,285,0.7916666666666666,239139,239830,239935,240115,0,0.0,False,False
2930,118_00845,118,845,360.0,239424,239740,240025,240312,316,285,287,0.7972222222222223,239334,240115,240222,240402,0,0.0,False,False
2931,118_00846,118,846,360.0,239740,240025,240312,240529,285,287,217,0.6027777777777777,239650,240402,240439,240619,0,0.0,False,False
2932,118_00847,118,847,360.0,240025,240312,240529,240878,287,217,349,0.9694444444444444,239935,240619,240788,240968,0,0.0,False,False
2933,118_00848,118,848,360.0,240312,240529,240878,241173,217,349,295,0.8194444444444444,240222,240968,241083,241263,0,0.0,False,False
2934,118_00849,118,849,360.0,240529,240878,241173,241473,349,295,300,0.8333333333333334,240439,241263,241383,241563,0,0.0,False,False
2935,118_00850,118,850,360.0,240878,241173,241473,241777,295,300,304,0.8444444444444444,240788,241563,241687,241867,0,0.0,False,False
2936,118_00851,118,851,360.0,241173,241473,241777,242075,300,304,298,0.8277777777777777,241083,241867,241985,242165,0,0.0,False,False
2937,118_00852,118,852,360.0,241473,241777,242075,242384,304,298,309,0.8583333333333333,241383,242165,242294,242474,0,0.0,False,False
2938,118_00853,118,853,360.0,241777,242075,242384,242686,298,309,302,0.8388888888888889,241687,242474,242596,242776,0,0.0,False,False
2939,118_00854,118,854,360.0,242075,242384,242686,242996,309,302,310,0.8611111111111112,241985,242776,242906,243086,0,0.0,False,False
2940,118_00855,118,855,360.0,242384,242686,242996,243313,302,310,317,0.8805555555555555,242294,243086,243223,243403,0,0.0,False,False
2941,118_00856,118,856,360.0,242686,242996,243313,243618,310,317,305,0.8472222222222222,242596,243403,243528,243708,0,0.0,False,False
2942,118_00857,118,857,360.0,242996,243313,243618,243934,317,305,316,0.8777777777777778,242906,243708,243844,244024,0,0.0,False,False
2943,118_00858,118,858,360.0,243313,243618,243934,244242,305,316,308,0.8555555555555555,243223,244024,244152,244332,0,0.0,False,False
2944,118_00859,118,859,360.0,243618,243934,244242,244545,316,308,303,0.8416666666666667,243528,244332,244455,244635,0,0.0,False,False
2945,118_00860,118,860,360.0,243934,244242,244545,244863,308,303,318,0.8833333333333333,243844,244635,244773,244953,0,0.0,False,False
2946,118_00861,118,861,360.0,244242,244545,244863,245173,303,318,310,0.8611111111111112,244152,244953,245083,245263,0,0.0,False,False
2947,118_00862,118,862,360.0,244545,244863,245173,245473,318,310,300,0.8333333333333334,244455,245263,245383,245563,0,0.0,False,False
2948,118_00863,118,863,360.0,244863,245173,245473,245785,310,300,312,0.8666666666666667,244773,245563,245695,245875,0,0.0,False,False
2949,118_00864,118,864,360.0,245173,245473,245785,246091,300,312,306,0.85,245083,245875,246001,246181,0,0.0,False,False
2950,118_00865,118,865,360.0,245473,245785,246091,246389,312,306,298,0.8277777777777777,245383,246181,246299,246479,0,0.0,False,False
2951,118_00866,118,866,360.0,245785,246091,246389,246693,306,298,304,0.8444444444444444,245695,246479,246603,246783,0,0.0,False,False
2952,118_00867,118,867,360.0,246091,246389,246693,246993,298,304,300,0.8333333333333334,246001,246783,246903,247083,0,0.0,False,False
2953,118_00868,118,868,360.0,246389,246693,246993,247287,304,300,294,0.8166666666666667,246299,247083,247197,247377,0,0.0,False,False
2954,118_00869,118,869,360.0,246693,246993,247287,247587,300,294,300,0.8333333333333334,246603,247377,247497,247677,0,0.0,False,False
2955,118_00870,118,870,360.0,246993,247287,247587,247889,294,300,302,0.8388888888888889,246903,247677,247799,247979,0,0.0,False,False
2956,118_00871,118,871,360.0,247287,247587,247889,248187,300,302,298,0.8277777777777777,247197,247979,248097,248277,0,0.0,False,False
2957,118_00872,118,872,360.0,247587,247889,248187,248481,302,298,294,0.8166666666666667,247497,248277,248391,248571,0,0.0,False,False
2958,118_00873,118,873,360.0,247889,248187,248481,248784,298,294,303,0.8416666666666667,247799,248571,248694,248874,0,0.0,False,False
2959,118_00874,118,874,360.0,248187,248481,248784,249097,294,303,313,0.8694444444444445,248097,248874,249007,249187,0,0.0,False,False
2960,118_00875,118,875,360.0,248481,248784,249097,249408,303,313,311,0.8638888888888889,248391,249187,249318,249498,0,0.0,False,False
2961,118_00876,118,876,360.0,248784,249097,249408,249721,313,311,313,0.8694444444444445,248694,249498,249631,249811,0,0.0,False,False
2962,118_00877,118,877,360.0,249097,249408,249721,250043,311,313,322,0.8944444444444445,249007,249811,249953,250133,0,0.0,False,False
2963,118_00878,118,878,360.0,249408,249721,250043,250362,313,322,319,0.8861111111111111,249318,250133,250272,250452,0,0.0,False,False
2964,118_00879,118,879,360.0,249721,250043,250362,250677,322,319,315,0.875,249631,250452,250587,250767,0,0.0,False,False
2965,118_00880,118,880,360.0,250043,250362,250677,250998,319,315,321,0.8916666666666667,249953,250767,250908,251088,0,0.0,False,False
2966,118_00881,118,881,360.0,250362,250677,250998,251315,315,321,317,0.8805555555555555,250272,251088,251225,251405,0,0.0,False,False
2967,118_00882,118,882,360.0,250677,250998,251315,251628,321,317,313,0.8694444444444445,250587,251405,251538,251718,0,0.0,False,False
2968,118_00883,118,883,360.0,250998,251315,251628,251946,317,313,318,0.8833333333333333,250908,251718,251856,252036,0,0.0,False,False
2969,118_00884,118,884,360.0,251315,251628,251946,252253,313,318,307,0.8527777777777777,251225,252036,252163,252343,0,0.0,False,False
2970,118_00885,118,885,360.0,251628,251946,252253,252563,318,307,310,0.8611111111111112,251538,252343,252473,252653,0,0.0,False,False
2971,118_00886,118,886,360.0,251946,252253,252563,252873,307,310,310,0.8611111111111112,251856,252653,252783,252963,0,0.0,False,False
2972,118_00887,118,887,360.0,252253,252563,252873,253169,310,310,296,0.8222222222222222,252163,252963,253079,253259,0,0.0,False,False
2973,118_00888,118,888,360.0,252563,252873,253169,253370,310,296,201,0.5583333333333333,252473,253259,253280,253460,0,0.0,False,False
2974,118_00889,118,889,360.0,252873,253169,253370,253715,296,201,345,0.9583333333333334,252783,253460,253625,253805,0,0.0,False,False
2975,118_00890,118,890,360.0,253169,253370,253715,254020,201,345,305,0.8472222222222222,253079,253805,253930,254110,0,0.0,False,False
2976,118_00891,118,891,360.0,253370,253715,254020,254329,345,305,309,0.8583333333333333,253280,254110,254239,254419,0,0.0,False,False
2977,118_00892,118,892,360.0,253715,254020,254329,254644,305,309,315,0.875,253625,254419,254554,254734,0,0.0,False,False
2978,118_00893,118,893,360.0,254020,254329,254644,254954,309,315,310,0.8611111111111112,253930,254734,254864,255044,0,0.0,False,False
2979,118_00894,118,894,360.0,254329,254644,254954,255276,315,310,322,0.8944444444444445,254239,255044,255186,255366,0,0.0,False,False
2980,118_00895,118,895,360.0,254644,254954,255276,255600,310,322,324,0.9,254554,255366,255510,255690,0,0.0,False,False
2981,118_00896,118,896,360.0,254954,255276,255600,255916,322,324,316,0.8777777777777778,254864,255690,255826,256006,0,0.0,False,False
2982,118_00897,118,897,360.0,255276,255600,255916,256232,324,316,316,0.8777777777777778,255186,256006,256142,256322,0,0.0,False,False
2983,118_00898,118,898,360.0,255600,255916,256232,256549,316,316,317,0.8805555555555555,255510,256322,256459,256639,0,0.0,False,False
2984,118_00899,118,899,360.0,255916,256232,256549,256866,316,317,317,0.8805555555555555,255826,256639,256776,256956,0,0.0,False,False
2985,118_00900,118,900,360.0,256232,256549,256866,257184,317,317,318,0.8833333333333333,256142,256956,257094,257274,0,0.0,False,False
2986,118_00901,118,901,360.0,256549,256866,257184,257491,317,318,307,0.8527777777777777,256459,257274,257401,257581,0,0.0,False,False
2987,118_00902,118,902,360.0,256866,257184,257491,257805,318,307,314,0.8722222222222222,256776,257581,257715,257895,0,0.0,False,False
2988,118_00903,118,903,360.0,257184,257491,257805,258118,307,314,313,0.8694444444444445,257094,257895,258028,258208,0,0.0,False,False
2989,118_00904,118,904,360.0,257491,257805,258118,258430,314,313,312,0.8666666666666667,257401,258208,258340,258520,0,0.0,False,False
2990,118_00905,118,905,360.0,257805,258118,258430,258747,313,312,317,0.8805555555555555,257715,258520,258657,258837,0,0.0,False,False
2991,118_00906,118,906,360.0,258118,258430,258747,259057,312,317,310,0.8611111111111112,258028,258837,258967,259147,0,0.0,False,False
2992,118_00907,118,907,360.0,258430,258747,259057,259366,317,310,309,0.8583333333333333,258340,259147,259276,259456,0,0.0,False,False
2993,118_00908,118,908,360.0,258747,259057,259366,259682,310,309,316,0.8777777777777778,258657,259456,259592,259772,0,0.0,False,False
2994,118_00909,118,909,360.0,259057,259366,259682,259987,309,316,305,0.8472222222222222,258967,259772,259897,260077,0,0.0,False,False
2995,118_00910,118,910,360.0,259366,259682,259987,260291,316,305,304,0.8444444444444444,259276,260077,260201,260381,0,0.0,False,False
2996,118_00911,118,911,360.0,259682,259987,260291,260598,305,304,307,0.8527777777777777,259592,260381,260508,260688,0,0.0,False,False
2997,118_00912,118,912,360.0,259987,260291,260598,260899,304,307,301,0.8361111111111111,259897,260688,260809,260989,0,0.0,False,False
2998,118_00913,118,913,360.0,260291,260598,260899,261121,307,301,222,0.6166666666666667,260201,260989,261031,261211,0,0.0,False,False
2999,118_00914,118,914,360.0,260598,260899,261121,261481,301,222,360,1.0,260508,261211,261391,261571,0,0.0,False,False
3000,118_00915,118,915,360.0,260899,261121,261481,261780,222,360,299,0.8305555555555556,260809,261571,261690,261870,0,0.0,False,False
3001,118_00916,118,916,360.0,261121,261481,261780,262084,360,299,304,0.8444444444444444,261031,261870,261994,262174,0,0.0,False,False
3002,118_00917,118,917,360.0,261481,261780,262084,262388,299,304,304,0.8444444444444444,261391,262174,262298,262478,0,0.0,False,False
3003,118_00918,118,918,360.0,261780,262084,262388,262594,304,304,206,0.5722222222222222,261690,262478,262504,262684,0,0.0,False,False
3004,118_00919,118,919,360.0,262084,262388,262594,262921,304,206,327,0.9083333333333333,261994,262684,262831,263011,0,0.0,False,False
3005,118_00920,118,920,360.0,262388,262594,262921,263216,206,327,295,0.8194444444444444,262298,263011,263126,263306,0,0.0,False,False
3006,118_00921,118,921,360.0,262594,262921,263216,263414,327,295,198,0.55,262504,263306,263324,263504,0,0.0,False,False
3007,118_00922,118,922,360.0,262921,263216,263414,263733,295,198,319,0.8861111111111111,262831,263504,263643,263823,0,0.0,False,False
3008,118_00923,118,923,360.0,263216,263414,263733,263961,198,319,228,0.6333333333333333,263126,263823,263871,264051,0,0.0,False,False
3009,118_00924,118,924,360.0,263414,263733,263961,264290,319,228,329,0.9138888888888889,263324,264051,264200,264380,0,0.0,False,False
3010,118_00925,118,925,360.0,263733,263961,264290,264579,228,329,289,0.8027777777777778,263643,264380,264489,264669,0,0.0,False,False
3011,118_00926,118,926,360.0,263961,264290,264579,264862,329,289,283,0.7861111111111111,263871,264669,264772,264952,0,0.0,False,False
3012,118_00927,118,927,360.0,264290,264579,264862,265138,289,283,276,0.7666666666666667,264200,264952,265048,265228,0,0.0,False,False
3013,118_00928,118,928,360.0,264579,264862,265138,265425,283,276,287,0.7972222222222223,264489,265228,265335,265515,0,0.0,False,False
3014,118_00929,118,929,360.0,264862,265138,265425,265702,276,287,277,0.7694444444444445,264772,265515,265612,265792,0,0.0,False,False
3015,118_00930,118,930,360.0,265138,265425,265702,265980,287,277,278,0.7722222222222223,265048,265792,265890,266070,0,0.0,False,False
3016,118_00931,118,931,360.0,265425,265702,265980,266252,277,278,272,0.7555555555555555,265335,266070,266162,266342,0,0.0,False,False
3017,118_00932,118,932,360.0,265702,265980,266252,266535,278,272,283,0.7861111111111111,265612,266342,266445,266625,0,0.0,False,False
3018,118_00933,118,933,360.0,265980,266252,266535,266808,272,283,273,0.7583333333333333,265890,266625,266718,266898,0,0.0,False,False
3019,118_00934,118,934,360.0,266252,266535,266808,267083,283,273,275,0.7638888888888888,266162,266898,266993,267173,0,0.0,False,False
3020,118_00935,118,935,360.0,266535,266808,267083,267368,273,275,285,0.7916666666666666,266445,267173,267278,267458,0,0.0,False,False
3021,118_00936,118,936,360.0,266808,267083,267368,267642,275,285,274,0.7611111111111111,266718,267458,267552,267732,0,0.0,False,False
3022,118_00937,118,937,360.0,267083,267368,267642,268180,285,274,538,1.4944444444444445,266993,267732,268090,268270,0,0.0,False,False
3023,118_00938,118,938,360.0,267368,267642,268180,268455,274,538,275,0.7638888888888888,267278,268270,268365,268545,0,0.0,False,False
3024,118_00939,118,939,360.0,267642,268180,268455,268720,538,275,265,0.7361111111111112,267552,268545,268630,268810,0,0.0,False,False
3025,118_00940,118,940,360.0,268180,268455,268720,268990,275,265,270,0.75,268090,268810,268900,269080,0,0.0,False,False
3026,118_00941,118,941,360.0,268455,268720,268990,269217,265,270,227,0.6305555555555555,268365,269080,269127,269307,0,0.0,False,False
3027,118_00942,118,942,360.0,268720,268990,269217,269511,270,227,294,0.8166666666666667,268630,269307,269421,269601,0,0.0,False,False
3028,118_00943,118,943,360.0,268990,269217,269511,269779,227,294,268,0.7444444444444445,268900,269601,269689,269869,0,0.0,False,False
3029,118_00944,118,944,360.0,269217,269511,269779,270050,294,268,271,0.7527777777777778,269127,269869,269960,270140,0,0.0,False,False
3030,118_00945,118,945,360.0,269511,269779,270050,270317,268,271,267,0.7416666666666667,269421,270140,270227,270407,0,0.0,False,False
3031,118_00946,118,946,360.0,269779,270050,270317,270586,271,267,269,0.7472222222222222,269689,270407,270496,270676,0,0.0,False,False
3032,118_00947,118,947,360.0,270050,270317,270586,270856,267,269,270,0.75,269960,270676,270766,270946,0,0.0,False,False
3033,118_00948,118,948,360.0,270317,270586,270856,271122,269,270,266,0.7388888888888889,270227,270946,271032,271212,0,0.0,False,False
3034,118_00949,118,949,360.0,270586,270856,271122,271396,270,266,274,0.7611111111111111,270496,271212,271306,271486,0,0.0,False,False
3035,118_00950,118,950,360.0,270856,271122,271396,271667,266,274,271,0.7527777777777778,270766,271486,271577,271757,0,0.0,False,False
3036,118_00951,118,951,360.0,271122,271396,271667,271933,274,271,266,0.7388888888888889,271032,271757,271843,272023,0,0.0,False,False
3037,118_00952,118,952,360.0,271396,271667,271933,272193,271,266,260,0.7222222222222222,271306,272023,272103,272283,0,0.0,False,False
3038,118_00953,118,953,360.0,271667,271933,272193,272413,266,260,220,0.6111111111111112,271577,272283,272323,272503,0,0.0,False,False
3039,118_00954,118,954,360.0,271933,272193,272413,272712,260,220,299,0.8305555555555556,271843,272503,272622,272802,0,0.0,False,False
3040,118_00955,118,955,360.0,272193,272413,272712,272976,220,299,264,0.7333333333333333,272103,272802,272886,273066,0,0.0,False,False
3041,118_00956,118,956,360.0,272413,272712,272976,273246,299,264,270,0.75,272323,273066,273156,273336,0,0.0,False,False
3042,118_00957,118,957,360.0,272712,272976,273246,273516,264,270,270,0.75,272622,273336,273426,273606,0,0.0,False,False
3043,118_00958,118,958,360.0,272976,273246,273516,273777,270,270,261,0.725,272886,273606,273687,273867,0,0.0,False,False
3044,118_00959,118,959,360.0,273246,273516,273777,273967,270,261,190,0.5277777777777778,273156,273867,273877,274057,0,0.0,False,False
3045,118_00960,118,960,360.0,273516,273777,273967,274271,261,190,304,0.8444444444444444,273426,274057,274181,274361,0,0.0,False,False
3046,118_00961,118,961,360.0,273777,273967,274271,274538,190,304,267,0.7416666666666667,273687,274361,274448,274628,0,0.0,False,False
3047,118_00962,118,962,360.0,273967,274271,274538,274806,304,267,268,0.7444444444444445,273877,274628,274716,274896,0,0.0,False,False
3048,118_00963,118,963,360.0,274271,274538,274806,275067,267,268,261,0.725,274181,274896,274977,275157,0,0.0,False,False
3049,118_00964,118,964,360.0,274538,274806,275067,275339,268,261,272,0.7555555555555555,274448,275157,275249,275429,0,0.0,False,False
3050,118_00965,118,965,360.0,274806,275067,275339,275546,261,272,207,0.575,274716,275429,275456,275636,0,0.0,False,False
3051,118_00966,118,966,360.0,275067,275339,275546,275853,272,207,307,0.8527777777777777,274977,275636,275763,275943,0,0.0,False,False
3052,118_00967,118,967,360.0,275339,275546,275853,276126,207,307,273,0.7583333333333333,275249,275943,276036,276216,0,0.0,False,False
3053,118_00968,118,968,360.0,275546,275853,276126,276398,307,273,272,0.7555555555555555,275456,276216,276308,276488,0,0.0,False,False
3054,118_00969,118,969,360.0,275853,276126,276398,276666,273,272,268,0.7444444444444445,275763,276488,276576,276756,0,0.0,False,False
3055,118_00970,118,970,360.0,276126,276398,276666,276932,272,268,266,0.7388888888888889,276036,276756,276842,277022,0,0.0,False,False
3056,118_00971,118,971,360.0,276398,276666,276932,277191,268,266,259,0.7194444444444444,276308,277022,277101,277281,0,0.0,False,False
3057,118_00972,118,972,360.0,276666,276932,277191,277460,266,259,269,0.7472222222222222,276576,277281,277370,277550,0,0.0,False,False
3058,118_00973,118,973,360.0,276932,277191,277460,277682,259,269,222,0.6166666666666667,276842,277550,277592,277772,0,0.0,False,False
3059,118_00974,118,974,360.0,277191,277460,277682,277974,269,222,292,0.8111111111111111,277101,277772,277884,278064,0,0.0,False,False
3060,118_00975,118,975,360.0,277460,277682,277974,278238,222,292,264,0.7333333333333333,277370,278064,278148,278328,0,0.0,False,False
3061,118_00976,118,976,360.0,277682,277974,278238,278496,292,264,258,0.7166666666666667,277592,278328,278406,278586,0,0.0,False,False
3062,118_00977,118,977,360.0,277974,278238,278496,278758,264,258,262,0.7277777777777777,277884,278586,278668,278848,0,0.0,False,False
3063,118_00978,118,978,360.0,278238,278496,278758,279014,258,262,256,0.7111111111111111,278148,278848,278924,279104,0,0.0,False,False
3064,118_00979,118,979,360.0,278496,278758,279014,279247,262,256,233,0.6472222222222223,278406,279104,279157,279337,0,0.0,False,False
3065,118_00980,118,980,360.0,278758,279014,279247,279535,256,233,288,0.8,278668,279337,279445,279625,0,0.0,False,False
3066,118_00981,118,981,360.0,279014,279247,279535,279801,233,288,266,0.7388888888888889,278924,279625,279711,279891,0,0.0,False,False
3067,118_00982,118,982,360.0,279247,279535,279801,280069,288,266,268,0.7444444444444445,279157,279891,279979,280159,0,0.0,False,False
3068,118_00983,118,983,360.0,279535,279801,280069,280349,266,268,280,0.7777777777777778,279445,280159,280259,280439,0,0.0,False,False
3069,118_00984,118,984,360.0,279801,280069,280349,280617,268,280,268,0.7444444444444445,279711,280439,280527,280707,0,0.0,False,False
3070,118_00985,118,985,360.0,280069,280349,280617,280893,280,268,276,0.7666666666666667,279979,280707,280803,280983,0,0.0,False,False
3071,118_00986,118,986,360.0,280349,280617,280893,281168,268,276,275,0.7638888888888888,280259,280983,281078,281258,0,0.0,False,False
3072,118_00987,118,987,360.0,280617,280893,281168,281439,276,275,271,0.7527777777777778,280527,281258,281349,281529,0,0.0,False,False
3073,118_00988,118,988,360.0,280893,281168,281439,281717,275,271,278,0.7722222222222223,280803,281529,281627,281807,0,0.0,False,False
3074,118_00989,118,989,360.0,281168,281439,281717,282003,271,278,286,0.7944444444444444,281078,281807,281913,282093,0,0.0,False,False
3075,118_00990,118,990,360.0,281439,281717,282003,282289,278,286,286,0.7944444444444444,281349,282093,282199,282379,0,0.0,False,False
3076,118_00991,118,991,360.0,281717,282003,282289,282568,286,286,279,0.775,281627,282379,282478,282658,0,0.0,False,False
3077,118_00992,118,992,360.0,282003,282289,282568,282853,286,279,285,0.7916666666666666,281913,282658,282763,282943,0,0.0,False,False
3078,118_00993,118,993,360.0,282289,282568,282853,283144,279,285,291,0.8083333333333333,282199,282943,283054,283234,0,0.0,False,False
3079,118_00994,118,994,360.0,282568,282853,283144,283432,285,291,288,0.8,282478,283234,283342,283522,0,0.0,False,False
3080,118_00995,118,995,360.0,282853,283144,283432,283722,291,288,290,0.8055555555555556,282763,283522,283632,283812,0,0.0,False,False
3081,118_00996,118,996,360.0,283144,283432,283722,284006,288,290,284,0.7888888888888889,283054,283812,283916,284096,0,0.0,False,False
3082,118_00997,118,997,360.0,283432,283722,284006,284295,290,284,289,0.8027777777777778,283342,284096,284205,284385,0,0.0,False,False
3083,118_00998,118,998,360.0,283722,284006,284295,284582,284,289,287,0.7972222222222223,283632,284385,284492,284672,0,0.0,False,False
3084,118_00999,118,999,360.0,284006,284295,284582,284865,289,287,283,0.7861111111111111,283916,284672,284775,284955,0,0.0,False,False
3085,118_01000,118,1000,360.0,284295,284582,284865,285154,287,283,289,0.8027777777777778,284205,284955,285064,285244,0,0.0,False,False
3086,118_01001,118,1001,360.0,284582,284865,285154,285449,283,289,295,0.8194444444444444,284492,285244,285359,285539,0,0.0,False,False
3087,118_01002,118,1002,360.0,284865,285154,285449,285732,289,295,283,0.7861111111111111,284775,285539,285642,285822,0,0.0,False,False
3088,118_01003,118,1003,360.0,285154,285449,285732,286016,295,283,284,0.7888888888888889,285064,285822,285926,286106,0,0.0,False,False
3089,118_01004,118,1004,360.0,285449,285732,286016,286313,283,284,297,0.825,285359,286106,286223,286403,0,0.0,False,False
3090,118_01005,118,1005,360.0,285732,286016,286313,286528,284,297,215,0.5972222222222222,285642,286403,286438,286618,0,0.0,False,False
3091,118_01006,118,1006,360.0,286016,286313,286528,286837,297,215,309,0.8583333333333333,285926,286618,286747,286927,0,0.0,False,False
3092,118_01007,118,1007,360.0,286313,286528,286837,287137,215,309,300,0.8333333333333334,286223,286927,287047,287227,0,0.0,False,False
3093,118_01008,118,1008,360.0,286528,286837,287137,287433,309,300,296,0.8222222222222222,286438,287227,287343,287523,0,0.0,False,False
3094,118_01009,118,1009,360.0,286837,287137,287433,287725,300,296,292,0.8111111111111111,286747,287523,287635,287815,0,0.0,False,False
3095,118_01010,118,1010,360.0,287137,287433,287725,288017,296,292,292,0.8111111111111111,287047,287815,287927,288107,0,0.0,False,False
3096,118_01011,118,1011,360.0,287433,287725,288017,288312,292,292,295,0.8194444444444444,287343,288107,288222,288402,0,0.0,False,False
3097,118_01012,118,1012,360.0,287725,288017,288312,288600,292,295,288,0.8,287635,288402,288510,288690,0,0.0,False,False
3098,118_01013,118,1013,360.0,288017,288312,288600,288896,295,288,296,0.8222222222222222,287927,288690,288806,288986,0,0.0,False,False
3099,118_01014,118,1014,360.0,288312,288600,288896,289193,288,296,297,0.825,288222,288986,289103,289283,0,0.0,False,False
3100,118_01015,118,1015,360.0,288600,288896,289193,289490,296,297,297,0.825,288510,289283,289400,289580,0,0.0,False,False
3101,118_01016,118,1016,360.0,288896,289193,289490,289793,297,297,303,0.8416666666666667,288806,289580,289703,289883,0,0.0,False,False
3102,118_01017,118,1017,360.0,289193,289490,289793,290085,297,303,292,0.8111111111111111,289103,289883,289995,290175,0,0.0,False,False
3103,118_01018,118,1018,360.0,289490,289793,290085,290382,303,292,297,0.825,289400,290175,290292,290472,0,0.0,False,False
3104,118_01019,118,1019,360.0,289793,290085,290382,290680,292,297,298,0.8277777777777777,289703,290472,290590,290770,0,0.0,False,False
3105,118_01020,118,1020,360.0,290085,290382,290680,290975,297,298,295,0.8194444444444444,289995,290770,290885,291065,0,0.0,False,False
3106,118_01021,118,1021,360.0,290382,290680,290975,291273,298,295,298,0.8277777777777777,290292,291065,291183,291363,0,0.0,False,False
3107,118_01022,118,1022,360.0,290680,290975,291273,291562,295,298,289,0.8027777777777778,290590,291363,291472,291652,0,0.0,False,False
3108,118_01023,118,1023,360.0,290975,291273,291562,291846,298,289,284,0.7888888888888889,290885,291652,291756,291936,0,0.0,False,False
3109,118_01024,118,1024,360.0,291273,291562,291846,292070,289,284,224,0.6222222222222222,291183,291936,291980,292160,0,0.0,False,False
3110,118_01025,118,1025,360.0,291562,291846,292070,292367,284,224,297,0.825,291472,292160,292277,292457,0,0.0,False,False
3111,118_01026,118,1026,360.0,291846,292070,292367,292649,224,297,282,0.7833333333333333,291756,292457,292559,292739,0,0.0,False,False
3112,118_01027,118,1027,360.0,292070,292367,292649,292922,297,282,273,0.7583333333333333,291980,292739,292832,293012,0,0.0,False,False
3113,118_01028,118,1028,360.0,292367,292649,292922,293206,282,273,284,0.7888888888888889,292277,293012,293116,293296,0,0.0,False,False
3114,118_01029,118,1029,360.0,292649,292922,293206,293481,273,284,275,0.7638888888888888,292559,293296,293391,293571,0,0.0,False,False
3115,118_01030,118,1030,360.0,292922,293206,293481,293758,284,275,277,0.7694444444444445,292832,293571,293668,293848,0,0.0,False,False
3116,118_01031,118,1031,360.0,293206,293481,293758,294045,275,277,287,0.7972222222222223,293116,293848,293955,294135,0,0.0,False,False
3117,118_01032,118,1032,360.0,293481,293758,294045,294330,277,287,285,0.7916666666666666,293391,294135,294240,294420,0,0.0,False,False
3118,118_01033,118,1033,360.0,293758,294045,294330,294612,287,285,282,0.7833333333333333,293668,294420,294522,294702,0,0.0,False,False
3119,118_01034,118,1034,360.0,294045,294330,294612,294898,285,282,286,0.7944444444444444,293955,294702,294808,294988,0,0.0,False,False
3120,118_01035,118,1035,360.0,294330,294612,294898,295193,282,286,295,0.8194444444444444,294240,294988,295103,295283,0,0.0,False,False
3121,118_01036,118,1036,360.0,294612,294898,295193,295478,286,295,285,0.7916666666666666,294522,295283,295388,295568,0,0.0,False,False
3122,118_01037,118,1037,360.0,294898,295193,295478,295769,295,285,291,0.8083333333333333,294808,295568,295679,295859,0,0.0,False,False
3123,118_01038,118,1038,360.0,295193,295478,295769,296057,285,291,288,0.8,295103,295859,295967,296147,0,0.0,False,False
3124,118_01039,118,1039,360.0,295478,295769,296057,296343,291,288,286,0.7944444444444444,295388,296147,296253,296433,0,0.0,False,False
3125,118_01040,118,1040,360.0,295769,296057,296343,296640,288,286,297,0.825,295679,296433,296550,296730,0,0.0,False,False
3126,118_01041,118,1041,360.0,296057,296343,296640,296928,286,297,288,0.8,295967,296730,296838,297018,0,0.0,False,False
3127,118_01042,118,1042,360.0,296343,296640,296928,297222,297,288,294,0.8166666666666667,296253,297018,297132,297312,0,0.0,False,False
3128,118_01043,118,1043,360.0,296640,296928,297222,297515,288,294,293,0.8138888888888889,296550,297312,297425,297605,0,0.0,False,False
3129,118_01044,118,1044,360.0,296928,297222,297515,297805,294,293,290,0.8055555555555556,296838,297605,297715,297895,0,0.0,False,False
3130,118_01045,118,1045,360.0,297222,297515,297805,298107,293,290,302,0.8388888888888889,297132,297895,298017,298197,0,0.0,False,False
3131,118_01046,118,1046,360.0,297515,297805,298107,298402,290,302,295,0.8194444444444444,297425,298197,298312,298492,0,0.0,False,False
3132,118_01047,118,1047,360.0,297805,298107,298402,298695,302,295,293,0.8138888888888889,297715,298492,298605,298785,0,0.0,False,False
3133,118_01048,118,1048,360.0,298107,298402,298695,298993,295,293,298,0.8277777777777777,298017,298785,298903,299083,0,0.0,False,False
3134,118_01049,118,1049,360.0,298402,298695,298993,299288,293,298,295,0.8194444444444444,298312,299083,299198,299378,0,0.0,False,False
3135,118_01050,118,1050,360.0,298695,298993,299288,299580,298,295,292,0.8111111111111111,298605,299378,299490,299670,0,0.0,False,False
3136,118_01051,118,1051,360.0,298993,299288,299580,300145,295,292,565,1.5694444444444444,298903,299670,300055,300235,0,0.0,False,False
3137,118_01052,118,1052,360.0,299288,299580,300145,300468,292,565,323,0.8972222222222223,299198,300235,300378,300558,0,0.0,False,False
3138,118_01053,118,1053,360.0,299580,300145,300468,300778,565,323,310,0.8611111111111112,299490,300558,300688,300868,0,0.0,False,False
3139,118_01054,118,1054,360.0,300145,300468,300778,301089,323,310,311,0.8638888888888889,300055,300868,300999,301179,0,0.0,False,False
3140,118_01055,118,1055,360.0,300468,300778,301089,301381,310,311,292,0.8111111111111111,300378,301179,301291,301471,0,0.0,False,False
3141,118_01056,118,1056,360.0,300778,301089,301381,301668,311,292,287,0.7972222222222223,300688,301471,301578,301758,0,0.0,False,False
3142,118_01057,118,1057,360.0,301089,301381,301668,301958,292,287,290,0.8055555555555556,300999,301758,301868,302048,0,0.0,False,False
3143,118_01058,118,1058,360.0,301381,301668,301958,302242,287,290,284,0.7888888888888889,301291,302048,302152,302332,0,0.0,False,False
3144,118_01059,118,1059,360.0,301668,301958,302242,302533,290,284,291,0.8083333333333333,301578,302332,302443,302623,0,0.0,False,False
3145,118_01060,118,1060,360.0,301958,302242,302533,302823,284,291,290,0.8055555555555556,301868,302623,302733,302913,0,0.0,False,False
3146,118_01061,118,1061,360.0,302242,302533,302823,303108,291,290,285,0.7916666666666666,302152,302913,303018,303198,0,0.0,False,False
3147,118_01062,118,1062,360.0,302533,302823,303108,303395,290,285,287,0.7972222222222223,302443,303198,303305,303485,0,0.0,False,False
3148,118_01063,118,1063,360.0,302823,303108,303395,303676,285,287,281,0.7805555555555556,302733,303485,303586,303766,0,0.0,False,False
3149,118_01064,118,1064,360.0,303108,303395,303676,303960,287,281,284,0.7888888888888889,303018,303766,303870,304050,0,0.0,False,False
3150,118_01065,118,1065,360.0,303395,303676,303960,304244,281,284,284,0.7888888888888889,303305,304050,304154,304334,0,0.0,False,False
3151,118_01066,118,1066,360.0,303676,303960,304244,304524,284,284,280,0.7777777777777778,303586,304334,304434,304614,0,0.0,False,False
3152,118_01067,118,1067,360.0,303960,304244,304524,304796,284,280,272,0.7555555555555555,303870,304614,304706,304886,0,0.0,False,False
3153,118_01068,118,1068,360.0,304244,304524,304796,305077,280,272,281,0.7805555555555556,304154,304886,304987,305167,0,0.0,False,False
3154,118_01069,118,1069,360.0,304524,304796,305077,305354,272,281,277,0.7694444444444445,304434,305167,305264,305444,0,0.0,False,False
3155,118_01070,118,1070,360.0,304796,305077,305354,305576,281,277,222,0.6166666666666667,304706,305444,305486,305666,0,0.0,False,False
3156,118_01071,118,1071,360.0,305077,305354,305576,306016,277,222,440,1.2222222222222223,304987,305666,305926,306106,0,0.0,False,False
3157,118_01072,118,1072,360.0,305354,305576,306016,306322,222,440,306,0.85,305264,306106,306232,306412,0,0.0,False,False
3158,118_01073,118,1073,360.0,305576,306016,306322,306600,440,306,278,0.7722222222222223,305486,306412,306510,306690,0,0.0,False,False
3159,118_01074,118,1074,360.0,306016,306322,306600,306885,306,278,285,0.7916666666666666,305926,306690,306795,306975,0,0.0,False,False
3160,118_01075,118,1075,360.0,306322,306600,306885,307100,278,285,215,0.5972222222222222,306232,306975,307010,307190,0,0.0,False,False
3161,118_01076,118,1076,360.0,306600,306885,307100,307394,285,215,294,0.8166666666666667,306510,307190,307304,307484,0,0.0,False,False
3162,118_01077,118,1077,360.0,306885,307100,307394,307675,215,294,281,0.7805555555555556,306795,307484,307585,307765,0,0.0,False,False
3163,118_01078,118,1078,360.0,307100,307394,307675,307952,294,281,277,0.7694444444444445,307010,307765,307862,308042,0,0.0,False,False
3164,118_01079,118,1079,360.0,307394,307675,307952,308225,281,277,273,0.7583333333333333,307304,308042,308135,308315,0,0.0,False,False
3165,118_01080,118,1080,360.0,307675,307952,308225,308496,277,273,271,0.7527777777777778,307585,308315,308406,308586,0,0.0,False,False
3166,118_01081,118,1081,360.0,307952,308225,308496,308775,273,271,279,0.775,307862,308586,308685,308865,0,0.0,False,False
3167,118_01082,118,1082,360.0,308225,308496,308775,309048,271,279,273,0.7583333333333333,308135,308865,308958,309138,0,0.0,False,False
3168,118_01083,118,1083,360.0,308496,308775,309048,309318,279,273,270,0.75,308406,309138,309228,309408,0,0.0,False,False
3169,118_01084,118,1084,360.0,308775,309048,309318,309535,273,270,217,0.6027777777777777,308685,309408,309445,309625,0,0.0,False,False
3170,118_01085,118,1085,360.0,309048,309318,309535,309820,270,217,285,0.7916666666666666,308958,309625,309730,309910,0,0.0,False,False
3171,118_01086,118,1086,360.0,309318,309535,309820,310099,217,285,279,0.775,309228,309910,310009,310189,0,0.0,False,False
3172,118_01087,118,1087,360.0,309535,309820,310099,310382,285,279,283,0.7861111111111111,309445,310189,310292,310472,0,0.0,False,False
3173,118_01088,118,1088,360.0,309820,310099,310382,310657,279,283,275,0.7638888888888888,309730,310472,310567,310747,0,0.0,False,False
3174,118_01089,118,1089,360.0,310099,310382,310657,311151,283,275,494,1.3722222222222222,310009,310747,311061,311241,0,0.0,False,False
3175,118_01090,118,1090,360.0,310382,310657,311151,311455,275,494,304,0.8444444444444444,310292,311241,311365,311545,0,0.0,False,False
3176,118_01091,118,1091,360.0,310657,311151,311455,311734,494,304,279,0.775,310567,311545,311644,311824,0,0.0,False,False
3177,118_01092,118,1092,360.0,311151,311455,311734,312016,304,279,282,0.7833333333333333,311061,311824,311926,312106,0,0.0,False,False
3178,118_01093,118,1093,360.0,311455,311734,312016,312292,279,282,276,0.7666666666666667,311365,312106,312202,312382,0,0.0,False,False
3179,118_01094,118,1094,360.0,311734,312016,312292,312559,282,276,267,0.7416666666666667,311644,312382,312469,312649,0,0.0,False,False
3180,118_01095,118,1095,360.0,312016,312292,312559,312844,276,267,285,0.7916666666666666,311926,312649,312754,312934,0,0.0,False,False
3181,118_01096,118,1096,360.0,312292,312559,312844,313117,267,285,273,0.7583333333333333,312202,312934,313027,313207,0,0.0,False,False
3182,118_01097,118,1097,360.0,312559,312844,313117,313388,285,273,271,0.7527777777777778,312469,313207,313298,313478,0,0.0,False,False
3183,118_01098,118,1098,360.0,312844,313117,313388,313666,273,271,278,0.7722222222222223,312754,313478,313576,313756,0,0.0,False,False
3184,118_01099,118,1099,360.0,313117,313388,313666,313947,271,278,281,0.7805555555555556,313027,313756,313857,314037,0,0.0,False,False
3185,118_01100,118,1100,360.0,313388,313666,313947,314160,278,281,213,0.5916666666666667,313298,314037,314070,314250,0,0.0,False,False
3186,118_01101,118,1101,360.0,313666,313947,314160,314461,281,213,301,0.8361111111111111,313576,314250,314371,314551,0,0.0,False,False
3187,118_01102,118,1102,360.0,313947,314160,314461,314762,213,301,301,0.8361111111111111,313857,314551,314672,314852,0,0.0,False,False
3188,118_01103,118,1103,360.0,314160,314461,314762,315044,301,301,282,0.7833333333333333,314070,314852,314954,315134,0,0.0,False,False
3189,118_01104,118,1104,360.0,314461,314762,315044,315333,301,282,289,0.8027777777777778,314371,315134,315243,315423,0,0.0,False,False
3190,118_01105,118,1105,360.0,314762,315044,315333,315617,282,289,284,0.7888888888888889,314672,315423,315527,315707,0,0.0,False,False
3191,118_01106,118,1106,360.0,315044,315333,315617,315902,289,284,285,0.7916666666666666,314954,315707,315812,315992,0,0.0,False,False
3192,118_01107,118,1107,360.0,315333,315617,315902,316186,284,285,284,0.7888888888888889,315243,315992,316096,316276,0,0.0,False,False
3193,118_01108,118,1108,360.0,315617,315902,316186,316470,285,284,284,0.7888888888888889,315527,316276,316380,316560,0,0.0,False,False
3194,118_01109,118,1109,360.0,315902,316186,316470,316755,284,284,285,0.7916666666666666,315812,316560,316665,316845,0,0.0,False,False
3195,118_01110,118,1110,360.0,316186,316470,316755,317033,284,285,278,0.7722222222222223,316096,316845,316943,317123,0,0.0,False,False
3196,118_01111,118,1111,360.0,316470,316755,317033,317320,285,278,287,0.7972222222222223,316380,317123,317230,317410,0,0.0,False,False
3197,118_01112,118,1112,360.0,316755,317033,317320,317603,278,287,283,0.7861111111111111,316665,317410,317513,317693,0,0.0,False,False
3198,118_01113,118,1113,360.0,317033,317320,317603,317887,287,283,284,0.7888888888888889,316943,317693,317797,317977,0,0.0,False,False
3199,118_01114,118,1114,360.0,317320,317603,317887,318174,283,284,287,0.7972222222222223,317230,317977,318084,318264,0,0.0,False,False
3200,118_01115,118,1115,360.0,317603,317887,318174,318459,284,287,285,0.7916666666666666,317513,318264,318369,318549,0,0.0,False,False
3201,118_01116,118,1116,360.0,317887,318174,318459,318752,287,285,293,0.8138888888888889,317797,318549,318662,318842,0,0.0,False,False
3202,118_01117,118,1117,360.0,318174,318459,318752,319041,285,293,289,0.8027777777777778,318084,318842,318951,319131,0,0.0,False,False
3203,118_01118,118,1118,360.0,318459,318752,319041,319333,293,289,292,0.8111111111111111,318369,319131,319243,319423,0,0.0,False,False
3204,118_01119,118,1119,360.0,318752,319041,319333,319550,289,292,217,0.6027777777777777,318662,319423,319460,319640,0,0.0,False,False
3205,118_01120,118,1120,360.0,319041,319333,319550,319919,292,217,369,1.025,318951,319640,319829,320009,0,0.0,False,False
3206,118_01121,118,1121,360.0,319333,319550,319919,320241,217,369,322,0.8944444444444445,319243,320009,320151,320331,0,0.0,False,False
3207,118_01122,118,1122,360.0,319550,319919,320241,320550,369,322,309,0.8583333333333333,319460,320331,320460,320640,0,0.0,False,False
3208,118_01123,118,1123,360.0,319919,320241,320550,320863,322,309,313,0.8694444444444445,319829,320640,320773,320953,0,0.0,False,False
3209,118_01124,118,1124,360.0,320241,320550,320863,321161,309,313,298,0.8277777777777777,320151,320953,321071,321251,0,0.0,False,False
3210,118_01125,118,1125,360.0,320550,320863,321161,321454,313,298,293,0.8138888888888889,320460,321251,321364,321544,0,0.0,False,False
3211,118_01126,118,1126,360.0,320863,321161,321454,321755,298,293,301,0.8361111111111111,320773,321544,321665,321845,0,0.0,False,False
3212,118_01127,118,1127,360.0,321161,321454,321755,322043,293,301,288,0.8,321071,321845,321953,322133,0,0.0,False,False
3213,118_01128,118,1128,360.0,321454,321755,322043,322330,301,288,287,0.7972222222222223,321364,322133,322240,322420,0,0.0,False,False
3214,118_01129,118,1129,360.0,321755,322043,322330,322622,288,287,292,0.8111111111111111,321665,322420,322532,322712,0,0.0,False,False
3215,118_01130,118,1130,360.0,322043,322330,322622,322906,287,292,284,0.7888888888888889,321953,322712,322816,322996,0,0.0,False,False
3216,118_01131,118,1131,360.0,322330,322622,322906,323196,292,284,290,0.8055555555555556,322240,322996,323106,323286,0,0.0,False,False
3217,118_01132,118,1132,360.0,322622,322906,323196,323494,284,290,298,0.8277777777777777,322532,323286,323404,323584,0,0.0,False,False
3218,118_01133,118,1133,360.0,322906,323196,323494,323786,290,298,292,0.8111111111111111,322816,323584,323696,323876,0,0.0,False,False
3219,118_01134,118,1134,360.0,323196,323494,323786,324079,298,292,293,0.8138888888888889,323106,323876,323989,324169,0,0.0,False,False
3220,118_01135,118,1135,360.0,323494,323786,324079,324370,292,293,291,0.8083333333333333,323404,324169,324280,324460,0,0.0,False,False
3221,118_01136,118,1136,360.0,323786,324079,324370,324665,293,291,295,0.8194444444444444,323696,324460,324575,324755,0,0.0,False,False
3222,118_01137,118,1137,360.0,324079,324370,324665,324957,291,295,292,0.8111111111111111,323989,324755,324867,325047,0,0.0,False,False
3223,118_01138,118,1138,360.0,324370,324665,324957,325247,295,292,290,0.8055555555555556,324280,325047,325157,325337,0,0.0,False,False
3224,118_01139,118,1139,360.0,324665,324957,325247,325528,292,290,281,0.7805555555555556,324575,325337,325438,325618,0,0.0,False,False
3225,118_01140,118,1140,360.0,324957,325247,325528,325821,290,281,293,0.8138888888888889,324867,325618,325731,325911,0,0.0,False,False
3226,118_01141,118,1141,360.0,325247,325528,325821,326110,281,293,289,0.8027777777777778,325157,325911,326020,326200,0,0.0,False,False
3227,118_01142,118,1142,360.0,325528,325821,326110,326403,293,289,293,0.8138888888888889,325438,326200,326313,326493,0,0.0,False,False
3228,118_01143,118,1143,360.0,325821,326110,326403,326699,289,293,296,0.8222222222222222,325731,326493,326609,326789,0,0.0,False,False
3229,118_01144,118,1144,360.0,326110,326403,326699,326987,293,296,288,0.8,326020,326789,326897,327077,0,0.0,False,False
3230,118_01145,118,1145,360.0,326403,326699,326987,327277,296,288,290,0.8055555555555556,326313,327077,327187,327367,0,0.0,False,False
3231,118_01146,118,1146,360.0,326699,326987,327277,327567,288,290,290,0.8055555555555556,326609,327367,327477,327657,0,0.0,False,False
3232,118_01147,118,1147,360.0,326987,327277,327567,327864,290,290,297,0.825,326897,327657,327774,327954,0,0.0,False,False
3233,118_01148,118,1148,360.0,327277,327567,327864,328154,290,297,290,0.8055555555555556,327187,327954,328064,328244,0,0.0,False,False
3234,118_01149,118,1149,360.0,327567,327864,328154,328440,297,290,286,0.7944444444444444,327477,328244,328350,328530,0,0.0,False,False
3235,118_01150,118,1150,360.0,327864,328154,328440,328732,290,286,292,0.8111111111111111,327774,328530,328642,328822,0,0.0,False,False
3236,118_01151,118,1151,360.0,328154,328440,328732,329011,286,292,279,0.775,328064,328822,328921,329101,0,0.0,False,False
3237,118_01152,118,1152,360.0,328440,328732,329011,329302,292,279,291,0.8083333333333333,328350,329101,329212,329392,0,0.0,False,False
3238,118_01153,118,1153,360.0,328732,329011,329302,329591,279,291,289,0.8027777777777778,328642,329392,329501,329681,0,0.0,False,False
3239,118_01154,118,1154,360.0,329011,329302,329591,329877,291,289,286,0.7944444444444444,328921,329681,329787,329967,0,0.0,False,False
3240,118_01155,118,1155,360.0,329302,329591,329877,330105,289,286,228,0.6333333333333333,329212,329967,330015,330195,0,0.0,False,False
3241,118_01156,118,1156,360.0,329591,329877,330105,330544,286,228,439,1.2194444444444446,329501,330195,330454,330634,0,0.0,False,False
3242,118_01157,118,1157,360.0,329877,330105,330544,330888,228,439,344,0.9555555555555556,329787,330634,330798,330978,0,0.0,False,False
3243,118_01158,118,1158,360.0,330105,330544,330888,331195,439,344,307,0.8527777777777777,330015,330978,331105,331285,0,0.0,False,False
3244,118_01159,118,1159,360.0,330544,330888,331195,331478,344,307,283,0.7861111111111111,330454,331285,331388,331568,0,0.0,False,False
3245,118_01160,118,1160,360.0,330888,331195,331478,331771,307,283,293,0.8138888888888889,330798,331568,331681,331861,0,0.0,False,False
3246,118_01161,118,1161,360.0,331195,331478,331771,332060,283,293,289,0.8027777777777778,331105,331861,331970,332150,0,0.0,False,False
3247,118_01162,118,1162,360.0,331478,331771,332060,332341,293,289,281,0.7805555555555556,331388,332150,332251,332431,0,0.0,False,False
3248,118_01163,118,1163,360.0,331771,332060,332341,332637,289,281,296,0.8222222222222222,331681,332431,332547,332727,0,0.0,False,False
3249,118_01164,118,1164,360.0,332060,332341,332637,332920,281,296,283,0.7861111111111111,331970,332727,332830,333010,0,0.0,False,False
3250,118_01165,118,1165,360.0,332341,332637,332920,333203,296,283,283,0.7861111111111111,332251,333010,333113,333293,0,0.0,False,False
3251,118_01166,118,1166,360.0,332637,332920,333203,333491,283,283,288,0.8,332547,333293,333401,333581,0,0.0,False,False
3252,118_01167,118,1167,360.0,332920,333203,333491,333781,283,288,290,0.8055555555555556,332830,333581,333691,333871,0,0.0,False,False
3253,118_01168,118,1168,360.0,333203,333491,333781,334069,288,290,288,0.8,333113,333871,333979,334159,0,0.0,False,False
3254,118_01169,118,1169,360.0,333491,333781,334069,334349,290,288,280,0.7777777777777778,333401,334159,334259,334439,0,0.0,False,False
3255,118_01170,118,1170,360.0,333781,334069,334349,334640,288,280,291,0.8083333333333333,333691,334439,334550,334730,0,0.0,False,False
3256,118_01171,118,1171,360.0,334069,334349,334640,334922,280,291,282,0.7833333333333333,333979,334730,334832,335012,0,0.0,False,False
3257,118_01172,118,1172,360.0,334349,334640,334922,335207,291,282,285,0.7916666666666666,334259,335012,335117,335297,0,0.0,False,False
3258,118_01173,118,1173,360.0,334640,334922,335207,335498,282,285,291,0.8083333333333333,334550,335297,335408,335588,0,0.0,False,False
3259,118_01174,118,1174,360.0,334922,335207,335498,335784,285,291,286,0.7944444444444444,334832,335588,335694,335874,0,0.0,False,False
3260,118_01175,118,1175,360.0,335207,335498,335784,336069,291,286,285,0.7916666666666666,335117,335874,335979,336159,0,0.0,False,False
3261,118_01176,118,1176,360.0,335498,335784,336069,336354,286,285,285,0.7916666666666666,335408,336159,336264,336444,0,0.0,False,False
3262,118_01177,118,1177,360.0,335784,336069,336354,336643,285,285,289,0.8027777777777778,335694,336444,336553,336733,0,0.0,False,False
3263,118_01178,118,1178,360.0,336069,336354,336643,336928,285,289,285,0.7916666666666666,335979,336733,336838,337018,0,0.0,False,False
3264,118_01179,118,1179,360.0,336354,336643,336928,337213,289,285,285,0.7916666666666666,336264,337018,337123,337303,0,0.0,False,False
3265,118_01180,118,1180,360.0,336643,336928,337213,337492,285,285,279,0.775,336553,337303,337402,337582,0,0.0,False,False
3266,118_01181,118,1181,360.0,336928,337213,337492,337774,285,279,282,0.7833333333333333,336838,337582,337684,337864,0,0.0,False,False
3267,118_01182,118,1182,360.0,337213,337492,337774,338062,279,282,288,0.8,337123,337864,337972,338152,0,0.0,False,False
3268,118_01183,118,1183,360.0,337492,337774,338062,338346,282,288,284,0.7888888888888889,337402,338152,338256,338436,0,0.0,False,False
3269,118_01184,118,1184,360.0,337774,338062,338346,338632,288,284,286,0.7944444444444444,337684,338436,338542,338722,0,0.0,False,False
3270,118_01185,118,1185,360.0,338062,338346,338632,338917,284,286,285,0.7916666666666666,337972,338722,338827,339007,0,0.0,False,False
3271,118_01186,118,1186,360.0,338346,338632,338917,339191,286,285,274,0.7611111111111111,338256,339007,339101,339281,0,0.0,False,False
3272,118_01187,118,1187,360.0,338632,338917,339191,339406,285,274,215,0.5972222222222222,338542,339281,339316,339496,0,0.0,False,False
3273,118_01188,118,1188,360.0,338917,339191,339406,339706,274,215,300,0.8333333333333334,338827,339496,339616,339796,0,0.0,False,False
3274,118_01189,118,1189,360.0,339191,339406,339706,339994,215,300,288,0.8,339101,339796,339904,340084,0,0.0,False,False
3275,118_01190,118,1190,360.0,339406,339706,339994,340263,300,288,269,0.7472222222222222,339316,340084,340173,340353,0,0.0,False,False
3276,118_01191,118,1191,360.0,339706,339994,340263,340546,288,269,283,0.7861111111111111,339616,340353,340456,340636,0,0.0,False,False
3277,118_01192,118,1192,360.0,339994,340263,340546,340821,269,283,275,0.7638888888888888,339904,340636,340731,340911,0,0.0,False,False
3278,118_01193,118,1193,360.0,340263,340546,340821,341094,283,275,273,0.7583333333333333,340173,340911,341004,341184,0,0.0,False,False
3279,118_01194,118,1194,360.0,340546,340821,341094,341377,275,273,283,0.7861111111111111,340456,341184,341287,341467,0,0.0,False,False
3280,118_01195,118,1195,360.0,340821,341094,341377,341658,273,283,281,0.7805555555555556,340731,341467,341568,341748,0,0.0,False,False
3281,118_01196,118,1196,360.0,341094,341377,341658,341930,283,281,272,0.7555555555555555,341004,341748,341840,342020,0,0.0,False,False
3282,118_01197,118,1197,360.0,341377,341658,341930,342212,281,272,282,0.7833333333333333,341287,342020,342122,342302,0,0.0,False,False
3283,118_01198,118,1198,360.0,341658,341930,342212,342497,272,282,285,0.7916666666666666,341568,342302,342407,342587,0,0.0,False,False
3284,118_01199,118,1199,360.0,341930,342212,342497,342719,282,285,222,0.6166666666666667,341840,342587,342629,342809,0,0.0,False,False
3285,118_01200,118,1200,360.0,342212,342497,342719,343153,285,222,434,1.2055555555555555,342122,342809,343063,343243,0,0.0,False,False
3286,118_01201,118,1201,360.0,342497,342719,343153,343455,222,434,302,0.8388888888888889,342407,343243,343365,343545,0,0.0,False,False
3287,118_01202,118,1202,360.0,342719,343153,343455,343734,434,302,279,0.775,342629,343545,343644,343824,0,0.0,False,False
3288,118_01203,118,1203,360.0,343153,343455,343734,344014,302,279,280,0.7777777777777778,343063,343824,343924,344104,0,0.0,False,False
3289,118_01204,118,1204,360.0,343455,343734,344014,344287,279,280,273,0.7583333333333333,343365,344104,344197,344377,0,0.0,False,False
3290,118_01205,118,1205,360.0,343734,344014,344287,344565,280,273,278,0.7722222222222223,343644,344377,344475,344655,0,0.0,False,False
3291,118_01206,118,1206,360.0,344014,344287,344565,344838,273,278,273,0.7583333333333333,343924,344655,344748,344928,0,0.0,False,False
3292,118_01207,118,1207,360.0,344287,344565,344838,345068,278,273,230,0.6388888888888888,344197,344928,344978,345158,0,0.0,False,False
3293,118_01208,118,1208,360.0,344565,344838,345068,345370,273,230,302,0.8388888888888889,344475,345158,345280,345460,0,0.0,False,False
3294,118_01209,118,1209,360.0,344838,345068,345370,345656,230,302,286,0.7944444444444444,344748,345460,345566,345746,0,0.0,False,False
3295,118_01210,118,1210,360.0,345068,345370,345656,346202,302,286,546,1.5166666666666666,344978,345746,346112,346292,0,0.0,False,False
3296,118_01211,118,1211,360.0,345370,345656,346202,346488,286,546,286,0.7944444444444444,345280,346292,346398,346578,0,0.0,False,False
3297,118_01212,118,1212,360.0,345656,346202,346488,346766,546,286,278,0.7722222222222223,345566,346578,346676,346856,0,0.0,False,False
3298,118_01213,118,1213,360.0,346202,346488,346766,347045,286,278,279,0.775,346112,346856,346955,347135,0,0.0,False,False
3299,118_01214,118,1214,360.0,346488,346766,347045,347324,278,279,279,0.775,346398,347135,347234,347414,0,0.0,False,False
3300,118_01215,118,1215,360.0,346766,347045,347324,347601,279,279,277,0.7694444444444445,346676,347414,347511,347691,0,0.0,False,False
3301,118_01216,118,1216,360.0,347045,347324,347601,347880,279,277,279,0.775,346955,347691,347790,347970,0,0.0,False,False
3302,118_01217,118,1217,360.0,347324,347601,347880,348161,277,279,281,0.7805555555555556,347234,347970,348071,348251,0,0.0,False,False
3303,118_01218,118,1218,360.0,347601,347880,348161,348454,279,281,293,0.8138888888888889,347511,348251,348364,348544,0,0.0,False,False
3304,118_01219,118,1219,360.0,347880,348161,348454,348731,281,293,277,0.7694444444444445,347790,348544,348641,348821,0,0.0,False,False
3305,118_01220,118,1220,360.0,348161,348454,348731,349008,293,277,277,0.7694444444444445,348071,348821,348918,349098,0,0.0,False,False
3306,118_01221,118,1221,360.0,348454,348731,349008,349293,277,277,285,0.7916666666666666,348364,349098,349203,349383,0,0.0,False,False
3307,118_01222,118,1222,360.0,348731,349008,349293,349572,277,285,279,0.775,348641,349383,349482,349662,0,0.0,False,False
3308,118_01223,118,1223,360.0,349008,349293,349572,349855,285,279,283,0.7861111111111111,348918,349662,349765,349945,0,0.0,False,False
3309,118_01224,118,1224,360.0,349293,349572,349855,350146,279,283,291,0.8083333333333333,349203,349945,350056,350236,0,0.0,False,False
3310,118_01225,118,1225,360.0,349572,349855,350146,350434,283,291,288,0.8,349482,350236,350344,350524,0,0.0,False,False
3311,118_01226,118,1226,360.0,349855,350146,350434,350707,291,288,273,0.7583333333333333,349765,350524,350617,350797,0,0.0,False,False
3312,118_01227,118,1227,360.0,350146,350434,350707,350935,288,273,228,0.6333333333333333,350056,350797,350845,351025,0,0.0,False,False
3313,118_01228,118,1228,360.0,350434,350707,350935,351242,273,228,307,0.8527777777777777,350344,351025,351152,351332,0,0.0,False,False
3314,118_01229,118,1229,360.0,350707,350935,351242,351531,228,307,289,0.8027777777777778,350617,351332,351441,351621,0,0.0,False,False
3315,118_01230,118,1230,360.0,350935,351242,351531,351818,307,289,287,0.7972222222222223,350845,351621,351728,351908,0,0.0,False,False
3316,118_01231,118,1231,360.0,351242,351531,351818,352095,289,287,277,0.7694444444444445,351152,351908,352005,352185,0,0.0,False,False
3317,118_01232,118,1232,360.0,351531,351818,352095,352374,287,277,279,0.775,351441,352185,352284,352464,0,0.0,False,False
3318,118_01233,118,1233,360.0,351818,352095,352374,352649,277,279,275,0.7638888888888888,351728,352464,352559,352739,0,0.0,False,False
3319,118_01234,118,1234,360.0,352095,352374,352649,352927,279,275,278,0.7722222222222223,352005,352739,352837,353017,0,0.0,False,False
3320,118_01235,118,1235,360.0,352374,352649,352927,353212,275,278,285,0.7916666666666666,352284,353017,353122,353302,0,0.0,False,False
3321,118_01236,118,1236,360.0,352649,352927,353212,353495,278,285,283,0.7861111111111111,352559,353302,353405,353585,0,0.0,False,False
3322,118_01237,118,1237,360.0,352927,353212,353495,353770,285,283,275,0.7638888888888888,352837,353585,353680,353860,0,0.0,False,False
3323,118_01238,118,1238,360.0,353212,353495,353770,354045,283,275,275,0.7638888888888888,353122,353860,353955,354135,0,0.0,False,False
3324,118_01239,118,1239,360.0,353495,353770,354045,354287,275,275,242,0.6722222222222223,353405,354135,354197,354377,0,0.0,False,False
3325,118_01240,118,1240,360.0,353770,354045,354287,354603,275,242,316,0.8777777777777778,353680,354377,354513,354693,0,0.0,False,False
3326,118_01241,118,1241,360.0,354045,354287,354603,354895,242,316,292,0.8111111111111111,353955,354693,354805,354985,0,0.0,False,False
3327,118_01242,118,1242,360.0,354287,354603,354895,355183,316,292,288,0.8,354197,354985,355093,355273,0,0.0,False,False
3328,118_01243,118,1243,360.0,354603,354895,355183,355458,292,288,275,0.7638888888888888,354513,355273,355368,355548,0,0.0,False,False
3329,118_01244,118,1244,360.0,354895,355183,355458,355740,288,275,282,0.7833333333333333,354805,355548,355650,355830,0,0.0,False,False
3330,118_01245,118,1245,360.0,355183,355458,355740,356026,275,282,286,0.7944444444444444,355093,355830,355936,356116,0,0.0,False,False
3331,118_01246,118,1246,360.0,355458,355740,356026,356304,282,286,278,0.7722222222222223,355368,356116,356214,356394,0,0.0,False,False
3332,118_01247,118,1247,360.0,355740,356026,356304,356581,286,278,277,0.7694444444444445,355650,356394,356491,356671,0,0.0,False,False
3333,118_01248,118,1248,360.0,356026,356304,356581,356862,278,277,281,0.7805555555555556,355936,356671,356772,356952,0,0.0,False,False
3334,118_01249,118,1249,360.0,356304,356581,356862,357142,277,281,280,0.7777777777777778,356214,356952,357052,357232,0,0.0,False,False
3335,118_01250,118,1250,360.0,356581,356862,357142,357419,281,280,277,0.7694444444444445,356491,357232,357329,357509,0,0.0,False,False
3336,118_01251,118,1251,360.0,356862,357142,357419,357704,280,277,285,0.7916666666666666,356772,357509,357614,357794,0,0.0,False,False
3337,118_01252,118,1252,360.0,357142,357419,357704,357978,277,285,274,0.7611111111111111,357052,357794,357888,358068,0,0.0,False,False
3338,118_01253,118,1253,360.0,357419,357704,357978,358260,285,274,282,0.7833333333333333,357329,358068,358170,358350,0,0.0,False,False
3339,118_01254,118,1254,360.0,357704,357978,358260,358540,274,282,280,0.7777777777777778,357614,358350,358450,358630,0,0.0,False,False
3340,118_01255,118,1255,360.0,357978,358260,358540,358817,282,280,277,0.7694444444444445,357888,358630,358727,358907,0,0.0,False,False
3341,118_01256,118,1256,360.0,358260,358540,358817,359097,280,277,280,0.7777777777777778,358170,358907,359007,359187,0,0.0,False,False
3342,118_01257,118,1257,360.0,358540,358817,359097,359664,277,280,567,1.575,358450,359187,359574,359754,0,0.0,False,False
3343,118_01258,118,1258,360.0,358817,359097,359664,359949,280,567,285,0.7916666666666666,358727,359754,359859,360039,0,0.0,False,False
3344,118_01259,118,1259,360.0,359097,359664,359949,360237,567,285,288,0.8,359007,360039,360147,360327,0,0.0,False,False
3345,118_01260,118,1260,360.0,359664,359949,360237,360518,285,288,281,0.7805555555555556,359574,360327,360428,360608,0,0.0,False,False
3346,118_01261,118,1261,360.0,359949,360237,360518,360795,288,281,277,0.7694444444444445,359859,360608,360705,360885,0,0.0,False,False
3347,118_01262,118,1262,360.0,360237,360518,360795,361077,281,277,282,0.7833333333333333,360147,360885,360987,361167,0,0.0,False,False
3348,118_01263,118,1263,360.0,360518,360795,361077,361363,277,282,286,0.7944444444444444,360428,361167,361273,361453,0,0.0,False,False
3349,118_01264,118,1264,360.0,360795,361077,361363,361647,282,286,284,0.7888888888888889,360705,361453,361557,361737,0,0.0,False,False
3350,118_01265,118,1265,360.0,361077,361363,361647,361868,286,284,221,0.6138888888888889,360987,361737,361778,361958,0,0.0,False,False
3351,118_01266,118,1266,360.0,361363,361647,361868,362183,284,221,315,0.875,361273,361958,362093,362273,0,0.0,False,False
3352,118_01267,118,1267,360.0,361647,361868,362183,362495,221,315,312,0.8666666666666667,361557,362273,362405,362585,0,0.0,False,False
3353,118_01268,118,1268,360.0,361868,362183,362495,362796,315,312,301,0.8361111111111111,361778,362585,362706,362886,0,0.0,False,False
3354,118_01269,118,1269,360.0,362183,362495,362796,363100,312,301,304,0.8444444444444444,362093,362886,363010,363190,0,0.0,False,False
3355,118_01270,118,1270,360.0,362495,362796,363100,363396,301,304,296,0.8222222222222222,362405,363190,363306,363486,0,0.0,False,False
3356,118_01271,118,1271,360.0,362796,363100,363396,363696,304,296,300,0.8333333333333334,362706,363486,363606,363786,0,0.0,False,False
3357,118_01272,118,1272,360.0,363100,363396,363696,363991,296,300,295,0.8194444444444444,363010,363786,363901,364081,0,0.0,False,False
3358,118_01273,118,1273,360.0,363396,363696,363991,364294,300,295,303,0.8416666666666667,363306,364081,364204,364384,0,0.0,False,False
3359,118_01274,118,1274,360.0,363696,363991,364294,364589,295,303,295,0.8194444444444444,363606,364384,364499,364679,0,0.0,False,False
3360,118_01275,118,1275,360.0,363991,364294,364589,364887,303,295,298,0.8277777777777777,363901,364679,364797,364977,0,0.0,False,False
3361,118_01276,118,1276,360.0,364294,364589,364887,365188,295,298,301,0.8361111111111111,364204,364977,365098,365278,0,0.0,False,False
3362,118_01277,118,1277,360.0,364589,364887,365188,365483,298,301,295,0.8194444444444444,364499,365278,365393,365573,0,0.0,False,False
3363,118_01278,118,1278,360.0,364887,365188,365483,365776,301,295,293,0.8138888888888889,364797,365573,365686,365866,0,0.0,False,False
3364,118_01279,118,1279,360.0,365188,365483,365776,366075,295,293,299,0.8305555555555556,365098,365866,365985,366165,0,0.0,False,False
3365,118_01280,118,1280,360.0,365483,365776,366075,366634,293,299,559,1.5527777777777778,365393,366165,366544,366724,0,0.0,False,False
3366,118_01281,118,1281,360.0,365776,366075,366634,366934,299,559,300,0.8333333333333334,365686,366724,366844,367024,0,0.0,False,False
3367,118_01282,118,1282,360.0,366075,366634,366934,367243,559,300,309,0.8583333333333333,365985,367024,367153,367333,0,0.0,False,False
3368,118_01283,118,1283,360.0,366634,366934,367243,367535,300,309,292,0.8111111111111111,366544,367333,367445,367625,0,0.0,False,False
3369,118_01284,118,1284,360.0,366934,367243,367535,367829,309,292,294,0.8166666666666667,366844,367625,367739,367919,0,0.0,False,False
3370,118_01285,118,1285,360.0,367243,367535,367829,368127,292,294,298,0.8277777777777777,367153,367919,368037,368217,0,0.0,False,False
3371,118_01286,118,1286,360.0,367535,367829,368127,368415,294,298,288,0.8,367445,368217,368325,368505,0,0.0,False,False
3372,118_01287,118,1287,360.0,367829,368127,368415,368702,298,288,287,0.7972222222222223,367739,368505,368612,368792,0,0.0,False,False
3373,118_01288,118,1288,360.0,368127,368415,368702,368992,288,287,290,0.8055555555555556,368037,368792,368902,369082,0,0.0,False,False
3374,118_01289,118,1289,360.0,368415,368702,368992,369283,287,290,291,0.8083333333333333,368325,369082,369193,369373,0,0.0,False,False
3375,118_01290,118,1290,360.0,368702,368992,369283,369570,290,291,287,0.7972222222222223,368612,369373,369480,369660,0,0.0,False,False
3376,118_01291,118,1291,360.0,368992,369283,369570,369859,291,287,289,0.8027777777777778,368902,369660,369769,369949,0,0.0,False,False
3377,118_01292,118,1292,360.0,369283,369570,369859,370148,287,289,289,0.8027777777777778,369193,369949,370058,370238,0,0.0,False,False
3378,118_01293,118,1293,360.0,369570,369859,370148,370437,289,289,289,0.8027777777777778,369480,370238,370347,370527,0,0.0,False,False
3379,118_01294,118,1294,360.0,369859,370148,370437,370726,289,289,289,0.8027777777777778,369769,370527,370636,370816,0,0.0,False,False
3380,118_01295,118,1295,360.0,370148,370437,370726,371016,289,289,290,0.8055555555555556,370058,370816,370926,371106,0,0.0,False,False
3381,118_01296,118,1296,360.0,370437,370726,371016,371309,289,290,293,0.8138888888888889,370347,371106,371219,371399,0,0.0,False,False
3382,118_01297,118,1297,360.0,370726,371016,371309,371596,290,293,287,0.7972222222222223,370636,371399,371506,371686,0,0.0,False,False
3383,118_01298,118,1298,360.0,371016,371309,371596,371878,293,287,282,0.7833333333333333,370926,371686,371788,371968,0,0.0,False,False
3384,118_01299,118,1299,360.0,371309,371596,371878,372168,287,282,290,0.8055555555555556,371219,371968,372078,372258,0,0.0,False,False
3385,118_01300,118,1300,360.0,371596,371878,372168,372453,282,290,285,0.7916666666666666,371506,372258,372363,372543,0,0.0,False,False
3386,118_01301,118,1301,360.0,371878,372168,372453,372728,290,285,275,0.7638888888888888,371788,372543,372638,372818,0,0.0,False,False
3387,118_01302,118,1302,360.0,372168,372453,372728,373006,285,275,278,0.7722222222222223,372078,372818,372916,373096,0,0.0,False,False
3388,118_01303,118,1303,360.0,372453,372728,373006,373290,275,278,284,0.7888888888888889,372363,373096,373200,373380,0,0.0,False,False
3389,118_01304,118,1304,360.0,372728,373006,373290,373567,278,284,277,0.7694444444444445,372638,373380,373477,373657,0,0.0,False,False
3390,118_01305,118,1305,360.0,373006,373290,373567,373851,284,277,284,0.7888888888888889,372916,373657,373761,373941,0,0.0,False,False
3391,118_01306,118,1306,360.0,373290,373567,373851,374143,277,284,292,0.8111111111111111,373200,373941,374053,374233,0,0.0,False,False
3392,118_01307,118,1307,360.0,373567,373851,374143,374425,284,292,282,0.7833333333333333,373477,374233,374335,374515,0,0.0,False,False
3393,118_01308,118,1308,360.0,373851,374143,374425,374709,292,282,284,0.7888888888888889,373761,374515,374619,374799,0,0.0,False,False
3394,118_01309,118,1309,360.0,374143,374425,374709,375002,282,284,293,0.8138888888888889,374053,374799,374912,375092,0,0.0,False,False
3395,118_01310,118,1310,360.0,374425,374709,375002,375293,284,293,291,0.8083333333333333,374335,375092,375203,375383,0,0.0,False,False
3396,118_01311,118,1311,360.0,374709,375002,375293,375584,293,291,291,0.8083333333333333,374619,375383,375494,375674,0,0.0,False,False
3397,118_01312,118,1312,360.0,375002,375293,375584,375874,291,291,290,0.8055555555555556,374912,375674,375784,375964,0,0.0,False,False
3398,118_01313,118,1313,360.0,375293,375584,375874,376163,291,290,289,0.8027777777777778,375203,375964,376073,376253,0,0.0,False,False
3399,118_01314,118,1314,360.0,375584,375874,376163,376448,290,289,285,0.7916666666666666,375494,376253,376358,376538,0,0.0,False,False
3400,118_01315,118,1315,360.0,375874,376163,376448,376742,289,285,294,0.8166666666666667,375784,376538,376652,376832,0,0.0,False,False
3401,118_01316,118,1316,360.0,376163,376448,376742,376957,285,294,215,0.5972222222222222,376073,376832,376867,377047,0,0.0,False,False
3402,118_01317,118,1317,360.0,376448,376742,376957,377278,294,215,321,0.8916666666666667,376358,377047,377188,377368,0,0.0,False,False
3403,118_01318,118,1318,360.0,376742,376957,377278,377579,215,321,301,0.8361111111111111,376652,377368,377489,377669,0,0.0,False,False
3404,118_01319,118,1319,360.0,376957,377278,377579,377872,321,301,293,0.8138888888888889,376867,377669,377782,377962,0,0.0,False,False
3405,118_01320,118,1320,360.0,377278,377579,377872,378169,301,293,297,0.825,377188,377962,378079,378259,0,0.0,False,False
3406,118_01321,118,1321,360.0,377579,377872,378169,378464,293,297,295,0.8194444444444444,377489,378259,378374,378554,0,0.0,False,False
3407,118_01322,118,1322,360.0,377872,378169,378464,378747,297,295,283,0.7861111111111111,377782,378554,378657,378837,0,0.0,False,False
3408,118_01323,118,1323,360.0,378169,378464,378747,379044,295,283,297,0.825,378079,378837,378954,379134,0,0.0,False,False
3409,118_01324,118,1324,360.0,378464,378747,379044,379576,283,297,532,1.4777777777777779,378374,379134,379486,379666,0,0.0,False,False
3410,118_01325,118,1325,360.0,378747,379044,379576,379885,297,532,309,0.8583333333333333,378657,379666,379795,379975,0,0.0,False,False
3411,118_01326,118,1326,360.0,379044,379576,379885,380188,532,309,303,0.8416666666666667,378954,379975,380098,380278,0,0.0,False,False
3412,118_01327,118,1327,360.0,379576,379885,380188,380479,309,303,291,0.8083333333333333,379486,380278,380389,380569,0,0.0,False,False
3413,118_01328,118,1328,360.0,379885,380188,380479,380772,303,291,293,0.8138888888888889,379795,380569,380682,380862,0,0.0,False,False
3414,118_01329,118,1329,360.0,380188,380479,380772,381073,291,293,301,0.8361111111111111,380098,380862,380983,381163,0,0.0,False,False
3415,118_01330,118,1330,360.0,380479,380772,381073,381358,293,301,285,0.7916666666666666,380389,381163,381268,381448,0,0.0,False,False
3416,118_01331,118,1331,360.0,380772,381073,381358,381642,301,285,284,0.7888888888888889,380682,381448,381552,381732,0,0.0,False,False
3417,118_01332,118,1332,360.0,381073,381358,381642,381933,285,284,291,0.8083333333333333,380983,381732,381843,382023,0,0.0,False,False
3418,118_01333,118,1333,360.0,381358,381642,381933,382212,284,291,279,0.775,381268,382023,382122,382302,0,0.0,False,False
3419,118_01334,118,1334,360.0,381642,381933,382212,382498,291,279,286,0.7944444444444444,381552,382302,382408,382588,0,0.0,False,False
3420,118_01335,118,1335,360.0,381933,382212,382498,382789,279,286,291,0.8083333333333333,381843,382588,382699,382879,0,0.0,False,False
3421,118_01336,118,1336,360.0,382212,382498,382789,383079,286,291,290,0.8055555555555556,382122,382879,382989,383169,0,0.0,False,False
3422,118_01337,118,1337,360.0,382498,382789,383079,383369,291,290,290,0.8055555555555556,382408,383169,383279,383459,0,0.0,False,False
3423,118_01338,118,1338,360.0,382789,383079,383369,383666,290,290,297,0.825,382699,383459,383576,383756,0,0.0,False,False
3424,118_01339,118,1339,360.0,383079,383369,383666,383955,290,297,289,0.8027777777777778,382989,383756,383865,384045,0,0.0,False,False
3425,118_01340,118,1340,360.0,383369,383666,383955,384260,297,289,305,0.8472222222222222,383279,384045,384170,384350,0,0.0,False,False
3426,118_01341,118,1341,360.0,383666,383955,384260,384559,289,305,299,0.8305555555555556,383576,384350,384469,384649,0,0.0,False,False
3427,118_01342,118,1342,360.0,383955,384260,384559,384856,305,299,297,0.825,383865,384649,384766,384946,0,0.0,False,False
3428,118_01343,118,1343,360.0,384260,384559,384856,385147,299,297,291,0.8083333333333333,384170,384946,385057,385237,0,0.0,False,False
3429,118_01344,118,1344,360.0,384559,384856,385147,385444,297,291,297,0.825,384469,385237,385354,385534,0,0.0,False,False
3430,118_01345,118,1345,360.0,384856,385147,385444,385735,291,297,291,0.8083333333333333,384766,385534,385645,385825,0,0.0,False,False
3431,118_01346,118,1346,360.0,385147,385444,385735,386031,297,291,296,0.8222222222222222,385057,385825,385941,386121,0,0.0,False,False
3432,118_01347,118,1347,360.0,385444,385735,386031,386326,291,296,295,0.8194444444444444,385354,386121,386236,386416,0,0.0,False,False
3433,118_01348,118,1348,360.0,385735,386031,386326,386613,296,295,287,0.7972222222222223,385645,386416,386523,386703,0,0.0,False,False
3434,118_01349,118,1349,360.0,386031,386326,386613,386917,295,287,304,0.8444444444444444,385941,386703,386827,387007,0,0.0,False,False
3435,118_01350,118,1350,360.0,386326,386613,386917,387211,287,304,294,0.8166666666666667,386236,387007,387121,387301,0,0.0,False,False
3436,118_01351,118,1351,360.0,386613,386917,387211,387497,304,294,286,0.7944444444444444,386523,387301,387407,387587,0,0.0,False,False
3437,118_01352,118,1352,360.0,386917,387211,387497,387797,294,286,300,0.8333333333333334,386827,387587,387707,387887,0,0.0,False,False
3438,118_01353,118,1353,360.0,387211,387497,387797,388086,286,300,289,0.8027777777777778,387121,387887,387996,388176,0,0.0,False,False
3439,118_01354,118,1354,360.0,387497,387797,388086,388375,300,289,289,0.8027777777777778,387407,388176,388285,388465,0,0.0,False,False
3440,118_01355,118,1355,360.0,387797,388086,388375,388671,289,289,296,0.8222222222222222,387707,388465,388581,388761,0,0.0,False,False
3441,118_01356,118,1356,360.0,388086,388375,388671,388965,289,296,294,0.8166666666666667,387996,388761,388875,389055,0,0.0,False,False
3442,118_01357,118,1357,360.0,388375,388671,388965,389252,296,294,287,0.7972222222222223,388285,389055,389162,389342,0,0.0,False,False
3443,118_01358,118,1358,360.0,388671,388965,389252,389535,294,287,283,0.7861111111111111,388581,389342,389445,389625,0,0.0,False,False
3444,118_01359,118,1359,360.0,388965,389252,389535,389821,287,283,286,0.7944444444444444,388875,389625,389731,389911,0,0.0,False,False
3445,118_01360,118,1360,360.0,389252,389535,389821,390106,283,286,285,0.7916666666666666,389162,389911,390016,390196,0,0.0,False,False
3446,118_01361,118,1361,360.0,389535,389821,390106,390391,286,285,285,0.7916666666666666,389445,390196,390301,390481,0,0.0,False,False
3447,118_01362,118,1362,360.0,389821,390106,390391,390681,285,285,290,0.8055555555555556,389731,390481,390591,390771,0,0.0,False,False
3448,118_01363,118,1363,360.0,390106,390391,390681,390955,285,290,274,0.7611111111111111,390016,390771,390865,391045,0,0.0,False,False
3449,118_01364,118,1364,360.0,390391,390681,390955,391237,290,274,282,0.7833333333333333,390301,391045,391147,391327,0,0.0,False,False
3450,118_01365,118,1365,360.0,390681,390955,391237,391518,274,282,281,0.7805555555555556,390591,391327,391428,391608,0,0.0,False,False
3451,118_01366,118,1366,360.0,390955,391237,391518,391804,282,281,286,0.7944444444444444,390865,391608,391714,391894,0,0.0,False,False
3452,118_01367,118,1367,360.0,391237,391518,391804,392087,281,286,283,0.7861111111111111,391147,391894,391997,392177,0,0.0,False,False
3453,118_01368,118,1368,360.0,391518,391804,392087,392372,286,283,285,0.7916666666666666,391428,392177,392282,392462,0,0.0,False,False
3454,118_01369,118,1369,360.0,391804,392087,392372,392668,283,285,296,0.8222222222222222,391714,392462,392578,392758,0,0.0,False,False
3455,118_01370,118,1370,360.0,392087,392372,392668,392958,285,296,290,0.8055555555555556,391997,392758,392868,393048,0,0.0,False,False
3456,118_01371,118,1371,360.0,392372,392668,392958,393253,296,290,295,0.8194444444444444,392282,393048,393163,393343,0,0.0,False,False
3457,118_01372,118,1372,360.0,392668,392958,393253,393541,290,295,288,0.8,392578,393343,393451,393631,0,0.0,False,False
3458,118_01373,118,1373,360.0,392958,393253,393541,393840,295,288,299,0.8305555555555556,392868,393631,393750,393930,0,0.0,False,False
3459,118_01374,118,1374,360.0,393253,393541,393840,394135,288,299,295,0.8194444444444444,393163,393930,394045,394225,0,0.0,False,False
3460,118_01375,118,1375,360.0,393541,393840,394135,394429,299,295,294,0.8166666666666667,393451,394225,394339,394519,0,0.0,False,False
3461,118_01376,118,1376,360.0,393840,394135,394429,394736,295,294,307,0.8527777777777777,393750,394519,394646,394826,0,0.0,False,False
3462,118_01377,118,1377,360.0,394135,394429,394736,395033,294,307,297,0.825,394045,394826,394943,395123,0,0.0,False,False
3463,118_01378,118,1378,360.0,394429,394736,395033,395325,307,297,292,0.8111111111111111,394339,395123,395235,395415,0,0.0,False,False
3464,118_01379,118,1379,360.0,394736,395033,395325,395631,297,292,306,0.85,394646,395415,395541,395721,0,0.0,False,False
3465,118_01380,118,1380,360.0,395033,395325,395631,395931,292,306,300,0.8333333333333334,394943,395721,395841,396021,0,0.0,False,False
3466,118_01381,118,1381,360.0,395325,395631,395931,396228,306,300,297,0.825,395235,396021,396138,396318,0,0.0,False,False
3467,118_01382,118,1382,360.0,395631,395931,396228,396521,300,297,293,0.8138888888888889,395541,396318,396431,396611,0,0.0,False,False
3468,118_01383,118,1383,360.0,395931,396228,396521,396804,297,293,283,0.7861111111111111,395841,396611,396714,396894,0,0.0,False,False
3469,118_01384,118,1384,360.0,396228,396521,396804,397096,293,283,292,0.8111111111111111,396138,396894,397006,397186,0,0.0,False,False
3470,118_01385,118,1385,360.0,396521,396804,397096,397395,283,292,299,0.8305555555555556,396431,397186,397305,397485,0,0.0,False,False
3471,118_01386,118,1386,360.0,396804,397096,397395,397691,292,299,296,0.8222222222222222,396714,397485,397601,397781,0,0.0,False,False
3472,118_01387,118,1387,360.0,397096,397395,397691,397984,299,296,293,0.8138888888888889,397006,397781,397894,398074,0,0.0,False,False
3473,118_01388,118,1388,360.0,397395,397691,397984,398272,296,293,288,0.8,397305,398074,398182,398362,0,0.0,False,False
3474,118_01389,118,1389,360.0,397691,397984,398272,398567,293,288,295,0.8194444444444444,397601,398362,398477,398657,0,0.0,False,False
3475,118_01390,118,1390,360.0,397984,398272,398567,398860,288,295,293,0.8138888888888889,397894,398657,398770,398950,0,0.0,False,False
3476,118_01391,118,1391,360.0,398272,398567,398860,399155,295,293,295,0.8194444444444444,398182,398950,399065,399245,0,0.0,False,False
3477,118_01392,118,1392,360.0,398567,398860,399155,399365,293,295,210,0.5833333333333334,398477,399245,399275,399455,0,0.0,False,False
3478,118_01393,118,1393,360.0,398860,399155,399365,399668,295,210,303,0.8416666666666667,398770,399455,399578,399758,0,0.0,False,False
3479,118_01394,118,1394,360.0,399155,399365,399668,399976,210,303,308,0.8555555555555555,399065,399758,399886,400066,0,0.0,False,False
3480,118_01395,118,1395,360.0,399365,399668,399976,400261,303,308,285,0.7916666666666666,399275,400066,400171,400351,0,0.0,False,False
3481,118_01396,118,1396,360.0,399668,399976,400261,400565,308,285,304,0.8444444444444444,399578,400351,400475,400655,0,0.0,False,False
3482,118_01397,118,1397,360.0,399976,400261,400565,400867,285,304,302,0.8388888888888889,399886,400655,400777,400957,0,0.0,False,False
3483,118_01398,118,1398,360.0,400261,400565,400867,401161,304,302,294,0.8166666666666667,400171,400957,401071,401251,0,0.0,False,False
3484,118_01399,118,1399,360.0,400565,400867,401161,401464,302,294,303,0.8416666666666667,400475,401251,401374,401554,0,0.0,False,False
3485,118_01400,118,1400,360.0,400867,401161,401464,401775,294,303,311,0.8638888888888889,400777,401554,401685,401865,0,0.0,False,False
3486,118_01401,118,1401,360.0,401161,401464,401775,402073,303,311,298,0.8277777777777777,401071,401865,401983,402163,0,0.0,False,False
3487,118_01402,118,1402,360.0,401464,401775,402073,402368,311,298,295,0.8194444444444444,401374,402163,402278,402458,0,0.0,False,False
3488,118_01403,118,1403,360.0,401775,402073,402368,402669,298,295,301,0.8361111111111111,401685,402458,402579,402759,0,0.0,False,False
3489,118_01404,118,1404,360.0,402073,402368,402669,402962,295,301,293,0.8138888888888889,401983,402759,402872,403052,0,0.0,False,False
3490,118_01405,118,1405,360.0,402368,402669,402962,403259,301,293,297,0.825,402278,403052,403169,403349,0,0.0,False,False
3491,118_01406,118,1406,360.0,402669,402962,403259,403561,293,297,302,0.8388888888888889,402579,403349,403471,403651,0,0.0,False,False
3492,118_01407,118,1407,360.0,402962,403259,403561,403848,297,302,287,0.7972222222222223,402872,403651,403758,403938,0,0.0,False,False
3493,118_01408,118,1408,360.0,403259,403561,403848,404137,302,287,289,0.8027777777777778,403169,403938,404047,404227,0,0.0,False,False
3494,118_01409,118,1409,360.0,403561,403848,404137,404448,287,289,311,0.8638888888888889,403471,404227,404358,404538,0,0.0,False,False
3495,118_01410,118,1410,360.0,403848,404137,404448,404750,289,311,302,0.8388888888888889,403758,404538,404660,404840,0,0.0,False,False
3496,118_01411,118,1411,360.0,404137,404448,404750,405041,311,302,291,0.8083333333333333,404047,404840,404951,405131,0,0.0,False,False
3497,118_01412,118,1412,360.0,404448,404750,405041,405342,302,291,301,0.8361111111111111,404358,405131,405252,405432,0,0.0,False,False
3498,118_01413,118,1413,360.0,404750,405041,405342,405639,291,301,297,0.825,404660,405432,405549,405729,0,0.0,False,False
3499,118_01414,118,1414,360.0,405041,405342,405639,405936,301,297,297,0.825,404951,405729,405846,406026,0,0.0,False,False
3500,118_01415,118,1415,360.0,405342,405639,405936,406234,297,297,298,0.8277777777777777,405252,406026,406144,406324,0,0.0,False,False
3501,118_01416,118,1416,360.0,405639,405936,406234,406529,297,298,295,0.8194444444444444,405549,406324,406439,406619,0,0.0,False,False
3502,118_01417,118,1417,360.0,405936,406234,406529,406750,298,295,221,0.6138888888888889,405846,406619,406660,406840,0,0.0,False,False
3503,118_01418,118,1418,360.0,406234,406529,406750,407067,295,221,317,0.8805555555555555,406144,406840,406977,407157,0,0.0,False,False
3504,118_01419,118,1419,360.0,406529,406750,407067,407367,221,317,300,0.8333333333333334,406439,407157,407277,407457,0,0.0,False,False
3505,118_01420,118,1420,360.0,406750,407067,407367,407676,317,300,309,0.8583333333333333,406660,407457,407586,407766,0,0.0,False,False
3506,118_01421,118,1421,360.0,407067,407367,407676,407976,300,309,300,0.8333333333333334,406977,407766,407886,408066,0,0.0,False,False
3507,118_01422,118,1422,360.0,407367,407676,407976,408269,309,300,293,0.8138888888888889,407277,408066,408179,408359,0,0.0,False,False
3508,118_01423,118,1423,360.0,407676,407976,408269,408575,300,293,306,0.85,407586,408359,408485,408665,0,0.0,False,False
3509,118_01424,118,1424,360.0,407976,408269,408575,408871,293,306,296,0.8222222222222222,407886,408665,408781,408961,0,0.0,False,False
3510,118_01425,118,1425,360.0,408269,408575,408871,409172,306,296,301,0.8361111111111111,408179,408961,409082,409262,0,0.0,False,False
3511,118_01426,118,1426,360.0,408575,408871,409172,409481,296,301,309,0.8583333333333333,408485,409262,409391,409571,0,0.0,False,False
3512,118_01427,118,1427,360.0,408871,409172,409481,410022,301,309,541,1.5027777777777778,408781,409571,409932,410112,0,0.0,False,False
3513,118_01428,118,1428,360.0,409172,409481,410022,410336,309,541,314,0.8722222222222222,409082,410112,410246,410426,0,0.0,False,False
3514,118_01429,118,1429,360.0,409481,410022,410336,410645,541,314,309,0.8583333333333333,409391,410426,410555,410735,0,0.0,False,False
3515,118_01430,118,1430,360.0,410022,410336,410645,410954,314,309,309,0.8583333333333333,409932,410735,410864,411044,0,0.0,False,False
3516,118_01431,118,1431,360.0,410336,410645,410954,411251,309,309,297,0.825,410246,411044,411161,411341,0,0.0,False,False
3517,118_01432,118,1432,360.0,410645,410954,411251,411554,309,297,303,0.8416666666666667,410555,411341,411464,411644,0,0.0,False,False
3518,118_01433,118,1433,360.0,410954,411251,411554,411861,297,303,307,0.8527777777777777,410864,411644,411771,411951,0,0.0,False,False
3519,118_01434,118,1434,360.0,411251,411554,411861,412164,303,307,303,0.8416666666666667,411161,411951,412074,412254,0,0.0,False,False
3520,118_01435,118,1435,360.0,411554,411861,412164,412466,307,303,302,0.8388888888888889,411464,412254,412376,412556,0,0.0,False,False
3521,118_01436,118,1436,360.0,411861,412164,412466,412768,303,302,302,0.8388888888888889,411771,412556,412678,412858,0,0.0,False,False
3522,118_01437,118,1437,360.0,412164,412466,412768,413068,302,302,300,0.8333333333333334,412074,412858,412978,413158,0,0.0,False,False
3523,118_01438,118,1438,360.0,412466,412768,413068,413370,302,300,302,0.8388888888888889,412376,413158,413280,413460,0,0.0,False,False
3524,118_01439,118,1439,360.0,412768,413068,413370,413678,300,302,308,0.8555555555555555,412678,413460,413588,413768,0,0.0,False,False
3525,118_01440,118,1440,360.0,413068,413370,413678,413979,302,308,301,0.8361111111111111,412978,413768,413889,414069,0,0.0,False,False
3526,118_01441,118,1441,360.0,413370,413678,413979,414279,308,301,300,0.8333333333333334,413280,414069,414189,414369,0,0.0,False,False
3527,118_01442,118,1442,360.0,413678,413979,414279,414585,301,300,306,0.85,413588,414369,414495,414675,0,0.0,False,False
3528,118_01443,118,1443,360.0,413979,414279,414585,414891,300,306,306,0.85,413889,414675,414801,414981,0,0.0,False,False
3529,118_01444,118,1444,360.0,414279,414585,414891,415193,306,306,302,0.8388888888888889,414189,414981,415103,415283,0,0.0,False,False
3530,118_01445,118,1445,360.0,414585,414891,415193,415503,306,302,310,0.8611111111111112,414495,415283,415413,415593,0,0.0,False,False
3531,118_01446,118,1446,360.0,414891,415193,415503,415801,302,310,298,0.8277777777777777,414801,415593,415711,415891,0,0.0,False,False
3532,118_01447,118,1447,360.0,415193,415503,415801,416099,310,298,298,0.8277777777777777,415103,415891,416009,416189,0,0.0,False,False
3533,118_01448,118,1448,360.0,415503,415801,416099,416410,298,298,311,0.8638888888888889,415413,416189,416320,416500,0,0.0,False,False
3534,118_01449,118,1449,360.0,415801,416099,416410,416709,298,311,299,0.8305555555555556,415711,416500,416619,416799,0,0.0,False,False
3535,118_01450,118,1450,360.0,416099,416410,416709,417003,311,299,294,0.8166666666666667,416009,416799,416913,417093,0,0.0,False,False
3536,118_01451,118,1451,360.0,416410,416709,417003,417303,299,294,300,0.8333333333333334,416320,417093,417213,417393,0,0.0,False,False
3537,118_01452,118,1452,360.0,416709,417003,417303,417597,294,300,294,0.8166666666666667,416619,417393,417507,417687,0,0.0,False,False
3538,118_01453,118,1453,360.0,417003,417303,417597,417892,300,294,295,0.8194444444444444,416913,417687,417802,417982,0,0.0,False,False
3539,118_01454,118,1454,360.0,417303,417597,417892,418191,294,295,299,0.8305555555555556,417213,417982,418101,418281,0,0.0,False,False
3540,118_01455,118,1455,360.0,417597,417892,418191,418495,295,299,304,0.8444444444444444,417507,418281,418405,418585,0,0.0,False,False
3541,118_01456,118,1456,360.0,417892,418191,418495,418790,299,304,295,0.8194444444444444,417802,418585,418700,418880,0,0.0,False,False
3542,118_01457,118,1457,360.0,418191,418495,418790,419081,304,295,291,0.8083333333333333,418101,418880,418991,419171,0,0.0,False,False
3543,118_01458,118,1458,360.0,418495,418790,419081,419381,295,291,300,0.8333333333333334,418405,419171,419291,419471,0,0.0,False,False
3544,118_01459,118,1459,360.0,418790,419081,419381,419676,291,300,295,0.8194444444444444,418700,419471,419586,419766,0,0.0,False,False
3545,118_01460,118,1460,360.0,419081,419381,419676,419962,300,295,286,0.7944444444444444,418991,419766,419872,420052,0,0.0,False,False
3546,118_01461,118,1461,360.0,419381,419676,419962,420246,295,286,284,0.7888888888888889,419291,420052,420156,420336,0,0.0,False,False
3547,118_01462,118,1462,360.0,419676,419962,420246,420543,286,284,297,0.825,419586,420336,420453,420633,0,0.0,False,False
3548,118_01463,118,1463,360.0,419962,420246,420543,420833,284,297,290,0.8055555555555556,419872,420633,420743,420923,0,0.0,False,False
3549,118_01464,118,1464,360.0,420246,420543,420833,421118,297,290,285,0.7916666666666666,420156,420923,421028,421208,0,0.0,False,False
3550,118_01465,118,1465,360.0,420543,420833,421118,421410,290,285,292,0.8111111111111111,420453,421208,421320,421500,0,0.0,False,False
3551,118_01466,118,1466,360.0,420833,421118,421410,421696,285,292,286,0.7944444444444444,420743,421500,421606,421786,0,0.0,False,False
3552,118_01467,118,1467,360.0,421118,421410,421696,421978,292,286,282,0.7833333333333333,421028,421786,421888,422068,0,0.0,False,False
3553,118_01468,118,1468,360.0,421410,421696,421978,422265,286,282,287,0.7972222222222223,421320,422068,422175,422355,0,0.0,False,False
3554,118_01469,118,1469,360.0,421696,421978,422265,422506,282,287,241,0.6694444444444444,421606,422355,422416,422596,0,0.0,False,False
3555,118_01470,118,1470,360.0,421978,422265,422506,422814,287,241,308,0.8555555555555555,421888,422596,422724,422904,0,0.0,False,False
3556,118_01471,118,1471,360.0,422265,422506,422814,423098,241,308,284,0.7888888888888889,422175,422904,423008,423188,0,0.0,False,False
3557,118_01472,118,1472,360.0,422506,422814,423098,423388,308,284,290,0.8055555555555556,422416,423188,423298,423478,0,0.0,False,False
3558,118_01473,118,1473,360.0,422814,423098,423388,423666,284,290,278,0.7722222222222223,422724,423478,423576,423756,0,0.0,False,False
3559,118_01474,118,1474,360.0,423098,423388,423666,423946,290,278,280,0.7777777777777778,423008,423756,423856,424036,0,0.0,False,False
3560,118_01475,118,1475,360.0,423388,423666,423946,424181,278,280,235,0.6527777777777778,423298,424036,424091,424271,0,0.0,False,False
3561,118_01476,118,1476,360.0,423666,423946,424181,424482,280,235,301,0.8361111111111111,423576,424271,424392,424572,0,0.0,False,False
3562,118_01477,118,1477,360.0,423946,424181,424482,424765,235,301,283,0.7861111111111111,423856,424572,424675,424855,0,0.0,False,False
3563,118_01478,118,1478,360.0,424181,424482,424765,425038,301,283,273,0.7583333333333333,424091,424855,424948,425128,0,0.0,False,False
3564,118_01479,118,1479,360.0,424482,424765,425038,425315,283,273,277,0.7694444444444445,424392,425128,425225,425405,0,0.0,False,False
3565,118_01480,118,1480,360.0,424765,425038,425315,425588,273,277,273,0.7583333333333333,424675,425405,425498,425678,0,0.0,False,False
3566,118_01481,118,1481,360.0,425038,425315,425588,425863,277,273,275,0.7638888888888888,424948,425678,425773,425953,0,0.0,False,False
3567,118_01482,118,1482,360.0,425315,425588,425863,426136,273,275,273,0.7583333333333333,425225,425953,426046,426226,0,0.0,False,False
3568,118_01483,118,1483,360.0,425588,425863,426136,426414,275,273,278,0.7722222222222223,425498,426226,426324,426504,0,0.0,False,False
3569,118_01484,118,1484,360.0,425863,426136,426414,426697,273,278,283,0.7861111111111111,425773,426504,426607,426787,0,0.0,False,False
3570,118_01485,118,1485,360.0,426136,426414,426697,426979,278,283,282,0.7833333333333333,426046,426787,426889,427069,0,0.0,False,False
3571,118_01486,118,1486,360.0,426414,426697,426979,427273,283,282,294,0.8166666666666667,426324,427069,427183,427363,0,0.0,False,False
3572,118_01487,118,1487,360.0,426697,426979,427273,427558,282,294,285,0.7916666666666666,426607,427363,427468,427648,0,0.0,False,False
3573,118_01488,118,1488,360.0,426979,427273,427558,427842,294,285,284,0.7888888888888889,426889,427648,427752,427932,0,0.0,False,False
3574,118_01489,118,1489,360.0,427273,427558,427842,428136,285,284,294,0.8166666666666667,427183,427932,428046,428226,0,0.0,False,False
3575,118_01490,118,1490,360.0,427558,427842,428136,428423,284,294,287,0.7972222222222223,427468,428226,428333,428513,0,0.0,False,False
3576,118_01491,118,1491,360.0,427842,428136,428423,428712,294,287,289,0.8027777777777778,427752,428513,428622,428802,0,0.0,False,False
3577,118_01492,118,1492,360.0,428136,428423,428712,428996,287,289,284,0.7888888888888889,428046,428802,428906,429086,0,0.0,False,False
3578,118_01493,118,1493,360.0,428423,428712,428996,429284,289,284,288,0.8,428333,429086,429194,429374,0,0.0,False,False
3579,118_01494,118,1494,360.0,428712,428996,429284,429567,284,288,283,0.7861111111111111,428622,429374,429477,429657,0,0.0,False,False
3580,118_01495,118,1495,360.0,428996,429284,429567,429856,288,283,289,0.8027777777777778,428906,429657,429766,429946,0,0.0,False,False
3581,118_01496,118,1496,360.0,429284,429567,429856,430144,283,289,288,0.8,429194,429946,430054,430234,0,0.0,False,False
3582,118_01497,118,1497,360.0,429567,429856,430144,430422,289,288,278,0.7722222222222223,429477,430234,430332,430512,0,0.0,False,False
3583,118_01498,118,1498,360.0,429856,430144,430422,430651,288,278,229,0.6361111111111111,429766,430512,430561,430741,0,0.0,False,False
3584,118_01499,118,1499,360.0,430144,430422,430651,430984,278,229,333,0.925,430054,430741,430894,431074,0,0.0,False,False
3585,118_01500,118,1500,360.0,430422,430651,430984,431279,229,333,295,0.8194444444444444,430332,431074,431189,431369,0,0.0,False,False
3586,118_01501,118,1501,360.0,430651,430984,431279,431569,333,295,290,0.8055555555555556,430561,431369,431479,431659,0,0.0,False,False
3587,118_01502,118,1502,360.0,430984,431279,431569,431854,295,290,285,0.7916666666666666,430894,431659,431764,431944,0,0.0,False,False
3588,118_01503,118,1503,360.0,431279,431569,431854,432147,290,285,293,0.8138888888888889,431189,431944,432057,432237,0,0.0,False,False
3589,118_01504,118,1504,360.0,431569,431854,432147,432440,285,293,293,0.8138888888888889,431479,432237,432350,432530,0,0.0,False,False
3590,118_01505,118,1505,360.0,431854,432147,432440,432735,293,293,295,0.8194444444444444,431764,432530,432645,432825,0,0.0,False,False
3591,118_01506,118,1506,360.0,432147,432440,432735,433033,293,295,298,0.8277777777777777,432057,432825,432943,433123,0,0.0,False,False
3592,118_01507,118,1507,360.0,432440,432735,433033,433330,295,298,297,0.825,432350,433123,433240,433420,0,0.0,False,False
3593,118_01508,118,1508,360.0,432735,433033,433330,433625,298,297,295,0.8194444444444444,432645,433420,433535,433715,0,0.0,False,False
3594,118_01509,118,1509,360.0,433033,433330,433625,433916,297,295,291,0.8083333333333333,432943,433715,433826,434006,0,0.0,False,False
3595,118_01510,118,1510,360.0,433330,433625,433916,434222,295,291,306,0.85,433240,434006,434132,434312,0,0.0,False,False
3596,118_01511,118,1511,360.0,433625,433916,434222,434521,291,306,299,0.8305555555555556,433535,434312,434431,434611,0,0.0,False,False
3597,118_01512,118,1512,360.0,433916,434222,434521,434814,306,299,293,0.8138888888888889,433826,434611,434724,434904,0,0.0,False,False
3598,118_01513,118,1513,360.0,434222,434521,434814,435114,299,293,300,0.8333333333333334,434132,434904,435024,435204,0,0.0,False,False
3599,118_01514,118,1514,360.0,434521,434814,435114,435411,293,300,297,0.825,434431,435204,435321,435501,0,0.0,False,False
3600,118_01515,118,1515,360.0,434814,435114,435411,435707,300,297,296,0.8222222222222222,434724,435501,435617,435797,0,0.0,False,False
3601,118_01516,118,1516,360.0,435114,435411,435707,436010,297,296,303,0.8416666666666667,435024,435797,435920,436100,0,0.0,False,False
3602,118_01517,118,1517,360.0,435411,435707,436010,436305,296,303,295,0.8194444444444444,435321,436100,436215,436395,0,0.0,False,False
3603,118_01518,118,1518,360.0,435707,436010,436305,436597,303,295,292,0.8111111111111111,435617,436395,436507,436687,0,0.0,False,False
3604,118_01519,118,1519,360.0,436010,436305,436597,436898,295,292,301,0.8361111111111111,435920,436687,436808,436988,0,0.0,False,False
3605,118_01520,118,1520,360.0,436305,436597,436898,437202,292,301,304,0.8444444444444444,436215,436988,437112,437292,0,0.0,False,False
3606,118_01521,118,1521,360.0,436597,436898,437202,437503,301,304,301,0.8361111111111111,436507,437292,437413,437593,0,0.0,False,False
3607,118_01522,118,1522,360.0,436898,437202,437503,437807,304,301,304,0.8444444444444444,436808,437593,437717,437897,0,0.0,False,False
3608,118_01523,118,1523,360.0,437202,437503,437807,438107,301,304,300,0.8333333333333334,437112,437897,438017,438197,0,0.0,False,False
3609,118_01524,118,1524,360.0,437503,437807,438107,438409,304,300,302,0.8388888888888889,437413,438197,438319,438499,0,0.0,False,False
3610,118_01525,118,1525,360.0,437807,438107,438409,438717,300,302,308,0.8555555555555555,437717,438499,438627,438807,0,0.0,False,False
3611,118_01526,118,1526,360.0,438107,438409,438717,439019,302,308,302,0.8388888888888889,438017,438807,438929,439109,0,0.0,False,False
3612,118_01527,118,1527,360.0,438409,438717,439019,439323,308,302,304,0.8444444444444444,438319,439109,439233,439413,0,0.0,False,False
3613,118_01528,118,1528,360.0,438717,439019,439323,439624,302,304,301,0.8361111111111111,438627,439413,439534,439714,0,0.0,False,False
3614,118_01529,118,1529,360.0,439019,439323,439624,439923,304,301,299,0.8305555555555556,438929,439714,439833,440013,0,0.0,False,False
3615,118_01530,118,1530,360.0,439323,439624,439923,440228,301,299,305,0.8472222222222222,439233,440013,440138,440318,0,0.0,False,False
3616,118_01531,118,1531,360.0,439624,439923,440228,440534,299,305,306,0.85,439534,440318,440444,440624,0,0.0,False,False
3617,118_01532,118,1532,360.0,439923,440228,440534,440823,305,306,289,0.8027777777777778,439833,440624,440733,440913,0,0.0,False,False
3618,118_01533,118,1533,360.0,440228,440534,440823,441126,306,289,303,0.8416666666666667,440138,440913,441036,441216,0,0.0,False,False
3619,118_01534,118,1534,360.0,440534,440823,441126,441426,289,303,300,0.8333333333333334,440444,441216,441336,441516,0,0.0,False,False
3620,118_01535,118,1535,360.0,440823,441126,441426,441717,303,300,291,0.8083333333333333,440733,441516,441627,441807,0,0.0,False,False
3621,118_01536,118,1536,360.0,441126,441426,441717,442025,300,291,308,0.8555555555555555,441036,441807,441935,442115,0,0.0,False,False
3622,118_01537,118,1537,360.0,441426,441717,442025,442323,291,308,298,0.8277777777777777,441336,442115,442233,442413,0,0.0,False,False
3623,118_01538,118,1538,360.0,441717,442025,442323,442611,308,298,288,0.8,441627,442413,442521,442701,0,0.0,False,False
3624,118_01539,118,1539,360.0,442025,442323,442611,442908,298,288,297,0.825,441935,442701,442818,442998,0,0.0,False,False
3625,118_01540,118,1540,360.0,442323,442611,442908,443207,288,297,299,0.8305555555555556,442233,442998,443117,443297,0,0.0,False,False
3626,118_01541,118,1541,360.0,442611,442908,443207,443499,297,299,292,0.8111111111111111,442521,443297,443409,443589,0,0.0,False,False
3627,118_01542,118,1542,360.0,442908,443207,443499,443786,299,292,287,0.7972222222222223,442818,443589,443696,443876,0,0.0,False,False
3628,118_01543,118,1543,360.0,443207,443499,443786,444078,292,287,292,0.8111111111111111,443117,443876,443988,444168,0,0.0,False,False
3629,118_01544,118,1544,360.0,443499,443786,444078,444363,287,292,285,0.7916666666666666,443409,444168,444273,444453,0,0.0,False,False
3630,118_01545,118,1545,360.0,443786,444078,444363,444655,292,285,292,0.8111111111111111,443696,444453,444565,444745,0,0.0,False,False
3631,118_01546,118,1546,360.0,444078,444363,444655,444950,285,292,295,0.8194444444444444,443988,444745,444860,445040,0,0.0,False,False
3632,118_01547,118,1547,360.0,444363,444655,444950,445233,292,295,283,0.7861111111111111,444273,445040,445143,445323,0,0.0,False,False
3633,118_01548,118,1548,360.0,444655,444950,445233,445521,295,283,288,0.8,444565,445323,445431,445611,0,0.0,False,False
3634,118_01549,118,1549,360.0,444950,445233,445521,445793,283,288,272,0.7555555555555555,444860,445611,445703,445883,0,0.0,False,False
3635,118_01550,118,1550,360.0,445233,445521,445793,446088,288,272,295,0.8194444444444444,445143,445883,445998,446178,0,0.0,False,False
3636,118_01551,118,1551,360.0,445521,445793,446088,446381,272,295,293,0.8138888888888889,445431,446178,446291,446471,0,0.0,False,False
3637,118_01552,118,1552,360.0,445793,446088,446381,446665,295,293,284,0.7888888888888889,445703,446471,446575,446755,0,0.0,False,False
3638,118_01553,118,1553,360.0,446088,446381,446665,446953,293,284,288,0.8,445998,446755,446863,447043,0,0.0,False,False
3639,118_01554,118,1554,360.0,446381,446665,446953,447237,284,288,284,0.7888888888888889,446291,447043,447147,447327,0,0.0,False,False
3640,118_01555,118,1555,360.0,446665,446953,447237,447520,288,284,283,0.7861111111111111,446575,447327,447430,447610,0,0.0,False,False
3641,118_01556,118,1556,360.0,446953,447237,447520,447726,284,283,206,0.5722222222222222,446863,447610,447636,447816,0,0.0,False,False
3642,118_01557,118,1557,360.0,447237,447520,447726,448038,283,206,312,0.8666666666666667,447147,447816,447948,448128,0,0.0,False,False
3643,118_01558,118,1558,360.0,447520,447726,448038,448326,206,312,288,0.8,447430,448128,448236,448416,0,0.0,False,False
3644,118_01559,118,1559,360.0,447726,448038,448326,448610,312,288,284,0.7888888888888889,447636,448416,448520,448700,0,0.0,False,False
3645,118_01560,118,1560,360.0,448038,448326,448610,448911,288,284,301,0.8361111111111111,447948,448700,448821,449001,0,0.0,False,False
3646,118_01561,118,1561,360.0,448326,448610,448911,449204,284,301,293,0.8138888888888889,448236,449001,449114,449294,0,0.0,False,False
3647,118_01562,118,1562,360.0,448610,448911,449204,449494,301,293,290,0.8055555555555556,448520,449294,449404,449584,0,0.0,False,False
3648,118_01563,118,1563,360.0,448911,449204,449494,449787,293,290,293,0.8138888888888889,448821,449584,449697,449877,0,0.0,False,False
3649,118_01564,118,1564,360.0,449204,449494,449787,450083,290,293,296,0.8222222222222222,449114,449877,449993,450173,0,0.0,False,False
3650,118_01565,118,1565,360.0,449494,449787,450083,450373,293,296,290,0.8055555555555556,449404,450173,450283,450463,0,0.0,False,False
3651,118_01566,118,1566,360.0,449787,450083,450373,450673,296,290,300,0.8333333333333334,449697,450463,450583,450763,0,0.0,False,False
3652,118_01567,118,1567,360.0,450083,450373,450673,450974,290,300,301,0.8361111111111111,449993,450763,450884,451064,0,0.0,False,False
3653,118_01568,118,1568,360.0,450373,450673,450974,451270,300,301,296,0.8222222222222222,450283,451064,451180,451360,0,0.0,False,False
3654,118_01569,118,1569,360.0,450673,450974,451270,451570,301,296,300,0.8333333333333334,450583,451360,451480,451660,0,0.0,False,False
3655,118_01570,118,1570,360.0,450974,451270,451570,451875,296,300,305,0.8472222222222222,450884,451660,451785,451965,0,0.0,False,False
3656,118_01571,118,1571,360.0,451270,451570,451875,452175,300,305,300,0.8333333333333334,451180,451965,452085,452265,0,0.0,False,False
3657,118_01572,118,1572,360.0,451570,451875,452175,452484,305,300,309,0.8583333333333333,451480,452265,452394,452574,0,0.0,False,False
3658,118_01573,118,1573,360.0,451875,452175,452484,452779,300,309,295,0.8194444444444444,451785,452574,452689,452869,0,0.0,False,False
3659,118_01574,118,1574,360.0,452175,452484,452779,453085,309,295,306,0.85,452085,452869,452995,453175,0,0.0,False,False
3660,118_01575,118,1575,360.0,452484,452779,453085,453396,295,306,311,0.8638888888888889,452394,453175,453306,453486,0,0.0,False,False
3661,118_01576,118,1576,360.0,452779,453085,453396,453701,306,311,305,0.8472222222222222,452689,453486,453611,453791,0,0.0,False,False
3662,118_01577,118,1577,360.0,453085,453396,453701,454014,311,305,313,0.8694444444444445,452995,453791,453924,454104,0,0.0,False,False
3663,118_01578,118,1578,360.0,453396,453701,454014,454323,305,313,309,0.8583333333333333,453306,454104,454233,454413,0,0.0,False,False
3664,118_01579,118,1579,360.0,453701,454014,454323,454625,313,309,302,0.8388888888888889,453611,454413,454535,454715,0,0.0,False,False
3665,118_01580,118,1580,360.0,454014,454323,454625,454941,309,302,316,0.8777777777777778,453924,454715,454851,455031,0,0.0,False,False
3666,118_01581,118,1581,360.0,454323,454625,454941,455249,302,316,308,0.8555555555555555,454233,455031,455159,455339,0,0.0,False,False
3667,118_01582,118,1582,360.0,454625,454941,455249,455556,316,308,307,0.8527777777777777,454535,455339,455466,455646,0,0.0,False,False
3668,118_01583,118,1583,360.0,454941,455249,455556,455866,308,307,310,0.8611111111111112,454851,455646,455776,455956,0,0.0,False,False
3669,118_01584,118,1584,360.0,455249,455556,455866,456176,307,310,310,0.8611111111111112,455159,455956,456086,456266,0,0.0,False,False
3670,118_01585,118,1585,360.0,455556,455866,456176,456487,310,310,311,0.8638888888888889,455466,456266,456397,456577,0,0.0,False,False
3671,118_01586,118,1586,360.0,455866,456176,456487,456804,310,311,317,0.8805555555555555,455776,456577,456714,456894,0,0.0,False,False
3672,118_01587,118,1587,360.0,456176,456487,456804,457112,311,317,308,0.8555555555555555,456086,456894,457022,457202,0,0.0,False,False
3673,118_01588,118,1588,360.0,456487,456804,457112,457423,317,308,311,0.8638888888888889,456397,457202,457333,457513,0,0.0,False,False
3674,118_01589,118,1589,360.0,456804,457112,457423,457737,308,311,314,0.8722222222222222,456714,457513,457647,457827,0,0.0,False,False
3675,118_01590,118,1590,360.0,457112,457423,457737,458050,311,314,313,0.8694444444444445,457022,457827,457960,458140,0,0.0,False,False
3676,118_01591,118,1591,360.0,457423,457737,458050,458356,314,313,306,0.85,457333,458140,458266,458446,0,0.0,False,False
3677,118_01592,118,1592,360.0,457737,458050,458356,458656,313,306,300,0.8333333333333334,457647,458446,458566,458746,0,0.0,False,False
3678,118_01593,118,1593,360.0,458050,458356,458656,458965,306,300,309,0.8583333333333333,457960,458746,458875,459055,0,0.0,False,False
3679,118_01594,118,1594,360.0,458356,458656,458965,459269,300,309,304,0.8444444444444444,458266,459055,459179,459359,0,0.0,False,False
3680,118_01595,118,1595,360.0,458656,458965,459269,459572,309,304,303,0.8416666666666667,458566,459359,459482,459662,0,0.0,False,False
3681,118_01596,118,1596,360.0,458965,459269,459572,459882,304,303,310,0.8611111111111112,458875,459662,459792,459972,0,0.0,False,False
3682,118_01597,118,1597,360.0,459269,459572,459882,460182,303,310,300,0.8333333333333334,459179,459972,460092,460272,0,0.0,False,False
3683,118_01598,118,1598,360.0,459572,459882,460182,460477,310,300,295,0.8194444444444444,459482,460272,460387,460567,0,0.0,False,False
3684,118_01599,118,1599,360.0,459882,460182,460477,460789,300,295,312,0.8666666666666667,459792,460567,460699,460879,0,0.0,False,False
3685,118_01600,118,1600,360.0,460182,460477,460789,461089,295,312,300,0.8333333333333334,460092,460879,460999,461179,0,0.0,False,False
3686,118_01601,118,1601,360.0,460477,460789,461089,461385,312,300,296,0.8222222222222222,460387,461179,461295,461475,0,0.0,False,False
3687,118_01602,118,1602,360.0,460789,461089,461385,461691,300,296,306,0.85,460699,461475,461601,461781,0,0.0,False,False
3688,118_01603,118,1603,360.0,461089,461385,461691,461996,296,306,305,0.8472222222222222,460999,461781,461906,462086,0,0.0,False,False
3689,118_01604,118,1604,360.0,461385,461691,461996,462296,306,305,300,0.8333333333333334,461295,462086,462206,462386,0,0.0,False,False
3690,118_01605,118,1605,360.0,461691,461996,462296,462607,305,300,311,0.8638888888888889,461601,462386,462517,462697,0,0.0,False,False
3691,118_01606,118,1606,360.0,461996,462296,462607,462913,300,311,306,0.85,461906,462697,462823,463003,0,0.0,False,False
3692,118_01607,118,1607,360.0,462296,462607,462913,463206,311,306,293,0.8138888888888889,462206,463003,463116,463296,0,0.0,False,False
3693,118_01608,118,1608,360.0,462607,462913,463206,463507,306,293,301,0.8361111111111111,462517,463296,463417,463597,0,0.0,False,False
3694,118_01609,118,1609,360.0,462913,463206,463507,463811,293,301,304,0.8444444444444444,462823,463597,463721,463901,0,0.0,False,False
3695,118_01610,118,1610,360.0,463206,463507,463811,464100,301,304,289,0.8027777777777778,463116,463901,464010,464190,0,0.0,False,False
3696,118_01611,118,1611,360.0,463507,463811,464100,464389,304,289,289,0.8027777777777778,463417,464190,464299,464479,0,0.0,False,False
3697,118_01612,118,1612,360.0,463811,464100,464389,464690,289,289,301,0.8361111111111111,463721,464479,464600,464780,0,0.0,False,False
3698,118_01613,118,1613,360.0,464100,464389,464690,464977,289,301,287,0.7972222222222223,464010,464780,464887,465067,0,0.0,False,False
3699,118_01614,118,1614,360.0,464389,464690,464977,465271,301,287,294,0.8166666666666667,464299,465067,465181,465361,0,0.0,False,False
3700,118_01615,118,1615,360.0,464690,464977,465271,465576,287,294,305,0.8472222222222222,464600,465361,465486,465666,0,0.0,False,False
3701,118_01616,118,1616,360.0,464977,465271,465576,465867,294,305,291,0.8083333333333333,464887,465666,465777,465957,0,0.0,False,False
3702,118_01617,118,1617,360.0,465271,465576,465867,466168,305,291,301,0.8361111111111111,465181,465957,466078,466258,0,0.0,False,False
3703,118_01618,118,1618,360.0,465576,465867,466168,466472,291,301,304,0.8444444444444444,465486,466258,466382,466562,0,0.0,False,False
3704,118_01619,118,1619,360.0,465867,466168,466472,466771,301,304,299,0.8305555555555556,465777,466562,466681,466861,0,0.0,False,False
3705,118_01620,118,1620,360.0,466168,466472,466771,467070,304,299,299,0.8305555555555556,466078,466861,466980,467160,0,0.0,False,False
3706,118_01621,118,1621,360.0,466472,466771,467070,467363,299,299,293,0.8138888888888889,466382,467160,467273,467453,0,0.0,False,False
3707,118_01622,118,1622,360.0,466771,467070,467363,467665,299,293,302,0.8388888888888889,466681,467453,467575,467755,0,0.0,False,False
3708,118_01623,118,1623,360.0,467070,467363,467665,467961,293,302,296,0.8222222222222222,466980,467755,467871,468051,0,0.0,False,False
3709,118_01624,118,1624,360.0,467363,467665,467961,468251,302,296,290,0.8055555555555556,467273,468051,468161,468341,0,0.0,False,False
3710,118_01625,118,1625,360.0,467665,467961,468251,468554,296,290,303,0.8416666666666667,467575,468341,468464,468644,0,0.0,False,False
3711,118_01626,118,1626,360.0,467961,468251,468554,468847,290,303,293,0.8138888888888889,467871,468644,468757,468937,0,0.0,False,False
3712,118_01627,118,1627,360.0,468251,468554,468847,469137,303,293,290,0.8055555555555556,468161,468937,469047,469227,0,0.0,False,False
3713,118_01628,118,1628,360.0,468554,468847,469137,469436,293,290,299,0.8305555555555556,468464,469227,469346,469526,0,0.0,False,False
3714,118_01629,118,1629,360.0,468847,469137,469436,469736,290,299,300,0.8333333333333334,468757,469526,469646,469826,0,0.0,False,False
3715,118_01630,118,1630,360.0,469137,469436,469736,470031,299,300,295,0.8194444444444444,469047,469826,469941,470121,0,0.0,False,False
3716,118_01631,118,1631,360.0,469436,469736,470031,470323,300,295,292,0.8111111111111111,469346,470121,470233,470413,0,0.0,False,False
3717,118_01632,118,1632,360.0,469736,470031,470323,470630,295,292,307,0.8527777777777777,469646,470413,470540,470720,0,0.0,False,False
3718,118_01633,118,1633,360.0,470031,470323,470630,470924,292,307,294,0.8166666666666667,469941,470720,470834,471014,0,0.0,False,False
3719,118_01634,118,1634,360.0,470323,470630,470924,471224,307,294,300,0.8333333333333334,470233,471014,471134,471314,0,0.0,False,False
3720,118_01635,118,1635,360.0,470630,470924,471224,471533,294,300,309,0.8583333333333333,470540,471314,471443,471623,0,0.0,False,False
3721,118_01636,118,1636,360.0,470924,471224,471533,471832,300,309,299,0.8305555555555556,470834,471623,471742,471922,0,0.0,False,False
3722,118_01637,118,1637,360.0,471224,471533,471832,472129,309,299,297,0.825,471134,471922,472039,472219,0,0.0,False,False
3723,118_01638,118,1638,360.0,471533,471832,472129,472436,299,297,307,0.8527777777777777,471443,472219,472346,472526,0,0.0,False,False
3724,118_01639,118,1639,360.0,471832,472129,472436,472733,297,307,297,0.825,471742,472526,472643,472823,0,0.0,False,False
3725,118_01640,118,1640,360.0,472129,472436,472733,473035,307,297,302,0.8388888888888889,472039,472823,472945,473125,0,0.0,False,False
3726,118_01641,118,1641,360.0,472436,472733,473035,473329,297,302,294,0.8166666666666667,472346,473125,473239,473419,0,0.0,False,False
3727,118_01642,118,1642,360.0,472733,473035,473329,473626,302,294,297,0.825,472643,473419,473536,473716,0,0.0,False,False
3728,118_01643,118,1643,360.0,473035,473329,473626,473932,294,297,306,0.85,472945,473716,473842,474022,0,0.0,False,False
3729,118_01644,118,1644,360.0,473329,473626,473932,474234,297,306,302,0.8388888888888889,473239,474022,474144,474324,0,0.0,False,False
3730,118_01645,118,1645,360.0,473626,473932,474234,474539,306,302,305,0.8472222222222222,473536,474324,474449,474629,0,0.0,False,False
3731,118_01646,118,1646,360.0,473932,474234,474539,474846,302,305,307,0.8527777777777777,473842,474629,474756,474936,0,0.0,False,False
3732,118_01647,118,1647,360.0,474234,474539,474846,475151,305,307,305,0.8472222222222222,474144,474936,475061,475241,0,0.0,False,False
3733,118_01648,118,1648,360.0,474539,474846,475151,475463,307,305,312,0.8666666666666667,474449,475241,475373,475553,0,0.0,False,False
3734,118_01649,118,1649,360.0,474846,475151,475463,475774,305,312,311,0.8638888888888889,474756,475553,475684,475864,0,0.0,False,False
3735,118_01650,118,1650,360.0,475151,475463,475774,476081,312,311,307,0.8527777777777777,475061,475864,475991,476171,0,0.0,False,False
3736,118_01651,118,1651,360.0,475463,475774,476081,476389,311,307,308,0.8555555555555555,475373,476171,476299,476479,0,0.0,False,False
3737,118_01652,118,1652,360.0,475774,476081,476389,476701,307,308,312,0.8666666666666667,475684,476479,476611,476791,0,0.0,False,False
3738,118_01653,118,1653,360.0,476081,476389,476701,477006,308,312,305,0.8472222222222222,475991,476791,476916,477096,0,0.0,False,False
3739,118_01654,118,1654,360.0,476389,476701,477006,477321,312,305,315,0.875,476299,477096,477231,477411,0,0.0,False,False
3740,118_01655,118,1655,360.0,476701,477006,477321,477630,305,315,309,0.8583333333333333,476611,477411,477540,477720,0,0.0,False,False
3741,118_01656,118,1656,360.0,477006,477321,477630,477935,315,309,305,0.8472222222222222,476916,477720,477845,478025,0,0.0,False,False
3742,118_01657,118,1657,360.0,477321,477630,477935,478248,309,305,313,0.8694444444444445,477231,478025,478158,478338,0,0.0,False,False
3743,118_01658,118,1658,360.0,477630,477935,478248,478564,305,313,316,0.8777777777777778,477540,478338,478474,478654,0,0.0,False,False
3744,118_01659,118,1659,360.0,477935,478248,478564,478872,313,316,308,0.8555555555555555,477845,478654,478782,478962,0,0.0,False,False
3745,118_01660,118,1660,360.0,478248,478564,478872,479181,316,308,309,0.8583333333333333,478158,478962,479091,479271,0,0.0,False,False
3746,118_01661,118,1661,360.0,478564,478872,479181,479496,308,309,315,0.875,478474,479271,479406,479586,0,0.0,False,False
3747,118_01662,118,1662,360.0,478872,479181,479496,479805,309,315,309,0.8583333333333333,478782,479586,479715,479895,0,0.0,False,False
3748,118_01663,118,1663,360.0,479181,479496,479805,480367,315,309,562,1.5611111111111111,479091,479895,480277,480457,0,0.0,False,False
3749,118_01664,118,1664,360.0,479496,479805,480367,480685,309,562,318,0.8833333333333333,479406,480457,480595,480775,0,0.0,False,False
3750,118_01665,118,1665,360.0,479805,480367,480685,480992,562,318,307,0.8527777777777777,479715,480775,480902,481082,0,0.0,False,False
3751,118_01666,118,1666,360.0,480367,480685,480992,481291,318,307,299,0.8305555555555556,480277,481082,481201,481381,0,0.0,False,False
3752,118_01667,118,1667,360.0,480685,480992,481291,481582,307,299,291,0.8083333333333333,480595,481381,481492,481672,0,0.0,False,False
3753,118_01668,118,1668,360.0,480992,481291,481582,481875,299,291,293,0.8138888888888889,480902,481672,481785,481965,0,0.0,False,False
3754,118_01669,118,1669,360.0,481291,481582,481875,482151,291,293,276,0.7666666666666667,481201,481965,482061,482241,0,0.0,False,False
3755,118_01670,118,1670,360.0,481582,481875,482151,482440,293,276,289,0.8027777777777778,481492,482241,482350,482530,0,0.0,False,False
3756,118_01671,118,1671,360.0,481875,482151,482440,482682,276,289,242,0.6722222222222223,481785,482530,482592,482772,0,0.0,False,False
3757,118_01672,118,1672,360.0,482151,482440,482682,482995,289,242,313,0.8694444444444445,482061,482772,482905,483085,0,0.0,False,False
3758,118_01673,118,1673,360.0,482440,482682,482995,483301,242,313,306,0.85,482350,483085,483211,483391,0,0.0,False,False
3759,118_01674,118,1674,360.0,482682,482995,483301,483601,313,306,300,0.8333333333333334,482592,483391,483511,483691,0,0.0,False,False
3760,118_01675,118,1675,360.0,482995,483301,483601,483894,306,300,293,0.8138888888888889,482905,483691,483804,483984,0,0.0,False,False
3761,118_01676,118,1676,360.0,483301,483601,483894,484198,300,293,304,0.8444444444444444,483211,483984,484108,484288,0,0.0,False,False
3762,118_01677,118,1677,360.0,483601,483894,484198,484506,293,304,308,0.8555555555555555,483511,484288,484416,484596,0,0.0,False,False
3763,118_01678,118,1678,360.0,483894,484198,484506,484801,304,308,295,0.8194444444444444,483804,484596,484711,484891,0,0.0,False,False
3764,118_01679,118,1679,360.0,484198,484506,484801,485094,308,295,293,0.8138888888888889,484108,484891,485004,485184,0,0.0,False,False
3765,118_01680,118,1680,360.0,484506,484801,485094,485400,295,293,306,0.85,484416,485184,485310,485490,0,0.0,False,False
3766,118_01681,118,1681,360.0,484801,485094,485400,485695,293,306,295,0.8194444444444444,484711,485490,485605,485785,0,0.0,False,False
3767,118_01682,118,1682,360.0,485094,485400,485695,485990,306,295,295,0.8194444444444444,485004,485785,485900,486080,0,0.0,False,False
3768,118_01683,118,1683,360.0,485400,485695,485990,486296,295,295,306,0.85,485310,486080,486206,486386,0,0.0,False,False
3769,118_01684,118,1684,360.0,485695,485990,486296,486592,295,306,296,0.8222222222222222,485605,486386,486502,486682,0,0.0,False,False
3770,118_01685,118,1685,360.0,485990,486296,486592,486889,306,296,297,0.825,485900,486682,486799,486979,0,0.0,False,False
3771,118_01686,118,1686,360.0,486296,486592,486889,487185,296,297,296,0.8222222222222222,486206,486979,487095,487275,0,0.0,False,False
3772,118_01687,118,1687,360.0,486592,486889,487185,487489,297,296,304,0.8444444444444444,486502,487275,487399,487579,0,0.0,False,False
3773,118_01688,118,1688,360.0,486889,487185,487489,487790,296,304,301,0.8361111111111111,486799,487579,487700,487880,0,0.0,False,False
3774,118_01689,118,1689,360.0,487185,487489,487790,488082,304,301,292,0.8111111111111111,487095,487880,487992,488172,0,0.0,False,False
3775,118_01690,118,1690,360.0,487489,487790,488082,488388,301,292,306,0.85,487399,488172,488298,488478,0,0.0,False,False
3776,118_01691,118,1691,360.0,487790,488082,488388,488626,292,306,238,0.6611111111111111,487700,488478,488536,488716,0,0.0,False,False
3777,118_01692,118,1692,360.0,488082,488388,488626,488984,306,238,358,0.9944444444444445,487992,488716,488894,489074,0,0.0,False,False
3778,118_01693,118,1693,360.0,488388,488626,488984,489575,238,358,591,1.6416666666666666,488298,489074,489485,489665,0,0.0,False,False
3779,118_01694,118,1694,360.0,488626,488984,489575,489881,358,591,306,0.85,488536,489665,489791,489971,0,0.0,False,False
3780,118_01695,118,1695,360.0,488984,489575,489881,490195,591,306,314,0.8722222222222222,488894,489971,490105,490285,0,0.0,False,False
3781,118_01696,118,1696,360.0,489575,489881,490195,490505,306,314,310,0.8611111111111112,489485,490285,490415,490595,0,0.0,False,False
3782,118_01697,118,1697,360.0,489881,490195,490505,490810,314,310,305,0.8472222222222222,489791,490595,490720,490900,0,0.0,False,False
3783,118_01698,118,1698,360.0,490195,490505,490810,491116,310,305,306,0.85,490105,490900,491026,491206,0,0.0,False,False
3784,118_01699,118,1699,360.0,490505,490810,491116,491427,305,306,311,0.8638888888888889,490415,491206,491337,491517,0,0.0,False,False
3785,118_01700,118,1700,360.0,490810,491116,491427,491656,306,311,229,0.6361111111111111,490720,491517,491566,491746,0,0.0,False,False
3786,118_01701,118,1701,360.0,491116,491427,491656,492022,311,229,366,1.0166666666666666,491026,491746,491932,492112,0,0.0,False,False
3787,118_01702,118,1702,360.0,491427,491656,492022,492358,229,366,336,0.9333333333333333,491337,492112,492268,492448,0,0.0,False,False
3788,118_01703,118,1703,360.0,491656,492022,492358,492679,366,336,321,0.8916666666666667,491566,492448,492589,492769,0,0.0,False,False
3789,118_01704,118,1704,360.0,492022,492358,492679,492999,336,321,320,0.8888888888888888,491932,492769,492909,493089,0,0.0,False,False
3790,118_01705,118,1705,360.0,492358,492679,492999,493319,321,320,320,0.8888888888888888,492268,493089,493229,493409,0,0.0,False,False
3791,118_01706,118,1706,360.0,492679,492999,493319,493640,320,320,321,0.8916666666666667,492589,493409,493550,493730,0,0.0,False,False
3792,118_01707,118,1707,360.0,492999,493319,493640,493951,320,321,311,0.8638888888888889,492909,493730,493861,494041,0,0.0,False,False
3793,118_01708,118,1708,360.0,493319,493640,493951,494261,321,311,310,0.8611111111111112,493229,494041,494171,494351,0,0.0,False,False
3794,118_01709,118,1709,360.0,493640,493951,494261,494571,311,310,310,0.8611111111111112,493550,494351,494481,494661,0,0.0,False,False
3795,118_01710,118,1710,360.0,493951,494261,494571,494885,310,310,314,0.8722222222222222,493861,494661,494795,494975,0,0.0,False,False
3796,118_01711,118,1711,360.0,494261,494571,494885,495199,310,314,314,0.8722222222222222,494171,494975,495109,495289,0,0.0,False,False
3797,118_01712,118,1712,360.0,494571,494885,495199,495512,314,314,313,0.8694444444444445,494481,495289,495422,495602,0,0.0,False,False
3798,118_01713,118,1713,360.0,494885,495199,495512,495825,314,313,313,0.8694444444444445,494795,495602,495735,495915,0,0.0,False,False
3799,118_01714,118,1714,360.0,495199,495512,495825,496142,313,313,317,0.8805555555555555,495109,495915,496052,496232,0,0.0,False,False
3800,118_01715,118,1715,360.0,495512,495825,496142,496462,313,317,320,0.8888888888888888,495422,496232,496372,496552,0,0.0,False,False
3801,118_01716,118,1716,360.0,495825,496142,496462,496778,317,320,316,0.8777777777777778,495735,496552,496688,496868,0,0.0,False,False
3802,118_01717,118,1717,360.0,496142,496462,496778,497004,320,316,226,0.6277777777777778,496052,496868,496914,497094,0,0.0,False,False
3803,118_01718,118,1718,360.0,496462,496778,497004,497375,316,226,371,1.0305555555555554,496372,497094,497285,497465,0,0.0,False,False
3804,118_01719,118,1719,360.0,496778,497004,497375,497707,226,371,332,0.9222222222222223,496688,497465,497617,497797,0,0.0,False,False
3805,118_01720,118,1720,360.0,497004,497375,497707,498348,371,332,641,1.7805555555555554,496914,497797,498258,498438,0,0.0,False,False
3806,118_01721,118,1721,360.0,497375,497707,498348,498663,332,641,315,0.875,497285,498438,498573,498753,0,0.0,False,False
3807,118_01722,118,1722,360.0,497707,498348,498663,498977,641,315,314,0.8722222222222222,497617,498753,498887,499067,0,0.0,False,False
3808,118_01723,118,1723,360.0,498348,498663,498977,499212,315,314,235,0.6527777777777778,498258,499067,499122,499302,0,0.0,False,False
3809,118_01724,118,1724,360.0,498663,498977,499212,499575,314,235,363,1.0083333333333333,498573,499302,499485,499665,0,0.0,False,False
3810,118_01725,118,1725,360.0,498977,499212,499575,499905,235,363,330,0.9166666666666666,498887,499665,499815,499995,0,0.0,False,False
3811,118_01726,118,1726,360.0,499212,499575,499905,500230,363,330,325,0.9027777777777778,499122,499995,500140,500320,0,0.0,False,False
3812,118_01727,118,1727,360.0,499575,499905,500230,500552,330,325,322,0.8944444444444445,499485,500320,500462,500642,0,0.0,False,False
3813,118_01728,118,1728,360.0,499905,500230,500552,500874,325,322,322,0.8944444444444445,499815,500642,500784,500964,0,0.0,False,False
3814,118_01729,118,1729,360.0,500230,500552,500874,501203,322,322,329,0.9138888888888889,500140,500964,501113,501293,0,0.0,False,False
3815,118_01730,118,1730,360.0,500552,500874,501203,501524,322,329,321,0.8916666666666667,500462,501293,501434,501614,0,0.0,False,False
3816,118_01731,118,1731,360.0,500874,501203,501524,501841,329,321,317,0.8805555555555555,500784,501614,501751,501931,0,0.0,False,False
3817,118_01732,118,1732,360.0,501203,501524,501841,502163,321,317,322,0.8944444444444445,501113,501931,502073,502253,0,0.0,False,False
3818,118_01733,118,1733,360.0,501524,501841,502163,502475,317,322,312,0.8666666666666667,501434,502253,502385,502565,0,0.0,False,False
3819,118_01734,118,1734,360.0,501841,502163,502475,502783,322,312,308,0.8555555555555555,501751,502565,502693,502873,0,0.0,False,False
3820,118_01735,118,1735,360.0,502163,502475,502783,503104,312,308,321,0.8916666666666667,502073,502873,503014,503194,0,0.0,False,False
3821,118_01736,118,1736,360.0,502475,502783,503104,503330,308,321,226,0.6277777777777778,502385,503194,503240,503420,0,0.0,False,False
3822,118_01737,118,1737,360.0,502783,503104,503330,503699,321,226,369,1.025,502693,503420,503609,503789,0,0.0,False,False
3823,118_01738,118,1738,360.0,503104,503330,503699,504039,226,369,340,0.9444444444444444,503014,503789,503949,504129,0,0.0,False,False
3824,118_01739,118,1739,360.0,503330,503699,504039,504356,369,340,317,0.8805555555555555,503240,504129,504266,504446,0,0.0,False,False
3825,118_01740,118,1740,360.0,503699,504039,504356,504676,340,317,320,0.8888888888888888,503609,504446,504586,504766,0,0.0,False,False
3826,118_01741,118,1741,360.0,504039,504356,504676,505002,317,320,326,0.9055555555555556,503949,504766,504912,505092,0,0.0,False,False
3827,118_01742,118,1742,360.0,504356,504676,505002,505315,320,326,313,0.8694444444444445,504266,505092,505225,505405,0,0.0,False,False
3828,118_01743,118,1743,360.0,504676,505002,505315,505632,326,313,317,0.8805555555555555,504586,505405,505542,505722,0,0.0,False,False
3829,118_01744,118,1744,360.0,505002,505315,505632,505945,313,317,313,0.8694444444444445,504912,505722,505855,506035,0,0.0,False,False
3830,118_01745,118,1745,360.0,505315,505632,505945,506249,317,313,304,0.8444444444444444,505225,506035,506159,506339,0,0.0,False,False
3831,118_01746,118,1746,360.0,505632,505945,506249,506564,313,304,315,0.875,505542,506339,506474,506654,0,0.0,False,False
3832,118_01747,118,1747,360.0,505945,506249,506564,506873,304,315,309,0.8583333333333333,505855,506654,506783,506963,0,0.0,False,False
3833,118_01748,118,1748,360.0,506249,506564,506873,507099,315,309,226,0.6277777777777778,506159,506963,507009,507189,0,0.0,False,False
3834,118_01749,118,1749,360.0,506564,506873,507099,507455,309,226,356,0.9888888888888889,506474,507189,507365,507545,0,0.0,False,False
3835,118_01750,118,1750,360.0,506873,507099,507455,507761,226,356,306,0.85,506783,507545,507671,507851,0,0.0,False,False
3836,118_01751,118,1751,360.0,507099,507455,507761,508075,356,306,314,0.8722222222222222,507009,507851,507985,508165,0,0.0,False,False
3837,118_01752,118,1752,360.0,507455,507761,508075,508385,306,314,310,0.8611111111111112,507365,508165,508295,508475,0,0.0,False,False
3838,118_01753,118,1753,360.0,507761,508075,508385,508606,314,310,221,0.6138888888888889,507671,508475,508516,508696,0,0.0,False,False
3839,118_01754,118,1754,360.0,508075,508385,508606,508948,310,221,342,0.95,507985,508696,508858,509038,0,0.0,False,False
3840,118_01755,118,1755,360.0,508385,508606,508948,509255,221,342,307,0.8527777777777777,508295,509038,509165,509345,0,0.0,False,False
3841,118_01756,118,1756,360.0,508606,508948,509255,509558,342,307,303,0.8416666666666667,508516,509345,509468,509648,0,0.0,False,False
3842,118_01757,118,1757,360.0,508948,509255,509558,509869,307,303,311,0.8638888888888889,508858,509648,509779,509959,0,0.0,False,False
3843,118_01758,118,1758,360.0,509255,509558,509869,510092,303,311,223,0.6194444444444445,509165,509959,510002,510182,0,0.0,False,False
3844,118_01759,118,1759,360.0,509558,509869,510092,510435,311,223,343,0.9527777777777777,509468,510182,510345,510525,0,0.0,False,False
3845,118_01760,118,1760,360.0,509869,510092,510435,510741,223,343,306,0.85,509779,510525,510651,510831,0,0.0,False,False
3846,118_01761,118,1761,360.0,510092,510435,510741,511053,343,306,312,0.8666666666666667,510002,510831,510963,511143,0,0.0,False,False
3847,118_01762,118,1762,360.0,510435,510741,511053,511359,306,312,306,0.85,510345,511143,511269,511449,0,0.0,False,False
3848,118_01763,118,1763,360.0,510741,511053,511359,511659,312,306,300,0.8333333333333334,510651,511449,511569,511749,0,0.0,False,False
3849,118_01764,118,1764,360.0,511053,511359,511659,511964,306,300,305,0.8472222222222222,510963,511749,511874,512054,0,0.0,False,False
3850,118_01765,118,1765,360.0,511359,511659,511964,512264,300,305,300,0.8333333333333334,511269,512054,512174,512354,0,0.0,False,False
3851,118_01766,118,1766,360.0,511659,511964,512264,512486,305,300,222,0.6166666666666667,511569,512354,512396,512576,0,0.0,False,False
3852,118_01767,118,1767,360.0,511964,512264,512486,512843,300,222,357,0.9916666666666667,511874,512576,512753,512933,0,0.0,False,False
3853,118_01768,118,1768,360.0,512264,512486,512843,513150,222,357,307,0.8527777777777777,512174,512933,513060,513240,0,0.0,False,False
3854,118_01769,118,1769,360.0,512486,512843,513150,513459,357,307,309,0.8583333333333333,512396,513240,513369,513549,0,0.0,False,False
3855,118_01770,118,1770,360.0,512843,513150,513459,513687,307,309,228,0.6333333333333333,512753,513549,513597,513777,0,0.0,False,False
3856,118_01771,118,1771,360.0,513150,513459,513687,514036,309,228,349,0.9694444444444444,513060,513777,513946,514126,0,0.0,False,False
3857,118_01772,118,1772,360.0,513459,513687,514036,514351,228,349,315,0.875,513369,514126,514261,514441,0,0.0,False,False
3858,118_01773,118,1773,360.0,513687,514036,514351,514658,349,315,307,0.8527777777777777,513597,514441,514568,514748,0,0.0,False,False
3859,118_01774,118,1774,360.0,514036,514351,514658,514888,315,307,230,0.6388888888888888,513946,514748,514798,514978,0,0.0,False,False
3860,118_01775,118,1775,360.0,514351,514658,514888,515240,307,230,352,0.9777777777777777,514261,514978,515150,515330,0,0.0,False,False
3861,118_01776,118,1776,360.0,514658,514888,515240,515557,230,352,317,0.8805555555555555,514568,515330,515467,515647,0,0.0,False,False
3862,118_01777,118,1777,360.0,514888,515240,515557,515873,352,317,316,0.8777777777777778,514798,515647,515783,515963,0,0.0,False,False
3863,118_01778,118,1778,360.0,515240,515557,515873,516182,317,316,309,0.8583333333333333,515150,515963,516092,516272,0,0.0,False,False
3864,118_01779,118,1779,360.0,515557,515873,516182,516488,316,309,306,0.85,515467,516272,516398,516578,0,0.0,False,False
3865,118_01780,118,1780,360.0,515873,516182,516488,516804,309,306,316,0.8777777777777778,515783,516578,516714,516894,0,0.0,False,False
3866,118_01781,118,1781,360.0,516182,516488,516804,517109,306,316,305,0.8472222222222222,516092,516894,517019,517199,0,0.0,False,False
3867,118_01782,118,1782,360.0,516488,516804,517109,517409,316,305,300,0.8333333333333334,516398,517199,517319,517499,0,0.0,False,False
3868,118_01783,118,1783,360.0,516804,517109,517409,517720,305,300,311,0.8638888888888889,516714,517499,517630,517810,0,0.0,False,False
3869,118_01784,118,1784,360.0,517109,517409,517720,518026,300,311,306,0.85,517019,517810,517936,518116,0,0.0,False,False
3870,118_01785,118,1785,360.0,517409,517720,518026,518331,311,306,305,0.8472222222222222,517319,518116,518241,518421,0,0.0,False,False
3871,118_01786,118,1786,360.0,517720,518026,518331,518649,306,305,318,0.8833333333333333,517630,518421,518559,518739,0,0.0,False,False
3872,118_01787,118,1787,360.0,518026,518331,518649,518961,305,318,312,0.8666666666666667,517936,518739,518871,519051,0,0.0,False,False
3873,118_01788,118,1788,360.0,518331,518649,518961,519269,318,312,308,0.8555555555555555,518241,519051,519179,519359,0,0.0,False,False
3874,118_01789,118,1789,360.0,518649,518961,519269,519585,312,308,316,0.8777777777777778,518559,519359,519495,519675,0,0.0,False,False
3875,118_01790,118,1790,360.0,518961,519269,519585,519899,308,316,314,0.8722222222222222,518871,519675,519809,519989,0,0.0,False,False
3876,118_01791,118,1791,360.0,519269,519585,519899,520211,316,314,312,0.8666666666666667,519179,519989,520121,520301,0,0.0,False,False
3877,118_01792,118,1792,360.0,519585,519899,520211,520521,314,312,310,0.8611111111111112,519495,520301,520431,520611,0,0.0,False,False
3878,118_01793,118,1793,360.0,519899,520211,520521,520831,312,310,310,0.8611111111111112,519809,520611,520741,520921,0,0.0,False,False
3879,118_01794,118,1794,360.0,520211,520521,520831,521142,310,310,311,0.8638888888888889,520121,520921,521052,521232,0,0.0,False,False
3880,118_01795,118,1795,360.0,520521,520831,521142,521458,310,311,316,0.8777777777777778,520431,521232,521368,521548,0,0.0,False,False
3881,118_01796,118,1796,360.0,520831,521142,521458,521778,311,316,320,0.8888888888888888,520741,521548,521688,521868,0,0.0,False,False
3882,118_01797,118,1797,360.0,521142,521458,521778,522089,316,320,311,0.8638888888888889,521052,521868,521999,522179,0,0.0,False,False
3883,118_01798,118,1798,360.0,521458,521778,522089,522402,320,311,313,0.8694444444444445,521368,522179,522312,522492,0,0.0,False,False
3884,118_01799,118,1799,360.0,521778,522089,522402,522726,311,313,324,0.9,521688,522492,522636,522816,0,0.0,False,False
3885,118_01800,118,1800,360.0,522089,522402,522726,523040,313,324,314,0.8722222222222222,521999,522816,522950,523130,0,0.0,False,False
3886,118_01801,118,1801,360.0,522402,522726,523040,523344,324,314,304,0.8444444444444444,522312,523130,523254,523434,0,0.0,False,False
3887,118_01802,118,1802,360.0,522726,523040,523344,523655,314,304,311,0.8638888888888889,522636,523434,523565,523745,0,0.0,False,False
3888,118_01803,118,1803,360.0,523040,523344,523655,523967,304,311,312,0.8666666666666667,522950,523745,523877,524057,0,0.0,False,False
3889,118_01804,118,1804,360.0,523344,523655,523967,524275,311,312,308,0.8555555555555555,523254,524057,524185,524365,0,0.0,False,False
3890,118_01805,118,1805,360.0,523655,523967,524275,524583,312,308,308,0.8555555555555555,523565,524365,524493,524673,0,0.0,False,False
3891,118_01806,118,1806,360.0,523967,524275,524583,524891,308,308,308,0.8555555555555555,523877,524673,524801,524981,0,0.0,False,False
3892,118_01807,118,1807,360.0,524275,524583,524891,525201,308,308,310,0.8611111111111112,524185,524981,525111,525291,0,0.0,False,False
3893,118_01808,118,1808,360.0,524583,524891,525201,525509,308,310,308,0.8555555555555555,524493,525291,525419,525599,0,0.0,False,False
3894,118_01809,118,1809,360.0,524891,525201,525509,525817,310,308,308,0.8555555555555555,524801,525599,525727,525907,0,0.0,False,False
3895,118_01810,118,1810,360.0,525201,525509,525817,526121,308,308,304,0.8444444444444444,525111,525907,526031,526211,0,0.0,False,False
3896,118_01811,118,1811,360.0,525509,525817,526121,526428,308,304,307,0.8527777777777777,525419,526211,526338,526518,0,0.0,False,False
3897,118_01812,118,1812,360.0,525817,526121,526428,526738,304,307,310,0.8611111111111112,525727,526518,526648,526828,0,0.0,False,False
3898,118_01813,118,1813,360.0,526121,526428,526738,527044,307,310,306,0.85,526031,526828,526954,527134,0,0.0,False,False
3899,118_01814,118,1814,360.0,526428,526738,527044,527358,310,306,314,0.8722222222222222,526338,527134,527268,527448,0,0.0,False,False
3900,118_01815,118,1815,360.0,526738,527044,527358,527671,306,314,313,0.8694444444444445,526648,527448,527581,527761,0,0.0,False,False
3901,118_01816,118,1816,360.0,527044,527358,527671,527973,314,313,302,0.8388888888888889,526954,527761,527883,528063,0,0.0,False,False
3902,118_01817,118,1817,360.0,527358,527671,527973,528278,313,302,305,0.8472222222222222,527268,528063,528188,528368,0,0.0,False,False
3903,118_01818,118,1818,360.0,527671,527973,528278,528587,302,305,309,0.8583333333333333,527581,528368,528497,528677,0,0.0,False,False
3904,118_01819,118,1819,360.0,527973,528278,528587,528889,305,309,302,0.8388888888888889,527883,528677,528799,528979,0,0.0,False,False
3905,118_01820,118,1820,360.0,528278,528587,528889,529191,309,302,302,0.8388888888888889,528188,528979,529101,529281,0,0.0,False,False
3906,118_01821,118,1821,360.0,528587,528889,529191,529486,302,302,295,0.8194444444444444,528497,529281,529396,529576,0,0.0,False,False
3907,118_01822,118,1822,360.0,528889,529191,529486,529793,302,295,307,0.8527777777777777,528799,529576,529703,529883,0,0.0,False,False
3908,118_01823,118,1823,360.0,529191,529486,529793,530095,295,307,302,0.8388888888888889,529101,529883,530005,530185,0,0.0,False,False
3909,118_01824,118,1824,360.0,529486,529793,530095,530392,307,302,297,0.825,529396,530185,530302,530482,0,0.0,False,False
3910,118_01825,118,1825,360.0,529793,530095,530392,530702,302,297,310,0.8611111111111112,529703,530482,530612,530792,0,0.0,False,False
3911,118_01826,118,1826,360.0,530095,530392,530702,531007,297,310,305,0.8472222222222222,530005,530792,530917,531097,0,0.0,False,False
3912,118_01827,118,1827,360.0,530392,530702,531007,531302,310,305,295,0.8194444444444444,530302,531097,531212,531392,0,0.0,False,False
3913,118_01828,118,1828,360.0,530702,531007,531302,531614,305,295,312,0.8666666666666667,530612,531392,531524,531704,0,0.0,False,False
3914,118_01829,118,1829,360.0,531007,531302,531614,532206,295,312,592,1.6444444444444444,530917,531704,532116,532296,0,0.0,False,False
3915,118_01830,118,1830,360.0,531302,531614,532206,532513,312,592,307,0.8527777777777777,531212,532296,532423,532603,0,0.0,False,False
3916,118_01831,118,1831,360.0,531614,532206,532513,532813,592,307,300,0.8333333333333334,531524,532603,532723,532903,0,0.0,False,False
3917,118_01832,118,1832,360.0,532206,532513,532813,533110,307,300,297,0.825,532116,532903,533020,533200,0,0.0,False,False
3918,118_01833,118,1833,360.0,532513,532813,533110,533408,300,297,298,0.8277777777777777,532423,533200,533318,533498,0,0.0,False,False
3919,118_01834,118,1834,360.0,532813,533110,533408,533711,297,298,303,0.8416666666666667,532723,533498,533621,533801,0,0.0,False,False
3920,118_01835,118,1835,360.0,533110,533408,533711,534011,298,303,300,0.8333333333333334,533020,533801,533921,534101,0,0.0,False,False
3921,118_01836,118,1836,360.0,533408,533711,534011,534309,303,300,298,0.8277777777777777,533318,534101,534219,534399,0,0.0,False,False
3922,118_01837,118,1837,360.0,533711,534011,534309,534617,300,298,308,0.8555555555555555,533621,534399,534527,534707,0,0.0,False,False
3923,118_01838,118,1838,360.0,534011,534309,534617,534925,298,308,308,0.8555555555555555,533921,534707,534835,535015,0,0.0,False,False
3924,118_01839,118,1839,360.0,534309,534617,534925,535227,308,308,302,0.8388888888888889,534219,535015,535137,535317,0,0.0,False,False
3925,118_01840,118,1840,360.0,534617,534925,535227,535529,308,302,302,0.8388888888888889,534527,535317,535439,535619,0,0.0,False,False
3926,118_01841,118,1841,360.0,534925,535227,535529,535840,302,302,311,0.8638888888888889,534835,535619,535750,535930,0,0.0,False,False
3927,118_01842,118,1842,360.0,535227,535529,535840,536147,302,311,307,0.8527777777777777,535137,535930,536057,536237,0,0.0,False,False
3928,118_01843,118,1843,360.0,535529,535840,536147,536454,311,307,307,0.8527777777777777,535439,536237,536364,536544,0,0.0,False,False
3929,118_01844,118,1844,360.0,535840,536147,536454,536768,307,307,314,0.8722222222222222,535750,536544,536678,536858,0,0.0,False,False
3930,118_01845,118,1845,360.0,536147,536454,536768,537073,307,314,305,0.8472222222222222,536057,536858,536983,537163,0,0.0,False,False
3931,118_01846,118,1846,360.0,536454,536768,537073,537376,314,305,303,0.8416666666666667,536364,537163,537286,537466,0,0.0,False,False
3932,118_01847,118,1847,360.0,536768,537073,537376,537686,305,303,310,0.8611111111111112,536678,537466,537596,537776,0,0.0,False,False
3933,118_01848,118,1848,360.0,537073,537376,537686,537991,303,310,305,0.8472222222222222,536983,537776,537901,538081,0,0.0,False,False
3934,118_01849,118,1849,360.0,537376,537686,537991,538289,310,305,298,0.8277777777777777,537286,538081,538199,538379,0,0.0,False,False
3935,118_01850,118,1850,360.0,537686,537991,538289,538600,305,298,311,0.8638888888888889,537596,538379,538510,538690,0,0.0,False,False
3936,118_01851,118,1851,360.0,537991,538289,538600,538909,298,311,309,0.8583333333333333,537901,538690,538819,538999,0,0.0,False,False
3937,118_01852,118,1852,360.0,538289,538600,538909,539219,311,309,310,0.8611111111111112,538199,538999,539129,539309,0,0.0,False,False
3938,118_01853,118,1853,360.0,538600,538909,539219,539536,309,310,317,0.8805555555555555,538510,539309,539446,539626,0,0.0,False,False
3939,118_01854,118,1854,360.0,538909,539219,539536,539845,310,317,309,0.8583333333333333,538819,539626,539755,539935,0,0.0,False,False
3940,118_01855,118,1855,360.0,539219,539536,539845,540161,317,309,316,0.8777777777777778,539129,539935,540071,540251,0,0.0,False,False
3941,118_01856,118,1856,360.0,539536,539845,540161,540480,309,316,319,0.8861111111111111,539446,540251,540390,540570,0,0.0,False,False
3942,118_01857,118,1857,360.0,539845,540161,540480,540791,316,319,311,0.8638888888888889,539755,540570,540701,540881,0,0.0,False,False
3943,118_01858,118,1858,360.0,540161,540480,540791,541105,319,311,314,0.8722222222222222,540071,540881,541015,541195,0,0.0,False,False
3944,118_01859,118,1859,360.0,540480,540791,541105,541413,311,314,308,0.8555555555555555,540390,541195,541323,541503,0,0.0,False,False
3945,118_01860,118,1860,360.0,540791,541105,541413,541723,314,308,310,0.8611111111111112,540701,541503,541633,541813,0,0.0,False,False
3946,118_01861,118,1861,360.0,541105,541413,541723,542037,308,310,314,0.8722222222222222,541015,541813,541947,542127,0,0.0,False,False
3947,118_01862,118,1862,360.0,541413,541723,542037,542344,310,314,307,0.8527777777777777,541323,542127,542254,542434,0,0.0,False,False
3948,118_01863,118,1863,360.0,541723,542037,542344,542658,314,307,314,0.8722222222222222,541633,542434,542568,542748,0,0.0,False,False
3949,118_01864,118,1864,360.0,542037,542344,542658,542975,307,314,317,0.8805555555555555,541947,542748,542885,543065,0,0.0,False,False
3950,118_01865,118,1865,360.0,542344,542658,542975,543279,314,317,304,0.8444444444444444,542254,543065,543189,543369,0,0.0,False,False
3951,118_01866,118,1866,360.0,542658,542975,543279,543594,317,304,315,0.875,542568,543369,543504,543684,0,0.0,False,False
3952,118_01867,118,1867,360.0,542975,543279,543594,543905,304,315,311,0.8638888888888889,542885,543684,543815,543995,0,0.0,False,False
3953,118_01868,118,1868,360.0,543279,543594,543905,544210,315,311,305,0.8472222222222222,543189,543995,544120,544300,0,0.0,False,False
3954,118_01869,118,1869,360.0,543594,543905,544210,544525,311,305,315,0.875,543504,544300,544435,544615,0,0.0,False,False
3955,118_01870,118,1870,360.0,543905,544210,544525,544834,305,315,309,0.8583333333333333,543815,544615,544744,544924,0,0.0,False,False
3956,118_01871,118,1871,360.0,544210,544525,544834,545138,315,309,304,0.8444444444444444,544120,544924,545048,545228,0,0.0,False,False
3957,118_01872,118,1872,360.0,544525,544834,545138,545451,309,304,313,0.8694444444444445,544435,545228,545361,545541,0,0.0,False,False
3958,118_01873,118,1873,360.0,544834,545138,545451,545756,304,313,305,0.8472222222222222,544744,545541,545666,545846,0,0.0,False,False
3959,118_01874,118,1874,360.0,545138,545451,545756,546056,313,305,300,0.8333333333333334,545048,545846,545966,546146,0,0.0,False,False
3960,118_01875,118,1875,360.0,545451,545756,546056,546370,305,300,314,0.8722222222222222,545361,546146,546280,546460,0,0.0,False,False
3961,118_01876,118,1876,360.0,545756,546056,546370,546675,300,314,305,0.8472222222222222,545666,546460,546585,546765,0,0.0,False,False
3962,118_01877,118,1877,360.0,546056,546370,546675,546980,314,305,305,0.8472222222222222,545966,546765,546890,547070,0,0.0,False,False
3963,118_01878,118,1878,360.0,546370,546675,546980,547289,305,305,309,0.8583333333333333,546280,547070,547199,547379,0,0.0,False,False
3964,118_01879,118,1879,360.0,546675,546980,547289,547592,305,309,303,0.8416666666666667,546585,547379,547502,547682,0,0.0,False,False
3965,118_01880,118,1880,360.0,546980,547289,547592,547895,309,303,303,0.8416666666666667,546890,547682,547805,547985,0,0.0,False,False
3966,118_01881,118,1881,360.0,547289,547592,547895,548199,303,303,304,0.8444444444444444,547199,547985,548109,548289,0,0.0,False,False
3967,118_01882,118,1882,360.0,547592,547895,548199,548504,303,304,305,0.8472222222222222,547502,548289,548414,548594,0,0.0,False,False
3968,118_01883,118,1883,360.0,547895,548199,548504,548809,304,305,305,0.8472222222222222,547805,548594,548719,548899,0,0.0,False,False
3969,118_01884,118,1884,360.0,548199,548504,548809,549109,305,305,300,0.8333333333333334,548109,548899,549019,549199,0,0.0,False,False
3970,118_01885,118,1885,360.0,548504,548809,549109,549415,305,300,306,0.85,548414,549199,549325,549505,0,0.0,False,False
3971,118_01886,118,1886,360.0,548809,549109,549415,549724,300,306,309,0.8583333333333333,548719,549505,549634,549814,0,0.0,False,False
3972,118_01887,118,1887,360.0,549109,549415,549724,549942,306,309,218,0.6055555555555555,549019,549814,549852,550032,0,0.0,False,False
3973,118_01888,118,1888,360.0,549415,549724,549942,550261,309,218,319,0.8861111111111111,549325,550032,550171,550351,0,0.0,False,False
3974,118_01889,118,1889,360.0,549724,549942,550261,550573,218,319,312,0.8666666666666667,549634,550351,550483,550663,0,0.0,False,False
3975,118_01890,118,1890,360.0,549942,550261,550573,550872,319,312,299,0.8305555555555556,549852,550663,550782,550962,0,0.0,False,False
3976,118_01891,118,1891,360.0,550261,550573,550872,551183,312,299,311,0.8638888888888889,550171,550962,551093,551273,0,0.0,False,False
3977,118_01892,118,1892,360.0,550573,550872,551183,551489,299,311,306,0.85,550483,551273,551399,551579,0,0.0,False,False
3978,118_01893,118,1893,360.0,550872,551183,551489,551787,311,306,298,0.8277777777777777,550782,551579,551697,551877,0,0.0,False,False
3979,118_01894,118,1894,360.0,551183,551489,551787,552090,306,298,303,0.8416666666666667,551093,551877,552000,552180,0,0.0,False,False
3980,118_01895,118,1895,360.0,551489,551787,552090,552399,298,303,309,0.8583333333333333,551399,552180,552309,552489,0,0.0,False,False
3981,118_01896,118,1896,360.0,551787,552090,552399,552704,303,309,305,0.8472222222222222,551697,552489,552614,552794,0,0.0,False,False
3982,118_01897,118,1897,360.0,552090,552399,552704,553002,309,305,298,0.8277777777777777,552000,552794,552912,553092,0,0.0,False,False
3983,118_01898,118,1898,360.0,552399,552704,553002,553305,305,298,303,0.8416666666666667,552309,553092,553215,553395,0,0.0,False,False
3984,118_01899,118,1899,360.0,552704,553002,553305,553604,298,303,299,0.8305555555555556,552614,553395,553514,553694,0,0.0,False,False
3985,118_01900,118,1900,360.0,553002,553305,553604,553906,303,299,302,0.8388888888888889,552912,553694,553816,553996,0,0.0,False,False
3986,118_01901,118,1901,360.0,553305,553604,553906,554207,299,302,301,0.8361111111111111,553215,553996,554117,554297,0,0.0,False,False
3987,118_01902,118,1902,360.0,553604,553906,554207,554503,302,301,296,0.8222222222222222,553514,554297,554413,554593,0,0.0,False,False
3988,118_01903,118,1903,360.0,553906,554207,554503,554800,301,296,297,0.825,553816,554593,554710,554890,0,0.0,False,False
3989,118_01904,118,1904,360.0,554207,554503,554800,555099,296,297,299,0.8305555555555556,554117,554890,555009,555189,0,0.0,False,False
3990,118_01905,118,1905,360.0,554503,554800,555099,555392,297,299,293,0.8138888888888889,554413,555189,555302,555482,0,0.0,False,False
3991,118_01906,118,1906,360.0,554800,555099,555392,555696,299,293,304,0.8444444444444444,554710,555482,555606,555786,0,0.0,False,False
3992,118_01907,118,1907,360.0,555099,555392,555696,555989,293,304,293,0.8138888888888889,555009,555786,555899,556079,0,0.0,False,False
3993,118_01908,118,1908,360.0,555392,555696,555989,556288,304,293,299,0.8305555555555556,555302,556079,556198,556378,0,0.0,False,False
3994,118_01909,118,1909,360.0,555696,555989,556288,556592,293,299,304,0.8444444444444444,555606,556378,556502,556682,0,0.0,False,False
3995,118_01910,118,1910,360.0,555989,556288,556592,557084,299,304,492,1.3666666666666667,555899,556682,556994,557174,0,0.0,False,False
3996,118_01911,118,1911,360.0,556288,556592,557084,557461,304,492,377,1.0472222222222223,556198,557174,557371,557551,0,0.0,False,False
3997,118_01912,118,1912,360.0,556592,557084,557461,557773,492,377,312,0.8666666666666667,556502,557551,557683,557863,0,0.0,False,False
3998,118_01913,118,1913,360.0,557084,557461,557773,558086,377,312,313,0.8694444444444445,556994,557863,557996,558176,0,0.0,False,False
3999,118_01914,118,1914,360.0,557461,557773,558086,558395,312,313,309,0.8583333333333333,557371,558176,558305,558485,0,0.0,False,False
4000,118_01915,118,1915,360.0,557773,558086,558395,558699,313,309,304,0.8444444444444444,557683,558485,558609,558789,0,0.0,False,False
4001,118_01916,118,1916,360.0,558086,558395,558699,559005,309,304,306,0.85,557996,558789,558915,559095,0,0.0,False,False
4002,118_01917,118,1917,360.0,558395,558699,559005,559310,304,306,305,0.8472222222222222,558305,559095,559220,559400,0,0.0,False,False
4003,118_01918,118,1918,360.0,558699,559005,559310,559607,306,305,297,0.825,558609,559400,559517,559697,0,0.0,False,False
4004,118_01919,118,1919,360.0,559005,559310,559607,559910,305,297,303,0.8416666666666667,558915,559697,559820,560000,0,0.0,False,False
4005,118_01920,118,1920,360.0,559310,559607,559910,560220,297,303,310,0.8611111111111112,559220,560000,560130,560310,0,0.0,False,False
4006,118_01921,118,1921,360.0,559607,559910,560220,560515,303,310,295,0.8194444444444444,559517,560310,560425,560605,0,0.0,False,False
4007,118_01922,118,1922,360.0,559910,560220,560515,560816,310,295,301,0.8361111111111111,559820,560605,560726,560906,0,0.0,False,False
4008,118_01923,118,1923,360.0,560220,560515,560816,561126,295,301,310,0.8611111111111112,560130,560906,561036,561216,0,0.0,False,False
4009,118_01924,118,1924,360.0,560515,560816,561126,561430,301,310,304,0.8444444444444444,560425,561216,561340,561520,0,0.0,False,False
4010,118_01925,118,1925,360.0,560816,561126,561430,561735,310,304,305,0.8472222222222222,560726,561520,561645,561825,0,0.0,False,False
4011,118_01926,118,1926,360.0,561126,561430,561735,562034,304,305,299,0.8305555555555556,561036,561825,561944,562124,0,0.0,False,False
4012,118_01927,118,1927,360.0,561430,561735,562034,562333,305,299,299,0.8305555555555556,561340,562124,562243,562423,0,0.0,False,False
4013,118_01928,118,1928,360.0,561735,562034,562333,562629,299,299,296,0.8222222222222222,561645,562423,562539,562719,0,0.0,False,False
4014,118_01929,118,1929,360.0,562034,562333,562629,562930,299,296,301,0.8361111111111111,561944,562719,562840,563020,0,0.0,False,False
4015,118_01930,118,1930,360.0,562333,562629,562930,563228,296,301,298,0.8277777777777777,562243,563020,563138,563318,0,0.0,False,False
4016,118_01931,118,1931,360.0,562629,562930,563228,563520,301,298,292,0.8111111111111111,562539,563318,563430,563610,0,0.0,False,False
4017,118_01932,118,1932,360.0,562930,563228,563520,563802,298,292,282,0.7833333333333333,562840,563610,563712,563892,0,0.0,False,False
4018,118_01933,118,1933,360.0,563228,563520,563802,564017,292,282,215,0.5972222222222222,563138,563892,563927,564107,0,0.0,False,False
4019,118_01934,118,1934,360.0,563520,563802,564017,564334,282,215,317,0.8805555555555555,563430,564107,564244,564424,0,0.0,False,False
4020,118_01935,118,1935,360.0,563802,564017,564334,564628,215,317,294,0.8166666666666667,563712,564424,564538,564718,0,0.0,False,False
4021,118_01936,118,1936,360.0,564017,564334,564628,564921,317,294,293,0.8138888888888889,563927,564718,564831,565011,0,0.0,False,False
4022,118_01937,118,1937,360.0,564334,564628,564921,565220,294,293,299,0.8305555555555556,564244,565011,565130,565310,0,0.0,False,False
4023,118_01938,118,1938,360.0,564628,564921,565220,565517,293,299,297,0.825,564538,565310,565427,565607,0,0.0,False,False
4024,118_01939,118,1939,360.0,564921,565220,565517,565823,299,297,306,0.85,564831,565607,565733,565913,0,0.0,False,False
4025,118_01940,118,1940,360.0,565220,565517,565823,566136,297,306,313,0.8694444444444445,565130,565913,566046,566226,0,0.0,False,False
4026,118_01941,118,1941,360.0,565517,565823,566136,566438,306,313,302,0.8388888888888889,565427,566226,566348,566528,0,0.0,False,False
4027,118_01942,118,1942,360.0,565823,566136,566438,566741,313,302,303,0.8416666666666667,565733,566528,566651,566831,0,0.0,False,False
4028,118_01943,118,1943,360.0,566136,566438,566741,567059,302,303,318,0.8833333333333333,566046,566831,566969,567149,0,0.0,False,False
4029,118_01944,118,1944,360.0,566438,566741,567059,567370,303,318,311,0.8638888888888889,566348,567149,567280,567460,0,0.0,False,False
4030,118_01945,118,1945,360.0,566741,567059,567370,567669,318,311,299,0.8305555555555556,566651,567460,567579,567759,0,0.0,False,False
4031,118_01946,118,1946,360.0,567059,567370,567669,567977,311,299,308,0.8555555555555555,566969,567759,567887,568067,0,0.0,False,False
4032,118_01947,118,1947,360.0,567370,567669,567977,568275,299,308,298,0.8277777777777777,567280,568067,568185,568365,0,0.0,False,False
4033,118_01948,118,1948,360.0,567669,567977,568275,568576,308,298,301,0.8361111111111111,567579,568365,568486,568666,0,0.0,False,False
4034,118_01949,118,1949,360.0,567977,568275,568576,568885,298,301,309,0.8583333333333333,567887,568666,568795,568975,0,0.0,False,False
4035,118_01950,118,1950,360.0,568275,568576,568885,569185,301,309,300,0.8333333333333334,568185,568975,569095,569275,0,0.0,False,False
4036,118_01951,118,1951,360.0,568576,568885,569185,569490,309,300,305,0.8472222222222222,568486,569275,569400,569580,0,0.0,False,False
4037,118_01952,118,1952,360.0,568885,569185,569490,569803,300,305,313,0.8694444444444445,568795,569580,569713,569893,0,0.0,False,False
4038,118_01953,118,1953,360.0,569185,569490,569803,570114,305,313,311,0.8638888888888889,569095,569893,570024,570204,0,0.0,False,False
4039,118_01954,118,1954,360.0,569490,569803,570114,570432,313,311,318,0.8833333333333333,569400,570204,570342,570522,0,0.0,False,False
4040,118_01955,118,1955,360.0,569803,570114,570432,570743,311,318,311,0.8638888888888889,569713,570522,570653,570833,0,0.0,False,False
4041,118_01956,118,1956,360.0,570114,570432,570743,571057,318,311,314,0.8722222222222222,570024,570833,570967,571147,0,0.0,False,False
4042,118_01957,118,1957,360.0,570432,570743,571057,571669,311,314,612,1.7,570342,571147,571579,571759,0,0.0,False,False
4043,118_01958,118,1958,360.0,570743,571057,571669,572290,314,612,621,1.725,570653,571759,572200,572380,0,0.0,False,False
4044,118_01959,118,1959,360.0,571057,571669,572290,572591,612,621,301,0.8361111111111111,570967,572380,572501,572681,0,0.0,False,False
4045,118_01960,118,1960,360.0,571669,572290,572591,572903,621,301,312,0.8666666666666667,571579,572681,572813,572993,0,0.0,False,False
4046,118_01961,118,1961,360.0,572290,572591,572903,573211,301,312,308,0.8555555555555555,572200,572993,573121,573301,0,0.0,False,False
4047,118_01962,118,1962,360.0,572591,572903,573211,573513,312,308,302,0.8388888888888889,572501,573301,573423,573603,0,0.0,False,False
4048,118_01963,118,1963,360.0,572903,573211,573513,573819,308,302,306,0.85,572813,573603,573729,573909,0,0.0,False,False
4049,118_01964,118,1964,360.0,573211,573513,573819,574124,302,306,305,0.8472222222222222,573121,573909,574034,574214,0,0.0,False,False
4050,118_01965,118,1965,360.0,573513,573819,574124,574436,306,305,312,0.8666666666666667,573423,574214,574346,574526,0,0.0,False,False
4051,118_01966,118,1966,360.0,573819,574124,574436,574746,305,312,310,0.8611111111111112,573729,574526,574656,574836,0,0.0,False,False
4052,118_01967,118,1967,360.0,574124,574436,574746,575057,312,310,311,0.8638888888888889,574034,574836,574967,575147,0,0.0,False,False
4053,118_01968,118,1968,360.0,574436,574746,575057,575365,310,311,308,0.8555555555555555,574346,575147,575275,575455,0,0.0,False,False
4054,118_01969,118,1969,360.0,574746,575057,575365,575679,311,308,314,0.8722222222222222,574656,575455,575589,575769,0,0.0,False,False
4055,118_01970,118,1970,360.0,575057,575365,575679,575994,308,314,315,0.875,574967,575769,575904,576084,0,0.0,False,False
4056,118_01971,118,1971,360.0,575365,575679,575994,576304,314,315,310,0.8611111111111112,575275,576084,576214,576394,0,0.0,False,False
4057,118_01972,118,1972,360.0,575679,575994,576304,576612,315,310,308,0.8555555555555555,575589,576394,576522,576702,0,0.0,False,False
4058,118_01973,118,1973,360.0,575994,576304,576612,576919,310,308,307,0.8527777777777777,575904,576702,576829,577009,0,0.0,False,False
4059,118_01974,118,1974,360.0,576304,576612,576919,577228,308,307,309,0.8583333333333333,576214,577009,577138,577318,0,0.0,False,False
4060,118_01975,118,1975,360.0,576612,576919,577228,577538,307,309,310,0.8611111111111112,576522,577318,577448,577628,0,0.0,False,False
4061,118_01976,118,1976,360.0,576919,577228,577538,577849,309,310,311,0.8638888888888889,576829,577628,577759,577939,0,0.0,False,False
4062,118_01977,118,1977,360.0,577228,577538,577849,578163,310,311,314,0.8722222222222222,577138,577939,578073,578253,0,0.0,False,False
4063,118_01978,118,1978,360.0,577538,577849,578163,578468,311,314,305,0.8472222222222222,577448,578253,578378,578558,0,0.0,False,False
4064,118_01979,118,1979,360.0,577849,578163,578468,578781,314,305,313,0.8694444444444445,577759,578558,578691,578871,0,0.0,False,False
4065,118_01980,118,1980,360.0,578163,578468,578781,579089,305,313,308,0.8555555555555555,578073,578871,578999,579179,0,0.0,False,False
4066,118_01981,118,1981,360.0,578468,578781,579089,579395,313,308,306,0.85,578378,579179,579305,579485,0,0.0,False,False
4067,118_01982,118,1982,360.0,578781,579089,579395,579699,308,306,304,0.8444444444444444,578691,579485,579609,579789,0,0.0,False,False
4068,118_01983,118,1983,360.0,579089,579395,579699,580008,306,304,309,0.8583333333333333,578999,579789,579918,580098,0,0.0,False,False
4069,118_01984,118,1984,360.0,579395,579699,580008,580307,304,309,299,0.8305555555555556,579305,580098,580217,580397,0,0.0,False,False
4070,118_01985,118,1985,360.0,579699,580008,580307,580607,309,299,300,0.8333333333333334,579609,580397,580517,580697,0,0.0,False,False
4071,118_01986,118,1986,360.0,580008,580307,580607,580912,299,300,305,0.8472222222222222,579918,580697,580822,581002,0,0.0,False,False
4072,118_01987,118,1987,360.0,580307,580607,580912,581200,300,305,288,0.8,580217,581002,581110,581290,0,0.0,False,False
4073,118_01988,118,1988,360.0,580607,580912,581200,581496,305,288,296,0.8222222222222222,580517,581290,581406,581586,0,0.0,False,False
4074,118_01989,118,1989,360.0,580912,581200,581496,581795,288,296,299,0.8305555555555556,580822,581586,581705,581885,0,0.0,False,False
4075,118_01990,118,1990,360.0,581200,581496,581795,582079,296,299,284,0.7888888888888889,581110,581885,581989,582169,0,0.0,False,False
4076,118_01991,118,1991,360.0,581496,581795,582079,582310,299,284,231,0.6416666666666667,581406,582169,582220,582400,0,0.0,False,False
4077,118_01992,118,1992,360.0,581795,582079,582310,582623,284,231,313,0.8694444444444445,581705,582400,582533,582713,0,0.0,False,False
4078,118_01993,118,1993,360.0,582079,582310,582623,582921,231,313,298,0.8277777777777777,581989,582713,582831,583011,0,0.0,False,False
4079,118_01994,118,1994,360.0,582310,582623,582921,583207,313,298,286,0.7944444444444444,582220,583011,583117,583297,0,0.0,False,False
4080,118_01995,118,1995,360.0,582623,582921,583207,583494,298,286,287,0.7972222222222223,582533,583297,583404,583584,0,0.0,False,False
4081,118_01996,118,1996,360.0,582921,583207,583494,583781,286,287,287,0.7972222222222223,582831,583584,583691,583871,0,0.0,False,False
4082,118_01997,118,1997,360.0,583207,583494,583781,584015,287,287,234,0.65,583117,583871,583925,584105,0,0.0,False,False
4083,118_01998,118,1998,360.0,583494,583781,584015,584323,287,234,308,0.8555555555555555,583404,584105,584233,584413,0,0.0,False,False
4084,118_01999,118,1999,360.0,583781,584015,584323,584605,234,308,282,0.7833333333333333,583691,584413,584515,584695,0,0.0,False,False
4085,118_02000,118,2000,360.0,584015,584323,584605,584888,308,282,283,0.7861111111111111,583925,584695,584798,584978,0,0.0,False,False
4086,118_02001,118,2001,360.0,584323,584605,584888,585164,282,283,276,0.7666666666666667,584233,584978,585074,585254,0,0.0,False,False
4087,118_02002,118,2002,360.0,584605,584888,585164,585422,283,276,258,0.7166666666666667,584515,585254,585332,585512,0,0.0,False,False
4088,118_02003,118,2003,360.0,584888,585164,585422,585691,276,258,269,0.7472222222222222,584798,585512,585601,585781,0,0.0,False,False
4089,118_02004,118,2004,360.0,585164,585422,585691,585952,258,269,261,0.725,585074,585781,585862,586042,0,0.0,False,False
4090,118_02005,118,2005,360.0,585422,585691,585952,586211,269,261,259,0.7194444444444444,585332,586042,586121,586301,0,0.0,False,False
4091,118_02006,118,2006,360.0,585691,585952,586211,586471,261,259,260,0.7222222222222222,585601,586301,586381,586561,0,0.0,False,False
4092,118_02007,118,2007,360.0,585952,586211,586471,586736,259,260,265,0.7361111111111112,585862,586561,586646,586826,0,0.0,False,False
4093,118_02008,118,2008,360.0,586211,586471,586736,586990,260,265,254,0.7055555555555556,586121,586826,586900,587080,0,0.0,False,False
4094,118_02009,118,2009,360.0,586471,586736,586990,587244,265,254,254,0.7055555555555556,586381,587080,587154,587334,0,0.0,False,False
4095,118_02010,118,2010,360.0,586736,586990,587244,587501,254,254,257,0.7138888888888889,586646,587334,587411,587591,0,0.0,False,False
4096,118_02011,118,2011,360.0,586990,587244,587501,587762,254,257,261,0.725,586900,587591,587672,587852,0,0.0,False,False
4097,118_02012,118,2012,360.0,587244,587501,587762,588009,257,261,247,0.6861111111111111,587154,587852,587919,588099,0,0.0,False,False
4098,118_02013,118,2013,360.0,587501,587762,588009,588259,261,247,250,0.6944444444444444,587411,588099,588169,588349,0,0.0,False,False
4099,118_02014,118,2014,360.0,587762,588009,588259,588504,247,250,245,0.6805555555555556,587672,588349,588414,588594,0,0.0,False,False
4100,118_02015,118,2015,360.0,588009,588259,588504,588753,250,245,249,0.6916666666666667,587919,588594,588663,588843,0,0.0,False,False
4101,118_02016,118,2016,360.0,588259,588504,588753,588996,245,249,243,0.675,588169,588843,588906,589086,0,0.0,False,False
4102,118_02017,118,2017,360.0,588504,588753,588996,589240,249,243,244,0.6777777777777778,588414,589086,589150,589330,0,0.0,False,False
4103,118_02018,118,2018,360.0,588753,588996,589240,589485,243,244,245,0.6805555555555556,588663,589330,589395,589575,0,0.0,False,False
4104,118_02019,118,2019,360.0,588996,589240,589485,589727,244,245,242,0.6722222222222223,588906,589575,589637,589817,0,0.0,False,False
4105,118_02020,118,2020,360.0,589240,589485,589727,589980,245,242,253,0.7027777777777777,589150,589817,589890,590070,0,0.0,False,False
4106,118_02021,118,2021,360.0,589485,589727,589980,590209,242,253,229,0.6361111111111111,589395,590070,590119,590299,0,0.0,False,False
4107,118_02022,118,2022,360.0,589727,589980,590209,590449,253,229,240,0.6666666666666666,589637,590299,590359,590539,0,0.0,False,False
4108,118_02023,118,2023,360.0,589980,590209,590449,590695,229,240,246,0.6833333333333333,589890,590539,590605,590785,0,0.0,False,False
4109,118_02024,118,2024,360.0,590209,590449,590695,590938,240,246,243,0.675,590119,590785,590848,591028,0,0.0,False,False
4110,118_02025,118,2025,360.0,590449,590695,590938,591180,246,243,242,0.6722222222222223,590359,591028,591090,591270,0,0.0,False,False
4111,118_02026,118,2026,360.0,590695,590938,591180,591417,243,242,237,0.6583333333333333,590605,591270,591327,591507,0,0.0,False,False
4112,118_02027,118,2027,360.0,590938,591180,591417,591664,242,237,247,0.6861111111111111,590848,591507,591574,591754,0,0.0,False,False
4113,118_02028,118,2028,360.0,591180,591417,591664,591910,237,247,246,0.6833333333333333,591090,591754,591820,592000,0,0.0,False,False
4114,118_02029,118,2029,360.0,591417,591664,591910,592155,247,246,245,0.6805555555555556,591327,592000,592065,592245,0,0.0,False,False
4115,118_02030,118,2030,360.0,591664,591910,592155,592400,246,245,245,0.6805555555555556,591574,592245,592310,592490,0,0.0,False,False
4116,118_02031,118,2031,360.0,591910,592155,592400,592648,245,245,248,0.6888888888888889,591820,592490,592558,592738,0,0.0,False,False
4117,118_02032,118,2032,360.0,592155,592400,592648,592894,245,248,246,0.6833333333333333,592065,592738,592804,592984,0,0.0,False,False
4118,118_02033,118,2033,360.0,592400,592648,592894,593134,248,246,240,0.6666666666666666,592310,592984,593044,593224,0,0.0,False,False
4119,118_02034,118,2034,360.0,592648,592894,593134,593379,246,240,245,0.6805555555555556,592558,593224,593289,593469,0,0.0,False,False
4120,118_02035,118,2035,360.0,592894,593134,593379,593628,240,245,249,0.6916666666666667,592804,593469,593538,593718,0,0.0,False,False
4121,118_02036,118,2036,360.0,593134,593379,593628,593869,245,249,241,0.6694444444444444,593044,593718,593779,593959,0,0.0,False,False
4122,118_02037,118,2037,360.0,593379,593628,593869,594109,249,241,240,0.6666666666666666,593289,593959,594019,594199,0,0.0,False,False
4123,118_02038,118,2038,360.0,593628,593869,594109,594350,241,240,241,0.6694444444444444,593538,594199,594260,594440,0,0.0,False,False
4124,118_02039,118,2039,360.0,593869,594109,594350,594593,240,241,243,0.675,593779,594440,594503,594683,0,0.0,False,False
4125,118_02040,118,2040,360.0,594109,594350,594593,594833,241,243,240,0.6666666666666666,594019,594683,594743,594923,0,0.0,False,False
4126,118_02041,118,2041,360.0,594350,594593,594833,595074,243,240,241,0.6694444444444444,594260,594923,594984,595164,0,0.0,False,False
4127,118_02042,118,2042,360.0,594593,594833,595074,595321,240,241,247,0.6861111111111111,594503,595164,595231,595411,0,0.0,False,False
4128,118_02043,118,2043,360.0,594833,595074,595321,595566,241,247,245,0.6805555555555556,594743,595411,595476,595656,0,0.0,False,False
4129,118_02044,118,2044,360.0,595074,595321,595566,595808,247,245,242,0.6722222222222223,594984,595656,595718,595898,0,0.0,False,False
4130,118_02045,118,2045,360.0,595321,595566,595808,596051,245,242,243,0.675,595231,595898,595961,596141,0,0.0,False,False
4131,118_02046,118,2046,360.0,595566,595808,596051,596297,242,243,246,0.6833333333333333,595476,596141,596207,596387,0,0.0,False,False
4132,118_02047,118,2047,360.0,595808,596051,596297,596543,243,246,246,0.6833333333333333,595718,596387,596453,596633,0,0.0,False,False
4133,118_02048,118,2048,360.0,596051,596297,596543,596787,246,246,244,0.6777777777777778,595961,596633,596697,596877,0,0.0,False,False
4134,118_02049,118,2049,360.0,596297,596543,596787,597031,246,244,244,0.6777777777777778,596207,596877,596941,597121,0,0.0,False,False
4135,118_02050,118,2050,360.0,596543,596787,597031,597273,244,244,242,0.6722222222222223,596453,597121,597183,597363,0,0.0,False,False
4136,118_02051,118,2051,360.0,596787,597031,597273,597515,244,242,242,0.6722222222222223,596697,597363,597425,597605,0,0.0,False,False
4137,118_02052,118,2052,360.0,597031,597273,597515,597757,242,242,242,0.6722222222222223,596941,597605,597667,597847,0,0.0,False,False
4138,118_02053,118,2053,360.0,597273,597515,597757,598001,242,242,244,0.6777777777777778,597183,597847,597911,598091,0,0.0,False,False
4139,118_02054,118,2054,360.0,597515,597757,598001,598243,242,244,242,0.6722222222222223,597425,598091,598153,598333,0,0.0,False,False
4140,118_02055,118,2055,360.0,597757,598001,598243,598489,244,242,246,0.6833333333333333,597667,598333,598399,598579,0,0.0,False,False
4141,118_02056,118,2056,360.0,598001,598243,598489,598735,242,246,246,0.6833333333333333,597911,598579,598645,598825,0,0.0,False,False
4142,118_02057,118,2057,360.0,598243,598489,598735,598979,246,246,244,0.6777777777777778,598153,598825,598889,599069,0,0.0,False,False
4143,118_02058,118,2058,360.0,598489,598735,598979,599221,246,244,242,0.6722222222222223,598399,599069,599131,599311,0,0.0,False,False
4144,118_02059,118,2059,360.0,598735,598979,599221,599410,244,242,189,0.525,598645,599311,599320,599500,0,0.0,False,False
4145,118_02060,118,2060,360.0,598979,599221,599410,599689,242,189,279,0.775,598889,599500,599599,599779,0,0.0,False,False
4146,118_02061,118,2061,360.0,599221,599410,599689,599940,189,279,251,0.6972222222222222,599131,599779,599850,600030,0,0.0,False,False
4147,118_02062,118,2062,360.0,599410,599689,599940,600182,279,251,242,0.6722222222222223,599320,600030,600092,600272,0,0.0,False,False
4148,118_02063,118,2063,360.0,599689,599940,600182,600435,251,242,253,0.7027777777777777,599599,600272,600345,600525,0,0.0,False,False
4149,118_02064,118,2064,360.0,599940,600182,600435,600681,242,253,246,0.6833333333333333,599850,600525,600591,600771,0,0.0,False,False
4150,118_02065,118,2065,360.0,600182,600435,600681,600925,253,246,244,0.6777777777777778,600092,600771,600835,601015,0,0.0,False,False
4151,118_02066,118,2066,360.0,600435,600681,600925,601173,246,244,248,0.6888888888888889,600345,601015,601083,601263,0,0.0,False,False
4152,118_02067,118,2067,360.0,600681,600925,601173,601426,244,248,253,0.7027777777777777,600591,601263,601336,601516,0,0.0,False,False
4153,118_02068,118,2068,360.0,600925,601173,601426,601670,248,253,244,0.6777777777777778,600835,601516,601580,601760,0,0.0,False,False
4154,118_02069,118,2069,360.0,601173,601426,601670,601917,253,244,247,0.6861111111111111,601083,601760,601827,602007,0,0.0,False,False
4155,118_02070,118,2070,360.0,601426,601670,601917,602166,244,247,249,0.6916666666666667,601336,602007,602076,602256,0,0.0,False,False
4156,118_02071,118,2071,360.0,601670,601917,602166,602424,247,249,258,0.7166666666666667,601580,602256,602334,602514,0,0.0,False,False
4157,118_02072,118,2072,360.0,601917,602166,602424,602665,249,258,241,0.6694444444444444,601827,602514,602575,602755,0,0.0,False,False
4158,118_02073,118,2073,360.0,602166,602424,602665,602914,258,241,249,0.6916666666666667,602076,602755,602824,603004,0,0.0,False,False
4159,118_02074,118,2074,360.0,602424,602665,602914,603161,241,249,247,0.6861111111111111,602334,603004,603071,603251,0,0.0,False,False
4160,118_02075,118,2075,360.0,602665,602914,603161,603409,249,247,248,0.6888888888888889,602575,603251,603319,603499,0,0.0,False,False
4161,118_02076,118,2076,360.0,602914,603161,603409,603657,247,248,248,0.6888888888888889,602824,603499,603567,603747,0,0.0,False,False
4162,118_02077,118,2077,360.0,603161,603409,603657,603910,248,248,253,0.7027777777777777,603071,603747,603820,604000,0,0.0,False,False
4163,118_02078,118,2078,360.0,603409,603657,603910,604163,248,253,253,0.7027777777777777,603319,604000,604073,604253,0,0.0,False,False
4164,118_02079,118,2079,360.0,603657,603910,604163,604417,253,253,254,0.7055555555555556,603567,604253,604327,604507,0,0.0,False,False
4165,118_02080,118,2080,360.0,603910,604163,604417,604666,253,254,249,0.6916666666666667,603820,604507,604576,604756,0,0.0,False,False
4166,118_02081,118,2081,360.0,604163,604417,604666,604920,254,249,254,0.7055555555555556,604073,604756,604830,605010,0,0.0,False,False
4167,118_02082,118,2082,360.0,604417,604666,604920,605173,249,254,253,0.7027777777777777,604327,605010,605083,605263,0,0.0,False,False
4168,118_02083,118,2083,360.0,604666,604920,605173,605431,254,253,258,0.7166666666666667,604576,605263,605341,605521,0,0.0,False,False
4169,118_02084,118,2084,360.0,604920,605173,605431,605683,253,258,252,0.7,604830,605521,605593,605773,0,0.0,False,False
4170,118_02085,118,2085,360.0,605173,605431,605683,605935,258,252,252,0.7,605083,605773,605845,606025,0,0.0,False,False
4171,118_02086,118,2086,360.0,605431,605683,605935,606182,252,252,247,0.6861111111111111,605341,606025,606092,606272,0,0.0,False,False
4172,118_02087,118,2087,360.0,605683,605935,606182,606437,252,247,255,0.7083333333333334,605593,606272,606347,606527,0,0.0,False,False
4173,118_02088,118,2088,360.0,605935,606182,606437,606685,247,255,248,0.6888888888888889,605845,606527,606595,606775,0,0.0,False,False
4174,118_02089,118,2089,360.0,606182,606437,606685,606931,255,248,246,0.6833333333333333,606092,606775,606841,607021,0,0.0,False,False
4175,118_02090,118,2090,360.0,606437,606685,606931,607186,248,246,255,0.7083333333333334,606347,607021,607096,607276,0,0.0,False,False
4176,118_02091,118,2091,360.0,606685,606931,607186,607442,246,255,256,0.7111111111111111,606595,607276,607352,607532,0,0.0,False,False
4177,118_02092,118,2092,360.0,606931,607186,607442,607693,255,256,251,0.6972222222222222,606841,607532,607603,607783,0,0.0,False,False
4178,118_02093,118,2093,360.0,607186,607442,607693,607943,256,251,250,0.6944444444444444,607096,607783,607853,608033,0,0.0,False,False
4179,118_02094,118,2094,360.0,607442,607693,607943,608203,251,250,260,0.7222222222222222,607352,608033,608113,608293,0,0.0,False,False
4180,118_02095,118,2095,360.0,607693,607943,608203,608459,250,260,256,0.7111111111111111,607603,608293,608369,608549,0,0.0,False,False
4181,118_02096,118,2096,360.0,607943,608203,608459,608713,260,256,254,0.7055555555555556,607853,608549,608623,608803,0,0.0,False,False
4182,118_02097,118,2097,360.0,608203,608459,608713,608964,256,254,251,0.6972222222222222,608113,608803,608874,609054,0,0.0,False,False
4183,118_02098,118,2098,360.0,608459,608713,608964,609224,254,251,260,0.7222222222222222,608369,609054,609134,609314,0,0.0,False,False
4184,118_02099,118,2099,360.0,608713,608964,609224,609473,251,260,249,0.6916666666666667,608623,609314,609383,609563,0,0.0,False,False
4185,118_02100,118,2100,360.0,608964,609224,609473,609727,260,249,254,0.7055555555555556,608874,609563,609637,609817,0,0.0,False,False
4186,118_02101,118,2101,360.0,609224,609473,609727,609980,249,254,253,0.7027777777777777,609134,609817,609890,610070,0,0.0,False,False
4187,118_02102,118,2102,360.0,609473,609727,609980,610237,254,253,257,0.7138888888888889,609383,610070,610147,610327,0,0.0,False,False
4188,118_02103,118,2103,360.0,609727,609980,610237,610487,253,257,250,0.6944444444444444,609637,610327,610397,610577,0,0.0,False,False
4189,118_02104,118,2104,360.0,609980,610237,610487,610743,257,250,256,0.7111111111111111,609890,610577,610653,610833,0,0.0,False,False
4190,118_02105,118,2105,360.0,610237,610487,610743,610994,250,256,251,0.6972222222222222,610147,610833,610904,611084,0,0.0,False,False
4191,118_02106,118,2106,360.0,610487,610743,610994,611252,256,251,258,0.7166666666666667,610397,611084,611162,611342,0,0.0,False,False
4192,118_02107,118,2107,360.0,610743,610994,611252,611506,251,258,254,0.7055555555555556,610653,611342,611416,611596,0,0.0,False,False
4193,118_02108,118,2108,360.0,610994,611252,611506,611761,258,254,255,0.7083333333333334,610904,611596,611671,611851,0,0.0,False,False
4194,118_02109,118,2109,360.0,611252,611506,611761,612009,254,255,248,0.6888888888888889,611162,611851,611919,612099,0,0.0,False,False
4195,118_02110,118,2110,360.0,611506,611761,612009,612207,255,248,198,0.55,611416,612099,612117,612297,0,0.0,False,False
4196,118_02111,118,2111,360.0,611761,612009,612207,612626,248,198,419,1.163888888888889,611671,612297,612536,612716,0,0.0,False,False
4197,118_02112,118,2112,360.0,612009,612207,612626,612891,198,419,265,0.7361111111111112,611919,612716,612801,612981,0,0.0,False,False
4198,118_02113,118,2113,360.0,612207,612626,612891,613155,419,265,264,0.7333333333333333,612117,612981,613065,613245,0,0.0,False,False
4199,118_02114,118,2114,360.0,612626,612891,613155,613414,265,264,259,0.7194444444444444,612536,613245,613324,613504,0,0.0,False,False
4200,118_02115,118,2115,360.0,612891,613155,613414,613669,264,259,255,0.7083333333333334,612801,613504,613579,613759,0,0.0,False,False
4201,118_02116,118,2116,360.0,613155,613414,613669,613920,259,255,251,0.6972222222222222,613065,613759,613830,614010,0,0.0,False,False
4202,118_02117,118,2117,360.0,613414,613669,613920,614178,255,251,258,0.7166666666666667,613324,614010,614088,614268,0,0.0,False,False
4203,118_02118,118,2118,360.0,613669,613920,614178,614432,251,258,254,0.7055555555555556,613579,614268,614342,614522,0,0.0,False,False
4204,118_02119,118,2119,360.0,613920,614178,614432,614682,258,254,250,0.6944444444444444,613830,614522,614592,614772,0,0.0,False,False
4205,118_02120,118,2120,360.0,614178,614432,614682,614932,254,250,250,0.6944444444444444,614088,614772,614842,615022,0,0.0,False,False
4206,118_02121,118,2121,360.0,614432,614682,614932,615123,250,250,191,0.5305555555555556,614342,615022,615033,615213,0,0.0,False,False
4207,118_02122,118,2122,360.0,614682,614932,615123,615398,250,191,275,0.7638888888888888,614592,615213,615308,615488,0,0.0,False,False
4208,118_02123,118,2123,360.0,614932,615123,615398,615650,191,275,252,0.7,614842,615488,615560,615740,0,0.0,False,False
4209,118_02124,118,2124,360.0,615123,615398,615650,615906,275,252,256,0.7111111111111111,615033,615740,615816,615996,0,0.0,False,False
4210,118_02125,118,2125,360.0,615398,615650,615906,616162,252,256,256,0.7111111111111111,615308,615996,616072,616252,0,0.0,False,False
4211,118_02126,118,2126,360.0,615650,615906,616162,616356,256,256,194,0.5388888888888889,615560,616252,616266,616446,0,0.0,False,False
4212,118_02127,118,2127,360.0,615906,616162,616356,616642,256,194,286,0.7944444444444444,615816,616446,616552,616732,0,0.0,False,False
4213,118_02128,118,2128,360.0,616162,616356,616642,616898,194,286,256,0.7111111111111111,616072,616732,616808,616988,0,0.0,False,False
4214,118_02129,118,2129,360.0,616356,616642,616898,617156,286,256,258,0.7166666666666667,616266,616988,617066,617246,0,0.0,False,False
4215,118_02130,118,2130,360.0,616642,616898,617156,617412,256,258,256,0.7111111111111111,616552,617246,617322,617502,0,0.0,False,False
4216,118_02131,118,2131,360.0,616898,617156,617412,617669,258,256,257,0.7138888888888889,616808,617502,617579,617759,0,0.0,False,False
4217,118_02132,118,2132,360.0,617156,617412,617669,617922,256,257,253,0.7027777777777777,617066,617759,617832,618012,0,0.0,False,False
4218,118_02133,118,2133,360.0,617412,617669,617922,618176,257,253,254,0.7055555555555556,617322,618012,618086,618266,0,0.0,False,False
4219,118_02134,118,2134,360.0,617669,617922,618176,618429,253,254,253,0.7027777777777777,617579,618266,618339,618519,0,0.0,False,False
4220,118_02135,118,2135,360.0,617922,618176,618429,618685,254,253,256,0.7111111111111111,617832,618519,618595,618775,0,0.0,False,False
4221,118_02136,118,2136,360.0,618176,618429,618685,618937,253,256,252,0.7,618086,618775,618847,619027,0,0.0,False,False
4222,118_02137,118,2137,360.0,618429,618685,618937,619197,256,252,260,0.7222222222222222,618339,619027,619107,619287,0,0.0,False,False
4223,118_02138,118,2138,360.0,618685,618937,619197,619449,252,260,252,0.7,618595,619287,619359,619539,0,0.0,False,False
4224,118_02139,118,2139,360.0,618937,619197,619449,619699,260,252,250,0.6944444444444444,618847,619539,619609,619789,0,0.0,False,False
4225,118_02140,118,2140,360.0,619197,619449,619699,619946,252,250,247,0.6861111111111111,619107,619789,619856,620036,0,0.0,False,False
4226,118_02141,118,2141,360.0,619449,619699,619946,620205,250,247,259,0.7194444444444444,619359,620036,620115,620295,0,0.0,False,False
4227,118_02142,118,2142,360.0,619699,619946,620205,620454,247,259,249,0.6916666666666667,619609,620295,620364,620544,0,0.0,False,False
4228,118_02143,118,2143,360.0,619946,620205,620454,620705,259,249,251,0.6972222222222222,619856,620544,620615,620795,0,0.0,False,False
4229,118_02144,118,2144,360.0,620205,620454,620705,620953,249,251,248,0.6888888888888889,620115,620795,620863,621043,0,0.0,False,False
4230,118_02145,118,2145,360.0,620454,620705,620953,621209,251,248,256,0.7111111111111111,620364,621043,621119,621299,0,0.0,False,False
4231,118_02146,118,2146,360.0,620705,620953,621209,621458,248,256,249,0.6916666666666667,620615,621299,621368,621548,0,0.0,False,False
4232,118_02147,118,2147,360.0,620953,621209,621458,621708,256,249,250,0.6944444444444444,620863,621548,621618,621798,0,0.0,False,False
4233,118_02148,118,2148,360.0,621209,621458,621708,621965,249,250,257,0.7138888888888889,621119,621798,621875,622055,0,0.0,False,False
4234,118_02149,118,2149,360.0,621458,621708,621965,622219,250,257,254,0.7055555555555556,621368,622055,622129,622309,0,0.0,False,False
4235,118_02150,118,2150,360.0,621708,621965,622219,622462,257,254,243,0.675,621618,622309,622372,622552,0,0.0,False,False
4236,118_02151,118,2151,360.0,621965,622219,622462,622709,254,243,247,0.6861111111111111,621875,622552,622619,622799,0,0.0,False,False
4237,118_02152,118,2152,360.0,622219,622462,622709,622956,243,247,247,0.6861111111111111,622129,622799,622866,623046,0,0.0,False,False
4238,118_02153,118,2153,360.0,622462,622709,622956,623206,247,247,250,0.6944444444444444,622372,623046,623116,623296,0,0.0,False,False
4239,118_02154,118,2154,360.0,622709,622956,623206,623451,247,250,245,0.6805555555555556,622619,623296,623361,623541,0,0.0,False,False
4240,118_02155,118,2155,360.0,622956,623206,623451,623700,250,245,249,0.6916666666666667,622866,623541,623610,623790,0,0.0,False,False
4241,118_02156,118,2156,360.0,623206,623451,623700,623946,245,249,246,0.6833333333333333,623116,623790,623856,624036,0,0.0,False,False
4242,118_02157,118,2157,360.0,623451,623700,623946,624132,249,246,186,0.5166666666666667,623361,624036,624042,624222,0,0.0,False,False
4243,118_02158,118,2158,360.0,623700,623946,624132,624416,246,186,284,0.7888888888888889,623610,624222,624326,624506,0,0.0,False,False
4244,118_02159,118,2159,360.0,623946,624132,624416,624673,186,284,257,0.7138888888888889,623856,624506,624583,624763,0,0.0,False,False
4245,118_02160,118,2160,360.0,624132,624416,624673,624926,284,257,253,0.7027777777777777,624042,624763,624836,625016,0,0.0,False,False
4246,118_02161,118,2161,360.0,624416,624673,624926,625184,257,253,258,0.7166666666666667,624326,625016,625094,625274,0,0.0,False,False
4247,118_02162,118,2162,360.0,624673,624926,625184,625438,253,258,254,0.7055555555555556,624583,625274,625348,625528,0,0.0,False,False
4248,118_02163,118,2163,360.0,624926,625184,625438,625692,258,254,254,0.7055555555555556,624836,625528,625602,625782,0,0.0,False,False
4249,118_02164,118,2164,360.0,625184,625438,625692,625947,254,254,255,0.7083333333333334,625094,625782,625857,626037,0,0.0,False,False
4250,118_02165,118,2165,360.0,625438,625692,625947,626207,254,255,260,0.7222222222222222,625348,626037,626117,626297,0,0.0,False,False
4251,118_02166,118,2166,360.0,625692,625947,626207,626466,255,260,259,0.7194444444444444,625602,626297,626376,626556,0,0.0,False,False
4252,118_02167,118,2167,360.0,625947,626207,626466,626714,260,259,248,0.6888888888888889,625857,626556,626624,626804,0,0.0,False,False
4253,118_02168,118,2168,360.0,626207,626466,626714,626972,259,248,258,0.7166666666666667,626117,626804,626882,627062,0,0.0,False,False
4254,118_02169,118,2169,360.0,626466,626714,626972,627225,248,258,253,0.7027777777777777,626376,627062,627135,627315,0,0.0,False,False
4255,118_02170,118,2170,360.0,626714,626972,627225,627413,258,253,188,0.5222222222222223,626624,627315,627323,627503,0,0.0,False,False
4256,118_02171,118,2171,360.0,626972,627225,627413,627591,253,188,178,0.49444444444444446,626882,627503,627501,627681,2,0.011111111111111112,True,False
4257,118_02172,118,2172,360.0,627225,627413,627591,627847,188,178,256,0.7111111111111111,627135,627681,627757,627937,0,0.0,False,False
4258,118_02173,118,2173,360.0,627413,627591,627847,628108,178,256,261,0.725,627323,627937,628018,628198,0,0.0,False,False
4259,118_02174,118,2174,360.0,627591,627847,628108,628356,256,261,248,0.6888888888888889,627501,628198,628266,628446,0,0.0,False,False
4260,118_02175,118,2175,360.0,627847,628108,628356,628607,261,248,251,0.6972222222222222,627757,628446,628517,628697,0,0.0,False,False
4261,118_02176,118,2176,360.0,628108,628356,628607,628866,248,251,259,0.7194444444444444,628018,628697,628776,628956,0,0.0,False,False
4262,118_02177,118,2177,360.0,628356,628607,628866,629121,251,259,255,0.7083333333333334,628266,628956,629031,629211,0,0.0,False,False
4263,118_02178,118,2178,360.0,628607,628866,629121,629374,259,255,253,0.7027777777777777,628517,629211,629284,629464,0,0.0,False,False
4264,118_02179,118,2179,360.0,628866,629121,629374,629620,255,253,246,0.6833333333333333,628776,629464,629530,629710,0,0.0,False,False
4265,118_02180,118,2180,360.0,629121,629374,629620,629875,253,246,255,0.7083333333333334,629031,629710,629785,629965,0,0.0,False,False
4266,118_02181,118,2181,360.0,629374,629620,629875,630121,246,255,246,0.6833333333333333,629284,629965,630031,630211,0,0.0,False,False
4267,118_02182,118,2182,360.0,629620,629875,630121,630372,255,246,251,0.6972222222222222,629530,630211,630282,630462,0,0.0,False,False
4268,118_02183,118,2183,360.0,629875,630121,630372,630626,246,251,254,0.7055555555555556,629785,630462,630536,630716,0,0.0,False,False
4269,118_02184,118,2184,360.0,630121,630372,630626,630884,251,254,258,0.7166666666666667,630031,630716,630794,630974,0,0.0,False,False
4270,118_02185,118,2185,360.0,630372,630626,630884,631132,254,258,248,0.6888888888888889,630282,630974,631042,631222,0,0.0,False,False
4271,118_02186,118,2186,360.0,630626,630884,631132,631386,258,248,254,0.7055555555555556,630536,631222,631296,631476,0,0.0,False,False
4272,118_02187,118,2187,360.0,630884,631132,631386,631636,248,254,250,0.6944444444444444,630794,631476,631546,631726,0,0.0,False,False
4273,118_02188,118,2188,360.0,631132,631386,631636,631893,254,250,257,0.7138888888888889,631042,631726,631803,631983,0,0.0,False,False
4274,118_02189,118,2189,360.0,631386,631636,631893,632147,250,257,254,0.7055555555555556,631296,631983,632057,632237,0,0.0,False,False
4275,118_02190,118,2190,360.0,631636,631893,632147,632403,257,254,256,0.7111111111111111,631546,632237,632313,632493,0,0.0,False,False
4276,118_02191,118,2191,360.0,631893,632147,632403,632651,254,256,248,0.6888888888888889,631803,632493,632561,632741,0,0.0,False,False
4277,118_02192,118,2192,360.0,632147,632403,632651,632908,256,248,257,0.7138888888888889,632057,632741,632818,632998,0,0.0,False,False
4278,118_02193,118,2193,360.0,632403,632651,632908,633163,248,257,255,0.7083333333333334,632313,632998,633073,633253,0,0.0,False,False
4279,118_02194,118,2194,360.0,632651,632908,633163,633418,257,255,255,0.7083333333333334,632561,633253,633328,633508,0,0.0,False,False
4280,118_02195,118,2195,360.0,632908,633163,633418,633671,255,255,253,0.7027777777777777,632818,633508,633581,633761,0,0.0,False,False
4281,118_02196,118,2196,360.0,633163,633418,633671,633929,255,253,258,0.7166666666666667,633073,633761,633839,634019,0,0.0,False,False
4282,118_02197,118,2197,360.0,633418,633671,633929,634185,253,258,256,0.7111111111111111,633328,634019,634095,634275,0,0.0,False,False
4283,118_02198,118,2198,360.0,633671,633929,634185,634434,258,256,249,0.6916666666666667,633581,634275,634344,634524,0,0.0,False,False
4284,118_02199,118,2199,360.0,633929,634185,634434,634696,256,249,262,0.7277777777777777,633839,634524,634606,634786,0,0.0,False,False
4285,118_02200,118,2200,360.0,634185,634434,634696,634956,249,262,260,0.7222222222222222,634095,634786,634866,635046,0,0.0,False,False
4286,118_02201,118,2201,360.0,634434,634696,634956,635216,262,260,260,0.7222222222222222,634344,635046,635126,635306,0,0.0,False,False
4287,118_02202,118,2202,360.0,634696,634956,635216,635470,260,260,254,0.7055555555555556,634606,635306,635380,635560,0,0.0,False,False
4288,118_02203,118,2203,360.0,634956,635216,635470,635731,260,254,261,0.725,634866,635560,635641,635821,0,0.0,False,False
4289,118_02204,118,2204,360.0,635216,635470,635731,635991,254,261,260,0.7222222222222222,635126,635821,635901,636081,0,0.0,False,False
4290,118_02205,118,2205,360.0,635470,635731,635991,636247,261,260,256,0.7111111111111111,635380,636081,636157,636337,0,0.0,False,False
4291,118_02206,118,2206,360.0,635731,635991,636247,636508,260,256,261,0.725,635641,636337,636418,636598,0,0.0,False,False
4292,118_02207,118,2207,360.0,635991,636247,636508,636775,256,261,267,0.7416666666666667,635901,636598,636685,636865,0,0.0,False,False
4293,118_02208,118,2208,360.0,636247,636508,636775,637030,261,267,255,0.7083333333333334,636157,636865,636940,637120,0,0.0,False,False
4294,118_02209,118,2209,360.0,636508,636775,637030,637288,267,255,258,0.7166666666666667,636418,637120,637198,637378,0,0.0,False,False
4295,118_02210,118,2210,360.0,636775,637030,637288,637480,255,258,192,0.5333333333333333,636685,637378,637390,637570,0,0.0,False,False
4296,118_02211,118,2211,360.0,637030,637288,637480,637904,258,192,424,1.1777777777777778,636940,637570,637814,637994,0,0.0,False,False
4297,118_02212,118,2212,360.0,637288,637480,637904,638173,192,424,269,0.7472222222222222,637198,637994,638083,638263,0,0.0,False,False
4298,118_02213,118,2213,360.0,637480,637904,638173,638430,424,269,257,0.7138888888888889,637390,638263,638340,638520,0,0.0,False,False
4299,118_02214,118,2214,360.0,637904,638173,638430,638686,269,257,256,0.7111111111111111,637814,638520,638596,638776,0,0.0,False,False
4300,118_02215,118,2215,360.0,638173,638430,638686,638941,257,256,255,0.7083333333333334,638083,638776,638851,639031,0,0.0,False,False
4301,118_02216,118,2216,360.0,638430,638686,638941,639199,256,255,258,0.7166666666666667,638340,639031,639109,639289,0,0.0,False,False
4302,118_02217,118,2217,360.0,638686,638941,639199,639394,255,258,195,0.5416666666666666,638596,639289,639304,639484,0,0.0,False,False
4303,118_02218,118,2218,360.0,638941,639199,639394,639675,258,195,281,0.7805555555555556,638851,639484,639585,639765,0,0.0,False,False
4304,118_02219,118,2219,360.0,639199,639394,639675,639932,195,281,257,0.7138888888888889,639109,639765,639842,640022,0,0.0,False,False
4305,118_02220,118,2220,360.0,639394,639675,639932,640186,281,257,254,0.7055555555555556,639304,640022,640096,640276,0,0.0,False,False
4306,118_02221,118,2221,360.0,639675,639932,640186,640438,257,254,252,0.7,639585,640276,640348,640528,0,0.0,False,False
4307,118_02222,118,2222,360.0,639932,640186,640438,640633,254,252,195,0.5416666666666666,639842,640528,640543,640723,0,0.0,False,False
4308,118_02223,118,2223,360.0,640186,640438,640633,640915,252,195,282,0.7833333333333333,640096,640723,640825,641005,0,0.0,False,False
4309,118_02224,118,2224,360.0,640438,640633,640915,641172,195,282,257,0.7138888888888889,640348,641005,641082,641262,0,0.0,False,False
4310,118_02225,118,2225,360.0,640633,640915,641172,641417,282,257,245,0.6805555555555556,640543,641262,641327,641507,0,0.0,False,False
4311,118_02226,118,2226,360.0,640915,641172,641417,641675,257,245,258,0.7166666666666667,640825,641507,641585,641765,0,0.0,False,False
4312,118_02227,118,2227,360.0,641172,641417,641675,641928,245,258,253,0.7027777777777777,641082,641765,641838,642018,0,0.0,False,False
4313,118_02228,118,2228,360.0,641417,641675,641928,642176,258,253,248,0.6888888888888889,641327,642018,642086,642266,0,0.0,False,False
4314,118_02229,118,2229,360.0,641675,641928,642176,642432,253,248,256,0.7111111111111111,641585,642266,642342,642522,0,0.0,False,False
4315,118_02230,118,2230,360.0,641928,642176,642432,642691,248,256,259,0.7194444444444444,641838,642522,642601,642781,0,0.0,False,False
4316,118_02231,118,2231,360.0,642176,642432,642691,642940,256,259,249,0.6916666666666667,642086,642781,642850,643030,0,0.0,False,False
4317,118_02232,118,2232,360.0,642432,642691,642940,643193,259,249,253,0.7027777777777777,642342,643030,643103,643283,0,0.0,False,False
4318,118_02233,118,2233,360.0,642691,642940,643193,643450,249,253,257,0.7138888888888889,642601,643283,643360,643540,0,0.0,False,False
4319,118_02234,118,2234,360.0,642940,643193,643450,643714,253,257,264,0.7333333333333333,642850,643540,643624,643804,0,0.0,False,False
4320,118_02235,118,2235,360.0,643193,643450,643714,643968,257,264,254,0.7055555555555556,643103,643804,643878,644058,0,0.0,False,False
4321,118_02236,118,2236,360.0,643450,643714,643968,644225,264,254,257,0.7138888888888889,643360,644058,644135,644315,0,0.0,False,False
4322,118_02237,118,2237,360.0,643714,643968,644225,644479,254,257,254,0.7055555555555556,643624,644315,644389,644569,0,0.0,False,False
4323,118_02238,118,2238,360.0,643968,644225,644479,644734,257,254,255,0.7083333333333334,643878,644569,644644,644824,0,0.0,False,False
4324,118_02239,118,2239,360.0,644225,644479,644734,644988,254,255,254,0.7055555555555556,644135,644824,644898,645078,0,0.0,False,False
4325,118_02240,118,2240,360.0,644479,644734,644988,645250,255,254,262,0.7277777777777777,644389,645078,645160,645340,0,0.0,False,False
4326,118_02241,118,2241,360.0,644734,644988,645250,645510,254,262,260,0.7222222222222222,644644,645340,645420,645600,0,0.0,False,False
4327,118_02242,118,2242,360.0,644988,645250,645510,645768,262,260,258,0.7166666666666667,644898,645600,645678,645858,0,0.0,False,False
4328,118_02243,118,2243,360.0,645250,645510,645768,646026,260,258,258,0.7166666666666667,645160,645858,645936,646116,0,0.0,False,False
4329,118_02244,118,2244,360.0,645510,645768,646026,646250,258,258,224,0.6222222222222222,645420,646116,646160,646340,0,0.0,False,False
4330,118_02245,118,2245,360.0,645768,646026,646250,646536,258,224,286,0.7944444444444444,645678,646340,646446,646626,0,0.0,False,False
4331,118_02246,118,2246,360.0,646026,646250,646536,646798,224,286,262,0.7277777777777777,645936,646626,646708,646888,0,0.0,False,False
4332,118_02247,118,2247,360.0,646250,646536,646798,647064,286,262,266,0.7388888888888889,646160,646888,646974,647154,0,0.0,False,False
4333,118_02248,118,2248,360.0,646536,646798,647064,647316,262,266,252,0.7,646446,647154,647226,647406,0,0.0,False,False
4334,118_02249,118,2249,360.0,646798,647064,647316,647517,266,252,201,0.5583333333333333,646708,647406,647427,647607,0,0.0,False,False
4335,118_02250,118,2250,360.0,647064,647316,647517,647802,252,201,285,0.7916666666666666,646974,647607,647712,647892,0,0.0,False,False
4336,118_02251,118,2251,360.0,647316,647517,647802,648068,201,285,266,0.7388888888888889,647226,647892,647978,648158,0,0.0,False,False
4337,118_02252,118,2252,360.0,647517,647802,648068,648330,285,266,262,0.7277777777777777,647427,648158,648240,648420,0,0.0,False,False
4338,118_02253,118,2253,360.0,647802,648068,648330,648600,266,262,270,0.75,647712,648420,648510,648690,0,0.0,False,False
4339,118_02254,118,2254,360.0,648068,648330,648600,648792,262,270,192,0.5333333333333333,647978,648690,648702,648882,0,0.0,False,False
4340,118_02255,118,2255,360.0,648330,648600,648792,649226,270,192,434,1.2055555555555555,648240,648882,649136,649316,0,0.0,False,False
4341,118_02256,118,2256,360.0,648600,648792,649226,649429,192,434,203,0.5638888888888889,648510,649316,649339,649519,0,0.0,False,False
4342,118_02257,118,2257,360.0,648792,649226,649429,649742,434,203,313,0.8694444444444445,648702,649519,649652,649832,0,0.0,False,False
4343,201_00000,201,0,360.0,159,415,686,905,256,271,219,0.6083333333333333,69,776,815,995,0,0.0,False,False
4344,201_00001,201,1,360.0,415,686,905,1189,271,219,284,0.7888888888888889,325,995,1099,1279,0,0.0,False,False
4345,201_00002,201,2,360.0,686,905,1189,1422,219,284,233,0.6472222222222223,596,1279,1332,1512,0,0.0,False,False
4346,201_00003,201,3,360.0,905,1189,1422,1621,284,233,199,0.5527777777777778,815,1512,1531,1711,0,0.0,False,False
4347,201_00004,201,4,360.0,1189,1422,1621,1965,233,199,344,0.9555555555555556,1099,1711,1875,2055,0,0.0,False,False
4348,201_00005,201,5,360.0,1422,1621,1965,2236,199,344,271,0.7527777777777778,1332,2055,2146,2326,0,0.0,False,False
4349,201_00006,201,6,360.0,1621,1965,2236,2495,344,271,259,0.7194444444444444,1531,2326,2405,2585,0,0.0,False,False
4350,201_00007,201,7,360.0,1965,2236,2495,2721,271,259,226,0.6277777777777778,1875,2585,2631,2811,0,0.0,False,False
4351,201_00008,201,8,360.0,2236,2495,2721,2955,259,226,234,0.65,2146,2811,2865,3045,0,0.0,False,False
4352,201_00009,201,9,360.0,2495,2721,2955,3197,226,234,242,0.6722222222222223,2405,3045,3107,3287,0,0.0,False,False
4353,201_00010,201,10,360.0,2721,2955,3197,3470,234,242,273,0.7583333333333333,2631,3287,3380,3560,0,0.0,False,False
4354,201_00011,201,11,360.0,2955,3197,3470,3798,242,273,328,0.9111111111111111,2865,3560,3708,3888,0,0.0,False,False
4355,201_00012,201,12,360.0,3197,3470,3798,4109,273,328,311,0.8638888888888889,3107,3888,4019,4199,0,0.0,False,False
4356,201_00013,201,13,360.0,3470,3798,4109,4353,328,311,244,0.6777777777777778,3380,4199,4263,4443,0,0.0,False,False
4357,201_00014,201,14,360.0,3798,4109,4353,4591,311,244,238,0.6611111111111111,3708,4443,4501,4681,0,0.0,False,False
4358,201_00015,201,15,360.0,4109,4353,4591,4847,244,238,256,0.7111111111111111,4019,4681,4757,4937,0,0.0,False,False
4359,201_00016,201,16,360.0,4353,4591,4847,4989,238,256,142,0.39444444444444443,4263,4937,4899,5079,38,0.2111111111111111,True,False
4360,201_00017,201,17,360.0,4591,4847,4989,5220,256,142,231,0.6416666666666667,4501,5079,5130,5310,0,0.0,False,False
4361,201_00018,201,18,360.0,4847,4989,5220,5477,142,231,257,0.7138888888888889,4757,5310,5387,5567,0,0.0,False,False
4362,201_00019,201,19,360.0,4989,5220,5477,5688,231,257,211,0.5861111111111111,4899,5567,5598,5778,0,0.0,False,False
4363,201_00020,201,20,360.0,5220,5477,5688,5919,257,211,231,0.6416666666666667,5130,5778,5829,6009,0,0.0,False,False
4364,201_00021,201,21,360.0,5477,5688,5919,6102,211,231,183,0.5083333333333333,5387,6009,6012,6192,0,0.0,False,False
4365,201_00022,201,22,360.0,5688,5919,6102,6391,231,183,289,0.8027777777777778,5598,6192,6301,6481,0,0.0,False,False
4366,201_00023,201,23,360.0,5919,6102,6391,6636,183,289,245,0.6805555555555556,5829,6481,6546,6726,0,0.0,False,False
4367,201_00024,201,24,360.0,6102,6391,6636,6836,289,245,200,0.5555555555555556,6012,6726,6746,6926,0,0.0,False,False
4368,201_00025,201,25,360.0,6391,6636,6836,7069,245,200,233,0.6472222222222223,6301,6926,6979,7159,0,0.0,False,False
4369,201_00026,201,26,360.0,6636,6836,7069,7323,200,233,254,0.7055555555555556,6546,7159,7233,7413,0,0.0,False,False
4370,201_00027,201,27,360.0,6836,7069,7323,7614,233,254,291,0.8083333333333333,6746,7413,7524,7704,0,0.0,False,False
4371,201_00028,201,28,360.0,7069,7323,7614,7819,254,291,205,0.5694444444444444,6979,7704,7729,7909,0,0.0,False,False
4372,201_00029,201,29,360.0,7323,7614,7819,8071,291,205,252,0.7,7233,7909,7981,8161,0,0.0,False,False
4373,201_00030,201,30,360.0,7614,7819,8071,8303,205,252,232,0.6444444444444445,7524,8161,8213,8393,0,0.0,False,False
4374,201_00031,201,31,360.0,7819,8071,8303,8514,252,232,211,0.5861111111111111,7729,8393,8424,8604,0,0.0,False,False
4375,201_00032,201,32,360.0,8071,8303,8514,8667,232,211,153,0.425,7981,8604,8577,8757,27,0.15,True,False
4376,201_00033,201,33,360.0,8303,8514,8667,8922,211,153,255,0.7083333333333334,8213,8757,8832,9012,0,0.0,False,False
4377,201_00034,201,34,360.0,8514,8667,8922,9116,153,255,194,0.5388888888888889,8424,9012,9026,9206,0,0.0,False,False
4378,201_00035,201,35,360.0,8667,8922,9116,9349,255,194,233,0.6472222222222223,8577,9206,9259,9439,0,0.0,False,False
4379,201_00036,201,36,360.0,8922,9116,9349,9642,194,233,293,0.8138888888888889,8832,9439,9552,9732,0,0.0,False,False
4380,201_00037,201,37,360.0,9116,9349,9642,10008,233,293,366,1.0166666666666666,9026,9732,9918,10098,0,0.0,False,False
4381,201_00038,201,38,360.0,9349,9642,10008,10267,293,366,259,0.7194444444444444,9259,10098,10177,10357,0,0.0,False,False
4382,201_00039,201,39,360.0,9642,10008,10267,10521,366,259,254,0.7055555555555556,9552,10357,10431,10611,0,0.0,False,False
4383,201_00040,201,40,360.0,10008,10267,10521,10771,259,254,250,0.6944444444444444,9918,10611,10681,10861,0,0.0,False,False
4384,201_00041,201,41,360.0,10267,10521,10771,11043,254,250,272,0.7555555555555555,10177,10861,10953,11133,0,0.0,False,False
4385,201_00042,201,42,360.0,10521,10771,11043,11300,250,272,257,0.7138888888888889,10431,11133,11210,11390,0,0.0,False,False
4386,201_00043,201,43,360.0,10771,11043,11300,11474,272,257,174,0.48333333333333334,10681,11390,11384,11564,6,0.03333333333333333,True,False
4387,201_00044,201,44,360.0,11043,11300,11474,11800,257,174,326,0.9055555555555556,10953,11564,11710,11890,0,0.0,False,False
4388,201_00045,201,45,360.0,11300,11474,11800,12007,174,326,207,0.575,11210,11890,11917,12097,0,0.0,False,False
4389,201_00046,201,46,360.0,11474,11800,12007,12252,326,207,245,0.6805555555555556,11384,12097,12162,12342,0,0.0,False,False
4390,201_00047,201,47,360.0,11800,12007,12252,12454,207,245,202,0.5611111111111111,11710,12342,12364,12544,0,0.0,False,False
4391,201_00048,201,48,360.0,12007,12252,12454,12690,245,202,236,0.6555555555555556,11917,12544,12600,12780,0,0.0,False,False
4392,201_00049,201,49,360.0,12252,12454,12690,12928,202,236,238,0.6611111111111111,12162,12780,12838,13018,0,0.0,False,False
4393,201_00050,201,50,360.0,12454,12690,12928,13222,236,238,294,0.8166666666666667,12364,13018,13132,13312,0,0.0,False,False
4394,201_00051,201,51,360.0,12690,12928,13222,13550,238,294,328,0.9111111111111111,12600,13312,13460,13640,0,0.0,False,False
4395,201_00052,201,52,360.0,12928,13222,13550,13800,294,328,250,0.6944444444444444,12838,13640,13710,13890,0,0.0,False,False
4396,201_00053,201,53,360.0,13222,13550,13800,14021,328,250,221,0.6138888888888889,13132,13890,13931,14111,0,0.0,False,False
4397,201_00054,201,54,360.0,13550,13800,14021,14349,250,221,328,0.9111111111111111,13460,14111,14259,14439,0,0.0,False,False
4398,201_00055,201,55,360.0,13800,14021,14349,14615,221,328,266,0.7388888888888889,13710,14439,14525,14705,0,0.0,False,False
4399,201_00056,201,56,360.0,14021,14349,14615,14866,328,266,251,0.6972222222222222,13931,14705,14776,14956,0,0.0,False,False
4400,201_00057,201,57,360.0,14349,14615,14866,15014,266,251,148,0.4111111111111111,14259,14956,14924,15104,32,0.17777777777777778,True,False
4401,201_00058,201,58,360.0,14615,14866,15014,15241,251,148,227,0.6305555555555555,14525,15104,15151,15331,0,0.0,False,False
4402,201_00059,201,59,360.0,14866,15014,15241,15470,148,227,229,0.6361111111111111,14776,15331,15380,15560,0,0.0,False,False
4403,201_00060,201,60,360.0,15014,15241,15470,15692,227,229,222,0.6166666666666667,14924,15560,15602,15782,0,0.0,False,False
4404,201_00061,201,61,360.0,15241,15470,15692,15895,229,222,203,0.5638888888888889,15151,15782,15805,15985,0,0.0,False,False
4405,201_00062,201,62,360.0,15470,15692,15895,16151,222,203,256,0.7111111111111111,15380,15985,16061,16241,0,0.0,False,False
4406,201_00063,201,63,360.0,15692,15895,16151,16407,203,256,256,0.7111111111111111,15602,16241,16317,16497,0,0.0,False,False
4407,201_00064,201,64,360.0,15895,16151,16407,16569,256,256,162,0.45,15805,16497,16479,16659,18,0.1,True,False
4408,201_00065,201,65,360.0,16151,16407,16569,16813,256,162,244,0.6777777777777778,16061,16659,16723,16903,0,0.0,False,False
4409,201_00066,201,66,360.0,16407,16569,16813,17042,162,244,229,0.6361111111111111,16317,16903,16952,17132,0,0.0,False,False
4410,201_00067,201,67,360.0,16569,16813,17042,17271,244,229,229,0.6361111111111111,16479,17132,17181,17361,0,0.0,False,False
4411,201_00068,201,68,360.0,16813,17042,17271,17425,229,229,154,0.42777777777777776,16723,17361,17335,17515,26,0.14444444444444443,True,False
4412,201_00069,201,69,360.0,17042,17271,17425,17553,229,154,128,0.35555555555555557,16952,17515,17463,17643,52,0.28888888888888886,True,False
4413,201_00070,201,70,360.0,17271,17425,17553,17775,154,128,222,0.6166666666666667,17181,17643,17685,17865,0,0.0,False,False
4414,201_00071,201,71,360.0,17425,17553,17775,17958,128,222,183,0.5083333333333333,17335,17865,17868,18048,0,0.0,False,False
4415,201_00072,201,72,360.0,17553,17775,17958,18261,222,183,303,0.8416666666666667,17463,18048,18171,18351,0,0.0,False,False
4416,201_00073,201,73,360.0,17775,17958,18261,18428,183,303,167,0.4638888888888889,17685,18351,18338,18518,13,0.07222222222222222,True,False
4417,201_00074,201,74,360.0,17958,18261,18428,18681,303,167,253,0.7027777777777777,17868,18518,18591,18771,0,0.0,False,False
4418,201_00075,201,75,360.0,18261,18428,18681,18924,167,253,243,0.675,18171,18771,18834,19014,0,0.0,False,False
4419,201_00076,201,76,360.0,18428,18681,18924,19075,253,243,151,0.41944444444444445,18338,19014,18985,19165,29,0.16111111111111112,True,False
4420,201_00077,201,77,360.0,18681,18924,19075,19300,243,151,225,0.625,18591,19165,19210,19390,0,0.0,False,False
4421,201_00078,201,78,360.0,18924,19075,19300,19591,151,225,291,0.8083333333333333,18834,19390,19501,19681,0,0.0,False,False
4422,201_00079,201,79,360.0,19075,19300,19591,19825,225,291,234,0.65,18985,19681,19735,19915,0,0.0,False,False
4423,201_00080,201,80,360.0,19300,19591,19825,20050,291,234,225,0.625,19210,19915,19960,20140,0,0.0,False,False
4424,201_00081,201,81,360.0,19591,19825,20050,20271,234,225,221,0.6138888888888889,19501,20140,20181,20361,0,0.0,False,False
4425,201_00082,201,82,360.0,19825,20050,20271,20584,225,221,313,0.8694444444444445,19735,20361,20494,20674,0,0.0,False,False
4426,201_00083,201,83,360.0,20050,20271,20584,20907,221,313,323,0.8972222222222223,19960,20674,20817,20997,0,0.0,False,False
4427,201_00084,201,84,360.0,20271,20584,20907,21167,313,323,260,0.7222222222222222,20181,20997,21077,21257,0,0.0,False,False
4428,201_00085,201,85,360.0,20584,20907,21167,21406,323,260,239,0.6638888888888889,20494,21257,21316,21496,0,0.0,False,False
4429,201_00086,201,86,360.0,20907,21167,21406,21561,260,239,155,0.4305555555555556,20817,21496,21471,21651,25,0.1388888888888889,True,False
4430,201_00087,201,87,360.0,21167,21406,21561,21744,239,155,183,0.5083333333333333,21077,21651,21654,21834,0,0.0,False,False
4431,201_00088,201,88,360.0,21406,21561,21744,21963,155,183,219,0.6083333333333333,21316,21834,21873,22053,0,0.0,False,False
4432,201_00089,201,89,360.0,21561,21744,21963,22296,183,219,333,0.925,21471,22053,22206,22386,0,0.0,False,False
4433,201_00090,201,90,360.0,21744,21963,22296,22597,219,333,301,0.8361111111111111,21654,22386,22507,22687,0,0.0,False,False
4434,201_00091,201,91,360.0,21963,22296,22597,22754,333,301,157,0.4361111111111111,21873,22687,22664,22844,23,0.12777777777777777,True,False
4435,201_00092,201,92,360.0,22296,22597,22754,22914,301,157,160,0.4444444444444444,22206,22844,22824,23004,20,0.1111111111111111,True,False
4436,201_00093,201,93,360.0,22597,22754,22914,23153,157,160,239,0.6638888888888889,22507,23004,23063,23243,0,0.0,False,False
4437,201_00094,201,94,360.0,22754,22914,23153,23502,160,239,349,0.9694444444444444,22664,23243,23412,23592,0,0.0,False,False
4438,201_00095,201,95,360.0,22914,23153,23502,23658,239,349,156,0.43333333333333335,22824,23592,23568,23748,24,0.13333333333333333,True,False
4439,201_00096,201,96,360.0,23153,23502,23658,23872,349,156,214,0.5944444444444444,23063,23748,23782,23962,0,0.0,False,False
4440,201_00097,201,97,360.0,23502,23658,23872,24191,156,214,319,0.8861111111111111,23412,23962,24101,24281,0,0.0,False,False
4441,201_00098,201,98,360.0,23658,23872,24191,24396,214,319,205,0.5694444444444444,23568,24281,24306,24486,0,0.0,False,False
4442,201_00099,201,99,360.0,23872,24191,24396,24641,319,205,245,0.6805555555555556,23782,24486,24551,24731,0,0.0,False,False
4443,201_00100,201,100,360.0,24191,24396,24641,24871,205,245,230,0.6388888888888888,24101,24731,24781,24961,0,0.0,False,False
4444,201_00101,201,101,360.0,24396,24641,24871,25118,245,230,247,0.6861111111111111,24306,24961,25028,25208,0,0.0,False,False
4445,201_00102,201,102,360.0,24641,24871,25118,25360,230,247,242,0.6722222222222223,24551,25208,25270,25450,0,0.0,False,False
4446,201_00103,201,103,360.0,24871,25118,25360,25623,247,242,263,0.7305555555555555,24781,25450,25533,25713,0,0.0,False,False
4447,201_00104,201,104,360.0,25118,25360,25623,25857,242,263,234,0.65,25028,25713,25767,25947,0,0.0,False,False
4448,201_00105,201,105,360.0,25360,25623,25857,26138,263,234,281,0.7805555555555556,25270,25947,26048,26228,0,0.0,False,False
4449,201_00106,201,106,360.0,25623,25857,26138,26362,234,281,224,0.6222222222222222,25533,26228,26272,26452,0,0.0,False,False
4450,201_00107,201,107,360.0,25857,26138,26362,26610,281,224,248,0.6888888888888889,25767,26452,26520,26700,0,0.0,False,False
4451,201_00108,201,108,360.0,26138,26362,26610,26803,224,248,193,0.5361111111111111,26048,26700,26713,26893,0,0.0,False,False
4452,201_00109,201,109,360.0,26362,26610,26803,27042,248,193,239,0.6638888888888889,26272,26893,26952,27132,0,0.0,False,False
4453,201_00110,201,110,360.0,26610,26803,27042,27257,193,239,215,0.5972222222222222,26520,27132,27167,27347,0,0.0,False,False
4454,201_00111,201,111,360.0,26803,27042,27257,27443,239,215,186,0.5166666666666667,26713,27347,27353,27533,0,0.0,False,False
4455,201_00112,201,112,360.0,27042,27257,27443,27598,215,186,155,0.4305555555555556,26952,27533,27508,27688,25,0.1388888888888889,True,False
4456,201_00113,201,113,360.0,27257,27443,27598,27878,186,155,280,0.7777777777777778,27167,27688,27788,27968,0,0.0,False,False
4457,201_00114,201,114,360.0,27443,27598,27878,28128,155,280,250,0.6944444444444444,27353,27968,28038,28218,0,0.0,False,False
4458,201_00115,201,115,360.0,27598,27878,28128,28377,280,250,249,0.6916666666666667,27508,28218,28287,28467,0,0.0,False,False
4459,201_00116,201,116,360.0,27878,28128,28377,28617,250,249,240,0.6666666666666666,27788,28467,28527,28707,0,0.0,False,False
4460,201_00117,201,117,360.0,28128,28377,28617,28915,249,240,298,0.8277777777777777,28038,28707,28825,29005,0,0.0,False,False
4461,201_00118,201,118,360.0,28377,28617,28915,29153,240,298,238,0.6611111111111111,28287,29005,29063,29243,0,0.0,False,False
4462,201_00119,201,119,360.0,28617,28915,29153,29443,298,238,290,0.8055555555555556,28527,29243,29353,29533,0,0.0,False,False
4463,201_00120,201,120,360.0,28915,29153,29443,29712,238,290,269,0.7472222222222222,28825,29533,29622,29802,0,0.0,False,False
4464,201_00121,201,121,360.0,29153,29443,29712,29939,290,269,227,0.6305555555555555,29063,29802,29849,30029,0,0.0,False,False
4465,201_00122,201,122,360.0,29443,29712,29939,30171,269,227,232,0.6444444444444445,29353,30029,30081,30261,0,0.0,False,False
4466,201_00123,201,123,360.0,29712,29939,30171,30314,227,232,143,0.3972222222222222,29622,30261,30224,30404,37,0.20555555555555555,True,False
4467,201_00124,201,124,360.0,29939,30171,30314,30577,232,143,263,0.7305555555555555,29849,30404,30487,30667,0,0.0,False,False
4468,201_00125,201,125,360.0,30171,30314,30577,30780,143,263,203,0.5638888888888889,30081,30667,30690,30870,0,0.0,False,False
4469,201_00126,201,126,360.0,30314,30577,30780,31022,263,203,242,0.6722222222222223,30224,30870,30932,31112,0,0.0,False,False
4470,201_00127,201,127,360.0,30577,30780,31022,31305,203,242,283,0.7861111111111111,30487,31112,31215,31395,0,0.0,False,False
4471,201_00128,201,128,360.0,30780,31022,31305,31720,242,283,415,1.1527777777777777,30690,31395,31630,31810,0,0.0,False,False
4472,201_00129,201,129,360.0,31022,31305,31720,32030,283,415,310,0.8611111111111112,30932,31810,31940,32120,0,0.0,False,False
4473,201_00130,201,130,360.0,31305,31720,32030,32257,415,310,227,0.6305555555555555,31215,32120,32167,32347,0,0.0,False,False
4474,201_00131,201,131,360.0,31720,32030,32257,32429,310,227,172,0.4777777777777778,31630,32347,32339,32519,8,0.044444444444444446,True,False
4475,201_00132,201,132,360.0,32030,32257,32429,32628,227,172,199,0.5527777777777778,31940,32519,32538,32718,0,0.0,False,False
4476,201_00133,201,133,360.0,32257,32429,32628,32861,172,199,233,0.6472222222222223,32167,32718,32771,32951,0,0.0,False,False
4477,201_00134,201,134,360.0,32429,32628,32861,33177,199,233,316,0.8777777777777778,32339,32951,33087,33267,0,0.0,False,False
4478,201_00135,201,135,360.0,32628,32861,33177,33362,233,316,185,0.5138888888888888,32538,33267,33272,33452,0,0.0,False,False
4479,201_00136,201,136,360.0,32861,33177,33362,33648,316,185,286,0.7944444444444444,32771,33452,33558,33738,0,0.0,False,False
4480,201_00137,201,137,360.0,33177,33362,33648,33894,185,286,246,0.6833333333333333,33087,33738,33804,33984,0,0.0,False,False
4481,201_00138,201,138,360.0,33362,33648,33894,34202,286,246,308,0.8555555555555555,33272,33984,34112,34292,0,0.0,False,False
4482,201_00139,201,139,360.0,33648,33894,34202,34351,246,308,149,0.41388888888888886,33558,34292,34261,34441,31,0.17222222222222222,True,False
4483,201_00140,201,140,360.0,33894,34202,34351,34624,308,149,273,0.7583333333333333,33804,34441,34534,34714,0,0.0,False,False
4484,201_00141,201,141,360.0,34202,34351,34624,34871,149,273,247,0.6861111111111111,34112,34714,34781,34961,0,0.0,False,False
4485,201_00142,201,142,360.0,34351,34624,34871,35019,273,247,148,0.4111111111111111,34261,34961,34929,35109,32,0.17777777777777778,True,False
4486,201_00143,201,143,360.0,34624,34871,35019,35221,247,148,202,0.5611111111111111,34534,35109,35131,35311,0,0.0,False,False
4487,201_00144,201,144,360.0,34871,35019,35221,35375,148,202,154,0.42777777777777776,34781,35311,35285,35465,26,0.14444444444444443,True,False
4488,201_00145,201,145,360.0,35019,35221,35375,35622,202,154,247,0.6861111111111111,34929,35465,35532,35712,0,0.0,False,False
4489,201_00146,201,146,360.0,35221,35375,35622,35921,154,247,299,0.8305555555555556,35131,35712,35831,36011,0,0.0,False,False
4490,201_00147,201,147,360.0,35375,35622,35921,36255,247,299,334,0.9277777777777778,35285,36011,36165,36345,0,0.0,False,False
4491,201_00148,201,148,360.0,35622,35921,36255,36489,299,334,234,0.65,35532,36345,36399,36579,0,0.0,False,False
4492,201_00149,201,149,360.0,35921,36255,36489,36684,334,234,195,0.5416666666666666,35831,36579,36594,36774,0,0.0,False,False
4493,201_00150,201,150,360.0,36255,36489,36684,37033,234,195,349,0.9694444444444444,36165,36774,36943,37123,0,0.0,False,False
4494,201_00151,201,151,360.0,36489,36684,37033,37199,195,349,166,0.46111111111111114,36399,37123,37109,37289,14,0.07777777777777778,True,False
4495,201_00152,201,152,360.0,36684,37033,37199,37340,349,166,141,0.39166666666666666,36594,37289,37250,37430,39,0.21666666666666667,True,False
4496,201_00153,201,153,360.0,37033,37199,37340,37584,166,141,244,0.6777777777777778,36943,37430,37494,37674,0,0.0,False,False
4497,201_00154,201,154,360.0,37199,37340,37584,37824,141,244,240,0.6666666666666666,37109,37674,37734,37914,0,0.0,False,False
4498,201_00155,201,155,360.0,37340,37584,37824,38074,244,240,250,0.6944444444444444,37250,37914,37984,38164,0,0.0,False,False
4499,201_00156,201,156,360.0,37584,37824,38074,38318,240,250,244,0.6777777777777778,37494,38164,38228,38408,0,0.0,False,False
4500,201_00157,201,157,360.0,37824,38074,38318,38583,250,244,265,0.7361111111111112,37734,38408,38493,38673,0,0.0,False,False
4501,201_00158,201,158,360.0,38074,38318,38583,38865,244,265,282,0.7833333333333333,37984,38673,38775,38955,0,0.0,False,False
4502,201_00159,201,159,360.0,38318,38583,38865,39162,265,282,297,0.825,38228,38955,39072,39252,0,0.0,False,False
4503,201_00160,201,160,360.0,38583,38865,39162,39450,282,297,288,0.8,38493,39252,39360,39540,0,0.0,False,False
4504,201_00161,201,161,360.0,38865,39162,39450,39783,297,288,333,0.925,38775,39540,39693,39873,0,0.0,False,False
4505,201_00162,201,162,360.0,39162,39450,39783,40080,288,333,297,0.825,39072,39873,39990,40170,0,0.0,False,False
4506,201_00163,201,163,360.0,39450,39783,40080,40305,333,297,225,0.625,39360,40170,40215,40395,0,0.0,False,False
4507,201_00164,201,164,360.0,39783,40080,40305,40607,297,225,302,0.8388888888888889,39693,40395,40517,40697,0,0.0,False,False
4508,201_00165,201,165,360.0,40080,40305,40607,40811,225,302,204,0.5666666666666667,39990,40697,40721,40901,0,0.0,False,False
4509,201_00166,201,166,360.0,40305,40607,40811,41040,302,204,229,0.6361111111111111,40215,40901,40950,41130,0,0.0,False,False
4510,201_00167,201,167,360.0,40607,40811,41040,41260,204,229,220,0.6111111111111112,40517,41130,41170,41350,0,0.0,False,False
4511,201_00168,201,168,360.0,40811,41040,41260,41522,229,220,262,0.7277777777777777,40721,41350,41432,41612,0,0.0,False,False
4512,201_00169,201,169,360.0,41040,41260,41522,41695,220,262,173,0.48055555555555557,40950,41612,41605,41785,7,0.03888888888888889,True,False
4513,201_00170,201,170,360.0,41260,41522,41695,41925,262,173,230,0.6388888888888888,41170,41785,41835,42015,0,0.0,False,False
4514,201_00171,201,171,360.0,41522,41695,41925,42168,173,230,243,0.675,41432,42015,42078,42258,0,0.0,False,False
4515,201_00172,201,172,360.0,41695,41925,42168,42415,230,243,247,0.6861111111111111,41605,42258,42325,42505,0,0.0,False,False
4516,201_00173,201,173,360.0,41925,42168,42415,42564,243,247,149,0.41388888888888886,41835,42505,42474,42654,31,0.17222222222222222,True,False
4517,201_00174,201,174,360.0,42168,42415,42564,42700,247,149,136,0.37777777777777777,42078,42654,42610,42790,44,0.24444444444444444,True,False
4518,201_00175,201,175,360.0,42415,42564,42700,43022,149,136,322,0.8944444444444445,42325,42790,42932,43112,0,0.0,False,False
4519,201_00176,201,176,360.0,42564,42700,43022,43242,136,322,220,0.6111111111111112,42474,43112,43152,43332,0,0.0,False,False
4520,201_00177,201,177,360.0,42700,43022,43242,43473,322,220,231,0.6416666666666667,42610,43332,43383,43563,0,0.0,False,False
4521,201_00178,201,178,360.0,43022,43242,43473,43616,220,231,143,0.3972222222222222,42932,43563,43526,43706,37,0.20555555555555555,True,False
4522,201_00179,201,179,360.0,43242,43473,43616,43934,231,143,318,0.8833333333333333,43152,43706,43844,44024,0,0.0,False,False
4523,201_00180,201,180,360.0,43473,43616,43934,44333,143,318,399,1.1083333333333334,43383,44024,44243,44423,0,0.0,False,False
4524,201_00181,201,181,360.0,43616,43934,44333,44649,318,399,316,0.8777777777777778,43526,44423,44559,44739,0,0.0,False,False
4525,201_00182,201,182,360.0,43934,44333,44649,44920,399,316,271,0.7527777777777778,43844,44739,44830,45010,0,0.0,False,False
4526,201_00183,201,183,360.0,44333,44649,44920,45201,316,271,281,0.7805555555555556,44243,45010,45111,45291,0,0.0,False,False
4527,201_00184,201,184,360.0,44649,44920,45201,45408,271,281,207,0.575,44559,45291,45318,45498,0,0.0,False,False
4528,201_00185,201,185,360.0,44920,45201,45408,45594,281,207,186,0.5166666666666667,44830,45498,45504,45684,0,0.0,False,False
4529,201_00186,201,186,360.0,45201,45408,45594,45770,207,186,176,0.4888888888888889,45111,45684,45680,45860,4,0.022222222222222223,True,False
4530,201_00187,201,187,360.0,45408,45594,45770,45986,186,176,216,0.6,45318,45860,45896,46076,0,0.0,False,False
4531,201_00188,201,188,360.0,45594,45770,45986,46198,176,216,212,0.5888888888888889,45504,46076,46108,46288,0,0.0,False,False
4532,201_00189,201,189,360.0,45770,45986,46198,46460,216,212,262,0.7277777777777777,45680,46288,46370,46550,0,0.0,False,False
4533,201_00190,201,190,360.0,45986,46198,46460,46752,212,262,292,0.8111111111111111,45896,46550,46662,46842,0,0.0,False,False
4534,201_00191,201,191,360.0,46198,46460,46752,47002,262,292,250,0.6944444444444444,46108,46842,46912,47092,0,0.0,False,False
4535,201_00192,201,192,360.0,46460,46752,47002,47284,292,250,282,0.7833333333333333,46370,47092,47194,47374,0,0.0,False,False
4536,201_00193,201,193,360.0,46752,47002,47284,47500,250,282,216,0.6,46662,47374,47410,47590,0,0.0,False,False
4537,201_00194,201,194,360.0,47002,47284,47500,47749,282,216,249,0.6916666666666667,46912,47590,47659,47839,0,0.0,False,False
4538,201_00195,201,195,360.0,47284,47500,47749,47953,216,249,204,0.5666666666666667,47194,47839,47863,48043,0,0.0,False,False
4539,201_00196,201,196,360.0,47500,47749,47953,48197,249,204,244,0.6777777777777778,47410,48043,48107,48287,0,0.0,False,False
4540,201_00197,201,197,360.0,47749,47953,48197,48416,204,244,219,0.6083333333333333,47659,48287,48326,48506,0,0.0,False,False
4541,201_00198,201,198,360.0,47953,48197,48416,48665,244,219,249,0.6916666666666667,47863,48506,48575,48755,0,0.0,False,False
4542,201_00199,201,199,360.0,48197,48416,48665,48918,219,249,253,0.7027777777777777,48107,48755,48828,49008,0,0.0,False,False
4543,201_00200,201,200,360.0,48416,48665,48918,49137,249,253,219,0.6083333333333333,48326,49008,49047,49227,0,0.0,False,False
4544,201_00201,201,201,360.0,48665,48918,49137,49376,253,219,239,0.6638888888888889,48575,49227,49286,49466,0,0.0,False,False
4545,201_00202,201,202,360.0,48918,49137,49376,49559,219,239,183,0.5083333333333333,48828,49466,49469,49649,0,0.0,False,False
4546,201_00203,201,203,360.0,49137,49376,49559,49705,239,183,146,0.40555555555555556,49047,49649,49615,49795,34,0.18888888888888888,True,False
4547,201_00204,201,204,360.0,49376,49559,49705,50081,183,146,376,1.0444444444444445,49286,49795,49991,50171,0,0.0,False,False
4548,201_00205,201,205,360.0,49559,49705,50081,50332,146,376,251,0.6972222222222222,49469,50171,50242,50422,0,0.0,False,False
4549,201_00206,201,206,360.0,49705,50081,50332,50640,376,251,308,0.8555555555555555,49615,50422,50550,50730,0,0.0,False,False
4550,201_00207,201,207,360.0,50081,50332,50640,50929,251,308,289,0.8027777777777778,49991,50730,50839,51019,0,0.0,False,False
4551,201_00208,201,208,360.0,50332,50640,50929,51250,308,289,321,0.8916666666666667,50242,51019,51160,51340,0,0.0,False,False
4552,201_00209,201,209,360.0,50640,50929,51250,51501,289,321,251,0.6972222222222222,50550,51340,51411,51591,0,0.0,False,False
4553,201_00210,201,210,360.0,50929,51250,51501,51685,321,251,184,0.5111111111111111,50839,51591,51595,51775,0,0.0,False,False
4554,201_00211,201,211,360.0,51250,51501,51685,51913,251,184,228,0.6333333333333333,51160,51775,51823,52003,0,0.0,False,False
4555,201_00212,201,212,360.0,51501,51685,51913,52141,184,228,228,0.6333333333333333,51411,52003,52051,52231,0,0.0,False,False
4556,201_00213,201,213,360.0,51685,51913,52141,52405,228,228,264,0.7333333333333333,51595,52231,52315,52495,0,0.0,False,False
4557,201_00214,201,214,360.0,51913,52141,52405,52666,228,264,261,0.725,51823,52495,52576,52756,0,0.0,False,False
4558,201_00215,201,215,360.0,52141,52405,52666,52911,264,261,245,0.6805555555555556,52051,52756,52821,53001,0,0.0,False,False
4559,201_00216,201,216,360.0,52405,52666,52911,53237,261,245,326,0.9055555555555556,52315,53001,53147,53327,0,0.0,False,False
4560,201_00217,201,217,360.0,52666,52911,53237,53451,245,326,214,0.5944444444444444,52576,53327,53361,53541,0,0.0,False,False
4561,201_00218,201,218,360.0,52911,53237,53451,53620,326,214,169,0.46944444444444444,52821,53541,53530,53710,11,0.06111111111111111,True,False
4562,201_00219,201,219,360.0,53237,53451,53620,53846,214,169,226,0.6277777777777778,53147,53710,53756,53936,0,0.0,False,False
4563,201_00220,201,220,360.0,53451,53620,53846,54085,169,226,239,0.6638888888888889,53361,53936,53995,54175,0,0.0,False,False
4564,201_00221,201,221,360.0,53620,53846,54085,54409,226,239,324,0.9,53530,54175,54319,54499,0,0.0,False,False
4565,201_00222,201,222,360.0,53846,54085,54409,54658,239,324,249,0.6916666666666667,53756,54499,54568,54748,0,0.0,False,False
4566,201_00223,201,223,360.0,54085,54409,54658,54885,324,249,227,0.6305555555555555,53995,54748,54795,54975,0,0.0,False,False
4567,201_00224,201,224,360.0,54409,54658,54885,55111,249,227,226,0.6277777777777778,54319,54975,55021,55201,0,0.0,False,False
4568,201_00225,201,225,360.0,54658,54885,55111,55261,227,226,150,0.4166666666666667,54568,55201,55171,55351,30,0.16666666666666666,True,False
4569,201_00226,201,226,360.0,54885,55111,55261,55519,226,150,258,0.7166666666666667,54795,55351,55429,55609,0,0.0,False,False
4570,201_00227,201,227,360.0,55111,55261,55519,55680,150,258,161,0.44722222222222224,55021,55609,55590,55770,19,0.10555555555555556,True,False
4571,201_00228,201,228,360.0,55261,55519,55680,56045,258,161,365,1.0138888888888888,55171,55770,55955,56135,0,0.0,False,False
4572,201_00229,201,229,360.0,55519,55680,56045,56246,161,365,201,0.5583333333333333,55429,56135,56156,56336,0,0.0,False,False
4573,201_00230,201,230,360.0,55680,56045,56246,56447,365,201,201,0.5583333333333333,55590,56336,56357,56537,0,0.0,False,False
4574,201_00231,201,231,360.0,56045,56246,56447,56690,201,201,243,0.675,55955,56537,56600,56780,0,0.0,False,False
4575,201_00232,201,232,360.0,56246,56447,56690,56952,201,243,262,0.7277777777777777,56156,56780,56862,57042,0,0.0,False,False
4576,201_00233,201,233,360.0,56447,56690,56952,57163,243,262,211,0.5861111111111111,56357,57042,57073,57253,0,0.0,False,False
4577,201_00234,201,234,360.0,56690,56952,57163,57321,262,211,158,0.4388888888888889,56600,57253,57231,57411,22,0.12222222222222222,True,False
4578,201_00235,201,235,360.0,56952,57163,57321,57732,211,158,411,1.1416666666666666,56862,57411,57642,57822,0,0.0,False,False
4579,201_00236,201,236,360.0,57163,57321,57732,58034,158,411,302,0.8388888888888889,57073,57822,57944,58124,0,0.0,False,False
4580,201_00237,201,237,360.0,57321,57732,58034,58261,411,302,227,0.6305555555555555,57231,58124,58171,58351,0,0.0,False,False
4581,201_00238,201,238,360.0,57732,58034,58261,58447,302,227,186,0.5166666666666667,57642,58351,58357,58537,0,0.0,False,False
4582,201_00239,201,239,360.0,58034,58261,58447,58578,227,186,131,0.3638888888888889,57944,58537,58488,58668,49,0.2722222222222222,True,False
4583,201_00240,201,240,360.0,58261,58447,58578,58809,186,131,231,0.6416666666666667,58171,58668,58719,58899,0,0.0,False,False
4584,201_00241,201,241,360.0,58447,58578,58809,59083,131,231,274,0.7611111111111111,58357,58899,58993,59173,0,0.0,False,False
4585,201_00242,201,242,360.0,58578,58809,59083,59332,231,274,249,0.6916666666666667,58488,59173,59242,59422,0,0.0,False,False
4586,201_00243,201,243,360.0,58809,59083,59332,59593,274,249,261,0.725,58719,59422,59503,59683,0,0.0,False,False
4587,201_00244,201,244,360.0,59083,59332,59593,59848,249,261,255,0.7083333333333334,58993,59683,59758,59938,0,0.0,False,False
4588,201_00245,201,245,360.0,59332,59593,59848,60079,261,255,231,0.6416666666666667,59242,59938,59989,60169,0,0.0,False,False
4589,201_00246,201,246,360.0,59593,59848,60079,60338,255,231,259,0.7194444444444444,59503,60169,60248,60428,0,0.0,False,False
4590,201_00247,201,247,360.0,59848,60079,60338,60587,231,259,249,0.6916666666666667,59758,60428,60497,60677,0,0.0,False,False
4591,201_00248,201,248,360.0,60079,60338,60587,60896,259,249,309,0.8583333333333333,59989,60677,60806,60986,0,0.0,False,False
4592,201_00249,201,249,360.0,60338,60587,60896,61145,249,309,249,0.6916666666666667,60248,60986,61055,61235,0,0.0,False,False
4593,201_00250,201,250,360.0,60587,60896,61145,61395,309,249,250,0.6944444444444444,60497,61235,61305,61485,0,0.0,False,False
4594,201_00251,201,251,360.0,60896,61145,61395,61628,249,250,233,0.6472222222222223,60806,61485,61538,61718,0,0.0,False,False
4595,201_00252,201,252,360.0,61145,61395,61628,61858,250,233,230,0.6388888888888888,61055,61718,61768,61948,0,0.0,False,False
4596,201_00253,201,253,360.0,61395,61628,61858,62073,233,230,215,0.5972222222222222,61305,61948,61983,62163,0,0.0,False,False
4597,201_00254,201,254,360.0,61628,61858,62073,62314,230,215,241,0.6694444444444444,61538,62163,62224,62404,0,0.0,False,False
4598,201_00255,201,255,360.0,61858,62073,62314,62465,215,241,151,0.41944444444444445,61768,62404,62375,62555,29,0.16111111111111112,True,False
4599,201_00256,201,256,360.0,62073,62314,62465,62702,241,151,237,0.6583333333333333,61983,62555,62612,62792,0,0.0,False,False
4600,201_00257,201,257,360.0,62314,62465,62702,62922,151,237,220,0.6111111111111112,62224,62792,62832,63012,0,0.0,False,False
4601,201_00258,201,258,360.0,62465,62702,62922,63166,237,220,244,0.6777777777777778,62375,63012,63076,63256,0,0.0,False,False
4602,201_00259,201,259,360.0,62702,62922,63166,63346,220,244,180,0.5,62612,63256,63256,63436,0,0.0,False,False
4603,201_00260,201,260,360.0,62922,63166,63346,63616,244,180,270,0.75,62832,63436,63526,63706,0,0.0,False,False
4604,201_00261,201,261,360.0,63166,63346,63616,63829,180,270,213,0.5916666666666667,63076,63706,63739,63919,0,0.0,False,False
4605,201_00262,201,262,360.0,63346,63616,63829,64084,270,213,255,0.7083333333333334,63256,63919,63994,64174,0,0.0,False,False
4606,201_00263,201,263,360.0,63616,63829,64084,64308,213,255,224,0.6222222222222222,63526,64174,64218,64398,0,0.0,False,False
4607,201_00264,201,264,360.0,63829,64084,64308,64521,255,224,213,0.5916666666666667,63739,64398,64431,64611,0,0.0,False,False
4608,201_00265,201,265,360.0,64084,64308,64521,64689,224,213,168,0.4666666666666667,63994,64611,64599,64779,12,0.06666666666666667,True,False
4609,201_00266,201,266,360.0,64308,64521,64689,64927,213,168,238,0.6611111111111111,64218,64779,64837,65017,0,0.0,False,False
4610,201_00267,201,267,360.0,64521,64689,64927,65120,168,238,193,0.5361111111111111,64431,65017,65030,65210,0,0.0,False,False
4611,201_00268,201,268,360.0,64689,64927,65120,65335,238,193,215,0.5972222222222222,64599,65210,65245,65425,0,0.0,False,False
4612,201_00269,201,269,360.0,64927,65120,65335,65634,193,215,299,0.8305555555555556,64837,65425,65544,65724,0,0.0,False,False
4613,201_00270,201,270,360.0,65120,65335,65634,65949,215,299,315,0.875,65030,65724,65859,66039,0,0.0,False,False
4614,201_00271,201,271,360.0,65335,65634,65949,66197,299,315,248,0.6888888888888889,65245,66039,66107,66287,0,0.0,False,False
4615,201_00272,201,272,360.0,65634,65949,66197,66634,315,248,437,1.2138888888888888,65544,66287,66544,66724,0,0.0,False,False
4616,201_00273,201,273,360.0,65949,66197,66634,66808,248,437,174,0.48333333333333334,65859,66724,66718,66898,6,0.03333333333333333,True,False
4617,201_00274,201,274,360.0,66197,66634,66808,67039,437,174,231,0.6416666666666667,66107,66898,66949,67129,0,0.0,False,False
4618,201_00275,201,275,360.0,66634,66808,67039,67252,174,231,213,0.5916666666666667,66544,67129,67162,67342,0,0.0,False,False
4619,201_00276,201,276,360.0,66808,67039,67252,67523,231,213,271,0.7527777777777778,66718,67342,67433,67613,0,0.0,False,False
4620,201_00277,201,277,360.0,67039,67252,67523,67772,213,271,249,0.6916666666666667,66949,67613,67682,67862,0,0.0,False,False
4621,201_00278,201,278,360.0,67252,67523,67772,68008,271,249,236,0.6555555555555556,67162,67862,67918,68098,0,0.0,False,False
4622,201_00279,201,279,360.0,67523,67772,68008,68298,249,236,290,0.8055555555555556,67433,68098,68208,68388,0,0.0,False,False
4623,201_00280,201,280,360.0,67772,68008,68298,68571,236,290,273,0.7583333333333333,67682,68388,68481,68661,0,0.0,False,False
4624,201_00281,201,281,360.0,68008,68298,68571,68946,290,273,375,1.0416666666666667,67918,68661,68856,69036,0,0.0,False,False
4625,201_00282,201,282,360.0,68298,68571,68946,69177,273,375,231,0.6416666666666667,68208,69036,69087,69267,0,0.0,False,False
4626,201_00283,201,283,360.0,68571,68946,69177,69477,375,231,300,0.8333333333333334,68481,69267,69387,69567,0,0.0,False,False
4627,201_00284,201,284,360.0,68946,69177,69477,69654,231,300,177,0.49166666666666664,68856,69567,69564,69744,3,0.016666666666666666,True,False
4628,201_00285,201,285,360.0,69177,69477,69654,69888,300,177,234,0.65,69087,69744,69798,69978,0,0.0,False,False
4629,201_00286,201,286,360.0,69477,69654,69888,70171,177,234,283,0.7861111111111111,69387,69978,70081,70261,0,0.0,False,False
4630,201_00287,201,287,360.0,69654,69888,70171,70392,234,283,221,0.6138888888888889,69564,70261,70302,70482,0,0.0,False,False
4631,201_00288,201,288,360.0,69888,70171,70392,70536,283,221,144,0.4,69798,70482,70446,70626,36,0.2,True,False
4632,201_00289,201,289,360.0,70171,70392,70536,70670,221,144,134,0.37222222222222223,70081,70626,70580,70760,46,0.25555555555555554,True,False
4633,201_00290,201,290,360.0,70392,70536,70670,71068,144,134,398,1.1055555555555556,70302,70760,70978,71158,0,0.0,False,False
4634,201_00291,201,291,360.0,70536,70670,71068,71279,134,398,211,0.5861111111111111,70446,71158,71189,71369,0,0.0,False,False
4635,201_00292,201,292,360.0,70670,71068,71279,71479,398,211,200,0.5555555555555556,70580,71369,71389,71569,0,0.0,False,False
4636,201_00293,201,293,360.0,71068,71279,71479,71816,211,200,337,0.9361111111111111,70978,71569,71726,71906,0,0.0,False,False
4637,201_00294,201,294,360.0,71279,71479,71816,72051,200,337,235,0.6527777777777778,71189,71906,71961,72141,0,0.0,False,False
4638,201_00295,201,295,360.0,71479,71816,72051,72203,337,235,152,0.4222222222222222,71389,72141,72113,72293,28,0.15555555555555556,True,False
4639,201_00296,201,296,360.0,71816,72051,72203,72484,235,152,281,0.7805555555555556,71726,72293,72394,72574,0,0.0,False,False
4640,201_00297,201,297,360.0,72051,72203,72484,72728,152,281,244,0.6777777777777778,71961,72574,72638,72818,0,0.0,False,False
4641,201_00298,201,298,360.0,72203,72484,72728,72967,281,244,239,0.6638888888888889,72113,72818,72877,73057,0,0.0,False,False
4642,201_00299,201,299,360.0,72484,72728,72967,73253,244,239,286,0.7944444444444444,72394,73057,73163,73343,0,0.0,False,False
4643,201_00300,201,300,360.0,72728,72967,73253,73526,239,286,273,0.7583333333333333,72638,73343,73436,73616,0,0.0,False,False
4644,201_00301,201,301,360.0,72967,73253,73526,73722,286,273,196,0.5444444444444444,72877,73616,73632,73812,0,0.0,False,False
4645,201_00302,201,302,360.0,73253,73526,73722,74049,273,196,327,0.9083333333333333,73163,73812,73959,74139,0,0.0,False,False
4646,201_00303,201,303,360.0,73526,73722,74049,74479,196,327,430,1.1944444444444444,73436,74139,74389,74569,0,0.0,False,False
4647,201_00304,201,304,360.0,73722,74049,74479,74702,327,430,223,0.6194444444444445,73632,74569,74612,74792,0,0.0,False,False
4648,201_00305,201,305,360.0,74049,74479,74702,74975,430,223,273,0.7583333333333333,73959,74792,74885,75065,0,0.0,False,False
4649,201_00306,201,306,360.0,74479,74702,74975,75202,223,273,227,0.6305555555555555,74389,75065,75112,75292,0,0.0,False,False
4650,201_00307,201,307,360.0,74702,74975,75202,75427,273,227,225,0.625,74612,75292,75337,75517,0,0.0,False,False
4651,201_00308,201,308,360.0,74975,75202,75427,75711,227,225,284,0.7888888888888889,74885,75517,75621,75801,0,0.0,False,False
4652,201_00309,201,309,360.0,75202,75427,75711,75941,225,284,230,0.6388888888888888,75112,75801,75851,76031,0,0.0,False,False
4653,201_00310,201,310,360.0,75427,75711,75941,76076,284,230,135,0.375,75337,76031,75986,76166,45,0.25,True,False
4654,201_00311,201,311,360.0,75711,75941,76076,76218,230,135,142,0.39444444444444443,75621,76166,76128,76308,38,0.2111111111111111,True,False
4655,201_00312,201,312,360.0,75941,76076,76218,76437,135,142,219,0.6083333333333333,75851,76308,76347,76527,0,0.0,False,False
4656,201_00313,201,313,360.0,76076,76218,76437,76739,142,219,302,0.8388888888888889,75986,76527,76649,76829,0,0.0,False,False
4657,201_00314,201,314,360.0,76218,76437,76739,76969,219,302,230,0.6388888888888888,76128,76829,76879,77059,0,0.0,False,False
4658,201_00315,201,315,360.0,76437,76739,76969,77327,302,230,358,0.9944444444444445,76347,77059,77237,77417,0,0.0,False,False
4659,201_00316,201,316,360.0,76739,76969,77327,77516,230,358,189,0.525,76649,77417,77426,77606,0,0.0,False,False
4660,201_00317,201,317,360.0,76969,77327,77516,77733,358,189,217,0.6027777777777777,76879,77606,77643,77823,0,0.0,False,False
4661,201_00318,201,318,360.0,77327,77516,77733,77948,189,217,215,0.5972222222222222,77237,77823,77858,78038,0,0.0,False,False
4662,201_00319,201,319,360.0,77516,77733,77948,78099,217,215,151,0.41944444444444445,77426,78038,78009,78189,29,0.16111111111111112,True,False
4663,201_00320,201,320,360.0,77733,77948,78099,78339,215,151,240,0.6666666666666666,77643,78189,78249,78429,0,0.0,False,False
4664,201_00321,201,321,360.0,77948,78099,78339,78493,151,240,154,0.42777777777777776,77858,78429,78403,78583,26,0.14444444444444443,True,False
4665,201_00322,201,322,360.0,78099,78339,78493,78716,240,154,223,0.6194444444444445,78009,78583,78626,78806,0,0.0,False,False
4666,201_00323,201,323,360.0,78339,78493,78716,78952,154,223,236,0.6555555555555556,78249,78806,78862,79042,0,0.0,False,False
4667,201_00324,201,324,360.0,78493,78716,78952,79186,223,236,234,0.65,78403,79042,79096,79276,0,0.0,False,False
4668,201_00325,201,325,360.0,78716,78952,79186,79429,236,234,243,0.675,78626,79276,79339,79519,0,0.0,False,False
4669,201_00326,201,326,360.0,78952,79186,79429,79661,234,243,232,0.6444444444444445,78862,79519,79571,79751,0,0.0,False,False
4670,201_00327,201,327,360.0,79186,79429,79661,79879,243,232,218,0.6055555555555555,79096,79751,79789,79969,0,0.0,False,False
4671,201_00328,201,328,360.0,79429,79661,79879,80247,232,218,368,1.0222222222222221,79339,79969,80157,80337,0,0.0,False,False
4672,201_00329,201,329,360.0,79661,79879,80247,80554,218,368,307,0.8527777777777777,79571,80337,80464,80644,0,0.0,False,False
4673,201_00330,201,330,360.0,79879,80247,80554,80841,368,307,287,0.7972222222222223,79789,80644,80751,80931,0,0.0,False,False
4674,201_00331,201,331,360.0,80247,80554,80841,81116,307,287,275,0.7638888888888888,80157,80931,81026,81206,0,0.0,False,False
4675,201_00332,201,332,360.0,80554,80841,81116,81390,287,275,274,0.7611111111111111,80464,81206,81300,81480,0,0.0,False,False
4676,201_00333,201,333,360.0,80841,81116,81390,81678,275,274,288,0.8,80751,81480,81588,81768,0,0.0,False,False
4677,201_00334,201,334,360.0,81116,81390,81678,81928,274,288,250,0.6944444444444444,81026,81768,81838,82018,0,0.0,False,False
4678,201_00335,201,335,360.0,81390,81678,81928,82166,288,250,238,0.6611111111111111,81300,82018,82076,82256,0,0.0,False,False
4679,201_00336,201,336,360.0,81678,81928,82166,82417,250,238,251,0.6972222222222222,81588,82256,82327,82507,0,0.0,False,False
4680,201_00337,201,337,360.0,81928,82166,82417,82736,238,251,319,0.8861111111111111,81838,82507,82646,82826,0,0.0,False,False
4681,201_00338,201,338,360.0,82166,82417,82736,83035,251,319,299,0.8305555555555556,82076,82826,82945,83125,0,0.0,False,False
4682,201_00339,201,339,360.0,82417,82736,83035,83308,319,299,273,0.7583333333333333,82327,83125,83218,83398,0,0.0,False,False
4683,201_00340,201,340,360.0,82736,83035,83308,83616,299,273,308,0.8555555555555555,82646,83398,83526,83706,0,0.0,False,False
4684,201_00341,201,341,360.0,83035,83308,83616,83847,273,308,231,0.6416666666666667,82945,83706,83757,83937,0,0.0,False,False
4685,201_00342,201,342,360.0,83308,83616,83847,84154,308,231,307,0.8527777777777777,83218,83937,84064,84244,0,0.0,False,False
4686,201_00343,201,343,360.0,83616,83847,84154,84452,231,307,298,0.8277777777777777,83526,84244,84362,84542,0,0.0,False,False
4687,201_00344,201,344,360.0,83847,84154,84452,84722,307,298,270,0.75,83757,84542,84632,84812,0,0.0,False,False
4688,201_00345,201,345,360.0,84154,84452,84722,84927,298,270,205,0.5694444444444444,84064,84812,84837,85017,0,0.0,False,False
4689,201_00346,201,346,360.0,84452,84722,84927,85118,270,205,191,0.5305555555555556,84362,85017,85028,85208,0,0.0,False,False
4690,201_00347,201,347,360.0,84722,84927,85118,85325,205,191,207,0.575,84632,85208,85235,85415,0,0.0,False,False
4691,201_00348,201,348,360.0,84927,85118,85325,85578,191,207,253,0.7027777777777777,84837,85415,85488,85668,0,0.0,False,False
4692,201_00349,201,349,360.0,85118,85325,85578,85840,207,253,262,0.7277777777777777,85028,85668,85750,85930,0,0.0,False,False
4693,201_00350,201,350,360.0,85325,85578,85840,86003,253,262,163,0.4527777777777778,85235,85930,85913,86093,17,0.09444444444444444,True,False
4694,201_00351,201,351,360.0,85578,85840,86003,86219,262,163,216,0.6,85488,86093,86129,86309,0,0.0,False,False
4695,201_00352,201,352,360.0,85840,86003,86219,86389,163,216,170,0.4722222222222222,85750,86309,86299,86479,10,0.05555555555555555,True,False
4696,201_00353,201,353,360.0,86003,86219,86389,86614,216,170,225,0.625,85913,86479,86524,86704,0,0.0,False,False
4697,201_00354,201,354,360.0,86219,86389,86614,86865,170,225,251,0.6972222222222222,86129,86704,86775,86955,0,0.0,False,False
4698,201_00355,201,355,360.0,86389,86614,86865,87110,225,251,245,0.6805555555555556,86299,86955,87020,87200,0,0.0,False,False
4699,201_00356,201,356,360.0,86614,86865,87110,87358,251,245,248,0.6888888888888889,86524,87200,87268,87448,0,0.0,False,False
4700,201_00357,201,357,360.0,86865,87110,87358,87543,245,248,185,0.5138888888888888,86775,87448,87453,87633,0,0.0,False,False
4701,201_00358,201,358,360.0,87110,87358,87543,87766,248,185,223,0.6194444444444445,87020,87633,87676,87856,0,0.0,False,False
4702,201_00359,201,359,360.0,87358,87543,87766,87992,185,223,226,0.6277777777777778,87268,87856,87902,88082,0,0.0,False,False
4703,201_00360,201,360,360.0,87543,87766,87992,88205,223,226,213,0.5916666666666667,87453,88082,88115,88295,0,0.0,False,False
4704,201_00361,201,361,360.0,87766,87992,88205,88361,226,213,156,0.43333333333333335,87676,88295,88271,88451,24,0.13333333333333333,True,False
4705,201_00362,201,362,360.0,87992,88205,88361,88587,213,156,226,0.6277777777777778,87902,88451,88497,88677,0,0.0,False,False
4706,201_00363,201,363,360.0,88205,88361,88587,88727,156,226,140,0.3888888888888889,88115,88677,88637,88817,40,0.2222222222222222,True,False
4707,201_00364,201,364,360.0,88361,88587,88727,89008,226,140,281,0.7805555555555556,88271,88817,88918,89098,0,0.0,False,False
4708,201_00365,201,365,360.0,88587,88727,89008,89272,140,281,264,0.7333333333333333,88497,89098,89182,89362,0,0.0,False,False
4709,201_00366,201,366,360.0,88727,89008,89272,89497,281,264,225,0.625,88637,89362,89407,89587,0,0.0,False,False
4710,201_00367,201,367,360.0,89008,89272,89497,89772,264,225,275,0.7638888888888888,88918,89587,89682,89862,0,0.0,False,False
4711,201_00368,201,368,360.0,89272,89497,89772,90050,225,275,278,0.7722222222222223,89182,89862,89960,90140,0,0.0,False,False
4712,201_00369,201,369,360.0,89497,89772,90050,90337,275,278,287,0.7972222222222223,89407,90140,90247,90427,0,0.0,False,False
4713,201_00370,201,370,360.0,89772,90050,90337,90610,278,287,273,0.7583333333333333,89682,90427,90520,90700,0,0.0,False,False
4714,201_00371,201,371,360.0,90050,90337,90610,90841,287,273,231,0.6416666666666667,89960,90700,90751,90931,0,0.0,False,False
4715,201_00372,201,372,360.0,90337,90610,90841,91046,273,231,205,0.5694444444444444,90247,90931,90956,91136,0,0.0,False,False
4716,201_00373,201,373,360.0,90610,90841,91046,91283,231,205,237,0.6583333333333333,90520,91136,91193,91373,0,0.0,False,False
4717,201_00374,201,374,360.0,90841,91046,91283,91519,205,237,236,0.6555555555555556,90751,91373,91429,91609,0,0.0,False,False
4718,201_00375,201,375,360.0,91046,91283,91519,91754,237,236,235,0.6527777777777778,90956,91609,91664,91844,0,0.0,False,False
4719,201_00376,201,376,360.0,91283,91519,91754,92021,236,235,267,0.7416666666666667,91193,91844,91931,92111,0,0.0,False,False
4720,201_00377,201,377,360.0,91519,91754,92021,92393,235,267,372,1.0333333333333334,91429,92111,92303,92483,0,0.0,False,False
4721,201_00378,201,378,360.0,91754,92021,92393,92591,267,372,198,0.55,91664,92483,92501,92681,0,0.0,False,False
4722,201_00379,201,379,360.0,92021,92393,92591,92825,372,198,234,0.65,91931,92681,92735,92915,0,0.0,False,False
4723,201_00380,201,380,360.0,92393,92591,92825,93049,198,234,224,0.6222222222222222,92303,92915,92959,93139,0,0.0,False,False
4724,201_00381,201,381,360.0,92591,92825,93049,93239,234,224,190,0.5277777777777778,92501,93139,93149,93329,0,0.0,False,False
4725,201_00382,201,382,360.0,92825,93049,93239,93376,224,190,137,0.38055555555555554,92735,93329,93286,93466,43,0.2388888888888889,True,False
4726,201_00383,201,383,360.0,93049,93239,93376,93605,190,137,229,0.6361111111111111,92959,93466,93515,93695,0,0.0,False,False
4727,201_00384,201,384,360.0,93239,93376,93605,93959,137,229,354,0.9833333333333333,93149,93695,93869,94049,0,0.0,False,False
4728,201_00385,201,385,360.0,93376,93605,93959,94150,229,354,191,0.5305555555555556,93286,94049,94060,94240,0,0.0,False,False
4729,201_00386,201,386,360.0,93605,93959,94150,94392,354,191,242,0.6722222222222223,93515,94240,94302,94482,0,0.0,False,False
4730,201_00387,201,387,360.0,93959,94150,94392,94645,191,242,253,0.7027777777777777,93869,94482,94555,94735,0,0.0,False,False
4731,201_00388,201,388,360.0,94150,94392,94645,94874,242,253,229,0.6361111111111111,94060,94735,94784,94964,0,0.0,False,False
4732,201_00389,201,389,360.0,94392,94645,94874,95112,253,229,238,0.6611111111111111,94302,94964,95022,95202,0,0.0,False,False
4733,201_00390,201,390,360.0,94645,94874,95112,95248,229,238,136,0.37777777777777777,94555,95202,95158,95338,44,0.24444444444444444,True,False
4734,201_00391,201,391,360.0,94874,95112,95248,95600,238,136,352,0.9777777777777777,94784,95338,95510,95690,0,0.0,False,False
4735,201_00392,201,392,360.0,95112,95248,95600,95835,136,352,235,0.6527777777777778,95022,95690,95745,95925,0,0.0,False,False
4736,201_00393,201,393,360.0,95248,95600,95835,96165,352,235,330,0.9166666666666666,95158,95925,96075,96255,0,0.0,False,False
4737,201_00394,201,394,360.0,95600,95835,96165,96468,235,330,303,0.8416666666666667,95510,96255,96378,96558,0,0.0,False,False
4738,201_00395,201,395,360.0,95835,96165,96468,96744,330,303,276,0.7666666666666667,95745,96558,96654,96834,0,0.0,False,False
4739,201_00396,201,396,360.0,96165,96468,96744,96904,303,276,160,0.4444444444444444,96075,96834,96814,96994,20,0.1111111111111111,True,False
4740,201_00397,201,397,360.0,96468,96744,96904,97120,276,160,216,0.6,96378,96994,97030,97210,0,0.0,False,False
4741,201_00398,201,398,360.0,96744,96904,97120,97351,160,216,231,0.6416666666666667,96654,97210,97261,97441,0,0.0,False,False
4742,201_00399,201,399,360.0,96904,97120,97351,97567,216,231,216,0.6,96814,97441,97477,97657,0,0.0,False,False
4743,201_00400,201,400,360.0,97120,97351,97567,97805,231,216,238,0.6611111111111111,97030,97657,97715,97895,0,0.0,False,False
4744,201_00401,201,401,360.0,97351,97567,97805,98213,216,238,408,1.1333333333333333,97261,97895,98123,98303,0,0.0,False,False
4745,201_00402,201,402,360.0,97567,97805,98213,98518,238,408,305,0.8472222222222222,97477,98303,98428,98608,0,0.0,False,False
4746,201_00403,201,403,360.0,97805,98213,98518,98724,408,305,206,0.5722222222222222,97715,98608,98634,98814,0,0.0,False,False
4747,201_00404,201,404,360.0,98213,98518,98724,99013,305,206,289,0.8027777777777778,98123,98814,98923,99103,0,0.0,False,False
4748,201_00405,201,405,360.0,98518,98724,99013,99341,206,289,328,0.9111111111111111,98428,99103,99251,99431,0,0.0,False,False
4749,201_00406,201,406,360.0,98724,99013,99341,99612,289,328,271,0.7527777777777778,98634,99431,99522,99702,0,0.0,False,False
4750,201_00407,201,407,360.0,99013,99341,99612,99897,328,271,285,0.7916666666666666,98923,99702,99807,99987,0,0.0,False,False
4751,201_00408,201,408,360.0,99341,99612,99897,100144,271,285,247,0.6861111111111111,99251,99987,100054,100234,0,0.0,False,False
4752,201_00409,201,409,360.0,99612,99897,100144,100415,285,247,271,0.7527777777777778,99522,100234,100325,100505,0,0.0,False,False
4753,201_00410,201,410,360.0,99897,100144,100415,100735,247,271,320,0.8888888888888888,99807,100505,100645,100825,0,0.0,False,False
4754,201_00411,201,411,360.0,100144,100415,100735,101067,271,320,332,0.9222222222222223,100054,100825,100977,101157,0,0.0,False,False
4755,201_00412,201,412,360.0,100415,100735,101067,101324,320,332,257,0.7138888888888889,100325,101157,101234,101414,0,0.0,False,False
4756,201_00413,201,413,360.0,100735,101067,101324,101520,332,257,196,0.5444444444444444,100645,101414,101430,101610,0,0.0,False,False
4757,201_00414,201,414,360.0,101067,101324,101520,101754,257,196,234,0.65,100977,101610,101664,101844,0,0.0,False,False
4758,201_00415,201,415,360.0,101324,101520,101754,102047,196,234,293,0.8138888888888889,101234,101844,101957,102137,0,0.0,False,False
4759,201_00416,201,416,360.0,101520,101754,102047,102307,234,293,260,0.7222222222222222,101430,102137,102217,102397,0,0.0,False,False
4760,201_00417,201,417,360.0,101754,102047,102307,102524,293,260,217,0.6027777777777777,101664,102397,102434,102614,0,0.0,False,False
4761,201_00418,201,418,360.0,102047,102307,102524,102665,260,217,141,0.39166666666666666,101957,102614,102575,102755,39,0.21666666666666667,True,False
4762,201_00419,201,419,360.0,102307,102524,102665,102907,217,141,242,0.6722222222222223,102217,102755,102817,102997,0,0.0,False,False
4763,201_00420,201,420,360.0,102524,102665,102907,103189,141,242,282,0.7833333333333333,102434,102997,103099,103279,0,0.0,False,False
4764,201_00421,201,421,360.0,102665,102907,103189,103437,242,282,248,0.6888888888888889,102575,103279,103347,103527,0,0.0,False,False
4765,201_00422,201,422,360.0,102907,103189,103437,103660,282,248,223,0.6194444444444445,102817,103527,103570,103750,0,0.0,False,False
4766,201_00423,201,423,360.0,103189,103437,103660,103879,248,223,219,0.6083333333333333,103099,103750,103789,103969,0,0.0,False,False
4767,201_00424,201,424,360.0,103437,103660,103879,104113,223,219,234,0.65,103347,103969,104023,104203,0,0.0,False,False
4768,201_00425,201,425,360.0,103660,103879,104113,104336,219,234,223,0.6194444444444445,103570,104203,104246,104426,0,0.0,False,False
4769,201_00426,201,426,360.0,103879,104113,104336,104597,234,223,261,0.725,103789,104426,104507,104687,0,0.0,False,False
4770,201_00427,201,427,360.0,104113,104336,104597,104957,223,261,360,1.0,104023,104687,104867,105047,0,0.0,False,False
4771,201_00428,201,428,360.0,104336,104597,104957,105271,261,360,314,0.8722222222222222,104246,105047,105181,105361,0,0.0,False,False
4772,201_00429,201,429,360.0,104597,104957,105271,105486,360,314,215,0.5972222222222222,104507,105361,105396,105576,0,0.0,False,False
4773,201_00430,201,430,360.0,104957,105271,105486,105826,314,215,340,0.9444444444444444,104867,105576,105736,105916,0,0.0,False,False
4774,201_00431,201,431,360.0,105271,105486,105826,106048,215,340,222,0.6166666666666667,105181,105916,105958,106138,0,0.0,False,False
4775,201_00432,201,432,360.0,105486,105826,106048,106183,340,222,135,0.375,105396,106138,106093,106273,45,0.25,True,False
4776,201_00433,201,433,360.0,105826,106048,106183,106433,222,135,250,0.6944444444444444,105736,106273,106343,106523,0,0.0,False,False
4777,201_00434,201,434,360.0,106048,106183,106433,106636,135,250,203,0.5638888888888889,105958,106523,106546,106726,0,0.0,False,False
4778,201_00435,201,435,360.0,106183,106433,106636,106947,250,203,311,0.8638888888888889,106093,106726,106857,107037,0,0.0,False,False
4779,201_00436,201,436,360.0,106433,106636,106947,107299,203,311,352,0.9777777777777777,106343,107037,107209,107389,0,0.0,False,False
4780,201_00437,201,437,360.0,106636,106947,107299,107644,311,352,345,0.9583333333333334,106546,107389,107554,107734,0,0.0,False,False
4781,201_00438,201,438,360.0,106947,107299,107644,107974,352,345,330,0.9166666666666666,106857,107734,107884,108064,0,0.0,False,False
4782,201_00439,201,439,360.0,107299,107644,107974,108172,345,330,198,0.55,107209,108064,108082,108262,0,0.0,False,False
4783,201_00440,201,440,360.0,107644,107974,108172,108444,330,198,272,0.7555555555555555,107554,108262,108354,108534,0,0.0,False,False
4784,201_00441,201,441,360.0,107974,108172,108444,108686,198,272,242,0.6722222222222223,107884,108534,108596,108776,0,0.0,False,False
4785,201_00442,201,442,360.0,108172,108444,108686,108938,272,242,252,0.7,108082,108776,108848,109028,0,0.0,False,False
4786,201_00443,201,443,360.0,108444,108686,108938,109184,242,252,246,0.6833333333333333,108354,109028,109094,109274,0,0.0,False,False
4787,201_00444,201,444,360.0,108686,108938,109184,109461,252,246,277,0.7694444444444445,108596,109274,109371,109551,0,0.0,False,False
4788,201_00445,201,445,360.0,108938,109184,109461,109612,246,277,151,0.41944444444444445,108848,109551,109522,109702,29,0.16111111111111112,True,False
4789,201_00446,201,446,360.0,109184,109461,109612,109832,277,151,220,0.6111111111111112,109094,109702,109742,109922,0,0.0,False,False
4790,201_00447,201,447,360.0,109461,109612,109832,110139,151,220,307,0.8527777777777777,109371,109922,110049,110229,0,0.0,False,False
4791,201_00448,201,448,360.0,109612,109832,110139,110323,220,307,184,0.5111111111111111,109522,110229,110233,110413,0,0.0,False,False
4792,201_00449,201,449,360.0,109832,110139,110323,110559,307,184,236,0.6555555555555556,109742,110413,110469,110649,0,0.0,False,False
4793,201_00450,201,450,360.0,110139,110323,110559,110781,184,236,222,0.6166666666666667,110049,110649,110691,110871,0,0.0,False,False
4794,201_00451,201,451,360.0,110323,110559,110781,111100,236,222,319,0.8861111111111111,110233,110871,111010,111190,0,0.0,False,False
4795,201_00452,201,452,360.0,110559,110781,111100,111380,222,319,280,0.7777777777777778,110469,111190,111290,111470,0,0.0,False,False
4796,201_00453,201,453,360.0,110781,111100,111380,111633,319,280,253,0.7027777777777777,110691,111470,111543,111723,0,0.0,False,False
4797,201_00454,201,454,360.0,111100,111380,111633,111893,280,253,260,0.7222222222222222,111010,111723,111803,111983,0,0.0,False,False
4798,201_00455,201,455,360.0,111380,111633,111893,112122,253,260,229,0.6361111111111111,111290,111983,112032,112212,0,0.0,False,False
4799,201_00456,201,456,360.0,111633,111893,112122,112444,260,229,322,0.8944444444444445,111543,112212,112354,112534,0,0.0,False,False
4800,201_00457,201,457,360.0,111893,112122,112444,112679,229,322,235,0.6527777777777778,111803,112534,112589,112769,0,0.0,False,False
4801,201_00458,201,458,360.0,112122,112444,112679,113109,322,235,430,1.1944444444444444,112032,112769,113019,113199,0,0.0,False,False
4802,201_00459,201,459,360.0,112444,112679,113109,113368,235,430,259,0.7194444444444444,112354,113199,113278,113458,0,0.0,False,False
4803,201_00460,201,460,360.0,112679,113109,113368,113522,430,259,154,0.42777777777777776,112589,113458,113432,113612,26,0.14444444444444443,True,False
4804,201_00461,201,461,360.0,113109,113368,113522,113774,259,154,252,0.7,113019,113612,113684,113864,0,0.0,False,False
4805,201_00462,201,462,360.0,113368,113522,113774,114076,154,252,302,0.8388888888888889,113278,113864,113986,114166,0,0.0,False,False
4806,201_00463,201,463,360.0,113522,113774,114076,114390,252,302,314,0.8722222222222222,113432,114166,114300,114480,0,0.0,False,False
4807,201_00464,201,464,360.0,113774,114076,114390,114687,302,314,297,0.825,113684,114480,114597,114777,0,0.0,False,False
4808,201_00465,201,465,360.0,114076,114390,114687,114900,314,297,213,0.5916666666666667,113986,114777,114810,114990,0,0.0,False,False
4809,201_00466,201,466,360.0,114390,114687,114900,115122,297,213,222,0.6166666666666667,114300,114990,115032,115212,0,0.0,False,False
4810,201_00467,201,467,360.0,114687,114900,115122,115396,213,222,274,0.7611111111111111,114597,115212,115306,115486,0,0.0,False,False
4811,201_00468,201,468,360.0,114900,115122,115396,115578,222,274,182,0.5055555555555555,114810,115486,115488,115668,0,0.0,False,False
4812,201_00469,201,469,360.0,115122,115396,115578,115846,274,182,268,0.7444444444444445,115032,115668,115756,115936,0,0.0,False,False
4813,201_00470,201,470,360.0,115396,115578,115846,116059,182,268,213,0.5916666666666667,115306,115936,115969,116149,0,0.0,False,False
4814,201_00471,201,471,360.0,115578,115846,116059,116294,268,213,235,0.6527777777777778,115488,116149,116204,116384,0,0.0,False,False
4815,201_00472,201,472,360.0,115846,116059,116294,116531,213,235,237,0.6583333333333333,115756,116384,116441,116621,0,0.0,False,False
4816,201_00473,201,473,360.0,116059,116294,116531,116703,235,237,172,0.4777777777777778,115969,116621,116613,116793,8,0.044444444444444446,True,False
4817,201_00474,201,474,360.0,116294,116531,116703,116890,237,172,187,0.5194444444444445,116204,116793,116800,116980,0,0.0,False,False
4818,201_00475,201,475,360.0,116531,116703,116890,117149,172,187,259,0.7194444444444444,116441,116980,117059,117239,0,0.0,False,False
4819,201_00476,201,476,360.0,116703,116890,117149,117306,187,259,157,0.4361111111111111,116613,117239,117216,117396,23,0.12777777777777777,True,False
4820,201_00477,201,477,360.0,116890,117149,117306,117477,259,157,171,0.475,116800,117396,117387,117567,9,0.05,True,False
4821,201_00478,201,478,360.0,117149,117306,117477,117901,157,171,424,1.1777777777777778,117059,117567,117811,117991,0,0.0,False,False
4822,201_00479,201,479,360.0,117306,117477,117901,118142,171,424,241,0.6694444444444444,117216,117991,118052,118232,0,0.0,False,False
4823,201_00480,201,480,360.0,117477,117901,118142,118302,424,241,160,0.4444444444444444,117387,118232,118212,118392,20,0.1111111111111111,True,False
4824,201_00481,201,481,360.0,117901,118142,118302,118544,241,160,242,0.6722222222222223,117811,118392,118454,118634,0,0.0,False,False
4825,201_00482,201,482,360.0,118142,118302,118544,118729,160,242,185,0.5138888888888888,118052,118634,118639,118819,0,0.0,False,False
4826,201_00483,201,483,360.0,118302,118544,118729,118973,242,185,244,0.6777777777777778,118212,118819,118883,119063,0,0.0,False,False
4827,201_00484,201,484,360.0,118544,118729,118973,119274,185,244,301,0.8361111111111111,118454,119063,119184,119364,0,0.0,False,False
4828,201_00485,201,485,360.0,118729,118973,119274,119526,244,301,252,0.7,118639,119364,119436,119616,0,0.0,False,False
4829,201_00486,201,486,360.0,118973,119274,119526,119874,301,252,348,0.9666666666666667,118883,119616,119784,119964,0,0.0,False,False
4830,201_00487,201,487,360.0,119274,119526,119874,120426,252,348,552,1.5333333333333334,119184,119964,120336,120516,0,0.0,False,False
4831,201_00488,201,488,360.0,119526,119874,120426,120672,348,552,246,0.6833333333333333,119436,120516,120582,120762,0,0.0,False,False
4832,201_00489,201,489,360.0,119874,120426,120672,120918,552,246,246,0.6833333333333333,119784,120762,120828,121008,0,0.0,False,False
4833,201_00490,201,490,360.0,120426,120672,120918,121142,246,246,224,0.6222222222222222,120336,121008,121052,121232,0,0.0,False,False
4834,201_00491,201,491,360.0,120672,120918,121142,121434,246,224,292,0.8111111111111111,120582,121232,121344,121524,0,0.0,False,False
4835,201_00492,201,492,360.0,120918,121142,121434,121694,224,292,260,0.7222222222222222,120828,121524,121604,121784,0,0.0,False,False
4836,201_00493,201,493,360.0,121142,121434,121694,121927,292,260,233,0.6472222222222223,121052,121784,121837,122017,0,0.0,False,False
4837,201_00494,201,494,360.0,121434,121694,121927,122203,260,233,276,0.7666666666666667,121344,122017,122113,122293,0,0.0,False,False
4838,201_00495,201,495,360.0,121694,121927,122203,122427,233,276,224,0.6222222222222222,121604,122293,122337,122517,0,0.0,False,False
4839,201_00496,201,496,360.0,121927,122203,122427,122634,276,224,207,0.575,121837,122517,122544,122724,0,0.0,False,False
4840,201_00497,201,497,360.0,122203,122427,122634,122845,224,207,211,0.5861111111111111,122113,122724,122755,122935,0,0.0,False,False
4841,201_00498,201,498,360.0,122427,122634,122845,123242,207,211,397,1.1027777777777779,122337,122935,123152,123332,0,0.0,False,False
4842,201_00499,201,499,360.0,122634,122845,123242,123550,211,397,308,0.8555555555555555,122544,123332,123460,123640,0,0.0,False,False
4843,201_00500,201,500,360.0,122845,123242,123550,123795,397,308,245,0.6805555555555556,122755,123640,123705,123885,0,0.0,False,False
4844,201_00501,201,501,360.0,123242,123550,123795,124038,308,245,243,0.675,123152,123885,123948,124128,0,0.0,False,False
4845,201_00502,201,502,360.0,123550,123795,124038,124258,245,243,220,0.6111111111111112,123460,124128,124168,124348,0,0.0,False,False
4846,201_00503,201,503,360.0,123795,124038,124258,124504,243,220,246,0.6833333333333333,123705,124348,124414,124594,0,0.0,False,False
4847,201_00504,201,504,360.0,124038,124258,124504,124737,220,246,233,0.6472222222222223,123948,124594,124647,124827,0,0.0,False,False
4848,201_00505,201,505,360.0,124258,124504,124737,124883,246,233,146,0.40555555555555556,124168,124827,124793,124973,34,0.18888888888888888,True,False
4849,201_00506,201,506,360.0,124504,124737,124883,125146,233,146,263,0.7305555555555555,124414,124973,125056,125236,0,0.0,False,False
4850,201_00507,201,507,360.0,124737,124883,125146,125417,146,263,271,0.7527777777777778,124647,125236,125327,125507,0,0.0,False,False
4851,201_00508,201,508,360.0,124883,125146,125417,125777,263,271,360,1.0,124793,125507,125687,125867,0,0.0,False,False
4852,201_00509,201,509,360.0,125146,125417,125777,126012,271,360,235,0.6527777777777778,125056,125867,125922,126102,0,0.0,False,False
4853,201_00510,201,510,360.0,125417,125777,126012,126208,360,235,196,0.5444444444444444,125327,126102,126118,126298,0,0.0,False,False
4854,201_00511,201,511,360.0,125777,126012,126208,126471,235,196,263,0.7305555555555555,125687,126298,126381,126561,0,0.0,False,False
4855,201_00512,201,512,360.0,126012,126208,126471,126765,196,263,294,0.8166666666666667,125922,126561,126675,126855,0,0.0,False,False
4856,201_00513,201,513,360.0,126208,126471,126765,126966,263,294,201,0.5583333333333333,126118,126855,126876,127056,0,0.0,False,False
4857,201_00514,201,514,360.0,126471,126765,126966,127242,294,201,276,0.7666666666666667,126381,127056,127152,127332,0,0.0,False,False
4858,201_00515,201,515,360.0,126765,126966,127242,127459,201,276,217,0.6027777777777777,126675,127332,127369,127549,0,0.0,False,False
4859,201_00516,201,516,360.0,126966,127242,127459,127672,276,217,213,0.5916666666666667,126876,127549,127582,127762,0,0.0,False,False
4860,201_00517,201,517,360.0,127242,127459,127672,127960,217,213,288,0.8,127152,127762,127870,128050,0,0.0,False,False
4861,201_00518,201,518,360.0,127459,127672,127960,128182,213,288,222,0.6166666666666667,127369,128050,128092,128272,0,0.0,False,False
4862,201_00519,201,519,360.0,127672,127960,128182,128407,288,222,225,0.625,127582,128272,128317,128497,0,0.0,False,False
4863,201_00520,201,520,360.0,127960,128182,128407,128551,222,225,144,0.4,127870,128497,128461,128641,36,0.2,True,False
4864,201_00521,201,521,360.0,128182,128407,128551,128793,225,144,242,0.6722222222222223,128092,128641,128703,128883,0,0.0,False,False
4865,201_00522,201,522,360.0,128407,128551,128793,129060,144,242,267,0.7416666666666667,128317,128883,128970,129150,0,0.0,False,False
4866,201_00523,201,523,360.0,128551,128793,129060,129253,242,267,193,0.5361111111111111,128461,129150,129163,129343,0,0.0,False,False
4867,201_00524,201,524,360.0,128793,129060,129253,129523,267,193,270,0.75,128703,129343,129433,129613,0,0.0,False,False
4868,201_00525,201,525,360.0,129060,129253,129523,129757,193,270,234,0.65,128970,129613,129667,129847,0,0.0,False,False
4869,201_00526,201,526,360.0,129253,129523,129757,130092,270,234,335,0.9305555555555556,129163,129847,130002,130182,0,0.0,False,False
4870,201_00527,201,527,360.0,129523,129757,130092,130406,234,335,314,0.8722222222222222,129433,130182,130316,130496,0,0.0,False,False
4871,201_00528,201,528,360.0,129757,130092,130406,130577,335,314,171,0.475,129667,130496,130487,130667,9,0.05,True,False
4872,201_00529,201,529,360.0,130092,130406,130577,130830,314,171,253,0.7027777777777777,130002,130667,130740,130920,0,0.0,False,False
4873,201_00530,201,530,360.0,130406,130577,130830,130989,171,253,159,0.44166666666666665,130316,130920,130899,131079,21,0.11666666666666667,True,False
4874,201_00531,201,531,360.0,130577,130830,130989,131218,253,159,229,0.6361111111111111,130487,131079,131128,131308,0,0.0,False,False
4875,201_00532,201,532,360.0,130830,130989,131218,131530,159,229,312,0.8666666666666667,130740,131308,131440,131620,0,0.0,False,False
4876,201_00533,201,533,360.0,130989,131218,131530,131793,229,312,263,0.7305555555555555,130899,131620,131703,131883,0,0.0,False,False
4877,201_00534,201,534,360.0,131218,131530,131793,132005,312,263,212,0.5888888888888889,131128,131883,131915,132095,0,0.0,False,False
4878,201_00535,201,535,360.0,131530,131793,132005,132238,263,212,233,0.6472222222222223,131440,132095,132148,132328,0,0.0,False,False
4879,201_00536,201,536,360.0,131793,132005,132238,132558,212,233,320,0.8888888888888888,131703,132328,132468,132648,0,0.0,False,False
4880,201_00537,201,537,360.0,132005,132238,132558,132815,233,320,257,0.7138888888888889,131915,132648,132725,132905,0,0.0,False,False
4881,201_00538,201,538,360.0,132238,132558,132815,133160,320,257,345,0.9583333333333334,132148,132905,133070,133250,0,0.0,False,False
4882,201_00539,201,539,360.0,132558,132815,133160,133427,257,345,267,0.7416666666666667,132468,133250,133337,133517,0,0.0,False,False
4883,201_00540,201,540,360.0,132815,133160,133427,133790,345,267,363,1.0083333333333333,132725,133517,133700,133880,0,0.0,False,False
4884,201_00541,201,541,360.0,133160,133427,133790,134059,267,363,269,0.7472222222222222,133070,133880,133969,134149,0,0.0,False,False
4885,201_00542,201,542,360.0,133427,133790,134059,134363,363,269,304,0.8444444444444444,133337,134149,134273,134453,0,0.0,False,False
4886,201_00543,201,543,360.0,133790,134059,134363,134606,269,304,243,0.675,133700,134453,134516,134696,0,0.0,False,False
4887,201_00544,201,544,360.0,134059,134363,134606,134842,304,243,236,0.6555555555555556,133969,134696,134752,134932,0,0.0,False,False
4888,201_00545,201,545,360.0,134363,134606,134842,135090,243,236,248,0.6888888888888889,134273,134932,135000,135180,0,0.0,False,False
4889,201_00546,201,546,360.0,134606,134842,135090,135354,236,248,264,0.7333333333333333,134516,135180,135264,135444,0,0.0,False,False
4890,201_00547,201,547,360.0,134842,135090,135354,135608,248,264,254,0.7055555555555556,134752,135444,135518,135698,0,0.0,False,False
4891,201_00548,201,548,360.0,135090,135354,135608,135869,264,254,261,0.725,135000,135698,135779,135959,0,0.0,False,False
4892,201_00549,201,549,360.0,135354,135608,135869,136091,254,261,222,0.6166666666666667,135264,135959,136001,136181,0,0.0,False,False
4893,201_00550,201,550,360.0,135608,135869,136091,137429,261,222,1338,3.716666666666667,135518,136181,137339,137519,0,0.0,False,False
4894,201_00551,201,551,360.0,135869,136091,137429,138167,222,1338,738,2.05,135779,137519,138077,138257,0,0.0,False,False
4895,201_00552,201,552,360.0,136091,137429,138167,138701,1338,738,534,1.4833333333333334,136001,138257,138611,138791,0,0.0,False,False
4896,201_00553,201,553,360.0,137429,138167,138701,139293,738,534,592,1.6444444444444444,137339,138791,139203,139383,0,0.0,False,False
4897,201_00554,201,554,360.0,138167,138701,139293,139691,534,592,398,1.1055555555555556,138077,139383,139601,139781,0,0.0,False,False
4898,201_00555,201,555,360.0,138701,139293,139691,140255,592,398,564,1.5666666666666667,138611,139781,140165,140345,0,0.0,False,False
4899,201_00556,201,556,360.0,139293,139691,140255,140744,398,564,489,1.3583333333333334,139203,140345,140654,140834,0,0.0,False,False
4900,201_00557,201,557,360.0,139691,140255,140744,140913,564,489,169,0.46944444444444444,139601,140834,140823,141003,11,0.06111111111111111,True,False
4901,201_00558,201,558,360.0,140255,140744,140913,141441,489,169,528,1.4666666666666666,140165,141003,141351,141531,0,0.0,False,False
4902,201_00559,201,559,360.0,140744,140913,141441,141962,169,528,521,1.4472222222222222,140654,141531,141872,142052,0,0.0,False,False
4903,201_00560,201,560,360.0,140913,141441,141962,142435,528,521,473,1.3138888888888889,140823,142052,142345,142525,0,0.0,False,False
4904,201_00561,201,561,360.0,141441,141962,142435,142889,521,473,454,1.261111111111111,141351,142525,142799,142979,0,0.0,False,False
4905,201_00562,201,562,360.0,141962,142435,142889,143374,473,454,485,1.3472222222222223,141872,142979,143284,143464,0,0.0,False,False
4906,201_00563,201,563,360.0,142435,142889,143374,143823,454,485,449,1.2472222222222222,142345,143464,143733,143913,0,0.0,False,False
4907,201_00564,201,564,360.0,142889,143374,143823,144324,485,449,501,1.3916666666666666,142799,143913,144234,144414,0,0.0,False,False
4908,201_00565,201,565,360.0,143374,143823,144324,144747,449,501,423,1.175,143284,144414,144657,144837,0,0.0,False,False
4909,201_00566,201,566,360.0,143823,144324,144747,145575,501,423,828,2.3,143733,144837,145485,145665,0,0.0,False,False
4910,201_00567,201,567,360.0,144324,144747,145575,146018,423,828,443,1.2305555555555556,144234,145665,145928,146108,0,0.0,False,False
4911,201_00568,201,568,360.0,144747,145575,146018,146447,828,443,429,1.1916666666666667,144657,146108,146357,146537,0,0.0,False,False
4912,201_00569,201,569,360.0,145575,146018,146447,146863,443,429,416,1.1555555555555554,145485,146537,146773,146953,0,0.0,False,False
4913,201_00570,201,570,360.0,146018,146447,146863,147274,429,416,411,1.1416666666666666,145928,146953,147184,147364,0,0.0,False,False
4914,201_00571,201,571,360.0,146447,146863,147274,147691,416,411,417,1.1583333333333334,146357,147364,147601,147781,0,0.0,False,False
4915,201_00572,201,572,360.0,146863,147274,147691,148133,411,417,442,1.2277777777777779,146773,147781,148043,148223,0,0.0,False,False
4916,201_00573,201,573,360.0,147274,147691,148133,148597,417,442,464,1.288888888888889,147184,148223,148507,148687,0,0.0,False,False
4917,201_00574,201,574,360.0,147691,148133,148597,149026,442,464,429,1.1916666666666667,147601,148687,148936,149116,0,0.0,False,False
4918,201_00575,201,575,360.0,148133,148597,149026,149469,464,429,443,1.2305555555555556,148043,149116,149379,149559,0,0.0,False,False
4919,201_00576,201,576,360.0,148597,149026,149469,149923,429,443,454,1.261111111111111,148507,149559,149833,150013,0,0.0,False,False
4920,201_00577,201,577,360.0,149026,149469,149923,150413,443,454,490,1.3611111111111112,148936,150013,150323,150503,0,0.0,False,False
4921,201_00578,201,578,360.0,149469,149923,150413,150896,454,490,483,1.3416666666666666,149379,150503,150806,150986,0,0.0,False,False
4922,201_00579,201,579,360.0,149923,150413,150896,151348,490,483,452,1.2555555555555555,149833,150986,151258,151438,0,0.0,False,False
4923,201_00580,201,580,360.0,150413,150896,151348,151785,483,452,437,1.2138888888888888,150323,151438,151695,151875,0,0.0,False,False
4924,201_00581,201,581,360.0,150896,151348,151785,152229,452,437,444,1.2333333333333334,150806,151875,152139,152319,0,0.0,False,False
4925,201_00582,201,582,360.0,151348,151785,152229,152704,437,444,475,1.3194444444444444,151258,152319,152614,152794,0,0.0,False,False
4926,201_00583,201,583,360.0,151785,152229,152704,153147,444,475,443,1.2305555555555556,151695,152794,153057,153237,0,0.0,False,False
4927,201_00584,201,584,360.0,152229,152704,153147,153572,475,443,425,1.1805555555555556,152139,153237,153482,153662,0,0.0,False,False
4928,201_00585,201,585,360.0,152704,153147,153572,154251,443,425,679,1.886111111111111,152614,153662,154161,154341,0,0.0,False,False
4929,201_00586,201,586,360.0,153147,153572,154251,154408,425,679,157,0.4361111111111111,153057,154341,154318,154498,23,0.12777777777777777,True,False
4930,201_00587,201,587,360.0,153572,154251,154408,154954,679,157,546,1.5166666666666666,153482,154498,154864,155044,0,0.0,False,False
4931,201_00588,201,588,360.0,154251,154408,154954,155188,157,546,234,0.65,154161,155044,155098,155278,0,0.0,False,False
4932,201_00589,201,589,360.0,154408,154954,155188,155635,546,234,447,1.2416666666666667,154318,155278,155545,155725,0,0.0,False,False
4933,201_00590,201,590,360.0,154954,155188,155635,156285,234,447,650,1.8055555555555556,154864,155725,156195,156375,0,0.0,False,False
4934,201_00591,201,591,360.0,155188,155635,156285,156749,447,650,464,1.288888888888889,155098,156375,156659,156839,0,0.0,False,False
4935,201_00592,201,592,360.0,155635,156285,156749,157449,650,464,700,1.9444444444444444,155545,156839,157359,157539,0,0.0,False,False
4936,201_00593,201,593,360.0,156285,156749,157449,157876,464,700,427,1.1861111111111111,156195,157539,157786,157966,0,0.0,False,False
4937,201_00594,201,594,360.0,156749,157449,157876,158083,700,427,207,0.575,156659,157966,157993,158173,0,0.0,False,False
4938,201_00595,201,595,360.0,157449,157876,158083,158564,427,207,481,1.336111111111111,157359,158173,158474,158654,0,0.0,False,False
4939,201_00596,201,596,360.0,157876,158083,158564,159282,207,481,718,1.9944444444444445,157786,158654,159192,159372,0,0.0,False,False
4940,201_00597,201,597,360.0,158083,158564,159282,159951,481,718,669,1.8583333333333334,157993,159372,159861,160041,0,0.0,False,False
4941,201_00598,201,598,360.0,158564,159282,159951,160609,718,669,658,1.8277777777777777,158474,160041,160519,160699,0,0.0,False,False
4942,201_00599,201,599,360.0,159282,159951,160609,161291,669,658,682,1.8944444444444444,159192,160699,161201,161381,0,0.0,False,False
4943,201_00600,201,600,360.0,159951,160609,161291,161716,658,682,425,1.1805555555555556,159861,161381,161626,161806,0,0.0,False,False
4944,201_00601,201,601,360.0,160609,161291,161716,161905,682,425,189,0.525,160519,161806,161815,161995,0,0.0,False,False
4945,201_00602,201,602,360.0,161291,161716,161905,162372,425,189,467,1.2972222222222223,161201,161995,162282,162462,0,0.0,False,False
4946,201_00603,201,603,360.0,161716,161905,162372,162810,189,467,438,1.2166666666666666,161626,162462,162720,162900,0,0.0,False,False
4947,201_00604,201,604,360.0,161905,162372,162810,163294,467,438,484,1.3444444444444446,161815,162900,163204,163384,0,0.0,False,False
4948,201_00605,201,605,360.0,162372,162810,163294,163789,438,484,495,1.375,162282,163384,163699,163879,0,0.0,False,False
4949,201_00606,201,606,360.0,162810,163294,163789,164236,484,495,447,1.2416666666666667,162720,163879,164146,164326,0,0.0,False,False
4950,201_00607,201,607,360.0,163294,163789,164236,164702,495,447,466,1.2944444444444445,163204,164326,164612,164792,0,0.0,False,False
4951,201_00608,201,608,360.0,163789,164236,164702,165158,447,466,456,1.2666666666666666,163699,164792,165068,165248,0,0.0,False,False
4952,201_00609,201,609,360.0,164236,164702,165158,165879,466,456,721,2.0027777777777778,164146,165248,165789,165969,0,0.0,False,False
4953,201_00610,201,610,360.0,164702,165158,165879,166315,456,721,436,1.211111111111111,164612,165969,166225,166405,0,0.0,False,False
4954,201_00611,201,611,360.0,165158,165879,166315,166975,721,436,660,1.8333333333333333,165068,166405,166885,167065,0,0.0,False,False
4955,201_00612,201,612,360.0,165879,166315,166975,167426,436,660,451,1.2527777777777778,165789,167065,167336,167516,0,0.0,False,False
4956,201_00613,201,613,360.0,166315,166975,167426,167882,660,451,456,1.2666666666666666,166225,167516,167792,167972,0,0.0,False,False
4957,201_00614,201,614,360.0,166975,167426,167882,168323,451,456,441,1.225,166885,167972,168233,168413,0,0.0,False,False
4958,201_00615,201,615,360.0,167426,167882,168323,168513,456,441,190,0.5277777777777778,167336,168413,168423,168603,0,0.0,False,False
4959,201_00616,201,616,360.0,167882,168323,168513,168989,441,190,476,1.3222222222222222,167792,168603,168899,169079,0,0.0,False,False
4960,201_00617,201,617,360.0,168323,168513,168989,169430,190,476,441,1.225,168233,169079,169340,169520,0,0.0,False,False
4961,201_00618,201,618,360.0,168513,168989,169430,170145,476,441,715,1.9861111111111112,168423,169520,170055,170235,0,0.0,False,False
4962,201_00619,201,619,360.0,168989,169430,170145,170580,441,715,435,1.2083333333333333,168899,170235,170490,170670,0,0.0,False,False
4963,201_00620,201,620,360.0,169430,170145,170580,171037,715,435,457,1.2694444444444444,169340,170670,170947,171127,0,0.0,False,False
4964,201_00621,201,621,360.0,170145,170580,171037,171500,435,457,463,1.2861111111111112,170055,171127,171410,171590,0,0.0,False,False
4965,201_00622,201,622,360.0,170580,171037,171500,172064,457,463,564,1.5666666666666667,170490,171590,171974,172154,0,0.0,False,False
4966,201_00623,201,623,360.0,171037,171500,172064,172235,463,564,171,0.475,170947,172154,172145,172325,9,0.05,True,False
4967,201_00624,201,624,360.0,171500,172064,172235,172463,564,171,228,0.6333333333333333,171410,172325,172373,172553,0,0.0,False,False
4968,201_00625,201,625,360.0,172064,172235,172463,172633,171,228,170,0.4722222222222222,171974,172553,172543,172723,10,0.05555555555555555,True,False
4969,201_00626,201,626,360.0,172235,172463,172633,172769,228,170,136,0.37777777777777777,172145,172723,172679,172859,44,0.24444444444444444,True,False
4970,201_00627,201,627,360.0,172463,172633,172769,173007,170,136,238,0.6611111111111111,172373,172859,172917,173097,0,0.0,False,False
4971,201_00628,201,628,360.0,172633,172769,173007,173187,136,238,180,0.5,172543,173097,173097,173277,0,0.0,False,False
4972,201_00629,201,629,360.0,172769,173007,173187,173366,238,180,179,0.49722222222222223,172679,173277,173276,173456,1,0.005555555555555556,True,False
4973,201_00630,201,630,360.0,173007,173187,173366,173542,180,179,176,0.4888888888888889,172917,173456,173452,173632,4,0.022222222222222223,True,False
4974,201_00631,201,631,360.0,173187,173366,173542,173698,179,176,156,0.43333333333333335,173097,173632,173608,173788,24,0.13333333333333333,True,False
4975,201_00632,201,632,360.0,173366,173542,173698,173880,176,156,182,0.5055555555555555,173276,173788,173790,173970,0,0.0,False,False
4976,201_00633,201,633,360.0,173542,173698,173880,174137,156,182,257,0.7138888888888889,173452,173970,174047,174227,0,0.0,False,False
4977,201_00634,201,634,360.0,173698,173880,174137,174321,182,257,184,0.5111111111111111,173608,174227,174231,174411,0,0.0,False,False
4978,201_00635,201,635,360.0,173880,174137,174321,174560,257,184,239,0.6638888888888889,173790,174411,174470,174650,0,0.0,False,False
4979,201_00636,201,636,360.0,174137,174321,174560,174741,184,239,181,0.5027777777777778,174047,174650,174651,174831,0,0.0,False,False
4980,201_00637,201,637,360.0,174321,174560,174741,174974,239,181,233,0.6472222222222223,174231,174831,174884,175064,0,0.0,False,False
4981,201_00638,201,638,360.0,174560,174741,174974,175168,181,233,194,0.5388888888888889,174470,175064,175078,175258,0,0.0,False,False
4982,201_00639,201,639,360.0,174741,174974,175168,175356,233,194,188,0.5222222222222223,174651,175258,175266,175446,0,0.0,False,False
4983,201_00640,201,640,360.0,174974,175168,175356,175545,194,188,189,0.525,174884,175446,175455,175635,0,0.0,False,False
4984,201_00641,201,641,360.0,175168,175356,175545,175766,188,189,221,0.6138888888888889,175078,175635,175676,175856,0,0.0,False,False
4985,201_00642,201,642,360.0,175356,175545,175766,176067,189,221,301,0.8361111111111111,175266,175856,175977,176157,0,0.0,False,False
4986,201_00643,201,643,360.0,175545,175766,176067,176257,221,301,190,0.5277777777777778,175455,176157,176167,176347,0,0.0,False,False
4987,201_00644,201,644,360.0,175766,176067,176257,176524,301,190,267,0.7416666666666667,175676,176347,176434,176614,0,0.0,False,False
4988,201_00645,201,645,360.0,176067,176257,176524,176795,190,267,271,0.7527777777777778,175977,176614,176705,176885,0,0.0,False,False
4989,201_00646,201,646,360.0,176257,176524,176795,177056,267,271,261,0.725,176167,176885,176966,177146,0,0.0,False,False
4990,201_00647,201,647,360.0,176524,176795,177056,177213,271,261,157,0.4361111111111111,176434,177146,177123,177303,23,0.12777777777777777,True,False
4991,201_00648,201,648,360.0,176795,177056,177213,177426,261,157,213,0.5916666666666667,176705,177303,177336,177516,0,0.0,False,False
4992,201_00649,201,649,360.0,177056,177213,177426,177611,157,213,185,0.5138888888888888,176966,177516,177521,177701,0,0.0,False,False
4993,201_00650,201,650,360.0,177213,177426,177611,177867,213,185,256,0.7111111111111111,177123,177701,177777,177957,0,0.0,False,False
4994,201_00651,201,651,360.0,177426,177611,177867,178141,185,256,274,0.7611111111111111,177336,177957,178051,178231,0,0.0,False,False
4995,201_00652,201,652,360.0,177611,177867,178141,178302,256,274,161,0.44722222222222224,177521,178231,178212,178392,19,0.10555555555555556,True,False
4996,201_00653,201,653,360.0,177867,178141,178302,178502,274,161,200,0.5555555555555556,177777,178392,178412,178592,0,0.0,False,False
4997,201_00654,201,654,360.0,178141,178302,178502,178802,161,200,300,0.8333333333333334,178051,178592,178712,178892,0,0.0,False,False
4998,201_00655,201,655,360.0,178302,178502,178802,179023,200,300,221,0.6138888888888889,178212,178892,178933,179113,0,0.0,False,False
4999,201_00656,201,656,360.0,178502,178802,179023,179174,300,221,151,0.41944444444444445,178412,179113,179084,179264,29,0.16111111111111112,True,False
5000,201_00657,201,657,360.0,178802,179023,179174,179435,221,151,261,0.725,178712,179264,179345,179525,0,0.0,False,False
5001,201_00658,201,658,360.0,179023,179174,179435,179615,151,261,180,0.5,178933,179525,179525,179705,0,0.0,False,False
5002,201_00659,201,659,360.0,179174,179435,179615,179869,261,180,254,0.7055555555555556,179084,179705,179779,179959,0,0.0,False,False
5003,201_00660,201,660,360.0,179435,179615,179869,180064,180,254,195,0.5416666666666666,179345,179959,179974,180154,0,0.0,False,False
5004,201_00661,201,661,360.0,179615,179869,180064,180280,254,195,216,0.6,179525,180154,180190,180370,0,0.0,False,False
5005,201_00662,201,662,360.0,179869,180064,180280,180452,195,216,172,0.4777777777777778,179779,180370,180362,180542,8,0.044444444444444446,True,False
5006,201_00663,201,663,360.0,180064,180280,180452,180617,216,172,165,0.4583333333333333,179974,180542,180527,180707,15,0.08333333333333333,True,False
5007,201_00664,201,664,360.0,180280,180452,180617,180760,172,165,143,0.3972222222222222,180190,180707,180670,180850,37,0.20555555555555555,True,False
5008,201_00665,201,665,360.0,180452,180617,180760,180962,165,143,202,0.5611111111111111,180362,180850,180872,181052,0,0.0,False,False
5009,201_00666,201,666,360.0,180617,180760,180962,181177,143,202,215,0.5972222222222222,180527,181052,181087,181267,0,0.0,False,False
5010,201_00667,201,667,360.0,180760,180962,181177,181439,202,215,262,0.7277777777777777,180670,181267,181349,181529,0,0.0,False,False
5011,201_00668,201,668,360.0,180962,181177,181439,181582,215,262,143,0.3972222222222222,180872,181529,181492,181672,37,0.20555555555555555,True,False
5012,201_00669,201,669,360.0,181177,181439,181582,181732,262,143,150,0.4166666666666667,181087,181672,181642,181822,30,0.16666666666666666,True,False
5013,201_00670,201,670,360.0,181439,181582,181732,181932,143,150,200,0.5555555555555556,181349,181822,181842,182022,0,0.0,False,False
5014,201_00671,201,671,360.0,181582,181732,181932,182162,150,200,230,0.6388888888888888,181492,182022,182072,182252,0,0.0,False,False
5015,201_00672,201,672,360.0,181732,181932,182162,182593,200,230,431,1.1972222222222222,181642,182252,182503,182683,0,0.0,False,False
5016,201_00673,201,673,360.0,181932,182162,182593,182933,230,431,340,0.9444444444444444,181842,182683,182843,183023,0,0.0,False,False
5017,201_00674,201,674,360.0,182162,182593,182933,183243,431,340,310,0.8611111111111112,182072,183023,183153,183333,0,0.0,False,False
5018,201_00675,201,675,360.0,182593,182933,183243,183388,340,310,145,0.4027777777777778,182503,183333,183298,183478,35,0.19444444444444445,True,False
5019,201_00676,201,676,360.0,182933,183243,183388,183686,310,145,298,0.8277777777777777,182843,183478,183596,183776,0,0.0,False,False
5020,201_00677,201,677,360.0,183243,183388,183686,183888,145,298,202,0.5611111111111111,183153,183776,183798,183978,0,0.0,False,False
5021,201_00678,201,678,360.0,183388,183686,183888,184030,298,202,142,0.39444444444444443,183298,183978,183940,184120,38,0.2111111111111111,True,False
5022,201_00679,201,679,360.0,183686,183888,184030,184280,202,142,250,0.6944444444444444,183596,184120,184190,184370,0,0.0,False,False
5023,201_00680,201,680,360.0,183888,184030,184280,184431,142,250,151,0.41944444444444445,183798,184370,184341,184521,29,0.16111111111111112,True,False
5024,201_00681,201,681,360.0,184030,184280,184431,184600,250,151,169,0.46944444444444444,183940,184521,184510,184690,11,0.06111111111111111,True,False
5025,201_00682,201,682,360.0,184280,184431,184600,184755,151,169,155,0.4305555555555556,184190,184690,184665,184845,25,0.1388888888888889,True,False
5026,201_00683,201,683,360.0,184431,184600,184755,185330,169,155,575,1.5972222222222223,184341,184845,185240,185420,0,0.0,False,False
5027,201_00684,201,684,360.0,184600,184755,185330,186038,155,575,708,1.9666666666666666,184510,185420,185948,186128,0,0.0,False,False
5028,201_00685,201,685,360.0,184755,185330,186038,186377,575,708,339,0.9416666666666667,184665,186128,186287,186467,0,0.0,False,False
5029,201_00686,201,686,360.0,185330,186038,186377,187101,708,339,724,2.011111111111111,185240,186467,187011,187191,0,0.0,False,False
5030,201_00687,201,687,360.0,186038,186377,187101,187323,339,724,222,0.6166666666666667,185948,187191,187233,187413,0,0.0,False,False
5031,201_00688,201,688,360.0,186377,187101,187323,187984,724,222,661,1.836111111111111,186287,187413,187894,188074,0,0.0,False,False
5032,201_00689,201,689,360.0,187101,187323,187984,188183,222,661,199,0.5527777777777778,187011,188074,188093,188273,0,0.0,False,False
5033,201_00690,201,690,360.0,187323,187984,188183,188577,661,199,394,1.0944444444444446,187233,188273,188487,188667,0,0.0,False,False
5034,201_00691,201,691,360.0,187984,188183,188577,189064,199,394,487,1.3527777777777779,187894,188667,188974,189154,0,0.0,False,False
5035,201_00692,201,692,360.0,188183,188577,189064,189598,394,487,534,1.4833333333333334,188093,189154,189508,189688,0,0.0,False,False
5036,201_00693,201,693,360.0,188577,189064,189598,190004,487,534,406,1.1277777777777778,188487,189688,189914,190094,0,0.0,False,False
5037,201_00694,201,694,360.0,189064,189598,190004,190669,534,406,665,1.8472222222222223,188974,190094,190579,190759,0,0.0,False,False
5038,201_00695,201,695,360.0,189598,190004,190669,191370,406,665,701,1.9472222222222222,189508,190759,191280,191460,0,0.0,False,False
5039,201_00696,201,696,360.0,190004,190669,191370,192066,665,701,696,1.9333333333333333,189914,191460,191976,192156,0,0.0,False,False
5040,201_00697,201,697,360.0,190669,191370,192066,192716,701,696,650,1.8055555555555556,190579,192156,192626,192806,0,0.0,False,False
5041,201_00698,201,698,360.0,191370,192066,192716,193402,696,650,686,1.9055555555555554,191280,192806,193312,193492,0,0.0,False,False
5042,201_00699,201,699,360.0,192066,192716,193402,194092,650,686,690,1.9166666666666667,191976,193492,194002,194182,0,0.0,False,False
5043,201_00700,201,700,360.0,192716,193402,194092,194741,686,690,649,1.8027777777777778,192626,194182,194651,194831,0,0.0,False,False
5044,201_00701,201,701,360.0,193402,194092,194741,195421,690,649,680,1.8888888888888888,193312,194831,195331,195511,0,0.0,False,False
5045,201_00702,201,702,360.0,194092,194741,195421,196137,649,680,716,1.988888888888889,194002,195511,196047,196227,0,0.0,False,False
5046,201_00703,201,703,360.0,194741,195421,196137,196801,680,716,664,1.8444444444444446,194651,196227,196711,196891,0,0.0,False,False
5047,201_00704,201,704,360.0,195421,196137,196801,197209,716,664,408,1.1333333333333333,195331,196891,197119,197299,0,0.0,False,False
5048,201_00705,201,705,360.0,196137,196801,197209,197816,664,408,607,1.6861111111111111,196047,197299,197726,197906,0,0.0,False,False
5049,201_00706,201,706,360.0,196801,197209,197816,198355,408,607,539,1.4972222222222222,196711,197906,198265,198445,0,0.0,False,False
5050,201_00707,201,707,360.0,197209,197816,198355,199034,607,539,679,1.886111111111111,197119,198445,198944,199124,0,0.0,False,False
5051,201_00708,201,708,360.0,197816,198355,199034,199458,539,679,424,1.1777777777777778,197726,199124,199368,199548,0,0.0,False,False
5052,201_00709,201,709,360.0,198355,199034,199458,200330,679,424,872,2.422222222222222,198265,199548,200240,200420,0,0.0,False,False
5053,201_00710,201,710,360.0,199034,199458,200330,200757,424,872,427,1.1861111111111111,198944,200420,200667,200847,0,0.0,False,False
5054,201_00711,201,711,360.0,199458,200330,200757,201583,872,427,826,2.2944444444444443,199368,200847,201493,201673,0,0.0,False,False
5055,201_00712,201,712,360.0,200330,200757,201583,202008,427,826,425,1.1805555555555556,200240,201673,201918,202098,0,0.0,False,False
5056,201_00713,201,713,360.0,200757,201583,202008,202852,826,425,844,2.3444444444444446,200667,202098,202762,202942,0,0.0,False,False
5057,201_00714,201,714,360.0,201583,202008,202852,203263,425,844,411,1.1416666666666666,201493,202942,203173,203353,0,0.0,False,False
5058,201_00715,201,715,360.0,202008,202852,203263,204087,844,411,824,2.2888888888888888,201918,203353,203997,204177,0,0.0,False,False
5059,201_00716,201,716,360.0,202852,203263,204087,204540,411,824,453,1.2583333333333333,202762,204177,204450,204630,0,0.0,False,False
5060,201_00717,201,717,360.0,203263,204087,204540,205370,824,453,830,2.3055555555555554,203173,204630,205280,205460,0,0.0,False,False
5061,201_00718,201,718,360.0,204087,204540,205370,205775,453,830,405,1.125,203997,205460,205685,205865,0,0.0,False,False
5062,201_00719,201,719,360.0,204540,205370,205775,206641,830,405,866,2.4055555555555554,204450,205865,206551,206731,0,0.0,False,False
5063,201_00720,201,720,360.0,205370,205775,206641,207088,405,866,447,1.2416666666666667,205280,206731,206998,207178,0,0.0,False,False
5064,201_00721,201,721,360.0,205775,206641,207088,207895,866,447,807,2.2416666666666667,205685,207178,207805,207985,0,0.0,False,False
5065,201_00722,201,722,360.0,206641,207088,207895,208317,447,807,422,1.1722222222222223,206551,207985,208227,208407,0,0.0,False,False
5066,201_00723,201,723,360.0,207088,207895,208317,208519,807,422,202,0.5611111111111111,206998,208407,208429,208609,0,0.0,False,False
5067,201_00724,201,724,360.0,207895,208317,208519,209042,422,202,523,1.4527777777777777,207805,208609,208952,209132,0,0.0,False,False
5068,201_00725,201,725,360.0,208317,208519,209042,209465,202,523,423,1.175,208227,209132,209375,209555,0,0.0,False,False
5069,201_00726,201,726,360.0,208519,209042,209465,210145,523,423,680,1.8888888888888888,208429,209555,210055,210235,0,0.0,False,False
5070,201_00727,201,727,360.0,209042,209465,210145,210584,423,680,439,1.2194444444444446,208952,210235,210494,210674,0,0.0,False,False
5071,201_00728,201,728,360.0,209465,210145,210584,211225,680,439,641,1.7805555555555554,209375,210674,211135,211315,0,0.0,False,False
5072,201_00729,201,729,360.0,210145,210584,211225,211766,439,641,541,1.5027777777777778,210055,211315,211676,211856,0,0.0,False,False
5073,201_00730,201,730,360.0,210584,211225,211766,212199,641,541,433,1.2027777777777777,210494,211856,212109,212289,0,0.0,False,False
5074,201_00731,201,731,360.0,211225,211766,212199,212655,541,433,456,1.2666666666666666,211135,212289,212565,212745,0,0.0,False,False
5075,201_00732,201,732,360.0,211766,212199,212655,213276,433,456,621,1.725,211676,212745,213186,213366,0,0.0,False,False
5076,201_00733,201,733,360.0,212199,212655,213276,213804,456,621,528,1.4666666666666666,212109,213366,213714,213894,0,0.0,False,False
5077,201_00734,201,734,360.0,212655,213276,213804,214230,621,528,426,1.1833333333333333,212565,213894,214140,214320,0,0.0,False,False
5078,201_00735,201,735,360.0,213276,213804,214230,214662,528,426,432,1.2,213186,214320,214572,214752,0,0.0,False,False
5079,201_00736,201,736,360.0,213804,214230,214662,215293,426,432,631,1.7527777777777778,213714,214752,215203,215383,0,0.0,False,False
5080,201_00737,201,737,360.0,214230,214662,215293,215822,432,631,529,1.4694444444444446,214140,215383,215732,215912,0,0.0,False,False
5081,201_00738,201,738,360.0,214662,215293,215822,216242,631,529,420,1.1666666666666667,214572,215912,216152,216332,0,0.0,False,False
5082,201_00739,201,739,360.0,215293,215822,216242,216670,529,420,428,1.1888888888888889,215203,216332,216580,216760,0,0.0,False,False
5083,201_00740,201,740,360.0,215822,216242,216670,217311,420,428,641,1.7805555555555554,215732,216760,217221,217401,0,0.0,False,False
5084,201_00741,201,741,360.0,216242,216670,217311,217869,428,641,558,1.55,216152,217401,217779,217959,0,0.0,False,False
5085,201_00742,201,742,360.0,216670,217311,217869,218323,641,558,454,1.261111111111111,216580,217959,218233,218413,0,0.0,False,False
5086,201_00743,201,743,360.0,217311,217869,218323,218749,558,454,426,1.1833333333333333,217221,218413,218659,218839,0,0.0,False,False
5087,201_00744,201,744,360.0,217869,218323,218749,219660,454,426,911,2.5305555555555554,217779,218839,219570,219750,0,0.0,False,False
5088,201_00745,201,745,360.0,218323,218749,219660,220097,426,911,437,1.2138888888888888,218233,219750,220007,220187,0,0.0,False,False
5089,201_00746,201,746,360.0,218749,219660,220097,220924,911,437,827,2.297222222222222,218659,220187,220834,221014,0,0.0,False,False
5090,201_00747,201,747,360.0,219660,220097,220924,221339,437,827,415,1.1527777777777777,219570,221014,221249,221429,0,0.0,False,False
5091,201_00748,201,748,360.0,220097,220924,221339,222188,827,415,849,2.3583333333333334,220007,221429,222098,222278,0,0.0,False,False
5092,201_00749,201,749,360.0,220924,221339,222188,222606,415,849,418,1.1611111111111112,220834,222278,222516,222696,0,0.0,False,False
5093,201_00750,201,750,360.0,221339,222188,222606,223453,849,418,847,2.352777777777778,221249,222696,223363,223543,0,0.0,False,False
5094,201_00751,201,751,360.0,222188,222606,223453,223914,418,847,461,1.2805555555555554,222098,223543,223824,224004,0,0.0,False,False
5095,201_00752,201,752,360.0,222606,223453,223914,224368,847,461,454,1.261111111111111,222516,224004,224278,224458,0,0.0,False,False
5096,201_00753,201,753,360.0,223453,223914,224368,224804,461,454,436,1.211111111111111,223363,224458,224714,224894,0,0.0,False,False
5097,201_00754,201,754,360.0,223914,224368,224804,225253,454,436,449,1.2472222222222222,223824,224894,225163,225343,0,0.0,False,False
5098,201_00755,201,755,360.0,224368,224804,225253,225703,436,449,450,1.25,224278,225343,225613,225793,0,0.0,False,False
5099,201_00756,201,756,360.0,224804,225253,225703,226170,449,450,467,1.2972222222222223,224714,225793,226080,226260,0,0.0,False,False
5100,201_00757,201,757,360.0,225253,225703,226170,226620,450,467,450,1.25,225163,226260,226530,226710,0,0.0,False,False
5101,201_00758,201,758,360.0,225703,226170,226620,227029,467,450,409,1.136111111111111,225613,226710,226939,227119,0,0.0,False,False
5102,201_00759,201,759,360.0,226170,226620,227029,227447,450,409,418,1.1611111111111112,226080,227119,227357,227537,0,0.0,False,False
5103,201_00760,201,760,360.0,226620,227029,227447,227896,409,418,449,1.2472222222222222,226530,227537,227806,227986,0,0.0,False,False
5104,201_00761,201,761,360.0,227029,227447,227896,228330,418,449,434,1.2055555555555555,226939,227986,228240,228420,0,0.0,False,False
5105,201_00762,201,762,360.0,227447,227896,228330,229167,449,434,837,2.325,227357,228420,229077,229257,0,0.0,False,False
5106,201_00763,201,763,360.0,227896,228330,229167,229369,434,837,202,0.5611111111111111,227806,229257,229279,229459,0,0.0,False,False
5107,201_00764,201,764,360.0,228330,229167,229369,229817,837,202,448,1.2444444444444445,228240,229459,229727,229907,0,0.0,False,False
5108,201_00765,201,765,360.0,229167,229369,229817,230263,202,448,446,1.238888888888889,229077,229907,230173,230353,0,0.0,False,False
5109,201_00766,201,766,360.0,229369,229817,230263,230709,448,446,446,1.238888888888889,229279,230353,230619,230799,0,0.0,False,False
5110,201_00767,201,767,360.0,229817,230263,230709,231545,446,446,836,2.3222222222222224,229727,230799,231455,231635,0,0.0,False,False
5111,201_00768,201,768,360.0,230263,230709,231545,231987,446,836,442,1.2277777777777779,230173,231635,231897,232077,0,0.0,False,False
5112,201_00769,201,769,360.0,230709,231545,231987,232858,836,442,871,2.4194444444444443,230619,232077,232768,232948,0,0.0,False,False
5113,201_00770,201,770,360.0,231545,231987,232858,233284,442,871,426,1.1833333333333333,231455,232948,233194,233374,0,0.0,False,False
5114,201_00771,201,771,360.0,231987,232858,233284,234099,871,426,815,2.263888888888889,231897,233374,234009,234189,0,0.0,False,False
5115,201_00772,201,772,360.0,232858,233284,234099,234548,426,815,449,1.2472222222222222,232768,234189,234458,234638,0,0.0,False,False
5116,201_00773,201,773,360.0,233284,234099,234548,235391,815,449,843,2.341666666666667,233194,234638,235301,235481,0,0.0,False,False
5117,201_00774,201,774,360.0,234099,234548,235391,235806,449,843,415,1.1527777777777777,234009,235481,235716,235896,0,0.0,False,False
5118,201_00775,201,775,360.0,234548,235391,235806,236399,843,415,593,1.6472222222222221,234458,235896,236309,236489,0,0.0,False,False
5119,201_00776,201,776,360.0,235391,235806,236399,236945,415,593,546,1.5166666666666666,235301,236489,236855,237035,0,0.0,False,False
5120,201_00777,201,777,360.0,235806,236399,236945,237390,593,546,445,1.2361111111111112,235716,237035,237300,237480,0,0.0,False,False
5121,201_00778,201,778,360.0,236399,236945,237390,237799,546,445,409,1.136111111111111,236309,237480,237709,237889,0,0.0,False,False
5122,201_00779,201,779,360.0,236945,237390,237799,238660,445,409,861,2.3916666666666666,236855,237889,238570,238750,0,0.0,False,False
5123,201_00780,201,780,360.0,237390,237799,238660,239116,409,861,456,1.2666666666666666,237300,238750,239026,239206,0,0.0,False,False
5124,201_00781,201,781,360.0,237799,238660,239116,239951,861,456,835,2.3194444444444446,237709,239206,239861,240041,0,0.0,False,False
5125,201_00782,201,782,360.0,238660,239116,239951,240350,456,835,399,1.1083333333333334,238570,240041,240260,240440,0,0.0,False,False
5126,201_00783,201,783,360.0,239116,239951,240350,241191,835,399,841,2.3361111111111112,239026,240440,241101,241281,0,0.0,False,False
5127,201_00784,201,784,360.0,239951,240350,241191,241638,399,841,447,1.2416666666666667,239861,241281,241548,241728,0,0.0,False,False
5128,201_00785,201,785,360.0,240350,241191,241638,242448,841,447,810,2.25,240260,241728,242358,242538,0,0.0,False,False
5129,201_00786,201,786,360.0,241191,241638,242448,242874,447,810,426,1.1833333333333333,241101,242538,242784,242964,0,0.0,False,False
5130,201_00787,201,787,360.0,241638,242448,242874,243730,810,426,856,2.3777777777777778,241548,242964,243640,243820,0,0.0,False,False
5131,201_00788,201,788,360.0,242448,242874,243730,244160,426,856,430,1.1944444444444444,242358,243820,244070,244250,0,0.0,False,False
5132,201_00789,201,789,360.0,242874,243730,244160,244990,856,430,830,2.3055555555555554,242784,244250,244900,245080,0,0.0,False,False
5133,201_00790,201,790,360.0,243730,244160,244990,245435,430,830,445,1.2361111111111112,243640,245080,245345,245525,0,0.0,False,False
5134,201_00791,201,791,360.0,244160,244990,245435,246257,830,445,822,2.283333333333333,244070,245525,246167,246347,0,0.0,False,False
5135,201_00792,201,792,360.0,244990,245435,246257,246667,445,822,410,1.1388888888888888,244900,246347,246577,246757,0,0.0,False,False
5136,201_00793,201,793,360.0,245435,246257,246667,247495,822,410,828,2.3,245345,246757,247405,247585,0,0.0,False,False
5137,201_00794,201,794,360.0,246257,246667,247495,247937,410,828,442,1.2277777777777779,246167,247585,247847,248027,0,0.0,False,False
5138,201_00795,201,795,360.0,246667,247495,247937,248718,828,442,781,2.1694444444444443,246577,248027,248628,248808,0,0.0,False,False
5139,201_00796,201,796,360.0,247495,247937,248718,249130,442,781,412,1.1444444444444444,247405,248808,249040,249220,0,0.0,False,False
5140,201_00797,201,797,360.0,247937,248718,249130,249950,781,412,820,2.2777777777777777,247847,249220,249860,250040,0,0.0,False,False
5141,201_00798,201,798,360.0,248718,249130,249950,250389,412,820,439,1.2194444444444446,248628,250040,250299,250479,0,0.0,False,False
5142,201_00799,201,799,360.0,249130,249950,250389,251215,820,439,826,2.2944444444444443,249040,250479,251125,251305,0,0.0,False,False
5143,201_00800,201,800,360.0,249950,250389,251215,251646,439,826,431,1.1972222222222222,249860,251305,251556,251736,0,0.0,False,False
5144,201_00801,201,801,360.0,250389,251215,251646,252516,826,431,870,2.4166666666666665,250299,251736,252426,252606,0,0.0,False,False
5145,201_00802,201,802,360.0,251215,251646,252516,252926,431,870,410,1.1388888888888888,251125,252606,252836,253016,0,0.0,False,False
5146,201_00803,201,803,360.0,251646,252516,252926,253758,870,410,832,2.311111111111111,251556,253016,253668,253848,0,0.0,False,False
5147,201_00804,201,804,360.0,252516,252926,253758,254176,410,832,418,1.1611111111111112,252426,253848,254086,254266,0,0.0,False,False
5148,201_00805,201,805,360.0,252926,253758,254176,255017,832,418,841,2.3361111111111112,252836,254266,254927,255107,0,0.0,False,False
5149,201_00806,201,806,360.0,253758,254176,255017,255444,418,841,427,1.1861111111111111,253668,255107,255354,255534,0,0.0,False,False
5150,201_00807,201,807,360.0,254176,255017,255444,256334,841,427,890,2.4722222222222223,254086,255534,256244,256424,0,0.0,False,False
5151,201_00808,201,808,360.0,255017,255444,256334,256765,427,890,431,1.1972222222222222,254927,256424,256675,256855,0,0.0,False,False
5152,201_00809,201,809,360.0,255444,256334,256765,257584,890,431,819,2.275,255354,256855,257494,257674,0,0.0,False,False
5153,201_00810,201,810,360.0,256334,256765,257584,258016,431,819,432,1.2,256244,257674,257926,258106,0,0.0,False,False
5154,201_00811,201,811,360.0,256765,257584,258016,258839,819,432,823,2.286111111111111,256675,258106,258749,258929,0,0.0,False,False
5155,201_00812,201,812,360.0,257584,258016,258839,259259,432,823,420,1.1666666666666667,257494,258929,259169,259349,0,0.0,False,False
5156,201_00813,201,813,360.0,258016,258839,259259,260033,823,420,774,2.15,257926,259349,259943,260123,0,0.0,False,False
5157,201_00814,201,814,360.0,258839,259259,260033,260479,420,774,446,1.238888888888889,258749,260123,260389,260569,0,0.0,False,False
5158,201_00815,201,815,360.0,259259,260033,260479,261287,774,446,808,2.2444444444444445,259169,260569,261197,261377,0,0.0,False,False
5159,201_00816,201,816,360.0,260033,260479,261287,261710,446,808,423,1.175,259943,261377,261620,261800,0,0.0,False,False
5160,201_00817,201,817,360.0,260479,261287,261710,262534,808,423,824,2.2888888888888888,260389,261800,262444,262624,0,0.0,False,False
5161,201_00818,201,818,360.0,261287,261710,262534,262980,423,824,446,1.238888888888889,261197,262624,262890,263070,0,0.0,False,False
5162,201_00819,201,819,360.0,261710,262534,262980,263803,824,446,823,2.286111111111111,261620,263070,263713,263893,0,0.0,False,False
5163,201_00820,201,820,360.0,262534,262980,263803,264212,446,823,409,1.136111111111111,262444,263893,264122,264302,0,0.0,False,False
5164,201_00821,201,821,360.0,262980,263803,264212,265070,823,409,858,2.3833333333333333,262890,264302,264980,265160,0,0.0,False,False
5165,201_00822,201,822,360.0,263803,264212,265070,265494,409,858,424,1.1777777777777778,263713,265160,265404,265584,0,0.0,False,False
5166,201_00823,201,823,360.0,264212,265070,265494,266268,858,424,774,2.15,264122,265584,266178,266358,0,0.0,False,False
5167,201_00824,201,824,360.0,265070,265494,266268,266466,424,774,198,0.55,264980,266358,266376,266556,0,0.0,False,False
5168,201_00825,201,825,360.0,265494,266268,266466,266921,774,198,455,1.2638888888888888,265404,266556,266831,267011,0,0.0,False,False
5169,201_00826,201,826,360.0,266268,266466,266921,267359,198,455,438,1.2166666666666666,266178,267011,267269,267449,0,0.0,False,False
5170,201_00827,201,827,360.0,266466,266921,267359,268141,455,438,782,2.172222222222222,266376,267449,268051,268231,0,0.0,False,False
5171,201_00828,201,828,360.0,266921,267359,268141,268326,438,782,185,0.5138888888888888,266831,268231,268236,268416,0,0.0,False,False
5172,201_00829,201,829,360.0,267359,268141,268326,268799,782,185,473,1.3138888888888889,267269,268416,268709,268889,0,0.0,False,False
5173,201_00830,201,830,360.0,268141,268326,268799,269236,185,473,437,1.2138888888888888,268051,268889,269146,269326,0,0.0,False,False
5174,201_00831,201,831,360.0,268326,268799,269236,269668,473,437,432,1.2,268236,269326,269578,269758,0,0.0,False,False
5175,201_00832,201,832,360.0,268799,269236,269668,270495,437,432,827,2.297222222222222,268709,269758,270405,270585,0,0.0,False,False
5176,201_00833,201,833,360.0,269236,269668,270495,270923,432,827,428,1.1888888888888889,269146,270585,270833,271013,0,0.0,False,False
5177,201_00834,201,834,360.0,269668,270495,270923,271758,827,428,835,2.3194444444444446,269578,271013,271668,271848,0,0.0,False,False
5178,201_00835,201,835,360.0,270495,270923,271758,271956,428,835,198,0.55,270405,271848,271866,272046,0,0.0,False,False
5179,201_00836,201,836,360.0,270923,271758,271956,272389,835,198,433,1.2027777777777777,270833,272046,272299,272479,0,0.0,False,False
5180,201_00837,201,837,360.0,271758,271956,272389,272794,198,433,405,1.125,271668,272479,272704,272884,0,0.0,False,False
5181,201_00838,201,838,360.0,271956,272389,272794,273218,433,405,424,1.1777777777777778,271866,272884,273128,273308,0,0.0,False,False
5182,201_00839,201,839,360.0,272389,272794,273218,274048,405,424,830,2.3055555555555554,272299,273308,273958,274138,0,0.0,False,False
5183,201_00840,201,840,360.0,272794,273218,274048,274232,424,830,184,0.5111111111111111,272704,274138,274142,274322,0,0.0,False,False
5184,201_00841,201,841,360.0,273218,274048,274232,274689,830,184,457,1.2694444444444444,273128,274322,274599,274779,0,0.0,False,False
5185,201_00842,201,842,360.0,274048,274232,274689,275106,184,457,417,1.1583333333333334,273958,274779,275016,275196,0,0.0,False,False
5186,201_00843,201,843,360.0,274232,274689,275106,275565,457,417,459,1.275,274142,275196,275475,275655,0,0.0,False,False
5187,201_00844,201,844,360.0,274689,275106,275565,276441,417,459,876,2.433333333333333,274599,275655,276351,276531,0,0.0,False,False
5188,201_00845,201,845,360.0,275106,275565,276441,276870,459,876,429,1.1916666666666667,275016,276531,276780,276960,0,0.0,False,False
5189,201_00846,201,846,360.0,275565,276441,276870,277545,876,429,675,1.875,275475,276960,277455,277635,0,0.0,False,False
5190,201_00847,201,847,360.0,276441,276870,277545,277995,429,675,450,1.25,276351,277635,277905,278085,0,0.0,False,False
5191,201_00848,201,848,360.0,276870,277545,277995,278437,675,450,442,1.2277777777777779,276780,278085,278347,278527,0,0.0,False,False
5192,201_00849,201,849,360.0,277545,277995,278437,279247,450,442,810,2.25,277455,278527,279157,279337,0,0.0,False,False
5193,201_00850,201,850,360.0,277995,278437,279247,279691,442,810,444,1.2333333333333334,277905,279337,279601,279781,0,0.0,False,False
5194,201_00851,201,851,360.0,278437,279247,279691,279890,810,444,199,0.5527777777777778,278347,279781,279800,279980,0,0.0,False,False
5195,201_00852,201,852,360.0,279247,279691,279890,280382,444,199,492,1.3666666666666667,279157,279980,280292,280472,0,0.0,False,False
5196,201_00853,201,853,360.0,279691,279890,280382,280812,199,492,430,1.1944444444444444,279601,280472,280722,280902,0,0.0,False,False
5197,201_00854,201,854,360.0,279890,280382,280812,281234,492,430,422,1.1722222222222223,279800,280902,281144,281324,0,0.0,False,False
5198,201_00855,201,855,360.0,280382,280812,281234,281926,430,422,692,1.9222222222222223,280292,281324,281836,282016,0,0.0,False,False
5199,201_00856,201,856,360.0,280812,281234,281926,282391,422,692,465,1.2916666666666667,280722,282016,282301,282481,0,0.0,False,False
5200,201_00857,201,857,360.0,281234,281926,282391,282880,692,465,489,1.3583333333333334,281144,282481,282790,282970,0,0.0,False,False
5201,201_00858,201,858,360.0,281926,282391,282880,283245,465,489,365,1.0138888888888888,281836,282970,283155,283335,0,0.0,False,False
5202,201_00859,201,859,360.0,282391,282880,283245,283680,489,365,435,1.2083333333333333,282301,283335,283590,283770,0,0.0,False,False
5203,201_00860,201,860,360.0,282880,283245,283680,283885,365,435,205,0.5694444444444444,282790,283770,283795,283975,0,0.0,False,False
5204,201_00861,201,861,360.0,283245,283680,283885,284380,435,205,495,1.375,283155,283975,284290,284470,0,0.0,False,False
5205,201_00862,201,862,360.0,283680,283885,284380,284820,205,495,440,1.2222222222222223,283590,284470,284730,284910,0,0.0,False,False
5206,201_00863,201,863,360.0,283885,284380,284820,285250,495,440,430,1.1944444444444444,283795,284910,285160,285340,0,0.0,False,False
5207,201_00864,201,864,360.0,284380,284820,285250,286098,440,430,848,2.3555555555555556,284290,285340,286008,286188,0,0.0,False,False
5208,201_00865,201,865,360.0,284820,285250,286098,286557,430,848,459,1.275,284730,286188,286467,286647,0,0.0,False,False
5209,201_00866,201,866,360.0,285250,286098,286557,286998,848,459,441,1.225,285160,286647,286908,287088,0,0.0,False,False
5210,201_00867,201,867,360.0,286098,286557,286998,287834,459,441,836,2.3222222222222224,286008,287088,287744,287924,0,0.0,False,False
5211,201_00868,201,868,360.0,286557,286998,287834,288256,441,836,422,1.1722222222222223,286467,287924,288166,288346,0,0.0,False,False
5212,201_00869,201,869,360.0,286998,287834,288256,288689,836,422,433,1.2027777777777777,286908,288346,288599,288779,0,0.0,False,False
5213,201_00870,201,870,360.0,287834,288256,288689,289538,422,433,849,2.3583333333333334,287744,288779,289448,289628,0,0.0,False,False
5214,201_00871,201,871,360.0,288256,288689,289538,289951,433,849,413,1.1472222222222221,288166,289628,289861,290041,0,0.0,False,False
5215,201_00872,201,872,360.0,288689,289538,289951,290383,849,413,432,1.2,288599,290041,290293,290473,0,0.0,False,False
5216,201_00873,201,873,360.0,289538,289951,290383,291015,413,432,632,1.7555555555555555,289448,290473,290925,291105,0,0.0,False,False
5217,201_00874,201,874,360.0,289951,290383,291015,291530,432,632,515,1.4305555555555556,289861,291105,291440,291620,0,0.0,False,False
5218,201_00875,201,875,360.0,290383,291015,291530,291952,632,515,422,1.1722222222222223,290293,291620,291862,292042,0,0.0,False,False
5219,201_00876,201,876,360.0,291015,291530,291952,292375,515,422,423,1.175,290925,292042,292285,292465,0,0.0,False,False
5220,201_00877,201,877,360.0,291530,291952,292375,293239,422,423,864,2.4,291440,292465,293149,293329,0,0.0,False,False
5221,201_00878,201,878,360.0,291952,292375,293239,293660,423,864,421,1.1694444444444445,291862,293329,293570,293750,0,0.0,False,False
5222,201_00879,201,879,360.0,292375,293239,293660,294470,864,421,810,2.25,292285,293750,294380,294560,0,0.0,False,False
5223,201_00880,201,880,360.0,293239,293660,294470,294904,421,810,434,1.2055555555555555,293149,294560,294814,294994,0,0.0,False,False
5224,201_00881,201,881,360.0,293660,294470,294904,295730,810,434,826,2.2944444444444443,293570,294994,295640,295820,0,0.0,False,False
5225,201_00882,201,882,360.0,294470,294904,295730,296155,434,826,425,1.1805555555555556,294380,295820,296065,296245,0,0.0,False,False
5226,201_00883,201,883,360.0,294904,295730,296155,296960,826,425,805,2.236111111111111,294814,296245,296870,297050,0,0.0,False,False
5227,201_00884,201,884,360.0,295730,296155,296960,297409,425,805,449,1.2472222222222222,295640,297050,297319,297499,0,0.0,False,False
5228,201_00885,201,885,360.0,296155,296960,297409,298237,805,449,828,2.3,296065,297499,298147,298327,0,0.0,False,False
5229,201_00886,201,886,360.0,296960,297409,298237,298656,449,828,419,1.163888888888889,296870,298327,298566,298746,0,0.0,False,False
5230,201_00887,201,887,360.0,297409,298237,298656,299527,828,419,871,2.4194444444444443,297319,298746,299437,299617,0,0.0,False,False
5231,201_00888,201,888,360.0,298237,298656,299527,299971,419,871,444,1.2333333333333334,298147,299617,299881,300061,0,0.0,False,False
5232,201_00889,201,889,360.0,298656,299527,299971,300782,871,444,811,2.2527777777777778,298566,300061,300692,300872,0,0.0,False,False
5233,201_00890,201,890,360.0,299527,299971,300782,301206,444,811,424,1.1777777777777778,299437,300872,301116,301296,0,0.0,False,False
5234,201_00891,201,891,360.0,299971,300782,301206,302041,811,424,835,2.3194444444444446,299881,301296,301951,302131,0,0.0,False,False
5235,201_00892,201,892,360.0,300782,301206,302041,302446,424,835,405,1.125,300692,302131,302356,302536,0,0.0,False,False
5236,201_00893,201,893,360.0,301206,302041,302446,303232,835,405,786,2.183333333333333,301116,302536,303142,303322,0,0.0,False,False
5237,201_00894,201,894,360.0,302041,302446,303232,303671,405,786,439,1.2194444444444446,301951,303322,303581,303761,0,0.0,False,False
5238,201_00895,201,895,360.0,302446,303232,303671,304484,786,439,813,2.2583333333333333,302356,303761,304394,304574,0,0.0,False,False
5239,201_00896,201,896,360.0,303232,303671,304484,304888,439,813,404,1.1222222222222222,303142,304574,304798,304978,0,0.0,False,False
5240,201_00897,201,897,360.0,303671,304484,304888,305742,813,404,854,2.3722222222222222,303581,304978,305652,305832,0,0.0,False,False
5241,201_00898,201,898,360.0,304484,304888,305742,306167,404,854,425,1.1805555555555556,304394,305832,306077,306257,0,0.0,False,False
5242,201_00899,201,899,360.0,304888,305742,306167,306992,854,425,825,2.2916666666666665,304798,306257,306902,307082,0,0.0,False,False
5243,201_00900,201,900,360.0,305742,306167,306992,307406,425,825,414,1.15,305652,307082,307316,307496,0,0.0,False,False
5244,201_00901,201,901,360.0,306167,306992,307406,308258,825,414,852,2.3666666666666667,306077,307496,308168,308348,0,0.0,False,False
5245,201_00902,201,902,360.0,306992,307406,308258,308676,414,852,418,1.1611111111111112,306902,308348,308586,308766,0,0.0,False,False
5246,201_00903,201,903,360.0,307406,308258,308676,309454,852,418,778,2.161111111111111,307316,308766,309364,309544,0,0.0,False,False
5247,201_00904,201,904,360.0,308258,308676,309454,309891,418,778,437,1.2138888888888888,308168,309544,309801,309981,0,0.0,False,False
5248,201_00905,201,905,360.0,308676,309454,309891,310716,778,437,825,2.2916666666666665,308586,309981,310626,310806,0,0.0,False,False
5249,201_00906,201,906,360.0,309454,309891,310716,311129,437,825,413,1.1472222222222221,309364,310806,311039,311219,0,0.0,False,False
5250,201_00907,201,907,360.0,309891,310716,311129,311914,825,413,785,2.1805555555555554,309801,311219,311824,312004,0,0.0,False,False
5251,201_00908,201,908,360.0,310716,311129,311914,312360,413,785,446,1.238888888888889,310626,312004,312270,312450,0,0.0,False,False
5252,201_00909,201,909,360.0,311129,311914,312360,313190,785,446,830,2.3055555555555554,311039,312450,313100,313280,0,0.0,False,False
5253,201_00910,201,910,360.0,311914,312360,313190,313611,446,830,421,1.1694444444444445,311824,313280,313521,313701,0,0.0,False,False
5254,201_00911,201,911,360.0,312360,313190,313611,314419,830,421,808,2.2444444444444445,312270,313701,314329,314509,0,0.0,False,False
5255,201_00912,201,912,360.0,313190,313611,314419,314850,421,808,431,1.1972222222222222,313100,314509,314760,314940,0,0.0,False,False
5256,201_00913,201,913,360.0,313611,314419,314850,315630,808,431,780,2.1666666666666665,313521,314940,315540,315720,0,0.0,False,False
5257,201_00914,201,914,360.0,314419,314850,315630,316048,431,780,418,1.1611111111111112,314329,315720,315958,316138,0,0.0,False,False
5258,201_00915,201,915,360.0,314850,315630,316048,316875,780,418,827,2.297222222222222,314760,316138,316785,316965,0,0.0,False,False
5259,201_00916,201,916,360.0,315630,316048,316875,317300,418,827,425,1.1805555555555556,315540,316965,317210,317390,0,0.0,False,False
5260,201_00917,201,917,360.0,316048,316875,317300,318116,827,425,816,2.2666666666666666,315958,317390,318026,318206,0,0.0,False,False
5261,201_00918,201,918,360.0,316875,317300,318116,318545,425,816,429,1.1916666666666667,316785,318206,318455,318635,0,0.0,False,False
5262,201_00919,201,919,360.0,317300,318116,318545,319419,816,429,874,2.4277777777777776,317210,318635,319329,319509,0,0.0,False,False
5263,201_00920,201,920,360.0,318116,318545,319419,319820,429,874,401,1.113888888888889,318026,319509,319730,319910,0,0.0,False,False
5264,201_00921,201,921,360.0,318545,319419,319820,320625,874,401,805,2.236111111111111,318455,319910,320535,320715,0,0.0,False,False
5265,201_00922,201,922,360.0,319419,319820,320625,321060,401,805,435,1.2083333333333333,319329,320715,320970,321150,0,0.0,False,False
5266,201_00923,201,923,360.0,319820,320625,321060,321877,805,435,817,2.2694444444444444,319730,321150,321787,321967,0,0.0,False,False
5267,201_00924,201,924,360.0,320625,321060,321877,322286,435,817,409,1.136111111111111,320535,321967,322196,322376,0,0.0,False,False
5268,201_00925,201,925,360.0,321060,321877,322286,323109,817,409,823,2.286111111111111,320970,322376,323019,323199,0,0.0,False,False
5269,201_00926,201,926,360.0,321877,322286,323109,323552,409,823,443,1.2305555555555556,321787,323199,323462,323642,0,0.0,False,False
5270,201_00927,201,927,360.0,322286,323109,323552,324358,823,443,806,2.238888888888889,322196,323642,324268,324448,0,0.0,False,False
5271,201_00928,201,928,360.0,323109,323552,324358,324781,443,806,423,1.175,323019,324448,324691,324871,0,0.0,False,False
5272,201_00929,201,929,360.0,323552,324358,324781,325609,806,423,828,2.3,323462,324871,325519,325699,0,0.0,False,False
5273,201_00930,201,930,360.0,324358,324781,325609,326048,423,828,439,1.2194444444444446,324268,325699,325958,326138,0,0.0,False,False
5274,201_00931,201,931,360.0,324781,325609,326048,326811,828,439,763,2.1194444444444445,324691,326138,326721,326901,0,0.0,False,False
5275,201_00932,201,932,360.0,325609,326048,326811,327236,439,763,425,1.1805555555555556,325519,326901,327146,327326,0,0.0,False,False
5276,201_00933,201,933,360.0,326048,326811,327236,328046,763,425,810,2.25,325958,327326,327956,328136,0,0.0,False,False
5277,201_00934,201,934,360.0,326811,327236,328046,328471,425,810,425,1.1805555555555556,326721,328136,328381,328561,0,0.0,False,False
5278,201_00935,201,935,360.0,327236,328046,328471,329268,810,425,797,2.213888888888889,327146,328561,329178,329358,0,0.0,False,False
5279,201_00936,201,936,360.0,328046,328471,329268,329718,425,797,450,1.25,327956,329358,329628,329808,0,0.0,False,False
5280,201_00937,201,937,360.0,328471,329268,329718,330154,797,450,436,1.211111111111111,328381,329808,330064,330244,0,0.0,False,False
5281,201_00938,201,938,360.0,329268,329718,330154,330966,450,436,812,2.2555555555555555,329178,330244,330876,331056,0,0.0,False,False
5282,201_00939,201,939,360.0,329718,330154,330966,331401,436,812,435,1.2083333333333333,329628,331056,331311,331491,0,0.0,False,False
5283,201_00940,201,940,360.0,330154,330966,331401,331841,812,435,440,1.2222222222222223,330064,331491,331751,331931,0,0.0,False,False
5284,201_00941,201,941,360.0,330966,331401,331841,332694,435,440,853,2.3694444444444445,330876,331931,332604,332784,0,0.0,False,False
5285,201_00942,201,942,360.0,331401,331841,332694,333099,440,853,405,1.125,331311,332784,333009,333189,0,0.0,False,False
5286,201_00943,201,943,360.0,331841,332694,333099,333497,853,405,398,1.1055555555555556,331751,333189,333407,333587,0,0.0,False,False
5287,201_00944,201,944,360.0,332694,333099,333497,334357,405,398,860,2.388888888888889,332604,333587,334267,334447,0,0.0,False,False
5288,201_00945,201,945,360.0,333099,333497,334357,334768,398,860,411,1.1416666666666666,333009,334447,334678,334858,0,0.0,False,False
5289,201_00946,201,946,360.0,333497,334357,334768,335155,860,411,387,1.075,333407,334858,335065,335245,0,0.0,False,False
5290,201_00947,201,947,360.0,334357,334768,335155,335987,411,387,832,2.311111111111111,334267,335245,335897,336077,0,0.0,False,False
5291,201_00948,201,948,360.0,334768,335155,335987,336430,387,832,443,1.2305555555555556,334678,336077,336340,336520,0,0.0,False,False
5292,201_00949,201,949,360.0,335155,335987,336430,336848,832,443,418,1.1611111111111112,335065,336520,336758,336938,0,0.0,False,False
5293,201_00950,201,950,360.0,335987,336430,336848,337666,443,418,818,2.272222222222222,335897,336938,337576,337756,0,0.0,False,False
5294,201_00951,201,951,360.0,336430,336848,337666,338121,418,818,455,1.2638888888888888,336340,337756,338031,338211,0,0.0,False,False
5295,201_00952,201,952,360.0,336848,337666,338121,338577,818,455,456,1.2666666666666666,336758,338211,338487,338667,0,0.0,False,False
5296,201_00953,201,953,360.0,337666,338121,338577,339049,455,456,472,1.3111111111111111,337576,338667,338959,339139,0,0.0,False,False
5297,201_00954,201,954,360.0,338121,338577,339049,339408,456,472,359,0.9972222222222222,338031,339139,339318,339498,0,0.0,False,False
5298,201_00955,201,955,360.0,338577,339049,339408,339837,472,359,429,1.1916666666666667,338487,339498,339747,339927,0,0.0,False,False
5299,201_00956,201,956,360.0,339049,339408,339837,340278,359,429,441,1.225,338959,339927,340188,340368,0,0.0,False,False
5300,201_00957,201,957,360.0,339408,339837,340278,341147,429,441,869,2.4138888888888888,339318,340368,341057,341237,0,0.0,False,False
5301,201_00958,201,958,360.0,339837,340278,341147,341549,441,869,402,1.1166666666666667,339747,341237,341459,341639,0,0.0,False,False
5302,201_00959,201,959,360.0,340278,341147,341549,341955,869,402,406,1.1277777777777778,340188,341639,341865,342045,0,0.0,False,False
5303,201_00960,201,960,360.0,341147,341549,341955,342806,402,406,851,2.363888888888889,341057,342045,342716,342896,0,0.0,False,False
5304,201_00961,201,961,360.0,341549,341955,342806,343225,406,851,419,1.163888888888889,341459,342896,343135,343315,0,0.0,False,False
5305,201_00962,201,962,360.0,341955,342806,343225,343645,851,419,420,1.1666666666666667,341865,343315,343555,343735,0,0.0,False,False
5306,201_00963,201,963,360.0,342806,343225,343645,344465,419,420,820,2.2777777777777777,342716,343735,344375,344555,0,0.0,False,False
5307,201_00964,201,964,360.0,343225,343645,344465,344909,420,820,444,1.2333333333333334,343135,344555,344819,344999,0,0.0,False,False
5308,201_00965,201,965,360.0,343645,344465,344909,345347,820,444,438,1.2166666666666666,343555,344999,345257,345437,0,0.0,False,False
5309,201_00966,201,966,360.0,344465,344909,345347,346155,444,438,808,2.2444444444444445,344375,345437,346065,346245,0,0.0,False,False
5310,201_00967,201,967,360.0,344909,345347,346155,346591,438,808,436,1.211111111111111,344819,346245,346501,346681,0,0.0,False,False
5311,201_00968,201,968,360.0,345347,346155,346591,347019,808,436,428,1.1888888888888889,345257,346681,346929,347109,0,0.0,False,False
5312,201_00969,201,969,360.0,346155,346591,347019,347849,436,428,830,2.3055555555555554,346065,347109,347759,347939,0,0.0,False,False
5313,201_00970,201,970,360.0,346591,347019,347849,348266,428,830,417,1.1583333333333334,346501,347939,348176,348356,0,0.0,False,False
5314,201_00971,201,971,360.0,347019,347849,348266,348680,830,417,414,1.15,346929,348356,348590,348770,0,0.0,False,False
5315,201_00972,201,972,360.0,347849,348266,348680,349562,417,414,882,2.45,347759,348770,349472,349652,0,0.0,False,False
5316,201_00973,201,973,360.0,348266,348680,349562,349992,414,882,430,1.1944444444444444,348176,349652,349902,350082,0,0.0,False,False
5317,201_00974,201,974,360.0,348680,349562,349992,350391,882,430,399,1.1083333333333334,348590,350082,350301,350481,0,0.0,False,False
5318,201_00975,201,975,360.0,349562,349992,350391,351242,430,399,851,2.363888888888889,349472,350481,351152,351332,0,0.0,False,False
5319,201_00976,201,976,360.0,349992,350391,351242,351683,399,851,441,1.225,349902,351332,351593,351773,0,0.0,False,False
5320,201_00977,201,977,360.0,350391,351242,351683,352463,851,441,780,2.1666666666666665,350301,351773,352373,352553,0,0.0,False,False
5321,201_00978,201,978,360.0,351242,351683,352463,352653,441,780,190,0.5277777777777778,351152,352553,352563,352743,0,0.0,False,False
5322,201_00979,201,979,360.0,351683,352463,352653,353128,780,190,475,1.3194444444444444,351593,352743,353038,353218,0,0.0,False,False
5323,201_00980,201,980,360.0,352463,352653,353128,353573,190,475,445,1.2361111111111112,352373,353218,353483,353663,0,0.0,False,False
5324,201_00981,201,981,360.0,352653,353128,353573,354409,475,445,836,2.3222222222222224,352563,353663,354319,354499,0,0.0,False,False
5325,201_00982,201,982,360.0,353128,353573,354409,354832,445,836,423,1.175,353038,354499,354742,354922,0,0.0,False,False
5326,201_00983,201,983,360.0,353573,354409,354832,355662,836,423,830,2.3055555555555554,353483,354922,355572,355752,0,0.0,False,False
5327,201_00984,201,984,360.0,354409,354832,355662,356074,423,830,412,1.1444444444444444,354319,355752,355984,356164,0,0.0,False,False
5328,201_00985,201,985,360.0,354832,355662,356074,356839,830,412,765,2.125,354742,356164,356749,356929,0,0.0,False,False
5329,201_00986,201,986,360.0,355662,356074,356839,357272,412,765,433,1.2027777777777777,355572,356929,357182,357362,0,0.0,False,False
5330,201_00987,201,987,360.0,356074,356839,357272,358104,765,433,832,2.311111111111111,355984,357362,358014,358194,0,0.0,False,False
5331,201_00988,201,988,360.0,356839,357272,358104,358311,433,832,207,0.575,356749,358194,358221,358401,0,0.0,False,False
5332,201_00989,201,989,360.0,357272,358104,358311,358744,832,207,433,1.2027777777777777,357182,358401,358654,358834,0,0.0,False,False
5333,201_00990,201,990,360.0,358104,358311,358744,359137,207,433,393,1.0916666666666666,358014,358834,359047,359227,0,0.0,False,False
5334,201_00991,201,991,360.0,358311,358744,359137,359960,433,393,823,2.286111111111111,358221,359227,359870,360050,0,0.0,False,False
5335,201_00992,201,992,360.0,358744,359137,359960,360398,393,823,438,1.2166666666666666,358654,360050,360308,360488,0,0.0,False,False
5336,201_00993,201,993,360.0,359137,359960,360398,361175,823,438,777,2.158333333333333,359047,360488,361085,361265,0,0.0,False,False
5337,201_00994,201,994,360.0,359960,360398,361175,361606,438,777,431,1.1972222222222222,359870,361265,361516,361696,0,0.0,False,False
5338,201_00995,201,995,360.0,360398,361175,361606,361983,777,431,377,1.0472222222222223,360308,361696,361893,362073,0,0.0,False,False
5339,201_00996,201,996,360.0,361175,361606,361983,362159,431,377,176,0.4888888888888889,361085,362073,362069,362249,4,0.022222222222222223,True,False
5340,201_00997,201,997,360.0,361606,361983,362159,362657,377,176,498,1.3833333333333333,361516,362249,362567,362747,0,0.0,False,False
5341,201_00998,201,998,360.0,361983,362159,362657,363047,176,498,390,1.0833333333333333,361893,362747,362957,363137,0,0.0,False,False
5342,201_00999,201,999,360.0,362159,362657,363047,363811,498,390,764,2.1222222222222222,362069,363137,363721,363901,0,0.0,False,False
5343,201_01000,201,1000,360.0,362657,363047,363811,364218,390,764,407,1.1305555555555555,362567,363901,364128,364308,0,0.0,False,False
5344,201_01001,201,1001,360.0,363047,363811,364218,364621,764,407,403,1.1194444444444445,362957,364308,364531,364711,0,0.0,False,False
5345,201_01002,201,1002,360.0,363811,364218,364621,364992,407,403,371,1.0305555555555554,363721,364711,364902,365082,0,0.0,False,False
5346,201_01003,201,1003,360.0,364218,364621,364992,365761,403,371,769,2.136111111111111,364128,365082,365671,365851,0,0.0,False,False
5347,201_01004,201,1004,360.0,364621,364992,365761,366179,371,769,418,1.1611111111111112,364531,365851,366089,366269,0,0.0,False,False
5348,201_01005,201,1005,360.0,364992,365761,366179,367003,769,418,824,2.2888888888888888,364902,366269,366913,367093,0,0.0,False,False
5349,201_01006,201,1006,360.0,365761,366179,367003,367394,418,824,391,1.086111111111111,365671,367093,367304,367484,0,0.0,False,False
5350,201_01007,201,1007,360.0,366179,367003,367394,368222,824,391,828,2.3,366089,367484,368132,368312,0,0.0,False,False
5351,201_01008,201,1008,360.0,367003,367394,368222,368650,391,828,428,1.1888888888888889,366913,368312,368560,368740,0,0.0,False,False
5352,201_01009,201,1009,360.0,367394,368222,368650,369472,828,428,822,2.283333333333333,367304,368740,369382,369562,0,0.0,False,False
5353,201_01010,201,1010,360.0,368222,368650,369472,369878,428,822,406,1.1277777777777778,368132,369562,369788,369968,0,0.0,False,False
5354,201_01011,201,1011,360.0,368650,369472,369878,370726,822,406,848,2.3555555555555556,368560,369968,370636,370816,0,0.0,False,False
5355,201_01012,201,1012,360.0,369472,369878,370726,371155,406,848,429,1.1916666666666667,369382,370816,371065,371245,0,0.0,False,False
5356,201_01013,201,1013,360.0,369878,370726,371155,371944,848,429,789,2.191666666666667,369788,371245,371854,372034,0,0.0,False,False
5357,201_01014,201,1014,360.0,370726,371155,371944,372356,429,789,412,1.1444444444444444,370636,372034,372266,372446,0,0.0,False,False
5358,201_01015,201,1015,360.0,371155,371944,372356,373185,789,412,829,2.3027777777777776,371065,372446,373095,373275,0,0.0,False,False
5359,201_01016,201,1016,360.0,371944,372356,373185,373619,412,829,434,1.2055555555555555,371854,373275,373529,373709,0,0.0,False,False
5360,201_01017,201,1017,360.0,372356,373185,373619,374177,829,434,558,1.55,372266,373709,374087,374267,0,0.0,False,False
5361,201_01018,201,1018,360.0,373185,373619,374177,374663,434,558,486,1.35,373095,374267,374573,374753,0,0.0,False,False
5362,201_01019,201,1019,360.0,373619,374177,374663,375112,558,486,449,1.2472222222222222,373529,374753,375022,375202,0,0.0,False,False
5363,201_01020,201,1020,360.0,374177,374663,375112,375540,486,449,428,1.1888888888888889,374087,375202,375450,375630,0,0.0,False,False
5364,201_01021,201,1021,360.0,374663,375112,375540,376332,449,428,792,2.2,374573,375630,376242,376422,0,0.0,False,False
5365,201_01022,201,1022,360.0,375112,375540,376332,376767,428,792,435,1.2083333333333333,375022,376422,376677,376857,0,0.0,False,False
5366,201_01023,201,1023,360.0,375540,376332,376767,377589,792,435,822,2.283333333333333,375450,376857,377499,377679,0,0.0,False,False
5367,201_01024,201,1024,360.0,376332,376767,377589,378021,435,822,432,1.2,376242,377679,377931,378111,0,0.0,False,False
5368,201_01025,201,1025,360.0,376767,377589,378021,378794,822,432,773,2.147222222222222,376677,378111,378704,378884,0,0.0,False,False
5369,201_01026,201,1026,360.0,377589,378021,378794,379258,432,773,464,1.288888888888889,377499,378884,379168,379348,0,0.0,False,False
5370,201_01027,201,1027,360.0,378021,378794,379258,380080,773,464,822,2.283333333333333,377931,379348,379990,380170,0,0.0,False,False
5371,201_01028,201,1028,360.0,378794,379258,380080,380490,464,822,410,1.1388888888888888,378704,380170,380400,380580,0,0.0,False,False
5372,201_01029,201,1029,360.0,379258,380080,380490,381280,822,410,790,2.1944444444444446,379168,380580,381190,381370,0,0.0,False,False
5373,201_01030,201,1030,360.0,380080,380490,381280,381714,410,790,434,1.2055555555555555,379990,381370,381624,381804,0,0.0,False,False
5374,201_01031,201,1031,360.0,380490,381280,381714,382490,790,434,776,2.1555555555555554,380400,381804,382400,382580,0,0.0,False,False
5375,201_01032,201,1032,360.0,381280,381714,382490,382904,434,776,414,1.15,381190,382580,382814,382994,0,0.0,False,False
5376,201_01033,201,1033,360.0,381714,382490,382904,383746,776,414,842,2.338888888888889,381624,382994,383656,383836,0,0.0,False,False
5377,201_01034,201,1034,360.0,382490,382904,383746,384167,414,842,421,1.1694444444444445,382400,383836,384077,384257,0,0.0,False,False
5378,201_01035,201,1035,360.0,382904,383746,384167,384958,842,421,791,2.1972222222222224,382814,384257,384868,385048,0,0.0,False,False
5379,201_01036,201,1036,360.0,383746,384167,384958,385389,421,791,431,1.1972222222222222,383656,385048,385299,385479,0,0.0,False,False
5380,201_01037,201,1037,360.0,384167,384958,385389,386248,791,431,859,2.386111111111111,384077,385479,386158,386338,0,0.0,False,False
5381,201_01038,201,1038,360.0,384958,385389,386248,386657,431,859,409,1.136111111111111,384868,386338,386567,386747,0,0.0,False,False
5382,201_01039,201,1039,360.0,385389,386248,386657,387227,859,409,570,1.5833333333333333,385299,386747,387137,387317,0,0.0,False,False
5383,201_01040,201,1040,360.0,386248,386657,387227,387728,409,570,501,1.3916666666666666,386158,387317,387638,387818,0,0.0,False,False
5384,201_01041,201,1041,360.0,386657,387227,387728,388178,570,501,450,1.25,386567,387818,388088,388268,0,0.0,False,False
5385,201_01042,201,1042,360.0,387227,387728,388178,388600,501,450,422,1.1722222222222223,387137,388268,388510,388690,0,0.0,False,False
5386,201_01043,201,1043,360.0,387728,388178,388600,389408,450,422,808,2.2444444444444445,387638,388690,389318,389498,0,0.0,False,False
5387,201_01044,201,1044,360.0,388178,388600,389408,389855,422,808,447,1.2416666666666667,388088,389498,389765,389945,0,0.0,False,False
5388,201_01045,201,1045,360.0,388600,389408,389855,390679,808,447,824,2.2888888888888888,388510,389945,390589,390769,0,0.0,False,False
5389,201_01046,201,1046,360.0,389408,389855,390679,391065,447,824,386,1.0722222222222222,389318,390769,390975,391155,0,0.0,False,False
5390,201_01047,201,1047,360.0,389855,390679,391065,391845,824,386,780,2.1666666666666665,389765,391155,391755,391935,0,0.0,False,False
5391,201_01048,201,1048,360.0,390679,391065,391845,392041,386,780,196,0.5444444444444444,390589,391935,391951,392131,0,0.0,False,False
5392,201_01049,201,1049,360.0,391065,391845,392041,392172,780,196,131,0.3638888888888889,390975,392131,392082,392262,49,0.2722222222222222,True,False
5393,201_01050,201,1050,360.0,391845,392041,392172,392544,196,131,372,1.0333333333333334,391755,392262,392454,392634,0,0.0,False,False
5394,201_01051,201,1051,360.0,392041,392172,392544,392959,131,372,415,1.1527777777777777,391951,392634,392869,393049,0,0.0,False,False
5395,201_01052,201,1052,360.0,392172,392544,392959,393762,372,415,803,2.2305555555555556,392082,393049,393672,393852,0,0.0,False,False
5396,201_01053,201,1053,360.0,392544,392959,393762,394211,415,803,449,1.2472222222222222,392454,393852,394121,394301,0,0.0,False,False
5397,201_01054,201,1054,360.0,392959,393762,394211,395070,803,449,859,2.386111111111111,392869,394301,394980,395160,0,0.0,False,False
5398,201_01055,201,1055,360.0,393762,394211,395070,395486,449,859,416,1.1555555555555554,393672,395160,395396,395576,0,0.0,False,False
5399,201_01056,201,1056,360.0,394211,395070,395486,396256,859,416,770,2.138888888888889,394121,395576,396166,396346,0,0.0,False,False
5400,201_01057,201,1057,360.0,395070,395486,396256,396657,416,770,401,1.113888888888889,394980,396346,396567,396747,0,0.0,False,False
5401,201_01058,201,1058,360.0,395486,396256,396657,396840,770,401,183,0.5083333333333333,395396,396747,396750,396930,0,0.0,False,False
5402,201_01059,201,1059,360.0,396256,396657,396840,397302,401,183,462,1.2833333333333334,396166,396930,397212,397392,0,0.0,False,False
5403,201_01060,201,1060,360.0,396657,396840,397302,397651,183,462,349,0.9694444444444444,396567,397392,397561,397741,0,0.0,False,False
5404,201_01061,201,1061,360.0,396840,397302,397651,397821,462,349,170,0.4722222222222222,396750,397741,397731,397911,10,0.05555555555555555,True,False
5405,201_01062,201,1062,360.0,397302,397651,397821,398276,349,170,455,1.2638888888888888,397212,397911,398186,398366,0,0.0,False,False
5406,201_01063,201,1063,360.0,397651,397821,398276,398477,170,455,201,0.5583333333333333,397561,398366,398387,398567,0,0.0,False,False
5407,201_01064,201,1064,360.0,397821,398276,398477,398894,455,201,417,1.1583333333333334,397731,398567,398804,398984,0,0.0,False,False
5408,201_01065,201,1065,360.0,398276,398477,398894,399341,201,417,447,1.2416666666666667,398186,398984,399251,399431,0,0.0,False,False
5409,201_01066,201,1066,360.0,398477,398894,399341,399700,417,447,359,0.9972222222222222,398387,399431,399610,399790,0,0.0,False,False
5410,201_01067,201,1067,360.0,398894,399341,399700,400064,447,359,364,1.011111111111111,398804,399790,399974,400154,0,0.0,False,False
5411,201_01068,201,1068,360.0,399341,399700,400064,400407,359,364,343,0.9527777777777777,399251,400154,400317,400497,0,0.0,False,False
5412,201_01069,201,1069,360.0,399700,400064,400407,400593,364,343,186,0.5166666666666667,399610,400497,400503,400683,0,0.0,False,False
5413,201_01070,201,1070,360.0,400064,400407,400593,400755,343,186,162,0.45,399974,400683,400665,400845,18,0.1,True,False
5414,201_01071,201,1071,360.0,400407,400593,400755,401105,186,162,350,0.9722222222222222,400317,400845,401015,401195,0,0.0,False,False
5415,201_01072,201,1072,360.0,400593,400755,401105,401501,162,350,396,1.1,400503,401195,401411,401591,0,0.0,False,False
5416,201_01073,201,1073,360.0,400755,401105,401501,402356,350,396,855,2.375,400665,401591,402266,402446,0,0.0,False,False
5417,201_01074,201,1074,360.0,401105,401501,402356,403077,396,855,721,2.0027777777777778,401015,402446,402987,403167,0,0.0,False,False
5418,201_01075,201,1075,360.0,401501,402356,403077,403582,855,721,505,1.4027777777777777,401411,403167,403492,403672,0,0.0,False,False
5419,201_01076,201,1076,360.0,402356,403077,403582,404033,721,505,451,1.2527777777777778,402266,403672,403943,404123,0,0.0,False,False
5420,201_01077,201,1077,360.0,403077,403582,404033,404477,505,451,444,1.2333333333333334,402987,404123,404387,404567,0,0.0,False,False
5421,201_01078,201,1078,360.0,403582,404033,404477,404944,451,444,467,1.2972222222222223,403492,404567,404854,405034,0,0.0,False,False
5422,201_01079,201,1079,360.0,404033,404477,404944,405438,444,467,494,1.3722222222222222,403943,405034,405348,405528,0,0.0,False,False
5423,201_01080,201,1080,360.0,404477,404944,405438,405626,467,494,188,0.5222222222222223,404387,405528,405536,405716,0,0.0,False,False
5424,201_01081,201,1081,360.0,404944,405438,405626,406176,494,188,550,1.5277777777777777,404854,405716,406086,406266,0,0.0,False,False
5425,201_01082,201,1082,360.0,405438,405626,406176,406381,188,550,205,0.5694444444444444,405348,406266,406291,406471,0,0.0,False,False
5426,201_01083,201,1083,360.0,405626,406176,406381,406910,550,205,529,1.4694444444444446,405536,406471,406820,407000,0,0.0,False,False
5427,201_01084,201,1084,360.0,406176,406381,406910,407614,205,529,704,1.9555555555555555,406086,407000,407524,407704,0,0.0,False,False
5428,201_01085,201,1085,360.0,406381,406910,407614,407942,529,704,328,0.9111111111111111,406291,407704,407852,408032,0,0.0,False,False
5429,201_01086,201,1086,360.0,406910,407614,407942,408286,704,328,344,0.9555555555555556,406820,408032,408196,408376,0,0.0,False,False
5430,201_01087,201,1087,360.0,407614,407942,408286,408677,328,344,391,1.086111111111111,407524,408376,408587,408767,0,0.0,False,False
5431,201_01088,201,1088,360.0,407942,408286,408677,409554,344,391,877,2.436111111111111,407852,408767,409464,409644,0,0.0,False,False
5432,201_01089,201,1089,360.0,408286,408677,409554,410002,391,877,448,1.2444444444444445,408196,409644,409912,410092,0,0.0,False,False
5433,201_01090,201,1090,360.0,408677,409554,410002,410424,877,448,422,1.1722222222222223,408587,410092,410334,410514,0,0.0,False,False
5434,201_01091,201,1091,360.0,409554,410002,410424,410832,448,422,408,1.1333333333333333,409464,410514,410742,410922,0,0.0,False,False
5435,201_01092,201,1092,360.0,410002,410424,410832,411249,422,408,417,1.1583333333333334,409912,410922,411159,411339,0,0.0,False,False
5436,201_01093,201,1093,360.0,410424,410832,411249,411699,408,417,450,1.25,410334,411339,411609,411789,0,0.0,False,False
5437,201_01094,201,1094,360.0,410832,411249,411699,412129,417,450,430,1.1944444444444444,410742,411789,412039,412219,0,0.0,False,False
5438,201_01095,201,1095,360.0,411249,411699,412129,412698,450,430,569,1.5805555555555555,411159,412219,412608,412788,0,0.0,False,False
5439,201_01096,201,1096,360.0,411699,412129,412698,412853,430,569,155,0.4305555555555556,411609,412788,412763,412943,25,0.1388888888888889,True,False
5440,201_01097,201,1097,360.0,412129,412698,412853,413184,569,155,331,0.9194444444444444,412039,412943,413094,413274,0,0.0,False,False
5441,201_01098,201,1098,360.0,412698,412853,413184,413617,155,331,433,1.2027777777777777,412608,413274,413527,413707,0,0.0,False,False
5442,201_01099,201,1099,360.0,412853,413184,413617,414228,331,433,611,1.6972222222222222,412763,413707,414138,414318,0,0.0,False,False
5443,201_01100,201,1100,360.0,413184,413617,414228,414738,433,611,510,1.4166666666666667,413094,414318,414648,414828,0,0.0,False,False
5444,201_01101,201,1101,360.0,413617,414228,414738,415145,611,510,407,1.1305555555555555,413527,414828,415055,415235,0,0.0,False,False
5445,201_01102,201,1102,360.0,414228,414738,415145,415563,510,407,418,1.1611111111111112,414138,415235,415473,415653,0,0.0,False,False
5446,201_01103,201,1103,360.0,414738,415145,415563,416444,407,418,881,2.4472222222222224,414648,415653,416354,416534,0,0.0,False,False
5447,201_01104,201,1104,360.0,415145,415563,416444,416851,418,881,407,1.1305555555555555,415055,416534,416761,416941,0,0.0,False,False
5448,201_01105,201,1105,360.0,415563,416444,416851,417433,881,407,582,1.6166666666666667,415473,416941,417343,417523,0,0.0,False,False
5449,201_01106,201,1106,360.0,416444,416851,417433,417590,407,582,157,0.4361111111111111,416354,417523,417500,417680,23,0.12777777777777777,True,False
5450,201_01107,201,1107,360.0,416851,417433,417590,417934,582,157,344,0.9555555555555556,416761,417680,417844,418024,0,0.0,False,False
5451,201_01108,201,1108,360.0,417433,417590,417934,418367,157,344,433,1.2027777777777777,417343,418024,418277,418457,0,0.0,False,False
5452,201_01109,201,1109,360.0,417590,417934,418367,419208,344,433,841,2.3361111111111112,417500,418457,419118,419298,0,0.0,False,False
5453,201_01110,201,1110,360.0,417934,418367,419208,419396,433,841,188,0.5222222222222223,417844,419298,419306,419486,0,0.0,False,False
5454,201_01111,201,1111,360.0,418367,419208,419396,419870,841,188,474,1.3166666666666667,418277,419486,419780,419960,0,0.0,False,False
5455,201_01112,201,1112,360.0,419208,419396,419870,420307,188,474,437,1.2138888888888888,419118,419960,420217,420397,0,0.0,False,False
5456,201_01113,201,1113,360.0,419396,419870,420307,421139,474,437,832,2.311111111111111,419306,420397,421049,421229,0,0.0,False,False
5457,201_01114,201,1114,360.0,419870,420307,421139,421548,437,832,409,1.136111111111111,419780,421229,421458,421638,0,0.0,False,False
5458,201_01115,201,1115,360.0,420307,421139,421548,422376,832,409,828,2.3,420217,421638,422286,422466,0,0.0,False,False
5459,201_01116,201,1116,360.0,421139,421548,422376,422822,409,828,446,1.238888888888889,421049,422466,422732,422912,0,0.0,False,False
5460,201_01117,201,1117,360.0,421548,422376,422822,423628,828,446,806,2.238888888888889,421458,422912,423538,423718,0,0.0,False,False
5461,201_01118,201,1118,360.0,422376,422822,423628,424032,446,806,404,1.1222222222222222,422286,423718,423942,424122,0,0.0,False,False
5462,201_01119,201,1119,360.0,422822,423628,424032,424654,806,404,622,1.7277777777777779,422732,424122,424564,424744,0,0.0,False,False
5463,201_01120,201,1120,360.0,423628,424032,424654,424806,404,622,152,0.4222222222222222,423538,424744,424716,424896,28,0.15555555555555556,True,False
5464,201_01121,201,1121,360.0,424032,424654,424806,425184,622,152,378,1.05,423942,424896,425094,425274,0,0.0,False,False
5465,201_01122,201,1122,360.0,424654,424806,425184,425599,152,378,415,1.1527777777777777,424564,425274,425509,425689,0,0.0,False,False
5466,201_01123,201,1123,360.0,424806,425184,425599,426006,378,415,407,1.1305555555555555,424716,425689,425916,426096,0,0.0,False,False
5467,201_01124,201,1124,360.0,425184,425599,426006,426424,415,407,418,1.1611111111111112,425094,426096,426334,426514,0,0.0,False,False
5468,201_01125,201,1125,360.0,425599,426006,426424,427319,407,418,895,2.486111111111111,425509,426514,427229,427409,0,0.0,False,False
5469,201_01126,201,1126,360.0,426006,426424,427319,427509,418,895,190,0.5277777777777778,425916,427409,427419,427599,0,0.0,False,False
5470,201_01127,201,1127,360.0,426424,427319,427509,427642,895,190,133,0.36944444444444446,426334,427599,427552,427732,47,0.2611111111111111,True,False
5471,201_01128,201,1128,360.0,427319,427509,427642,427984,190,133,342,0.95,427229,427732,427894,428074,0,0.0,False,False
5472,201_01129,201,1129,360.0,427509,427642,427984,428397,133,342,413,1.1472222222222221,427419,428074,428307,428487,0,0.0,False,False
5473,201_01130,201,1130,360.0,427642,427984,428397,429248,342,413,851,2.363888888888889,427552,428487,429158,429338,0,0.0,False,False
5474,201_01131,201,1131,360.0,427984,428397,429248,429686,413,851,438,1.2166666666666666,427894,429338,429596,429776,0,0.0,False,False
5475,201_01132,201,1132,360.0,428397,429248,429686,429869,851,438,183,0.5083333333333333,428307,429776,429779,429959,0,0.0,False,False
5476,201_01133,201,1133,360.0,429248,429686,429869,430324,438,183,455,1.2638888888888888,429158,429959,430234,430414,0,0.0,False,False
5477,201_01134,201,1134,360.0,429686,429869,430324,430753,183,455,429,1.1916666666666667,429596,430414,430663,430843,0,0.0,False,False
5478,201_01135,201,1135,360.0,429869,430324,430753,431612,455,429,859,2.386111111111111,429779,430843,431522,431702,0,0.0,False,False
5479,201_01136,201,1136,360.0,430324,430753,431612,432034,429,859,422,1.1722222222222223,430234,431702,431944,432124,0,0.0,False,False
5480,201_01137,201,1137,360.0,430753,431612,432034,432858,859,422,824,2.2888888888888888,430663,432124,432768,432948,0,0.0,False,False
5481,201_01138,201,1138,360.0,431612,432034,432858,433294,422,824,436,1.211111111111111,431522,432948,433204,433384,0,0.0,False,False
5482,201_01139,201,1139,360.0,432034,432858,433294,433737,824,436,443,1.2305555555555556,431944,433384,433647,433827,0,0.0,False,False
5483,201_01140,201,1140,360.0,432858,433294,433737,433928,436,443,191,0.5305555555555556,432768,433827,433838,434018,0,0.0,False,False
5484,201_01141,201,1141,360.0,433294,433737,433928,434381,443,191,453,1.2583333333333333,433204,434018,434291,434471,0,0.0,False,False
5485,201_01142,201,1142,360.0,433737,433928,434381,434791,191,453,410,1.1388888888888888,433647,434471,434701,434881,0,0.0,False,False
5486,201_01143,201,1143,360.0,433928,434381,434791,435648,453,410,857,2.3805555555555555,433838,434881,435558,435738,0,0.0,False,False
5487,201_01144,201,1144,360.0,434381,434791,435648,436076,410,857,428,1.1888888888888889,434291,435738,435986,436166,0,0.0,False,False
5488,201_01145,201,1145,360.0,434791,435648,436076,436484,857,428,408,1.1333333333333333,434701,436166,436394,436574,0,0.0,False,False
5489,201_01146,201,1146,360.0,435648,436076,436484,437306,428,408,822,2.283333333333333,435558,436574,437216,437396,0,0.0,False,False
5490,201_01147,201,1147,360.0,436076,436484,437306,437516,408,822,210,0.5833333333333334,435986,437396,437426,437606,0,0.0,False,False
5491,201_01148,201,1148,360.0,436484,437306,437516,437659,822,210,143,0.3972222222222222,436394,437606,437569,437749,37,0.20555555555555555,True,False
5492,201_01149,201,1149,360.0,437306,437516,437659,438033,210,143,374,1.038888888888889,437216,437749,437943,438123,0,0.0,False,False
5493,201_01150,201,1150,360.0,437516,437659,438033,438439,143,374,406,1.1277777777777778,437426,438123,438349,438529,0,0.0,False,False
5494,201_01151,201,1151,360.0,437659,438033,438439,438865,374,406,426,1.1833333333333333,437569,438529,438775,438955,0,0.0,False,False
5495,201_01152,201,1152,360.0,438033,438439,438865,439456,406,426,591,1.6416666666666666,437943,438955,439366,439546,0,0.0,False,False
5496,201_01153,201,1153,360.0,438439,438865,439456,439621,426,591,165,0.4583333333333333,438349,439546,439531,439711,15,0.08333333333333333,True,False
5497,201_01154,201,1154,360.0,438865,439456,439621,440003,591,165,382,1.0611111111111111,438775,439711,439913,440093,0,0.0,False,False
5498,201_01155,201,1155,360.0,439456,439621,440003,440853,165,382,850,2.361111111111111,439366,440093,440763,440943,0,0.0,False,False
5499,201_01156,201,1156,360.0,439621,440003,440853,441259,382,850,406,1.1277777777777778,439531,440943,441169,441349,0,0.0,False,False
5500,201_01157,201,1157,360.0,440003,440853,441259,442124,850,406,865,2.4027777777777777,439913,441349,442034,442214,0,0.0,False,False
5501,201_01158,201,1158,360.0,440853,441259,442124,442309,406,865,185,0.5138888888888888,440763,442214,442219,442399,0,0.0,False,False
5502,201_01159,201,1159,360.0,441259,442124,442309,442772,865,185,463,1.2861111111111112,441169,442399,442682,442862,0,0.0,False,False
5503,201_01160,201,1160,360.0,442124,442309,442772,443190,185,463,418,1.1611111111111112,442034,442862,443100,443280,0,0.0,False,False
5504,201_01161,201,1161,360.0,442309,442772,443190,444035,463,418,845,2.3472222222222223,442219,443280,443945,444125,0,0.0,False,False
5505,201_01162,201,1162,360.0,442772,443190,444035,444465,418,845,430,1.1944444444444444,442682,444125,444375,444555,0,0.0,False,False
5506,201_01163,201,1163,360.0,443190,444035,444465,445050,845,430,585,1.625,443100,444555,444960,445140,0,0.0,False,False
5507,201_01164,201,1164,360.0,444035,444465,445050,445526,430,585,476,1.3222222222222222,443945,445140,445436,445616,0,0.0,False,False
5508,201_01165,201,1165,360.0,444465,445050,445526,445968,585,476,442,1.2277777777777779,444375,445616,445878,446058,0,0.0,False,False
5509,201_01166,201,1166,360.0,445050,445526,445968,446410,476,442,442,1.2277777777777779,444960,446058,446320,446500,0,0.0,False,False
5510,201_01167,201,1167,360.0,445526,445968,446410,447007,442,442,597,1.6583333333333334,445436,446500,446917,447097,0,0.0,False,False
5511,201_01168,201,1168,360.0,445968,446410,447007,447509,442,597,502,1.3944444444444444,445878,447097,447419,447599,0,0.0,False,False
5512,201_01169,201,1169,360.0,446410,447007,447509,447923,597,502,414,1.15,446320,447599,447833,448013,0,0.0,False,False
5513,201_01170,201,1170,360.0,447007,447509,447923,448365,502,414,442,1.2277777777777779,446917,448013,448275,448455,0,0.0,False,False
5514,201_01171,201,1171,360.0,447509,447923,448365,449222,414,442,857,2.3805555555555555,447419,448455,449132,449312,0,0.0,False,False
5515,201_01172,201,1172,360.0,447923,448365,449222,449625,442,857,403,1.1194444444444445,447833,449312,449535,449715,0,0.0,False,False
5516,201_01173,201,1173,360.0,448365,449222,449625,450485,857,403,860,2.388888888888889,448275,449715,450395,450575,0,0.0,False,False
5517,201_01174,201,1174,360.0,449222,449625,450485,450924,403,860,439,1.2194444444444446,449132,450575,450834,451014,0,0.0,False,False
5518,201_01175,201,1175,360.0,449625,450485,450924,451119,860,439,195,0.5416666666666666,449535,451014,451029,451209,0,0.0,False,False
5519,201_01176,201,1176,360.0,450485,450924,451119,451254,439,195,135,0.375,450395,451209,451164,451344,45,0.25,True,False
5520,201_01177,201,1177,360.0,450924,451119,451254,451605,195,135,351,0.975,450834,451344,451515,451695,0,0.0,False,False
5521,201_01178,201,1178,360.0,451119,451254,451605,452001,135,351,396,1.1,451029,451695,451911,452091,0,0.0,False,False
5522,201_01179,201,1179,360.0,451254,451605,452001,452194,351,396,193,0.5361111111111111,451164,452091,452104,452284,0,0.0,False,False
5523,201_01180,201,1180,360.0,451605,452001,452194,452707,396,193,513,1.425,451515,452284,452617,452797,0,0.0,False,False
5524,201_01181,201,1181,360.0,452001,452194,452707,453152,193,513,445,1.2361111111111112,451911,452797,453062,453242,0,0.0,False,False
5525,201_01182,201,1182,360.0,452194,452707,453152,453982,513,445,830,2.3055555555555554,452104,453242,453892,454072,0,0.0,False,False
5526,201_01183,201,1183,360.0,452707,453152,453982,454413,445,830,431,1.1972222222222222,452617,454072,454323,454503,0,0.0,False,False
5527,201_01184,201,1184,360.0,453152,453982,454413,454842,830,431,429,1.1916666666666667,453062,454503,454752,454932,0,0.0,False,False
5528,201_01185,201,1185,360.0,453982,454413,454842,455047,431,429,205,0.5694444444444444,453892,454932,454957,455137,0,0.0,False,False
5529,201_01186,201,1186,360.0,454413,454842,455047,455555,429,205,508,1.4111111111111112,454323,455137,455465,455645,0,0.0,False,False
5530,201_01187,201,1187,360.0,454842,455047,455555,455966,205,508,411,1.1416666666666666,454752,455645,455876,456056,0,0.0,False,False
5531,201_01188,201,1188,360.0,455047,455555,455966,456801,508,411,835,2.3194444444444446,454957,456056,456711,456891,0,0.0,False,False
5532,201_01189,201,1189,360.0,455555,455966,456801,457246,411,835,445,1.2361111111111112,455465,456891,457156,457336,0,0.0,False,False
5533,201_01190,201,1190,360.0,455966,456801,457246,457664,835,445,418,1.1611111111111112,455876,457336,457574,457754,0,0.0,False,False
5534,201_01191,201,1191,360.0,456801,457246,457664,458470,445,418,806,2.238888888888889,456711,457754,458380,458560,0,0.0,False,False
5535,201_01192,201,1192,360.0,457246,457664,458470,458666,418,806,196,0.5444444444444444,457156,458560,458576,458756,0,0.0,False,False
5536,201_01193,201,1193,360.0,457664,458470,458666,459140,806,196,474,1.3166666666666667,457574,458756,459050,459230,0,0.0,False,False
5537,201_01194,201,1194,360.0,458470,458666,459140,459587,196,474,447,1.2416666666666667,458380,459230,459497,459677,0,0.0,False,False
5538,201_01195,201,1195,360.0,458666,459140,459587,459996,474,447,409,1.136111111111111,458576,459677,459906,460086,0,0.0,False,False
5539,201_01196,201,1196,360.0,459140,459587,459996,460781,447,409,785,2.1805555555555554,459050,460086,460691,460871,0,0.0,False,False
5540,201_01197,201,1197,360.0,459587,459996,460781,461232,409,785,451,1.2527777777777778,459497,460871,461142,461322,0,0.0,False,False
5541,201_01198,201,1198,360.0,459996,460781,461232,462069,785,451,837,2.325,459906,461322,461979,462159,0,0.0,False,False
5542,201_01199,201,1199,360.0,460781,461232,462069,462721,451,837,652,1.8111111111111111,460691,462159,462631,462811,0,0.0,False,False
5543,201_01200,201,1200,360.0,461232,462069,462721,463131,837,652,410,1.1388888888888888,461142,462811,463041,463221,0,0.0,False,False
5544,201_01201,201,1201,360.0,462069,462721,463131,463578,652,410,447,1.2416666666666667,461979,463221,463488,463668,0,0.0,False,False
5545,201_01202,201,1202,360.0,462721,463131,463578,464405,410,447,827,2.297222222222222,462631,463668,464315,464495,0,0.0,False,False
5546,201_01203,201,1203,360.0,463131,463578,464405,464575,447,827,170,0.4722222222222222,463041,464495,464485,464665,10,0.05555555555555555,True,False
5547,201_01204,201,1204,360.0,463578,464405,464575,465065,827,170,490,1.3611111111111112,463488,464665,464975,465155,0,0.0,False,False
5548,201_01205,201,1205,360.0,464405,464575,465065,465497,170,490,432,1.2,464315,465155,465407,465587,0,0.0,False,False
5549,201_01206,201,1206,360.0,464575,465065,465497,465932,490,432,435,1.2083333333333333,464485,465587,465842,466022,0,0.0,False,False
5550,201_01207,201,1207,360.0,465065,465497,465932,466743,432,435,811,2.2527777777777778,464975,466022,466653,466833,0,0.0,False,False
5551,201_01208,201,1208,360.0,465497,465932,466743,467152,435,811,409,1.136111111111111,465407,466833,467062,467242,0,0.0,False,False
5552,201_01209,201,1209,360.0,465932,466743,467152,467985,811,409,833,2.313888888888889,465842,467242,467895,468075,0,0.0,False,False
5553,201_01210,201,1210,360.0,466743,467152,467985,468405,409,833,420,1.1666666666666667,466653,468075,468315,468495,0,0.0,False,False
5554,201_01211,201,1211,360.0,467152,467985,468405,469202,833,420,797,2.213888888888889,467062,468495,469112,469292,0,0.0,False,False
5555,201_01212,201,1212,360.0,467985,468405,469202,469600,420,797,398,1.1055555555555556,467895,469292,469510,469690,0,0.0,False,False
5556,201_01213,201,1213,360.0,468405,469202,469600,470428,797,398,828,2.3,468315,469690,470338,470518,0,0.0,False,False
5557,201_01214,201,1214,360.0,469202,469600,470428,470853,398,828,425,1.1805555555555556,469112,470518,470763,470943,0,0.0,False,False
5558,201_01215,201,1215,360.0,469600,470428,470853,471660,828,425,807,2.2416666666666667,469510,470943,471570,471750,0,0.0,False,False
5559,201_01216,201,1216,360.0,470428,470853,471660,472092,425,807,432,1.2,470338,471750,472002,472182,0,0.0,False,False
5560,201_01217,201,1217,360.0,470853,471660,472092,472950,807,432,858,2.3833333333333333,470763,472182,472860,473040,0,0.0,False,False
5561,201_01218,201,1218,360.0,471660,472092,472950,473365,432,858,415,1.1527777777777777,471570,473040,473275,473455,0,0.0,False,False
5562,201_01219,201,1219,360.0,472092,472950,473365,474195,858,415,830,2.3055555555555554,472002,473455,474105,474285,0,0.0,False,False
5563,201_01220,201,1220,360.0,472950,473365,474195,474627,415,830,432,1.2,472860,474285,474537,474717,0,0.0,False,False
5564,201_01221,201,1221,360.0,473365,474195,474627,475438,830,432,811,2.2527777777777778,473275,474717,475348,475528,0,0.0,False,False
5565,201_01222,201,1222,360.0,474195,474627,475438,475867,432,811,429,1.1916666666666667,474105,475528,475777,475957,0,0.0,False,False
5566,201_01223,201,1223,360.0,474627,475438,475867,476714,811,429,847,2.352777777777778,474537,475957,476624,476804,0,0.0,False,False
5567,201_01224,201,1224,360.0,475438,475867,476714,477136,429,847,422,1.1722222222222223,475348,476804,477046,477226,0,0.0,False,False
5568,201_01225,201,1225,360.0,475867,476714,477136,477922,847,422,786,2.183333333333333,475777,477226,477832,478012,0,0.0,False,False
5569,201_01226,201,1226,360.0,476714,477136,477922,478354,422,786,432,1.2,476624,478012,478264,478444,0,0.0,False,False
5570,201_01227,201,1227,360.0,477136,477922,478354,479167,786,432,813,2.2583333333333333,477046,478444,479077,479257,0,0.0,False,False
5571,201_01228,201,1228,360.0,477922,478354,479167,479595,432,813,428,1.1888888888888889,477832,479257,479505,479685,0,0.0,False,False
5572,201_01229,201,1229,360.0,478354,479167,479595,480401,813,428,806,2.238888888888889,478264,479685,480311,480491,0,0.0,False,False
5573,201_01230,201,1230,360.0,479167,479595,480401,480826,428,806,425,1.1805555555555556,479077,480491,480736,480916,0,0.0,False,False
5574,201_01231,201,1231,360.0,479595,480401,480826,481689,806,425,863,2.397222222222222,479505,480916,481599,481779,0,0.0,False,False
5575,201_01232,201,1232,360.0,480401,480826,481689,482103,425,863,414,1.15,480311,481779,482013,482193,0,0.0,False,False
5576,201_01233,201,1233,360.0,480826,481689,482103,482976,863,414,873,2.425,480736,482193,482886,483066,0,0.0,False,False
5577,201_01234,201,1234,360.0,481689,482103,482976,483403,414,873,427,1.1861111111111111,481599,483066,483313,483493,0,0.0,False,False
5578,201_01235,201,1235,360.0,482103,482976,483403,484198,873,427,795,2.2083333333333335,482013,483493,484108,484288,0,0.0,False,False
5579,201_01236,201,1236,360.0,482976,483403,484198,484620,427,795,422,1.1722222222222223,482886,484288,484530,484710,0,0.0,False,False
5580,201_01237,201,1237,360.0,483403,484198,484620,485490,795,422,870,2.4166666666666665,483313,484710,485400,485580,0,0.0,False,False
5581,201_01238,201,1238,360.0,484198,484620,485490,485887,422,870,397,1.1027777777777779,484108,485580,485797,485977,0,0.0,False,False
5582,201_01239,201,1239,360.0,484620,485490,485887,486689,870,397,802,2.227777777777778,484530,485977,486599,486779,0,0.0,False,False
5583,201_01240,201,1240,360.0,485490,485887,486689,487118,397,802,429,1.1916666666666667,485400,486779,487028,487208,0,0.0,False,False
5584,201_01241,201,1241,360.0,485887,486689,487118,487965,802,429,847,2.352777777777778,485797,487208,487875,488055,0,0.0,False,False
5585,201_01242,201,1242,360.0,486689,487118,487965,488365,429,847,400,1.1111111111111112,486599,488055,488275,488455,0,0.0,False,False
5586,201_01243,201,1243,360.0,487118,487965,488365,489202,847,400,837,2.325,487028,488455,489112,489292,0,0.0,False,False
5587,201_01244,201,1244,360.0,487965,488365,489202,489656,400,837,454,1.261111111111111,487875,489292,489566,489746,0,0.0,False,False
5588,201_01245,201,1245,360.0,488365,489202,489656,490461,837,454,805,2.236111111111111,488275,489746,490371,490551,0,0.0,False,False
5589,201_01246,201,1246,360.0,489202,489656,490461,490878,454,805,417,1.1583333333333334,489112,490551,490788,490968,0,0.0,False,False
5590,201_01247,201,1247,360.0,489656,490461,490878,491706,805,417,828,2.3,489566,490968,491616,491796,0,0.0,False,False
5591,201_01248,201,1248,360.0,490461,490878,491706,492124,417,828,418,1.1611111111111112,490371,491796,492034,492214,0,0.0,False,False
5592,201_01249,201,1249,360.0,490878,491706,492124,492921,828,418,797,2.213888888888889,490788,492214,492831,493011,0,0.0,False,False
5593,201_01250,201,1250,360.0,491706,492124,492921,493374,418,797,453,1.2583333333333333,491616,493011,493284,493464,0,0.0,False,False
5594,201_01251,201,1251,360.0,492124,492921,493374,493856,797,453,482,1.3388888888888888,492034,493464,493766,493946,0,0.0,False,False
5595,201_01252,201,1252,360.0,492921,493374,493856,494285,453,482,429,1.1916666666666667,492831,493946,494195,494375,0,0.0,False,False
5596,201_01253,201,1253,360.0,493374,493856,494285,494706,482,429,421,1.1694444444444445,493284,494375,494616,494796,0,0.0,False,False
5597,201_01254,201,1254,360.0,493856,494285,494706,495133,429,421,427,1.1861111111111111,493766,494796,495043,495223,0,0.0,False,False
5598,201_01255,201,1255,360.0,494285,494706,495133,495555,421,427,422,1.1722222222222223,494195,495223,495465,495645,0,0.0,False,False
5599,201_01256,201,1256,360.0,494706,495133,495555,496016,427,422,461,1.2805555555555554,494616,495645,495926,496106,0,0.0,False,False
5600,201_01257,201,1257,360.0,495133,495555,496016,496451,422,461,435,1.2083333333333333,495043,496106,496361,496541,0,0.0,False,False
5601,201_01258,201,1258,360.0,495555,496016,496451,496859,461,435,408,1.1333333333333333,495465,496541,496769,496949,0,0.0,False,False
5602,201_01259,201,1259,360.0,496016,496451,496859,497264,435,408,405,1.125,495926,496949,497174,497354,0,0.0,False,False
5603,201_01260,201,1260,360.0,496451,496859,497264,497709,408,405,445,1.2361111111111112,496361,497354,497619,497799,0,0.0,False,False
5604,201_01261,201,1261,360.0,496859,497264,497709,498141,405,445,432,1.2,496769,497799,498051,498231,0,0.0,False,False
5605,201_01262,201,1262,360.0,497264,497709,498141,498584,445,432,443,1.2305555555555556,497174,498231,498494,498674,0,0.0,False,False
5606,201_01263,201,1263,360.0,497709,498141,498584,499000,432,443,416,1.1555555555555554,497619,498674,498910,499090,0,0.0,False,False
5607,201_01264,201,1264,360.0,498141,498584,499000,499410,443,416,410,1.1388888888888888,498051,499090,499320,499500,0,0.0,False,False
5608,201_01265,201,1265,360.0,498584,499000,499410,499826,416,410,416,1.1555555555555554,498494,499500,499736,499916,0,0.0,False,False
5609,201_01266,201,1266,360.0,499000,499410,499826,500283,410,416,457,1.2694444444444444,498910,499916,500193,500373,0,0.0,False,False
5610,201_01267,201,1267,360.0,499410,499826,500283,500724,416,457,441,1.225,499320,500373,500634,500814,0,0.0,False,False
5611,201_01268,201,1268,360.0,499826,500283,500724,501149,457,441,425,1.1805555555555556,499736,500814,501059,501239,0,0.0,False,False
5612,201_01269,201,1269,360.0,500283,500724,501149,501572,441,425,423,1.175,500193,501239,501482,501662,0,0.0,False,False
5613,201_01270,201,1270,360.0,500724,501149,501572,502006,425,423,434,1.2055555555555555,500634,501662,501916,502096,0,0.0,False,False
5614,201_01271,201,1271,360.0,501149,501572,502006,502449,423,434,443,1.2305555555555556,501059,502096,502359,502539,0,0.0,False,False
5615,201_01272,201,1272,360.0,501572,502006,502449,502887,434,443,438,1.2166666666666666,501482,502539,502797,502977,0,0.0,False,False
5616,201_01273,201,1273,360.0,502006,502449,502887,503304,443,438,417,1.1583333333333334,501916,502977,503214,503394,0,0.0,False,False
5617,201_01274,201,1274,360.0,502449,502887,503304,503708,438,417,404,1.1222222222222222,502359,503394,503618,503798,0,0.0,False,False
5618,201_01275,201,1275,360.0,502887,503304,503708,504144,417,404,436,1.211111111111111,502797,503798,504054,504234,0,0.0,False,False
5619,201_01276,201,1276,360.0,503304,503708,504144,504594,404,436,450,1.25,503214,504234,504504,504684,0,0.0,False,False
5620,201_01277,201,1277,360.0,503708,504144,504594,505021,436,450,427,1.1861111111111111,503618,504684,504931,505111,0,0.0,False,False
5621,201_01278,201,1278,360.0,504144,504594,505021,505434,450,427,413,1.1472222222222221,504054,505111,505344,505524,0,0.0,False,False
5622,201_01279,201,1279,360.0,504594,505021,505434,505841,427,413,407,1.1305555555555555,504504,505524,505751,505931,0,0.0,False,False
5623,201_01280,201,1280,360.0,505021,505434,505841,506255,413,407,414,1.15,504931,505931,506165,506345,0,0.0,False,False
5624,201_01281,201,1281,360.0,505434,505841,506255,506695,407,414,440,1.2222222222222223,505344,506345,506605,506785,0,0.0,False,False
5625,201_01282,201,1282,360.0,505841,506255,506695,507144,414,440,449,1.2472222222222222,505751,506785,507054,507234,0,0.0,False,False
5626,201_01283,201,1283,360.0,506255,506695,507144,507555,440,449,411,1.1416666666666666,506165,507234,507465,507645,0,0.0,False,False
5627,201_01284,201,1284,360.0,506695,507144,507555,508376,449,411,821,2.2805555555555554,506605,507645,508286,508466,0,0.0,False,False
5628,201_01285,201,1285,360.0,507144,507555,508376,508790,411,821,414,1.15,507054,508466,508700,508880,0,0.0,False,False
5629,201_01286,201,1286,360.0,507555,508376,508790,509229,821,414,439,1.2194444444444446,507465,508880,509139,509319,0,0.0,False,False
5630,201_01287,201,1287,360.0,508376,508790,509229,509651,414,439,422,1.1722222222222223,508286,509319,509561,509741,0,0.0,False,False
5631,201_01288,201,1288,360.0,508790,509229,509651,510061,439,422,410,1.1388888888888888,508700,509741,509971,510151,0,0.0,False,False
5632,201_01289,201,1289,360.0,509229,509651,510061,510914,422,410,853,2.3694444444444445,509139,510151,510824,511004,0,0.0,False,False
5633,201_01290,201,1290,360.0,509651,510061,510914,511356,410,853,442,1.2277777777777779,509561,511004,511266,511446,0,0.0,False,False
5634,201_01291,201,1291,360.0,510061,510914,511356,511766,853,442,410,1.1388888888888888,509971,511446,511676,511856,0,0.0,False,False
5635,201_01292,201,1292,360.0,510914,511356,511766,512171,442,410,405,1.125,510824,511856,512081,512261,0,0.0,False,False
5636,201_01293,201,1293,360.0,511356,511766,512171,512581,410,405,410,1.1388888888888888,511266,512261,512491,512671,0,0.0,False,False
5637,201_01294,201,1294,360.0,511766,512171,512581,512999,405,410,418,1.1611111111111112,511676,512671,512909,513089,0,0.0,False,False
5638,201_01295,201,1295,360.0,512171,512581,512999,513433,410,418,434,1.2055555555555555,512081,513089,513343,513523,0,0.0,False,False
5639,201_01296,201,1296,360.0,512581,512999,513433,513844,418,434,411,1.1416666666666666,512491,513523,513754,513934,0,0.0,False,False
5640,201_01297,201,1297,360.0,512999,513433,513844,514238,434,411,394,1.0944444444444446,512909,513934,514148,514328,0,0.0,False,False
5641,201_01298,201,1298,360.0,513433,513844,514238,514629,411,394,391,1.086111111111111,513343,514328,514539,514719,0,0.0,False,False
5642,201_01299,201,1299,360.0,513844,514238,514629,515061,394,391,432,1.2,513754,514719,514971,515151,0,0.0,False,False
5643,201_01300,201,1300,360.0,514238,514629,515061,515500,391,432,439,1.2194444444444446,514148,515151,515410,515590,0,0.0,False,False
5644,201_01301,201,1301,360.0,514629,515061,515500,515914,432,439,414,1.15,514539,515590,515824,516004,0,0.0,False,False
5645,201_01302,201,1302,360.0,515061,515500,515914,516325,439,414,411,1.1416666666666666,514971,516004,516235,516415,0,0.0,False,False
5646,201_01303,201,1303,360.0,515500,515914,516325,516740,414,411,415,1.1527777777777777,515410,516415,516650,516830,0,0.0,False,False
5647,201_01304,201,1304,360.0,515914,516325,516740,517166,411,415,426,1.1833333333333333,515824,516830,517076,517256,0,0.0,False,False
5648,201_01305,201,1305,360.0,516325,516740,517166,517613,415,426,447,1.2416666666666667,516235,517256,517523,517703,0,0.0,False,False
5649,201_01306,201,1306,360.0,516740,517166,517613,518049,426,447,436,1.211111111111111,516650,517703,517959,518139,0,0.0,False,False
5650,201_01307,201,1307,360.0,517166,517613,518049,518447,447,436,398,1.1055555555555556,517076,518139,518357,518537,0,0.0,False,False
5651,201_01308,201,1308,360.0,517613,518049,518447,518854,436,398,407,1.1305555555555555,517523,518537,518764,518944,0,0.0,False,False
5652,201_01309,201,1309,360.0,518049,518447,518854,519268,398,407,414,1.15,517959,518944,519178,519358,0,0.0,False,False
5653,201_01310,201,1310,360.0,518447,518854,519268,519715,407,414,447,1.2416666666666667,518357,519358,519625,519805,0,0.0,False,False
5654,201_01311,201,1311,360.0,518854,519268,519715,520105,414,447,390,1.0833333333333333,518764,519805,520015,520195,0,0.0,False,False
5655,201_01312,201,1312,360.0,519268,519715,520105,520534,447,390,429,1.1916666666666667,519178,520195,520444,520624,0,0.0,False,False
5656,201_01313,201,1313,360.0,519715,520105,520534,520916,390,429,382,1.0611111111111111,519625,520624,520826,521006,0,0.0,False,False
5657,201_01314,201,1314,360.0,520105,520534,520916,521333,429,382,417,1.1583333333333334,520015,521006,521243,521423,0,0.0,False,False
5658,201_01315,201,1315,360.0,520534,520916,521333,521767,382,417,434,1.2055555555555555,520444,521423,521677,521857,0,0.0,False,False
5659,201_01316,201,1316,360.0,520916,521333,521767,522424,417,434,657,1.825,520826,521857,522334,522514,0,0.0,False,False
5660,201_01317,201,1317,360.0,521333,521767,522424,522564,434,657,140,0.3888888888888889,521243,522514,522474,522654,40,0.2222222222222222,True,False
5661,201_01318,201,1318,360.0,521767,522424,522564,522927,657,140,363,1.0083333333333333,521677,522654,522837,523017,0,0.0,False,False
5662,201_01319,201,1319,360.0,522424,522564,522927,523354,140,363,427,1.1861111111111111,522334,523017,523264,523444,0,0.0,False,False
5663,201_01320,201,1320,360.0,522564,522927,523354,523554,363,427,200,0.5555555555555556,522474,523444,523464,523644,0,0.0,False,False
5664,201_01321,201,1321,360.0,522927,523354,523554,524043,427,200,489,1.3583333333333334,522837,523644,523953,524133,0,0.0,False,False
5665,201_01322,201,1322,360.0,523354,523554,524043,524465,200,489,422,1.1722222222222223,523264,524133,524375,524555,0,0.0,False,False
5666,201_01323,201,1323,360.0,523554,524043,524465,524641,489,422,176,0.4888888888888889,523464,524555,524551,524731,4,0.022222222222222223,True,False
5667,201_01324,201,1324,360.0,524043,524465,524641,524774,422,176,133,0.36944444444444446,523953,524731,524684,524864,47,0.2611111111111111,True,False
5668,201_01325,201,1325,360.0,524465,524641,524774,525129,176,133,355,0.9861111111111112,524375,524864,525039,525219,0,0.0,False,False
5669,201_01326,201,1326,360.0,524641,524774,525129,525533,133,355,404,1.1222222222222222,524551,525219,525443,525623,0,0.0,False,False
5670,201_01327,201,1327,360.0,524774,525129,525533,526408,355,404,875,2.4305555555555554,524684,525623,526318,526498,0,0.0,False,False
5671,201_01328,201,1328,360.0,525129,525533,526408,526587,404,875,179,0.49722222222222223,525039,526498,526497,526677,1,0.005555555555555556,True,False
5672,201_01329,201,1329,360.0,525533,526408,526587,527103,875,179,516,1.4333333333333333,525443,526677,527013,527193,0,0.0,False,False
5673,201_01330,201,1330,360.0,526408,526587,527103,527310,179,516,207,0.575,526318,527193,527220,527400,0,0.0,False,False
5674,201_01331,201,1331,360.0,526587,527103,527310,527806,516,207,496,1.3777777777777778,526497,527400,527716,527896,0,0.0,False,False
5675,201_01332,201,1332,360.0,527103,527310,527806,528550,207,496,744,2.066666666666667,527013,527896,528460,528640,0,0.0,False,False
5676,201_01333,201,1333,360.0,527310,527806,528550,528739,496,744,189,0.525,527220,528640,528649,528829,0,0.0,False,False
5677,201_01334,201,1334,360.0,527806,528550,528739,529258,744,189,519,1.4416666666666667,527716,528829,529168,529348,0,0.0,False,False
5678,201_01335,201,1335,360.0,528550,528739,529258,529460,189,519,202,0.5611111111111111,528460,529348,529370,529550,0,0.0,False,False
5679,201_01336,201,1336,360.0,528739,529258,529460,529955,519,202,495,1.375,528649,529550,529865,530045,0,0.0,False,False
5680,201_01337,201,1337,360.0,529258,529460,529955,530695,202,495,740,2.0555555555555554,529168,530045,530605,530785,0,0.0,False,False
5681,201_01338,201,1338,360.0,529460,529955,530695,530879,495,740,184,0.5111111111111111,529370,530785,530789,530969,0,0.0,False,False
5682,201_01339,201,1339,360.0,529955,530695,530879,531413,740,184,534,1.4833333333333334,529865,530969,531323,531503,0,0.0,False,False
5683,201_01340,201,1340,360.0,530695,530879,531413,531611,184,534,198,0.55,530605,531503,531521,531701,0,0.0,False,False
5684,201_01341,201,1341,360.0,530879,531413,531611,532105,534,198,494,1.3722222222222222,530789,531701,532015,532195,0,0.0,False,False
5685,201_01342,201,1342,360.0,531413,531611,532105,532320,198,494,215,0.5972222222222222,531323,532195,532230,532410,0,0.0,False,False
5686,201_01343,201,1343,360.0,531611,532105,532320,532855,494,215,535,1.4861111111111112,531521,532410,532765,532945,0,0.0,False,False
5687,201_01344,201,1344,360.0,532105,532320,532855,533554,215,535,699,1.9416666666666667,532015,532945,533464,533644,0,0.0,False,False
5688,201_01345,201,1345,360.0,532320,532855,533554,533729,535,699,175,0.4861111111111111,532230,533644,533639,533819,5,0.027777777777777776,True,False
5689,201_01346,201,1346,360.0,532855,533554,533729,534242,699,175,513,1.425,532765,533819,534152,534332,0,0.0,False,False
5690,201_01347,201,1347,360.0,533554,533729,534242,534443,175,513,201,0.5583333333333333,533464,534332,534353,534533,0,0.0,False,False
5691,201_01348,201,1348,360.0,533729,534242,534443,534980,513,201,537,1.4916666666666667,533639,534533,534890,535070,0,0.0,False,False
5692,201_01349,201,1349,360.0,534242,534443,534980,535176,201,537,196,0.5444444444444444,534152,535070,535086,535266,0,0.0,False,False
5693,201_01350,201,1350,360.0,534443,534980,535176,535314,537,196,138,0.38333333333333336,534353,535266,535224,535404,42,0.23333333333333334,True,False
5694,201_01351,201,1351,360.0,534980,535176,535314,535690,196,138,376,1.0444444444444445,534890,535404,535600,535780,0,0.0,False,False
5695,201_01352,201,1352,360.0,535176,535314,535690,535879,138,376,189,0.525,535086,535780,535789,535969,0,0.0,False,False
5696,201_01353,201,1353,360.0,535314,535690,535879,536375,376,189,496,1.3777777777777778,535224,535969,536285,536465,0,0.0,False,False
5697,201_01354,201,1354,360.0,535690,535879,536375,537134,189,496,759,2.1083333333333334,535600,536465,537044,537224,0,0.0,False,False
5698,201_01355,201,1355,360.0,535879,536375,537134,537313,496,759,179,0.49722222222222223,535789,537224,537223,537403,1,0.005555555555555556,True,False
5699,201_01356,201,1356,360.0,536375,537134,537313,537840,759,179,527,1.4638888888888888,536285,537403,537750,537930,0,0.0,False,False
5700,201_01357,201,1357,360.0,537134,537313,537840,538025,179,527,185,0.5138888888888888,537044,537930,537935,538115,0,0.0,False,False
5701,201_01358,201,1358,360.0,537313,537840,538025,538146,527,185,121,0.33611111111111114,537223,538115,538056,538236,59,0.3277777777777778,True,False
5702,201_01359,201,1359,360.0,537840,538025,538146,538538,185,121,392,1.0888888888888888,537750,538236,538448,538628,0,0.0,False,False
5703,201_01360,201,1360,360.0,538025,538146,538538,538728,121,392,190,0.5277777777777778,537935,538628,538638,538818,0,0.0,False,False
5704,201_01361,201,1361,360.0,538146,538538,538728,539283,392,190,555,1.5416666666666667,538056,538818,539193,539373,0,0.0,False,False
5705,201_01362,201,1362,360.0,538538,538728,539283,540001,190,555,718,1.9944444444444445,538448,539373,539911,540091,0,0.0,False,False
5706,201_01363,201,1363,360.0,538728,539283,540001,540174,555,718,173,0.48055555555555557,538638,540091,540084,540264,7,0.03888888888888889,True,False
5707,201_01364,201,1364,360.0,539283,540001,540174,540692,718,173,518,1.4388888888888889,539193,540264,540602,540782,0,0.0,False,False
5708,201_01365,201,1365,360.0,540001,540174,540692,540903,173,518,211,0.5861111111111111,539911,540782,540813,540993,0,0.0,False,False
5709,201_01366,201,1366,360.0,540174,540692,540903,541445,518,211,542,1.5055555555555555,540084,540993,541355,541535,0,0.0,False,False
5710,201_01367,201,1367,360.0,540692,540903,541445,541629,211,542,184,0.5111111111111111,540602,541535,541539,541719,0,0.0,False,False
5711,201_01368,201,1368,360.0,540903,541445,541629,541865,542,184,236,0.6555555555555556,540813,541719,541775,541955,0,0.0,False,False
5712,201_01369,201,1369,360.0,541445,541629,541865,542230,184,236,365,1.0138888888888888,541355,541955,542140,542320,0,0.0,False,False
5713,201_01370,201,1370,360.0,541629,541865,542230,542396,236,365,166,0.46111111111111114,541539,542320,542306,542486,14,0.07777777777777778,True,False
5714,201_01371,201,1371,360.0,541865,542230,542396,542921,365,166,525,1.4583333333333333,541775,542486,542831,543011,0,0.0,False,False
5715,201_01372,201,1372,360.0,542230,542396,542921,543144,166,525,223,0.6194444444444445,542140,543011,543054,543234,0,0.0,False,False
5716,201_01373,201,1373,360.0,542396,542921,543144,543693,525,223,549,1.525,542306,543234,543603,543783,0,0.0,False,False
5717,201_01374,201,1374,360.0,542921,543144,543693,544401,223,549,708,1.9666666666666666,542831,543783,544311,544491,0,0.0,False,False
5718,201_01375,201,1375,360.0,543144,543693,544401,544575,549,708,174,0.48333333333333334,543054,544491,544485,544665,6,0.03333333333333333,True,False
5719,201_01376,201,1376,360.0,543693,544401,544575,545132,708,174,557,1.5472222222222223,543603,544665,545042,545222,0,0.0,False,False
5720,201_01377,201,1377,360.0,544401,544575,545132,545324,174,557,192,0.5333333333333333,544311,545222,545234,545414,0,0.0,False,False
5721,201_01378,201,1378,360.0,544575,545132,545324,545889,557,192,565,1.5694444444444444,544485,545414,545799,545979,0,0.0,False,False
5722,201_01379,201,1379,360.0,545132,545324,545889,546098,192,565,209,0.5805555555555556,545042,545979,546008,546188,0,0.0,False,False
5723,201_01380,201,1380,360.0,545324,545889,546098,546601,565,209,503,1.3972222222222221,545234,546188,546511,546691,0,0.0,False,False
5724,201_01381,201,1381,360.0,545889,546098,546601,547295,209,503,694,1.9277777777777778,545799,546691,547205,547385,0,0.0,False,False
5725,201_01382,201,1382,360.0,546098,546601,547295,547485,503,694,190,0.5277777777777778,546008,547385,547395,547575,0,0.0,False,False
5726,201_01383,201,1383,360.0,546601,547295,547485,547639,694,190,154,0.42777777777777776,546511,547575,547549,547729,26,0.14444444444444443,True,False
5727,201_01384,201,1384,360.0,547295,547485,547639,548032,190,154,393,1.0916666666666666,547205,547729,547942,548122,0,0.0,False,False
5728,201_01385,201,1385,360.0,547485,547639,548032,548230,154,393,198,0.55,547395,548122,548140,548320,0,0.0,False,False
5729,201_01386,201,1386,360.0,547639,548032,548230,548354,393,198,124,0.34444444444444444,547549,548320,548264,548444,56,0.3111111111111111,True,False
5730,201_01387,201,1387,360.0,548032,548230,548354,548741,198,124,387,1.075,547942,548444,548651,548831,0,0.0,False,False
5731,201_01388,201,1388,360.0,548230,548354,548741,549053,124,387,312,0.8666666666666667,548140,548831,548963,549143,0,0.0,False,False
5732,201_01389,201,1389,360.0,548354,548741,549053,549478,387,312,425,1.1805555555555556,548264,549143,549388,549568,0,0.0,False,False
5733,201_01390,201,1390,360.0,548741,549053,549478,549690,312,425,212,0.5888888888888889,548651,549568,549600,549780,0,0.0,False,False
5734,201_01391,201,1391,360.0,549053,549478,549690,550263,425,212,573,1.5916666666666666,548963,549780,550173,550353,0,0.0,False,False
5735,201_01392,201,1392,360.0,549478,549690,550263,550972,212,573,709,1.9694444444444446,549388,550353,550882,551062,0,0.0,False,False
5736,201_01393,201,1393,360.0,549690,550263,550972,551140,573,709,168,0.4666666666666667,549600,551062,551050,551230,12,0.06666666666666667,True,False
5737,201_01394,201,1394,360.0,550263,550972,551140,551699,709,168,559,1.5527777777777778,550173,551230,551609,551789,0,0.0,False,False
5738,201_01395,201,1395,360.0,550972,551140,551699,552443,168,559,744,2.066666666666667,550882,551789,552353,552533,0,0.0,False,False
5739,201_01396,201,1396,360.0,551140,551699,552443,552618,559,744,175,0.4861111111111111,551050,552533,552528,552708,5,0.027777777777777776,True,False
5740,201_01397,201,1397,360.0,551699,552443,552618,553145,744,175,527,1.4638888888888888,551609,552708,553055,553235,0,0.0,False,False
5741,201_01398,201,1398,360.0,552443,552618,553145,553558,175,527,413,1.1472222222222221,552353,553235,553468,553648,0,0.0,False,False
5742,201_01399,201,1399,360.0,552618,553145,553558,553996,527,413,438,1.2166666666666666,552528,553648,553906,554086,0,0.0,False,False
5743,201_01400,201,1400,360.0,553145,553558,553996,554613,413,438,617,1.7138888888888888,553055,554086,554523,554703,0,0.0,False,False
5744,201_01401,201,1401,360.0,553558,553996,554613,555139,438,617,526,1.461111111111111,553468,554703,555049,555229,0,0.0,False,False
5745,201_01402,201,1402,360.0,553996,554613,555139,555842,617,526,703,1.9527777777777777,553906,555229,555752,555932,0,0.0,False,False
5746,201_01403,201,1403,360.0,554613,555139,555842,556029,526,703,187,0.5194444444444445,554523,555932,555939,556119,0,0.0,False,False
5747,201_01404,201,1404,360.0,555139,555842,556029,556577,703,187,548,1.5222222222222221,555049,556119,556487,556667,0,0.0,False,False
5748,201_01405,201,1405,360.0,555842,556029,556577,557278,187,548,701,1.9472222222222222,555752,556667,557188,557368,0,0.0,False,False
5749,201_01406,201,1406,360.0,556029,556577,557278,557457,548,701,179,0.49722222222222223,555939,557368,557367,557547,1,0.005555555555555556,True,False
5750,201_01407,201,1407,360.0,556577,557278,557457,557602,701,179,145,0.4027777777777778,556487,557547,557512,557692,35,0.19444444444444445,True,False
5751,201_01408,201,1408,360.0,557278,557457,557602,557941,179,145,339,0.9416666666666667,557188,557692,557851,558031,0,0.0,False,False
5752,201_01409,201,1409,360.0,557457,557602,557941,558269,145,339,328,0.9111111111111111,557367,558031,558179,558359,0,0.0,False,False
5753,201_01410,201,1410,360.0,557602,557941,558269,558643,339,328,374,1.038888888888889,557512,558359,558553,558733,0,0.0,False,False
5754,201_01411,201,1411,360.0,557941,558269,558643,558830,328,374,187,0.5194444444444445,557851,558733,558740,558920,0,0.0,False,False
5755,201_01412,201,1412,360.0,558269,558643,558830,558969,374,187,139,0.3861111111111111,558179,558920,558879,559059,41,0.22777777777777777,True,False
5756,201_01413,201,1413,360.0,558643,558830,558969,559322,187,139,353,0.9805555555555555,558553,559059,559232,559412,0,0.0,False,False
5757,201_01414,201,1414,360.0,558830,558969,559322,559499,139,353,177,0.49166666666666664,558740,559412,559409,559589,3,0.016666666666666666,True,False
5758,201_01415,201,1415,360.0,558969,559322,559499,559628,353,177,129,0.35833333333333334,558879,559589,559538,559718,51,0.2833333333333333,True,False
5759,201_01416,201,1416,360.0,559322,559499,559628,559989,177,129,361,1.0027777777777778,559232,559718,559899,560079,0,0.0,False,False
5760,201_01417,201,1417,360.0,559499,559628,559989,560175,129,361,186,0.5166666666666667,559409,560079,560085,560265,0,0.0,False,False
5761,201_01418,201,1418,360.0,559628,559989,560175,560709,361,186,534,1.4833333333333334,559538,560265,560619,560799,0,0.0,False,False
5762,201_01419,201,1419,360.0,559989,560175,560709,561433,186,534,724,2.011111111111111,559899,560799,561343,561523,0,0.0,False,False
5763,201_01420,201,1420,360.0,560175,560709,561433,561609,534,724,176,0.4888888888888889,560085,561523,561519,561699,4,0.022222222222222223,True,False
5764,201_01421,201,1421,360.0,560709,561433,561609,561735,724,176,126,0.35,560619,561699,561645,561825,54,0.3,True,False
5765,201_01422,201,1422,360.0,561433,561609,561735,562130,176,126,395,1.0972222222222223,561343,561825,562040,562220,0,0.0,False,False
5766,201_01423,201,1423,360.0,561609,561735,562130,562311,126,395,181,0.5027777777777778,561519,562220,562221,562401,0,0.0,False,False
5767,201_01424,201,1424,360.0,561735,562130,562311,562460,395,181,149,0.41388888888888886,561645,562401,562370,562550,31,0.17222222222222222,True,False
5768,201_01425,201,1425,360.0,562130,562311,562460,562923,181,149,463,1.2861111111111112,562040,562550,562833,563013,0,0.0,False,False
5769,201_01426,201,1426,360.0,562311,562460,562923,563378,149,463,455,1.2638888888888888,562221,563013,563288,563468,0,0.0,False,False
5770,201_01427,201,1427,360.0,562460,562923,563378,563573,463,455,195,0.5416666666666666,562370,563468,563483,563663,0,0.0,False,False
5771,201_01428,201,1428,360.0,562923,563378,563573,564081,455,195,508,1.4111111111111112,562833,563663,563991,564171,0,0.0,False,False
5772,201_01429,201,1429,360.0,563378,563573,564081,564262,195,508,181,0.5027777777777778,563288,564171,564172,564352,0,0.0,False,False
5773,201_01430,201,1430,360.0,563573,564081,564262,564805,508,181,543,1.5083333333333333,563483,564352,564715,564895,0,0.0,False,False
5774,201_01431,201,1431,360.0,564081,564262,564805,565732,181,543,927,2.575,563991,564895,565642,565822,0,0.0,False,False
5775,201_01432,201,1432,360.0,564262,564805,565732,566244,543,927,512,1.4222222222222223,564172,565822,566154,566334,0,0.0,False,False
5776,201_01433,201,1433,360.0,564805,565732,566244,566984,927,512,740,2.0555555555555554,564715,566334,566894,567074,0,0.0,False,False
5777,201_01434,201,1434,360.0,565732,566244,566984,567165,512,740,181,0.5027777777777778,565642,567074,567075,567255,0,0.0,False,False
5778,201_01435,201,1435,360.0,566244,566984,567165,567708,740,181,543,1.5083333333333333,566154,567255,567618,567798,0,0.0,False,False
5779,201_01436,201,1436,360.0,566984,567165,567708,568396,181,543,688,1.9111111111111112,566894,567798,568306,568486,0,0.0,False,False
5780,201_01437,201,1437,360.0,567165,567708,568396,569094,543,688,698,1.9388888888888889,567075,568486,569004,569184,0,0.0,False,False
5781,201_01438,201,1438,360.0,567708,568396,569094,569289,688,698,195,0.5416666666666666,567618,569184,569199,569379,0,0.0,False,False
5782,201_01439,201,1439,360.0,568396,569094,569289,569829,698,195,540,1.5,568306,569379,569739,569919,0,0.0,False,False
5783,201_01440,201,1440,360.0,569094,569289,569829,570493,195,540,664,1.8444444444444446,569004,569919,570403,570583,0,0.0,False,False
5784,201_01441,201,1441,360.0,569289,569829,570493,570676,540,664,183,0.5083333333333333,569199,570583,570586,570766,0,0.0,False,False
5785,201_01442,201,1442,360.0,569829,570493,570676,570815,664,183,139,0.3861111111111111,569739,570766,570725,570905,41,0.22777777777777777,True,False
5786,201_01443,201,1443,360.0,570493,570676,570815,571016,183,139,201,0.5583333333333333,570403,570905,570926,571106,0,0.0,False,False
5787,201_01444,201,1444,360.0,570676,570815,571016,571584,139,201,568,1.5777777777777777,570586,571106,571494,571674,0,0.0,False,False
5788,201_01445,201,1445,360.0,570815,571016,571584,571923,201,568,339,0.9416666666666667,570725,571674,571833,572013,0,0.0,False,False
5789,201_01446,201,1446,360.0,571016,571584,571923,572348,568,339,425,1.1805555555555556,570926,572013,572258,572438,0,0.0,False,False
5790,201_01447,201,1447,360.0,571584,571923,572348,572543,339,425,195,0.5416666666666666,571494,572438,572453,572633,0,0.0,False,False
5791,201_01448,201,1448,360.0,571923,572348,572543,573050,425,195,507,1.4083333333333334,571833,572633,572960,573140,0,0.0,False,False
5792,201_01449,201,1449,360.0,572348,572543,573050,573801,195,507,751,2.0861111111111112,572258,573140,573711,573891,0,0.0,False,False
5793,201_01450,201,1450,360.0,572543,573050,573801,573990,507,751,189,0.525,572453,573891,573900,574080,0,0.0,False,False
5794,201_01451,201,1451,360.0,573050,573801,573990,574487,751,189,497,1.3805555555555555,572960,574080,574397,574577,0,0.0,False,False
5795,201_01452,201,1452,360.0,573801,573990,574487,574802,189,497,315,0.875,573711,574577,574712,574892,0,0.0,False,False
5796,201_01453,201,1453,360.0,573990,574487,574802,574988,497,315,186,0.5166666666666667,573900,574892,574898,575078,0,0.0,False,False
5797,201_01454,201,1454,360.0,574487,574802,574988,575137,315,186,149,0.41388888888888886,574397,575078,575047,575227,31,0.17222222222222222,True,False
5798,201_01455,201,1455,360.0,574802,574988,575137,575349,186,149,212,0.5888888888888889,574712,575227,575259,575439,0,0.0,False,False
5799,201_01456,201,1456,360.0,574988,575137,575349,575525,149,212,176,0.4888888888888889,574898,575439,575435,575615,4,0.022222222222222223,True,False
5800,201_01457,201,1457,360.0,575137,575349,575525,575699,212,176,174,0.48333333333333334,575047,575615,575609,575789,6,0.03333333333333333,True,False
5801,201_01458,201,1458,360.0,575349,575525,575699,575857,176,174,158,0.4388888888888889,575259,575789,575767,575947,22,0.12222222222222222,True,False
5802,201_01459,201,1459,360.0,575525,575699,575857,576046,174,158,189,0.525,575435,575947,575956,576136,0,0.0,False,False
5803,201_01460,201,1460,360.0,575699,575857,576046,576336,158,189,290,0.8055555555555556,575609,576136,576246,576426,0,0.0,False,False
5804,201_01461,201,1461,360.0,575857,576046,576336,576541,189,290,205,0.5694444444444444,575767,576426,576451,576631,0,0.0,False,False
5805,201_01462,201,1462,360.0,576046,576336,576541,576694,290,205,153,0.425,575956,576631,576604,576784,27,0.15,True,False
5806,201_01463,201,1463,360.0,576336,576541,576694,576908,205,153,214,0.5944444444444444,576246,576784,576818,576998,0,0.0,False,False
5807,201_01464,201,1464,360.0,576541,576694,576908,577079,153,214,171,0.475,576451,576998,576989,577169,9,0.05,True,False
5808,201_01465,201,1465,360.0,576694,576908,577079,577278,214,171,199,0.5527777777777778,576604,577169,577188,577368,0,0.0,False,False
5809,201_01466,201,1466,360.0,576908,577079,577278,577571,171,199,293,0.8138888888888889,576818,577368,577481,577661,0,0.0,False,False
5810,201_01467,201,1467,360.0,577079,577278,577571,577868,199,293,297,0.825,576989,577661,577778,577958,0,0.0,False,False
5811,201_01468,201,1468,360.0,577278,577571,577868,578082,293,297,214,0.5944444444444444,577188,577958,577992,578172,0,0.0,False,False
5812,201_01469,201,1469,360.0,577571,577868,578082,578253,297,214,171,0.475,577481,578172,578163,578343,9,0.05,True,False
5813,201_01470,201,1470,360.0,577868,578082,578253,578454,214,171,201,0.5583333333333333,577778,578343,578364,578544,0,0.0,False,False
5814,201_01471,201,1471,360.0,578082,578253,578454,578697,171,201,243,0.675,577992,578544,578607,578787,0,0.0,False,False
5815,201_01472,201,1472,360.0,578253,578454,578697,578964,201,243,267,0.7416666666666667,578163,578787,578874,579054,0,0.0,False,False
5816,201_01473,201,1473,360.0,578454,578697,578964,579144,243,267,180,0.5,578364,579054,579054,579234,0,0.0,False,False
5817,201_01474,201,1474,360.0,578697,578964,579144,579400,267,180,256,0.7111111111111111,578607,579234,579310,579490,0,0.0,False,False
5818,201_01475,201,1475,360.0,578964,579144,579400,579635,180,256,235,0.6527777777777778,578874,579490,579545,579725,0,0.0,False,False
5819,201_01476,201,1476,360.0,579144,579400,579635,579959,256,235,324,0.9,579054,579725,579869,580049,0,0.0,False,False
5820,201_01477,201,1477,360.0,579400,579635,579959,580157,235,324,198,0.55,579310,580049,580067,580247,0,0.0,False,False
5821,201_01478,201,1478,360.0,579635,579959,580157,580368,324,198,211,0.5861111111111111,579545,580247,580278,580458,0,0.0,False,False
5822,201_01479,201,1479,360.0,579959,580157,580368,580545,198,211,177,0.49166666666666664,579869,580458,580455,580635,3,0.016666666666666666,True,False
5823,201_01480,201,1480,360.0,580157,580368,580545,580711,211,177,166,0.46111111111111114,580067,580635,580621,580801,14,0.07777777777777778,True,False
5824,201_01481,201,1481,360.0,580368,580545,580711,580944,177,166,233,0.6472222222222223,580278,580801,580854,581034,0,0.0,False,False
5825,201_01482,201,1482,360.0,580545,580711,580944,581160,166,233,216,0.6,580455,581034,581070,581250,0,0.0,False,False
5826,201_01483,201,1483,360.0,580711,580944,581160,581361,233,216,201,0.5583333333333333,580621,581250,581271,581451,0,0.0,False,False
5827,201_01484,201,1484,360.0,580944,581160,581361,581518,216,201,157,0.4361111111111111,580854,581451,581428,581608,23,0.12777777777777777,True,False
5828,201_01485,201,1485,360.0,581160,581361,581518,581659,201,157,141,0.39166666666666666,581070,581608,581569,581749,39,0.21666666666666667,True,False
5829,201_01486,201,1486,360.0,581361,581518,581659,581813,157,141,154,0.42777777777777776,581271,581749,581723,581903,26,0.14444444444444443,True,False
5830,201_01487,201,1487,360.0,581518,581659,581813,581965,141,154,152,0.4222222222222222,581428,581903,581875,582055,28,0.15555555555555556,True,False
5831,201_01488,201,1488,360.0,581659,581813,581965,582100,154,152,135,0.375,581569,582055,582010,582190,45,0.25,True,False
5832,201_01489,201,1489,360.0,581813,581965,582100,582249,152,135,149,0.41388888888888886,581723,582190,582159,582339,31,0.17222222222222222,True,False
5833,201_01490,201,1490,360.0,581965,582100,582249,582529,135,149,280,0.7777777777777778,581875,582339,582439,582619,0,0.0,False,False
5834,201_01491,201,1491,360.0,582100,582249,582529,582712,149,280,183,0.5083333333333333,582010,582619,582622,582802,0,0.0,False,False
5835,201_01492,201,1492,360.0,582249,582529,582712,583123,280,183,411,1.1416666666666666,582159,582802,583033,583213,0,0.0,False,False
5836,201_01493,201,1493,360.0,582529,582712,583123,583362,183,411,239,0.6638888888888889,582439,583213,583272,583452,0,0.0,False,False
5837,201_01494,201,1494,360.0,582712,583123,583362,583555,411,239,193,0.5361111111111111,582622,583452,583465,583645,0,0.0,False,False
5838,201_01495,201,1495,360.0,583123,583362,583555,583736,239,193,181,0.5027777777777778,583033,583645,583646,583826,0,0.0,False,False
5839,201_01496,201,1496,360.0,583362,583555,583736,583915,193,181,179,0.49722222222222223,583272,583826,583825,584005,1,0.005555555555555556,True,False
5840,201_01497,201,1497,360.0,583555,583736,583915,584224,181,179,309,0.8583333333333333,583465,584005,584134,584314,0,0.0,False,False
5841,201_01498,201,1498,360.0,583736,583915,584224,584458,179,309,234,0.65,583646,584314,584368,584548,0,0.0,False,False
5842,201_01499,201,1499,360.0,583915,584224,584458,584719,309,234,261,0.725,583825,584548,584629,584809,0,0.0,False,False
5843,201_01500,201,1500,360.0,584224,584458,584719,584970,234,261,251,0.6972222222222222,584134,584809,584880,585060,0,0.0,False,False
5844,201_01501,201,1501,360.0,584458,584719,584970,585211,261,251,241,0.6694444444444444,584368,585060,585121,585301,0,0.0,False,False
5845,201_01502,201,1502,360.0,584719,584970,585211,585514,251,241,303,0.8416666666666667,584629,585301,585424,585604,0,0.0,False,False
5846,201_01503,201,1503,360.0,584970,585211,585514,585694,241,303,180,0.5,584880,585604,585604,585784,0,0.0,False,False
5847,201_01504,201,1504,360.0,585211,585514,585694,585869,303,180,175,0.4861111111111111,585121,585784,585779,585959,5,0.027777777777777776,True,False
5848,201_01505,201,1505,360.0,585514,585694,585869,586295,180,175,426,1.1833333333333333,585424,585959,586205,586385,0,0.0,False,False
5849,201_01506,201,1506,360.0,585694,585869,586295,586576,175,426,281,0.7805555555555556,585604,586385,586486,586666,0,0.0,False,False
5850,201_01507,201,1507,360.0,585869,586295,586576,586838,426,281,262,0.7277777777777777,585779,586666,586748,586928,0,0.0,False,False
5851,201_01508,201,1508,360.0,586295,586576,586838,587075,281,262,237,0.6583333333333333,586205,586928,586985,587165,0,0.0,False,False
5852,201_01509,201,1509,360.0,586576,586838,587075,587360,262,237,285,0.7916666666666666,586486,587165,587270,587450,0,0.0,False,False
5853,201_01510,201,1510,360.0,586838,587075,587360,587517,237,285,157,0.4361111111111111,586748,587450,587427,587607,23,0.12777777777777777,True,False
5854,201_01511,201,1511,360.0,587075,587360,587517,587651,285,157,134,0.37222222222222223,586985,587607,587561,587741,46,0.25555555555555554,True,False
5855,201_01512,201,1512,360.0,587360,587517,587651,587827,157,134,176,0.4888888888888889,587270,587741,587737,587917,4,0.022222222222222223,True,False
5856,201_01513,201,1513,360.0,587517,587651,587827,588036,134,176,209,0.5805555555555556,587427,587917,587946,588126,0,0.0,False,False
5857,201_01514,201,1514,360.0,587651,587827,588036,588295,176,209,259,0.7194444444444444,587561,588126,588205,588385,0,0.0,False,False
5858,201_01515,201,1515,360.0,587827,588036,588295,588534,209,259,239,0.6638888888888889,587737,588385,588444,588624,0,0.0,False,False
5859,201_01516,201,1516,360.0,588036,588295,588534,588798,259,239,264,0.7333333333333333,587946,588624,588708,588888,0,0.0,False,False
5860,201_01517,201,1517,360.0,588295,588534,588798,589008,239,264,210,0.5833333333333334,588205,588888,588918,589098,0,0.0,False,False
5861,201_01518,201,1518,360.0,588534,588798,589008,589283,264,210,275,0.7638888888888888,588444,589098,589193,589373,0,0.0,False,False
5862,201_01519,201,1519,360.0,588798,589008,589283,589478,210,275,195,0.5416666666666666,588708,589373,589388,589568,0,0.0,False,False
5863,201_01520,201,1520,360.0,589008,589283,589478,589814,275,195,336,0.9333333333333333,588918,589568,589724,589904,0,0.0,False,False
5864,201_01521,201,1521,360.0,589283,589478,589814,590000,195,336,186,0.5166666666666667,589193,589904,589910,590090,0,0.0,False,False
5865,201_01522,201,1522,360.0,589478,589814,590000,590253,336,186,253,0.7027777777777777,589388,590090,590163,590343,0,0.0,False,False
5866,201_01523,201,1523,360.0,589814,590000,590253,590522,186,253,269,0.7472222222222222,589724,590343,590432,590612,0,0.0,False,False
5867,201_01524,201,1524,360.0,590000,590253,590522,590773,253,269,251,0.6972222222222222,589910,590612,590683,590863,0,0.0,False,False
5868,201_01525,201,1525,360.0,590253,590522,590773,590995,269,251,222,0.6166666666666667,590163,590863,590905,591085,0,0.0,False,False
5869,201_01526,201,1526,360.0,590522,590773,590995,591260,251,222,265,0.7361111111111112,590432,591085,591170,591350,0,0.0,False,False
5870,201_01527,201,1527,360.0,590773,590995,591260,591425,222,265,165,0.4583333333333333,590683,591350,591335,591515,15,0.08333333333333333,True,False
5871,201_01528,201,1528,360.0,590995,591260,591425,591623,265,165,198,0.55,590905,591515,591533,591713,0,0.0,False,False
5872,201_01529,201,1529,360.0,591260,591425,591623,591919,165,198,296,0.8222222222222222,591170,591713,591829,592009,0,0.0,False,False
5873,201_01530,201,1530,360.0,591425,591623,591919,592144,198,296,225,0.625,591335,592009,592054,592234,0,0.0,False,False
5874,201_01531,201,1531,360.0,591623,591919,592144,592367,296,225,223,0.6194444444444445,591533,592234,592277,592457,0,0.0,False,False
5875,201_01532,201,1532,360.0,591919,592144,592367,592654,225,223,287,0.7972222222222223,591829,592457,592564,592744,0,0.0,False,False
5876,201_01533,201,1533,360.0,592144,592367,592654,592921,223,287,267,0.7416666666666667,592054,592744,592831,593011,0,0.0,False,False
5877,201_01534,201,1534,360.0,592367,592654,592921,593238,287,267,317,0.8805555555555555,592277,593011,593148,593328,0,0.0,False,False
5878,201_01535,201,1535,360.0,592654,592921,593238,593399,267,317,161,0.44722222222222224,592564,593328,593309,593489,19,0.10555555555555556,True,False
5879,201_01536,201,1536,360.0,592921,593238,593399,593683,317,161,284,0.7888888888888889,592831,593489,593593,593773,0,0.0,False,False
5880,201_01537,201,1537,360.0,593238,593399,593683,593947,161,284,264,0.7333333333333333,593148,593773,593857,594037,0,0.0,False,False
5881,201_01538,201,1538,360.0,593399,593683,593947,594162,284,264,215,0.5972222222222222,593309,594037,594072,594252,0,0.0,False,False
5882,201_01539,201,1539,360.0,593683,593947,594162,594421,264,215,259,0.7194444444444444,593593,594252,594331,594511,0,0.0,False,False
5883,201_01540,201,1540,360.0,593947,594162,594421,594585,215,259,164,0.45555555555555555,593857,594511,594495,594675,16,0.08888888888888889,True,False
5884,201_01541,201,1541,360.0,594162,594421,594585,594847,259,164,262,0.7277777777777777,594072,594675,594757,594937,0,0.0,False,False
5885,201_01542,201,1542,360.0,594421,594585,594847,595092,164,262,245,0.6805555555555556,594331,594937,595002,595182,0,0.0,False,False
5886,201_01543,201,1543,360.0,594585,594847,595092,595351,262,245,259,0.7194444444444444,594495,595182,595261,595441,0,0.0,False,False
5887,201_01544,201,1544,360.0,594847,595092,595351,595565,245,259,214,0.5944444444444444,594757,595441,595475,595655,0,0.0,False,False
5888,201_01545,201,1545,360.0,595092,595351,595565,595853,259,214,288,0.8,595002,595655,595763,595943,0,0.0,False,False
5889,201_01546,201,1546,360.0,595351,595565,595853,596034,214,288,181,0.5027777777777778,595261,595943,595944,596124,0,0.0,False,False
5890,201_01547,201,1547,360.0,595565,595853,596034,596348,288,181,314,0.8722222222222222,595475,596124,596258,596438,0,0.0,False,False
5891,201_01548,201,1548,360.0,595853,596034,596348,596563,181,314,215,0.5972222222222222,595763,596438,596473,596653,0,0.0,False,False
5892,201_01549,201,1549,360.0,596034,596348,596563,596851,314,215,288,0.8,595944,596653,596761,596941,0,0.0,False,False
5893,201_01550,201,1550,360.0,596348,596563,596851,597068,215,288,217,0.6027777777777777,596258,596941,596978,597158,0,0.0,False,False
5894,201_01551,201,1551,360.0,596563,596851,597068,597326,288,217,258,0.7166666666666667,596473,597158,597236,597416,0,0.0,False,False
5895,201_01552,201,1552,360.0,596851,597068,597326,597581,217,258,255,0.7083333333333334,596761,597416,597491,597671,0,0.0,False,False
5896,201_01553,201,1553,360.0,597068,597326,597581,597822,258,255,241,0.6694444444444444,596978,597671,597732,597912,0,0.0,False,False
5897,201_01554,201,1554,360.0,597326,597581,597822,598018,255,241,196,0.5444444444444444,597236,597912,597928,598108,0,0.0,False,False
5898,201_01555,201,1555,360.0,597581,597822,598018,598240,241,196,222,0.6166666666666667,597491,598108,598150,598330,0,0.0,False,False
5899,201_01556,201,1556,360.0,597822,598018,598240,598456,196,222,216,0.6,597732,598330,598366,598546,0,0.0,False,False
5900,201_01557,201,1557,360.0,598018,598240,598456,598758,222,216,302,0.8388888888888889,597928,598546,598668,598848,0,0.0,False,False
5901,201_01558,201,1558,360.0,598240,598456,598758,599023,216,302,265,0.7361111111111112,598150,598848,598933,599113,0,0.0,False,False
5902,201_01559,201,1559,360.0,598456,598758,599023,599282,302,265,259,0.7194444444444444,598366,599113,599192,599372,0,0.0,False,False
5903,201_01560,201,1560,360.0,598758,599023,599282,599443,265,259,161,0.44722222222222224,598668,599372,599353,599533,19,0.10555555555555556,True,False
5904,201_01561,201,1561,360.0,599023,599282,599443,599665,259,161,222,0.6166666666666667,598933,599533,599575,599755,0,0.0,False,False
5905,201_01562,201,1562,360.0,599282,599443,599665,599825,161,222,160,0.4444444444444444,599192,599755,599735,599915,20,0.1111111111111111,True,False
5906,201_01563,201,1563,360.0,599443,599665,599825,600116,222,160,291,0.8083333333333333,599353,599915,600026,600206,0,0.0,False,False
5907,201_01564,201,1564,360.0,599665,599825,600116,600371,160,291,255,0.7083333333333334,599575,600206,600281,600461,0,0.0,False,False
5908,201_01565,201,1565,360.0,599825,600116,600371,600563,291,255,192,0.5333333333333333,599735,600461,600473,600653,0,0.0,False,False
5909,201_01566,201,1566,360.0,600116,600371,600563,600872,255,192,309,0.8583333333333333,600026,600653,600782,600962,0,0.0,False,False
5910,201_01567,201,1567,360.0,600371,600563,600872,601127,192,309,255,0.7083333333333334,600281,600962,601037,601217,0,0.0,False,False
5911,201_01568,201,1568,360.0,600563,600872,601127,601423,309,255,296,0.8222222222222222,600473,601217,601333,601513,0,0.0,False,False
5912,201_01569,201,1569,360.0,600872,601127,601423,601709,255,296,286,0.7944444444444444,600782,601513,601619,601799,0,0.0,False,False
5913,201_01570,201,1570,360.0,601127,601423,601709,601923,296,286,214,0.5944444444444444,601037,601799,601833,602013,0,0.0,False,False
5914,201_01571,201,1571,360.0,601423,601709,601923,602182,286,214,259,0.7194444444444444,601333,602013,602092,602272,0,0.0,False,False
5915,201_01572,201,1572,360.0,601709,601923,602182,602370,214,259,188,0.5222222222222223,601619,602272,602280,602460,0,0.0,False,False
5916,201_01573,201,1573,360.0,601923,602182,602370,602590,259,188,220,0.6111111111111112,601833,602460,602500,602680,0,0.0,False,False
5917,201_01574,201,1574,360.0,602182,602370,602590,602766,188,220,176,0.4888888888888889,602092,602680,602676,602856,4,0.022222222222222223,True,False
5918,201_01575,201,1575,360.0,602370,602590,602766,602915,220,176,149,0.41388888888888886,602280,602856,602825,603005,31,0.17222222222222222,True,False
5919,201_01576,201,1576,360.0,602590,602766,602915,603140,176,149,225,0.625,602500,603005,603050,603230,0,0.0,False,False
5920,201_01577,201,1577,360.0,602766,602915,603140,603403,149,225,263,0.7305555555555555,602676,603230,603313,603493,0,0.0,False,False
5921,201_01578,201,1578,360.0,602915,603140,603403,603669,225,263,266,0.7388888888888889,602825,603493,603579,603759,0,0.0,False,False
5922,201_01579,201,1579,360.0,603140,603403,603669,603911,263,266,242,0.6722222222222223,603050,603759,603821,604001,0,0.0,False,False
5923,201_01580,201,1580,360.0,603403,603669,603911,604096,266,242,185,0.5138888888888888,603313,604001,604006,604186,0,0.0,False,False
5924,201_01581,201,1581,360.0,603669,603911,604096,604360,242,185,264,0.7333333333333333,603579,604186,604270,604450,0,0.0,False,False
5925,201_01582,201,1582,360.0,603911,604096,604360,604530,185,264,170,0.4722222222222222,603821,604450,604440,604620,10,0.05555555555555555,True,False
5926,201_01583,201,1583,360.0,604096,604360,604530,604764,264,170,234,0.65,604006,604620,604674,604854,0,0.0,False,False
5927,201_01584,201,1584,360.0,604360,604530,604764,604995,170,234,231,0.6416666666666667,604270,604854,604905,605085,0,0.0,False,False
5928,201_01585,201,1585,360.0,604530,604764,604995,605234,234,231,239,0.6638888888888889,604440,605085,605144,605324,0,0.0,False,False
5929,201_01586,201,1586,360.0,604764,604995,605234,605478,231,239,244,0.6777777777777778,604674,605324,605388,605568,0,0.0,False,False
5930,201_01587,201,1587,360.0,604995,605234,605478,605715,239,244,237,0.6583333333333333,604905,605568,605625,605805,0,0.0,False,False
5931,201_01588,201,1588,360.0,605234,605478,605715,605974,244,237,259,0.7194444444444444,605144,605805,605884,606064,0,0.0,False,False
5932,201_01589,201,1589,360.0,605478,605715,605974,606196,237,259,222,0.6166666666666667,605388,606064,606106,606286,0,0.0,False,False
5933,201_01590,201,1590,360.0,605715,605974,606196,606428,259,222,232,0.6444444444444445,605625,606286,606338,606518,0,0.0,False,False
5934,201_01591,201,1591,360.0,605974,606196,606428,606634,222,232,206,0.5722222222222222,605884,606518,606544,606724,0,0.0,False,False
5935,201_01592,201,1592,360.0,606196,606428,606634,606868,232,206,234,0.65,606106,606724,606778,606958,0,0.0,False,False
5936,201_01593,201,1593,360.0,606428,606634,606868,607020,206,234,152,0.4222222222222222,606338,606958,606930,607110,28,0.15555555555555556,True,False
5937,201_01594,201,1594,360.0,606634,606868,607020,607198,234,152,178,0.49444444444444446,606544,607110,607108,607288,2,0.011111111111111112,True,False
5938,201_01595,201,1595,360.0,606868,607020,607198,607417,152,178,219,0.6083333333333333,606778,607288,607327,607507,0,0.0,False,False
5939,201_01596,201,1596,360.0,607020,607198,607417,607560,178,219,143,0.3972222222222222,606930,607507,607470,607650,37,0.20555555555555555,True,False
5940,201_01597,201,1597,360.0,607198,607417,607560,607794,219,143,234,0.65,607108,607650,607704,607884,0,0.0,False,False
5941,201_01598,201,1598,360.0,607417,607560,607794,608070,143,234,276,0.7666666666666667,607327,607884,607980,608160,0,0.0,False,False
5942,201_01599,201,1599,360.0,607560,607794,608070,608312,234,276,242,0.6722222222222223,607470,608160,608222,608402,0,0.0,False,False
5943,201_01600,201,1600,360.0,607794,608070,608312,608552,276,242,240,0.6666666666666666,607704,608402,608462,608642,0,0.0,False,False
5944,201_01601,201,1601,360.0,608070,608312,608552,608865,242,240,313,0.8694444444444445,607980,608642,608775,608955,0,0.0,False,False
5945,201_01602,201,1602,360.0,608312,608552,608865,609089,240,313,224,0.6222222222222222,608222,608955,608999,609179,0,0.0,False,False
5946,201_01603,201,1603,360.0,608552,608865,609089,609339,313,224,250,0.6944444444444444,608462,609179,609249,609429,0,0.0,False,False
5947,201_01604,201,1604,360.0,608865,609089,609339,609561,224,250,222,0.6166666666666667,608775,609429,609471,609651,0,0.0,False,False
5948,201_01605,201,1605,360.0,609089,609339,609561,609830,250,222,269,0.7472222222222222,608999,609651,609740,609920,0,0.0,False,False
5949,201_01606,201,1606,360.0,609339,609561,609830,610137,222,269,307,0.8527777777777777,609249,609920,610047,610227,0,0.0,False,False
5950,201_01607,201,1607,360.0,609561,609830,610137,610404,269,307,267,0.7416666666666667,609471,610227,610314,610494,0,0.0,False,False
5951,201_01608,201,1608,360.0,609830,610137,610404,610565,307,267,161,0.44722222222222224,609740,610494,610475,610655,19,0.10555555555555556,True,False
5952,201_01609,201,1609,360.0,610137,610404,610565,610811,267,161,246,0.6833333333333333,610047,610655,610721,610901,0,0.0,False,False
5953,201_01610,201,1610,360.0,610404,610565,610811,611033,161,246,222,0.6166666666666667,610314,610901,610943,611123,0,0.0,False,False
5954,201_01611,201,1611,360.0,610565,610811,611033,611316,246,222,283,0.7861111111111111,610475,611123,611226,611406,0,0.0,False,False
5955,201_01612,201,1612,360.0,610811,611033,611316,611597,222,283,281,0.7805555555555556,610721,611406,611507,611687,0,0.0,False,False
5956,201_01613,201,1613,360.0,611033,611316,611597,611832,283,281,235,0.6527777777777778,610943,611687,611742,611922,0,0.0,False,False
5957,201_01614,201,1614,360.0,611316,611597,611832,612135,281,235,303,0.8416666666666667,611226,611922,612045,612225,0,0.0,False,False
5958,201_01615,201,1615,360.0,611597,611832,612135,612401,235,303,266,0.7388888888888889,611507,612225,612311,612491,0,0.0,False,False
5959,201_01616,201,1616,360.0,611832,612135,612401,612718,303,266,317,0.8805555555555555,611742,612491,612628,612808,0,0.0,False,False
5960,201_01617,201,1617,360.0,612135,612401,612718,612980,266,317,262,0.7277777777777777,612045,612808,612890,613070,0,0.0,False,False
5961,201_01618,201,1618,360.0,612401,612718,612980,613186,317,262,206,0.5722222222222222,612311,613070,613096,613276,0,0.0,False,False
5962,201_01619,201,1619,360.0,612718,612980,613186,613390,262,206,204,0.5666666666666667,612628,613276,613300,613480,0,0.0,False,False
5963,201_01620,201,1620,360.0,612980,613186,613390,613578,206,204,188,0.5222222222222223,612890,613480,613488,613668,0,0.0,False,False
5964,201_01621,201,1621,360.0,613186,613390,613578,613793,204,188,215,0.5972222222222222,613096,613668,613703,613883,0,0.0,False,False
5965,201_01622,201,1622,360.0,613390,613578,613793,614110,188,215,317,0.8805555555555555,613300,613883,614020,614200,0,0.0,False,False
5966,201_01623,201,1623,360.0,613578,613793,614110,614274,215,317,164,0.45555555555555555,613488,614200,614184,614364,16,0.08888888888888889,True,False
5967,201_01624,201,1624,360.0,613793,614110,614274,614517,317,164,243,0.675,613703,614364,614427,614607,0,0.0,False,False
5968,201_01625,201,1625,360.0,614110,614274,614517,614734,164,243,217,0.6027777777777777,614020,614607,614644,614824,0,0.0,False,False
5969,201_01626,201,1626,360.0,614274,614517,614734,614944,243,217,210,0.5833333333333334,614184,614824,614854,615034,0,0.0,False,False
5970,201_01627,201,1627,360.0,614517,614734,614944,615121,217,210,177,0.49166666666666664,614427,615034,615031,615211,3,0.016666666666666666,True,False
5971,201_01628,201,1628,360.0,614734,614944,615121,615257,210,177,136,0.37777777777777777,614644,615211,615167,615347,44,0.24444444444444444,True,False
5972,201_01629,201,1629,360.0,614944,615121,615257,615518,177,136,261,0.725,614854,615347,615428,615608,0,0.0,False,False
5973,201_01630,201,1630,360.0,615121,615257,615518,615798,136,261,280,0.7777777777777778,615031,615608,615708,615888,0,0.0,False,False
5974,201_01631,201,1631,360.0,615257,615518,615798,615979,261,280,181,0.5027777777777778,615167,615888,615889,616069,0,0.0,False,False
5975,201_01632,201,1632,360.0,615518,615798,615979,616224,280,181,245,0.6805555555555556,615428,616069,616134,616314,0,0.0,False,False
5976,201_01633,201,1633,360.0,615798,615979,616224,616469,181,245,245,0.6805555555555556,615708,616314,616379,616559,0,0.0,False,False
5977,201_01634,201,1634,360.0,615979,616224,616469,616725,245,245,256,0.7111111111111111,615889,616559,616635,616815,0,0.0,False,False
5978,201_01635,201,1635,360.0,616224,616469,616725,616965,245,256,240,0.6666666666666666,616134,616815,616875,617055,0,0.0,False,False
5979,201_01636,201,1636,360.0,616469,616725,616965,617135,256,240,170,0.4722222222222222,616379,617055,617045,617225,10,0.05555555555555555,True,False
5980,201_01637,201,1637,360.0,616725,616965,617135,617443,240,170,308,0.8555555555555555,616635,617225,617353,617533,0,0.0,False,False
5981,201_01638,201,1638,360.0,616965,617135,617443,617662,170,308,219,0.6083333333333333,616875,617533,617572,617752,0,0.0,False,False
5982,201_01639,201,1639,360.0,617135,617443,617662,617951,308,219,289,0.8027777777777778,617045,617752,617861,618041,0,0.0,False,False
5983,201_01640,201,1640,360.0,617443,617662,617951,618146,219,289,195,0.5416666666666666,617353,618041,618056,618236,0,0.0,False,False
5984,201_01641,201,1641,360.0,617662,617951,618146,618305,289,195,159,0.44166666666666665,617572,618236,618215,618395,21,0.11666666666666667,True,False
5985,201_01642,201,1642,360.0,617951,618146,618305,618575,195,159,270,0.75,617861,618395,618485,618665,0,0.0,False,False
5986,201_01643,201,1643,360.0,618146,618305,618575,618816,159,270,241,0.6694444444444444,618056,618665,618726,618906,0,0.0,False,False
5987,201_01644,201,1644,360.0,618305,618575,618816,619015,270,241,199,0.5527777777777778,618215,618906,618925,619105,0,0.0,False,False
5988,201_01645,201,1645,360.0,618575,618816,619015,619221,241,199,206,0.5722222222222222,618485,619105,619131,619311,0,0.0,False,False
5989,201_01646,201,1646,360.0,618816,619015,619221,619444,199,206,223,0.6194444444444445,618726,619311,619354,619534,0,0.0,False,False
5990,201_01647,201,1647,360.0,619015,619221,619444,619680,206,223,236,0.6555555555555556,618925,619534,619590,619770,0,0.0,False,False
5991,201_01648,201,1648,360.0,619221,619444,619680,619858,223,236,178,0.49444444444444446,619131,619770,619768,619948,2,0.011111111111111112,True,False
5992,201_01649,201,1649,360.0,619444,619680,619858,620051,236,178,193,0.5361111111111111,619354,619948,619961,620141,0,0.0,False,False
5993,201_01650,201,1650,360.0,619680,619858,620051,620226,178,193,175,0.4861111111111111,619590,620141,620136,620316,5,0.027777777777777776,True,False
5994,201_01651,201,1651,360.0,619858,620051,620226,620464,193,175,238,0.6611111111111111,619768,620316,620374,620554,0,0.0,False,False
5995,201_01652,201,1652,360.0,620051,620226,620464,620739,175,238,275,0.7638888888888888,619961,620554,620649,620829,0,0.0,False,False
5996,201_01653,201,1653,360.0,620226,620464,620739,620973,238,275,234,0.65,620136,620829,620883,621063,0,0.0,False,False
5997,201_01654,201,1654,360.0,620464,620739,620973,621242,275,234,269,0.7472222222222222,620374,621063,621152,621332,0,0.0,False,False
5998,201_01655,201,1655,360.0,620739,620973,621242,621401,234,269,159,0.44166666666666665,620649,621332,621311,621491,21,0.11666666666666667,True,False
5999,201_01656,201,1656,360.0,620973,621242,621401,621626,269,159,225,0.625,620883,621491,621536,621716,0,0.0,False,False
6000,201_01657,201,1657,360.0,621242,621401,621626,621878,159,225,252,0.7,621152,621716,621788,621968,0,0.0,False,False
6001,201_01658,201,1658,360.0,621401,621626,621878,622143,225,252,265,0.7361111111111112,621311,621968,622053,622233,0,0.0,False,False
6002,201_01659,201,1659,360.0,621626,621878,622143,622408,252,265,265,0.7361111111111112,621536,622233,622318,622498,0,0.0,False,False
6003,201_01660,201,1660,360.0,621878,622143,622408,622632,265,265,224,0.6222222222222222,621788,622498,622542,622722,0,0.0,False,False
6004,201_01661,201,1661,360.0,622143,622408,622632,622849,265,224,217,0.6027777777777777,622053,622722,622759,622939,0,0.0,False,False
6005,201_01662,201,1662,360.0,622408,622632,622849,623042,224,217,193,0.5361111111111111,622318,622939,622952,623132,0,0.0,False,False
6006,201_01663,201,1663,360.0,622632,622849,623042,623293,217,193,251,0.6972222222222222,622542,623132,623203,623383,0,0.0,False,False
6007,201_01664,201,1664,360.0,622849,623042,623293,623460,193,251,167,0.4638888888888889,622759,623383,623370,623550,13,0.07222222222222222,True,False
6008,201_01665,201,1665,360.0,623042,623293,623460,623679,251,167,219,0.6083333333333333,622952,623550,623589,623769,0,0.0,False,False
6009,201_01666,201,1666,360.0,623293,623460,623679,623912,167,219,233,0.6472222222222223,623203,623769,623822,624002,0,0.0,False,False
6010,201_01667,201,1667,360.0,623460,623679,623912,624146,219,233,234,0.65,623370,624002,624056,624236,0,0.0,False,False
6011,201_01668,201,1668,360.0,623679,623912,624146,624350,233,234,204,0.5666666666666667,623589,624236,624260,624440,0,0.0,False,False
6012,201_01669,201,1669,360.0,623912,624146,624350,624580,234,204,230,0.6388888888888888,623822,624440,624490,624670,0,0.0,False,False
6013,201_01670,201,1670,360.0,624146,624350,624580,624829,204,230,249,0.6916666666666667,624056,624670,624739,624919,0,0.0,False,False
6014,201_01671,201,1671,360.0,624350,624580,624829,625128,230,249,299,0.8305555555555556,624260,624919,625038,625218,0,0.0,False,False
6015,201_01672,201,1672,360.0,624580,624829,625128,625473,249,299,345,0.9583333333333334,624490,625218,625383,625563,0,0.0,False,False
6016,201_01673,201,1673,360.0,624829,625128,625473,625718,299,345,245,0.6805555555555556,624739,625563,625628,625808,0,0.0,False,False
6017,201_01674,201,1674,360.0,625128,625473,625718,625928,345,245,210,0.5833333333333334,625038,625808,625838,626018,0,0.0,False,False
6018,201_01675,201,1675,360.0,625473,625718,625928,626181,245,210,253,0.7027777777777777,625383,626018,626091,626271,0,0.0,False,False
6019,201_01676,201,1676,360.0,625718,625928,626181,626424,210,253,243,0.675,625628,626271,626334,626514,0,0.0,False,False
6020,201_01677,201,1677,360.0,625928,626181,626424,626587,253,243,163,0.4527777777777778,625838,626514,626497,626677,17,0.09444444444444444,True,False
6021,201_01678,201,1678,360.0,626181,626424,626587,626829,243,163,242,0.6722222222222223,626091,626677,626739,626919,0,0.0,False,False
6022,201_01679,201,1679,360.0,626424,626587,626829,627023,163,242,194,0.5388888888888889,626334,626919,626933,627113,0,0.0,False,False
6023,201_01680,201,1680,360.0,626587,626829,627023,627197,242,194,174,0.48333333333333334,626497,627113,627107,627287,6,0.03333333333333333,True,False
6024,201_01681,201,1681,360.0,626829,627023,627197,627460,194,174,263,0.7305555555555555,626739,627287,627370,627550,0,0.0,False,False
6025,201_01682,201,1682,360.0,627023,627197,627460,627708,174,263,248,0.6888888888888889,626933,627550,627618,627798,0,0.0,False,False
6026,201_01683,201,1683,360.0,627197,627460,627708,627880,263,248,172,0.4777777777777778,627107,627798,627790,627970,8,0.044444444444444446,True,False
6027,201_01684,201,1684,360.0,627460,627708,627880,628312,248,172,432,1.2,627370,627970,628222,628402,0,0.0,False,False
6028,201_01685,201,1685,360.0,627708,627880,628312,628530,172,432,218,0.6055555555555555,627618,628402,628440,628620,0,0.0,False,False
6029,201_01686,201,1686,360.0,627880,628312,628530,628701,432,218,171,0.475,627790,628620,628611,628791,9,0.05,True,False
6030,201_01687,201,1687,360.0,628312,628530,628701,628905,218,171,204,0.5666666666666667,628222,628791,628815,628995,0,0.0,False,False
6031,201_01688,201,1688,360.0,628530,628701,628905,629130,171,204,225,0.625,628440,628995,629040,629220,0,0.0,False,False
6032,201_01689,201,1689,360.0,628701,628905,629130,629324,204,225,194,0.5388888888888889,628611,629220,629234,629414,0,0.0,False,False
6033,201_01690,201,1690,360.0,628905,629130,629324,629624,225,194,300,0.8333333333333334,628815,629414,629534,629714,0,0.0,False,False
6034,201_01691,201,1691,360.0,629130,629324,629624,629796,194,300,172,0.4777777777777778,629040,629714,629706,629886,8,0.044444444444444446,True,False
6035,201_01692,201,1692,360.0,629324,629624,629796,630031,300,172,235,0.6527777777777778,629234,629886,629941,630121,0,0.0,False,False
6036,201_01693,201,1693,360.0,629624,629796,630031,630291,172,235,260,0.7222222222222222,629534,630121,630201,630381,0,0.0,False,False
6037,201_01694,201,1694,360.0,629796,630031,630291,630459,235,260,168,0.4666666666666667,629706,630381,630369,630549,12,0.06666666666666667,True,False
6038,201_01695,201,1695,360.0,630031,630291,630459,630733,260,168,274,0.7611111111111111,629941,630549,630643,630823,0,0.0,False,False
6039,201_01696,201,1696,360.0,630291,630459,630733,630954,168,274,221,0.6138888888888889,630201,630823,630864,631044,0,0.0,False,False
6040,201_01697,201,1697,360.0,630459,630733,630954,631221,274,221,267,0.7416666666666667,630369,631044,631131,631311,0,0.0,False,False
6041,201_01698,201,1698,360.0,630733,630954,631221,631391,221,267,170,0.4722222222222222,630643,631311,631301,631481,10,0.05555555555555555,True,False
6042,201_01699,201,1699,360.0,630954,631221,631391,631556,267,170,165,0.4583333333333333,630864,631481,631466,631646,15,0.08333333333333333,True,False
6043,201_01700,201,1700,360.0,631221,631391,631556,631814,170,165,258,0.7166666666666667,631131,631646,631724,631904,0,0.0,False,False
6044,201_01701,201,1701,360.0,631391,631556,631814,632076,165,258,262,0.7277777777777777,631301,631904,631986,632166,0,0.0,False,False
6045,201_01702,201,1702,360.0,631556,631814,632076,632361,258,262,285,0.7916666666666666,631466,632166,632271,632451,0,0.0,False,False
6046,201_01703,201,1703,360.0,631814,632076,632361,632617,262,285,256,0.7111111111111111,631724,632451,632527,632707,0,0.0,False,False
6047,201_01704,201,1704,360.0,632076,632361,632617,632776,285,256,159,0.44166666666666665,631986,632707,632686,632866,21,0.11666666666666667,True,False
6048,201_01705,201,1705,360.0,632361,632617,632776,633008,256,159,232,0.6444444444444445,632271,632866,632918,633098,0,0.0,False,False
6049,201_01706,201,1706,360.0,632617,632776,633008,633285,159,232,277,0.7694444444444445,632527,633098,633195,633375,0,0.0,False,False
6050,201_01707,201,1707,360.0,632776,633008,633285,633503,232,277,218,0.6055555555555555,632686,633375,633413,633593,0,0.0,False,False
6051,201_01708,201,1708,360.0,633008,633285,633503,633736,277,218,233,0.6472222222222223,632918,633593,633646,633826,0,0.0,False,False
6052,201_01709,201,1709,360.0,633285,633503,633736,634015,218,233,279,0.775,633195,633826,633925,634105,0,0.0,False,False
6053,201_01710,201,1710,360.0,633503,633736,634015,634386,233,279,371,1.0305555555555554,633413,634105,634296,634476,0,0.0,False,False
6054,201_01711,201,1711,360.0,633736,634015,634386,634669,279,371,283,0.7861111111111111,633646,634476,634579,634759,0,0.0,False,False
6055,201_01712,201,1712,360.0,634015,634386,634669,634922,371,283,253,0.7027777777777777,633925,634759,634832,635012,0,0.0,False,False
6056,201_01713,201,1713,360.0,634386,634669,634922,635208,283,253,286,0.7944444444444444,634296,635012,635118,635298,0,0.0,False,False
6057,201_01714,201,1714,360.0,634669,634922,635208,635493,253,286,285,0.7916666666666666,634579,635298,635403,635583,0,0.0,False,False
6058,201_01715,201,1715,360.0,634922,635208,635493,635666,286,285,173,0.48055555555555557,634832,635583,635576,635756,7,0.03888888888888889,True,False
6059,201_01716,201,1716,360.0,635208,635493,635666,635838,285,173,172,0.4777777777777778,635118,635756,635748,635928,8,0.044444444444444446,True,False
6060,201_01717,201,1717,360.0,635493,635666,635838,636101,173,172,263,0.7305555555555555,635403,635928,636011,636191,0,0.0,False,False
6061,201_01718,201,1718,360.0,635666,635838,636101,636350,172,263,249,0.6916666666666667,635576,636191,636260,636440,0,0.0,False,False
6062,201_01719,201,1719,360.0,635838,636101,636350,636652,263,249,302,0.8388888888888889,635748,636440,636562,636742,0,0.0,False,False
6063,201_01720,201,1720,360.0,636101,636350,636652,636907,249,302,255,0.7083333333333334,636011,636742,636817,636997,0,0.0,False,False
6064,201_01721,201,1721,360.0,636350,636652,636907,637281,302,255,374,1.038888888888889,636260,636997,637191,637371,0,0.0,False,False
6065,201_01722,201,1722,360.0,636652,636907,637281,637523,255,374,242,0.6722222222222223,636562,637371,637433,637613,0,0.0,False,False
6066,201_01723,201,1723,360.0,636907,637281,637523,637694,374,242,171,0.475,636817,637613,637604,637784,9,0.05,True,False
6067,201_01724,201,1724,360.0,637281,637523,637694,637877,242,171,183,0.5083333333333333,637191,637784,637787,637967,0,0.0,False,False
6068,201_01725,201,1725,360.0,637523,637694,637877,638103,171,183,226,0.6277777777777778,637433,637967,638013,638193,0,0.0,False,False
6069,201_01726,201,1726,360.0,637694,637877,638103,638295,183,226,192,0.5333333333333333,637604,638193,638205,638385,0,0.0,False,False
6070,201_01727,201,1727,360.0,637877,638103,638295,638532,226,192,237,0.6583333333333333,637787,638385,638442,638622,0,0.0,False,False
6071,201_01728,201,1728,360.0,638103,638295,638532,638710,192,237,178,0.49444444444444446,638013,638622,638620,638800,2,0.011111111111111112,True,False
6072,201_01729,201,1729,360.0,638295,638532,638710,638929,237,178,219,0.6083333333333333,638205,638800,638839,639019,0,0.0,False,False
6073,201_01730,201,1730,360.0,638532,638710,638929,639138,178,219,209,0.5805555555555556,638442,639019,639048,639228,0,0.0,False,False
6074,201_01731,201,1731,360.0,638710,638929,639138,639365,219,209,227,0.6305555555555555,638620,639228,639275,639455,0,0.0,False,False
6075,201_01732,201,1732,360.0,638929,639138,639365,639629,209,227,264,0.7333333333333333,638839,639455,639539,639719,0,0.0,False,False
6076,201_01733,201,1733,360.0,639138,639365,639629,639845,227,264,216,0.6,639048,639719,639755,639935,0,0.0,False,False
6077,201_01734,201,1734,360.0,639365,639629,639845,639996,264,216,151,0.41944444444444445,639275,639935,639906,640086,29,0.16111111111111112,True,False
6078,201_01735,201,1735,360.0,639629,639845,639996,640259,216,151,263,0.7305555555555555,639539,640086,640169,640349,0,0.0,False,False
6079,201_01736,201,1736,360.0,639845,639996,640259,640522,151,263,263,0.7305555555555555,639755,640349,640432,640612,0,0.0,False,False
6080,201_01737,201,1737,360.0,639996,640259,640522,640791,263,263,269,0.7472222222222222,639906,640612,640701,640881,0,0.0,False,False
6081,201_01738,201,1738,360.0,640259,640522,640791,641018,263,269,227,0.6305555555555555,640169,640881,640928,641108,0,0.0,False,False
6082,201_01739,201,1739,360.0,640522,640791,641018,641205,269,227,187,0.5194444444444445,640432,641108,641115,641295,0,0.0,False,False
6083,201_01740,201,1740,360.0,640791,641018,641205,641542,227,187,337,0.9361111111111111,640701,641295,641452,641632,0,0.0,False,False
6084,201_01741,201,1741,360.0,641018,641205,641542,641821,187,337,279,0.775,640928,641632,641731,641911,0,0.0,False,False
6085,201_01742,201,1742,360.0,641205,641542,641821,642037,337,279,216,0.6,641115,641911,641947,642127,0,0.0,False,False
6086,201_01743,201,1743,360.0,641542,641821,642037,642306,279,216,269,0.7472222222222222,641452,642127,642216,642396,0,0.0,False,False
6087,201_01744,201,1744,360.0,641821,642037,642306,642495,216,269,189,0.525,641731,642396,642405,642585,0,0.0,False,False
6088,201_01745,201,1745,360.0,642037,642306,642495,642734,269,189,239,0.6638888888888889,641947,642585,642644,642824,0,0.0,False,False
6089,201_01746,201,1746,360.0,642306,642495,642734,642969,189,239,235,0.6527777777777778,642216,642824,642879,643059,0,0.0,False,False
6090,201_01747,201,1747,360.0,642495,642734,642969,643236,239,235,267,0.7416666666666667,642405,643059,643146,643326,0,0.0,False,False
6091,201_01748,201,1748,360.0,642734,642969,643236,644594,235,267,1358,3.772222222222222,642644,643326,644504,644684,0,0.0,False,False
6092,201_01749,201,1749,360.0,642969,643236,644594,645177,267,1358,583,1.6194444444444445,642879,644684,645087,645267,0,0.0,False,False
6093,201_01750,201,1750,360.0,643236,644594,645177,645802,1358,583,625,1.7361111111111112,643146,645267,645712,645892,0,0.0,False,False
6094,201_01751,201,1751,360.0,644594,645177,645802,646051,583,625,249,0.6916666666666667,644504,645892,645961,646141,0,0.0,False,False
6095,201_01752,201,1752,360.0,645177,645802,646051,646519,625,249,468,1.3,645087,646141,646429,646609,0,0.0,False,False
6096,201_01753,201,1753,360.0,645802,646051,646519,646690,249,468,171,0.475,645712,646609,646600,646780,9,0.05,True,False
6097,201_01754,201,1754,360.0,646051,646519,646690,647249,468,171,559,1.5527777777777778,645961,646780,647159,647339,0,0.0,False,False
6098,201_01755,201,1755,360.0,646519,646690,647249,647965,171,559,716,1.988888888888889,646429,647339,647875,648055,0,0.0,False,False
6099,201_01756,201,1756,360.0,646690,647249,647965,648419,559,716,454,1.261111111111111,646600,648055,648329,648509,0,0.0,False,False
6100,201_01757,201,1757,360.0,647249,647965,648419,648594,716,454,175,0.4861111111111111,647159,648509,648504,648684,5,0.027777777777777776,True,False
6101,201_01758,201,1758,360.0,647965,648419,648594,649104,454,175,510,1.4166666666666667,647875,648684,649014,649194,0,0.0,False,False
6102,201_01759,201,1759,360.0,648419,648594,649104,649800,175,510,696,1.9333333333333333,648329,649194,649710,649890,0,0.0,False,False
